x,y,theta
6.052703922019303e-05,4.978979167574435e-07,5.2591337050854056e-05
6.05849250257178e-05,5.40857569818832e-07,5.2610231604334594e-05
6.059734192762434e-05,4.89903506527259e-07,5.2685908870224484e-05
6.0576047352348026e-05,3.748738233039586e-07,5.280533264204454e-05
6.0508362284371885e-05,2.759028330560536e-07,5.290723104184523e-05
6.047163372437994e-05,2.7940337112477634e-07,5.2950448100435344e-05
6.04197746027097e-05,4.089439032049481e-07,5.2909533851763907e-05
6.0430857343432056e-05,5.155856231005113e-07,5.2882959180894446e-05
6.0475384950949467e-05,5.994764569546656e-07,5.2876970042879986e-05
6.052644196074268e-05,5.400688035892485e-07,5.294880714376349e-05
6.0563642586738813e-05,4.0539547648082965e-07,5.3083381556753356e-05
6.054933172958156e-05,2.779561901211168e-07,5.320431861235391e-05
6.055141286999974e-05,2.2697210609310612e-07,5.3282766476928445e-05
6.0542030959987806e-05,3.360504378013301e-07,5.325965529275522e-05
6.052146877098113e-05,5.244694320540455e-07,5.3182231342921524e-05
6.049084665945392e-05,6.545791731307148e-07,5.314267052656812e-05
6.047202983706793e-05,6.130276580184707e-07,5.321122879693663e-05
6.0470603978776425e-05,4.5658089416478564e-07,5.335361273963375e-05
6.043128233405295e-05,2.9654255045201026e-07,5.349762623187791e-05
6.0446637086447904e-05,2.3991883702310945e-07,5.357581846610113e-05
6.0490760248441225e-05,2.956875788727726e-07,5.3580439712344496e-05
6.049854659062862e-05,3.899651194952553e-07,5.3565882248465954e-05
6.0479959339684876e-05,5.030148160766071e-07,5.353893125805725e-05
6.047862606121553e-05,5.530098219100525e-07,5.3548201949639035e-05
6.0484936437756994e-05,5.40297579114895e-07,5.360065550924592e-05
6.0469036003661634e-05,5.008282136565102e-07,5.366812070761211e-05
6.046147390031742e-05,4.313961273317779e-07,5.375621533891984e-05
6.046165763662397e-05,4.1995511863097277e-07,5.3807397117998053e-05
6.0457393970247885e-05,4.521850636566769e-07,5.3830252568611314e-05
6.0440966965664235e-05,4.7642552032056993e-07,5.385823810170999e-05
6.051739418650132e-05,4.902872957892321e-07,5.389169981362114e-05
6.061999764662415e-05,4.955532478415426e-07,5.392917545610768e-05
6.0621328400076475e-05,5.00589384342822e-07,5.397359077399781e-05
6.059823458756519e-05,4.742646302471003e-07,5.403163169436762e-05
6.0552433043335497e-05,4.218032920910757e-07,5.410960301351838e-05
6.046163180316006e-05,3.7516911643581556e-07,5.418054259175723e-05
6.036667247531969e-05,3.566145726705099e-07,5.423491256942713e-05
6.031707512924401e-05,4.014379347947171e-07,5.424955403101618e-05
6.0365889330234274e-05,4.5954521056726453e-07,5.4253917011294526e-05
6.04937474562296e-05,5.005335404999721e-07,5.427033455116883e-05
6.0559299670514675e-05,4.85151253317171e-07,5.432426547009746e-05
6.0583651633064314e-05,4.6142441678974985e-07,5.438619446128576e-05
6.0555900521430664e-05,4.350790030464046e-07,5.44456326478598e-05
6.0484170882916276e-05,4.099168210437568e-07,5.4503386809187446e-05
6.036792473705306e-05,3.8625000507505567e-07,5.456166253903835e-05
6.03025503816558e-05,4.1098838590471967e-07,5.4588242719861e-05
6.027711857294596e-05,4.320699040007844e-07,5.461750996589979e-05
6.030015208949872e-05,4.4592654979036295e-07,5.4652118510269e-05
6.0318768310713574e-05,4.5527386331903444e-07,5.4690690650934e-05
6.043955811832821e-05,4.5716867897478974e-07,5.4728757209615446e-05
6.0499156042928604e-05,4.572034524753347e-07,5.477485848160416e-05
6.0511415507876665e-05,4.528622346063167e-07,5.481916955028695e-05
6.047749346732851e-05,4.4569612141976257e-07,5.486743980990839e-05
6.039819908494247e-05,4.3630091500578184e-07,5.4915998308826114e-05
6.0354890752891395e-05,4.690941594203409e-07,5.493878630350259e-05
6.04161940035958e-05,4.965330681358446e-07,5.4960689884076877e-05
6.044629745229623e-05,5.172817362488074e-07,5.49932730676048e-05
6.046507798482311e-05,5.222950649310797e-07,5.5033935458223334e-05
6.049626532047216e-05,4.4812514297251716e-07,5.5123823653532335e-05
6.0502753792373956e-05,3.5702472412892327e-07,5.5226066977054914e-05
6.046302735312514e-05,2.791378607801202e-07,5.53162069204489e-05
6.041083197987017e-05,2.3902224866097065e-07,5.538463872252191e-05
6.0378509181427555e-05,3.4072004989252726e-07,5.536709088148832e-05
6.032284926817478e-05,4.797723732014565e-07,5.5317969907176776e-05
6.041950726435208e-05,5.886486636459283e-07,5.529240619858245e-05
6.045779196868886e-05,6.016803055221443e-07,5.532448576802804e-05
6.047860664424618e-05,5.319442918754493e-07,5.541550201322035e-05
6.046153051341855e-05,4.5181995061835296e-07,5.550949654799157e-05
6.0415065950496736e-05,3.877231150567804e-07,5.5591626426072774e-05
6.03780127167332e-05,3.8199992986734036e-07,5.5639563005672485e-05
6.035650042430425e-05,4.2072839587914803e-07,5.5658110531349876e-05
6.03766145701405e-05,4.501757750755801e-07,5.5681871526721015e-05
6.0383607003297216e-05,4.7112474367128626e-07,5.571475977156952e-05
6.034422232806786e-05,4.841535412170657e-07,5.574831461563472e-05
6.045947852314254e-05,4.883850372194055e-07,5.578424492195792e-05
6.0503476958197594e-05,4.699709427040302e-07,5.5838932277107634e-05
6.050847756783944e-05,4.157443634516571e-07,5.5920544948083295e-05
6.052024815909995e-05,3.893799954695403e-07,5.5982239168660124e-05
6.049320947119542e-05,3.923124597312303e-07,5.6020082027913076e-05
6.0420829473952083e-05,3.9198487438235273e-07,5.606461028663759e-05
6.034885531588257e-05,4.09578922016182e-07,5.609541843764156e-05
6.0347919273561526e-05,4.5103514810158013e-07,5.610814764310297e-05
6.03642668132729e-05,4.82002537974335e-07,5.6135124664987755e-05
6.0425588683971224e-05,5.029687246801116e-07,5.616387690607313e-05
6.043936553568285e-05,4.759445515720242e-07,5.622665185929263e-05
6.051223318777909e-05,4.3295286498259616e-07,5.6295449624349155e-05
6.062363573663415e-05,4.074892341231762e-07,5.635483290554017e-05
6.061852390190549e-05,4.731261985737928e-07,5.635743506501044e-05
6.054259926809469e-05,5.29415220287467e-07,5.6363364295627446e-05
6.04226572090385e-05,5.717151771553237e-07,5.6381642501462774e-05
6.03282122965639e-05,5.142306999410393e-07,5.6454493651235285e-05
6.026822316098963e-05,4.042774873306504e-07,5.656998755578027e-05
6.0279489025288285e-05,3.065293153152826e-07,5.667282228450662e-05
6.034613396555648e-05,3.080713883345405e-07,5.6717767722482076e-05
6.0399386708549774e-05,4.1303623936008436e-07,5.6697794718009495e-05
6.0469143846603174e-05,5.084315258442817e-07,5.66783833851901e-05
6.061092023725647e-05,5.659970518717345e-07,5.6684642759211214e-05
6.063463226994102e-05,5.211131490399964e-07,5.6755978672565454e-05
6.05825431026733e-05,4.7458585943537174e-07,5.682917800259771e-05
6.048599422683892e-05,4.32494255212313e-07,5.6897094153525655e-05
6.037497976755665e-05,4.0476710901825344e-07,5.695804067379131e-05
6.0301648338135915e-05,4.403717896621745e-07,5.697938638243424e-05
6.0284932703039423e-05,5.046672449714481e-07,5.6980800215877814e-05
6.032545532445102e-05,5.521586667794113e-07,5.6996515292829234e-05
6.036184636768566e-05,5.548709932659648e-07,5.7035135557558314e-05
6.040477251657408e-05,5.030248093006752e-07,5.7112144555938635e-05
6.0416844691543185e-05,4.361499184433221e-07,5.719957036806189e-05
6.0389987054566615e-05,3.8021002132982734e-07,5.7276154888022504e-05
6.033693236812942e-05,4.2135677644786143e-07,5.729788670518506e-05
6.041591925524215e-05,4.665764754137747e-07,5.730406404916833e-05
6.0477320690928e-05,5.000723580885853e-07,5.732919372890422e-05
6.043860463197349e-05,5.286357870495886e-07,5.7357200568071056e-05
6.0447909641051e-05,5.444774915774647e-07,5.7388485091597926e-05
6.0535020947293076e-05,5.508462566306573e-07,5.74249951812565e-05
6.052177614312212e-05,5.552122073637071e-07,5.746903914570571e-05
6.047254579810215e-05,5.544347044542798e-07,5.7512924412808034e-05
6.043611812853169e-05,4.993988015682451e-07,5.7589019726980487e-05
6.033991961881609e-05,4.465582785370196e-07,5.766573650515826e-05
6.027457295837912e-05,4.3267078146537234e-07,5.771641242837678e-05
6.0325322294210535e-05,4.6822006420963553e-07,5.773687008911267e-05
6.0322038919156495e-05,5.267741335362072e-07,5.7742129114129724e-05
6.033932745321237e-05,5.300888965737766e-07,5.778146515803081e-05
6.0363830353957276e-05,4.791135799364823e-07,5.785688945203057e-05
6.036590414136524e-05,4.312949752982257e-07,5.7931788336312826e-05
6.03509065799489e-05,4.2951116775477326e-07,5.797543378835899e-05
6.034423774848204e-05,4.5945644636321767e-07,5.800083262605934e-05
6.0343033771464705e-05,4.754139927152386e-07,5.802899005934613e-05
6.034935745206581e-05,4.4874603617796984e-07,5.809314280183982e-05
6.03511037313857e-05,4.235103144079217e-07,5.815149939981109e-05
6.0356189118699585e-05,4.329273844675373e-07,5.8189958200382525e-05
6.035488517421186e-05,4.538626602644204e-07,5.8218328048722366e-05
6.03299206906366e-05,4.7198074359154776e-07,5.8253442696381634e-05
6.0445997156004647e-05,4.777015240154829e-07,5.8288660817482665e-05
6.051011311496843e-05,4.797679629459626e-07,5.8331175642258205e-05
6.047682989665921e-05,4.824097737855673e-07,5.8376745747711764e-05
6.044452216141428e-05,4.775807532300412e-07,5.842392317808242e-05
6.0338403309740514e-05,4.6945224552417766e-07,5.846921892650964e-05
6.028370703614726e-05,4.584496571290027e-07,5.851491462971468e-05
6.026406622197934e-05,4.462411818203539e-07,5.85679903294662e-05
6.024995117658157e-05,4.3367929051563615e-07,5.861781704748905e-05
6.0341800922118595e-05,4.176998345329252e-07,5.8669318958960965e-05
6.03698009446268e-05,4.0485526883736663e-07,5.87241106320653e-05
6.037149558596191e-05,3.9767630791417396e-07,5.877015644302524e-05
6.036530756830105e-05,4.331592617504407e-07,5.879264168814136e-05
6.03286457147619e-05,4.648402435476409e-07,5.8815544694643175e-05
6.030113194737889e-05,5.278065141018764e-07,5.881965360287835e-05
6.0281503152498664e-05,5.267549546641727e-07,5.886343263099412e-05
6.0272614289682715e-05,4.7396728476650907e-07,5.894049638226844e-05
6.033015845066365e-05,4.2738179069250776e-07,5.9010104007144815e-05
6.0420059587165505e-05,4.598350088481017e-07,5.903469983078076e-05
6.043067490923185e-05,5.171241098932892e-07,5.903982507551514e-05
6.039492489732009e-05,5.600150083865009e-07,5.905752506433887e-05
6.0313829100642765e-05,5.907372978028923e-07,5.908106816431707e-05
6.026073665710404e-05,5.691734836076316e-07,5.913509628466156e-05
6.0308939187455555e-05,4.806354788474836e-07,5.923191335729803e-05
6.0328047889101026e-05,4.0452918801425064e-07,5.932661123817e-05
6.034392032073444e-05,3.815489396303303e-07,5.938798097127446e-05
6.0345399759451825e-05,4.5233137390453805e-07,5.9385083330691964e-05
6.0329073297216086e-05,5.311950824509552e-07,5.937917119386033e-05
6.0266912715246096e-05,5.919153749680761e-07,5.938491829339207e-05
6.022435283652855e-05,5.87482040198863e-07,5.942933825879004e-05
6.019898569865799e-05,5.289736248074244e-07,5.950863944914655e-05
6.0316612956440755e-05,4.7129639342891645e-07,5.958289528713427e-05
6.032469383268441e-05,4.2315503684915284e-07,5.9659012999559124e-05
6.036629231511886e-05,4.411275754279639e-07,5.969228817139357e-05
6.0394373199550146e-05,5.00895558396496e-07,5.969555433658061e-05
6.0384088741811097e-05,5.473820836229233e-07,5.971354210486021e-05
6.0465730891104256e-05,5.605712010506905e-07,5.974334274723329e-05
6.043194776020597e-05,5.346018279139434e-07,5.980518071061684e-05
6.035302738660645e-05,5.085367762737048e-07,5.9863522417413934e-05
6.027280298923158e-05,4.6568291642569707e-07,5.9929596592439704e-05
6.0229162187448295e-05,4.1893910960130775e-07,6.0005841359225026e-05
6.0257542180468994e-05,4.288037705984184e-07,6.004232515053133e-05
6.028436621453502e-05,4.7260643126292127e-07,6.005783848233905e-05
6.030365166058335e-05,5.035916080146955e-07,6.0080795176740935e-05
6.028775671958786e-05,5.304691379663624e-07,6.0111594510559394e-05
6.039846241594866e-05,5.427779291987335e-07,6.0142651009416006e-05
6.049173052253533e-05,5.481931938347118e-07,6.0182069366488316e-05
6.047005125129529e-05,5.044112143803203e-07,6.025247480839083e-05
6.0397592704053275e-05,4.0189589923331106e-07,6.0364666546289544e-05
6.028520943732681e-05,3.146068342913582e-07,6.0459063806099407e-05
6.017755671086811e-05,3.3695898091766456e-07,6.0492628252457974e-05
6.015157401956178e-05,4.5758924693047297e-07,6.045586434256822e-05
6.020558434134007e-05,5.772994861209345e-07,6.042319923595608e-05
6.026456760064656e-05,5.390594765876352e-07,6.048485731366393e-05
6.031021059097255e-05,4.278686849190058e-07,6.060261628386247e-05
6.033402534461003e-05,3.3637272108440515e-07,6.0701390974340224e-05
6.035343234320697e-05,3.575238958747266e-07,6.0733901732150025e-05
6.033438646980563e-05,4.2105507302642706e-07,6.0735676709640845e-05
6.02901181289567e-05,4.777805398900878e-07,6.074456144179368e-05
6.025512774609269e-05,5.582471117941158e-07,6.073667500134702e-05
6.022818197510491e-05,5.713384837525408e-07,6.077225667356076e-05
6.021635373046384e-05,5.313629821173928e-07,6.0841403674242595e-05
6.024599066056501e-05,4.943662010266958e-07,6.0906282262399464e-05
6.026233741608786e-05,4.599552213248325e-07,6.097318734596929e-05
6.023214573133305e-05,4.2754132235747406e-07,6.103505635840796e-05
6.0201591490134936e-05,4.183028879893219e-07,6.108361711449408e-05
6.018765761570669e-05,4.5870789410576084e-07,6.11008566919177e-05
6.023923675127747e-05,5.178258319579972e-07,6.110268893317219e-05
6.029879221329176e-05,5.639295352211735e-07,6.112064473646965e-05
6.032208234297516e-05,5.851388676133189e-07,6.114800032061036e-05
6.0331745149870676e-05,5.047701941942084e-07,6.124208280706762e-05
6.032052166455215e-05,3.8019425140906687e-07,6.136626814468438e-05
6.029023711574998e-05,3.185247308157174e-07,6.14495792267699e-05
6.024644906434987e-05,3.585056383993513e-07,6.146672353710803e-05
6.0221193928350326e-05,4.3774477623244163e-07,6.146001678068875e-05
6.017296453527569e-05,5.269288414857198e-07,6.144826819834679e-05
6.027127383117854e-05,5.936913336520564e-07,6.144432098935755e-05
6.034099325579724e-05,5.895520197680442e-07,6.148994464283625e-05
6.035283555931648e-05,5.821673585095698e-07,6.154267611519682e-05
6.036566407607512e-05,5.687277068037609e-07,6.159226701415993e-05
6.037301871330408e-05,5.073694184297687e-07,6.167287113276194e-05
6.031652824992168e-05,4.4692133685567455e-07,6.175440425220573e-05
6.0215157311710715e-05,3.9376072922089947e-07,6.182971241101756e-05
6.0150684030587454e-05,3.908785367541035e-07,6.187476506544295e-05
6.020566242138067e-05,4.484113471574346e-07,6.187719929435705e-05
6.023865974427032e-05,5.474292075439567e-07,6.186319468470731e-05
6.027013519542821e-05,6.1878539069873e-07,6.185819191117291e-05
6.028728964276379e-05,5.793495396971211e-07,6.192818416303627e-05
6.028338887522562e-05,4.876652282843338e-07,6.203120360888441e-05
6.0245080073205394e-05,4.120842645848218e-07,6.212009603736736e-05
6.0216085388307096e-05,3.9674860408640135e-07,6.217396847350966e-05
6.019514651782245e-05,4.3089680414361695e-07,6.219583792850682e-05
6.018312607580827e-05,5.05807465091044e-07,6.219308937454037e-05
6.018099620940505e-05,5.235017960522311e-07,6.222100140750137e-05
6.019383257573543e-05,4.778809643233147e-07,6.229417356622399e-05
6.02220836654981e-05,4.5392566789657336e-07,6.235507280434457e-05
6.019457062253169e-05,4.524367907529621e-07,6.239693357108853e-05
6.019604009546955e-05,4.932112475759992e-07,6.241535424207855e-05
6.018403151910166e-05,5.07551228546697e-07,6.244415529068095e-05
6.014432587290722e-05,4.850742342802493e-07,6.250637656885607e-05
6.013775298996991e-05,4.6367890376704723e-07,6.256097346880674e-05
6.0161066922318173e-05,4.877688511124674e-07,6.259051437113086e-05
6.0219868381940304e-05,5.077123244982099e-07,6.261509402801181e-05
6.0294209183561703e-05,4.995389194589906e-07,6.266490831757687e-05
6.03323978850095e-05,4.551660467024183e-07,6.274003233749317e-05
6.0370144097334996e-05,4.1372034657554905e-07,6.280791668928295e-05
6.0431031189212215e-05,4.5201350669629724e-07,6.282988595847799e-05
6.036921272062048e-05,5.142643508782762e-07,6.282904905581891e-05
6.026371772886651e-05,5.614961533700801e-07,6.284510005341802e-05
6.013788955242938e-05,5.498270256093716e-07,6.288933101649786e-05
6.0128103847167727e-05,4.710279100861815e-07,6.298400861520709e-05
6.013629958237042e-05,4.581931539868553e-07,6.303705514947778e-05
6.017263909847043e-05,4.865373422395974e-07,6.306248408004756e-05
6.0257752569583476e-05,5.18882948821101e-07,6.308516038737237e-05
6.0273261887252685e-05,5.45064086971029e-07,6.311614587865636e-05
6.0379380804573325e-05,5.390990227969168e-07,6.31579637757823e-05
6.039171584641581e-05,4.42127459627178e-07,6.326296770728127e-05
6.03194356391228e-05,3.5745674885989385e-07,6.335818297666335e-05
6.024174457863512e-05,2.988982994794085e-07,6.343656859934681e-05
6.0188976868533954e-05,3.595874848136957e-07,6.34450868150285e-05
6.0178487457654576e-05,4.996628569147723e-07,6.339843289770468e-05
6.018116548966906e-05,5.696294942296466e-07,6.339776191260175e-05
6.0205045275527126e-05,5.34598503419168e-07,6.346500142356629e-05
6.020366232190778e-05,4.7511109707224273e-07,6.354708258797513e-05
6.015611801398486e-05,4.2217246149993066e-07,6.362199367749897e-05
6.013274043467412e-05,4.230794396602501e-07,6.366483626731488e-05
6.0126750770483644e-05,4.7012223086452573e-07,6.367757041100736e-05
6.016095064851699e-05,5.099018878273197e-07,6.369084351587809e-05
6.021216478748537e-05,5.394039624907982e-07,6.371899703543706e-05
6.0222969119771154e-05,5.460016798301044e-07,6.375464990672261e-05
6.0212054477815724e-05,5.106162993622917e-07,6.382326626724697e-05
6.021295131356159e-05,4.74901705177406e-07,6.388524351189624e-05
6.020763859868083e-05,4.5917474124951907e-07,6.394475452691616e-05
6.0208056265570826e-05,4.869160930080772e-07,6.396747165273925e-05
6.034534821860397e-05,5.027099955613631e-07,6.39982930436633e-05
6.040487801750449e-05,5.139612556513802e-07,6.403624966786422e-05
6.034920000113597e-05,5.21632328042806e-07,6.407842709156264e-05
6.0251143643240216e-05,5.217293860392651e-07,6.411867932142569e-05
6.0124239361245006e-05,5.17731197479634e-07,6.41648743855903e-05
6.0042099494384945e-05,5.11511095850808e-07,6.421036165045227e-05
6.0018148026136494e-05,5.023912081907784e-07,6.426030453054649e-05
6.0043075583968745e-05,4.907143679276894e-07,6.430997087530516e-05
6.008991257322861e-05,4.764459204953694e-07,6.436001866683379e-05
6.021055967666885e-05,4.62797509802313e-07,6.4412835411868e-05
6.023797633698008e-05,4.478440461487316e-07,6.446487366352874e-05
6.021892354054542e-05,4.323274046889497e-07,6.451749947544496e-05
6.015424103624474e-05,4.1668712128837956e-07,6.457041982644352e-05
6.012186126101166e-05,4.4285624557921264e-07,6.459711444730992e-05
6.00979263401351e-05,5.112021893294422e-07,6.459752700781269e-05
6.0150495225463554e-05,5.725274373507663e-07,6.460031363009863e-05
6.0181068473189025e-05,5.944731004271719e-07,6.462973013424714e-05
6.0214447795819e-05,4.790529774485591e-07,6.474590638631983e-05
6.021413426191882e-05,4.122798661306895e-07,6.483754433981551e-05
6.0200217174731127e-05,4.469096443473618e-07,6.485469849237914e-05
6.016881266184824e-05,4.962128516495027e-07,6.48684752872476e-05
6.009184618337769e-05,5.332021449682511e-07,6.488811242809677e-05
6.014541416015265e-05,5.578827172827675e-07,6.491118347255748e-05
6.0162583052364104e-05,5.575237690410233e-07,6.495368885237632e-05
6.0144057381723415e-05,5.20440782939034e-07,6.502272967466843e-05
6.015178541899613e-05,4.4342472585227023e-07,6.511015098963854e-05
6.016716047201614e-05,4.0681778951968056e-07,6.517985535667475e-05
6.0149899021153864e-05,4.2507835264068105e-07,6.521257981037479e-05
6.0184429959446605e-05,5.477989240681337e-07,6.51744732670995e-05
6.0195214050031554e-05,6.009699255526645e-07,6.518562779506079e-05
6.019933395804212e-05,5.531759903678369e-07,6.525992755016536e-05
6.018746811155421e-05,4.994551541910594e-07,6.53393388501244e-05
6.031323890733216e-05,4.467571659360429e-07,6.540997496311867e-05
6.03415362236991e-05,4.1096900221691885e-07,6.547959111454264e-05
6.02894973234661e-05,4.6804863500341453e-07,6.548939144325407e-05
6.018483502669106e-05,5.233196246370443e-07,6.549487060636965e-05
6.00742239951029e-05,5.358242279250899e-07,6.552879617817158e-05
5.9999171514270464e-05,4.797489535738054e-07,6.560742442494953e-05
6.001886852818651e-05,4.2035039173109147e-07,6.569124672754056e-05
6.008329806162975e-05,4.4051618327437377e-07,6.571874051744083e-05
6.009424646673233e-05,4.843984657159176e-07,6.573485915432027e-05
6.016092384650162e-05,5.159184801981738e-07,6.575346896197742e-05
6.025722950818027e-05,5.374886807232849e-07,6.578597828088041e-05
6.025214448660996e-05,5.557754719332876e-07,6.582089105077783e-05
6.029441574430641e-05,5.631219038213627e-07,6.585699556865116e-05
6.0330628992885886e-05,4.913583495863754e-07,6.594008852645148e-05
6.0245231905781576e-05,3.934093742272433e-07,6.604998810572912e-05
6.0155459211827075e-05,3.228481987044641e-07,6.61331744429328e-05
6.009094979000762e-05,3.73495499397158e-07,6.614878324577355e-05
6.0068945681361814e-05,5.052170376509654e-07,6.610707598164335e-05
6.0087217755688693e-05,6.007965017210657e-07,6.609068358567405e-05
6.010565631869385e-05,5.431169208270781e-07,6.617033595535491e-05
6.018156677592927e-05,4.756916129354357e-07,6.625689344561039e-05
6.0333072020405556e-05,4.1414658466896426e-07,6.63339820829458e-05
6.0351854517127534e-05,4.1741204620378235e-07,6.638363793831821e-05
6.030213684953085e-05,4.730621322896711e-07,6.6386262258734e-05
6.020885760704071e-05,5.148318008126393e-07,6.640532269631253e-05
6.009500818159126e-05,5.450899599349938e-07,6.642826661909796e-05
6.000561019694119e-05,5.684844197304331e-07,6.645765298332521e-05
5.999471855115034e-05,5.81754517975932e-07,6.64931023352831e-05
6.0006943184826174e-05,5.497765276697223e-07,6.655274689343812e-05
6.0159695237855226e-05,4.977539415714806e-07,6.66286849405513e-05
6.025858511370885e-05,4.51821670646931e-07,6.669942174018579e-05
6.0259370053833734e-05,4.1535051579111796e-07,6.676980037530626e-05
6.025421478314299e-05,4.671624360305116e-07,6.678286131348039e-05
6.018506869389197e-05,5.281120485732731e-07,6.678344696297838e-05
6.007204290379221e-05,5.746055362625968e-07,6.67999785011847e-05
5.998926868347088e-05,5.608951592791098e-07,6.684815818683705e-05
6.002961604923175e-05,5.12227437297904e-07,6.691795211907272e-05
6.0053606921151075e-05,4.552633203865158e-07,6.700026161304247e-05
6.008398173788719e-05,4.5441446592361336e-07,6.704247502292979e-05
6.0087128596794105e-05,4.882488077169626e-07,6.706529543026144e-05
6.016243573398379e-05,5.110937442711276e-07,6.709266689955321e-05
6.014867878098475e-05,5.311368587457031e-07,6.712902781878052e-05
6.0262381968273356e-05,5.382874954676783e-07,6.71619770076661e-05
6.0300091063160636e-05,5.418201076871065e-07,6.720602615141328e-05
6.022253812656396e-05,5.400462738230429e-07,6.72480917230788e-05
6.010151077257571e-05,5.34849236092587e-07,6.729473240957373e-05
6.003830876761006e-05,5.262029160331171e-07,6.734251679284294e-05
6.0012008892503366e-05,5.154674730485208e-07,6.739375271723852e-05
6.0026034045830206e-05,5.023131523471278e-07,6.744271786236974e-05
6.006586699302254e-05,4.88132140377615e-07,6.749590698723342e-05
6.00800852283449e-05,4.768070945972422e-07,6.75485396092364e-05
6.02345008295961e-05,4.584586041742196e-07,6.759890828585117e-05
6.031186231942534e-05,4.518112772147001e-07,6.764909609140022e-05
6.0299131111402056e-05,5.330024574633514e-07,6.76438563843039e-05
6.022881943965532e-05,6.060266785229647e-07,6.763843022092317e-05
6.011447999722586e-05,6.616971935529989e-07,6.764887269755134e-05
6.001967641432993e-05,6.068801419300921e-07,6.771753452079194e-05
5.997073467813735e-05,4.552690636291391e-07,6.786407262169446e-05
5.9976457769531885e-05,4.071607205139559e-07,6.793792450129618e-05
6.006091882640296e-05,4.2997993930108605e-07,6.795996298665074e-05
6.0221933869539016e-05,4.442481524032395e-07,6.799570147324909e-05
6.026931354170059e-05,4.62053755784565e-07,6.803087482671362e-05
6.0253477856816014e-05,5.616906230075717e-07,6.801565980120792e-05
6.0192786089712416e-05,6.542999082024848e-07,6.799707182661418e-05
6.008793018437361e-05,7.25531829941674e-07,6.799825390248771e-05
6.000055794518364e-05,6.837712103662077e-07,6.806095954906595e-05
6.00243644900415e-05,5.700216759213454e-07,6.81763109994049e-05
6.003916425304358e-05,4.1588566775278534e-07,6.831349775776504e-05
6.0033643150010116e-05,3.306217506236267e-07,6.841563115379931e-05
6.009739919846435e-05,3.904019813366367e-07,6.841551831135792e-05
6.0093932445704764e-05,4.776412954114541e-07,6.840653817022936e-05
6.007835075547383e-05,5.322525780796547e-07,6.841198848107955e-05
6.0041534971382755e-05,5.372136381008907e-07,6.845608281269164e-05
6.004334662968628e-05,4.853371067216306e-07,6.85287458980034e-05
6.005948194570378e-05,4.325919437007429e-07,6.860615622486871e-05
6.008596245780895e-05,4.232955190785113e-07,6.865552133648087e-05
6.008982964229617e-05,4.363423532263086e-07,6.869016124336796e-05
6.0081036188368704e-05,4.868822258967237e-07,6.870272488342143e-05
6.006634372909323e-05,5.234817444623212e-07,6.872102078556365e-05
6.0039723558521996e-05,5.449072209011348e-07,6.875331878388762e-05
6.0089076605968815e-05,5.066978446160424e-07,6.881858597767886e-05
6.0216670529320166e-05,4.696582075834016e-07,6.888328334327793e-05
6.0231307262401605e-05,4.447545351769225e-07,6.894603109777598e-05
6.018333830863583e-05,5.09315108136314e-07,6.895214397632819e-05
6.0091089420795785e-05,5.736237547831106e-07,6.895126828919767e-05
5.99862636951592e-05,5.958271342467232e-07,6.897909493710998e-05
5.993470003969348e-05,5.798472131724421e-07,6.903119392847324e-05
5.993880658036026e-05,5.098854253607e-07,6.911915758728342e-05
5.9969322298382835e-05,4.814969277342233e-07,6.918050225789891e-05
6.001555883029058e-05,5.234630627155511e-07,6.919647093620726e-05
6.0040794201425925e-05,5.420630482170588e-07,6.922385588385325e-05
6.0030431778414834e-05,5.218017598609108e-07,6.928415605588864e-05
6.005854446373102e-05,4.982015173662547e-07,6.933636911979013e-05
6.00928226751574e-05,4.96479607071866e-07,6.938795448560646e-05
6.008589072294937e-05,5.335977405350431e-07,6.940621699217723e-05
6.017318609114721e-05,5.569103219801848e-07,6.943352510308764e-05
6.025360369797496e-05,5.582207930424328e-07,6.947391199032006e-05
6.0225687835981315e-05,4.688058685662411e-07,6.957400100453918e-05
6.0131752029672914e-05,3.8306121950222756e-07,6.967166249033054e-05
6.003872571002208e-05,3.606304875690872e-07,6.973092882136034e-05
5.995520549241305e-05,4.4429763205245703e-07,6.972129330099301e-05
5.993086203979654e-05,5.245658425761663e-07,6.971442216179225e-05
6.003220037629133e-05,5.848983359899175e-07,6.971626222540534e-05
6.0134918204321696e-05,5.732821905292139e-07,6.976450522239772e-05
6.018323755661239e-05,5.614524838921627e-07,6.982035067486118e-05
6.0182013579893395e-05,5.209340121948154e-07,6.988743083399872e-05
6.016425404398743e-05,4.5768744495099693e-07,6.997249416482947e-05
6.010099769579295e-05,4.0244558332011686e-07,7.004857605182156e-05
5.999290383598654e-05,3.546120281071556e-07,7.01216882985614e-05
5.991618505955986e-05,4.001112231631491e-07,7.013796543281347e-05
5.992122538434973e-05,5.478705970788944e-07,7.008497838447351e-05
5.998958684919643e-05,6.644228473543327e-07,7.005109841262858e-05
6.0037923390985116e-05,6.629350384013782e-07,7.009816830589307e-05
6.0046165758275e-05,6.09348847468511e-07,7.017691772793404e-05
6.005821186375775e-05,5.254295014161794e-07,7.026830866896971e-05
6.00315994155297e-05,4.3564531977819e-07,7.037202796818123e-05
6.0005416415034926e-05,3.9092336266052844e-07,7.044131031950963e-05
5.998750589182621e-05,4.017684796172756e-07,7.047909294220378e-05
5.9977427957259994e-05,4.5821046573844837e-07,7.04873037850169e-05
5.997496111979939e-05,5.51567612658557e-07,7.047309474515558e-05
5.9974501880069884e-05,6.341957344917601e-07,7.046214685734421e-05
5.996294371002148e-05,5.626886717097089e-07,7.054901409250402e-05
5.997067945829162e-05,4.312971066954503e-07,7.067777290159174e-05
5.9967770409287835e-05,3.874346782235604e-07,7.075079370735136e-05
6.000169639857791e-05,4.679401627656434e-07,7.073765213041119e-05
5.998326202006841e-05,5.61776436257166e-07,7.072415751149634e-05
5.996744215308598e-05,6.138888958665499e-07,7.073004720492453e-05
5.996715760972461e-05,6.032662713868483e-07,7.078068129076931e-05
5.997552048176983e-05,5.396715802885172e-07,7.086204793672538e-05
5.999130364795557e-05,4.6566839542036124e-07,7.095412405526617e-05
6.001450910971435e-05,4.5074878714752395e-07,7.100540784473702e-05
6.001071794808247e-05,4.7326152651423653e-07,7.10349639011302e-05
5.999447293523565e-05,4.999915175501155e-07,7.106114745188745e-05
5.9986840606860776e-05,5.461786283629637e-07,7.107347744350846e-05
5.998680670657932e-05,5.314027945309617e-07,7.112642905293687e-05
5.999416831066448e-05,4.824619866932206e-07,7.120257196934523e-05
5.999258749512356e-05,4.821790771521655e-07,7.124598371892629e-05
5.999017260712376e-05,5.106288834731287e-07,7.127189304983095e-05
5.997721950361445e-05,5.486827730342155e-07,7.129053504307487e-05
5.997461616716223e-05,5.72395374738219e-07,7.13186613889106e-05
6.008378946223798e-05,5.332044794855986e-07,7.138364952783648e-05
6.0194455922003655e-05,4.959935882505946e-07,7.145067238693444e-05
6.0189614061539995e-05,5.125518578423007e-07,7.149108486601242e-05
6.013395752515386e-05,5.838493354742684e-07,7.148483103775033e-05
6.003482268322089e-05,6.372703538428239e-07,7.149609218808454e-05
5.992485751317374e-05,6.484673186946582e-07,7.152858673318181e-05
5.985269173146936e-05,5.900270475716412e-07,7.160928590867994e-05
5.9891448009892354e-05,4.834894206336434e-07,7.171635071744313e-05
5.990603920005089e-05,3.7342333345297754e-07,7.183133260346136e-05
5.9955654622126306e-05,4.1548231717135635e-07,7.184845587075837e-05
6.0007803317544764e-05,5.20381626031278e-07,7.182375282383785e-05
5.9991341562193685e-05,6.102627777624572e-07,7.181214375159244e-05
5.9976901012109015e-05,6.609570912738556e-07,7.181917069861733e-05
5.999477033351148e-05,5.840768789863338e-07,7.19088859218745e-05
6.002888785441551e-05,4.819756204998189e-07,7.202139313861234e-05
6.0023646994786676e-05,4.3847694748060314e-07,7.209493261012704e-05
6.002076190158107e-05,5.01352170700002e-07,7.20982118712067e-05
5.995312253109662e-05,5.7111232542672e-07,7.209549516297844e-05
5.9886518882060266e-05,6.009254496111555e-07,7.211659695574159e-05
5.9863541913646463e-05,5.601696828656142e-07,7.218409697794904e-05
5.996540703217532e-05,4.961306241462472e-07,7.226808233235889e-05
5.999929492467231e-05,4.5300714936336584e-07,7.233910741498653e-05
6.001534513265194e-05,4.5472233915253814e-07,7.238112686460995e-05
5.998430302158061e-05,4.5281942457382636e-07,7.242521824456311e-05
5.9962694973270006e-05,4.836335133246612e-07,7.245009715859267e-05
5.994689130578232e-05,5.405202707391204e-07,7.24577654205833e-05
5.993990242816364e-05,5.915592367498463e-07,7.246673090174072e-05
5.994092731209451e-05,5.787876896697422e-07,7.251938068290562e-05
5.992688014597685e-05,5.437297755535804e-07,7.258670854145825e-05
5.99389554804201e-05,5.113936536657014e-07,7.264765931938899e-05
6.0065332799567596e-05,4.786611975574488e-07,7.270911414363241e-05
6.009841755287314e-05,4.5095876397288703e-07,7.277155878463481e-05
6.0065877813026994e-05,4.277599619290563e-07,7.283143986721632e-05
6.006730188617104e-05,4.842721235440635e-07,7.28410239489939e-05
5.9969376016556e-05,5.562450980191878e-07,7.283447813799782e-05
5.987949319815925e-05,5.920813327434363e-07,7.285333803548163e-05
5.9827214325990097e-05,5.550074434155901e-07,7.291755695763448e-05
5.985305708470692e-05,4.932908439194702e-07,7.300278681465639e-05
5.995114840689012e-05,4.903412330449054e-07,7.304540050284774e-05
5.998432987309093e-05,4.947527352820556e-07,7.309092787047654e-05
6.006337512602946e-05,4.91391890925515e-07,7.313380612494222e-05
6.0142580880961687e-05,4.856529344289357e-07,7.318146886239581e-05
6.008898885866418e-05,4.773869128249784e-07,7.32276720842019e-05
5.999136811461488e-05,4.679818434982388e-07,7.327683411426592e-05
5.9888337952064086e-05,4.706362562199126e-07,7.331793313267255e-05
5.980612672407899e-05,5.077117750977354e-07,7.333627878100913e-05
5.976453933213071e-05,5.352803016041993e-07,7.33628529395673e-05
5.987199331461771e-05,5.523224640098867e-07,7.339477370177499e-05
5.995540213524627e-05,5.640771773103892e-07,7.343249186173064e-05
6.000201760631712e-05,5.737758093948332e-07,7.347244673118915e-05
6.0119116723964395e-05,5.527038692933423e-07,7.352556957157836e-05
6.016979237679657e-05,5.001950754411889e-07,7.360268993444163e-05
6.00963960111773e-05,4.538291727804579e-07,7.367289758869577e-05
5.997939760063368e-05,4.132134055631941e-07,7.3741081727285e-05
5.9882358743832445e-05,4.153509636710062e-07,7.378339475706038e-05
5.987014089144912e-05,4.779529900053633e-07,7.378544181349575e-05
5.9879521347488056e-05,5.350716463082541e-07,7.379537408644556e-05
5.989868356260521e-05,5.807578312161844e-07,7.381141309899582e-05
5.991853625049559e-05,6.125114247436857e-07,7.383700286067362e-05
5.989184415325576e-05,6.336095445423885e-07,7.386595379288073e-05
5.9885955738178655e-05,5.599445654419355e-07,7.394991444454921e-05
5.999514807491679e-05,4.701014389986356e-07,7.404971902727718e-05
6.001942315984458e-05,4.56303276195086e-07,7.410388389157712e-05
6.0005593581433645e-05,4.898736097199467e-07,7.412434563567826e-05
5.994570511157619e-05,5.141672412274891e-07,7.415304340676167e-05
5.9889047490188115e-05,5.493136487045955e-07,7.417445859236451e-05
5.9870690827210786e-05,6.02606205757476e-07,7.418198459189264e-05
5.987085627550141e-05,5.569036759576204e-07,7.425664108757032e-05
6.000109542079366e-05,4.943957948887491e-07,7.433623266222026e-05
6.0112665285101406e-05,4.3905899208138315e-07,7.441277303898901e-05
6.0108987965024557e-05,4.416295686627635e-07,7.446274004842936e-05
6.00545084040143e-05,5.024729447168294e-07,7.446253962796997e-05
5.995653297640171e-05,5.484864529659257e-07,7.447851459543506e-05
5.984541905847048e-05,5.689135473224023e-07,7.450548158238589e-05
5.978458905314642e-05,5.392020831932036e-07,7.456803884627969e-05
5.9801205497744166e-05,5.092345309898713e-07,7.462837481260683e-05
5.987437845223865e-05,4.81626264501945e-07,7.468894703958282e-05
5.992849932377668e-05,4.963591946652744e-07,7.472360525322683e-05
5.992133763406791e-05,5.158449052296694e-07,7.47534083168696e-05
5.986816090680595e-05,5.283855536559685e-07,7.478943722397327e-05
5.9906523732209536e-05,5.333615651637775e-07,7.482712895064207e-05
5.989977353913025e-05,5.368486328820616e-07,7.487247397790868e-05
5.989621568574403e-05,5.363348042167707e-07,7.491392609373968e-05
5.993706681275125e-05,5.307704559443339e-07,7.496149915043008e-05
6.005473498838921e-05,5.202031449604506e-07,7.500733395659805e-05
6.00714896817419e-05,5.118064323290619e-07,7.505985759940763e-05
6.002322447354239e-05,5.360355998348351e-07,7.50930226666739e-05
5.996554604521386e-05,6.257468646511591e-07,7.507549488028727e-05
5.9844857493123706e-05,6.949519369075698e-07,7.507619915315164e-05
5.97636584301786e-05,6.946694268865541e-07,7.51164580090525e-05
5.9689008996379946e-05,5.862193242253748e-07,7.522781994911746e-05
5.97378335301455e-05,4.876183532549724e-07,7.533205952979195e-05
5.984477508792625e-05,4.770585277740527e-07,7.538091144455844e-05
5.987020261987699e-05,4.99533105654739e-07,7.540964068173848e-05
5.989201990028633e-05,5.291200842650646e-07,7.543414388773855e-05
5.988302946075625e-05,5.867415489218256e-07,7.544182733248655e-05
5.98662579583573e-05,6.140019343759899e-07,7.546434526687554e-05
5.9857938932879505e-05,5.832497103979643e-07,7.552767899686711e-05
5.988588486707688e-05,5.14713430554297e-07,7.561318066038331e-05
5.990636204627556e-05,4.712437384531374e-07,7.5689431196981e-05
5.9920274483630665e-05,5.030176716149958e-07,7.571278071391242e-05
5.9916338844279946e-05,5.496834182740242e-07,7.572564969916132e-05
5.986637807779402e-05,5.843257544658566e-07,7.574808451753722e-05
5.980679424245653e-05,5.83124536786524e-07,7.578746940325468e-05
0.0012145625046229018,5.929487465567434e-07,7.631110364450655e-05
0.00352521185950023,7.24463133539051e-07,7.55136667238498e-05
0.006992011127358422,1.0029824037543864e-06,7.634938815016274e-05
0.011615322005993684,1.3564395798082578e-06,7.587538569961389e-05
0.017395076576336915,1.7863095826057408e-06,7.618720842339286e-05
0.02433115750099494,2.29635638772753e-06,7.611480587544242e-05
0.03242350561116739,2.885508560737827e-06,7.623016344245718e-05
0.041671835108747786,3.5092620084589193e-06,7.628363517586836e-05
0.05207596952123314,4.20314409962327e-06,7.632601265828051e-05
0.06363575060403195,4.981150405027961e-06,7.648357620601734e-05
0.07635129885564261,5.902523164369908e-06,7.63891340930198e-05
0.09022265432996424,6.958662161179283e-06,7.664915753029223e-05
0.10501364265507489,1.5784514516207244e-05,0.0016018447184288867
0.12037543151115074,7.510430844891375e-05,0.0071392814335364575
0.13630729849547532,0.00025859281378596096,0.016785039364772457
0.15280633317501963,0.0006383890376505328,0.030352066238627507
0.1697619586927001,0.0012890353179259367,0.04729914049477657
0.18670396274503195,0.002234604154524201,0.06434660280470512
0.20362774547552498,0.0034642779080349046,0.08118262230257038
0.22052773040550447,0.004982408813141597,0.0981960195872843
0.2373995693280411,0.006786037183710027,0.11509150307598487
0.25423829261325104,0.00887451255175826,0.13205421695574074
0.271039265929654,0.011247411170012434,0.14898102219811138
0.28779759965534923,0.013904602545398966,0.16592666426218666
0.3045084583601019,0.016846033259678116,0.18286291766155455
0.32116711657703845,0.020070624391307558,0.19980543346525484
0.3377689308315357,0.0235766995856181,0.21674284147509582
0.3543091748604962,0.02736292291457537,0.23368201265298374
0.37078307703537033,0.03142842133729105,0.2506219771866532
0.3871857048697687,0.03577239322377318,0.2675619137588262
0.40351210455993886,0.04039412740554876,0.28450071854636577
0.4197576499166565,0.04529200506986244,0.3014407488063423
0.43591790825959237,0.05046414125254649,0.318378746015662
0.4519883231706637,0.05590902565967989,0.3353177533622498
0.4679643646235318,0.061625302363626226,0.3522580618859398
0.4838414277052309,0.06761149819495735,0.3691983288101242
0.4996147732565545,0.07386549436693625,0.3861374008605269
0.5152798282389578,0.0803858599561833,0.4030755864973525
0.5308318942092898,0.0871709125021431,0.42001364694593424
0.5462668306323714,0.09421873486204405,0.4369541710543882
0.5615803551408001,0.1015268730167142,0.4538939774575771
0.5767680384803602,0.10909302435367987,0.47083405187138583
0.5918255218330696,0.11691495599773778,0.48777269735989076
0.6067483574772446,0.1249906866136685,0.5047110409559403
0.6215320306797254,0.13331832361239257,0.5216498253496543
0.6361721343977534,0.14189575597712367,0.5385892197519838
0.6506647673302389,0.15072017102843582,0.5555304150633755
0.6650061651391636,0.15978839874441084,0.5724676712874919
0.6791922420472587,0.16909771713806468,0.5894068943459578
0.693218761075541,0.1786459222561951,0.6063461177177086
0.7070813552623331,0.18843062139989747,0.6232858131124729
0.7207757860710662,0.19844912552665658,0.6402248959182888
0.7342984633431345,0.208698243735239,0.657165106967598
0.7476458379422215,0.21917462053548362,0.674102086735404
0.7608141291851832,0.22987530244404208,0.6910411990961445
0.7737993198167451,0.2407976304271688,0.7079811193950747
0.786597519146201,0.2519384061950625,0.7249213330929426
0.7992049105872722,0.2632944915128225,0.7418602419600239
0.8116180674374749,0.27486250581172184,0.7587988219357706
0.8238336109272334,0.2866389862412303,0.7757365742371524
0.835848119609164,0.29862071757791764,0.7926759801003267
0.8476579319444333,0.3108043837156907,0.809615980892469
0.8592597363677151,0.32318616088268703,0.826555628724195
0.8706500736323265,0.3357626298839693,0.8434940878817648
0.8818256347945813,0.34853030386972594,0.8604324620203374
0.892783319538901,0.36148555764544416,0.8773719333884451
0.9035200464949092,0.3746244616892116,0.8943113158048047
0.9140327338961537,0.38794331242282926,0.9112504734098912
0.9243183254822694,0.4014382925238073,0.9281887662552022
0.9343738556138701,0.4151055456898359,0.9451270745938883
0.9441962996415688,0.428941289302232,0.9620662316984067
0.9537828784475986,0.4429414928108298,0.9790062031650252
0.9631309799359358,0.4571020186902219,0.9959458129238498
0.9722380769853861,0.4714187640490721,1.0128842565517908
0.9811016663300101,0.4858876447965501,1.0298222560934742
0.9897189848052512,0.5005045516999295,1.0467604294606085
0.9980871420412972,0.5152655073961184,1.0636998104177735
1.0062037263514092,0.5301661762275229,1.080639786366248
1.014066671007425,0.5452021347536488,1.0975788945719738
1.021674051812542,0.5603689573500593,1.1145170481121829
1.0290237715019919,0.5756625496521203,1.1314553275198709
1.036113622519027,0.5910782846697674,1.14839430399605
1.0429409549375,0.6066120313438278,1.1653332823468017
1.0495038398483758,0.622259353671158,1.1822727838916878
1.0558008018965919,0.6380155400748331,1.1992111903958005
1.0618303208695576,0.6538759698386332,1.2161496428130099
1.0675905130554202,0.6698362179797238,1.2330885114428143
1.073079554495846,0.685891766510488,1.2500279092019118
1.078295643539774,0.7020380056337195,1.2669667790224244
1.0832373412874814,0.7182703083713201,1.2839050038195376
1.0879034578729179,0.7345840779949045,1.3008428168221182
1.0922926740411119,0.7509745151699767,1.3177817153989893
1.0964035297647456,0.7674369860625565,1.3347213502361552
1.1002349449021633,0.783966687219624,1.3516609549237364
1.103785950371222,0.8005588130838648,1.3685995656211174
1.1070555022145236,0.8172086638122188,1.3855371224888144
1.110042629883279,0.833911578745495,1.402475130742824
1.112746263643874,0.8506627607267132,1.4194139256500746
1.1151656229438083,0.8674573720833496,1.4363536473736767
1.1173000607772374,0.8842905349354179,1.453292869447412
1.1191492590794203,0.9011574472856992,1.4702313999915173
1.1207127510797366,0.9180532649026852,1.4871690442146452
1.1219900617385947,0.9349730486939886,1.5041073948197798
1.1229801694618338,0.9519120396523433,1.521045849382084
1.123682928506384,0.9688653118813106,1.5379855383234518
1.124098344200607,0.9858282150788918,1.5549240118262475
1.1242268341751367,1.0027957426881469,1.5718626140713206
1.1240682506159376,1.0197629745785701,1.5888008720192346
1.1236223466303696,1.0367250969895558,1.6057394668424705
1.1228889749142494,1.0536771733592432,1.6226783687582573
1.1218680102281697,1.0706142734503932,1.6396160230010732
1.1205600752022282,1.08753161356326,1.6565559104867127
1.1189663520655029,1.1044244761407378,1.673492508641991
1.117087096182571,1.1212880510709513,1.6904318293474658
1.11492262852344,1.1381174805409802,1.7073711199272736
1.1124733349780527,1.1549077848508484,1.7243098587235657
1.1097395772546446,1.171654017554889,1.7412472288437264
1.1067221788867219,1.1883513701742647,1.7581858652431368
1.1034226506598128,1.2049953718569841,1.7751234196364505
1.0998420755657365,1.2215812218306823,1.7920624750619785
1.095981346087183,1.238104142550976,1.809002411994409
1.0918412155339743,1.254559396133053,1.8259410619991288
1.0874229315655788,1.2709419920574145,1.8428781555585962
1.0827271714368538,1.2872470867685797,1.859814862916478
1.0777556516799858,1.3034702575640045,1.8767554981364252
1.0725103840796462,1.3196070639029966,1.8936927545264932
1.0669930917545731,1.3356529566038717,1.910632876344827
1.0612051570234737,1.3516032652821368,1.927571261174287
1.0551477766578023,1.3674531290961809,1.9445083373243952
1.0488221533353443,1.3831978136916334,1.961446059259292
1.0422304789483514,1.3988330050342306,1.9783854071581588
1.0353751011468653,1.4143544227063705,1.995323766303282
1.028258242257733,1.4297576567471513,2.012262337670232
1.0208818009623786,1.4450382789064762,2.0292003795294464
1.013247508305425,1.4601917080086009,2.0461383148935024
1.0053573317463174,1.4752134976266458,2.063076992424073
0.9972136898256062,1.490099418798916,2.0800158348911713
0.9888191221237247,1.5048452606790177,2.0969539781548754
0.9801762323518881,1.5194468969964396,2.113891512703074
0.971287382647082,1.53390011763064,2.130829043582296
0.9621548093006297,1.5482006729827147,2.1477679624525643
0.9527810710327261,1.5623443764193405,2.1647072079542524
0.9431691968390377,1.5763273037982724,2.1816457894294783
0.9333220770823055,1.5901455080596507,2.1985831694534217
0.9232425041051654,1.6037950362993338,2.215520293047304
0.9129331594923169,1.617271844167643,2.232458556913299
0.9023967693925197,1.6305719632792535,2.2493976814263963
0.8916366067828314,1.643691703672135,2.266336506774224
0.8806557303434945,1.6566273550955881,2.2832742084717466
0.8694574943010668,1.6693752597118883,2.3002115095245785
0.8580450332473085,1.6819316421007848,2.3171493704919457
0.8464215234647772,1.6942928815872633,2.3340881294945928
0.8345901043667951,1.706455330252131,2.351026830057489
0.8225543596631135,1.7184157468430983,2.3679650053878922
0.8103178798648674,1.7301706747646795,2.384902444121497
0.7978841320915769,1.7417167265838889,2.401840114412153
0.7852565581449084,1.7530504486982266,2.4187788525810108
0.7724388092294643,1.7641685499453044,2.4357178854278083
0.7594345647270393,1.775067865229807,2.452656038756889
0.7462477001028469,1.7857455221966914,2.469593273649814
0.7328818524386912,1.7961984203452424,2.4865303185833314
0.7193407295002217,1.8064233702006534,2.5034685173475104
0.7056282990996514,1.816417340619191,2.5204074112739194
0.6917485467518107,1.8261774774561883,2.537345945073577
0.6777054799866922,1.835701285061167,2.554283905690888
0.6635034019571817,1.844986224448081,2.571221172255178
0.6491462071073653,1.854029464258945,2.5881589477658973
0.6346377053226763,1.8628278937081941,2.6050969583761834
0.6199820133931255,1.8713788207072692,2.6220359674612963
0.6051836237304117,1.8796803656014471,2.6389735583580562
0.5902469701474568,1.8877304266759023,2.6559107328213645
0.5751762259364753,1.8955266582019454,2.672848741037503
0.5599755451499706,1.9030665661664814,2.689787421711741
0.5446492911605489,1.9103477304074687,2.7067257045069906
0.5292018163214463,1.917367919693125,2.7236633374417982
0.5136376273896714,1.9241254701917965,2.7406003290058805
0.4979612173159845,1.93061862203749,2.7575375903623187
0.48217695099022334,1.936845358109001,2.7744764150237433
0.466289648997095,1.9428038662207219,2.7914155071917213
0.4503037720735882,1.9484925095370467,2.808353932655741
0.4342238910209404,1.953909686049145,2.825290855836981
0.4180545017641526,1.959053717525446,2.8422277602009913
0.40180024639946677,1.9639230092156483,2.859165376670833
0.3854658672480481,1.9685161864878844,2.876103838606212
0.3690559707678002,1.9728318707795414,2.8930422566861527
0.3525753432798771,1.976869091041128,2.909980304342242
0.33602876326539105,1.9806269053759211,2.926917618933669
0.31942100144861707,1.9841042306537577,2.943854736765127
0.30275667386028715,1.9872995628316292,2.9607926038880326
0.28604052021717424,1.990211658921798,2.977730545111163
0.2692773724399493,1.9928401430125753,2.9946688607294476
0.2524721410857399,1.9951846519456846,3.0116063088096725
0.23562967653295586,1.9972446131094128,3.0285441124262182
0.21875479315139895,1.9990191540927684,3.0454818948002296
0.2018522593145587,2.000507338953628,3.0624196691858647
0.18492696759673175,2.0017086553906287,3.07935749196891
0.16798373820643175,2.0026231525313443,3.096294894888233
0.15102744799096138,2.003250788682908,3.113231895020861
0.1340629227077609,2.0035912246542886,3.1301698925927113
0.11709507024334459,2.003644201331929,-3.1360772591474912
0.10012872955508201,2.0034097418998504,-3.119138971180404
0.08316877447642086,2.0028880565971003,-3.1022017837999853
0.06622008655995625,2.002079292579014,-3.0852648737336126
0.0492875274432286,2.000983588892566,-3.0683277371240125
0.0323760444922962,1.9996011631611377,-3.05138960791635
0.015490471998459496,1.997932258250681,-3.034451165741805
-0.0013645172193167614,1.9959775103351591,-3.0175131203335046
-0.01818404606269733,1.9937378541556061,-3.000576062466527
-0.034963309110222635,1.991213978063678,-2.9836395229404773
-0.0516973401596782,1.98840643339996,-2.9667021264314037
-0.06838133998922119,1.9853155006972676,-2.949763877430374
-0.08501056525355674,1.9819420650986794,-2.932825215434557
-0.10158033779214135,1.978287471685096,-2.9158875436883465
-0.11808582827960173,1.9743530147169635,-2.8989509191867415
-0.13452231968464098,1.9701397632700324,-2.882014354881624
-0.15088513029239833,1.965648819177385,-2.865076737696032
-0.16716944728793992,1.9608813411392905,-2.8481386083840814
-0.1833706500450791,1.955838671666533,-2.8312006220784944
-0.19948410875052103,1.9505222793276742,-2.814263486458111
-0.21550526137665296,1.9449336817234317,-2.7973263938615167
-0.23142948752125073,1.9390744267257989,-2.7803890256242383
-0.24725222982050887,1.9329462511016566,-2.7634510407745374
-0.2629689495574114,1.9265511185378204,-2.746513469407967
-0.2785751421836918,1.9198910090215973,-2.7295764400456592
-0.2940662088271235,1.9129677296493481,-2.7126396202948224
-0.30943770488214706,1.9057827619022758,-2.6957021967283437
-0.32468514299817947,1.8983380268179928,-2.678763832003973
-0.3398043519767635,1.890635997652271,-2.661825847169419
-0.3547911768285588,1.8826792524461304,-2.6448888862663424
-0.36964128191963436,1.8744704346603107,-2.6279522992493063
-0.38435022384617484,1.8660114488174024,-2.6110153693820095
-0.3989135586931408,1.8573042359077077,-2.5940775556274027
-0.4133270712968906,1.8483510910704923,-2.5771389102220024
-0.42758684772259853,1.839154975332168,-2.560201301605019
-0.44168900494943714,1.8297189708807915,-2.5432650372938093
-0.4556295566787053,1.8200458196202616,-2.526328580332444
-0.469404410360715,1.8101382034785853,-2.5093909705835693
-0.48300943780114625,1.7999984589040112,-2.4924528811208657
-0.4964403137360068,1.789629290084907,-2.4755153644625874
-0.509693568284807,1.7790340524165518,-2.4585777985341797
-0.5227657102842956,1.768216084402739,-2.4416419605514346
-0.5356529456737842,1.7571784821053011,-2.424704477180899
-0.5483513880126624,1.7459241990926329,-2.4077662955873746
-0.560857371837154,1.7344565296797296,-2.3908282850969473
-0.5731673986139418,1.7227787880214573,-2.373891435168245
-0.585277782797429,1.7108941607106696,-2.356955184004983
-0.5971848996430074,1.6988058120571528,-2.3400185231618225
-0.6088854927080559,1.686517307334704,-2.3230802490218103
-0.6203764487398975,1.674032542218815,-2.3061425351406166
-0.6316545579656949,1.661355256993449,-2.2892052239962815
-0.6427164700454769,1.6484889429756742,-2.272268497348282
-0.6535589102616687,1.6354371844982303,-2.2553317842729474
-0.6641784067621853,1.622203436093768,-2.238395071131688
-0.674571899265723,1.6087913588436915,-2.2214562835070315
-0.6847368697134963,1.5952052538172523,-2.2045198055720587
-0.6946705753176708,1.5814491329322111,-2.1875829928099026
-0.7043701376120647,1.5675269582986704,-2.1706460131440477
-0.7138324971275779,1.5534424744153656,-2.1537082282596907
-0.723054756638009,1.5391996322615051,-2.1367705551507417
-0.7320342873886433,1.5248025207627298,-2.1198331461532787
-0.7407686960904077,1.5102553678282848,-2.1028969524566965
-0.7492554287433146,1.4955623248535252,-2.085960709655553
-0.7574922170657611,1.4807277174600135,-2.0690232907112374
-0.7654766253272316,1.4657557963117431,-2.05208527646741
-0.7732063439072282,1.450650831939005,-2.0351472531967745
-0.7806792558567845,1.4354171725943259,-2.0182103792986563
-0.7878931782250822,1.420059141553968,-2.0012744805599954
-0.7948456699870475,1.404580972194308,-1.9843383281971114
-0.8015347818687764,1.3889871944555228,-1.9674005061656241
-0.8079589009250545,1.373282404041623,-1.9504630415254227
-0.8141163275330903,1.357471160177339,-1.9335253331157543
-0.8200053803267414,1.3415580253277377,-1.916588504649414
-0.8256242137593285,1.3255474502663058,-1.899652049432635
-0.8309709379407938,1.3094439439941863,-1.8827153632315754
-0.8360435421291036,1.2932520094149835,-1.8657789348033054
-0.8408408101582074,1.2769764178147078,-1.8488401736796454
-0.8453621990711929,1.2606220138954454,-1.8319047182861348
-0.8496066376283483,1.2441935355205853,-1.8149674522167452
-0.8535725333106705,1.2276955591552703,-1.7980297498243545
-0.8572583115066278,1.2111327639906952,-1.7810925052026045
-0.8606623381834128,1.1945097430096836,-1.7641562182494361
-0.8637837107590053,1.1778313906168396,-1.7472191433315194
-0.8666224255438415,1.1611025784028224,-1.7302826372220352
-0.8691780488991319,1.1443282125662249,-1.7133470787584781
-0.8714496037950159,1.1275130181301667,-1.6964084075280172
-0.8734361156346352,1.1106618206933605,-1.6794707098614035
-0.8751366195651265,1.0937793503374753,-1.6625340375497608
-0.8765504073577374,1.076870474840926,-1.645598899571515
-0.8776774186934307,1.0599399963333673,-1.6286607353149611
-0.8785179026679225,1.042992844986894,-1.6117258253897728
-0.8790715999808855,1.0260339176388589,-1.5947874471113648
-0.8793381984200821,1.0090680414612818,-1.577849771030794
-0.8793174906240039,0.9921000881098158,-1.5609131846589748
-0.8790092104525064,0.9751348986840913,-1.543977621473711
-0.878413052041055,0.9581775760764051,-1.5270419833900335
-0.8775296519816635,0.9412327439413077,-1.5101034003121143
-0.8763598062322541,0.924305221716744,-1.4931674963791421
-0.8749038669115827,0.9073998730460034,-1.476229440933569
-0.873162049524872,0.8905214734181948,-1.4592929958598742
-0.871134483880898,0.8736750427546313,-1.442356714070465
-0.8688211458370229,0.8568655367190343,-1.4254211360204148
-0.8662231978694945,0.8400976798337384,-1.408482186656005
-0.8633419855502297,0.8233761638412967,-1.3915471007938316
-0.8601784742783489,0.806705642542407,-1.374609974188131
-0.8567335305995517,0.7900910459120328,-1.3576730869656057
-0.8530075998342306,0.7735372623415305,-1.340736175713849
-0.8490012193094608,0.7570491841843854,-1.3237999562433957
-0.8447154852880138,0.7406315053522745,-1.3068621841303412
-0.8401526580648387,0.7242886508037354,-1.289926418630339
-0.8353145040400778,0.7080252005387555,-1.2729911787820958
-0.8302019716409121,0.6918458110548827,-1.2560538138054662
-0.82481594909622,0.6757553629763039,-1.2391163082184278
-0.8191575798591415,0.6597586400641563,-1.2221793021034493
-0.8132285343375458,0.6438602901317272,-1.2052426328455055
-0.8070312594451413,0.6280645768466732,-1.1883069522917138
-0.8005680400972105,0.6123758429333732,-1.1713721800807662
-0.7938404697802286,0.596798721889334,-1.1544345211692861
-0.7868499622200331,0.5813377148854049,-1.1374966784823763
-0.7795983585492733,0.5659974199758241,-1.1205589675102394
-0.7720875596823592,0.5507824254735202,-1.103623499751634
-0.7643199125097703,0.5356968983880322,-1.0866869593981392
-0.7562981695092335,0.520744918845914,-1.0697518838905615
-0.748024680632876,0.5059307752760233,-1.052814625060829
-0.7395016417206395,0.49125876925540746,-1.0358773742666647
-0.7307314727389912,0.47673320543686937,-1.0189408837290916
-0.7217163318777308,0.46235835967277056,-1.002004819456555
-0.712458541852295,0.44813866250699247,-0.985069425463363
-0.7029610077783285,0.4340778857185975,-0.9681310400831324
-0.6932270996795044,0.42017970872431387,-0.9511955602666523
-0.683259656109836,0.406448041747432,-0.9342585190487683
-0.6730614236518515,0.3928869286593222,-0.9173228134171248
-0.6626346408128374,0.37950067315949376,-0.900387063322885
-0.6519820262959736,0.3662934841831238,-0.8834499207983798
-0.6411070433708582,0.35326864517367274,-0.8665119462430297
-0.6300133252136852,0.3404295981991008,-0.8495760491826695
-0.6187042911204134,0.327779943166456,-0.8326400889330388
-0.6071828991833319,0.31532341770412325,-0.8157044088728933
-0.5954521771824541,0.3030638758017785,-0.798767797655981
-0.5835149647627067,0.2910052906437871,-0.7818313985050561
-0.5713747989651629,0.2791510282570492,-0.7648930563233115
-0.5590357745444721,0.26750387923988816,-0.7479579396363487
-0.5465016855867371,0.25606688424242485,-0.7310226116721522
-0.533776012392937,0.24484340484436748,-0.7140856129096169
-0.5208620792318431,0.23383702561908207,-0.6971484774649995
-0.5077633510373001,0.22305131365025624,-0.6802119682287223
-0.49448340097681104,0.21248955195310756,-0.663276166503487
-0.48102644140729145,0.20215424604235097,-0.6463398066790033
-0.46739663064077624,0.19204790825167606,-0.6294051259008181
-0.4535978809992147,0.18217349560802415,-0.6124674755565821
-0.4396339395138304,0.1725340512529134,-0.5955297697306089
-0.42550878553021776,0.16313262303775042,-0.578593421406709
-0.41122616929367656,0.15397230357042116,-0.5616589355046795
-0.39679021351988825,0.14505535018078655,-0.5447217495907395
-0.38220540886345294,0.13638384404537784,-0.5277869214958772
-0.367476016116427,0.12796032268158916,-0.51084953983763
-0.35260619305119173,0.1197873432286819,-0.4939123927525196
-0.3376001628185243,0.1118673240204358,-0.4769760750210773
-0.3224620927274281,0.10420272231732298,-0.46004053960189606
-0.30719620107030354,0.09679584476549621,-0.443104389777833
-0.29180694180981054,0.08964862691899295,-0.42616790848255093
-0.27629890906365284,0.08276298854318527,-0.40923180577770396
-0.26067660109229773,0.07614077751327183,-0.39229575611159784
-0.24494453409032813,0.06978390895436967,-0.3753597033631572
-0.22910705891814548,0.06369434018448375,-0.35842330347117796
-0.21316863539954733,0.057874086058744265,-0.3414866063773118
-0.19713380998050795,0.05232517498177267,-0.3245507009841872
-0.18100718763046283,0.047048678589498495,-0.30761366275310525
-0.16479364729288978,0.04204541586855896,-0.29067997750139607
-0.1484977938615893,0.03731694059183138,-0.2737434407191095
-0.13212421100680882,0.03286506451985047,-0.256806558006631
-0.11567753843406066,0.028691664789897306,-0.2398697010550029
-0.09916253147378594,0.024798232400511627,-0.222933768152626
-0.08258391632137947,0.02118491416709477,-0.20599678464293938
-0.0659463616988328,0.017852201692171315,-0.18906357565163492
-0.049254889624980126,0.01480106311034523,-0.1721266070295734
-0.032514172581178266,0.012033097883612913,-0.15518983051807297
-0.015729023356000592,0.009549511594184006,-0.1382529919077388
0.0010958149202551421,0.00735129381755295,-0.12131674181266339
0.01795554990680606,0.005438280135774044,-0.10438073074600403
0.034845226694284845,0.0038104764145519385,-0.08744621162077744
0.05176006692837704,0.0024684815887265725,-0.07050994567507136
0.06869517922760868,0.0014130334758175776,-0.0535731319256285
0.0856457053624924,0.0006448965271388988,-0.036637178878182776
0.1026068006676165,0.00016466098019347149,-0.019701412748323852
0.11957362052141043,-2.8180351900207424e-05,-0.0027649052237361522
0.13654129270505982,6.585885534549452e-05,0.014169777053885335
0.1535049795287433,0.0004466548243444933,0.03110661220984438
0.17045976970400717,0.001114429206731664,0.04804291284634508
0.1874007953297735,0.0020695276633258784,0.06497850569637181
0.2043231026490779,0.0033120636035694757,0.08191318354258169
0.2212219358997234,0.004841506057514715,0.0988512525596683
0.23809253700457844,0.006656712517547324,0.11578552837184104
0.2549300637368827,0.00875665604691836,0.13272230075101327
0.27172969773419703,0.011140911878999847,0.14965818803524067
0.2884865748046845,0.01380917131443242,0.16659353806969604
0.30519560727558886,0.01676142235850449,0.18352808539157262
0.32185208612277016,0.019996918633385565,0.20046559914533352
0.3384515120184769,0.023514243476101346,0.21740167553324757
0.3549890840978033,0.027311632279554937,0.2343376860501527
0.37146014427442164,0.03138786405244661,0.2512733792959661
0.38785986605357414,0.03574220685555676,0.26820822619802454
0.4041832834003465,0.040374147531625416,0.28514319860064624
0.42042569434401805,0.04528248923426744,0.3020806107542969
0.43658271041463015,0.050465390145275506,0.3190169432483305
0.4526497892980232,0.055920726885381265,0.33595248597125976
0.4686223425512089,0.0616468801401129,0.35288781612110803
0.4844957012176414,0.06764273713213688,0.36982314945157746
0.5002650929244531,0.07390656842309969,0.3867590447267457
0.5159258121147228,0.08043708837799157,0.40369442040836107
0.5314736315722909,0.08723217275135878,0.4206320744614713
0.5469043667542306,0.09428915809168201,0.43756609826712967
0.5622136019881426,0.10160608538233129,0.4545019963818738
0.5773968296023313,0.10918115007756918,0.4714380064442046
0.5924495072890251,0.11701241990826279,0.4883744866783046
0.6073673160901264,0.12509762768091123,0.505310522694358
0.6221459735611454,0.13343423857861864,0.5222455999338249
0.6367812645381682,0.1420199528142747,0.5391805070569233
0.6512690328643722,0.15085235314240195,0.55611621778222
0.6656051503426792,0.15992896532741732,0.5730526432665562
0.6797855743930445,0.1692470381898121,0.5899890516625341
0.6938062824483145,0.17880371767187064,0.6069242818279305
0.7076631722435845,0.1885962522715481,0.6238591347141178
0.7213521148612037,0.19862212174975594,0.6407941647733266
0.7348692130928336,0.20887861858140577,0.6577305085170697
0.748210625818439,0.21936269745165546,0.6746670623227352
0.7613725648024585,0.2300713836438757,0.6916028241569196
0.7743514728760303,0.24100115171057346,0.7085379187150354
0.7871435305892898,0.2521489377829659,0.7254730478214766
0.7997449008612286,0.263511710566127,0.7424088405124084
0.8121519625696563,0.2750863281931312,0.7593454525385811
0.8243610693839935,0.2868695548209609,0.7762810142865529
0.8363687995638798,0.2988579475761805,0.7932160929152331
0.848171938265456,0.31104796046843564,0.8101508726614361
0.8597670880913654,0.3234360186026231,0.8270866820711552
0.8711507947998043,0.3360185538799227,0.844023195100711
0.8823197793093528,0.3487920385898604,0.8609595033416493
0.893270863583628,0.36175272688904336,0.8778947431074358
0.9040008139221974,0.3748970717671249,0.8948291150154907
0.9145064735759675,0.38822144758789245,0.9117644593207618
0.9247848974806097,0.4017219743332837,0.9287002323053913
0.9348332159466015,0.41539462233429664,0.945636550955949
0.9446487272370827,0.4292353088758338,0.9625722557182214
0.9542286479818671,0.44324006626169093,0.979507381770426
0.9635701692469384,0.457404994295252,0.9964427925025646
0.9726702530750935,0.471726292316627,1.0133782451240585
0.9815261668457221,0.4861997401733209,1.0303136941782558
0.9901354010925115,0.5008212342674253,1.047249885345392
0.9984960186608262,0.5155864254465222,1.0641842525608642
1.0066059238257392,0.5304907677214945,1.0811197640902792
1.0144624812741463,0.5455301956278383,1.0980563087883832
1.022063140022444,0.5607005185879005,1.1149924595813019
1.0294054023087853,0.5759975397023174,1.1319274433356963
1.0364871722537738,0.5914168297624518,1.1488624694115168
1.0433069222133629,0.6069539969208777,1.165796824933208
1.0498629893134932,0.6226042734095905,1.1827320328051492
1.0561531714033403,0.6383632172768546,1.1996690182571534
1.0621755684233005,0.6542263718421871,1.2166053121233964
1.0679284610246567,0.6701892197017045,1.233540785286319
1.073410081293572,0.6862472748474139,1.2504749758047407
1.0786188890381816,0.7023959781526015,1.267409795282654
1.0835534561834064,0.7186305832355342,1.2843452211619977
1.0882123855807853,0.7349463544083445,1.3012813025204937
1.0925944088411488,0.751338609649322,1.3182171697075598
1.0966983155691203,0.767802705950076,1.3351523580072584
1.1005229311810503,0.7843339151075461,1.3520873652360175
1.1040669657998887,0.8009275747684848,1.3690222614319727
1.1073292973647115,0.8175789604233288,1.3859577933282299
1.110309110161297,0.8342832164877361,1.4028932523899178
1.1130056943349622,0.8510355528785385,1.4198285670081932
1.1154182746275605,0.8678311032934074,1.4367634824160598
1.1175461460883946,0.88466510065864,1.4536989232382291
1.119388604252678,0.9015326832595738,1.4706346080628194
1.1209450372728347,0.9184290995671135,1.4875701515930597
1.122215210565246,0.935349404374664,1.5045049988527675
1.123198740745805,0.9522888412358107,1.5214398002167406
1.1238953104681824,0.9692425054386371,1.5383748072148136
1.1243045290893887,0.9862055467600244,1.555310714751287
1.1244263511795354,1.0031730629503557,1.5722465400790602
1.1242607805112264,1.0201401832400605,1.589181578829758
1.1238081061927918,1.0371020837518452,1.6061160181017395
1.1230684961051944,1.054053903592156,1.6230504401046204
1.122041826700447,1.0709907166341108,1.6399856962915367
1.1207281726057963,1.0879077859939605,1.656922006367022
1.1191282112685679,1.104800154180358,1.673857743628391
1.117242540052893,1.1216630123833315,1.6907923701909033
1.115071798722966,1.1384915243457199,1.7077264714353653
1.1126165309516793,1.1552808089368956,1.7246611435004768
1.1098770927760868,1.1720260379683554,1.7415964437888152
1.106854217305287,1.1887224776116105,1.7585325107797352
1.1035489725862744,1.205365368093098,1.7754680483586787
1.0999624263823087,1.2219500329734208,1.7924025657020277
1.0960958039328863,1.23847159083639,1.8093370413224545
1.09194992324748,1.2549253413985397,1.826271767165671
1.087526099811976,1.2713064195105825,1.8432073942796179
1.0828253966699344,1.2876101269326254,1.860142751199372
1.0778492598408334,1.3038318491006025,1.877077651497309
1.0725991687315244,1.3199670355970061,1.8940123913007505
1.0670765243767142,1.3360110692545597,1.9109473464888722
1.0612828998974744,1.3519593349981986,1.9278829292756536
1.0552201184459409,1.367807245674753,1.9448179542929258
1.0488899730704269,1.383550177810395,1.9617525484911735
1.0422940741020414,1.3991835632187624,1.9786867513172093
1.0354344224161287,1.4147029616837254,1.9956216778162041
1.028312570627485,1.4301039678933536,2.012557669759437
1.020930961589706,1.4453821870363277,2.02949351393103
1.0132919030464014,1.4605332844688517,2.0464284851289407
1.0053976701935823,1.4755529583419502,2.063362270049353
0.9972503635894033,1.4904367697077257,2.0802963612736294
0.9888518924210743,1.505180255794941,2.0972311769161847
0.9802044329703382,1.519779156632527,2.11416784224287
0.9713110653323767,1.534229684719416,2.1311030881570945
0.962174604016622,1.5485278412863364,2.1480373125237056
0.9527976852420043,1.5626694566144261,2.1649716935756547
0.9431826497365337,1.576650259330499,2.181906377887405
0.9333320622795684,1.590465970190321,2.198841931900364
0.9232486380063021,1.604112575593173,2.215777245003584
0.9129353967773923,1.6175863331975675,2.2327123277366776
0.9023956950472002,1.6308837402451175,2.2496459681941032
0.8916324337453339,1.644000977764709,2.266580566890512
0.8806485688963419,1.6569341973888938,2.2835161969164512
0.8694473001750623,1.6696794829273114,2.3004517014565624
0.8580319270999465,1.6822332268608504,2.3173865485245417
0.84640548143703,1.6945917427683665,2.33432051715014
0.8345713455011781,1.7067515261513089,2.3512549558423212
0.8225328055019236,1.7187090197820631,2.3681902703821223
0.8102933572502041,1.7304609000696756,2.3851258572501637
0.7978568503568251,1.7420040077295516,2.4020608793818714
0.7852269856312982,1.7533350873302989,2.418995005308641
0.7724071850214719,1.7644508867543596,2.4359291756066797
0.7594008456781932,1.775347848784214,2.452864272032828
0.7462116821111137,1.7860227632242145,2.469799775350645
0.7328433252669214,1.7964723314335136,2.4867345525369475
0.7192999050091905,1.8066940866012378,2.503669504904249
0.7055855897557155,1.8166854283963538,2.5206029344083825
0.6917042937464519,1.8264434334469184,2.537538154946376
0.6776598253293036,1.8359650489526507,2.5544738500631103
0.6634560112016474,1.8452472834739966,2.571409079009303
0.6490968963458649,1.8542873466860947,2.5883431737119382
0.6345865766106024,1.8630827867210793,2.605277199384353
0.6199294195551475,1.8716313200106478,2.6222111605601444
0.6051295744793432,1.8799305657361196,2.639146549143562
0.5901913757715165,1.8879781298356941,2.656082633101319
0.5751193265729332,1.8957717748858027,2.6730178215799514
0.5599175215112433,1.9033091166483838,2.689951781551983
0.5445900929273628,1.9105875958577732,2.7068846413814214
0.5291413568864844,1.9176050813248353,2.723820725800421
0.5135760246979753,1.9243600160312104,2.7407548969082995
0.49789863981591886,1.9308507428425608,2.7576902510639116
0.4821137063993626,1.9370753969152854,2.7746252971672334
0.46622569505746775,1.9430320737991293,2.7915597696554917
0.4502390478615764,1.948718695215676,2.8084938191948745
0.4341581694815616,1.9541330810955457,2.825428371291889
0.41798782131795675,1.9592742185413274,2.8423641169807894
0.40173284040106005,1.964141140206778,2.859297257337086
0.3853979180925765,1.968732501560198,2.876232106621203
0.36898769426271905,1.9730468226050724,2.8931670784122234
0.3525067622339774,1.9770825091413096,2.910102176461668
0.3359597611554534,1.9808381367312182,2.9270371703643105
0.31935146591828,1.9843128815325284,2.9439715472811927
0.3026866517138695,1.9875060161536704,2.960905023913931
0.28597016263069486,1.9904167077165653,2.9778392778607374
0.26920679616010157,1.9930439444875607,2.9947740207110414
0.2524013661116532,1.9953867635973843,3.0117095789323205
0.23555871260065236,1.997444591007821,3.0286445949742364
0.21868364536585078,1.999217059595255,3.0455785649871063
0.20178096080694521,2.0007036612624254,3.062512176236941
0.18485555439349102,2.001903891065825,3.0794462447399646
0.1679122017330844,2.0028170744748386,3.0963813391713386
0.15095578135150162,2.0034429371299667,3.113316567284388
0.13399117173372813,2.003781571594294,3.130251164442669
0.1170232578182212,2.003833265474479,-3.1360001312018584
0.10005691750769671,2.0035979526497876,-3.119066591332863
0.08309704659040267,2.0030753552358234,-3.1021321099038386
0.06614856561602207,2.002265109424808,-3.0851978347286297
0.04921632338268751,2.0011677256754665,-3.0682621348634487
0.03230480612346752,1.9997838720412877,-3.05132855502685
0.015419174979238828,1.9981144161524182,-3.034394429135317
-0.0014358640297624527,1.9961594161587821,-3.017460019096977
-0.018255224623518532,1.9939191346288536,-3.000525629230238
-0.035034212199861865,1.991394119812218,-2.983590781233344
-0.05176812147718187,1.9885853250594696,-2.966656312448632
-0.0684520395767526,1.9854937540863566,-2.9497224739582366
-0.08508118363538336,1.9821200176840421,-2.9327881654465173
-0.10165077975526106,1.9784649580535236,-2.915853515197132
-0.11815608042909222,1.9745297912024844,-2.898918752805563
-0.1345924180552718,1.9703159938371106,-2.8819847504869553
-0.15095516541732823,1.9658247187672655,-2.8650514307099875
-0.1672394322176112,1.9610570809494565,-2.8481173738621854
-0.18344050440790638,1.9560139419216762,-2.8311827685197835
-0.19955381009176676,1.9506968059369751,-2.814247413000656
-0.2155748882621361,1.9451075154381599,-2.797312787299453
-0.2314991032856834,1.9392482761388978,-2.7803793916678465
-0.24732187596749503,1.9331206369430727,-2.7634461674912543
-0.263038571459948,1.9267259261767498,-2.746512131842286
-0.2786446175627452,1.9200656236952807,-2.729576855222226
-0.2941355894056892,1.9131418525798733,-2.7126416779295592
-0.3095070591313507,1.905956657264172,-2.6957074821513443
-0.32475475426264555,1.8985122806318462,-2.678774038947769
-0.3398743029774745,1.8908109069384704,-2.6618406383117263
-0.35486126608098756,1.8828546804167625,-2.6449063158060584
-0.3697113791264984,1.874645863102482,-2.627971298524526
-0.38442032088028855,1.8661868183283812,-2.6110367468580558
-0.3989838299814179,1.8574798579908756,-2.5941030472564277
-0.413397705993809,1.8485273173283505,-2.5771693347997666
-0.42765794030780796,1.8393318826833913,-2.560235015392262
-0.4417604339688142,1.8298962765716287,-2.543300197484112
-0.45570126807530953,1.8202235013779768,-2.5263656931074823
-0.469476353572758,1.8103162515145206,-2.5094322571745136
-0.4830817610833208,1.800177226254151,-2.492498541647429
-0.49651341417193984,1.7898090658422596,-2.4755643982825686
-0.5097671248516784,1.7792143877882522,-2.4586297753891273
-0.5228395892324011,1.7683967562056313,-2.4416943567358143
-0.5357273191665438,1.757359716958424,-2.4247613663166594
-0.5484266189192285,1.7461064485018734,-2.407827463906012
-0.5609336188284945,1.7346398595418726,-2.3908936276928143
-0.5732444447862051,1.722962896015121,-2.3739589723521566
-0.5853554302723039,1.7110787540490826,-2.3570240534142797
-0.5972633117331887,1.6989910768501992,-2.340090022108691
-0.6089649401486824,1.6867035937271706,-2.3231569264810275
-0.6204570141682665,1.6742197620536883,-2.3062229710006514
-0.6317362481320389,1.6615434926603292,-2.2892881700229024
-0.6427992172396484,1.6486781092029188,-2.2723531805098016
-0.6536426480220738,1.635627211311907,-2.2554190578082367
-0.6642632660495063,1.6223943608776719,-2.2384860002459908
-0.6746581411487885,1.6089833863858294,-2.2215524459169522
-0.6848244674390235,1.5953983119380628,-2.2046183694078003
-0.6947594442155824,1.5816431185217068,-2.1876836180976325
-0.7044602101892496,1.567721633851883,-2.170748528576813
-0.7139240865052175,1.5536381485899153,-2.153814503115678
-0.7231481809248518,1.5393964606987602,-2.136881295953758
-0.7321295416719265,1.5250004524461982,-2.119947922551647
-0.7408652549735311,1.5104541331148764,-2.103014132647017
-0.7493532794893958,1.4957619136756188,-2.086078328881954
-0.7575917096766884,1.4809283290942608,-2.0691452873617497
-0.765578272241551,1.465957590443916,-2.0522107701120085
-0.7733105209067354,1.4508539097380073,-2.0352769464987266
-0.7807857179622406,1.435621312996746,-2.0183428013634233
-0.7880012585239082,1.420264041212584,-2.00140958233685
-0.7949552048854965,1.404786568782925,-1.9844745297766382
-0.8016462696279548,1.3891936170925459,-1.9675417376442694
-0.8080731702612691,1.37348997950837,-1.950608076965715
-0.8142335450532131,1.3576798951883606,-1.9336726236039856
-0.8201251874604857,1.3417677448211076,-1.9167382632036778
-0.8257460672502768,1.3257578607345288,-1.899804704856687
-0.8310944094669916,1.3096549351299474,-1.8828720497877878
-0.8361693996446077,1.2934636923639538,-1.8659376167143478
-0.8409699708900051,1.2771889571939918,-1.8490055232271216
-0.8454947428405873,1.2608354642440553,-1.832069540640584
-0.8497420665331242,1.2444077488697947,-1.8151345014568885
-0.8537103627524266,1.2279103890580716,-1.7982007099662318
-0.857398181912647,1.211348118479857,-1.781268555875748
-0.8608047093856891,1.19472573678617,-1.7643339992404992
-0.8639294836623332,1.178047936361962,-1.7474016387848228
-0.8667719527492277,1.1613197589813526,-1.7304668950828852
-0.8693311094470995,1.1445459405748897,-1.7135318863989457
-0.8716058469486807,1.1277311282767837,-1.6965980257571136
-0.8735952132898973,1.1108802161118119,-1.6796651463282308
-0.8752983156171946,1.0939979878021748,-1.6627311528129487
-0.8767153016318675,1.077089265225146,-1.6457968140824522
-0.8778461406214391,1.0601589965860427,-1.6288637909752053
-0.8786905255409447,1.0432120316992808,-1.611929369760903
-0.8792480394938692,1.0262532209856967,-1.594995809541631
-0.8795182162204574,1.0092874678498636,-1.5780622016055001
-0.8795003585960329,0.9923196439693743,-1.5611290247987928
-0.8791947915683592,0.9753545265534052,-1.5441933477851775
-0.8786024922303556,0.9583969369689487,-1.5272613125952774
-0.8777238666840018,0.9414517576384608,-1.5103279546233273
-0.8765586294413286,0.9245238386678905,-1.4933941181741712
-0.8751064620622274,0.9076179714544026,-1.4764598274601302
-0.8733678340968373,0.8907393414169109,-1.4595258514690568
-0.8713432678688626,0.8738926552112006,-1.4425915199131467
-0.869034088773351,0.8570825715821541,-1.4256590188740546
-0.8664411431881128,0.8403139654344811,-1.4087262416349957
-0.8635648390870796,0.8235916804814662,-1.3917921421874384
-0.8604055061525867,0.8069204619760764,-1.3748577161612447
-0.8569638204297453,0.7903052528460273,-1.3579238263712448
-0.8532410385907854,0.773750703716519,-1.3409897381706106
-0.8492388088885522,0.7572614381796007,-1.3240577493953096
-0.8449584396301373,0.7408422547949572,-1.307124554299225
-0.8404008047141028,0.724497914922572,-1.2901905529805797
-0.8355668875250089,0.7082331979649832,-1.2732558511358478
-0.8304576885277919,0.6920528681470587,-1.256322086573476
-0.8250751173632731,0.6759613374698432,-1.2393883998351973
-0.8194211744045348,0.6599630765876773,-1.222456421585063
-0.8134975389470156,0.6440626948166562,-1.2055227054412772
-0.8073055837573917,0.6282648373204271,-1.188588893147444
-0.8008468849694732,0.6125742452357714,-1.17165505944999
-0.7941230430396905,0.5969955649385772,-1.1547214679164952
-0.7871363180049616,0.581532939985409,-1.1377883016851902
-0.7798888145221081,0.5661907321319288,-1.1208549033741453
-0.7723828104420646,0.5509732422915559,-1.1039208991773244
-0.764620209160045,0.5358849146928926,-1.086986945348984
-0.7566036059886724,0.5209302148180055,-1.0700538369111454
-0.7483345289363974,0.5061137583510203,-1.0531217979201548
-0.7398154257251403,0.4914396648689028,-1.036187304347405
-0.7310490163615286,0.47691175969494604,-1.0192536811230124
-0.7220380912379508,0.4625341623972361,-1.0023191703814305
-0.7127853196457534,0.44831096233633405,-0.9853854959255076
-0.7032933020987924,0.43424641314191365,-0.9684530740181014
-0.6935643716635521,0.42034478845656437,-0.9515204861663795
-0.6836011097048013,0.40661020689847444,-0.934586680154678
-0.6734063690335295,0.39304650340660896,-0.9176519795545882
-0.6629835075919048,0.37965730112572826,-0.900718477429683
-0.6523355870618777,0.3664462639356807,-0.8837859442232936
-0.6414657331176822,0.35341713426019616,-0.8668530037886856
-0.6303769237227075,0.3405738423362018,-0.8499192683825391
-0.6190722973456305,0.32792028735434536,-0.8329851685755413
-0.6075545360982934,0.3154604961036293,-0.8160515497460501
-0.5958274002943268,0.3031976047639476,-0.7991179023284471
-0.5838945666255416,0.2911346960905913,-0.7821861863409865
-0.5717591799369662,0.27927536819830384,-0.7652525310779215
-0.559424691456061,0.2676231459959293,-0.7483181795076604
-0.5468947503592528,0.2561814432043318,-0.7313836391528189
-0.5341729079338335,0.24495368119324515,-0.7144506110353761
-0.5212627396575379,0.23394308693121338,-0.6975179765527704
-0.5081678665017382,0.22315277708626335,-0.6805852659731872
-0.49489206818561504,0.21258579573259606,-0.6636514548468522
-0.481439294570973,0.20224504247525535,-0.6467175742659055
-0.46781343825154564,0.192133443712061,-0.6297840034756285
-0.4540184460642585,0.18225386437304983,-0.6128508327989908
-0.44005818711673744,0.17260921968792461,-0.5959177962963519
-0.42593652699573803,0.16320245406870615,-0.5789844512970929
-0.41165745375762747,0.1540363616473282,-0.5620504765289964
-0.3972251505098776,0.1451134499230081,-0.5451172100887967
-0.3826438542210375,0.13643612737707758,-0.5281842152895462
-0.3679178780708862,0.12800675243078277,-0.5112515233533579
-0.35305127481684473,0.11982791403591508,-0.4943178975488679
-0.33804832008226426,0.11190197770152457,-0.4773836848982583
-0.3229132757690503,0.10423131926175074,-0.4604499479360176
-0.3076504079197828,0.0968181837765638,-0.4435171149270788
-0.2922642552032995,0.08966441290779613,-0.42658476717054117
-0.2767591948000093,0.08277208917196084,-0.4096521601874054
-0.2611396597577873,0.076143371598119,-0.3927181362678482
-0.24541013205691847,0.06978020294079602,-0.3757838646212024
-0.22957514097018172,0.06368424373658048,-0.35885023988969444
-0.21363922516281256,0.057857054290467655,-0.34191763421840293
-0.19760691212864812,0.05230042345308287,-0.3249852039201498
-0.1814827577931685,0.047016259078615785,-0.3080521124807814
-0.16527139299923266,0.04200607148599896,-0.291118544993465
-0.14897739360626389,0.037271232678518715,-0.27418483652374265
-0.132605631571288,0.03281282264618583,-0.2572514234425991
-0.11616082864197654,0.028631968117689383,-0.24031830306221336
-0.09964764876780155,0.02473000864353353,-0.2233853353158221
-0.0830707826349362,0.02110829818033405,-0.20645211243481698
-0.06643489947320226,0.017768127433865827,-0.18951878291011984
-0.0497448186094387,0.014710224587198808,-0.1725859286041628
-0.033005351645972354,0.011935287501058925,-0.15565331428536267
-0.016221141606224464,0.009444102142197066,-0.13871993590201695
0.0006026801433718278,0.007237277005850463,-0.12178638067313063
0.01746140109059477,0.00531565800450796,-0.10485267525687378
0.03435022686683754,0.0036797570661911165,-0.08791996102567716
0.05126436556395385,0.0023301844155139938,-0.07098741989309261
0.0681989894426719,0.0012671881751205685,-0.05405473308355188
0.08514923049396565,0.0004911063176414487,-0.037121437968007896
0.10211016429327086,2.2914142080613308e-06,-0.020187501110909764
0.11907691746282426,-0.00019935660040249964,-0.003254004627402966
0.1360446538205431,-0.0001139228033069299,0.01367847710941576
0.15300847560689965,0.00025857661674658273,0.030610742758672996
0.1699635350711977,0.0009183739580813652,0.04754338138810017
0.18690496008194218,0.0018655308854846617,0.06447705110632347
0.20382794698809115,0.003099578332795239,0.08141085995174402
0.2207276596573476,0.004619866716013151,0.09834377390470564
0.2375993211158083,0.006425857447748594,0.1152759351316504
0.2544379732913875,0.008517024004249122,0.13220831024974855
0.27123866827546794,0.010892938055200058,0.14914122525800422
0.28799675036753414,0.013553316388129292,0.16607491129612512
0.3047073137365097,0.016497188608310998,0.18300861738639385
0.32136562817511727,0.01972366331760632,0.19994139474054254
0.33796698030167105,0.023231624039091125,0.21687359447546198
0.35450661419876994,0.027020147126722856,0.2338061500333803
0.37097973755114216,0.03108808484943204,0.2507393206953978
0.38738160056017523,0.035434215469969964,0.26767258380785075
0.4037074562113434,0.040057366845008324,0.2846054641172799
0.419952717951337,0.04495632732130626,0.30153809458146497
0.43611267433228385,0.05012987216580914,0.31847087524440393
0.4521827143360493,0.05557648904810365,0.3354042275345877
0.4681582649984079,0.061294449817351625,0.35233740784786766
0.4840347653419389,0.06728187679260875,0.3692700512211708
0.499807612705472,0.07353696662898242,0.38620204834784067
0.515472250496692,0.08005817380176276,0.403134500618131
0.531024106891886,0.08684395945975773,0.420067961870902
0.5464587859846817,0.09389234140707256,0.4370018555200221
0.5617720106602029,0.1012010994815082,0.45393508396109306
0.5769593742343064,0.10876786915145685,0.47086716463416145
0.5920165203085999,0.11659045899110988,0.4877988135857922
0.6069389809942142,0.1246668356034144,0.5047316607817677
0.6217224435721022,0.13299485488301258,0.521665364188255
0.6363627404186755,0.14157217927672522,0.5385991039854825
0.6508557150965805,0.1503962569901723,0.5555317866434507
0.6651972630239272,0.15946452807887124,0.5724638053216817
0.6793832483399763,0.16877415829163503,0.5893962286702193
0.6934096140064304,0.17832255049169252,0.6063294318982645
0.7072722597759588,0.18810698867872178,0.6232629311897471
0.7209672217467386,0.19812466613501833,0.6401960281033557
0.7344905350334235,0.20837286023080287,0.6571281130130131
0.7478382737239869,0.21884875124607292,0.674060481919233
0.7610066531231361,0.22954937148792534,0.6909933217430164
0.7739920352717087,0.24047145196896438,0.7079269889249821
0.7867908275319,0.2516115565651444,0.7248600113136067
0.7993993916021298,0.2629663771883991,0.7417921657690981
0.8118139375673116,0.2745330417829588,0.7587243120113709
0.8240305445631558,0.2863084991636002,0.7756569211812553
0.8360456305299572,0.2982895130512923,0.7925903587888885
0.8478560357033836,0.3104723465958517,0.8095239101515621
0.8594586733644438,0.3228533712871673,0.8264561474064874
0.8708504451295284,0.33542858532383246,0.8433886407189108
0.8820278902328631,0.3481946971942566,0.8603214130348235
0.8929874809678517,0.36114830564396583,0.877254588282395
0.9037255993419427,0.37428610770691095,0.8941869242100421
0.9142393981937328,0.38760410831502934,0.9111211538848399
0.9245265061949771,0.40109798209171693,0.9280519497106379
0.9345840518023933,0.4147637546428367,0.9449843982512406
0.9444089878859852,0.42859773058020484,0.9619181165348148
0.9539982390298476,0.4425960676895543,0.9788518827161766
0.9633486510942494,0.4567550649246062,0.9957840308568564
0.9724576753337343,0.47107058629067505,1.0127170468554667
0.9813231635121882,0.48553827320309806,1.029648078834
0.9899427143842975,0.5001538368771562,1.0465806570245575
0.9983137209624726,0.5149131283754808,1.0635147982105229
1.0064336615154503,0.529811949169474,1.0804484595081476
1.014300116279478,0.5448461775376647,1.0973810820885628
1.0219107082074794,0.5600115160271244,1.1143125986316205
1.0292631624488247,0.5753036964237427,1.1312448893658988
1.036355661762927,0.5907182084575545,1.1481773108281499
1.043186325970429,0.6062505087405967,1.1651102984664026
1.0497532846875763,0.621896092897924,1.18204362922946
1.056054469931715,0.6376505994263307,1.1989762364960637
1.0620878425217521,0.6535095579833516,1.2159086514841222
1.0678515062716993,0.6694685205724856,1.2328413775702505
1.0733440199530873,0.6855229073153022,1.2497739032077009
1.078564002666287,0.7016681433053796,1.266706309425332
1.0835102538404626,0.7178992438324826,1.283638542876735
1.0881811305768796,0.7342116043478203,1.3005713327881903
1.0925751406982,0.7506006184273644,1.3175044734480266
1.0966907189240727,0.7670617595484794,1.3344375382018214
1.100526473178548,0.7835903307040228,1.3513697304570342
1.1040818693034042,0.8001815447533747,1.3683025363500259
1.107356324667078,0.8168305967544951,1.385232969784036
1.1103489423575188,0.8335326080340136,1.4021661574493118
1.1130582547936003,0.8502828713521974,1.419099741017027
1.1154831082651748,0.8670766338102899,1.4360328253560162
1.1176227141286548,0.8839090701368606,1.452965005769472
1.1194770625999722,0.9007753704182527,1.469897681090281
1.1210461625617112,0.9176706219027799,1.4868281182139083
1.122329313691342,0.9345899964548537,1.5037612412987387
1.1233258161828177,0.9515286449480135,1.5206945715930633
1.1240351773811652,0.968481763604131,1.537627596261824
1.1244569593987648,0.9854445181052539,1.5545593069028754
1.1245912254777513,1.0024118507261057,1.5714916880213452
1.1244382617197077,1.0193792217880633,1.5884234895550646
1.1239984955989517,1.0363414934414101,1.605356072502639
1.1232719151998174,1.0532938486315653,1.622289105181469
1.1222584286211001,1.0702314970474867,1.6392215042392388
1.1209581288989616,1.0871495564732983,1.6561536610412277
1.119371279729322,1.1040430704113953,1.6730858767475039
1.1174982108617184,1.1209071975631353,1.6900175704806837
1.1153397990753973,1.1377372311936442,1.7069510394560456
1.112897103472504,1.1545284938645282,1.7238823305041135
1.1101711612168492,1.171276031660751,1.7408146325535447
1.1071620370143052,1.1879751304566468,1.7577472550307847
1.1038702320202785,1.2046206787068965,1.7746796199200758
1.1002965530225124,1.2212079911947722,1.7916130599273334
1.096442457791069,1.2377324634556262,1.808544832386853
1.0923096530483132,1.2541894552922164,1.8254762963093867
1.0878991233654542,1.2705741160940234,1.842408093155611
1.0832118616888013,1.2868817092540477,1.8593407472430368
1.0782487408428398,1.30310748258685,1.87627398464294
1.0730111842597796,1.3192468018148387,1.893207336664845
1.0675012743508794,1.3352952348694576,1.910138890912339
1.0617207787702057,1.3512482119179594,1.927069661380975
1.0556712116950915,1.3671010910841501,1.9440013531186229
1.0493540977056306,1.3828492074935752,1.9609341663391056
1.042771014723919,1.3984879715234482,1.9778675684374765
1.035923873122087,1.4140129364800438,1.994800275686827
1.0288148645048194,1.4294197836994162,2.011731888842806
1.0214461484262816,1.4447041842946253,2.0286631162982878
1.0138197058848768,1.4598616876361024,2.045595137187795
1.0059378107158337,1.4748879029820403,2.062527714182132
0.9978027469912452,1.4897784531106697,2.079460418075086
0.989416683170147,1.5045289986627288,2.0963923070903934
0.9807819598848974,1.519135449552311,2.113324384595644
0.9719009657656171,1.5335935901018531,2.1302566648735053
0.9627763970318142,1.547899352445997,2.147189496636509
0.953411087793105,1.5620486307772168,2.164121631032166
0.9438077467241369,1.576037378487194,2.181053101446491
0.93396907425345,1.589861534854671,2.1979846557274634
0.9238975976689854,1.6035169956628534,2.2149166532831037
0.9135961186324053,1.6169998896905253,2.2318497896617893
0.903067747405021,1.6303064182839182,2.2487827845643507
0.8923155395740117,1.6434327740505221,2.2657146704079634
0.8813429351374406,1.6563754347645077,2.282646093578562
0.8701529244391013,1.669130530350619,2.299577637619456
0.8587485090983926,1.6816942171771163,2.3165101774502466
0.8471327134030436,1.6940626829811303,2.3334430601096043
0.8353090882785442,1.706232699340167,2.3503756590577036
0.8232812064230419,1.718200994518666,2.3673069735436543
0.8110525683538361,1.7299641000383006,2.3842386435995704
0.7986266319594132,1.7415185430493552,2.401170822161872
0.7860068023917701,1.7528608830624903,2.41810394185697
0.7731967360473292,1.763987800701376,2.4350363426027704
0.7601998529163297,1.7748958399621946,2.451967247967402
0.7470199216904339,1.7855821409658692,2.468899809114207
0.7336611329824554,1.7960441198518575,2.4858304644211264
0.720127388423508,1.8062788164652375,2.5027639114161815
0.7064224554599516,1.8162830285643359,2.5196971704799607
0.6925500931596352,1.8260536344300962,2.5366290929770865
0.6785140217969796,1.835587467410179,2.5535595470900816
0.6643183581148664,1.8448821465903529,2.5704925031821038
0.6499673061357711,1.8539353174561024,2.5874233421664363
0.6354650999906646,1.8627443518296374,2.604356279054092
0.620816068378325,1.8713068381672664,2.6212887634582605
0.6060242851817237,1.8796200913775574,2.638220939285371
0.5910938960869278,1.8876816684913267,2.6551526388668463
0.5760288890618932,1.8954889339682157,2.6720850139384034
0.5608337892164021,1.9030399239321012,2.689017218877268
0.5455129272998411,1.9103325829480942,2.7059490429162203
0.5300708500132422,1.9173650446858024,2.722880455637096
0.5145120639824701,1.9241352296212235,2.7398123175309173
0.4988409463480291,1.9306410452762035,2.756744769968413
0.483061921733213,1.9368804146360261,2.7736776750718684
0.46717942034871524,1.942851349359874,2.7906098424672248
0.4511980164208122,1.9485525626423492,2.8075415205496657
0.43512243935197414,1.9539827178655789,2.8244721201580703
0.4189572611946741,1.9591401774211572,2.8414036305832515
0.4027071105920469,1.9640231152991106,2.8583362616661114
0.3863764933793488,1.9686298038117116,2.8752693092670296
0.3699702659930399,1.9729593693551069,2.8922018323181615
0.3534931597674151,1.9770106906795677,2.9091329624151814
0.336949823718116,1.9807826968971034,2.926064167512078
0.3203448771586749,1.9842739291413214,2.9429956403514037
0.3036831547433603,1.9874834458948138,2.9599282610800275
0.2869695241872095,1.9904102189284816,2.9768605465357942
0.27020877407025684,1.9930536402846595,2.993792712611844
0.2534057154819366,1.9954131170129579,3.010723976747297
0.23656514238991036,1.9974878762055908,3.0276556959977277
0.21969188991284821,1.9992772121369742,3.0445876295879444
0.20279072537610363,2.0007804359169055,3.061519651935805
0.18586648423206129,2.0019971722120085,3.078451286801939
0.16892394295329724,2.0029271920216742,3.0953828853578846
0.15196807355115552,2.003570246313615,3.112314543815666
0.1350038611931079,2.003926171040236,3.1292467026794077
0.11803610509358096,2.0039948198116453,-3.1370064401966835
0.10106967591277588,2.0037763619106888,-3.120074869572326
0.08410936900230903,2.003270738827241,-3.1031436338419636
0.06715996821428441,2.002478094944274,-3.086212271822576
0.05022629210137151,2.001398273480983,-3.069280067734733
0.0333133656112053,2.0000317093235735,-3.0523475913368645
0.0164260154693227,1.9983789640049008,-3.0354155113296613
-0.00043091100486764933,1.9964407609728783,-3.0184844125757895
-0.017252567776525007,1.9942177421133616,-3.0015535805858082
-0.03403411560423365,1.9917103490458847,-2.9846221317356743
-0.05077072846183333,1.9889190002240211,-2.967689781416641
-0.06745769804434927,1.9858443510902326,-2.950757037042285
-0.08409035520516346,1.982487639462064,-2.933825220881816
-0.10066386583972914,1.9788500108814793,-2.91689437840747
-0.11717341853930778,1.9749323529491394,-2.8999636553947625
-0.13361421914777522,1.9707358016012793,-2.883031989825886
-0.149981526179973,1.9662614554010416,-2.8660996494169813
-0.16627065989705747,1.9615104110428867,-2.8491673828017237
-0.18247709571414286,1.9564842636535649,-2.832235772241873
-0.19859616818592,1.9511845960673284,-2.8153047513709795
-0.21462324981945352,1.9456127824700897,-2.798373570612647
-0.2305536623940671,1.939770440045304,-2.7814416219424736
-0.24638283270513772,1.9336592650695115,-2.7645096279679433
-0.26210631158994474,1.9272810063207828,-2.7475778762604532
-0.27771955194231396,1.9206376229190563,-2.7306468168800766
-0.2932180129855804,1.9137305991663456,-2.7137154418064946
-0.3085972362580422,1.9065618969661557,-2.6967833374710484
-0.323852891400485,1.8991338227570727,-2.6798512297525656
-0.3389806370129881,1.8914486374035187,-2.662919990731536
-0.35397618460684366,1.8835087390835543,-2.645989160748389
-0.3688351631535254,1.8753163180540986,-2.629058040670804
-0.383553172454033,1.8668731813851571,-2.61212600030319
-0.39812607324337734,1.8581818389483362,-2.59519331233854
-0.4125496993482067,1.8492448510669273,-2.5782614060776186
-0.42682014148892244,1.8400649800980051,-2.5613304623848254
-0.44093328221878564,1.8306452393345891,-2.5443997721544345
-0.4548849109264879,1.8209880309435444,-2.527468185363696
-0.4686708665813736,1.8110958982549759,-2.510535893573662
-0.48228695298879504,1.8009713325975207,-2.493604431407865
-0.495729609360716,1.7906174891317113,-2.4766715099096577
-0.5089953836585572,1.780037902471157,-2.4597420332788844
-0.5220805103991313,1.769235629092951,-2.4428101848896686
-0.5349809183312133,1.7582134089631576,-2.425878206389789
-0.5476926504334739,1.7469741514592314,-2.408946031921405
-0.5602118763535833,1.7355209923955242,-2.3920147712234026
-0.5725353725437545,1.72385743575847,-2.3750832028528257
-0.5846598660813348,1.711987079031343,-2.3581531615755287
-0.5965818461202267,1.6999131837155008,-2.3412208412277717
-0.6082976956650853,1.6876392203530317,-2.3242882890750756
-0.6198039970738349,1.6751687568548157,-2.307356177202837
-0.6310973717678322,1.6625051952155676,-2.290425003082217
-0.6421746621264727,1.6496521315547352,-2.273494256057255
-0.6530328545813489,1.6366133074321643,-2.256562836364512
-0.6636686550083222,1.6233924572215137,-2.2396310483050828
-0.6740791045640201,1.6099934647069623,-2.222698889112995
-0.6842612945002318,1.5964203001205906,-2.205767408400419
-0.6942122404380908,1.5826767890649227,-2.1888362123486913
-0.7039291454456793,1.5687668216880095,-2.171904719257503
-0.7134090510270429,1.5546941967847339,-2.154972945433145
-0.7226492144973706,1.54046290047094,-2.1380410022580905
-0.7316470195229754,1.5260771064621224,-2.121109945879539
-0.7404001071606806,1.5115411454611116,-2.1041790222141574
-0.7489059383734411,1.4968591515565672,-2.0872478166140556
-0.757161947061103,1.482035289695997,-2.070315465916573
-0.7651657577016671,1.4670737778728173,-2.0533830588658106
-0.7729151746742471,1.4519789172590032,-2.0364514354279732
-0.7804079957226305,1.436755002516028,-2.019520888260293
-0.7876418952990994,1.4214063309925853,-2.00259053934866
-0.79461476151384,1.4059373453828143,-1.985658934632304
-0.8013246272342249,1.390352548146024,-1.9687268263901123
-0.8077697313393476,1.3746563842428425,-1.9517945555372371
-0.8139483328820643,1.3588533072468774,-1.9348628360405205
-0.8198587603299533,1.342948072295374,-1.917932183659198
-0.8254988660937312,1.3269449398786728,-1.9010017012818883
-0.8308669168034221,1.3108485735488697,-1.8840701977979817
-0.8359615646304679,1.2946635406663274,-1.8671384395151382
-0.8407815683840959,1.2783945697794468,-1.8502066723778618
-0.845325814256326,1.2620464266793607,-1.833274931921389
-0.849592808867188,1.245623800988575,-1.8163436955528434
-0.8535808679517656,1.229131260612369,-1.799412735434915
-0.8572887008275136,1.2125734396169487,-1.7824806381702012
-0.8607157603730956,1.1959551849544652,-1.7655499482915735
-0.8638612881132157,1.1792813184128885,-1.7486190258229932
-0.866724303488629,1.162556607654951,-1.7316876580816614
-0.8693037333719453,1.1457858669775738,-1.7147557640343587
-0.8715985462487189,1.1289739019642515,-1.6978242347287789
-0.8736078110245161,1.1121254097549456,-1.6808928849453382
-0.87533185200327,1.095245285358408,-1.6639614645492125
-0.876770516972586,1.0783383972286562,-1.6470321039205482
-0.8779230562226978,1.0614096229643675,-1.6301001241455126
-0.8787885268840587,1.0444637577653646,-1.613168320824193
-0.8793663792948352,1.027505690251255,-1.5962366905157743
-0.8796566250276648,1.0105403101900723,-1.5793045963498022
-0.8796598614560308,0.9935723567142661,-1.5623748716163075
-0.8793765001922,0.9766067829657374,-1.545444596002687
-0.8788061486576773,0.959648401199953,-1.528512921251824
-0.8779486147579895,0.9427020559006244,-1.5115808280729597
-0.8768036671973902,0.92577283760705,-1.494649724634714
-0.8753720852792994,0.9088654318552637,-1.4777179969716894
-0.8736546731167603,0.8919845211847541,-1.460788534787617
-0.8716521927094999,0.8751350481043353,-1.4438571161300309
-0.8693649692040624,0.8583219855359959,-1.42692543964457
-0.8667934046089868,0.8415501475991191,-1.409993686752425
-0.8639378313275806,0.8248243042432588,-1.3930626267807482
-0.8607991303145218,0.8081492346499799,-1.3761317463722096
-0.8573784542294413,0.7915296526695438,-1.3592013629662387
-0.853677149950912,0.7749702269993466,-1.3422703876732116
-0.8496963420502044,0.7584758065861695,-1.3253388379662479
-0.8454372265132111,0.7420511416992104,-1.30840774234618
-0.8409005770213805,0.7257010284965328,-1.2914768747595489
-0.8360873795577758,0.7094302140589219,-1.274546311503703
-0.8309988135698378,0.6932433783526026,-1.2576139505965926
-0.8256369650634511,0.6771448631936644,-1.2406832096994194
-0.8200037320078937,0.661139127589625,-1.2237524114431961
-0.8141009811548003,0.6452309247141075,-1.2068218342885342
-0.8079299638221851,0.6294249233745853,-1.1898911702768644
-0.8014917791149048,0.6137260064120974,-1.1729602839032987
-0.7947878254111631,0.5981387537585081,-1.1560281737601072
-0.7878206933263426,0.582667267543102,-1.1390952615508363
-0.7805933463953515,0.5673155882882016,-1.1221668287688447
-0.7731079714206646,0.5520880062168859,-1.1052356240543424
-0.7653659223532313,0.5369892614144137,-1.0883052436278218
-0.7573686262067879,0.5220242135037381,-1.0713744499095308
-0.7491186087418809,0.5071970784950318,-1.0544412398862568
-0.7406187403496768,0.49251165803962976,-1.0375107002374813
-0.7318717921646319,0.4779719765237815,-1.0205806378754296
-0.7228804430116755,0.46358219164127296,-1.0036498325596508
-0.713646879138477,0.4493465265148034,-0.9867184826088291
-0.7041733738419763,0.4352694298447827,-0.9697867848795547
-0.6944626056078671,0.42135522331553904,-0.9528566215959651
-0.6845172123990368,0.4076077804307014,-0.9359248006866705
-0.6743406781786135,0.3940304085742388,-0.9189950926112872
-0.6639361294933062,0.3806268358408614,-0.9020640780748622
-0.6533064038811741,0.36740104584025857,-0.8851315738591468
-0.6424543115130217,0.354357150107893,-0.8682003338988136
-0.6313828138482374,0.34149911503057623,-0.8512701747488517
-0.6200948323119367,0.3288308490366373,-0.834340542862782
-0.6085939180830867,0.3163555093778603,-0.8174084775922654
-0.596883509106397,0.3040763968002719,-0.8004781315894873
-0.5849670849218542,0.29199701057264976,-0.7835456433435776
-0.5728480178515257,0.2801209660236171,-0.7666147952545364
-0.5605296832371698,0.2684519119305944,-0.7496844742835678
-0.5480153192941715,0.2569934748863651,-0.7327541657212392
-0.5353086203864168,0.245748572564079,-0.715822274229208
-0.5224134398097053,0.23472028510552884,-0.6988910413640324
-0.5093335071521223,0.22391174479978831,-0.6819599873324539
-0.4960725597257404,0.21332608466713016,-0.665029957672799
-0.48263425927240833,0.2029664411248597,-0.6480993964713777
-0.4690223859164083,0.19283599659998113,-0.6311680217184603
-0.4552409401842629,0.18293769129815093,-0.6142361425760611
-0.44129387089102895,0.17327417324924554,-0.597304899852377
-0.4271850983568475,0.16384802097723397,-0.580374635098197
-0.4129189271718326,0.15466178737192746,-0.5634447123333707
-0.3984991608046075,0.1457183844139412,-0.5465138554729576
-0.3839300817195776,0.13702053344339646,-0.5295821261194462
-0.36921582654728935,0.12857080686069725,-0.5126504614004139
-0.35436066454476944,0.12037136863713123,-0.49571915077788203
-0.33936891317966633,0.1124244284060705,-0.4787890807256852
-0.32424466755908893,0.1047323801096898,-0.46185880305022975
-0.30899227924351735,0.09729746575758869,-0.444927861605676
-0.29361623544126525,0.09012192060916827,-0.4279968048201481
-0.2781208458347066,0.08320785333519662,-0.4110657800111169
-0.26251073277589637,0.07655709982388861,-0.39413503066135397
-0.2467903424436155,0.0701715204871249,-0.3772041888297687
-0.23096414055885414,0.06405295644667619,-0.3602731817688766
-0.21503658800590317,0.058203129325282627,-0.3433420438144242
-0.19901217406441823,0.05262387890352541,-0.32641140006069586
-0.18289551502151258,0.04731678238130469,-0.3094811813348199
-0.16669129773716582,0.0422832523282128,-0.29255072517080716
-0.15040421309929117,0.03752484075059451,-0.2756196843812731
-0.13403890535315177,0.033042900114898445,-0.25868803008665886
-0.11760012652729253,0.02883865089732303,-0.2417567819740435
-0.10109255675655981,0.024913145744830334,-0.22482642353377646
-0.08452092704068137,0.021267500309075062,-0.2078965585455592
-0.0678898593834787,0.017903031984581787,-0.19096640647678317
-0.051204075395470935,0.014820919482456207,-0.17403502667568277
-0.03446860803879802,0.01202187713969109,-0.15710346065174502
-0.0176881384598416,0.009506489040597962,-0.1401720906312999
