x,y,theta
0.4292883503252678,-0.012393904007794674,-1.2910884443652695
0.42928835350320177,-0.012393915398069855,-1.2910884436454448
0.42928835833707363,-0.012393932196850501,-1.291088442928499
0.4292883645052944,-0.012393953644358632,-1.2910884421421422
0.4292883686117079,-0.012393968042146274,-1.291088441327714
0.4292883668996397,-0.012393961931333101,-1.2910884408687018
0.4292883653575188,-0.012393956761221304,-1.291088440397884
0.4292883604054327,-0.01239393914053059,-1.2910884399738014
0.429288356276097,-0.012393925147798775,-1.2910884395581956
0.4292883528914829,-0.012393913352429252,-1.2910884391150175
0.4292883523735827,-0.012393911445009292,-1.2910884385187367
0.4292883547334461,-0.012393919437613239,-1.2910884378417062
0.42928835994285064,-0.012393937815730914,-1.2910884370675644
0.4292883675230987,-0.012393964357686948,-1.291088436240447
0.429288371164567,-0.01239397691116316,-1.2910884354804362
0.42928837448329343,-0.012393988640864136,-1.2910884348399638
0.42928837234505735,-0.012393981075781223,-1.2910884343263829
0.4292883686471061,-0.012393968292968694,-1.2910884339257653
0.42928836421321365,-0.012393952999720006,-1.2910884334393788
0.4292883617892682,-0.012393944532342669,-1.2910884330181982
0.42928836072242993,-0.01239394082098679,-1.2910884324610927
0.429288362164084,-0.012393945770973407,-1.2910884317938252
0.42928836647109586,-0.01239396058904697,-1.2910884310699131
0.4292883736328043,-0.012393985490900887,-1.2910884302332797
0.42928837819791793,-0.012394001716745187,-1.2910884294563458
0.42928838072707554,-0.012394010552093165,-1.291088428798443
0.42928837634259365,-0.012393995066497287,-1.291088428415556
0.4292883749109559,-0.012393990314411246,-1.291088427918981
0.42928836763891387,-0.012393964659303659,-1.2910884275550665
0.42928836556330907,-0.012393957692957806,-1.2910884270599776
0.42928836589441555,-0.012393959027512346,-1.291088426463423
0.4292883675322144,-0.01239396472314604,-1.2910884258250532
0.4292883709515734,-0.012393976586462178,-1.29108842512369
0.429288377211984,-0.012393998249870605,-1.2910884243215808
0.42928838540456554,-0.012394026978078797,-1.2910884233930657
0.42928838587997337,-0.012394028380890713,-1.2910884228098056
0.42928838607589787,-0.012394029358519073,-1.2910884222949017
0.42928838272634323,-0.012394017761555168,-1.291088421780341
0.42928837558350313,-0.012393992771873183,-1.2910884214887055
0.4292883726230796,-0.012393982316355898,-1.2910884210409042
0.42928837253814683,-0.012393982019481092,-1.2910884204108766
0.42928837526259656,-0.012393991833122559,-1.2910884197056207
0.4292883796457669,-0.01239400706432168,-1.2910884190192118
0.429288385365319,-0.012394026951189414,-1.2910884182391604
0.42928838902470157,-0.012394039794571605,-1.2910884174278263
0.42928838686812165,-0.012394032136979002,-1.2910884169858088
0.4296067996334193,-0.013503106142343511,-1.291003588382695
0.4302444296250845,-0.015722627872821308,-1.290765278614228
0.43104604391213613,-0.018520185607951732,-1.2943763692510284
0.43198526776169016,-0.021904882022560128,-1.308755803957768
0.43301552128164583,-0.025907095917393833,-1.331056604197532
0.43408677376523364,-0.030536916426875494,-1.3578032637596948
0.4351406911950315,-0.03580258586013616,-1.3913853005582018
0.436095211853171,-0.0417233672561526,-1.433160701823428
0.43685423920432315,-0.048310718601300644,-1.4812960361736458
0.43731665442325557,-0.055560684387808465,-1.53533027809286
0.43736597625016993,-0.06346093799392309,-1.5963686479188839
0.43686819516131536,-0.07198650814651239,-1.6643534440286194
0.4357600755211306,-0.08057126789280832,-1.735030537141779
0.4340430977520001,-0.08915073125967742,-1.8022029662824446
0.4317366034155386,-0.09768356188009696,-1.8687548304179376
0.4288314872519462,-0.10612188872951647,-1.9374585111208011
0.4253240850835787,-0.11440767366734246,-2.0060303510229227
0.4212339094302526,-0.12249187262034208,-2.0734010961897935
0.4165808219676844,-0.13032990374653503,-2.1410881869159017
0.4113801152024321,-0.13787229644272553,-2.209357831305941
0.4056552679832619,-0.1450704325301201,-2.2773002056717457
0.3994384569257754,-0.15188373911951294,-2.3450061650165015
0.39276210701450154,-0.15827178171139783,-2.4129580271199287
0.38566171784513364,-0.1641957774948256,-2.4809734503891487
0.3781780159298696,-0.16962241123375316,-2.5488253579655415
0.37035437706197516,-0.17452245904601754,-2.6166756380810847
0.36223622154790774,-0.17887089110428384,-2.6846134973007953
0.3538704561296789,-0.18264419685688832,-2.7525312818870615
0.34530684266546674,-0.18582638425795242,-2.820408172670023
0.3365959673607117,-0.18840528463601422,-2.8883067605481503
0.327928069664762,-0.19037865147070684,-2.956521302548108
0.31944066156064366,-0.19166369214179915,-3.0290199246124945
0.3110134081853307,-0.19230104790751745,-3.1040891574148137
0.30256891997647073,-0.1923411361687245,3.1066985072546864
0.29405047087723424,-0.19178407130173555,3.0366570121438268
0.2856049808288577,-0.19060134830329178,2.967888824261209
0.27732469527864656,-0.18885506046078238,2.8997467749651005
0.2692784077389702,-0.18657793971132922,2.831949590866472
0.26151789700632866,-0.1838023003958244,2.7643516287394427
0.25408489894235714,-0.18056278962513,2.6968806246243733
0.24701388934562418,-0.1768957891260109,2.6295040426600216
0.24033430576597384,-0.17283958992142578,2.562201316924122
0.23407122670453634,-0.16843415404096557,2.4949550490400485
0.228245305568584,-0.16372063126656433,2.427749703402739
0.22287293524471968,-0.15874180457106435,2.360577390401962
0.21796579890630222,-0.15354033156115576,2.2934330325905044
0.21353115468373723,-0.14815858673954663,2.2263171908815416
0.2095719147236472,-0.14263828288648073,2.159235619784766
0.20608706075877478,-0.13702036873382084,2.09219440299131
0.20307207187927898,-0.13134488905393252,2.025196025198506
0.2005191497668584,-0.12565072040377498,1.9582387337173965
0.19762681338414856,-0.11783915322438325,1.8916644264628881
0.19557323492802198,-0.11091668998161883,1.8257993681421874
0.1942244608680954,-0.10496824146850058,1.760349727424287
0.19342774929733075,-0.09997310962748363,1.6964355242029658
0.1929771271119029,-0.09527957245259357,1.635468179699319
0.192802095533057,-0.09067434831906544,1.5791629973622743
0.19287950464171913,-0.08612198279689971,1.527058941889786
0.19317795611991967,-0.08159742271833412,1.4803612065597862
0.19365703714780405,-0.07726319087317132,1.4375562412661735
0.1943186130221535,-0.07296866278204667,1.3933658308103072
0.19517989992016127,-0.06869278081803218,1.344959292910972
0.1962539925771699,-0.06445716304541436,1.2944098771299035
0.19753510011465714,-0.06029960467487158,1.2440805455500032
0.19903136108937383,-0.05619140334579418,1.1935215855117127
0.2007389624383527,-0.05216457568688869,1.1417469275415808
0.2026319024460102,-0.04827164289807087,1.089956570299084
0.20475909256004846,-0.0444158014746936,1.0392214840022045
0.20708489841231756,-0.04066448745364988,0.988547142888917
0.2096081712216752,-0.03702214237215634,0.9381370167438808
0.21218425594022663,-0.03367203138471503,0.888645307501577
0.21486679130984104,-0.030522979997089767,0.8376075181516786
0.21769130682833587,-0.027540215968300003,0.7853313132676312
0.22075348307241693,-0.024626431512302364,0.7342162040803475
0.22404111343913413,-0.021773004890886464,0.6910611260086137
0.2274356357689894,-0.019064492827042305,0.6562946767701396
0.2309565903459774,-0.016463262880192515,0.6152971312973585
0.23463237091731712,-0.013984339330792009,0.5724137424495166
0.238362730627139,-0.01168262882748887,0.5349911446828608
0.2421340468306739,-0.009538568582224911,0.4998282994978857
0.24599608201093684,-0.007521133684861651,0.4637821604449905
0.24991519458155775,-0.005649215640888276,0.42894981613448846
0.25389318108999964,-0.003910874634089766,0.3965648580810457
0.25793039822182995,-0.002296958469943468,0.36531803234866095
0.2620282450176258,-0.0008038932424590094,0.33484674893754723
0.2661797759986036,0.0005702647337890112,0.3058860571631305
0.2703987380162507,0.0018362400140917575,0.2784790788476842
0.27468678658789314,0.002998763476632466,0.2522457589777532
0.27904501890851896,0.004061289067715192,0.22724184323386434
0.28324890938513364,0.004978445706463268,0.20357858822105568
0.28751729714140806,0.005807213012559285,0.18110682624665103
0.29185398500066617,0.00655136083610136,0.15987736740407302
0.29625372266724925,0.00721367173249872,0.13999893316850687
0.3007186078401883,0.007798808608931483,0.12137470671378435
0.3050084168239007,0.008282677305870494,0.10375566353311932
0.30935444351480174,0.008697291865521454,0.08703839438310955
0.3137617504283006,0.009046517754984931,0.0716148683630371
0.31823354273370136,0.00933481361209365,0.05750119856373215
0.3225225657788492,0.009552857204381206,0.04422762854833327
0.3268695497990136,0.009717573296379815,0.03158282934718092
0.33128012346481917,0.00983170516979958,0.020170588612295384
0.3357580351192089,0.00989960084124514,0.010016865071981016
0.34004945604865283,0.009922958233380765,0.0005050292988781809
0.3444029188775837,0.009906233955217914,-0.008587245318677876
0.348824443812459,0.009851465137769152,-0.016538259558500298
0.3533181559946457,0.00976258027291764,-0.023344714074453994
0.35762382130469683,0.009649849075796049,-0.0296919867727362
0.36199646379305417,0.009508114667362424,-0.0357827120225112
0.3664431079614903,0.009338958114722296,-0.04085738298336487
0.3709678729589115,0.009145831719891669,-0.044919321020441445
0.37530178596235325,0.008944553700134862,-0.04866917995276235
0.3797069335208918,0.008723453215496996,-0.052324644391953036
0.3841906646402955,0.008483499490409387,-0.05511131005829878
0.3884848592562262,0.008243295176537893,-0.05727554284441798
0.39285951254477564,0.007988980705943493,-0.059449884795615485
0.3973221694486479,0.007720686752986798,-0.061023587562851235
0.40159685318315375,0.007458345718180389,-0.06200574351231551
0.40595323012078816,0.007186646846308313,-0.06298433704133412
0.41040615193455066,0.006905173461441253,-0.06350419383638707
0.4146722660795542,0.006634407431467491,-0.06354346375286145
0.41902824702214564,0.006358117150822766,-0.06361799188609227
0.4234900913723636,0.006075058406070202,-0.06333289186645624
0.42776707422250765,0.005805912012353753,-0.06262979645998855
0.4321426518185325,0.0055335535823127675,-0.061933055866998175
0.43662452997640355,0.005258230771163219,-0.060953426141818645
0.440921019799017,0.004999238253456428,-0.05969899794022481
0.44532285211519823,0.004739311374915312,-0.0585060209581026
0.44983774289637374,0.004478495533025935,-0.057074098919686546
0.45416628997333996,0.004235215789140208,-0.055426107460401955
0.4585991401936451,0.003993163250036044,-0.053875847898146284
0.46284891234283343,0.0037677641968956576,-0.052272306089668236
0.4672136271877767,0.003543468777429089,-0.05059428527648112
0.4717010143003941,0.003320667936988574,-0.048738117372379125
0.4760036722072231,0.0031151574522935528,-0.04683530366174545
0.4804194838586185,0.0029123600478179945,-0.04504175004996261
0.4849631597197416,0.0027120184459512534,-0.04311932534498848
0.4893203407578518,0.0025285125632083572,-0.04111541404853829
0.49379528270554224,0.002348692625115452,-0.03923902119900215
0.49808639288084255,0.002184219848498023,-0.03737760843902391
0.5024980081384917,0.0020232904856966752,-0.03551157144427384
0.5070454818144394,0.0018659429972755597,-0.03359992223047563
0.5114068177677881,0.00172330951696326,-0.0317159612000359
0.5158929964955243,0.0015847615030531682,-0.02993176775518542
0.5201951183889063,0.0014594752238029835,-0.0281637755703886
0.5246246359021194,0.00133819131679385,-0.026431488760986263
0.5291896975560288,0.0012210293728338352,-0.02471262987999942
0.5335677926070075,0.001115969740436974,-0.023036783644354925
0.5380699916461953,0.001015323433069097,-0.021445168610010633
0.5423873715177432,0.0009255388157662687,-0.019895325200719172
0.5468314815914482,0.0008398673956814527,-0.01839514092285867
0.5510928130682233,0.0007639777656675024,-0.01695075406975457
0.5554824187640386,0.0006919491462022838,-0.015571734935474252
0.5600076875222498,0.0006238350910940453,-0.014230359232318284
0.5643455734982342,0.0005642258010763017,-0.012937433672478307
0.5688078840966294,0.0005085378727081347,-0.011714485280719101
0.5730849898354445,0.0004602435060655587,-0.010545529093761002
0.5774891596671952,0.0004155849469349371,-0.009425741605885203
0.5820282956079418,0.00037455110345530605,-0.008363971568024941
0.586379385264683,0.00033969652093649626,-0.007361073633711016
0.5908542469117064,0.00030823937682729205,-0.006407286218744743
0.5951438046062245,0.00028203969149287234,-0.005498806689937748
0.5995608042183281,0.00025901382123674484,-0.0046382299824492225
0.6041138323653886,0.0002390933103331482,-0.0038454584659072134
0.6084804034236495,0.00022331882071381962,-0.0031129409455405905
0.61297140247583,0.00021032425781272938,-0.0024128170716360493
0.6172780540023823,0.00020076404173687636,-0.0017565542448064926
0.6217118184601894,0.00019375038137402074,-0.0011461313926703957
0.6259637389543443,0.0001894995401661054,-0.0005814960256226997
0.6303452119685009,0.00018754152961903718,-5.077467417800068e-05
0.6348644224369505,0.00018782657212465813,0.0004238700970556341
0.6391984986422418,0.00019002907816416918,0.0008518805702248615
0.6436585123420444,0.0001941806733588731,0.0012606857087607123
0.6479353770155158,0.00019981412784388084,0.0016336757043598634
0.6523407176525791,0.00020721115841257633,0.001972686876743508
0.6568826502415105,0.0002162980779470453,0.002264209659048393
0.661238400936152,0.0002261809477937135,0.0025217754900261438
0.6657190881556503,0.00023750026285505264,0.0027679807286196175
0.6700156835717699,0.0002493367690759625,0.002984555082080827
0.6744398375548974,0.00026245405939183267,0.0031758455312762518
0.6788426582712345,0.00027629099121482,0.0033355479611490847
0.683169427980948,0.0002905383991929859,0.003476115058113627
0.6874349051808812,0.00030516760878608883,0.003606322867026986
0.6916966510206662,0.00032032929099961996,0.003717425379858034
0.6959641193275495,0.00033594165938593065,0.0038036004683521174
0.7002184279292033,0.0003518470523714494,0.003871748751865644
0.7044852029928139,0.00036807955971487503,0.003926047040600044
0.7087939312370374,0.00038468900509388296,0.00396149254566835
0.7130430377364987,0.0004011914706611953,0.003980316646819619
0.7173606778035581,0.0004180420959523956,0.0039894252287968265
0.7216485729714703,0.00043497388329730483,0.003984134731553975
0.7259115383893394,0.00045144087447946947,0.003968940792138384
0.7301585270574558,0.0004682034229161324,0.00394634379524706
0.7345784703866128,0.0004853105999429904,0.003909254366908847
0.73900653488339,0.0005022056702762396,0.0038537322879887755
0.7434063232540261,0.0005187467385569402,0.0037949871223414136
0.7478206395697343,0.0005350932174500603,0.003736027818728769
0.7522507788118182,0.00055122812941341,0.0036683061004177393
0.7567033198682759,0.000567147792896586,0.003592712082897383
0.7609684744220784,0.0005820444504658911,0.0035178386190023573
0.7652541703754986,0.0005967099756755649,0.0034481998180976247
0.769568629304066,0.0006111759089025442,0.0033713112678149513
0.7739181838009724,0.00062541625951216,0.003286700052072906
0.7783015992841178,0.0006394044458639312,0.003201764684063869
0.7827173738029091,0.0006531326246140761,0.0031166546235447353
0.7871712675197844,0.0006666072417631402,0.0030287397378157875
0.7914383818794911,0.0006791441798943045,0.0029413793655544123
0.795740282658577,0.0006914426878586174,0.0028589768157214627
0.8000847100018519,0.0007034906086279653,0.002774968719423791
0.8044769658660144,0.0007153202441285311,0.0026880476265836555
0.8089148574046334,0.000726899674419087,0.002602181216701439
0.8133960742867352,0.0007382225553393214,0.0025182002824479855
0.817687645670278,0.0007487106545857651,0.0024360744843308496
0.8220260640698998,0.0007589747224194537,0.002357441492200611
0.8264196389295398,0.0007690322826339788,0.0022791629870120393
0.8308667075765159,0.0007788774472223563,0.002201074483041467
0.8351273427993327,0.0007879956258350306,0.0021259849400569117
0.8394446135104972,0.0007969001761193334,0.002055274865797075
0.8438268817358501,0.000805688935635422,0.001985653075960112
0.8482718012347826,0.0008142535294918742,0.0019166820608010602
0.8525314175782096,0.0008221659612837992,0.00185107473125979
0.8568551505131909,0.0008299261916453235,0.001789587508714127
0.8612511783440813,0.0008375595996657159,0.0017297956649170367
0.8657167631067615,0.000845059524444058,0.0016712071714693163
0.8699964446216092,0.0008519991167581489,0.0016151598422582114
0.8743465776256799,0.0008588185637510052,0.001562730974137541
0.8787753572907394,0.0008655362662422874,0.001512763597517033
0.8832795885024931,0.0008721550748556651,0.0014645437158279542
0.8875958496010911,0.0008782893857020847,0.0014186842144324452
0.8919874026465521,0.0008843508711661574,0.0013760096853481555
0.8964622284841524,0.0008903361628287045,0.0013358779146365985
0.9007499460264768,0.0008959103885616762,0.0012973860968387707
0.9051138836477669,0.0009014334454155108,0.0012610614793003869
0.9095693144776366,0.0009069177231942133,0.001227471656232088
0.9138390423572623,0.000912046617601932,0.0011957021401550686
0.9181934301015847,0.0009171315281650223,0.0011656097251523227
0.9226406409395639,0.0009222212072419775,0.001138302278144149
0.9269034034833312,0.0009269777077764136,0.001112664484627803
0.9312589190158262,0.0009317355459758448,0.00108856940865829
0.9357154566457905,0.0009365117813802811,0.001067073425767462
0.9399878696234721,0.0009409711354303989,0.0010469511849233223
0.9443527776417899,0.0009454652313162783,0.0010281271410024196
0.9488255004506169,0.0009499934948972623,0.0010116979573544377
0.9531136098355047,0.0009542658143463185,0.000996249625142402
0.9575004656157758,0.0009585747514259292,0.0009817102300601426
0.9619940745323448,0.0009629181820859454,0.0009697953160069312
0.9663014444692151,0.0009670300191111853,0.0009588474714899418
0.9707134463159696,0.00097119527334154,0.0009484025198796505
0.9750953866449826,0.0009752884476505238,0.0009395547651602163
0.9793935682309722,0.0009792596768486966,0.000931735935414364
0.9837165438343143,0.0009663829120699726,-0.012801404188907852
0.9880633884780449,0.0008468587583534304,-0.04267487833847492
0.9923815644653053,0.0006491815900770763,-0.042427039027897975
0.9966262534865417,0.000517035353769249,-0.01572543556144895
1.0008621266149658,0.0005119309200831139,0.015614203530226146
1.0050755580754027,0.0006540274631720187,0.057541134822483596
1.0092375639646853,0.0010097926788177536,0.12048811705564348
1.0133378876098822,0.0016490814068485095,0.19381509058212265
1.0173900415953037,0.0025830345111227324,0.2623126857614735
1.0214121952007353,0.003793552021298084,0.32650678348080747
1.025384988139931,0.005275964450482763,0.39253563688276155
1.0292987137155094,0.0070400056221464995,0.45843901940939547
1.0330939223716595,0.00905562801962821,0.5220397587017621
1.0367527936924121,0.011307893994853668,0.5861285059246943
1.040131427397559,0.013699089251592543,0.6500819392802828
1.0435114866796256,0.016419358934105847,0.7081068209046506
1.0466446219928782,0.019235037572581003,0.7592475556869016
1.0496731461940123,0.022245608654024803,0.8099120888024941
1.0525828763240694,0.025451739797020888,0.8616883827141203
1.0551564065747698,0.028595383211958068,0.9119235164320596
1.0576823053132345,0.03201229278252666,0.9597345407068312
1.060093725178101,0.03560795051358527,1.0034238918235638
1.0622299139698828,0.039109031340271584,1.0465241871932982
1.0642762328074291,0.04281591088581006,1.0894663524514336
1.0662054356991306,0.04667796662531525,1.1282246056910075
1.0680192840920246,0.050676290541448996,1.1646715340152896
1.069624309214522,0.054584437979042694,1.2007582836944555
1.0711119152559498,0.058606317717975795,1.2351303781129466
1.0724890338205397,0.06274828808665395,1.2673186091210968
1.073687822721589,0.06677170754551084,1.298070828265606
1.0747820503416678,0.07089390176960884,1.327522627260344
1.0757740994083658,0.07511684649450483,1.3553054619358182
1.0766672619451356,0.07943981634472737,1.3813736461681396
1.0774198221081535,0.08361326328485873,1.4060877116724666
1.0780815367631407,0.08787002528155963,1.4296067204037848
1.078655396121701,0.09221427013070196,1.4515413661971317
1.0791423558654305,0.09660080403497692,1.4720181057139017
1.0795213242634742,0.1007980524182449,1.492167873750472
1.0798206321718697,0.10506162982615072,1.5114736420720958
1.0800452359286898,0.10942197871497138,1.5287147425820975
1.080192612278806,0.11363476874490698,1.5444314202348564
1.080275510360702,0.1179156127395445,1.5593682018888966
1.0802971029250428,0.12228701508388172,1.5729182041806806
1.0802636190979868,0.12649896923030307,1.5850795183620672
1.0801781197094082,0.13077796071342618,1.5964921625859845
1.0800433397782627,0.1351536296195461,1.6067025916278748
1.079862299756175,0.13961761894423902,1.615481166751772
1.0796526117114957,0.1439066591980763,1.6234397441306223
1.079405022259972,0.14827529445837676,1.6309937309295968
1.079120256435738,0.15274566128657427,1.6371966426801816
1.0788229951330264,0.15703127525937824,1.6423743339137349
1.07849786279935,0.16139769410528956,1.6475004751296696
1.0781438441870748,0.16586161402053842,1.6517734647605316
1.0777883769867778,0.17014061159347252,1.6551184951935953
1.077411118691008,0.17450866054157838,1.6583343743757761
1.0770116602944841,0.17898157385804458,1.6608550047102175
1.076619593499062,0.18326976374733528,1.662638435474743
1.0762111508444132,0.18765418792800798,1.664336068796397
1.075786349423132,0.19214372493918125,1.6654301076847577
1.0753758871175514,0.1964478740032868,1.665930234860958
1.0749534647673897,0.20085528279468812,1.6664182370893441
1.0745190385791716,0.20537466341047553,1.666393705212418
1.0741037556574589,0.20970840653045597,1.6658811741244994
1.0736804934365067,0.21415105514550772,1.6654136506753208
1.0732771209976641,0.21841052047931292,1.664742168918876
1.0728662600493446,0.2227831605947201,1.6638349458503106
1.0724491010557138,0.22727733520993526,1.6625057572942739
1.0720556104730732,0.23158671715140738,1.6609904400921591
1.0716577249006456,0.23601403938156953,1.65957614791843
1.0712827614483689,0.24025929618171313,1.6579710509964256
1.0709042164920846,0.24462595671693216,1.6562437286966398
1.0705229892741979,0.24912231170169147,1.6542751695279185
1.0701663146222613,0.25343445358515826,1.6522005185645545
1.0698079276052277,0.2578723365584502,1.6502332673213935
1.0694731666443584,0.26212825697660314,1.6481625446396586
1.0691374048692204,0.266512828394588,1.6460485733675194
1.0688010041305764,0.2710343558346906,1.6438045026359018
1.0684881693534594,0.2753710102735826,1.641523929852509
1.0681763726578277,0.27983266943195906,1.6393609152023034
1.0678867308749778,0.28411125532915554,1.6371773885651284
1.0675979501133503,0.2885176392782553,1.6350029017347567
1.067310375545111,0.29305997668845934,1.6327791736206947
1.0670441773467239,0.29741613712504283,1.630572171239108
1.0667801324856907,0.30189641963102476,1.6284801081485418
1.0665358036719335,0.3061924343336239,1.6264095740674134
1.06629338319937,0.3106153433660606,1.6243784134381476
1.0660527665662447,0.31517342927247466,1.6223570121113189
1.0658307652500763,0.3195442486360952,1.6203826786375397
1.0656111722906099,0.3240386869947317,1.6185093785975653
1.0654085573783,0.32834807784635067,1.6166825809965304
1.0652080143030467,0.3327838936700821,1.6149123341392158
1.0650230512614425,0.33703726794877753,1.6132037546426383
1.0648398468492597,0.3414195381375165,1.611571096617413
1.0646582049470892,0.345938849547991,1.6099848161758654
1.0644907513306718,0.35027264938011776,1.6084565117307523
1.0643251033527634,0.3547317775257267,1.6070101975689055
1.0641722954397332,0.3590073636648763,1.6056260754109386
1.0640209043884152,0.36341085371363246,1.604301137988792
1.0638707657211717,0.36795036764971456,1.6030436968740847
1.063732059185757,0.37230318662785195,1.6018537800445245
1.063594672485735,0.3767804978198968,1.600722943077051
1.063467582354688,0.3810732196675647,1.5996513191871427
1.063341423424677,0.3854930157125211,1.598638414143478
1.063215919677983,0.39004808645658134,1.5976972579605948
1.0630994858539045,0.3944156243782576,1.5968172456783267
1.062983675098638,0.39890696939713244,1.5959799881007377
1.0628761208598305,0.40321315845576017,1.5951979916046577
1.0627688279292593,0.4076458632672667,1.5944677161717746
1.0626614587503438,0.4122131741620628,1.5938046850606447
1.0625613152175228,0.41659259091996437,1.593194400596101
1.062461048245403,0.42109533742505717,1.5926137715901019
1.062367324292043,0.42541243449644867,1.5920804187060353
1.062273195352129,0.42985555426474875,1.5915899149234622
1.062184940557952,0.4341156532921168,1.5911419570566423
1.0620959442400513,0.4385043022472738,1.5907256813418864
1.062006004200088,0.44302945358667833,1.5903682253070337
1.0619212071090758,0.4473684938076817,1.5900545373870532
1.0618353654935755,0.45183262133472457,1.5897535279208952
1.061754295371822,0.45611269795990217,1.5894864659307546
1.0616719494581635,0.4605204880726946,1.589251486543181
1.0615880827435107,0.4650640520824795,1.58906226927754
1.0615084155713799,0.46942061568454313,1.5889027469300063
1.061427234289703,0.4739015607987207,1.5887500375149872
1.06134996502772,0.4781977826961719,1.5886244478734706
1.0612710111319368,0.482621024958761,1.5885211714618377
1.0611900237941023,0.48717940959789535,1.5884528205344297
1.061112662940838,0.4915501991140863,1.5884060436935574
1.061033320586999,0.4960447361787085,1.5883608974743297
1.0609574466543623,0.5003540014357996,1.588334608180086
1.0608794416057128,0.5047895924856037,1.5883234615985595
1.0608046739944772,0.5090425126013952,1.588326554761761
1.0607276642233665,0.5134242881586201,1.5883359030068658
1.0606481521658564,0.5179429350945584,1.5883706825695638
1.0605717564044148,0.5222757591506224,1.5884205751559846
1.0604929369519844,0.5267339582062676,1.5884657871013506
1.0604171900333033,0.5310084313147733,1.5885203777130161
1.060338922400549,0.5354107802616243,1.5885838599979716
1.0602579595902777,0.5399492839558182,1.5886626163000455
1.0601799562795575,0.5443010128548634,1.5887473079006011
1.0600993762385673,0.5487773755135308,1.5888274550409347
1.0600217811208505,0.5530693049334913,1.5889137210886866
1.059941503292602,0.5574883913967112,1.5890036694672598
1.0598583658624998,0.5620428689865807,1.5891022864315485
1.0597782051552889,0.5664100301459396,1.5892034560953068
1.0596953571202397,0.5709010384216426,1.5892995804891694
1.0596155086965855,0.5752068738924382,1.5893980366793057
1.0595328917061946,0.5796393103815879,1.5894973138002038
1.059453261304857,0.5838891486119608,1.589596608693223
1.0593707982693121,0.5882680432708336,1.5896934661971907
1.059285312061298,0.5927839568669169,1.5897946126952165
1.0592029094541833,0.5971141564114122,1.589895817801997
1.0591176898760863,0.6015698447554948,1.5899913716095109
1.0590355796960296,0.6058419082401654,1.590085966926096
1.0589506049385342,0.6102420590686927,1.5901796095551937
1.0588625725542957,0.6147783964533867,1.590273559072447
1.0587777675403693,0.6191281411015163,1.5903647005012114
1.058690146035678,0.6236025877793523,1.5904515337038558
1.0586057508452287,0.6278926981772531,1.590536596263788
1.0585185032424789,0.632310068874667,1.590619300742943
1.0584281986903288,0.6368628905512729,1.5907003097592696
1.0583412649583832,0.6412284808185424,1.5907779857819455
1.0582515308261153,0.6457179539138245,1.5908520650097457
1.0581651770806428,0.6500224042745961,1.5909236120762962
1.0580759860247821,0.6544533839562009,1.5909924765755898
1.0579837594158121,0.6590191818680333,1.5910586787132717
1.0578950523205521,0.6633971261593943,1.591121288554891
1.0578035663680578,0.6678983870656948,1.5911811629134016
1.0577156038220181,0.6722140281061667,1.5912382926527595
1.057624826077897,0.676655792007659,1.5912927914496344
1.0575375590915659,0.680914507922074,1.5913441642495245
1.0574474400794271,0.6853019834456967,1.5913930972826018
1.057354283680344,0.6898261129790697,1.5914390103319715
1.0572647753729136,0.6941641812228353,1.5914812811647714
1.0571724947866838,0.6986274296760209,1.5915218504277213
1.0570838412582448,0.7029068313226297,1.5915599132160583
1.0569923817384022,0.7073139118124132,1.5915956576898274
1.0568979385465729,0.7118568919941619,1.5916284749106393
1.0568072391912586,0.7162131148869865,1.5916581459066905
1.056713818409619,0.7206936858091961,1.591686752105831
1.0566241276594326,0.7249895442955809,1.5917131331282275
1.0565316750708724,0.7294124708097494,1.591737628721987
1.0564362858735108,0.7339705808466951,1.5917594532078578
1.0563447174454246,0.7383410882395057,1.5917785472596275
1.0562504858967994,0.7428353208159975,1.5917971086423242
1.0561600476572874,0.7471442738896631,1.5918138092177407
1.0560668931886925,0.7515795606362943,1.5918289977971938
1.0559775066200918,0.7558321995146157,1.5918423526524847
1.055885359206973,0.7602137148706991,1.5918549182699038
1.0557902657042033,0.7647322209516895,1.591865362329488
1.0556990429401583,0.7690648516575617,1.5918733216010537
1.0556051422123427,0.7735229233780466,1.5918813722891334
1.055515071788865,0.7777972762276806,1.5918881779010803
1.0554222854770063,0.78219959872924,1.5918939302559936
1.0553265951647735,0.7867380300837965,1.5918979846698935
1.0552348174639967,0.7910898869651642,1.5919002677181266
1.0551404066821606,0.7955663087574786,1.5919028468108876
1.055049866659056,0.7998582333268404,1.591904542757457
1.054956646068215,0.8042773512949662,1.5919056588680849
1.0548605569024248,0.8088318109532746,1.5919057904697658
1.0547684178322856,0.8131989030802188,1.5919045665783773
1.0546736736367113,0.8176898398620748,1.5919037501355051
1.054582829023781,0.8219956436662865,1.5919023478633632
1.054489326849593,0.8264279802704843,1.5919005813343778
1.0543996747173152,0.8306778190809196,1.5918980691925213
1.054307319149231,0.8350566217558204,1.591895648536308
1.054212081893937,0.8395724817747567,1.5918925976172282
1.054120766089925,0.8439026870438652,1.5918882451021583
1.0540268279356206,0.8483583741980533,1.5918844672969907
1.0539367694257253,0.8526304591540088,1.5918804849782373
1.0538440320128848,0.8570305944724822,1.5918763753814882
1.0537484411008438,0.8615669243777884,1.591871944078087
1.0536567926094613,0.8659167149525232,1.5918667614767157
1.053562549811344,0.8703911372804457,1.591862197732649
1.053472198269163,0.8746811827961293,1.5918575455143795
1.053379191849912,0.8790985725834676,1.5918529336201122
1.0532833568624371,0.8836513858502774,1.5918482835962209
1.0531914699254155,0.8880168868732172,1.591842940552476
1.0530970083275366,0.8925063524643602,1.5918381278196143
1.053006450387397,0.8968107267391859,1.591833333942404
1.0529132603928149,0.9012416801567669,1.591828702479592
1.0528172539884781,0.905807443742208,1.5918241278620768
1.052725208948183,0.9101853127103913,1.5918188984626342
1.0526306001220127,0.9146865341844291,1.5918142100430974
1.0525399014346033,0.9190021626616176,1.5918095893597413
1.052446582576962,0.923443824404704,1.5918051857461446
1.0523571160173146,0.9277026145481603,1.591800709356352
1.0522665469822987,0.9320152048475863,1.5917965954521713
1.0521485276882159,0.9363155265941187,1.612443703467008
1.0518781772883052,0.9404082706851823,1.6696910561538654
1.0513427141598115,0.9445811909689973,1.7267198685232192
1.0506191678614865,0.9487178509620297,1.76092424120935
1.0497294824963461,0.9529367607281412,1.8024577971963869
1.0486549278709683,0.9570133544562099,1.859490249516815
1.047354533133554,0.9610188607209216,1.9115519311890847
1.0458574381193944,0.9649665921218026,1.958005101508121
1.0441709708848412,0.9688424826303533,2.00887597914732
1.0422763190750215,0.9726376107843717,2.062237666332221
1.0401705870554556,0.9763552168080544,2.1130617724272485
1.0378605736956144,0.9799958817390917,2.162998477561603
1.0354584403461764,0.9833930905688381,2.212880693919948
1.032890969378083,0.9866720802357621,2.2606271864763503
1.030113277690645,0.9898918181858003,2.308039087984521
1.0271465094524792,0.9930180438191002,2.355362041156482
1.0239941210268364,0.9960423549896276,2.4016653454111574
1.0208236895599787,0.998818813189944,2.446152331380982
1.0174912737215254,1.001490535075483,2.4886224083383457
1.013994548834703,1.0040594123230455,2.530720147619348
1.0105250553617424,1.0063921674329084,2.571754119549211
1.006908726797726,1.0086195336225001,2.610413598418734
1.0031492200501877,1.0107419655973382,2.64818482587745
0.9992469829331184,1.0127552395651775,2.6854147068735594
0.9954220722788769,1.014555306604905,2.720897801944734
0.9914734947051258,1.0162500116858235,2.754354899833133
0.9874029687812723,1.0178403084111576,2.786959069056615
0.9834414255862173,1.019243004938427,2.8184467343657404
0.9793673914399497,1.020546380776821,2.8481161348772543
0.9751805123332699,1.0217529547760704,2.876518188889151
0.9708815945218346,1.0228629859622977,2.903854399725674
0.9667235098088904,1.0238191226178546,2.9297807646178504
0.9624689553968302,1.0246848294754431,2.9542985056835844
0.9581151960527963,1.0254625710580192,2.977607525524883
0.9539183681796425,1.0261144150420736,2.999714537326695
0.9496653848036405,1.0266885640210994,3.0207268914308956
0.9453537988067612,1.0271738110698871,3.0412926732284107
0.9412106258352394,1.0275563485040047,3.0610368121311398
0.9369684524319575,1.0278639728116714,3.0791899988637135
0.932616034017951,1.0281029395435897,3.095748692400374
0.9284333945662157,1.0282667855989345,3.111268286800807
0.9241622496771815,1.0283658559116884,3.1259581591744587
0.9197973865219039,1.0284071078141563,3.1392574761147904
0.9155929837256043,1.0283918155642662,-3.131838427317501
0.9112843933564889,1.0283243427681508,-3.1204878621852816
0.9068561182443394,1.0282083886057356,-3.110656687230492
0.9026092886374983,1.0280587401731847,-3.1020775617380214
0.8982774426745421,1.0278690603465652,-3.0936918342892405
0.8938456174906194,1.0276394876643142,-3.0861814584370486
0.889596526648955,1.0273895364831809,-3.0797184354948985
0.8852561796917376,1.0271069050035737,-3.073574554110677
0.8808163050151161,1.026791957288517,-3.0682095520381836
0.8765599834564419,1.0264689075726037,-3.0636619426805956
0.8722057207807048,1.0261191155207474,-3.059358458586789
0.8677449392581871,1.0257428342201276,-3.055792225346726
0.8634685269639591,1.0253684339065445,-3.0529215569251016
0.8590951850499078,1.0249732625813306,-3.0501749091805035
0.8546093204481213,1.0245566884449,-3.0480641386632716
0.8503081762134419,1.0241495535630167,-3.0465623817057264
0.8459046174143882,1.0237262944658472,-3.0451115507142816
0.8413893358244232,1.0232864441835812,-3.044181680053142
0.8370606150423187,1.0228622230530624,-3.0437586825088174
0.8326229491725793,1.02242522893831,-3.04333655027168
0.828368907070932,1.0220049147200587,-3.043148335471773
0.8240021447590763,1.0215733965362666,-3.043220016041843
0.8195139757458426,1.0211308719282404,-3.043738566940644
0.8152104647455781,1.0207096331420404,-3.0444743662451748
0.8107890840202416,1.0202797672124555,-3.0451525550030913
0.8065494470187663,1.019871217140644,-3.046048696279077
0.8021884269783656,1.0194551023763718,-3.0470999119006588
0.7976975607093563,1.0190319493148545,-3.0484280140955
0.7933904948832853,1.0186322519399345,-3.049895216359602
0.7889577915333552,1.0182270315392896,-3.051296864445639
0.7847067368739977,1.0178449248678232,-3.0528217564255984
0.7803272327849968,1.0174581078187626,-3.054410627174132
0.7758109456967736,1.0170666256206125,-3.0561690442403324
0.7714795809772182,1.016699133203615,-3.057997533566915
0.7670234816898943,1.016328958532695,-3.05972644207648
0.7627504667895888,1.015981531113657,-3.0615031530326613
0.7583499205047978,1.0156315559928972,-3.06329959712204
0.7538135663364214,1.0152791473902718,-3.065178647573941
0.7494632548076939,1.014949420883708,-3.067067450509407
0.7449888479487164,1.0146185254795876,-3.0688570565119595
0.7406983673425879,1.0143088904201079,-3.0706502998623884
0.7362808890492387,1.0139980161723612,-3.0724260156849335
0.731728047860387,1.013685739079182,-3.074220737914289
0.727362017865453,1.0133940873176834,-3.0759903537574758
0.7228722480753168,1.0131019366243808,-3.077669441780628
0.7185670196576902,1.0128289396485555,-3.0793217579859613
0.7141352838461571,1.012555156539058,-3.0809342153274586
0.7098855525934563,1.0122994128406344,-3.0825017906053622
0.705506988802482,1.012042637348114,-3.084005225946574
0.7009914081027603,1.0117846313209649,-3.0854872559087396
0.6966611876897877,1.011543557791215,-3.086929012097434
0.6922057108790259,1.0113017566383349,-3.088291639710477
0.6879337172069729,1.0110756592022148,-3.0896053973434596
0.6835338321739483,1.0108484489983283,-3.0908721557317467
0.6789979985711322,1.010619966830042,-3.0920893318548734
0.6746486905284537,1.0104060014729368,-3.0932496348878806
0.6701749169670612,1.010191059599333,-3.09435203848265
0.6658854460280513,1.0099895469262763,-3.095405222169134
0.6614688067429823,1.0097866751566797,-3.0964072821954547
0.6569168884625374,1.0095820634085557,-3.097350137998652
0.6525520382728651,1.0093898533615013,-3.098239695791225
0.6480633344099191,1.0091961333076787,-3.0990853218439995
0.6437594926367739,1.009013924961696,-3.0998822317582317
0.639329166412147,1.0088298394297344,-3.1006320998038235
0.6347640702305125,1.0086435284706174,-3.1013233970631737
0.6303868236366238,1.0084677542197793,-3.1019661289441487
0.6258862941340074,1.0082899385423805,-3.102577737306983
0.6215713619917596,1.0081219824290606,-3.1031457563705613
0.6171304469343212,1.007951632197109,-3.1036736287645614
0.6128725383880809,1.0077904489061575,-3.1041609513179647
0.6084861334481685,1.0076265606326125,-3.1046168217053376
0.6039632558258431,1.0074595243852678,-3.1050190652072853
0.5996264011323611,1.007301044044846,-3.1053801665078002
0.5951644912391769,1.0071396046542926,-3.105725464614214
0.5908865046745068,1.0069862764809476,-3.106037807011191
0.586480789460659,1.0068296772862748,-3.106318945969968
0.5819393370530349,1.0066694952815138,-3.106556222560872
0.5775846416841658,1.0065169065900714,-3.1067639037468986
0.573105606275683,1.0063608757802378,-3.106962236404824
0.5688111332622513,1.0062121255768348,-3.1071336178318476
0.5643896828359667,1.00605968589496,-3.1072820807262596
0.5598330713909706,1.0059032524476923,-3.1073963748884728
0.555464037145003,1.005753711772142,-3.107488324670699
0.5509713158034116,1.0056003772308866,-3.1075762317554303
0.5466638853885388,1.0054537399868126,-3.107644558891002
0.5422300804122718,1.0053030711709774,-3.107696787470468
0.5379790159810455,1.005158815729131,-3.107733656952128
0.5335991247415752,1.0050103904733392,-3.1077625006604714
0.5290824535996067,1.0048574062789273,-3.107765298540509
0.524751545115408,1.0047107297407725,-3.107751959610964
0.5202953074232154,1.0045597513941946,-3.1077411769771306
0.5160227152850273,1.0044149628634564,-3.107719597747323
0.5116222187980088,1.004265753061623,-3.1076878471744185
0.5070857089756929,1.0041117561272905,-3.1076394561836977
0.5027357292354427,1.003963894046781,-3.107583672838848
0.4982611871756085,1.0038115532957408,-3.1075310148261757
0.4939710361819461,1.0036652813271976,-3.107471094611765
0.4895536635667439,1.0035143997494158,-3.1074062478357303
0.4850010149128392,1.0033586180162493,-3.107331214189811
0.4806356545098735,1.0032088851073755,-3.107252355546443
0.47614647292186685,1.003054608428701,-3.107177445266146
0.47184242369232504,1.00290634970971,-3.1070987703702
0.4674119138265188,1.0027534247660956,-3.1070180202380775
0.46316388466163494,1.002606430624204,-3.106935987126271
0.45878694500830686,1.0024546632518754,-3.10685534985264
0.454273086170988,1.0022977622288074,-3.1067689066066593
0.4499448074288527,1.0021469295846996,-3.1066812764849376
0.4454911349474396,1.001991368246795,-3.106598643261183
0.4412209871371284,1.0018418569182839,-3.106515952030777
0.4368227807949634,1.001687518711642,-3.106433310896689
0.4322884831863722,1.001528032675962,-3.10634908508757
0.4279406043668642,1.001374719254581,-3.106266779605042
0.4234681040278179,1.001216677065382,-3.106188258469216
0.41917986004841445,1.0010647973729851,-3.106110521242925
0.4147643870583543,1.0009080884922783,-3.106034407836877
0.41021352439541137,1.0007462220174304,-3.1059588406082344
0.4058498212070775,1.0005906851537658,-3.1058859674154062
0.40136227293028276,1.0004304270935145,-3.105816406596254
0.3970597300075075,1.0002764634001713,-3.1057487888974413
0.3926307038159646,1.0001176973935733,-3.1056833366690713
0.3880669445899885,0.9999537844947108,-3.1056197914966694
0.38369099584786387,0.9997963481834371,-3.10555945325228
0.37919177293272244,0.9996342187611038,-3.105501704452213
0.37487812099572854,0.9994785196376443,-3.1054462659200377
0.3704384047953444,0.9993180406996733,-3.105393078417283
0.36618157271151236,0.9991639371548372,-3.1053427300369854
0.36179617371813894,0.9990049755314334,-3.1052945938838574
0.35727417957709917,0.998840829225033,-3.1052487343354653
0.3529380647590992,0.9986832363325466,-3.10520620697345
0.3484768297933997,0.9985209214053008,-3.105165459363182
0.3441993613133638,0.9983650991712616,-3.105126980382732
0.33979424349865683,0.9982044774993164,-3.105090559518691
0.335253271722621,0.9980387236753443,-3.105056708485325
0.3308990208916047,0.9978796355095912,-3.1050258882233313
0.3264204785973658,0.9977158803265388,-3.104996191467556
0.3221265064169896,0.9975587344500693,-3.104968519790578
0.317705639100792,0.9973968354131392,-3.104942630647058
0.3131496625052817,0.997229858834085,-3.104919097842391
0.3087811407807266,0.9970696476329219,-3.1048982429219314
0.30428898221721656,0.9969048198853283,-3.1048780009913153
0.29998204437688136,0.9967466822520508,-3.104859567603257
0.2955488251907169,0.9965838421592531,-3.104842630639147
0.29129813478944233,0.9964276179884285,-3.1048275070218545
0.2869186609448652,0.9962666059422367,-3.1048133017550414
0.2824023064408539,0.996100498319394,-3.1048011178574497
0.278071581962445,0.9959411433232177,-3.104791407597764
0.2736155047031897,0.9957771502109115,-3.104781796987417
0.2693430775733983,0.9956198566515031,-3.1047733985401926
0.26494271046869455,0.9954578398559983,-3.1047660369410695
0.2604062874249126,0.9952907631698018,-3.1047603040779745
0.25605645745261557,0.9951305318058361,-3.1047564643254844
0.25158210640792095,0.9949657007079153,-3.1047523115011435
0.24729214048905854,0.9948076280207251,-3.1047490971862235
0.24287503126678694,0.9946448735261141,-3.10474658348311
0.23832264204146078,0.9944771237474359,-3.104744991880168
0.23395757078905324,0.9943162428266793,-3.104744888616699
0.22946867773441015,0.9941508230208891,-3.1047445082814598
0.22516484620361357,0.993992192946376,-3.1047447003020316
0.22073454814928126,0.9938289196811199,-3.1047453395260463
0.2164866959394304,0.9936723604273769,-3.1047467318371353
0.21210989829359408,0.9935110624224514,-3.1047480362903803
0.20759612418263898,0.9933447252567085,-3.1047499004530814
0.20326791791643137,0.9931852145877905,-3.104753055464776
0.198814305488903,0.9930211103890029,-3.1047557103109162
0.19454420156310623,0.9928637644346735,-3.1047585982589023
0.19014603230234764,0.9927017197913225,-3.1047616751656353
0.18561178943530776,0.9925346850662702,-3.104765168534545
0.18126397872152272,0.9923745047701936,-3.10476969873729
0.17679154898485827,0.9922097729217298,-3.1047736974121043
0.17250342357191406,0.9920518336952616,-3.104777908583711
0.16808807475280785,0.991889235925,-3.104782182687968
0.16353737176620403,0.9917216768244451,-3.104786589314262
0.15917384839667365,0.9915610107951232,-3.104791736819091
0.15468646883336254,0.9913958254947961,-3.1047963391163895
0.15038407455622732,0.9912374522432912,-3.104800872057835
0.14595512951291692,0.9910744516956808,-3.104805269180638
0.14139140608971928,0.9909065076873457,-3.104809517748842
0.13701557016988927,0.9907454878821156,-3.104814412057469
0.13251641518131754,0.9905799667139716,-3.1048187300651655
0.12820275783508378,0.990421266109398,-3.104822934699296
0.12376303739465595,0.990257969559477,-3.1048270228585375
0.11950624289299022,0.9901013966382183,-3.104831259696047
0.11512084494344793,0.9899401338173482,-3.104835036959194
0.11059881377065425,0.9897738618655815,-3.1048384726785057
0.10626274364202436,0.9896144210313018,-3.1048426704441106
0.10180153877480243,0.989450414395883,-3.10484636006699
0.09752418749469,0.9892931667776225,-3.1048498142587277
0.09311907435131411,0.9891312540735617,-3.1048530450024128
0.08877118031785675,0.9889714488774961,-3.1048561882121968
0.0845091987887056,0.9888148038596858,-3.104859430116856
0.08016173364063747,0.9886259915750994,-3.0838273805418304
0.07587445857119396,0.9882749634663083,-3.027648211881146
0.07163922754814377,0.9876783819732317,-2.978894728234289
0.0674462581984039,0.9869489284421938,-2.960834180887001
0.06323849358020371,0.9861330188241865,-2.9330764904998055
0.059123189015775554,0.9851718111496641,-2.8867380229389235
0.05505792469076261,0.9840263584356096,-2.846309273239304
0.05102380167755934,0.9827279381191425,-2.811549117929554
0.047034842797930534,0.9812791371567879,-2.7706209810230438
0.043089746910492346,0.9796504421656641,-2.72644183022769
0.03917552025148217,0.9778326027986173,-2.684609865079297
0.03529069921698674,0.9758286621782734,-2.642886237650051
0.03149712878277573,0.97366276060194,-2.5994569201565514
0.027908900548842985,0.9714036292199801,-2.557358119136817
0.024345835736541064,0.9689525269714583,-2.517882582707963
0.020806779052284986,0.966304669026663,-2.477363427689494
0.017505616038220366,0.9636178939977649,-2.4367278504894476
0.014233868385025383,0.9607335455203174,-2.3987532443773287
0.011188608481695856,0.9578400407795147,-2.3617080289185934
0.008172981150320877,0.9547558423371878,-2.325256876171355
0.005185647878939298,0.9514698109697673,-2.289065281507082
0.002424140904829012,0.9482053404807851,-2.253976997103198
-0.0003037182860038915,0.944747128393024,-2.2207404384604787
-0.0028184960864493973,0.9413354222440845,-2.1883095522864666
-0.005282940078014707,0.9377579003200512,-2.1569851652211187
-0.007716328814932746,0.9339800789941229,-2.1265624695231313
-0.009947705122849863,0.9302779200561312,-2.0971920481418564
-0.012140427366762414,0.9263916968675264,-2.069313266275609
-0.014145448958818224,0.922598918073906,-2.0425049631269485
-0.01611212123832725,0.9186303048176504,-2.016811899156219
-0.017905416205946108,0.9147693405340794,-1.9922639102009705
-0.019661803017733726,0.910739106369976,-1.9689326168472723
-0.02126045459291756,0.9068291980034133,-1.9466744764275121
-0.02282317439314072,0.9027554116164486,-1.9255105083971356
-0.02435111606372382,0.8985133545261027,-1.9055295939218526
-0.025739190884229945,0.8944112571355899,-1.8866678529112944
-0.027091186197113985,0.8901579780472857,-1.8687654239034999
-0.02831833299210567,0.8860527139895017,-1.8518756456082504
-0.0295135816622096,0.8817995871254218,-1.8359585617957739
-0.030596494127240356,0.8777316470358039,-1.8208751485454147
-0.031641533698973365,0.8735353816150813,-1.806149099968757
-0.0326591495620658,0.8691857213476143,-1.7925341554463765
-0.033584360898418666,0.8649816792719328,-1.780303009635341
-0.03448406194921729,0.8606352767374196,-1.7688818954477377
-0.03530329167112903,0.8564455667268913,-1.7582780229917423
-0.03610540081681043,0.8521081631452343,-1.748624241267594
-0.03683794193541548,0.8479314895140369,-1.7400527028303001
-0.03755720824166644,0.8436196183257961,-1.7320749704382221
-0.03826567834283723,0.839165920037783,-1.7249749105787793
-0.038916533874639656,0.8348891093881494,-1.7186847027934617
-0.03955937600279634,0.8304835988156243,-1.712727533116366
-0.04015212046471487,0.8262552908839957,-1.7073638311894563
-0.04074035825025281,0.8218958864456438,-1.7025509123668534
-0.04132705503342096,0.8173976299846524,-1.6985699772594605
-0.041874074479484644,0.8130811423025796,-1.6951533715603828
-0.04242193650703309,0.8086387349667375,-1.691876580254796
-0.04293439860039289,0.8043766508123873,-1.6890972787988507
-0.043450841682728024,0.7999862997571471,-1.6867420371065664
-0.043973831884176896,0.795459850307315,-1.6850044927511845
-0.04446880823018682,0.7911178678342893,-1.6836747744900344
-0.044971863863722816,0.7866528046449918,-1.6824046805051127
-0.04544923727767085,0.782370769855353,-1.6814843722641726
-0.045937445583784216,0.777962949544384,-1.6808440055840488
-0.046403120090467,0.7737362901513097,-1.6804745901084068
-0.046881875556755236,0.769381809826958,-1.6802347611446293
-0.04737491447533213,0.7648908227364908,-1.6804522819171255
-0.04784977754339524,0.7605846311967174,-1.6809620568305235
-0.04834018649296508,0.7561544194756462,-1.6814061342613527
-0.04881246997526603,0.7519066839804659,-1.682035886872862
-0.0493021904084008,0.7475320357720739,-1.6828374191232363
-0.04981114844323026,0.7430220908276022,-1.6839223738630325
-0.05030424037839776,0.7386976839632713,-1.6851414245219027
-0.05081675982825118,0.7342501821449143,-1.6862911489127559
-0.05131320108746012,0.7299860450292582,-1.687563520319925
-0.05183013873994285,0.7255960455438127,-1.688912481834234
-0.05236937494486913,0.721072055311732,-1.690427188291479
-0.05289314020903286,0.7167346599294832,-1.692011865562126
-0.05343864610648609,0.7122754506526812,-1.693512175185423
-0.05396804706416727,0.7080008596593635,-1.6950656352517695
-0.0545199000233659,0.7036015993157659,-1.6966434484325192
-0.05509584441249642,0.6990697099835395,-1.6983071800132703
-0.055655316329343694,0.694725311603103,-1.6999880202473892
-0.056237801752929875,0.6902598531518914,-1.7015808385231501
-0.05680303160090481,0.685979578640287,-1.7031829651528527
-0.05739177996447309,0.6815753394836578,-1.7047746362002545
-0.05796296762971613,0.6773533591183822,-1.706348713847757
-0.05855809603749229,0.6730049296706448,-1.7078703205358894
-0.05917872550551598,0.6685218952418264,-1.7094174209667854
-0.059780452127265446,0.6642239080780556,-1.7109534157328383
-0.06040617413239365,0.6598029733601769,-1.7124015809885218
-0.06101214293845099,0.6555649878284895,-1.713818488294565
-0.06164233571357404,0.6512013125341684,-1.7152046676913544
-0.06229822294116963,0.6467040243352128,-1.7165689942195883
-0.06293291076915797,0.6423925303677405,-1.717889068332628
-0.06359142393470091,0.6379589867070484,-1.7191422794611813
-0.06422799774199382,0.6337090250814793,-1.7203576972172965
-0.06488865966498386,0.6293344437390753,-1.7215285162757727
-0.06557473685884795,0.6248270712129687,-1.722656164741377
-0.0662372784280311,0.6205060988348307,-1.7237360104910389
-0.06692331478711859,0.6160637348736072,-1.7247622954719792
-0.06758530432284464,0.6118053354809302,-1.7257442175462112
-0.06827094612916323,0.6074227750412359,-1.7266801682413704
-0.06893215842248428,0.6032214429971129,-1.7275689590668943
-0.06961723787458361,0.5988933585284336,-1.7284115928510575
-0.07032746480657145,0.5944306184676588,-1.7292026874803763
-0.07101170411258481,0.5901519494654961,-1.7299470435831015
-0.07171905917039843,0.5857499156712258,-1.7306539006350843
-0.07240012613916327,0.5815296956315944,-1.7313180801832189
-0.07310450530627087,0.5771835778471276,-1.731941851314177
-0.0738333378622584,0.5727036014107528,-1.7325132929039493
-0.07453458863608005,0.5684082349557963,-1.7330429350427585
-0.07525823645482244,0.5639903500861796,-1.733546856334654
-0.07595412148666394,0.5597548991502447,-1.7340131493387574
-0.0766726276779042,0.555394407892343,-1.7344445348954687
-0.07741502489644755,0.5509007199497139,-1.734829008908755
-0.07812843801643309,0.5465922604989095,-1.7351786619536618
-0.07886366229509807,0.5421618908041044,-1.7355114503027902
-0.07956993000690513,0.5379145291157612,-1.7358127417034064
-0.0802982257569503,0.5335424748473938,-1.7360863004989282
-0.08104983709852691,0.5290378150620398,-1.736319862842606
-0.08177147806057,0.524718699356756,-1.7365259429277504
-0.0825144040210456,0.5202780776574842,-1.7367223880922422
-0.0832275105111724,0.5160206843471415,-1.7368940652002343
-0.08396216847250784,0.5116390835911832,-1.7370445657600093
-0.08466723103109157,0.5074379784041578,-1.737174205793733
-0.08539410928794286,0.5031101305942799,-1.7372909668860987
-0.08614412134068984,0.4986475283408147,-1.7373760226862327
-0.0868636300913032,0.49436855407776203,-1.7374394594827993
-0.08760419831710925,0.48996618106571954,-1.7375016773119971
-0.08831452648320513,0.4857452797861449,-1.7375481128377066
-0.08904619440536674,0.48139841610085193,-1.737580236019604
-0.08980054495037054,0.4769176328050313,-1.7375902679426423
-0.09052391881886011,0.47262121648988936,-1.7375878032141876
-0.09126793989999435,0.46820214049313913,-1.7375859742136084
-0.0919812830502974,0.46396526222908535,-1.7375725453829935
-0.09271562460217109,0.45960311123038017,-1.7375505484461162
-0.09347228912778494,0.45510760676393436,-1.7375134631924527
-0.09419769900002764,0.4507971261787613,-1.7374683583043813
-0.09494342321205743,0.4463645471894875,-1.7374253973635871
-0.09565826949088584,0.4421146500699417,-1.737375571894904
-0.09639381246942988,0.43774001233312415,-1.737320973044707
-0.09709887136183354,0.4335455343491857,-1.737262068333605
-0.09782505211944854,0.4292237575438204,-1.737202561490696
-0.09857365130107186,0.4247669108309231,-1.7371335113104784
-0.09929122258848133,0.4204932549009937,-1.7370596641117908
-0.1000291646022409,0.41609586269794896,-1.7369904847343252
-0.10073647773127947,0.41187961858079564,-1.7369194268102135
-0.10146465113156963,0.40753711698812545,-1.736846103359717
-0.10221494370082215,0.403060349187178,-1.7367685270251139
-0.10293412128757956,0.39876763708836954,-1.7366905304672253
-0.1036734922051236,0.39435196925100796,-1.7366163479950898
-0.10438211943101956,0.3901182380919188,-1.7365415959861552
-0.10511139668911294,0.3857589879199404,-1.7364668996854427
-0.10586265851563349,0.3812661409541082,-1.7363910247793342
-0.10658273014339123,0.3769580421977509,-1.7363160987458823
-0.10732287898850196,0.3725276559802711,-1.736244609487322
-0.10803223499864562,0.36827987716649546,-1.7361740841643751
-0.1087621268670254,0.363907147182147,-1.7361047611583071
-0.10946167728288136,0.359714478502466,-1.7360373453588713
-0.11018218285576532,0.35539441767966545,-1.7359723428077265
-0.11092491139564421,0.3509391566279737,-1.7359079258428816
-0.11163689363776809,0.34666698299155774,-1.735845256989572
-0.11236915360310457,0.3422709840897246,-1.7357855409055085
-0.1130710309408465,0.33805612420166437,-1.735728060382033
-0.11379369786282191,0.33371480695274797,-1.7356722014165162
-0.11453845793635001,0.3292391296478082,-1.7356184617184378
-0.11525239799582787,0.3249474418843869,-1.7355672863405949
-0.11598653077459008,0.32053274083895783,-1.7355183499400888
-0.1166902664679552,0.31629988608449233,-1.7354717548193357
-0.11741461292908653,0.31194140705652385,-1.7354270836851742
-0.1181609990026206,0.30744919666131776,-1.7353852056792767
-0.11887651020690787,0.303141833584645,-1.735345759201991
-0.1196121213131288,0.2987120910763636,-1.7353079347969835
-0.12031732193774212,0.29446490925659513,-1.7352724139772473
-0.12104305264016187,0.2900927737011067,-1.7352384968323649
-0.12179069675194293,0.2855876432799158,-1.7352072167983117
-0.12250748899223118,0.2812678396309165,-1.7351781395770078
-0.12324429575528009,0.27682632472892454,-1.7351501925510466
-0.12395065138961747,0.2725678941931956,-1.7351243910175433
-0.12467748529558288,0.2681851022702539,-1.7351000661311675
-0.12537430764628701,0.26398275881737265,-1.7350779499637503
-0.12609204397258786,0.2596535247964986,-1.7350570532291392
-0.12683203759413533,0.255189384771356,-1.7350387488047472
-0.12754160537678527,0.25090875414790204,-1.7350225664063617
-0.12827148036137326,0.2465046159112691,-1.7350066463703095
-0.12897125032388385,0.24228195178633047,-1.7349924035273898
-0.12969184222674832,0.23793319303073399,-1.734979381891141
-0.13043457290218388,0.23345035663605046,-1.7349683363908275
-0.1311467637676932,0.22915182530534492,-1.7349587740647137
-0.13187917365144286,0.22473059499539794,-1.7349493405147194
-0.13258142303992917,0.220491556469299,-1.7349414101577518
-0.13330433573261363,0.21612716227259735,-1.7349341769392403
-0.13404934053771694,0.21162934288678104,-1.7349287539932365
-0.1347636732124838,0.20731666667389873,-1.734924580295103
-0.13549817921822824,0.2028818700253834,-1.7349203838459224
-0.13620241554361162,0.19862993778016058,-1.7349173344497055
-0.13692725659966962,0.1942532729476217,-1.7349148137903034
-0.13762226962407004,0.1900569112454031,-1.7349132429772378
-0.1383382958755611,0.1857333064204225,-1.7349118477782224
-0.13907670469530775,0.18127459416840386,-1.7349117196165562
-0.1397847898494606,0.17699920497556457,-1.734912450266639
-0.1405133045381673,0.17260010851934984,-1.7349128301110128
-0.1412118632957334,0.1683822710816309,-1.7349139963711222
-0.1419312808870747,0.1640381094800104,-1.734915278732134
-0.1426729383745201,0.15955970419452312,-1.7349175122325866
-0.14338417461311892,0.15526543710138213,-1.7349202876839833
-0.14411570766526047,0.15084825578259364,-1.734922617685895
-0.14481717295149107,0.14661305132879768,-1.7349255937460477
-0.1455393821268845,0.1422524012167375,-1.7349284679296186
-0.14628373344014906,0.1377581737500331,-1.734931889183042
-0.14699750261843098,0.13344880651060076,-1.7349357606838554
-0.14773149807285094,0.1290172359996825,-1.7349392601175178
-0.14843528419630697,0.12476839040173245,-1.734942986851749
-0.14915972297420302,0.12039467691964037,-1.7349465418990178
-0.14985437755526979,0.11620114038569512,-1.7349504263323936
-0.15057009255343604,0.11188024465943738,-1.7349540748022654
-0.15130823637619645,0.10742414283925987,-1.734958109659459
-0.15201607270552145,0.103151251606177,-1.7349623152438929
-0.15274441262177668,0.0987545282993246,-1.7349661874625133
-0.1534427896949639,0.09453896917591874,-1.7349704107343857
-0.1541620979681469,0.09019704731076028,-1.7349742845184233
-0.15490367500940494,0.08572070280105713,-1.734978330669513
-0.1556148205290031,0.08142849940533897,-1.7349826229059155
-0.15633831580112015,0.07706159850168812,-1.7349862984211517
-0.15706752693347523,0.07266032239286,-1.7349901877392484
-0.1577660864973535,0.0684442501964984,-1.7349940202637621
-0.15846154515126123,0.06424705696939695,-1.7349973449477918
-0.1591589392477896,0.0600380208044975,-1.735000714133469
-0.1598484698793766,0.05572040003426267,-1.7156536927083907
-0.1603804513339861,0.051439687148382894,-1.6693317928584768
-0.16073470867524492,0.04720862290782976,-1.643628938435714
-0.161027892494116,0.04296856151871156,-1.6348088536370484
-0.16125233764304286,0.03875821295568102,-1.6077507355522254
-0.16133807465803876,0.03451382003788024,-1.5728901795165813
-0.16129220086120602,0.030246748364363002,-1.546267898321855
-0.1611304571362035,0.026046688569861847,-1.514557187023119
-0.16081655673090725,0.02180341079055744,-1.4762744190423747
-0.16034430200466224,0.017610094381998665,-1.4393104092522768
-0.15972859671554634,0.01346696383388814,-1.4048581698257931
-0.15894786786465298,0.00924004185997241,-1.3683547368157842
-0.15801307459323205,0.005068855162207096,-1.3294539124029796
-0.15692227173363787,0.0009478457933977095,-1.29219782426834
-0.15568465095410203,-0.0031220631538428686,-1.256362377262805
-0.1543051248244788,-0.007134796916535393,-1.220136056642447
-0.15280152490063853,-0.011043399655911017,-1.184289266543815
-0.15109554563296,-0.015048750551669312,-1.1493072218100822
-0.14931946112203487,-0.018845195901742915,-1.1144692344036244
-0.147408366490734,-0.022591081151692373,-1.0811790331384579
-0.14536634042201232,-0.026289670842169748,-1.0487536362023109
-0.14319637791455478,-0.029936355760914753,-1.0165840924450817
-0.14089720944572534,-0.033534249364219726,-0.9852413870220585
-0.1384736829759952,-0.03708112879089853,-0.9549976007395686
-0.1359310994297711,-0.04057409404260252,-0.925602439579401
-0.133269574093692,-0.04401589315480714,-0.8970387631638082
-0.13049356878553264,-0.04740443346022038,-0.8694865502568538
-0.12774049452429564,-0.05058599007038682,-0.8431272150943344
-0.12488868985574711,-0.05371526602238755,-0.8180124214261151
-0.12193303270250343,-0.05680173723518407,-0.7937326331358001
-0.1188772594309545,-0.05984344495552197,-0.7703473100120057
-0.11572647570097244,-0.0628398345493074,-0.7480830861528096
-0.11248034186692162,-0.065794592440572,-0.7268781381413714
-0.10913869561498543,-0.06871206876318309,-0.7066370392471962
-0.10587751713182494,-0.0714475953787013,-0.6873711374496148
-0.10252736946723404,-0.07415207964298984,-0.6690897184082194
-0.09911376199091022,-0.07680863614473196,-0.6517882221860954
-0.09560252944843581,-0.07944676669500955,-0.6354863398638223
-0.09198459609000174,-0.08207703286820152,-0.6201968572984068
-0.08847680086007655,-0.0845485814166843,-0.6057674828921006
-0.08487357105878099,-0.08701143086775685,-0.5920628599658434
-0.08117028128740361,-0.0894715626664148,-0.5793696508640752
-0.0775897263625022,-0.09178756668083342,-0.5675612749424969
-0.07391433518444043,-0.09410473452811148,-0.55631958160742
-0.07013849428865154,-0.09642839295561877,-0.5460261733186972
-0.06650440893663634,-0.09862074850369401,-0.5365504330066436
-0.06279885754962392,-0.10081407254811715,-0.5273289969684934
-0.05899164955241847,-0.10301742898684477,-0.5187642790064122
-0.05530940060102457,-0.10510478153548061,-0.5111394067038503
-0.05152348539368346,-0.10721221322010004,-0.504197748678217
-0.04763643926415441,-0.10934179887916674,-0.4981905576592011
-0.04389836281523745,-0.11136277783595161,-0.49281083140726395
-0.040067350277124644,-0.11340718979296437,-0.4876257758022258
-0.03613665659633712,-0.11548074861857464,-0.4832034183643182
-0.0323600039852616,-0.11745373078258464,-0.47944467821844444
-0.02849365108417243,-0.11945467148881087,-0.4758207349417807
-0.024524416457315297,-0.1214924521509935,-0.47280907893210866
-0.020713159185625742,-0.12343613055844593,-0.47038444396796136
-0.016808823632681005,-0.12541540387493955,-0.4680644695092099
-0.012804034152067649,-0.12743493218388283,-0.46626170424010693
-0.008961217825091072,-0.12936551273995275,-0.4649395920785624
-0.005021920146379696,-0.131338328157573,-0.46367778371695423
-0.0009783604598444596,-0.13335766129264418,-0.46285936786786563
0.0029000539145109363,-0.13529152408567863,-0.4624418346206589
0.006871696597628232,-0.13727005724588107,-0.46202729331865483
0.010679921894860379,-0.13916543862033728,-0.4618106932907875
0.014590820867987856,-0.141111300790865,-0.46180866250296637
0.01857905200541331,-0.14309628907929853,-0.4621543543130954
0.022400576120825418,-0.145000380313196,-0.46265131094880013
0.026328796176637168,-0.14696000955471009,-0.4631102811780214
0.030371385578849847,-0.14897955541782346,-0.46387591874286044
0.03424591641857334,-0.15091942278602904,-0.46484799713924696
0.03823034820305487,-0.15291873270459402,-0.46571801402420204
0.042048739154267746,-0.15483909071311663,-0.46665854519889527
0.045979561776844334,-0.15682074115760844,-0.4676859788593443
0.050029728906135905,-0.15886803184713494,-0.46882349484417685
0.05391133889989472,-0.16083565071864814,-0.46997376414290426
0.05790161882107712,-0.16286394948404176,-0.4710491783032961
0.061725587849640086,-0.16481283804184763,-0.4721409747836304
0.06566060885317404,-0.1668237345280378,-0.4732241007758561
0.06971386837511116,-0.16890052419864313,-0.47428586702218406
0.07359823562604781,-0.1708958751296052,-0.47530567747722857
0.07759050159931222,-0.17295162852435053,-0.47626379778283345
0.08141622979052174,-0.17492609911099902,-0.47717216368372894
0.08535230805628868,-0.176961937325269,-0.4780286016689126
0.0894059164476868,-0.17906280960078216,-0.4787882235884378
0.09329093443945073,-0.18107971783994825,-0.4794646749601637
0.0972837516813398,-0.18315603600701574,-0.48009740050429167
0.10111052246321374,-0.1851487818655778,-0.4806469346020038
0.10504771204861994,-0.18720166735468086,-0.481123253945552
0.10882173925659257,-0.18917151597226367,-0.48151115418687185
0.11270872964970786,-0.19120211220379807,-0.48183773436092453
0.11671558472865483,-0.19329674029635693,-0.48198867616983
0.12055743123074267,-0.1953054126589865,-0.4820074409107134
0.12450962242118555,-0.1973718984386535,-0.48200460576421283
0.12829901949949277,-0.1993529146289234,-0.481870978493889
0.13220110205186403,-0.2013919864703402,-0.4816240332322326
0.13622295895771905,-0.2034918443371701,-0.48108537681364716
0.14008044730066693,-0.20550262368275835,-0.48035140943159454
0.14404856650141562,-0.20756752638075013,-0.47961633173157797
0.1478544467464335,-0.20954389078367272,-0.47867223102772505
0.15177345773158354,-0.21157408046849482,-0.47756475470075926
0.15581353991486496,-0.21366038085413003,-0.47601251475010026
0.1596903424846758,-0.21565391418568602,-0.4741886796981671
0.16367961802079556,-0.21769643888882007,-0.47244404748067026
0.1675076132235905,-0.21964745689492848,-0.4704706559427161
0.17145001854692088,-0.22164660155834065,-0.46829038634583875
0.17551401260760716,-0.2236951814845459,-0.46553286427419094
0.17941596347799668,-0.22564738550495175,-0.4624278771972868
0.18343163223020872,-0.2276414161425093,-0.459406009387113
0.18728727987804517,-0.22954059610447403,-0.45600626989953774
0.19125930508499933,-0.23147988764112928,-0.4523367839876125
0.19535496900883298,-0.2334592694230414,-0.4478492064421488
0.19929044593070463,-0.23533806771815416,-0.4428871767136572
0.20334268446838027,-0.23724856353292048,-0.43810875713873954
0.20723638737448236,-0.2390606754876313,-0.43286835364238074
0.21124927396293433,-0.24090214322295073,-0.42730161883572215
0.21538878111975776,-0.24277187111135462,-0.4207543839529948
0.21936952492452824,-0.24453698594295517,-0.4136782539551534
0.22347059424876836,-0.24632167908046124,-0.40689435445861
0.22741398758889342,-0.24800504701071885,-0.3995994898431908
0.23147999079297335,-0.24970516304563442,-0.3919630401714021
0.23567595028736626,-0.25141986720623355,-0.38324564576205217
0.23971364075285756,-0.2530272282729515,-0.3739789439471038
0.243875115585062,-0.25464051326021836,-0.3651137779608126
0.2478789053839597,-0.2561509944194454,-0.35572196166047276
0.2520083151925832,-0.2576641128818374,-0.34599837343014767
0.2562706782192668,-0.25917679799021914,-0.3351337719584164
0.26037384834801947,-0.26058126264346665,-0.3237230350549931
0.2646035711144426,-0.2619767460366914,-0.312819225712451
0.2686740267709259,-0.26326966981653477,-0.3013945768749019
0.2728722555763675,-0.2645500487078942,-0.2896641635113112
0.277205153365314,-0.2658138366626668,-0.27675970515982434
0.28137620276109915,-0.2669706030655669,-0.26332664614313833
0.2856751452902493,-0.26810236812016874,-0.25050179357230795
0.2898117084699133,-0.2691340194305634,-0.23717427366154856
0.2940765790495719,-0.27013706508786667,-0.2235732696825175
0.29847625565007496,-0.2711064986432378,-0.20878376082798053
0.3027099062481061,-0.27197224821690835,-0.19349092376624397
0.30707085213152974,-0.27279643783076407,-0.17889856682440156
0.3112649539085606,-0.27352517789347525,-0.1638264893836691
0.3155860925879539,-0.27420852785756195,-0.14851711199243617
0.3200399492316891,-0.2748409089111772,-0.13201244797617492
0.32432230660210193,-0.2753753852871811,-0.1150327130476298
0.32872913370160245,-0.2758514798357344,-0.09883605074215995
0.33296377537104305,-0.27623888303210903,-0.08218442293851337
0.3373218050421474,-0.2765641945979115,-0.06533048499681715
0.34180773623812943,-0.27682102782516865,-0.047277469932278035
0.346115867785103,-0.27698800829135867,-0.028772349419971657
0.3505428672581028,-0.27707993213475923,-0.011119688173056367
0.35479150402505316,-0.2770923764172071,0.006977071997769633
0.3591571708397932,-0.2770257795379678,0.025245252360223198
0.3636434162607993,-0.2768733355052681,0.04472513442078771
0.36794497449490726,-0.27664145452081723,0.0646419620217099
0.37235727048292416,-0.27631781775337944,0.08363834643602416
0.37658486641625927,-0.27592587415600794,0.10306430754185646
0.38092040405121136,-0.2754389507495028,0.12263572492136098
0.38536659835228265,-0.2748487306305189,0.1434345287621621
0.38962106628918636,-0.2741920483537363,0.1646561127660281
0.39397548567405744,-0.2734274246221663,0.18489387568836685
0.39813902951498514,-0.2726081851498788,0.2055477988726518
0.4023988956491021,-0.2716783906249839,0.2263265769440855
0.4067565160217638,-0.27062920341344515,0.24834792744325102
0.4109157757413849,-0.26952894476079603,0.2707806300745559
0.41516141693169706,-0.2683058253412963,0.29216985606363516
0.41921079399802985,-0.2670438812989178,0.3139669692785335
0.42334195896608584,-0.26565730904735363,0.3358685771538356
0.42755497708227225,-0.26413709137999264,0.3590347598648493
0.4315644135535502,-0.2625824983900591,0.3826049861085995
0.43564376444508895,-0.2608923214645409,0.4050747818160641
0.4395225654023385,-0.25918139705706783,0.42794988544465107
0.44346610393629887,-0.2573325014399369,0.4509150943171445
0.4474730042148459,-0.2553381332330254,0.4751686844162521
0.45127218098501315,-0.25332882551886166,0.499822905088798
0.45512233269468594,-0.2511722770700364,0.5233239666697702
0.45876929405014477,-0.24901455963493785,0.5472277750524962
0.462461441837462,-0.2467094253957341,0.5712094406416276
0.466196130131476,-0.24424820619578408,0.5965052948348476
0.4697209508792988,-0.2417932021181118,0.6221984705280356
0.4732757567351934,-0.2391822234814678,0.6466800671560007
0.47662686575809426,-0.23659196736316096,0.6715548920034626
0.48000185777964977,-0.2338463234706804,0.6964895275996088
0.4833968098695074,-0.23093742167977488,0.7227404477911992
0.4865821934694963,-0.2280574869909292,0.7493657952089128
0.4897752918816847,-0.22501663296928495,0.7747284799031932
0.4927536515931079,-0.22203733260393857,0.8005477435797459
0.4957293221038933,-0.21889772945170066,0.8267776952993391
0.49869783940256823,-0.21558977740311536,0.854308684718025
0.5014567804027799,-0.21233636678134082,0.8819232346425083
0.5042196533935434,-0.20889491066015156,0.9080863510104976
0.5067878001887219,-0.20551990823757096,0.9342881980355144
0.5093339706052669,-0.2019851947716345,0.9605362468265529
0.5118515910147601,-0.198284847292395,0.9882119883375224
0.5141695877768221,-0.19466401576764467,1.0161727545824848
0.5164476100169663,-0.1908815778829466,1.0427265085685302
0.5185385275496807,-0.18719172827124902,1.0696422596951787
0.5205830568880587,-0.18335000378674995,1.096584228173245
0.5225719484313265,-0.17934690328998118,1.1248332106150436
0.5243748231246962,-0.17545511128394076,1.1534231492326674
0.5261148177504104,-0.17139069399681495,1.1805466573668288
0.5276807817889089,-0.1674410041982185,1.2077118233900326
0.5291791638931967,-0.16334019064839675,1.2348773344618862
0.5306022372261697,-0.15908395350915194,1.263295860964358
0.5318519358326277,-0.1549572987176072,1.291891476075286
0.5330170310837017,-0.15068385074651766,1.319068560943705
0.5340240713509976,-0.14654915085983672,1.3464982711276128
0.5349426522346818,-0.14227375291944927,1.373847697046178
0.5357118148059357,-0.13814259700812018,1.401176188585031
0.5363891228533604,-0.1338728319222838,1.4278320325139933
0.536965877449161,-0.12946189391660576,1.4558079246412439
0.5373996344552032,-0.12521029083770216,1.4842209165528661
0.5377249501186152,-0.12083405289402563,1.511135226202694
0.5379222211576833,-0.11665393318197156,1.5383818315912636
0.5380065690417728,-0.11233220595050517,1.565978484988103
0.5379694102698389,-0.1078643947152989,1.59410301058684
0.5378128970321873,-0.10357053777274229,1.6218527287945264
0.5375327302759614,-0.09916407172793143,1.648529119324411
0.5371497879904044,-0.09493950165134492,1.6756050590921345
0.5366395438096029,-0.09060803255432544,1.7023769640865183
0.5359940685417898,-0.08616630409060262,1.7300782246410125
0.5352540866066302,-0.08191744166342121,1.758015488326527
0.5343745057704301,-0.07756947312485808,1.7845138709315247
0.5334224179489133,-0.07343167840105388,1.8110122814945508
0.532330689367101,-0.06919929095700031,1.8375711627944522
0.5311703166333139,-0.06515921145833017,1.863878774629407
0.5298660525611328,-0.061016829331241154,1.8890885403004387
0.5284144131688179,-0.056784105004517645,1.9150683172631175
0.5269134185633974,-0.052756331023706166,1.9413978786376993
0.5252630127467345,-0.04865235316274055,1.9663180728945422
0.5235804336938575,-0.04475018296798485,1.9910546484907254
0.5217498770567253,-0.040776695718149944,2.015614174623257
0.5197631043165314,-0.03673154965639864,2.0408096212949283
0.5177569213293651,-0.03289504513455536,2.0658547825996703
0.515597268140436,-0.02899950130011879,2.089640417765956
0.5134350345558517,-0.025308118393600178,2.113388986023736
0.511119727004823,-0.02156163020394171,2.136843149757151
0.5088123229403662,-0.018016060346700558,2.160024379373511
0.5063515089314677,-0.01441686541888972,2.182478247300796
0.503730762025037,-0.010764401336661908,2.205476122054561
0.501133909240671,-0.007315972996222164,2.228461764991863
0.4983809370685257,-0.003825882576590873,2.250178596990717
0.4956658685789023,-0.0005322028198272757,2.271644040104732
0.4927970353034152,0.002800652944590403,2.2928125845075935
0.4899757022243656,0.005942284495327073,2.3136335618613897
0.4870000099878042,0.009122079302221779,2.3336941217199914
0.48386486779741933,0.012340165765333344,2.3539926848773858
0.4807980278647577,0.015367828177646873,2.374157653384697
0.477574664830484,0.018423668462303245,2.3932910441500486
0.4744230719579884,0.02129814852445778,2.4120391716068137
0.47112034173768,0.02420050313929492,2.430360273128279
0.4678997294799904,0.026928291945191956,2.4483020885687243
0.4645281833241959,0.029683819071982778,2.4655483755057337
0.46099950130816153,0.03246801342076088,2.4827135797976387
0.45756730997138756,0.035081944015488885,2.4995604004869136
0.453987712067861,0.03771698100742912,2.515484757443236
0.45051289237163544,0.04019145795363811,2.5309449763210288
0.4468922128140231,0.04268784117323508,2.545946172891311
0.44311886731117084,0.04520724479446018,2.5605745550153998
0.4394634328888618,0.04757284227645303,2.574665077223925
0.4356667406101199,0.049956478810885815,2.588039639580915
0.4319940279570925,0.052195242942838775,2.6009477403451733
0.42818104795924383,0.054454239816152675,2.6133128598486346
0.42449662826542145,0.056577118251313445,2.625090758029429
0.42067236718077183,0.05872247519535445,2.636272168509094
0.41670174845559455,0.060893163241454405,2.646832878059883
0.41287157192572,0.06293696839693462,2.6567877493237715
0.40890750103605095,0.06500214133256738,2.6661859886980097
0.40508784413027094,0.06694910668303569,2.6749776696529466
0.40113460405255275,0.06892092329742316,2.6832097919027396
0.39732767465553775,0.07078243776782926,2.6908186909040515
0.39338841128499397,0.07267285988834679,2.6979048398245586
0.38930968311216846,0.07459615406791364,2.7041276414667776
0.38538669891089183,0.07641855637338703,2.7096526196137827
0.38133869016641747,0.07827236773383263,2.71488532042644
0.3774473036493407,0.08003096139647041,2.7195084604429542
0.373430477484561,0.08182545600829086,2.7235855171287047
0.3692809128257587,0.08366040869258719,2.7267466368357773
0.36529628375406287,0.08540966093375833,2.7292628339763296
0.36119314384243867,0.08719848967860011,2.731630591505457
0.35725465910134235,0.08890583288388872,2.7334045521047865
0.3531965741252719,0.09065764358896007,2.7346871941788473
0.34901207164539755,0.09245955029149787,2.7350471839708237
0.3449984853802438,0.09418755701170849,2.7348063982465245
0.3408727876207685,0.09596520820818408,2.7345514045654826
0.33691716384900605,0.0976717769826921,2.7337466943942825
0.3328475035634355,0.09943233439749925,2.7325126165794904
0.32865700921356805,0.10125315422344375,2.7303690561147507
0.3246424140186041,0.10300954273026118,2.727679788446848
0.320521033315389,0.10482516385557317,2.7250953019401174
0.3165738662775165,0.10657753678207259,2.7220107144449472
0.31251791983342264,0.10839369063896248,2.7185583324427194
0.30863475980475225,0.11014974246969615,2.714692863286004
0.3046427033609756,0.11197363026394468,2.71070780037994
0.30053469009216444,0.11387242761871619,2.7057510938404365
0.2966040190433518,0.11571459123536422,2.700218580641587
0.29257216780243384,0.11763061299800032,2.69498769699758
0.28871552419390073,0.11948884619572567,2.6893531109376627
0.28475576874419456,0.12142510114981535,2.6833830305258024
0.2806869000265307,0.12344676622399023,2.6765466052442157
0.2767979555960876,0.12541351541117854,2.6693067048904235
0.2728142986607714,0.12746365390708314,2.6623928622337605
0.2690076699130822,0.12945686923047056,2.655069910877494
0.26510477483861644,0.13153757438456842,2.6475019870642225
0.26109987379813066,0.13371355943747876,2.639108711818769
0.25727646344626964,0.13583401727041816,2.6303310171313496
0.25336552830301157,0.13804699661704986,2.621947539001655
0.24963270975327673,0.1402013771749965,2.6132021265250382
0.24581104026331255,0.14245228160717385,2.6042531531852187
0.241895118684265,0.14480801773006305,2.5944856233519937
0.23816156674121994,0.14710533006924864,2.5843638866892684
0.2343484897227412,0.14950373176203358,2.5746963081007204
0.23071389440519674,0.15183995787877175,2.5646806516930147
0.22699860962704294,0.15428122575078723,2.554492930261303
0.22319807373966732,0.15683639799479912,2.5434842952239705
0.2195800015378391,0.15932837897346003,2.532138069292799
0.2158913290558302,0.1619297035783152,2.5213012085911175
0.21238069143656843,0.1644636479865488,2.5101306881226684
0.2087985449177661,0.16711068911944718,2.4988110436478976
0.20539177014298338,0.1696890954632369,2.4872769234181633
0.20191459248965846,0.1723837012731051,2.4758986221601935
0.19836280881846954,0.17520384747853862,2.463549551749312
0.19498942616815085,0.17795271539197216,2.450735702887757
0.19155704170767887,0.18082173157119136,2.4385815859307813
0.18829829390595607,0.1836141139195969,2.4261499810128053
0.18497989429716724,0.18653037228421152,2.413532392588379
0.18159945492815657,0.1895801237336923,2.4000337266917295
0.1783963884340993,0.19255050618225555,2.386234297580976
0.17514595028635993,0.19564760779838805,2.373062330548022
0.1720673549743105,0.19865978115916788,2.3595553616240093
0.1689413329764124,0.20180267706218097,2.345928655377206
0.16576638733660945,0.20508541705987898,2.3314179222040563
0.1627670893790378,0.20827964721136563,2.3165816985900567
0.15973262288521664,0.21160663415929898,2.3024131995470833
0.15686757051969877,0.21483956908326282,2.2879258001138982
0.1539682632976024,0.21820859162081818,2.273329072136528
0.1510342617454118,0.2217229239396503,2.2578129554608286
0.14827268791802964,0.2251390300184126,2.241970461429183
0.14548995960289052,0.22869245361668472,2.2268466564510008
0.14287250186415845,0.23214166125703561,2.2113983865262457
0.1402352609463931,0.23573132457956153,2.1958480324847445
0.13757875411529083,0.23947085696128845,2.179345209272612
0.13509022387376574,0.24310134229115848,2.162513109461413
0.13259557912852507,0.24687243716501728,2.146443400187247
0.13026094751682782,0.2505287081682675,2.1300464915350568
0.12792198023569404,0.2543283761951376,2.1135507108183083
0.12558021554890067,0.25828051000484153,2.0960678982792227
0.12340060471206864,0.26211272596842566,2.078249648439625
0.12123110688221796,0.2660869444166341,2.061240862395642
0.11921478223534962,0.26993531044331215,2.0438966749002594
0.11721054866035335,0.27392841969667914,2.026458609189961
0.11535498854460854,0.277792817210709,2.008831998770451
0.11351477283759287,0.28180328296307383,1.991514571067496
0.11169256897646733,0.28596842387990723,1.9729826019825683
0.11001985960231735,0.28999810553575095,1.953919215230714
0.10837785274101962,0.29417167380124803,1.9358328811706753
0.10687511819455407,0.2982040010372854,1.9174544228164725
0.10540579675538891,0.3023815030826631,1.8989042018747542
0.10397437186161365,0.3067120917189076,1.879246956067389
0.10268384696267213,0.3108950125021061,1.8592639544397611
0.10144189730908228,0.31521858948700443,1.8401962130237368
0.10033008783362377,0.3193897106426202,1.8207500950589164
0.09927000106739264,0.32370202906316764,1.8012064313658103
0.09826773618370015,0.3281633980459981,1.7805455786202586
0.09739590970428456,0.33246491824303276,1.7595146278310008
0.09659097437371547,0.3369013304575048,1.7394418759500527
0.09590490300108397,0.3411738582966524,1.719004397810937
0.0952892355292048,0.3455814070527019,1.6984735622460838
0.09475100996246921,0.35013089893091437,1.6767760021809017
0.09433092822469485,0.35450867654052653,1.6547041704760173
0.09399611000456848,0.3590131233161579,1.6336436366378964
0.09376671779980274,0.3633424659020044,1.6122086211106983
0.0936262515558524,0.367797992287396,1.5906829325505472
0.09358277608687157,0.3723856245078367,1.5679528103113336
0.09364285083644353,0.37678954032016215,1.5448408527568136
0.09380639541700815,0.3813077313398723,1.5228333860980627
0.09405904578053831,0.3856393845644637,1.500522902210233
0.09441834390889225,0.3900875609752905,1.4782647904283874
0.09489188400925122,0.39465793021956297,1.455264090099892
0.09544808374079555,0.3990282928280591,1.432142793874574
0.09612132610864542,0.40351305566576606,1.4101293442013023
0.09686216239348303,0.40780236117051794,1.3881868543291838
0.0977204507648125,0.41219822178738613,1.3663870681967554
0.09863602000931701,0.4163983965676697,1.3446293050265663
0.09967184848373452,0.4207027935431199,1.3234347960272985
0.10083425524796787,0.4251153207645618,1.3012992256060667
0.10204514637038768,0.42932464974213197,1.2787999122787816
0.10338515038462846,0.43362490878183535,1.257401017792754
0.10475915565661051,0.43772340701263024,1.2358271515755745
0.10626412707816384,0.4419097607364395,1.2142143954623814
0.10790878716275205,0.4461855371036951,1.191500600312001
0.1095817591780671,0.4502528027948585,1.1684804334550811
0.11139433599620494,0.45439187668340814,1.1464892663927342
0.1132211345005543,0.458325191936091,1.1241078365140704
0.11518992110211893,0.4623263728310719,1.1016515447020727
0.11730937534140078,0.46639599225823636,1.0779086472615256
0.11943858491130362,0.4702532774942661,1.0537151073765858
0.12171680417514678,0.4741602319750758,1.0306035955503363
0.12399097409566713,0.4778590208651413,1.007026352808455
0.12641674669665814,0.48160370678827147,0.9833142878420116
0.12900491382475776,0.48539335456143395,0.9581463014070519
0.13158246595490186,0.48896778056753665,0.9324645032864615
0.13431836645489964,0.4925680998897008,0.907943561199714
0.13703013710215728,0.4959591838060598,0.8828973186438018
0.1399024422490155,0.4993716833207892,0.8576810479433931
0.14294503011781265,0.5028024125904844,0.8308930505868457
0.1459563254210892,0.5060169415771273,0.803545037006035
0.1491323606461978,0.509230859022386,0.77744435274153
0.15226240742471922,0.5122360353778305,0.7507932296705804
0.15555836673846504,0.5152357080966644,0.7239719065938798
0.15902973701085568,0.5182245986865641,0.6955298125363167
0.162445897408912,0.5209981139581515,0.6665377003860803
0.16603045613450296,0.5237435908781677,0.6388982672805322
0.16954488038635707,0.5262835893421409,0.610731938256707
0.17322727583644554,0.5287894683998853,0.5824270201586956
0.17708505850436937,0.53125487790994,0.5525377953019139
0.18086071415282548,0.5335097939264051,0.5221525388136405
0.18480096065816487,0.5357079515193557,0.4931461639159999
0.1886479264171939,0.5377080597430511,0.46367757659437275
0.19265947164232433,0.539645278763678,0.4341725089714364
0.19684138709069535,0.5415118925958888,0.40311192113854977
0.20087091387556508,0.5431779403219342,0.3713894120097237
0.2050792745289671,0.5447563365728962,0.34057872468582856
0.20918449273862325,0.5461473313608582,0.3099884204573202
0.21344991194406135,0.5474486869795706,0.27985640521253985
0.21787665373737908,0.5486504842468374,0.2479516130727356
0.22215524877214093,0.5496667410716833,0.21548530060236917
0.22658509037984448,0.5505702922000679,0.1845297849276886
0.23086801041473606,0.5513056093059712,0.15340603286603377
0.23529005297974467,0.5519244751601362,0.1222974252903436
0.23985765961885683,0.5524155538735166,0.08968703246797986
0.24420699285671094,0.5527425898695797,0.05652267573558754
0.24869863578317628,0.552930074663082,0.02418287860220859
0.2530191438553663,0.5529692737661291,-0.007933829412337697
0.2574879790242271,0.5528681928062374,-0.03939971514347558
0.2620855829749299,0.5526172023891814,-0.07203229466599735
0.26642308047032637,0.552229918699333,-0.10534741500795741
0.27086653837891334,0.5516845741383428,-0.1382077502897263
0.27510093040587247,0.5510178916892327,-0.17101327201051736
0.2794844744138417,0.5501862753013764,-0.2028175372949745
0.2837025062807849,0.5492535432625202,-0.23377859800967102
0.2880134064601522,0.5481626350543565,-0.2637816144127503
0.2924148839465522,0.5469039635872263,-0.2954865008875083
0.29660368478791144,0.5455588591244183,-0.32762928845179334
0.3008629672339516,0.544042894093823,-0.35785336623172787
0.3049098009226913,0.542463525719919,-0.38811076844296444
0.3090222945969283,0.5407135277471247,-0.4183468178212675
0.31320007639312836,0.5387827166664565,-0.44942518106412277
0.3171438057426329,0.5368026953410643,-0.4804236925808897
0.3211443380256282,0.5346449392355164,-0.5100177907764364
0.32492694979135484,0.5324595350549393,-0.5394351380616547
0.3287517263318972,0.5300982142193256,-0.5684431358793417
0.33235919932706004,0.527724243864068,-0.5972561979455454
0.3360027835199583,0.5251755411842094,-0.6252443942532522
0.33968252714511726,0.5224434365910445,-0.6539660299073519
0.34314058754042154,0.5197177717293656,-0.6827211924494808
0.3466171702230748,0.5168158156420098,-0.7099245191280434
0.3498797554609269,0.5139396177312407,-0.7368630351648199
0.3531584503981847,0.5108894096538902,-0.7634575211893638
0.35622842439064434,0.5078779401030942,-0.7896566803287901
0.3593112850492335,0.5046944305635076,-0.8149324030517964
0.3624063428761753,0.5013312217579273,-0.840554066597726
0.3652947593776179,0.49802667336353645,-0.8660171788478831
0.36818221654935923,0.4945525277323611,-0.8900961437134135
0.37087365670089795,0.4911523120803841,-0.9137535606214866
0.37356348669682765,0.4875858026802624,-0.9369691747588414
0.37625010040161533,0.48384571572301727,-0.9601707922566559
0.3787458160700996,0.48019704002767516,-0.9828923985185075
0.3812290852994368,0.4763883525643445,-1.0044975679827082
0.38353322171307624,0.47268297133236165,-1.0257211120914458
0.38582508522531944,0.46881961890560886,-1.0464077837342205
0.38794792406122725,0.46506807428709934,-1.066560020748772
0.39005836516677944,0.46116061052632745,-1.0859579354701767
0.3921558954660507,0.45708989804589906,-1.1052792622568715
0.3940933054168461,0.453148645086559,-1.1242493440357733
0.3960107462193833,0.4490569845870834,-1.1422862990141136
0.3977804180891991,0.44509720947417686,-1.1598287368383362
0.3995314779665529,0.4409883507008086,-1.176848272639294
0.40114517668319555,0.43701927867571844,-1.1934304143265921
0.40274081275735346,0.4329024748614767,-1.2093683837960727
0.40431970544973916,0.42863137409241725,-1.2251176049751087
0.4057698440020943,0.4245112353566845,-1.2405193305774882
0.4071980774501486,0.4202493856143693,-1.2551373983002705
0.4085089790804313,0.4161429235254637,-1.2693464204209435
0.40979982349513133,0.4118947940816764,-1.2831330642574912
0.4110704407286566,0.4074982361916991,-1.2966810014444463
0.4122325212931287,0.40326564465751685,-1.3098296838129926
0.413371436153047,0.3988969744829636,-1.3223402906397848
0.41441191007894107,0.3946946534489999,-1.3345048995847408
0.4154314337326241,0.3903557954092593,-1.3462701873137977
0.4163606983185268,0.3861842429927958,-1.3576513537956765
0.4172698064859377,0.38187522732597323,-1.3685670633834721
0.41815957231631384,0.3774221384113668,-1.3792822617846696
0.41896756442163563,0.3731431521709047,-1.3896970175900594
0.41975373096541085,0.3687318196687555,-1.399584818255607
0.42046676335464206,0.3644955880908691,-1.409161805215258
0.42115953142804824,0.3601255373463924,-1.4184203991460904
0.42183245556157617,0.3556147408536066,-1.4274538964263193
0.4224391371718444,0.35128384841389027,-1.4361778405697356
0.42302525308757555,0.3468244546165726,-1.444481853072551
0.42355191829047134,0.34254389017449227,-1.452523751592499
0.4240596682115737,0.3381334161647372,-1.4602725903588296
0.4245478625361797,0.3335846367095038,-1.4678044959019363
0.4249836071310937,0.32921953234787465,-1.4750647410761761
0.4253999083492853,0.3247284023056953,-1.4819752559358452
0.42576958520795727,0.3204196963006726,-1.488647554015252
0.42612109950010024,0.31598291505799353,-1.495062334077753
0.4264311798082707,0.3117269680010582,-1.5012250445107045
0.42672428866986356,0.3073408999706483,-1.5071119517916456
0.4270001653290254,0.3028168541602507,-1.512797636181468
0.4272404293146821,0.29847761215364504,-1.5182615271603828
0.42746381103318737,0.2940124270786228,-1.523449278285615
0.42765608907791475,0.2897304026332566,-1.5284234870971416
0.42783269576582206,0.28532013111394067,-1.5331811266462163
0.427993261750421,0.28077347371973427,-1.5377195137988364
0.4281280880451669,0.27641356246895965,-1.5420368497460373
0.42824775975239,0.2719290325287497,-1.5461424417154606
0.4283451821511201,0.2676290872780391,-1.5500500697877135
0.428428479438876,0.2632021503815138,-1.553756013918547
0.42849804911128997,0.2586402389398377,-1.5572286555129622
0.42854987190453914,0.2542659341647816,-1.5604943009256
0.4285889041927401,0.2497682852374966,-1.5635944095119043
0.42861317345430805,0.24545615213127744,-1.5665026051105062
0.428625819374554,0.2410181081783514,-1.5692240617266402
0.42862671773379507,0.2364460632479517,-1.5716938448076099
0.4286173741325506,0.23206252420021356,-1.573960088108241
0.42859760224752386,0.2275564530539423,-1.5761074977682052
0.42856990327222616,0.22323656868429276,-1.5780636456717954
0.428532888600976,0.21879154433272255,-1.5798440296182055
0.4284903505068631,0.214529936284291,-1.5814342932370273
0.42843968767404705,0.21014063199857289,-1.5828865283353657
0.4283816194600575,0.2056158628534284,-1.5840446656905147
0.42832128047480483,0.20127757535369797,-1.584981234390359
0.4282552733075416,0.19681496473333618,-1.585862868074316
0.42818846641228814,0.19253666091587987,-1.586551756728908
0.42811710297462535,0.1881315084226,-1.587072063879295
0.4280417443281463,0.18359178640950372,-1.5872750011843626
0.42796919914672027,0.17923909506919464,-1.5872699332635138
0.42789456979375723,0.17476296432347868,-1.5872459872664721
0.4278235133228837,0.17047150483564238,-1.5870178734234808
0.4277516725682384,0.16605413688204662,-1.5866305447262892
0.4276802237230643,0.16150304789922862,-1.5858936667742378
0.42761542758475485,0.15713942714252616,-1.5849397860258807
0.42755305069689253,0.15265310165004936,-1.58400964695056
0.4274976400972888,0.14835189674143426,-1.5828693974516759
0.42744593028487854,0.14392553009538286,-1.581573421906548
0.4273994500267151,0.13936621558555848,-1.5798891744356798
0.4273627798995936,0.1349947102329686,-1.5779800324725521
0.4273335511191361,0.1305011271555299,-1.5761395986294269
0.4273138323289793,0.1261929333629646,-1.5740802162942817
0.4273029643315353,0.12176022204405977,-1.571866715760334
0.4273024022008344,0.11751014334002108,-1.5694673952302558
0.4273123362268038,0.11313308399616324,-1.5670220179143544
0.42733460372771975,0.10862153684153306,-1.5640900230711483
0.42736940626265235,0.10429575493489711,-1.560867320073832
0.42741917639677457,0.09984638006138001,-1.557802851786649
0.42748032469329866,0.09558048100531963,-1.5545263602951718
0.42755801569538215,0.09118908009140268,-1.5510784363562937
0.42765466025012344,0.08666453605729492,-1.5471382433437824
0.42776511279425655,0.08232657239337368,-1.5429566697193018
0.4278969047897093,0.07786637254936019,-1.538952427100543
0.42804082564101226,0.07359051627747937,-1.5347048017640812
0.42820794322507155,0.06919035106996059,-1.5303062936126173
0.4284011087845118,0.06465873149957431,-1.5253842616906168
0.4286084528144316,0.06031480712191062,-1.5202017119660656
0.4288442187128753,0.05584981917567756,-1.5152398313834547
0.4290919997187841,0.05157021587926843,-1.5100281591448832
0.42937019012072164,0.047168002692419136,-1.5046625785009717
0.4296821670659155,0.042636214710415066,-1.4987157761195702
0.4300079579151744,0.038292965078483295,-1.4924955803892292
0.43036994865715816,0.03383035419370867,-1.4865502307144725
0.43074291223350775,0.029553879231350336,-1.4803424959960207
0.4311542510575935,0.025156626008369494,-1.4739856820082713
0.43160766398704964,0.020631865298779035,-1.467027204069739
0.43207348785093813,0.016296497511210456,-1.459802923469089
0.4325836696613679,0.011843728525649232,-1.4529054862789708
0.43310268049285194,0.007577872729924981,-1.4457554822678682
0.43366827789869616,0.0031934002273187037,-1.4384752565723844
0.4342415246861382,-0.0010066504942371026,-1.431022140995742
0.43486395154025814,-0.005327566456205416,-1.4236568766788147
0.4355392509721935,-0.009775151812089313,-1.4156111607849908
0.43622218683655,-0.014034413854470483,-1.4072320444895559
0.4369604006864293,-0.018410139775079146,-1.3992943831328024
0.4377018856749325,-0.022600263758238908,-1.3911636883848528
0.4385005628063394,-0.026907559901133336,-1.3828981313515571
0.4393611333832948,-0.03133811378673641,-1.3740489487961833
0.4402247834563613,-0.035579362270824845,-1.3650090593754265
0.44115148182542285,-0.03993352783647666,-1.356391686991001
0.44207628274388916,-0.044100988045934805,-1.3475661198025226
0.4430663234668052,-0.0483819985162731,-1.3386719418523132
0.4441262592140596,-0.052782625296588496,-1.3292428357015926
0.4451832658606096,-0.05699303123763244,-1.3196373839572555
0.44631074550714595,-0.061312570150366105,-1.3104865317839662
0.44743018230627324,-0.06544473017609567,-1.301179892667029
0.4486217306531365,-0.06968675904693719,-1.2918404016831915
0.4498908528664989,-0.07404449194594402,-1.2820263602657822
0.45114938954803524,-0.07821139433060487,-1.272092319358104
0.4524850098679513,-0.08248357953533193,-1.262636525497785
0.45380468672663654,-0.08656833524200004,-1.2530727415164442
0.45520311382783385,-0.09075898287670711,-1.2435195471125633
0.456582478653465,-0.09476506001423171,-1.2339554231026957
0.4580425358322299,-0.09887878346187619,-1.22462097659886
0.45958812936527405,-0.10310511947238421,-1.2148296118102624
0.4611105324558038,-0.10714361393012523,-1.2048907654662981
0.46271757370870686,-0.11128410639203172,-1.1954815151794798
0.46429577660062826,-0.11524047173946847,-1.1860455767674845
0.46595970638583295,-0.1192993239680274,-1.1766241702857274
0.46771442161179383,-0.12346602088627798,-1.1668730851199514
0.46943650184327185,-0.1274456762614077,-1.1571114781103158
0.4712470688713046,-0.13152266926370676,-1.1478151072461764
0.4730197738372797,-0.13541638427986982,-1.1384739963447805
0.47488227366885866,-0.13940805540200943,-1.1292010114775692
0.47683971551090687,-0.14350282256234537,-1.119645869747784
0.4787549490353202,-0.14741195054677225,-1.110076557235946
0.48076221637863703,-0.15141381965743506,-1.1009580575385507
0.48272202768999023,-0.15523396369366843,-1.0918187615703894
0.48477502097231967,-0.15914762437442134,-1.0827549555187639
0.48677794199207425,-0.16288300216877266,-1.0737387202974606
0.4888756737593918,-0.16671334692717843,-1.0649603995455732
0.4910738620102036,-0.1706430063800016,-1.0558457303783715
0.4932163529067019,-0.17439228478522886,-1.0466500210902432
0.4954559493471721,-0.17823059903600227,-1.0379320886122108
0.4976355579683254,-0.18189284725982388,-1.0292186273802988
0.49991296272537483,-0.1856448750975842,-1.0205485290419576
0.5022943579284588,-0.18949119080868457,-1.0116075863615595
0.5046111610135473,-0.19315951266440945,-1.0026707012023495
0.5070274822018128,-0.1969122583292249,-0.9941539431831838
0.5093753209882396,-0.20049128757750292,-0.9856073425909776
0.5118239653276807,-0.20415536678486854,-0.977129722732756
0.5143790913793387,-0.20790900967835718,-0.9683919989596044
0.5168614022700743,-0.21148726756456437,-0.9596372485447153
0.5194455456181776,-0.2151453449872354,-0.9512912328909576
0.521952924081107,-0.2186324687950567,-0.9429190047551466
0.5245634932596264,-0.22220014851539094,-0.9346098304906914
0.5270955740921066,-0.2256005002458856,-0.9263328357918159
0.529732714178654,-0.22908274133921408,-0.9182666293041696
0.5324811933972424,-0.23265036311353993,-0.909863562111216
0.5351457872563726,-0.2360492592481528,-0.9013679585020851
0.5379167550600743,-0.2395239985775332,-0.893310410286541
0.5406008022632113,-0.24283475897555168,-0.8852368405372579
0.5433923775175413,-0.2462218525856997,-0.8771890554024456
0.5462979046205715,-0.24968918814036406,-0.8688538997406049
0.5491123011745099,-0.2529910296303736,-0.860498542515202
0.5520350357340416,-0.256363873380627,-0.8525339782293688
0.5548636503585245,-0.2595758145284277,-0.8445180949796038
0.5578021326833705,-0.2628592784489128,-0.8365492014874883
0.560857007484886,-0.2662178609125166,-0.8282974032180072
0.5638135828932694,-0.2694142420009429,-0.8200038913284896
0.5668804764581868,-0.2726768729398892,-0.8120963516746071
0.5698463232859141,-0.2757819759943625,-0.8041403176858246
0.5729240763270539,-0.2789538458366918,-0.796225942607778
0.5758997398059053,-0.2819719235935038,-0.7883212000294233
0.5789896021933477,-0.2850576295216878,-0.7806065671799246
0.5822002554275105,-0.2882137060848365,-0.7725301294614685
0.5853037477527797,-0.29121503923329095,-0.7643382349808746
0.5885220572855786,-0.2942778526476473,-0.7565702693058725
0.5916308591076034,-0.2971910116806156,-0.7487668266031644
0.5948557411833895,-0.30016598584688187,-0.7409699623017627
0.5982037775932502,-0.30320569477723996,-0.7328630507948549
0.6014382590516244,-0.30609451112802327,-0.7247169904131839
0.604789252855178,-0.3090396459777779,-0.716951803559457
0.6080243923121685,-0.3118388928863082,-0.709118020037564
0.6113775897769221,-0.31469465855939976,-0.7013169976896353
0.614855988512406,-0.3176096729360268,-0.693211497122409
0.6182143542048371,-0.3203778246143171,-0.6850490729779383
0.6216909537922964,-0.3231970089375476,-0.6772669599305786
0.6250456727944314,-0.32587432073313094,-0.6694223889230667
0.6285200412705165,-0.3286030395162973,-0.6616083304845288
0.6318723595408637,-0.3311934322312933,-0.653791577115889
0.6353466629292367,-0.33383583784747706,-0.6461576976640098
0.6389499067721027,-0.336532023352188,-0.6381453205838045
0.6424260696057674,-0.3390894965617529,-0.6300055312607764
0.6460241016617551,-0.3416927405033873,-0.6222874537096577
0.6494935588229198,-0.34416245843445953,-0.6145261462281313
0.6530862741599377,-0.3466780624928001,-0.6067630175950124
0.6568094187648709,-0.3492415450369525,-0.5986778796215375
0.6604000027192541,-0.35167073702179985,-0.5905460276781451
0.6641134948600234,-0.35414024546181266,-0.5827941029276016
0.6676927019294162,-0.35648074132470814,-0.5749680598731398
0.6713965578332662,-0.3588614635962236,-0.5671691050751481
0.6752321324250296,-0.36128432409196337,-0.5590576328449911
0.6789295153895154,-0.3635775548857771,-0.5508837520138218
0.6827506614895671,-0.3659057529128521,-0.5430909264446618
0.6864322859141969,-0.3681095462808759,-0.5352317672220588
0.6902394692130458,-0.37034816180998215,-0.5273997130381528
0.6941794649741181,-0.37262301327810154,-0.5192512580630485
0.6979758533572011,-0.37477324355537495,-0.5110428547397177
0.7018968573864904,-0.37695302883993215,-0.5032185201973259
0.7056731395385214,-0.3790135203554821,-0.49532758960041695
0.7095758174876705,-0.3811034773042268,-0.4874641283413175
0.7133341124378908,-0.3830779973742753,-0.4795967475179034
0.7172213801186993,-0.3850820373240229,-0.4719139229644121
0.721244631564355,-0.3871164168127297,-0.46384704396765314
0.7251188272207886,-0.3890356817943866,-0.4556495018287585
0.7291207598483804,-0.39097854268244514,-0.4478771937854568
0.7329727177714185,-0.39281190331956006,-0.44006221390691996
0.7369538934816835,-0.3946686120446429,-0.43224432399636975
0.7410717339103794,-0.39654940042145137,-0.4241013444790761
0.7450354694133472,-0.3983206285876476,-0.41591100676339227
0.7491271176081767,-0.4001097626477783,-0.40810502576192914
0.7530639358156159,-0.40179482649743414,-0.4002246597377195
0.7571302973481923,-0.40349746660948793,-0.39237095633698504
0.7613335607706863,-0.40521826989656723,-0.3842043865255274
0.7653780957780036,-0.40683510571948706,-0.3759765945910703
0.7695504771223677,-0.40846445345438487,-0.36813221374822197
0.7735636257714111,-0.4099954123072431,-0.360222909692906
0.7777064346315921,-0.4115382815949274,-0.35234213523659896
0.7816907718945968,-0.41298662764488825,-0.3444571276705584
0.7858071954147201,-0.41444668188759487,-0.3367558714588719
0.790062705406452,-0.4159186077742375,-0.32867254603531326
0.7941551435466677,-0.4172965694985183,-0.32045792305103266
0.7983774807078027,-0.4186809096238434,-0.3126703127506175
0.802436849750227,-0.41997675836943865,-0.3048399064017013
0.8066274795474299,-0.42127844395806824,-0.2970074367513082
0.8109569620676278,-0.4225856377355172,-0.28885005467382735
0.8151192700811325,-0.42380502206280674,-0.2806469286226025
0.819410870220324,-0.42502504282425385,-0.27282755129569136
0.8235353477783911,-0.4261627115523175,-0.26493511261815417
0.8277906975548437,-0.42730042113828853,-0.2570699919656451
0.8321843392456872,-0.4284377558257466,-0.2488928691395834
0.8364068536864119,-0.4294934491897683,-0.24065542531756873
0.8407578969945008,-0.43054440422883733,-0.23280134987968742
0.8449380740547618,-0.43151920864336357,-0.2248826144285248
0.849248357357429,-0.4324885808565457,-0.2169935154732536
0.8533890704576215,-0.433385516095083,-0.20909994828125153
0.8576622886720514,-0.43427626853395984,-0.20139112325314917
0.8620750927597521,-0.4351599509353456,-0.19330165372721103
0.8663136696091595,-0.4359727022637066,-0.18508149829884546
0.8706820039729023,-0.4367739334867451,-0.17728679945143558
0.8748769008022663,-0.4375096980685128,-0.1694518155419738
0.8792027422462156,-0.4382336071782297,-0.16161560649424725
0.8836671845774107,-0.43894399050636035,-0.15345488604937088
0.887954023798624,-0.4395901026301659,-0.14524879542331579
0.8923692895863069,-0.44021935197630946,-0.13742712826684275
0.896607885852063,-0.4407896253767591,-0.1295340375767311
0.9009762486263845,-0.4413422485662829,-0.121668188243397
0.9054816684332111,-0.44187585592897355,-0.11349090763670748
0.9098065808974445,-0.4423516948041701,-0.1052540409360913
0.9142582551903621,-0.4428055281585574,-0.09740071318337842
0.9185304158784601,-0.44320700853718503,-0.08948308462690818
0.9229308204466028,-0.4435855780780622,-0.08159526814268801
0.9274667961484705,-0.4439392405798599,-0.07339244148064349
0.9318194885657731,-0.4442422367527948,-0.0651312679141274
0.9362974600154793,-0.44451782670509127,-0.05725633336547619
0.940593430293627,-0.4447482580800757,-0.0493189714363843
0.945016160153906,-0.4449502872354033,-0.04141020947114553
0.9492588811121804,-0.44511029000987445,-0.033499328923274604
0.9536307040744575,-0.4452412373806805,-0.025774555921384945
0.9581383820331916,-0.44534050439461,-0.01766903141164822
0.9624617577915958,-0.4454002719878613,-0.009433850886415775
0.9669105475140289,-0.44542588145529516,-0.0016260214451910473
0.9711767969464594,-0.44541730627048215,0.006221801158484049
0.9755696113426454,-0.4453739486478884,0.014071144725264722
0.9800961653034888,-0.44529299959250596,0.022243499798325003
0.9844364468568525,-0.44517964109948294,0.030460539162348886
0.9888997801023691,-0.4450272345868346,0.038291873924776454
0.9931786239511045,-0.44484742229855007,0.04619488305136487
0.9975818417496551,-0.4446276955610164,0.05406948783397039
1.0021164161872935,-0.4443649888843507,0.062254953361311254
1.0064629527739635,-0.44407706236591166,0.07049979946637776
1.010930105685709,-0.44374510933375577,0.07836067327363536
1.0152111945957476,-0.44339292885077647,0.08628409916635067
1.0196143652904588,-0.44299583848253765,0.09417825980687237
1.0238337638700112,-0.44258153784298887,0.10207551110626664
1.0281773452257266,-0.44212090457845193,0.10978719623415398
1.0326514699269038,-0.4416108798060711,0.1178798640604011
1.0369380277110398,-0.44108647414424745,0.12610206271476174
1.0413443997995857,-0.44051147453061135,0.13389783410968378
1.045565561062844,-0.43992730627437115,0.14173452541341228
1.049907627751946,-0.4392916457148565,0.1495730968296349
1.054377390455021,-0.43860068306979694,0.15773485922943553
1.0586583145790935,-0.43790288625679125,0.16594178249736116
1.063056102997386,-0.43714984560668024,0.17376442833196085
1.0672676138312818,-0.4363946450620898,0.18165918706277429
1.071597159836045,-0.4355829083313395,0.18952675023773574
1.076051270400903,-0.4347110083394174,0.1977043572344732
1.0803157761988809,-0.4338396207551088,0.20594254114121321
1.0846940830872258,-0.43290813576034315,0.21379712186895183
1.0888854745764596,-0.43198188458880626,0.22171429061343745
1.09319189003854,-0.4309945508126068,0.2296029269573793
1.097314014260963,-0.43001502139304,0.23749438913389462
1.1015531155321359,-0.42897288951552953,0.24520120853348276
1.1059149634025298,-0.4278639772403342,0.2532882856994795
1.1100890633247427,-0.4267664419946669,0.2615052978198405
1.1143751837067077,-0.4256024904501933,0.26929643030926276
1.118476580363242,-0.4244544594156907,0.27712871293162317
1.1226909959842502,-0.42323902006052755,0.28496281049826333
1.12702447015051,-0.4219519173310161,0.2931199287432978
1.131170164250771,-0.42068321156134825,0.3013220850286028
1.1354242712514124,-0.41934404320756374,0.3091406679285131
1.1394935234161145,-0.41802780026875985,0.31703148325827474
1.1436723364684085,-0.41663985298184153,0.32489429712319723
1.1479664211055207,-0.41517536449737125,0.33306846241377275
1.1520728328497614,-0.4137369417410616,0.3413024212375317
1.1562839707072023,-0.4122235786571645,0.349153760384917
1.1603107178535288,-0.4107408372962991,0.35706748523623594
1.1644432215003953,-0.4091818071853903,0.36495291583425554
1.168687242192681,-0.4075418837536256,0.3731522170259578
1.1727440881479962,-0.40593543638903656,0.3814097744337995
1.1769020092547042,-0.40425018843186655,0.38928021502687665
1.1808762799811994,-0.40260272945440617,0.3972151665729579
1.1849526856897603,-0.40087506120564265,0.4051206437259474
1.1888484772290515,-0.399187230799109,0.41302794379472696
1.1928482072903726,-0.3974174227508847,0.4207489092679077
1.1969567146714515,-0.3955605790741983,0.4288520369352502
1.2008819665286994,-0.39374736786329306,0.4370835668048287
1.2049057265464735,-0.3918496023004556,0.4448874994933165
1.2087499839461777,-0.3899995574964534,0.4527338711220697
1.2126934476714601,-0.388063533002055,0.4605800207546466
1.2167413148214452,-0.38603596148397745,0.46874926581992615
1.220607185992542,-0.3840596042193769,0.4769625370320822
1.2245672250771844,-0.38199475389682763,0.4847917395418037
1.2283490169559863,-0.37998509017773746,0.49269329990769356
1.2322257261535512,-0.37788546019075026,0.5005659322916254
1.2362023436188423,-0.37569049771950325,0.5087493426766285
1.2399984854532595,-0.3735540315108285,0.5169927827197278
1.2438843816533738,-0.37132550162460093,0.524852276513105
1.2475937892204116,-0.3691594772505109,0.5327747805975406
1.2513937647599616,-0.36689985965859395,0.5406682886275976
1.2550206667495452,-0.36470434898622195,0.5485643740202869
1.2587394829189105,-0.3624132072968732,0.5562759426597329
1.2625547234965964,-0.3600212594245509,0.5643683110818977
1.2661946032102156,-0.3576974042863277,0.5725895471478696
1.2699206968053103,-0.3552760914213562,0.5803840416123562
1.2734756888556864,-0.3529265077709046,0.5882211489684104
1.277117630202632,-0.3504782992010828,0.596059248335295
1.280850791645632,-0.3479252369983431,0.6042198683990396
1.2844107620326204,-0.345447263286256,0.6124254243866324
1.288052323062445,-0.34286911882289406,0.6202471436024447
1.2915248453380088,-0.34036937396368994,0.6281422122272197
1.2950795590262008,-0.3377678198275328,0.6360085304327417
1.2987205541094837,-0.3350581045718522,0.64418580447417
1.3021907952258087,-0.3324307171847472,0.652422832777176
1.3057376865211938,-0.3296999218302275,0.660276799894306
1.3091182810148982,-0.3270548267972121,0.6681948243098612
1.3125760926377745,-0.324304688613273,0.6760832827346923
1.3158711937504501,-0.32164143148606905,0.6839746523509239
1.319244562519413,-0.3188709203257945,0.6916816551088824
1.3227000140223886,-0.3159875181432584,0.6997700120189321
1.3259909106641672,-0.3131951428389256,0.7079872195485056
1.329354280250457,-0.31029466429840524,0.7157773189375217
1.3325579009448876,-0.307488148749228,0.7236109408421643
1.335834303552612,-0.3045720544979471,0.7314449281576951
1.3391871719242094,-0.30153987083505124,0.7396021390059164
1.3423786290959607,-0.2986054413552363,0.7478043284699959
1.3456375138954149,-0.2955606335830899,0.7556218837376089
1.3487395892525729,-0.292616338283105,0.7635139670472878
1.3519094470250508,-0.28956005653273365,0.771376520253033
1.3551502815668526,-0.28638480236536334,0.779551142050801
1.3582330598275538,-0.28331430932225865,0.7877847596785708
1.3613780090764236,-0.2801310752755453,0.7956357545327358
1.3643695964307647,-0.2770548406221189,0.8035511410170495
1.3674238679029151,-0.2738644079567678,0.8114372135016541
1.3705436218217142,-0.27055253640209626,0.8196374718875157
1.3735090828364123,-0.2673520636506324,0.8278949743969377
1.376531567399465,-0.26403650331356016,0.8357663405402206
1.3794048299627333,-0.26083459952090643,0.8437018686800069
1.382335480187036,-0.2575160493807955,0.8516079295827331
1.3851205887788038,-0.2543114582357519,0.8595149999308033
1.3879638739556048,-0.2509878703048914,0.867236904329574
1.3908678896871156,-0.24753891031536998,0.8753402769232818
1.3936253911599044,-0.2442084686911413,0.8835707656463859
1.3964352338093535,-0.24075920152307714,0.8913745454909077
1.3991037133017419,-0.23743043873965042,0.8992216317603638
1.4018246465973883,-0.23398137677992578,0.9070677324343487
1.404600201444844,-0.230404762451648,0.9152375248465972
1.4072336365802554,-0.22695275187550454,0.923451309174433
1.4099138319580806,-0.22338036529195265,0.9312805006872155
1.4124570731552548,-0.21993473363421912,0.9391822541250606
1.4150471431827203,-0.21636706415683485,0.9470557374366402
1.4176860790759838,-0.21267005162669736,0.9552403240861551
1.4201874158913281,-0.20910388643780156,0.9634835070414942
1.4227301887962411,-0.2054160470485675,0.9713430765868671
1.4251405754094084,-0.2018605309185726,0.9792667753020692
1.4275923089771776,-0.19818160345040253,0.9871605285865923
1.4299154692652505,-0.19463509860823433,0.9950568525447745
1.4322805064321895,-0.19096278544035586,1.0027675720646294
1.4346888187440425,-0.1871577188865088,1.0108612524100624
1.436968331473539,-0.183489893780629,1.0190823101258741
1.4392836221225802,-0.17969688870516434,1.026876909340617
1.441475561770121,-0.17604251168782875,1.0347140586624626
1.4437032857790892,-0.17226158265142744,1.0425523545137243
1.4459679917558967,-0.16834658039210246,1.0507136148160072
1.4481090117907864,-0.164574391956641,1.058919782395443
1.450280203360676,-0.16067638665516945,1.0667414213006012
1.45233297237779,-0.1569222677209296,1.0746363590274632
1.454415714699838,-0.15304076393273752,1.0825027775661948
1.4565296876948532,-0.14902452308802883,1.0906807256525743
1.458525065673779,-0.14515620946125615,1.0989183167489585
1.4605451697515395,-0.1411616834526789,1.1067720907266931
1.4624520016725293,-0.13731600856011703,1.1146898888756085
1.4643834408687524,-0.1333424430267064,1.1225788671899302
1.4662053453279058,-0.12951729949841329,1.1304697152385441
1.4680518276787813,-0.12556174953640742,1.1381764605108045
1.4699233155473062,-0.12146872367710608,1.1462645995989624
1.4716858531577428,-0.117529021704811,1.1544822354668085
1.473466941424365,-0.11346039176435659,1.1622731581063988
1.475144564646695,-0.10954567271819679,1.1701060842378623
1.476840692485861,-0.10550063473966646,1.177940173078359
1.4785554396829255,-0.10131773690777111,1.1860975911944507
1.4801669285670656,-0.09729290017990477,1.1943003022053755
1.4817914057048431,-0.09313926887794943,1.202118513229202
1.4833180689484795,-0.08914415139438589,1.210009872394993
1.4848572706537173,-0.08501867223063811,1.2178726330859773
1.4864093180215128,-0.08075539926647568,1.226046856613893
1.4878638857075424,-0.07665464724206172,1.2342815566862784
1.4893259860121983,-0.07242545112661632,1.2421327537412838
1.4906959262144304,-0.06835895825417956,1.2500474477241414
1.4920731757917436,-0.06416236935940224,1.2579332421605567
1.4934570610800384,-0.059828000864632955,1.2661334822147594
1.49474971514396,-0.055660567880974225,1.2743919508545896
1.4960443959647454,-0.05136485610833158,1.2822641937805577
1.4972533349714796,-0.047235982696800634,1.2901987072958767
1.4984637898592155,-0.042977220083688594,1.2981052439280505
1.4995920087385257,-0.03888404138140431,1.306013673143192
1.5007215202319002,-0.03465860849573226,1.3137360412476056
1.5018513574090147,-0.030293687144228205,1.3218388335683113
1.5029005423539192,-0.026099115751632988,1.3300712566470203
1.5039452092077088,-0.02177461442936828,1.337876148465641
1.5049148054332369,-0.0176199467772695,1.3457216808704833
1.5058794676855574,-0.01333407805699456,1.3535681437474318
1.506838434812333,-0.008909513630113573,1.361737048635454
1.5077230682315992,-0.004658836058450921,1.3699510592325912
1.5085979392802176,-0.0002793860762041033,1.3777803519165845
1.509403830135153,0.003926752390973484,1.3856818582272832
1.5101993826447562,0.008263105027470609,1.3935544314168657
1.5109832882991345,0.01273716808455839,1.4017383151427958
1.511699487311538,0.017033971593127976,1.4099818404980016
1.51240052895435,0.021458336607731193,1.4178415422983544
1.5130393488298883,0.02570622021741358,1.4257642510764614
1.5136621616755856,0.03008322341392167,1.4336573922110931
1.5142263269641152,0.03428531818358387,1.4415541283357995
1.5147736052536602,0.03861891168188869,1.449265720555323
1.5153029381883751,0.04309086690395563,1.457357572874706
1.5157751255313416,0.04738351036125085,1.465579722148176
1.5162257502022145,0.05180434233756147,1.4733758184287984
1.5166247046293828,0.05604704534009081,1.4812129540014283
1.5170013276893328,0.06041926475554014,1.4890509992601
1.5173536268938452,0.06492826826838871,1.4972123434243871
1.517655697371546,0.06925524091257063,1.5054199708650038
1.5179309841635455,0.07370860167313384,1.513242383788225
1.5181613034474635,0.07798114192474007,1.5211367476727922
1.5183638779153517,0.08238147475198038,1.529003841882186
1.5185361690195414,0.08691697773435517,1.537181696311151
1.5186656952517898,0.09126764118929406,1.545419928967452
1.5187627449534036,0.0957429100541269,1.5532744305510398
1.5188221588623576,0.10003502073978801,1.5611913692916644
1.5188482369859206,0.10445309431310895,1.5690799366459691
1.5188399842442497,0.1086900006770105,1.5769716785633818
1.5187972544904995,0.11305507891721345,1.5846787265882727
1.518718050804825,0.1175549646697425,1.5927658863795864
1.518606543553531,0.12186957321625262,1.6009830017741578
1.5184563608431487,0.12630832906134107,1.6087748964776145
1.5182790704232139,0.130563766376472,1.6166076744099291
1.5180621872275106,0.13494457529243056,1.6244412597628288
1.5178027498042197,0.13945777965985803,1.6325983689742283
1.517518281895062,0.14378392980246904,1.6408018731147076
1.5171899450630795,0.14823176452040213,1.6486210485268995
1.5168417692063483,0.15249443290683493,1.656511829809119
1.5164486259615781,0.15688010769955993,1.6643749486439585
1.5160076490267231,0.16139562379720493,1.6725494187385122
1.5155488682726506,0.16572251292414875,1.6807841501630612
1.5150413567542282,0.17016846019009377,1.688635572203228
1.5145211158626977,0.17442789864239117,1.6965496509133096
1.5139511605200069,0.17880772358935265,1.704435424548744
1.513327695603009,0.18331476273929512,1.7126357735633055
1.512694235942082,0.18763177586071517,1.7208939855398977
1.512007020232832,0.1920653052014925,1.7287663019843202
1.5113145937324513,0.1963113961188353,1.7367008921470726
1.5105674372554894,0.20067526531639768,1.7446075309213267
1.5098176801161234,0.20485431601651904,1.7525156730399107
1.5090118033325195,0.20915324745024327,1.7602385848209958
1.5081461854325418,0.2135781068093832,1.7683408488473746
1.5072812826490936,0.21781453446150056,1.7765728243577834
1.506356244353666,0.22216618877999897,1.784378844923666
1.5054368139626517,0.22633227540043546,1.7922245679055555
1.5044562351511679,0.23061458025990078,1.8000711075353064
1.5034106828178617,0.2350194747649925,1.8082409228285505
1.5023730232162775,0.23923553737231112,1.8164556971641481
1.5012710456719849,0.24356346004323684,1.8242854290674235
1.5001817339849195,0.24770527090358838,1.8321862784278524
1.4990267455639623,0.2519600319858639,1.8400596930795903
1.497801739872341,0.2563340182284451,1.8482439622242903
1.4965924347451243,0.2605187506525731,1.8564874730430152
1.4953142965201858,0.2648120217895062,1.864347074783232
1.4940560751341772,0.2689191430992801,1.872269416411699
1.4927279811829153,0.27313596917919275,1.8801628772154195
1.4914222479352308,0.2771694863814168,1.888059860832443
1.490044807126585,0.28131453708956256,1.8957711483255104
1.4885911896514483,0.2855764718605969,1.9038637979977717
1.4871635880163592,0.2896521341956412,1.9120854838054353
1.485660932728749,0.29383405962095055,1.9198809092017752
1.484188934151489,0.29783310328375107,1.9277181823348828
1.4826406726770087,0.3019393153794958,1.9355565081523742
1.4810113758738983,0.3061583881598452,1.943718122781412
1.4794155288528983,0.310191648784989,1.9519245942119041
1.4777406185039534,0.31432725358111113,1.9597473187801309
1.4761036187401757,0.3182804196909278,1.9676423819275919
1.4743861584962203,0.3223367993769956,1.9755094367104307
1.4725831247412466,0.3265019963196895,1.9836876472105294
1.4708212820937674,0.3304819948022492,1.9919257601195697
1.4689764574991775,0.33456037079534917,1.9997802009467218
1.4671765269585242,0.3384572035409665,2.0076978950086155
1.4652924508119183,0.3424534343596414,2.01558644289078
1.4634553200027496,0.34627123185501213,2.023478078056607
1.4615319897803762,0.35018993169071977,2.031184421018617
1.4595173921183873,0.35421434276309144,2.0392731161014064
1.4575536720148263,0.3580577193491246,2.0474899014156085
1.4555014836688456,0.36199653929321257,2.0552800963120723
1.453504007653455,0.3657581643942294,2.063114094724261
1.4514167926731458,0.36961594804243914,2.0709480066951436
1.4492337940880085,0.3735746688957184,2.079105511878459
1.447109224568705,0.3773539053897781,2.087308090212908
1.4448924868293305,0.3812239765533387,2.0951264515947
1.442737753059714,0.38491838857913496,2.103018592729144
1.4404893882922276,0.38870434456090003,2.1108816123754592
1.438141830165142,0.39258663830285145,2.119056456347755
1.4358597877115489,0.39629111966027236,2.127291325645471
1.4334821940578293,0.4000819104437966,2.1351429277624914
1.4311737613912014,0.40369893972354465,2.1430582997132204
1.4287684201748683,0.4074031735793434,2.1509448023730147
1.4262600463143538,0.411198986993391,2.1591452475700925
1.4238243200458967,0.41481912874368093,2.1674032989791763
1.4212900777663067,0.41852125898665743,2.175275461869399
1.4188318283204353,0.4220519588523022,2.1832115743711964
1.4162734285795207,0.42566540232811445,2.1911169945373055
1.4137926370680636,0.4291110393297298,2.1990248556519765
1.4112092634651148,0.4326404480419118,2.2067472802705574
1.4085178701069845,0.43625775452339205,2.2148504925482624
1.405908252502566,0.43970538596206593,2.223081426881122
1.4031948313199862,0.44323102050993335,2.2308852970915454
1.4005664353865939,0.44659149298681844,2.238732213227644
1.397832995494421,0.4500306221278668,2.246579327268688
1.39498779969418,0.45355205694892775,2.2547488006520795
1.3922314806890277,0.4569066592178895,2.2629628361456144
1.3893686359527597,0.46033425449114607,2.2707922642790392
1.3865978415938411,0.4635995357827859,2.2786951661262984
1.3837188526079778,0.46693828746216176,2.286568585551646
1.3807254087175977,0.47035435722668467,2.2947532046576558
1.3778275384774568,0.4736065811811587,2.30299641394686
1.3748206234210978,0.47692693871098696,2.310856296490546
1.3719123577110601,0.480088204987921,2.3187794232208363
1.3688933515590904,0.48331799960714394,2.326673343296634
1.3659738628499414,0.48639236388183466,2.3345694806093773
1.3629413764352623,0.48953615797313577,2.3422814504943426
1.3597897301119037,0.49275261391421027,2.3503748261207558
1.3567421363152399,0.49581220119933406,2.3585961994955307
1.3535809212875973,0.4989352424126333,2.366390655222765
1.3505262662999626,0.501906393573257,2.3742295391107886
1.347356724125777,0.5049414766755583,2.3820679916639973
1.344065232166142,0.508043292698019,2.3902287982834007
1.340884200955966,0.5109918666795905,2.3984357610821694
1.337587821380341,0.5139987794351832,2.40625774638657
1.3344041323446398,0.5168572281573152,2.4141532970275885
1.3311035102679172,0.5197743447114198,2.4220197323070156
1.3276786199024642,0.5227526033890083,2.4301982483780242
1.3243708456152943,0.5255815607183549,2.438435537577674
1.3209455876915273,0.5284634179865021,2.446289167432412
1.3176395057244126,0.5312010440015413,2.4542071194383666
1.3142143449968302,0.5339917668422982,2.462096482476347
1.310908757067268,0.5366420218776415,2.46998746476208
1.307481755245967,0.5393459683198581,2.4776945794227867
1.3039267264214058,0.5421058473783505,2.4857831505558026
1.300495973702101,0.5447244767653289,2.494000390217066
1.2969439717098892,0.5473907192841291,2.501791215571617
1.2935180517563605,0.5499210046408841,2.5096257954587426
1.2899695938324582,0.5524991520384404,2.5174601961431597
1.2862911401093509,0.5551270317398064,2.5256177933532564
1.2827429237645938,0.5576181733775476,2.533821030236103
1.2790723457144348,0.5601514877557452,2.541639331822865
1.2755335359342188,0.5625531945632313,2.5495316405478783
1.2718707313681505,0.5649970388422837,2.5573957068402584
1.2680767827949369,0.5674849896449842,2.56557078861255
1.2644186280178717,0.5698407928123098,2.573804628451491
1.2606370863966796,0.5722333139815621,2.581656113868086
1.2569929739997767,0.5744989807964961,2.589571432843094
1.253223706187001,0.5768012963563269,2.5974579764206998
1.2493221020411605,0.5791418672843329,2.605657946652969
1.2455619218202874,0.5813553360038397,2.613916439744032
1.2416773351767985,0.5836000111554879,2.621788294889724
1.2379355721537209,0.5857231340729182,2.629724167764188
1.2340676341772407,0.5878773620094832,2.6376305956321957
1.2303421203598974,0.5899137778430832,2.6455386365748303
1.226488033195969,0.5919816402216108,2.6532602705277233
1.2224984252865383,0.5940819338489743,2.6613635440652335
1.218655853605405,0.596064437088415,2.6695951077038473
1.2146860681409597,0.5980726974363993,2.6773993255724293
1.210864207740145,0.5999686485360094,2.685246059700321
1.2069136049788207,0.6018901302121852,2.6930923982627957
1.2028265475328463,0.6038376596475227,2.7012620792490534
1.1988918392983168,0.6056731169584268,2.7094763541395612
1.1948294612378327,0.6075284877146824,2.717305846634449
1.190920065252614,0.6092770824418671,2.725208236526264
1.186881464939225,0.6110453868430147,2.7330811825596273
1.1827062195107445,0.6128339523928221,2.7412656622821374
1.178688059256069,0.6145160226735066,2.749509825590247
1.1745421883078566,0.6162124291786695,2.75736991644307
1.1705538930148491,0.6178077766528227,2.765293311244633
1.1664362152566687,0.6194173313840132,2.7731875752239215
1.1624753421221719,0.620929361219878,2.781084484485728
1.1583826820223837,0.6224555682584368,2.7887968204412874
1.1541510356536966,0.6239955979244758,2.796890244912514
1.1500809887284895,0.625439085595906,2.805112710340062
1.1458811363419017,0.6268909830351571,2.8129081864768573
1.1418428115153725,0.628251745463606,2.820745848129932
1.1376733224562947,0.6296204093589413,2.8285844437451573
1.1333650794088093,0.630996770917804,2.836746222506717
1.1292225859977538,0.6322826315520154,2.844952987734781
1.1249508268348092,0.6335711683774328,2.8527759829042356
1.120844861250008,0.6347746689422314,2.8606709724095003
1.116608026766516,0.6359802828669217,2.8685379671259366
1.1122329180150208,0.6371877191534422,2.8767158396119155
1.1080276143797836,0.6383107813721284,2.884953342402216
1.1036937280611596,0.6394311523711709,2.892807506475656
1.0995294790732142,0.6404727270979493,2.9007253994037976
1.0952350526677905,0.641510788569384,2.9086139849609807
1.0911090247377992,0.6424737922785234,2.91650619346074
1.0868504095741758,0.6434326754486844,2.924213142300654
1.0824522049546714,0.6443868974124833,2.93230121323821
1.0782269468362058,0.6452671317537162,2.940518911225933
1.0738718827223703,0.6461383372311725,2.9483108616340625
1.0696890929263971,0.6469410741597279,2.9561438048063087
1.0653752180268987,0.6477340852598339,2.963977762645708
1.0609226305892938,0.6485158594778314,2.9721358927327333
1.056646462823229,0.6492305023613069,2.980339580135033
1.0522417054205373,0.6499303307034792,2.988158485379819
1.0480126555129297,0.650568464614102,2.996049784937511
1.043653607294457,0.6511910361423001,3.003913209054489
1.0391570917796478,0.6517966551916382,3.012088330501534
1.0348403272019409,0.6523418629307206,3.0203226785918615
1.0303963806926244,0.6528669283345953,3.028174417116942
1.026131094717363,0.6533367544004455,3.0360897695901885
1.0217372344688203,0.6537858300954472,3.043976017528181
1.017207330444683,0.6542120264037417,3.0521772765463044
1.0128600929377534,0.6545848370260601,3.0604361569882785
1.00838708677903,0.6549321351336093,3.0683093019175867
1.0040952809941293,0.6552312008935655,3.0762451215339732
0.9996762910503846,0.655504119417883,3.0841523155241606
0.9954366203687747,0.6557320447861142,3.092061394094949
0.9910673596574783,0.6559329139355153,3.0997847821620024
0.9865618690274296,0.6561045143597947,3.1078872595620712
0.9822398568601889,0.656233364138333,3.1161196008033114
0.977792003582947,0.6563304093429547,3.1239255748593533
0.9735260411925665,0.6563901291349294,3.131771778556046
0.9691330034133252,0.6564170604974606,3.139617770396512
0.9646057495218475,0.6564088976682791,-3.1353976893200373
0.9602641107000842,0.6563650902233079,-3.1271829272210385
0.9557989179473051,0.6562844046497726,-3.1193533905315034
0.9515177291125625,0.6561732431748225,-3.111452484568509
0.947111562704497,0.6560242801457414,-3.103579516615736
0.9425733615310722,0.6558344508677908,-3.095394999316391
0.9382227696755174,0.6556163812761653,-3.0871511344512825
0.9337508634326517,0.6553562660954831,-3.079290948762184
0.929464646766339,0.6550729186119395,-3.071368163830881
0.9250556522084658,0.6547466311123817,-3.0634742121155623
0.9208301343728849,0.6544001193317653,-3.055577082120073
0.9164796339341477,0.6540094165175301,-3.0478654695342025
0.9119978270369058,0.6535712656341867,-3.0397723115631594
0.9077033714507882,0.6531158118204042,-3.031549265313853
0.9032882987827153,0.6526117059461859,-3.023752853940539
0.8990582448994175,0.6520952764542535,-3.0159152747614733
0.89470648296386,0.6515293800198663,-3.008076108029783
0.8902262044569861,0.650910274857125,-2.999913707263537
0.8859345806757204,0.650281304009697,-2.9917055054155557
0.8815252401833568,0.6495988272397758,-2.9838819435377366
0.877302145087724,0.6489112644240304,-2.975986594610392
0.8729601733643028,0.648169151318238,-2.9681193462730286
0.8684925903582014,0.6473687281828804,-2.959940372594349
0.8642147017608102,0.646565878228895,-2.95170244337848
0.8598220055600307,0.6457046754893861,-2.943847816242744
0.8556163315229222,0.6448459390620874,-2.935930852756276
0.8512946632890345,0.6439277685750006,-2.9280416423184605
0.8471573408873173,0.6430146104817489,-2.920150195623077
0.8429021109648552,0.6420405265748123,-2.9124430399081995
0.8385230563478918,0.6410019160210246,-2.9043551635977916
0.8343318487952159,0.6399714272700261,-2.8961371768721245
0.8300275904551078,0.6388764068568226,-2.8883459725170666
0.8259082104901975,0.6377944279336445,-2.8805127161095054
0.8216748130832788,0.6366468364621476,-2.8726782557809467
0.8173211758593396,0.6354293393160894,-2.8645203137112776
0.8131556363992759,0.6342273911916653,-2.856316663594777
0.8088805700511366,0.6329565522431997,-2.8484972327008817
0.8047906433562434,0.631705991766142,-2.84060571024703
0.8005901859280395,0.6303851487321733,-2.832741565979644
0.7962731628535654,0.6289898244051003,-2.824565972544501
0.7921442527329908,0.6276173684451006,-2.816330090166868
0.7879093954505235,0.6261719735700367,-2.808478127011569
0.7838594505510076,0.6247538829034354,-2.8005624406578766
0.7797024792767225,0.6232613691392687,-2.792675443233308
0.7754327091461694,0.6216896238977195,-2.7844744359014153
0.7713506488373943,0.6201485543054291,-2.776215779907122
0.767166240959712,0.6185301600479416,-2.768343502501908
0.7631660348558742,0.6169465659419726,-2.7604080579364787
0.7590624449408645,0.6152844266274037,-2.752501202918626
0.7551400665085665,0.6136591886485984,-2.744592692026962
0.7511124436747718,0.6119536866577148,-2.7368703053868146
0.746974664143581,0.6101627669531754,-2.7287666439121936
0.7430208260170514,0.608412779986245,-2.720534253555002
0.738967168363637,0.606579711942422,-2.712729650208914
0.7350937452736261,0.6047914549912914,-2.7048829839508888
0.7311197875678324,0.6029188117648402,-2.6970357850421967
0.727040012735482,0.6009564793049321,-2.6888651429245582
0.7231429904452764,0.5990422157253841,-2.68065105893553
0.7191504303926433,0.5970410902461328,-2.6728210660092517
0.7153369415481684,0.5950922904973811,-2.664918012080902
0.7114271295163255,0.5930550366883734,-2.6570442156005436
0.7074158681525605,0.5909240989425958,-2.648859547857391
0.7035860635301352,0.588848596527708,-2.6406153954413045
0.6996648824195283,0.5866828271490876,-2.6327551629109482
0.6959213225674231,0.5845763542478323,-2.6248307343681527
0.6920855679193795,0.5823779746315566,-2.616936872516389
0.68842397400119,0.5802408244779651,-2.609039929093732
0.6846689582152778,0.5780094963943339,-2.601327456090103
0.6808158855413372,0.5756790064471187,-2.5932338378649415
0.6771392770696723,0.5734136718868391,-2.5850113965304513
0.6733748532946578,0.571052304224542,-2.577215901744444
0.6697826818201137,0.5687599758925694,-2.569377615314091
0.6661020416156307,0.5663703437619159,-2.5615385691751555
0.6623284966844449,0.5638772382988163,-2.5533763742984226
0.6587292970171666,0.5614566400627752,-2.545169214668727
0.6550469593023691,0.558936948860356,-2.5373466804222273
0.6515348393723647,0.5564932015870256,-2.529450304648802
0.647939030529378,0.5539487734012577,-2.521583338531494
0.6442551627968969,0.5512976498160035,-2.513404851365544
0.6407434110123478,0.5487260494561638,-2.505167169065483
0.6371532311268547,0.5460525071962791,-2.497312914423827
0.6337308949270186,0.5434616095204211,-2.489394078000152
0.6302293962618837,0.5407672862182045,-2.48150515382591
0.626892146750601,0.5381569677121746,-2.473613125350796
0.6234748292312932,0.5354408524644175,-2.46590593725887
0.6199737231410709,0.5326128626382394,-2.457816413780007
0.6166385515232055,0.5298736088588276,-2.449599173323315
0.6132292537353672,0.5270271720314742,-2.4418078901530493
0.6099811765575625,0.5242723514005915,-2.433973204174052
0.6066584684045576,0.5214091600749676,-2.4261380758612976
0.6032575762417399,0.5184308432882729,-2.4179799885816373
0.60001954388879,0.515547966704426,-2.4097772215747897
0.5967124789658909,0.5125555416607885,-2.401958382648531
0.5935636761656241,0.5096613835274122,-2.3940654149011404
0.5903454528169046,0.5066561070416644,-2.3862018977598236
0.5870542854385616,0.5035332010161111,-2.378026746681956
0.5839228506908904,0.5005123009058743,-2.3697920440236517
0.5807274179255468,0.49737971158259653,-2.3619399082053456
0.5776869774286917,0.4943517380519049,-2.354024119491688
0.5745821713004376,0.4912104506396225,-2.3461370459768496
0.5714098584395229,0.48794888364045125,-2.3379356478963946
0.5683936502221311,0.48479614076221156,-2.3296766193968454
0.5653185287534939,0.4815293857558963,-2.3218042166597543
0.5623945073977129,0.47837364693881196,-2.31386784652152
0.559411198499063,0.47510229949559796,-2.305960674763406
0.5565753069142958,0.47194257099658354,-2.298052558720633
0.5536791698177275,0.4686649247640283,-2.290330387885309
0.5507204943358229,0.46526276084992435,-2.282225784717299
0.5479101405057523,0.46197676377835234,-2.2739940096884443
0.5450455905778563,0.45857281563527863,-2.2661898089270824
0.5423242876912959,0.4552870846694906,-2.2583420934599405
0.5395485764158438,0.4518819532313051,-2.2504950412243936
0.5367162663641368,0.44834995479357453,-2.2423247529700823
0.5340279956428509,0.4449405502708105,-2.23411022713568
0.5312911240188816,0.44141142568884456,-2.226280865414379
0.5286931960962374,0.43800684910831394,-2.2183770023011813
0.5260465082359017,0.4344810121739081,-2.2105027915790774
0.5233488607627561,0.43082663776515145,-2.202318136631922
0.5207908547228464,0.42730090123568387,-2.1940740771949483
0.5181896012305364,0.42365408335613775,-2.186213234851172
0.5157228081445804,0.42013751285430334,-2.1782894620243196
0.5132126285033328,0.4164981857982877,-2.1703946859883754
0.5108331244527198,0.41298929364121495,-2.162498034514804
0.5084097665114345,0.4093551977019837,-2.1547860383750654
0.50594104888016,0.4055890587561013,-2.1466922823837753
0.5036033367570596,0.4019580424584138,-2.1384698392355674
0.501227734190479,0.3982025372062656,-2.1306743854506616
0.4989778492849068,0.39458354095097375,-2.122836465694821
0.4966900458316301,0.39083863281022246,-2.1149973822311368
0.49436313147494426,0.38696034671867285,-2.106835055606641
0.49216224450697527,0.38322270872246667,-2.0986280359293956
0.4899291681727622,0.37935978223567113,-2.0908052988625596
0.48781674698725375,0.3756389177085566,-2.082909302701759
0.485672362934819,0.3717911051799686,-2.0750422735572367
0.4834945902909475,0.3678090810028689,-2.066863744663703
0.4814377701184813,0.36397306629812365,-2.058625417524598
0.47935421757413865,0.3600112512577313,-2.050770746182174
0.47738630086509887,0.3561964624680797,-2.042852029058705
0.47539177945157685,0.35225418532877084,-2.0349626976974804
0.4735090581433663,0.3484586009819242,-2.0270701691214814
0.47159985379973374,0.34453299801535486,-2.019362730220158
0.4696632555691902,0.34047046231269634,-2.0112735782264775
0.46783824691399106,0.3365592787405166,-2.003055291518593
0.46599239475991094,0.3325196452353763,-1.9952639474486014
0.4642525164800523,0.32863213577279426,-1.9874301379130417
0.4624921401850249,0.3246146836956265,-1.9795952027184294
0.46071089819926775,0.3204596758451185,-1.9714369254459105
0.4590355213651183,0.3164609464672567,-1.9632336024387371
0.45734487683440195,0.3123338221213282,-1.9554150084861888
0.45575476067112786,0.3083635007868583,-1.9475225784016228
0.4541500100181795,0.30426301977364445,-1.939657990447063
0.4525301456633952,0.3000250350737882,-1.9314828915705982
0.4510103494146887,0.2959480020796556,-1.9232472437008516
0.44948117078166483,0.291742531354152,-1.915395393752747
0.44804642361775304,0.28769851914648725,-1.907479433876891
0.446602656199593,0.2835243527183795,-1.8995919472798157
0.44514984243698247,0.2792126866607372,-1.8913914927693876
0.4437909399735376,0.27506634716549644,-1.8831325097221228
0.44242810456826154,0.27079179421017924,-1.875259544698315
0.4411535763595933,0.26668267591908185,-1.8673238219910153
0.4398755421740876,0.26244371415234896,-1.8594172593195613
0.4386821644342882,0.25836906100533213,-1.8515082221130301
0.4374856777348762,0.25416211654660087,-1.8437857063873113
0.4362864222712298,0.2498157514291232,-1.8356818964339636
0.43517057985051266,0.24563841172334905,-1.8274494130186318
0.43405717701585805,0.24133108564309794,-1.819644491789205
0.4330215209399041,0.2371923829118337,-1.8117982368503776
0.43198868330503615,0.23292243487690753,-1.80395097292561
0.4309593795297852,0.22851372156141964,-1.795781289892068
0.43000713800929913,0.22427761081119924,-1.78756639126195
0.42906267279668486,0.21991262196546202,-1.7797361824915054
0.42818983571713826,0.21571985506806254,-1.7718334627552055
0.42732527094711587,0.21139670851536888,-1.7639600900466494
0.4264702891289911,0.20693557179113267,-1.755775074049919
0.4256856367298071,0.20265084903973915,-1.7475306030145223
0.4249142306067346,0.19823819491299455,-1.7396694239860568
0.42420799168149603,0.19400103493297477,-1.7317453904803535
0.423515464489227,0.18963451424118344,-1.7238507748064473
0.4228844908147588,0.18544197227949524,-1.715952676535308
0.42226830931394205,0.1811176977112694,-1.7082397398359912
0.42166792478456594,0.17665475869479302,-1.700146185154759
0.42112753061160974,0.1723701802309252,-1.6919228692718689
0.42060670350225465,0.16795701738269095,-1.6841251895269849
0.4201403421998199,0.16372120448313215,-1.6762880191610046
0.4196941460045404,0.15935556623737648,-1.668449182240443
0.4192703413752686,0.15485260295885503,-1.660286152871775
0.41889935085258456,0.15053104503543033,-1.652078545611208
0.4185534733580436,0.14608255635862422,-1.6442555697158523
0.41825515644824945,0.1418142280954426,-1.6363606213663653
0.4179827864420428,0.13741761683753997,-1.6284935060942654
0.4177382156764831,0.13288554569329275,-1.6203157379376891
0.41753970925523975,0.12853739815348209,-1.6120773050666464
0.41737137460804363,0.12406424798405662,-1.6042229209570498
0.41724380325234994,0.11977363855517788,-1.5963052758488625
0.4171472949008049,0.11535657708406147,-1.5884166477858759
0.4170883211932606,0.11112009515338721,-1.580524047422703
0.41706149977654583,0.10675491735344489,-1.5728166959914152
0.41706915969312713,0.10225437313426962,-1.5647284454834196
0.41711209436023633,0.09793852732916475,-1.5565104299129837
0.4171916380789583,0.0934979475018223,-1.548717301254391
0.4173012254497455,0.08924022938553511,-1.540883558599859
0.4174484633500514,0.08485649618947184,-1.5330487110239908
0.41763608283259746,0.08033974692907404,-1.5248902176705832
0.41785182930549963,0.07600961326506771,-1.5166850870522326
0.41810928223340454,0.0715571028392222,-1.5088655289396964
0.4183897403278022,0.06728939574796637,-1.5009732101041313
0.41871018003844923,0.06293474231741197,-1.4931728875770391
0.4190680509672443,0.05854209517582065,-1.4853786091972065
0.4194585049962998,0.05416421499360763,-1.4778204573719729
0.41987688109430554,0.04983463292226364,-1.4707419463297624
0.4203175681163778,0.045577563236821377,-1.4641074659512971
0.4207827223949355,0.041351168762001476,-1.4578977004930225
0.4212587487536201,0.03725088248204402,-1.4521755325674663
0.42173588969557846,0.033331654480305756,-1.446761918460237
0.4222117454486072,0.029588261437457467,-1.4415039526528457
0.42268502411797465,0.026013056946634742,-1.4364707594038961
0.42315412771640276,0.02259852456743527,-1.4317076007877747
0.4236176489098999,0.019337487164479857,-1.4271518036102138
0.42407441681241437,0.016222746654902313,-1.4227784106009111
0.4245238305308516,0.013248415813463546,-1.4186055660957073
0.4249648839669528,0.010407596306948277,-1.4146272690682233
0.4253968983026441,0.0076942396280180155,-1.41082193746821
0.42581942983369414,0.0051027276390689606,-1.4071822415972688
0.426232121368992,0.002627701713462903,-1.4037077845114894
0.4266346322162103,0.0002638690785556506,-1.4003892876998916
0.42702655275119544,-0.0019943651213907136,-1.3972173605178995
