[0.243s] DEBUG:colcon:Command line arguments: ['/usr/bin/colcon', 'build', '--mixin', 'release', '--executor', 'sequential']
[0.243s] DEBUG:colcon:Parsed command line arguments: Namespace(log_base=None, log_level=None, verb_name='build', build_base='build', install_base='install', merge_install=False, symlink_install=False, test_result_base=None, continue_on_error=False, executor='sequential', parallel_workers=16, event_handlers=None, ignore_user_meta=False, metas=['./colcon.meta'], base_paths=['.'], packages_ignore=None, packages_ignore_regex=None, paths=None, packages_up_to=None, packages_up_to_regex=None, packages_above=None, packages_above_and_dependencies=None, packages_above_depth=None, packages_select_by_dep=None, packages_skip_by_dep=None, packages_skip_up_to=None, packages_select_build_failed=False, packages_skip_build_finished=False, packages_select_test_failures=False, packages_skip_test_passed=False, packages_select=None, packages_skip=None, packages_select_regex=None, packages_skip_regex=None, packages_start=None, packages_end=None, allow_overriding=[], cmake_args=['-DCMAKE_BUILD_TYPE=Release'], cmake_target=None, cmake_target_skip_unavailable=False, cmake_clean_cache=False, cmake_clean_first=False, cmake_force_configure=False, ament_cmake_args=None, catkin_cmake_args=None, catkin_skip_building_tests=False, mixin_files=None, mixin=['release'], verb_parser=<colcon_mixin.mixin.mixin_argument.MixinArgumentDecorator object at 0x738228a4a410>, verb_extension=<colcon_core.verb.build.BuildVerb object at 0x738228b57310>, main=<bound method BuildVerb.main of <colcon_core.verb.build.BuildVerb object at 0x738228b57310>>, mixin_verb=('build',))
[0.451s] Level 1:colcon.colcon_core.package_discovery:discover_packages(colcon_meta) check parameters
[0.451s] Level 1:colcon.colcon_core.package_discovery:discover_packages(recursive) check parameters
[0.451s] Level 1:colcon.colcon_core.package_discovery:discover_packages(ignore) check parameters
[0.451s] Level 1:colcon.colcon_core.package_discovery:discover_packages(path) check parameters
[0.451s] Level 1:colcon.colcon_core.package_discovery:discover_packages(colcon_meta) discover
[0.451s] Level 1:colcon.colcon_core.package_discovery:discover_packages(recursive) discover
[0.451s] INFO:colcon.colcon_core.package_discovery:Crawling recursively for packages in '/home/jone/ws_moveit'
[0.451s] Level 1:colcon.colcon_core.package_identification:_identify(.) by extensions ['ignore', 'ignore_ament_install']
[0.451s] Level 1:colcon.colcon_core.package_identification:_identify(.) by extension 'ignore'
[0.451s] Level 1:colcon.colcon_core.package_identification:_identify(.) by extension 'ignore_ament_install'
[0.451s] Level 1:colcon.colcon_core.package_identification:_identify(.) by extensions ['colcon_pkg']
[0.451s] Level 1:colcon.colcon_core.package_identification:_identify(.) by extension 'colcon_pkg'
[0.451s] Level 1:colcon.colcon_core.package_identification:_identify(.) by extensions ['colcon_meta']
[0.451s] Level 1:colcon.colcon_core.package_identification:_identify(.) by extension 'colcon_meta'
[0.451s] Level 1:colcon.colcon_core.package_identification:_identify(.) by extensions ['ros']
[0.451s] Level 1:colcon.colcon_core.package_identification:_identify(.) by extension 'ros'
[0.462s] Level 1:colcon.colcon_core.package_identification:_identify(.) by extensions ['cmake', 'python']
[0.462s] Level 1:colcon.colcon_core.package_identification:_identify(.) by extension 'cmake'
[0.462s] Level 1:colcon.colcon_core.package_identification:_identify(.) by extension 'python'
[0.462s] Level 1:colcon.colcon_core.package_identification:_identify(.) by extensions ['python_setup_py']
[0.462s] Level 1:colcon.colcon_core.package_identification:_identify(.) by extension 'python_setup_py'
[0.462s] Level 1:colcon.colcon_core.package_identification:_identify(build) by extensions ['ignore', 'ignore_ament_install']
[0.462s] Level 1:colcon.colcon_core.package_identification:_identify(build) by extension 'ignore'
[0.462s] Level 1:colcon.colcon_core.package_identification:_identify(build) ignored
[0.462s] Level 1:colcon.colcon_core.package_identification:_identify(install) by extensions ['ignore', 'ignore_ament_install']
[0.462s] Level 1:colcon.colcon_core.package_identification:_identify(install) by extension 'ignore'
[0.462s] Level 1:colcon.colcon_core.package_identification:_identify(install) ignored
[0.462s] Level 1:colcon.colcon_core.package_identification:_identify(log) by extensions ['ignore', 'ignore_ament_install']
[0.462s] Level 1:colcon.colcon_core.package_identification:_identify(log) by extension 'ignore'
[0.463s] Level 1:colcon.colcon_core.package_identification:_identify(log) ignored
[0.463s] Level 1:colcon.colcon_core.package_identification:_identify(src) by extensions ['ignore', 'ignore_ament_install']
[0.463s] Level 1:colcon.colcon_core.package_identification:_identify(src) by extension 'ignore'
[0.463s] Level 1:colcon.colcon_core.package_identification:_identify(src) by extension 'ignore_ament_install'
[0.463s] Level 1:colcon.colcon_core.package_identification:_identify(src) by extensions ['colcon_pkg']
[0.463s] Level 1:colcon.colcon_core.package_identification:_identify(src) by extension 'colcon_pkg'
[0.463s] Level 1:colcon.colcon_core.package_identification:_identify(src) by extensions ['colcon_meta']
[0.463s] Level 1:colcon.colcon_core.package_identification:_identify(src) by extension 'colcon_meta'
[0.463s] Level 1:colcon.colcon_core.package_identification:_identify(src) by extensions ['ros']
[0.463s] Level 1:colcon.colcon_core.package_identification:_identify(src) by extension 'ros'
[0.463s] Level 1:colcon.colcon_core.package_identification:_identify(src) by extensions ['cmake', 'python']
[0.463s] Level 1:colcon.colcon_core.package_identification:_identify(src) by extension 'cmake'
[0.463s] Level 1:colcon.colcon_core.package_identification:_identify(src) by extension 'python'
[0.463s] Level 1:colcon.colcon_core.package_identification:_identify(src) by extensions ['python_setup_py']
[0.463s] Level 1:colcon.colcon_core.package_identification:_identify(src) by extension 'python_setup_py'
[0.463s] Level 1:colcon.colcon_core.package_identification:_identify(src/launch_param_builder) by extensions ['ignore', 'ignore_ament_install']
[0.463s] Level 1:colcon.colcon_core.package_identification:_identify(src/launch_param_builder) by extension 'ignore'
[0.463s] Level 1:colcon.colcon_core.package_identification:_identify(src/launch_param_builder) by extension 'ignore_ament_install'
[0.463s] Level 1:colcon.colcon_core.package_identification:_identify(src/launch_param_builder) by extensions ['colcon_pkg']
[0.463s] Level 1:colcon.colcon_core.package_identification:_identify(src/launch_param_builder) by extension 'colcon_pkg'
[0.463s] Level 1:colcon.colcon_core.package_identification:_identify(src/launch_param_builder) by extensions ['colcon_meta']
[0.463s] Level 1:colcon.colcon_core.package_identification:_identify(src/launch_param_builder) by extension 'colcon_meta'
[0.463s] Level 1:colcon.colcon_core.package_identification:_identify(src/launch_param_builder) by extensions ['ros']
[0.463s] Level 1:colcon.colcon_core.package_identification:_identify(src/launch_param_builder) by extension 'ros'
[0.466s] DEBUG:colcon.colcon_core.package_identification:Package 'src/launch_param_builder' with type 'ros.ament_python' and name 'launch_param_builder'
[0.466s] Level 1:colcon.colcon_core.package_identification:_identify(src/moveit2) by extensions ['ignore', 'ignore_ament_install']
[0.466s] Level 1:colcon.colcon_core.package_identification:_identify(src/moveit2) by extension 'ignore'
[0.466s] Level 1:colcon.colcon_core.package_identification:_identify(src/moveit2) by extension 'ignore_ament_install'
[0.466s] Level 1:colcon.colcon_core.package_identification:_identify(src/moveit2) by extensions ['colcon_pkg']
[0.466s] Level 1:colcon.colcon_core.package_identification:_identify(src/moveit2) by extension 'colcon_pkg'
[0.466s] Level 1:colcon.colcon_core.package_identification:_identify(src/moveit2) by extensions ['colcon_meta']
[0.466s] Level 1:colcon.colcon_core.package_identification:_identify(src/moveit2) by extension 'colcon_meta'
[0.466s] Level 1:colcon.colcon_core.package_identification:_identify(src/moveit2) by extensions ['ros']
[0.466s] Level 1:colcon.colcon_core.package_identification:_identify(src/moveit2) by extension 'ros'
[0.466s] Level 1:colcon.colcon_core.package_identification:_identify(src/moveit2) by extensions ['cmake', 'python']
[0.466s] Level 1:colcon.colcon_core.package_identification:_identify(src/moveit2) by extension 'cmake'
[0.466s] Level 1:colcon.colcon_core.package_identification:_identify(src/moveit2) by extension 'python'
[0.466s] Level 1:colcon.colcon_core.package_identification:_identify(src/moveit2) by extensions ['python_setup_py']
[0.466s] Level 1:colcon.colcon_core.package_identification:_identify(src/moveit2) by extension 'python_setup_py'
[0.467s] Level 1:colcon.colcon_core.package_identification:_identify(src/moveit2/doc) by extensions ['ignore', 'ignore_ament_install']
[0.467s] Level 1:colcon.colcon_core.package_identification:_identify(src/moveit2/doc) by extension 'ignore'
[0.467s] Level 1:colcon.colcon_core.package_identification:_identify(src/moveit2/doc) by extension 'ignore_ament_install'
[0.467s] Level 1:colcon.colcon_core.package_identification:_identify(src/moveit2/doc) by extensions ['colcon_pkg']
[0.467s] Level 1:colcon.colcon_core.package_identification:_identify(src/moveit2/doc) by extension 'colcon_pkg'
[0.467s] Level 1:colcon.colcon_core.package_identification:_identify(src/moveit2/doc) by extensions ['colcon_meta']
[0.467s] Level 1:colcon.colcon_core.package_identification:_identify(src/moveit2/doc) by extension 'colcon_meta'
[0.467s] Level 1:colcon.colcon_core.package_identification:_identify(src/moveit2/doc) by extensions ['ros']
[0.467s] Level 1:colcon.colcon_core.package_identification:_identify(src/moveit2/doc) by extension 'ros'
[0.467s] Level 1:colcon.colcon_core.package_identification:_identify(src/moveit2/doc) by extensions ['cmake', 'python']
[0.467s] Level 1:colcon.colcon_core.package_identification:_identify(src/moveit2/doc) by extension 'cmake'
[0.467s] Level 1:colcon.colcon_core.package_identification:_identify(src/moveit2/doc) by extension 'python'
[0.467s] Level 1:colcon.colcon_core.package_identification:_identify(src/moveit2/doc) by extensions ['python_setup_py']
[0.467s] Level 1:colcon.colcon_core.package_identification:_identify(src/moveit2/doc) by extension 'python_setup_py'
[0.468s] Level 1:colcon.colcon_core.package_identification:_identify(src/moveit2/moveit) by extensions ['ignore', 'ignore_ament_install']
[0.468s] Level 1:colcon.colcon_core.package_identification:_identify(src/moveit2/moveit) by extension 'ignore'
[0.468s] Level 1:colcon.colcon_core.package_identification:_identify(src/moveit2/moveit) by extension 'ignore_ament_install'
[0.468s] Level 1:colcon.colcon_core.package_identification:_identify(src/moveit2/moveit) by extensions ['colcon_pkg']
[0.468s] Level 1:colcon.colcon_core.package_identification:_identify(src/moveit2/moveit) by extension 'colcon_pkg'
[0.468s] Level 1:colcon.colcon_core.package_identification:_identify(src/moveit2/moveit) by extensions ['colcon_meta']
[0.468s] Level 1:colcon.colcon_core.package_identification:_identify(src/moveit2/moveit) by extension 'colcon_meta'
[0.468s] Level 1:colcon.colcon_core.package_identification:_identify(src/moveit2/moveit) by extensions ['ros']
[0.468s] Level 1:colcon.colcon_core.package_identification:_identify(src/moveit2/moveit) by extension 'ros'
[0.468s] DEBUG:colcon.colcon_core.package_identification:Package 'src/moveit2/moveit' with type 'ros.ament_cmake' and name 'moveit'
[0.469s] Level 1:colcon.colcon_core.package_identification:_identify(src/moveit2/moveit_commander) by extensions ['ignore', 'ignore_ament_install']
[0.469s] Level 1:colcon.colcon_core.package_identification:_identify(src/moveit2/moveit_commander) by extension 'ignore'
[0.469s] Level 1:colcon.colcon_core.package_identification:_identify(src/moveit2/moveit_commander) ignored
[0.469s] Level 1:colcon.colcon_core.package_identification:_identify(src/moveit2/moveit_common) by extensions ['ignore', 'ignore_ament_install']
[0.469s] Level 1:colcon.colcon_core.package_identification:_identify(src/moveit2/moveit_common) by extension 'ignore'
[0.469s] Level 1:colcon.colcon_core.package_identification:_identify(src/moveit2/moveit_common) by extension 'ignore_ament_install'
[0.469s] Level 1:colcon.colcon_core.package_identification:_identify(src/moveit2/moveit_common) by extensions ['colcon_pkg']
[0.469s] Level 1:colcon.colcon_core.package_identification:_identify(src/moveit2/moveit_common) by extension 'colcon_pkg'
[0.469s] Level 1:colcon.colcon_core.package_identification:_identify(src/moveit2/moveit_common) by extensions ['colcon_meta']
[0.469s] Level 1:colcon.colcon_core.package_identification:_identify(src/moveit2/moveit_common) by extension 'colcon_meta'
[0.469s] Level 1:colcon.colcon_core.package_identification:_identify(src/moveit2/moveit_common) by extensions ['ros']
[0.469s] Level 1:colcon.colcon_core.package_identification:_identify(src/moveit2/moveit_common) by extension 'ros'
[0.470s] DEBUG:colcon.colcon_core.package_identification:Package 'src/moveit2/moveit_common' with type 'ros.ament_cmake' and name 'moveit_common'
[0.470s] Level 1:colcon.colcon_core.package_identification:_identify(src/moveit2/moveit_configs_utils) by extensions ['ignore', 'ignore_ament_install']
[0.470s] Level 1:colcon.colcon_core.package_identification:_identify(src/moveit2/moveit_configs_utils) by extension 'ignore'
[0.470s] Level 1:colcon.colcon_core.package_identification:_identify(src/moveit2/moveit_configs_utils) by extension 'ignore_ament_install'
[0.470s] Level 1:colcon.colcon_core.package_identification:_identify(src/moveit2/moveit_configs_utils) by extensions ['colcon_pkg']
[0.470s] Level 1:colcon.colcon_core.package_identification:_identify(src/moveit2/moveit_configs_utils) by extension 'colcon_pkg'
[0.470s] Level 1:colcon.colcon_core.package_identification:_identify(src/moveit2/moveit_configs_utils) by extensions ['colcon_meta']
[0.470s] Level 1:colcon.colcon_core.package_identification:_identify(src/moveit2/moveit_configs_utils) by extension 'colcon_meta'
[0.470s] Level 1:colcon.colcon_core.package_identification:_identify(src/moveit2/moveit_configs_utils) by extensions ['ros']
[0.470s] Level 1:colcon.colcon_core.package_identification:_identify(src/moveit2/moveit_configs_utils) by extension 'ros'
[0.471s] DEBUG:colcon.colcon_core.package_identification:Package 'src/moveit2/moveit_configs_utils' with type 'ros.ament_python' and name 'moveit_configs_utils'
[0.471s] Level 1:colcon.colcon_core.package_identification:_identify(src/moveit2/moveit_core) by extensions ['ignore', 'ignore_ament_install']
[0.471s] Level 1:colcon.colcon_core.package_identification:_identify(src/moveit2/moveit_core) by extension 'ignore'
[0.471s] Level 1:colcon.colcon_core.package_identification:_identify(src/moveit2/moveit_core) by extension 'ignore_ament_install'
[0.471s] Level 1:colcon.colcon_core.package_identification:_identify(src/moveit2/moveit_core) by extensions ['colcon_pkg']
[0.471s] Level 1:colcon.colcon_core.package_identification:_identify(src/moveit2/moveit_core) by extension 'colcon_pkg'
[0.471s] Level 1:colcon.colcon_core.package_identification:_identify(src/moveit2/moveit_core) by extensions ['colcon_meta']
[0.471s] Level 1:colcon.colcon_core.package_identification:_identify(src/moveit2/moveit_core) by extension 'colcon_meta'
[0.471s] Level 1:colcon.colcon_core.package_identification:_identify(src/moveit2/moveit_core) by extensions ['ros']
[0.471s] Level 1:colcon.colcon_core.package_identification:_identify(src/moveit2/moveit_core) by extension 'ros'
[0.474s] DEBUG:colcon.colcon_core.package_identification:Package 'src/moveit2/moveit_core' with type 'ros.ament_cmake' and name 'moveit_core'
[0.474s] Level 1:colcon.colcon_core.package_identification:_identify(src/moveit2/moveit_experimental) by extensions ['ignore', 'ignore_ament_install']
[0.474s] Level 1:colcon.colcon_core.package_identification:_identify(src/moveit2/moveit_experimental) by extension 'ignore'
[0.474s] Level 1:colcon.colcon_core.package_identification:_identify(src/moveit2/moveit_experimental) ignored
[0.474s] Level 1:colcon.colcon_core.package_identification:_identify(src/moveit2/moveit_kinematics) by extensions ['ignore', 'ignore_ament_install']
[0.474s] Level 1:colcon.colcon_core.package_identification:_identify(src/moveit2/moveit_kinematics) by extension 'ignore'
[0.474s] Level 1:colcon.colcon_core.package_identification:_identify(src/moveit2/moveit_kinematics) by extension 'ignore_ament_install'
[0.474s] Level 1:colcon.colcon_core.package_identification:_identify(src/moveit2/moveit_kinematics) by extensions ['colcon_pkg']
[0.474s] Level 1:colcon.colcon_core.package_identification:_identify(src/moveit2/moveit_kinematics) by extension 'colcon_pkg'
[0.474s] Level 1:colcon.colcon_core.package_identification:_identify(src/moveit2/moveit_kinematics) by extensions ['colcon_meta']
[0.474s] Level 1:colcon.colcon_core.package_identification:_identify(src/moveit2/moveit_kinematics) by extension 'colcon_meta'
[0.474s] Level 1:colcon.colcon_core.package_identification:_identify(src/moveit2/moveit_kinematics) by extensions ['ros']
[0.474s] Level 1:colcon.colcon_core.package_identification:_identify(src/moveit2/moveit_kinematics) by extension 'ros'
[0.475s] DEBUG:colcon.colcon_core.package_identification:Package 'src/moveit2/moveit_kinematics' with type 'ros.ament_cmake' and name 'moveit_kinematics'
[0.475s] Level 1:colcon.colcon_core.package_identification:_identify(src/moveit2/moveit_planners) by extensions ['ignore', 'ignore_ament_install']
[0.476s] Level 1:colcon.colcon_core.package_identification:_identify(src/moveit2/moveit_planners) by extension 'ignore'
[0.476s] Level 1:colcon.colcon_core.package_identification:_identify(src/moveit2/moveit_planners) by extension 'ignore_ament_install'
[0.476s] Level 1:colcon.colcon_core.package_identification:_identify(src/moveit2/moveit_planners) by extensions ['colcon_pkg']
[0.476s] Level 1:colcon.colcon_core.package_identification:_identify(src/moveit2/moveit_planners) by extension 'colcon_pkg'
[0.476s] Level 1:colcon.colcon_core.package_identification:_identify(src/moveit2/moveit_planners) by extensions ['colcon_meta']
[0.476s] Level 1:colcon.colcon_core.package_identification:_identify(src/moveit2/moveit_planners) by extension 'colcon_meta'
[0.476s] Level 1:colcon.colcon_core.package_identification:_identify(src/moveit2/moveit_planners) by extensions ['ros']
[0.476s] Level 1:colcon.colcon_core.package_identification:_identify(src/moveit2/moveit_planners) by extension 'ros'
[0.476s] Level 1:colcon.colcon_core.package_identification:_identify(src/moveit2/moveit_planners) by extensions ['cmake', 'python']
[0.476s] Level 1:colcon.colcon_core.package_identification:_identify(src/moveit2/moveit_planners) by extension 'cmake'
[0.476s] Level 1:colcon.colcon_core.package_identification:_identify(src/moveit2/moveit_planners) by extension 'python'
[0.476s] Level 1:colcon.colcon_core.package_identification:_identify(src/moveit2/moveit_planners) by extensions ['python_setup_py']
[0.476s] Level 1:colcon.colcon_core.package_identification:_identify(src/moveit2/moveit_planners) by extension 'python_setup_py'
[0.476s] Level 1:colcon.colcon_core.package_identification:_identify(src/moveit2/moveit_planners/chomp) by extensions ['ignore', 'ignore_ament_install']
[0.476s] Level 1:colcon.colcon_core.package_identification:_identify(src/moveit2/moveit_planners/chomp) by extension 'ignore'
[0.476s] Level 1:colcon.colcon_core.package_identification:_identify(src/moveit2/moveit_planners/chomp) by extension 'ignore_ament_install'
[0.476s] Level 1:colcon.colcon_core.package_identification:_identify(src/moveit2/moveit_planners/chomp) by extensions ['colcon_pkg']
[0.476s] Level 1:colcon.colcon_core.package_identification:_identify(src/moveit2/moveit_planners/chomp) by extension 'colcon_pkg'
[0.476s] Level 1:colcon.colcon_core.package_identification:_identify(src/moveit2/moveit_planners/chomp) by extensions ['colcon_meta']
[0.476s] Level 1:colcon.colcon_core.package_identification:_identify(src/moveit2/moveit_planners/chomp) by extension 'colcon_meta'
[0.476s] Level 1:colcon.colcon_core.package_identification:_identify(src/moveit2/moveit_planners/chomp) by extensions ['ros']
[0.476s] Level 1:colcon.colcon_core.package_identification:_identify(src/moveit2/moveit_planners/chomp) by extension 'ros'
[0.476s] Level 1:colcon.colcon_core.package_identification:_identify(src/moveit2/moveit_planners/chomp) by extensions ['cmake', 'python']
[0.477s] Level 1:colcon.colcon_core.package_identification:_identify(src/moveit2/moveit_planners/chomp) by extension 'cmake'
[0.477s] Level 1:colcon.colcon_core.package_identification:_identify(src/moveit2/moveit_planners/chomp) by extension 'python'
[0.477s] Level 1:colcon.colcon_core.package_identification:_identify(src/moveit2/moveit_planners/chomp) by extensions ['python_setup_py']
[0.477s] Level 1:colcon.colcon_core.package_identification:_identify(src/moveit2/moveit_planners/chomp) by extension 'python_setup_py'
[0.477s] Level 1:colcon.colcon_core.package_identification:_identify(src/moveit2/moveit_planners/chomp/chomp_interface) by extensions ['ignore', 'ignore_ament_install']
[0.477s] Level 1:colcon.colcon_core.package_identification:_identify(src/moveit2/moveit_planners/chomp/chomp_interface) by extension 'ignore'
[0.477s] Level 1:colcon.colcon_core.package_identification:_identify(src/moveit2/moveit_planners/chomp/chomp_interface) by extension 'ignore_ament_install'
[0.477s] Level 1:colcon.colcon_core.package_identification:_identify(src/moveit2/moveit_planners/chomp/chomp_interface) by extensions ['colcon_pkg']
[0.477s] Level 1:colcon.colcon_core.package_identification:_identify(src/moveit2/moveit_planners/chomp/chomp_interface) by extension 'colcon_pkg'
[0.477s] Level 1:colcon.colcon_core.package_identification:_identify(src/moveit2/moveit_planners/chomp/chomp_interface) by extensions ['colcon_meta']
[0.477s] Level 1:colcon.colcon_core.package_identification:_identify(src/moveit2/moveit_planners/chomp/chomp_interface) by extension 'colcon_meta'
[0.477s] Level 1:colcon.colcon_core.package_identification:_identify(src/moveit2/moveit_planners/chomp/chomp_interface) by extensions ['ros']
[0.477s] Level 1:colcon.colcon_core.package_identification:_identify(src/moveit2/moveit_planners/chomp/chomp_interface) by extension 'ros'
[0.478s] DEBUG:colcon.colcon_core.package_identification:Package 'src/moveit2/moveit_planners/chomp/chomp_interface' with type 'ros.ament_cmake' and name 'moveit_planners_chomp'
[0.478s] Level 1:colcon.colcon_core.package_identification:_identify(src/moveit2/moveit_planners/chomp/chomp_motion_planner) by extensions ['ignore', 'ignore_ament_install']
[0.478s] Level 1:colcon.colcon_core.package_identification:_identify(src/moveit2/moveit_planners/chomp/chomp_motion_planner) by extension 'ignore'
[0.478s] Level 1:colcon.colcon_core.package_identification:_identify(src/moveit2/moveit_planners/chomp/chomp_motion_planner) by extension 'ignore_ament_install'
[0.478s] Level 1:colcon.colcon_core.package_identification:_identify(src/moveit2/moveit_planners/chomp/chomp_motion_planner) by extensions ['colcon_pkg']
[0.478s] Level 1:colcon.colcon_core.package_identification:_identify(src/moveit2/moveit_planners/chomp/chomp_motion_planner) by extension 'colcon_pkg'
[0.478s] Level 1:colcon.colcon_core.package_identification:_identify(src/moveit2/moveit_planners/chomp/chomp_motion_planner) by extensions ['colcon_meta']
[0.478s] Level 1:colcon.colcon_core.package_identification:_identify(src/moveit2/moveit_planners/chomp/chomp_motion_planner) by extension 'colcon_meta'
[0.478s] Level 1:colcon.colcon_core.package_identification:_identify(src/moveit2/moveit_planners/chomp/chomp_motion_planner) by extensions ['ros']
[0.478s] Level 1:colcon.colcon_core.package_identification:_identify(src/moveit2/moveit_planners/chomp/chomp_motion_planner) by extension 'ros'
[0.479s] DEBUG:colcon.colcon_core.package_identification:Package 'src/moveit2/moveit_planners/chomp/chomp_motion_planner' with type 'ros.ament_cmake' and name 'chomp_motion_planner'
[0.479s] Level 1:colcon.colcon_core.package_identification:_identify(src/moveit2/moveit_planners/chomp/chomp_optimizer_adapter) by extensions ['ignore', 'ignore_ament_install']
[0.479s] Level 1:colcon.colcon_core.package_identification:_identify(src/moveit2/moveit_planners/chomp/chomp_optimizer_adapter) by extension 'ignore'
[0.480s] Level 1:colcon.colcon_core.package_identification:_identify(src/moveit2/moveit_planners/chomp/chomp_optimizer_adapter) by extension 'ignore_ament_install'
[0.480s] Level 1:colcon.colcon_core.package_identification:_identify(src/moveit2/moveit_planners/chomp/chomp_optimizer_adapter) by extensions ['colcon_pkg']
[0.480s] Level 1:colcon.colcon_core.package_identification:_identify(src/moveit2/moveit_planners/chomp/chomp_optimizer_adapter) by extension 'colcon_pkg'
[0.480s] Level 1:colcon.colcon_core.package_identification:_identify(src/moveit2/moveit_planners/chomp/chomp_optimizer_adapter) by extensions ['colcon_meta']
[0.480s] Level 1:colcon.colcon_core.package_identification:_identify(src/moveit2/moveit_planners/chomp/chomp_optimizer_adapter) by extension 'colcon_meta'
[0.480s] Level 1:colcon.colcon_core.package_identification:_identify(src/moveit2/moveit_planners/chomp/chomp_optimizer_adapter) by extensions ['ros']
[0.480s] Level 1:colcon.colcon_core.package_identification:_identify(src/moveit2/moveit_planners/chomp/chomp_optimizer_adapter) by extension 'ros'
[0.480s] DEBUG:colcon.colcon_core.package_identification:Package 'src/moveit2/moveit_planners/chomp/chomp_optimizer_adapter' with type 'ros.ament_cmake' and name 'moveit_chomp_optimizer_adapter'
[0.480s] Level 1:colcon.colcon_core.package_identification:_identify(src/moveit2/moveit_planners/moveit_planners) by extensions ['ignore', 'ignore_ament_install']
[0.481s] Level 1:colcon.colcon_core.package_identification:_identify(src/moveit2/moveit_planners/moveit_planners) by extension 'ignore'
[0.481s] Level 1:colcon.colcon_core.package_identification:_identify(src/moveit2/moveit_planners/moveit_planners) by extension 'ignore_ament_install'
[0.481s] Level 1:colcon.colcon_core.package_identification:_identify(src/moveit2/moveit_planners/moveit_planners) by extensions ['colcon_pkg']
[0.481s] Level 1:colcon.colcon_core.package_identification:_identify(src/moveit2/moveit_planners/moveit_planners) by extension 'colcon_pkg'
[0.481s] Level 1:colcon.colcon_core.package_identification:_identify(src/moveit2/moveit_planners/moveit_planners) by extensions ['colcon_meta']
[0.481s] Level 1:colcon.colcon_core.package_identification:_identify(src/moveit2/moveit_planners/moveit_planners) by extension 'colcon_meta'
[0.481s] Level 1:colcon.colcon_core.package_identification:_identify(src/moveit2/moveit_planners/moveit_planners) by extensions ['ros']
[0.481s] Level 1:colcon.colcon_core.package_identification:_identify(src/moveit2/moveit_planners/moveit_planners) by extension 'ros'
[0.481s] DEBUG:colcon.colcon_core.package_identification:Package 'src/moveit2/moveit_planners/moveit_planners' with type 'ros.ament_cmake' and name 'moveit_planners'
[0.481s] Level 1:colcon.colcon_core.package_identification:_identify(src/moveit2/moveit_planners/ompl) by extensions ['ignore', 'ignore_ament_install']
[0.481s] Level 1:colcon.colcon_core.package_identification:_identify(src/moveit2/moveit_planners/ompl) by extension 'ignore'
[0.481s] Level 1:colcon.colcon_core.package_identification:_identify(src/moveit2/moveit_planners/ompl) by extension 'ignore_ament_install'
[0.482s] Level 1:colcon.colcon_core.package_identification:_identify(src/moveit2/moveit_planners/ompl) by extensions ['colcon_pkg']
[0.482s] Level 1:colcon.colcon_core.package_identification:_identify(src/moveit2/moveit_planners/ompl) by extension 'colcon_pkg'
[0.482s] Level 1:colcon.colcon_core.package_identification:_identify(src/moveit2/moveit_planners/ompl) by extensions ['colcon_meta']
[0.482s] Level 1:colcon.colcon_core.package_identification:_identify(src/moveit2/moveit_planners/ompl) by extension 'colcon_meta'
[0.482s] Level 1:colcon.colcon_core.package_identification:_identify(src/moveit2/moveit_planners/ompl) by extensions ['ros']
[0.482s] Level 1:colcon.colcon_core.package_identification:_identify(src/moveit2/moveit_planners/ompl) by extension 'ros'
[0.483s] DEBUG:colcon.colcon_core.package_identification:Package 'src/moveit2/moveit_planners/ompl' with type 'ros.ament_cmake' and name 'moveit_planners_ompl'
[0.483s] Level 1:colcon.colcon_core.package_identification:_identify(src/moveit2/moveit_planners/pilz_industrial_motion_planner) by extensions ['ignore', 'ignore_ament_install']
[0.483s] Level 1:colcon.colcon_core.package_identification:_identify(src/moveit2/moveit_planners/pilz_industrial_motion_planner) by extension 'ignore'
[0.483s] Level 1:colcon.colcon_core.package_identification:_identify(src/moveit2/moveit_planners/pilz_industrial_motion_planner) by extension 'ignore_ament_install'
[0.483s] Level 1:colcon.colcon_core.package_identification:_identify(src/moveit2/moveit_planners/pilz_industrial_motion_planner) by extensions ['colcon_pkg']
[0.483s] Level 1:colcon.colcon_core.package_identification:_identify(src/moveit2/moveit_planners/pilz_industrial_motion_planner) by extension 'colcon_pkg'
[0.483s] Level 1:colcon.colcon_core.package_identification:_identify(src/moveit2/moveit_planners/pilz_industrial_motion_planner) by extensions ['colcon_meta']
[0.483s] Level 1:colcon.colcon_core.package_identification:_identify(src/moveit2/moveit_planners/pilz_industrial_motion_planner) by extension 'colcon_meta'
[0.483s] Level 1:colcon.colcon_core.package_identification:_identify(src/moveit2/moveit_planners/pilz_industrial_motion_planner) by extensions ['ros']
[0.483s] Level 1:colcon.colcon_core.package_identification:_identify(src/moveit2/moveit_planners/pilz_industrial_motion_planner) by extension 'ros'
[0.491s] DEBUG:colcon.colcon_core.package_identification:Package 'src/moveit2/moveit_planners/pilz_industrial_motion_planner' with type 'ros.ament_cmake' and name 'pilz_industrial_motion_planner'
[0.491s] Level 1:colcon.colcon_core.package_identification:_identify(src/moveit2/moveit_planners/pilz_industrial_motion_planner_testutils) by extensions ['ignore', 'ignore_ament_install']
[0.491s] Level 1:colcon.colcon_core.package_identification:_identify(src/moveit2/moveit_planners/pilz_industrial_motion_planner_testutils) by extension 'ignore'
[0.491s] Level 1:colcon.colcon_core.package_identification:_identify(src/moveit2/moveit_planners/pilz_industrial_motion_planner_testutils) by extension 'ignore_ament_install'
[0.491s] Level 1:colcon.colcon_core.package_identification:_identify(src/moveit2/moveit_planners/pilz_industrial_motion_planner_testutils) by extensions ['colcon_pkg']
[0.491s] Level 1:colcon.colcon_core.package_identification:_identify(src/moveit2/moveit_planners/pilz_industrial_motion_planner_testutils) by extension 'colcon_pkg'
[0.491s] Level 1:colcon.colcon_core.package_identification:_identify(src/moveit2/moveit_planners/pilz_industrial_motion_planner_testutils) by extensions ['colcon_meta']
[0.491s] Level 1:colcon.colcon_core.package_identification:_identify(src/moveit2/moveit_planners/pilz_industrial_motion_planner_testutils) by extension 'colcon_meta'
[0.491s] Level 1:colcon.colcon_core.package_identification:_identify(src/moveit2/moveit_planners/pilz_industrial_motion_planner_testutils) by extensions ['ros']
[0.491s] Level 1:colcon.colcon_core.package_identification:_identify(src/moveit2/moveit_planners/pilz_industrial_motion_planner_testutils) by extension 'ros'
[0.492s] DEBUG:colcon.colcon_core.package_identification:Package 'src/moveit2/moveit_planners/pilz_industrial_motion_planner_testutils' with type 'ros.ament_cmake' and name 'pilz_industrial_motion_planner_testutils'
[0.492s] Level 1:colcon.colcon_core.package_identification:_identify(src/moveit2/moveit_planners/test_configs) by extensions ['ignore', 'ignore_ament_install']
[0.492s] Level 1:colcon.colcon_core.package_identification:_identify(src/moveit2/moveit_planners/test_configs) by extension 'ignore'
[0.492s] Level 1:colcon.colcon_core.package_identification:_identify(src/moveit2/moveit_planners/test_configs) by extension 'ignore_ament_install'
[0.492s] Level 1:colcon.colcon_core.package_identification:_identify(src/moveit2/moveit_planners/test_configs) by extensions ['colcon_pkg']
[0.492s] Level 1:colcon.colcon_core.package_identification:_identify(src/moveit2/moveit_planners/test_configs) by extension 'colcon_pkg'
[0.492s] Level 1:colcon.colcon_core.package_identification:_identify(src/moveit2/moveit_planners/test_configs) by extensions ['colcon_meta']
[0.492s] Level 1:colcon.colcon_core.package_identification:_identify(src/moveit2/moveit_planners/test_configs) by extension 'colcon_meta'
[0.493s] Level 1:colcon.colcon_core.package_identification:_identify(src/moveit2/moveit_planners/test_configs) by extensions ['ros']
[0.493s] Level 1:colcon.colcon_core.package_identification:_identify(src/moveit2/moveit_planners/test_configs) by extension 'ros'
[0.493s] Level 1:colcon.colcon_core.package_identification:_identify(src/moveit2/moveit_planners/test_configs) by extensions ['cmake', 'python']
[0.493s] Level 1:colcon.colcon_core.package_identification:_identify(src/moveit2/moveit_planners/test_configs) by extension 'cmake'
[0.493s] Level 1:colcon.colcon_core.package_identification:_identify(src/moveit2/moveit_planners/test_configs) by extension 'python'
[0.493s] Level 1:colcon.colcon_core.package_identification:_identify(src/moveit2/moveit_planners/test_configs) by extensions ['python_setup_py']
[0.493s] Level 1:colcon.colcon_core.package_identification:_identify(src/moveit2/moveit_planners/test_configs) by extension 'python_setup_py'
[0.493s] Level 1:colcon.colcon_core.package_identification:_identify(src/moveit2/moveit_planners/test_configs/prbt_ikfast_manipulator_plugin) by extensions ['ignore', 'ignore_ament_install']
[0.493s] Level 1:colcon.colcon_core.package_identification:_identify(src/moveit2/moveit_planners/test_configs/prbt_ikfast_manipulator_plugin) by extension 'ignore'
[0.493s] Level 1:colcon.colcon_core.package_identification:_identify(src/moveit2/moveit_planners/test_configs/prbt_ikfast_manipulator_plugin) by extension 'ignore_ament_install'
[0.493s] Level 1:colcon.colcon_core.package_identification:_identify(src/moveit2/moveit_planners/test_configs/prbt_ikfast_manipulator_plugin) by extensions ['colcon_pkg']
[0.493s] Level 1:colcon.colcon_core.package_identification:_identify(src/moveit2/moveit_planners/test_configs/prbt_ikfast_manipulator_plugin) by extension 'colcon_pkg'
[0.493s] Level 1:colcon.colcon_core.package_identification:_identify(src/moveit2/moveit_planners/test_configs/prbt_ikfast_manipulator_plugin) by extensions ['colcon_meta']
[0.493s] Level 1:colcon.colcon_core.package_identification:_identify(src/moveit2/moveit_planners/test_configs/prbt_ikfast_manipulator_plugin) by extension 'colcon_meta'
[0.493s] Level 1:colcon.colcon_core.package_identification:_identify(src/moveit2/moveit_planners/test_configs/prbt_ikfast_manipulator_plugin) by extensions ['ros']
[0.493s] Level 1:colcon.colcon_core.package_identification:_identify(src/moveit2/moveit_planners/test_configs/prbt_ikfast_manipulator_plugin) by extension 'ros'
[0.494s] DEBUG:colcon.colcon_core.package_identification:Package 'src/moveit2/moveit_planners/test_configs/prbt_ikfast_manipulator_plugin' with type 'ros.ament_cmake' and name 'moveit_resources_prbt_ikfast_manipulator_plugin'
[0.494s] Level 1:colcon.colcon_core.package_identification:_identify(src/moveit2/moveit_planners/test_configs/prbt_moveit_config) by extensions ['ignore', 'ignore_ament_install']
[0.494s] Level 1:colcon.colcon_core.package_identification:_identify(src/moveit2/moveit_planners/test_configs/prbt_moveit_config) by extension 'ignore'
[0.494s] Level 1:colcon.colcon_core.package_identification:_identify(src/moveit2/moveit_planners/test_configs/prbt_moveit_config) by extension 'ignore_ament_install'
[0.494s] Level 1:colcon.colcon_core.package_identification:_identify(src/moveit2/moveit_planners/test_configs/prbt_moveit_config) by extensions ['colcon_pkg']
[0.494s] Level 1:colcon.colcon_core.package_identification:_identify(src/moveit2/moveit_planners/test_configs/prbt_moveit_config) by extension 'colcon_pkg'
[0.494s] Level 1:colcon.colcon_core.package_identification:_identify(src/moveit2/moveit_planners/test_configs/prbt_moveit_config) by extensions ['colcon_meta']
[0.494s] Level 1:colcon.colcon_core.package_identification:_identify(src/moveit2/moveit_planners/test_configs/prbt_moveit_config) by extension 'colcon_meta'
[0.494s] Level 1:colcon.colcon_core.package_identification:_identify(src/moveit2/moveit_planners/test_configs/prbt_moveit_config) by extensions ['ros']
[0.494s] Level 1:colcon.colcon_core.package_identification:_identify(src/moveit2/moveit_planners/test_configs/prbt_moveit_config) by extension 'ros'
[0.495s] DEBUG:colcon.colcon_core.package_identification:Package 'src/moveit2/moveit_planners/test_configs/prbt_moveit_config' with type 'ros.ament_cmake' and name 'moveit_resources_prbt_moveit_config'
[0.495s] Level 1:colcon.colcon_core.package_identification:_identify(src/moveit2/moveit_planners/test_configs/prbt_pg70_support) by extensions ['ignore', 'ignore_ament_install']
[0.495s] Level 1:colcon.colcon_core.package_identification:_identify(src/moveit2/moveit_planners/test_configs/prbt_pg70_support) by extension 'ignore'
[0.495s] Level 1:colcon.colcon_core.package_identification:_identify(src/moveit2/moveit_planners/test_configs/prbt_pg70_support) by extension 'ignore_ament_install'
[0.495s] Level 1:colcon.colcon_core.package_identification:_identify(src/moveit2/moveit_planners/test_configs/prbt_pg70_support) by extensions ['colcon_pkg']
[0.495s] Level 1:colcon.colcon_core.package_identification:_identify(src/moveit2/moveit_planners/test_configs/prbt_pg70_support) by extension 'colcon_pkg'
[0.495s] Level 1:colcon.colcon_core.package_identification:_identify(src/moveit2/moveit_planners/test_configs/prbt_pg70_support) by extensions ['colcon_meta']
[0.495s] Level 1:colcon.colcon_core.package_identification:_identify(src/moveit2/moveit_planners/test_configs/prbt_pg70_support) by extension 'colcon_meta'
[0.495s] Level 1:colcon.colcon_core.package_identification:_identify(src/moveit2/moveit_planners/test_configs/prbt_pg70_support) by extensions ['ros']
[0.495s] Level 1:colcon.colcon_core.package_identification:_identify(src/moveit2/moveit_planners/test_configs/prbt_pg70_support) by extension 'ros'
[0.496s] DEBUG:colcon.colcon_core.package_identification:Package 'src/moveit2/moveit_planners/test_configs/prbt_pg70_support' with type 'ros.ament_cmake' and name 'moveit_resources_prbt_pg70_support'
[0.496s] Level 1:colcon.colcon_core.package_identification:_identify(src/moveit2/moveit_planners/test_configs/prbt_support) by extensions ['ignore', 'ignore_ament_install']
[0.496s] Level 1:colcon.colcon_core.package_identification:_identify(src/moveit2/moveit_planners/test_configs/prbt_support) by extension 'ignore'
[0.496s] Level 1:colcon.colcon_core.package_identification:_identify(src/moveit2/moveit_planners/test_configs/prbt_support) by extension 'ignore_ament_install'
[0.496s] Level 1:colcon.colcon_core.package_identification:_identify(src/moveit2/moveit_planners/test_configs/prbt_support) by extensions ['colcon_pkg']
[0.496s] Level 1:colcon.colcon_core.package_identification:_identify(src/moveit2/moveit_planners/test_configs/prbt_support) by extension 'colcon_pkg'
[0.496s] Level 1:colcon.colcon_core.package_identification:_identify(src/moveit2/moveit_planners/test_configs/prbt_support) by extensions ['colcon_meta']
[0.496s] Level 1:colcon.colcon_core.package_identification:_identify(src/moveit2/moveit_planners/test_configs/prbt_support) by extension 'colcon_meta'
[0.496s] Level 1:colcon.colcon_core.package_identification:_identify(src/moveit2/moveit_planners/test_configs/prbt_support) by extensions ['ros']
[0.496s] Level 1:colcon.colcon_core.package_identification:_identify(src/moveit2/moveit_planners/test_configs/prbt_support) by extension 'ros'
[0.497s] DEBUG:colcon.colcon_core.package_identification:Package 'src/moveit2/moveit_planners/test_configs/prbt_support' with type 'ros.ament_cmake' and name 'moveit_resources_prbt_support'
[0.497s] Level 1:colcon.colcon_core.package_identification:_identify(src/moveit2/moveit_planners/trajopt) by extensions ['ignore', 'ignore_ament_install']
[0.497s] Level 1:colcon.colcon_core.package_identification:_identify(src/moveit2/moveit_planners/trajopt) by extension 'ignore'
[0.497s] Level 1:colcon.colcon_core.package_identification:_identify(src/moveit2/moveit_planners/trajopt) ignored
[0.497s] Level 1:colcon.colcon_core.package_identification:_identify(src/moveit2/moveit_plugins) by extensions ['ignore', 'ignore_ament_install']
[0.497s] Level 1:colcon.colcon_core.package_identification:_identify(src/moveit2/moveit_plugins) by extension 'ignore'
[0.497s] Level 1:colcon.colcon_core.package_identification:_identify(src/moveit2/moveit_plugins) by extension 'ignore_ament_install'
[0.497s] Level 1:colcon.colcon_core.package_identification:_identify(src/moveit2/moveit_plugins) by extensions ['colcon_pkg']
[0.497s] Level 1:colcon.colcon_core.package_identification:_identify(src/moveit2/moveit_plugins) by extension 'colcon_pkg'
[0.497s] Level 1:colcon.colcon_core.package_identification:_identify(src/moveit2/moveit_plugins) by extensions ['colcon_meta']
[0.497s] Level 1:colcon.colcon_core.package_identification:_identify(src/moveit2/moveit_plugins) by extension 'colcon_meta'
[0.497s] Level 1:colcon.colcon_core.package_identification:_identify(src/moveit2/moveit_plugins) by extensions ['ros']
[0.497s] Level 1:colcon.colcon_core.package_identification:_identify(src/moveit2/moveit_plugins) by extension 'ros'
[0.497s] Level 1:colcon.colcon_core.package_identification:_identify(src/moveit2/moveit_plugins) by extensions ['cmake', 'python']
[0.497s] Level 1:colcon.colcon_core.package_identification:_identify(src/moveit2/moveit_plugins) by extension 'cmake'
[0.498s] Level 1:colcon.colcon_core.package_identification:_identify(src/moveit2/moveit_plugins) by extension 'python'
[0.498s] Level 1:colcon.colcon_core.package_identification:_identify(src/moveit2/moveit_plugins) by extensions ['python_setup_py']
[0.498s] Level 1:colcon.colcon_core.package_identification:_identify(src/moveit2/moveit_plugins) by extension 'python_setup_py'
[0.498s] Level 1:colcon.colcon_core.package_identification:_identify(src/moveit2/moveit_plugins/moveit_plugins) by extensions ['ignore', 'ignore_ament_install']
[0.498s] Level 1:colcon.colcon_core.package_identification:_identify(src/moveit2/moveit_plugins/moveit_plugins) by extension 'ignore'
[0.498s] Level 1:colcon.colcon_core.package_identification:_identify(src/moveit2/moveit_plugins/moveit_plugins) by extension 'ignore_ament_install'
[0.498s] Level 1:colcon.colcon_core.package_identification:_identify(src/moveit2/moveit_plugins/moveit_plugins) by extensions ['colcon_pkg']
[0.498s] Level 1:colcon.colcon_core.package_identification:_identify(src/moveit2/moveit_plugins/moveit_plugins) by extension 'colcon_pkg'
[0.498s] Level 1:colcon.colcon_core.package_identification:_identify(src/moveit2/moveit_plugins/moveit_plugins) by extensions ['colcon_meta']
[0.498s] Level 1:colcon.colcon_core.package_identification:_identify(src/moveit2/moveit_plugins/moveit_plugins) by extension 'colcon_meta'
[0.498s] Level 1:colcon.colcon_core.package_identification:_identify(src/moveit2/moveit_plugins/moveit_plugins) by extensions ['ros']
[0.498s] Level 1:colcon.colcon_core.package_identification:_identify(src/moveit2/moveit_plugins/moveit_plugins) by extension 'ros'
[0.499s] DEBUG:colcon.colcon_core.package_identification:Package 'src/moveit2/moveit_plugins/moveit_plugins' with type 'ros.ament_cmake' and name 'moveit_plugins'
[0.499s] Level 1:colcon.colcon_core.package_identification:_identify(src/moveit2/moveit_plugins/moveit_ros_control_interface) by extensions ['ignore', 'ignore_ament_install']
[0.499s] Level 1:colcon.colcon_core.package_identification:_identify(src/moveit2/moveit_plugins/moveit_ros_control_interface) by extension 'ignore'
[0.499s] Level 1:colcon.colcon_core.package_identification:_identify(src/moveit2/moveit_plugins/moveit_ros_control_interface) by extension 'ignore_ament_install'
[0.499s] Level 1:colcon.colcon_core.package_identification:_identify(src/moveit2/moveit_plugins/moveit_ros_control_interface) by extensions ['colcon_pkg']
[0.499s] Level 1:colcon.colcon_core.package_identification:_identify(src/moveit2/moveit_plugins/moveit_ros_control_interface) by extension 'colcon_pkg'
[0.499s] Level 1:colcon.colcon_core.package_identification:_identify(src/moveit2/moveit_plugins/moveit_ros_control_interface) by extensions ['colcon_meta']
[0.499s] Level 1:colcon.colcon_core.package_identification:_identify(src/moveit2/moveit_plugins/moveit_ros_control_interface) by extension 'colcon_meta'
[0.499s] Level 1:colcon.colcon_core.package_identification:_identify(src/moveit2/moveit_plugins/moveit_ros_control_interface) by extensions ['ros']
[0.499s] Level 1:colcon.colcon_core.package_identification:_identify(src/moveit2/moveit_plugins/moveit_ros_control_interface) by extension 'ros'
[0.500s] DEBUG:colcon.colcon_core.package_identification:Package 'src/moveit2/moveit_plugins/moveit_ros_control_interface' with type 'ros.ament_cmake' and name 'moveit_ros_control_interface'
[0.500s] Level 1:colcon.colcon_core.package_identification:_identify(src/moveit2/moveit_plugins/moveit_simple_controller_manager) by extensions ['ignore', 'ignore_ament_install']
[0.500s] Level 1:colcon.colcon_core.package_identification:_identify(src/moveit2/moveit_plugins/moveit_simple_controller_manager) by extension 'ignore'
[0.500s] Level 1:colcon.colcon_core.package_identification:_identify(src/moveit2/moveit_plugins/moveit_simple_controller_manager) by extension 'ignore_ament_install'
[0.500s] Level 1:colcon.colcon_core.package_identification:_identify(src/moveit2/moveit_plugins/moveit_simple_controller_manager) by extensions ['colcon_pkg']
[0.500s] Level 1:colcon.colcon_core.package_identification:_identify(src/moveit2/moveit_plugins/moveit_simple_controller_manager) by extension 'colcon_pkg'
[0.500s] Level 1:colcon.colcon_core.package_identification:_identify(src/moveit2/moveit_plugins/moveit_simple_controller_manager) by extensions ['colcon_meta']
[0.500s] Level 1:colcon.colcon_core.package_identification:_identify(src/moveit2/moveit_plugins/moveit_simple_controller_manager) by extension 'colcon_meta'
[0.500s] Level 1:colcon.colcon_core.package_identification:_identify(src/moveit2/moveit_plugins/moveit_simple_controller_manager) by extensions ['ros']
[0.500s] Level 1:colcon.colcon_core.package_identification:_identify(src/moveit2/moveit_plugins/moveit_simple_controller_manager) by extension 'ros'
[0.501s] DEBUG:colcon.colcon_core.package_identification:Package 'src/moveit2/moveit_plugins/moveit_simple_controller_manager' with type 'ros.ament_cmake' and name 'moveit_simple_controller_manager'
[0.501s] Level 1:colcon.colcon_core.package_identification:_identify(src/moveit2/moveit_ros) by extensions ['ignore', 'ignore_ament_install']
[0.501s] Level 1:colcon.colcon_core.package_identification:_identify(src/moveit2/moveit_ros) by extension 'ignore'
[0.501s] Level 1:colcon.colcon_core.package_identification:_identify(src/moveit2/moveit_ros) by extension 'ignore_ament_install'
[0.501s] Level 1:colcon.colcon_core.package_identification:_identify(src/moveit2/moveit_ros) by extensions ['colcon_pkg']
[0.501s] Level 1:colcon.colcon_core.package_identification:_identify(src/moveit2/moveit_ros) by extension 'colcon_pkg'
[0.501s] Level 1:colcon.colcon_core.package_identification:_identify(src/moveit2/moveit_ros) by extensions ['colcon_meta']
[0.501s] Level 1:colcon.colcon_core.package_identification:_identify(src/moveit2/moveit_ros) by extension 'colcon_meta'
[0.501s] Level 1:colcon.colcon_core.package_identification:_identify(src/moveit2/moveit_ros) by extensions ['ros']
[0.501s] Level 1:colcon.colcon_core.package_identification:_identify(src/moveit2/moveit_ros) by extension 'ros'
[0.501s] Level 1:colcon.colcon_core.package_identification:_identify(src/moveit2/moveit_ros) by extensions ['cmake', 'python']
[0.501s] Level 1:colcon.colcon_core.package_identification:_identify(src/moveit2/moveit_ros) by extension 'cmake'
[0.501s] Level 1:colcon.colcon_core.package_identification:_identify(src/moveit2/moveit_ros) by extension 'python'
[0.502s] Level 1:colcon.colcon_core.package_identification:_identify(src/moveit2/moveit_ros) by extensions ['python_setup_py']
[0.502s] Level 1:colcon.colcon_core.package_identification:_identify(src/moveit2/moveit_ros) by extension 'python_setup_py'
[0.502s] Level 1:colcon.colcon_core.package_identification:_identify(src/moveit2/moveit_ros/benchmarks) by extensions ['ignore', 'ignore_ament_install']
[0.502s] Level 1:colcon.colcon_core.package_identification:_identify(src/moveit2/moveit_ros/benchmarks) by extension 'ignore'
[0.502s] Level 1:colcon.colcon_core.package_identification:_identify(src/moveit2/moveit_ros/benchmarks) by extension 'ignore_ament_install'
[0.502s] Level 1:colcon.colcon_core.package_identification:_identify(src/moveit2/moveit_ros/benchmarks) by extensions ['colcon_pkg']
[0.502s] Level 1:colcon.colcon_core.package_identification:_identify(src/moveit2/moveit_ros/benchmarks) by extension 'colcon_pkg'
[0.502s] Level 1:colcon.colcon_core.package_identification:_identify(src/moveit2/moveit_ros/benchmarks) by extensions ['colcon_meta']
[0.502s] Level 1:colcon.colcon_core.package_identification:_identify(src/moveit2/moveit_ros/benchmarks) by extension 'colcon_meta'
[0.502s] Level 1:colcon.colcon_core.package_identification:_identify(src/moveit2/moveit_ros/benchmarks) by extensions ['ros']
[0.502s] Level 1:colcon.colcon_core.package_identification:_identify(src/moveit2/moveit_ros/benchmarks) by extension 'ros'
[0.503s] DEBUG:colcon.colcon_core.package_identification:Package 'src/moveit2/moveit_ros/benchmarks' with type 'ros.ament_cmake' and name 'moveit_ros_benchmarks'
[0.503s] Level 1:colcon.colcon_core.package_identification:_identify(src/moveit2/moveit_ros/hybrid_planning) by extensions ['ignore', 'ignore_ament_install']
[0.503s] Level 1:colcon.colcon_core.package_identification:_identify(src/moveit2/moveit_ros/hybrid_planning) by extension 'ignore'
[0.503s] Level 1:colcon.colcon_core.package_identification:_identify(src/moveit2/moveit_ros/hybrid_planning) by extension 'ignore_ament_install'
[0.503s] Level 1:colcon.colcon_core.package_identification:_identify(src/moveit2/moveit_ros/hybrid_planning) by extensions ['colcon_pkg']
[0.503s] Level 1:colcon.colcon_core.package_identification:_identify(src/moveit2/moveit_ros/hybrid_planning) by extension 'colcon_pkg'
[0.503s] Level 1:colcon.colcon_core.package_identification:_identify(src/moveit2/moveit_ros/hybrid_planning) by extensions ['colcon_meta']
[0.503s] Level 1:colcon.colcon_core.package_identification:_identify(src/moveit2/moveit_ros/hybrid_planning) by extension 'colcon_meta'
[0.503s] Level 1:colcon.colcon_core.package_identification:_identify(src/moveit2/moveit_ros/hybrid_planning) by extensions ['ros']
[0.503s] Level 1:colcon.colcon_core.package_identification:_identify(src/moveit2/moveit_ros/hybrid_planning) by extension 'ros'
[0.504s] DEBUG:colcon.colcon_core.package_identification:Package 'src/moveit2/moveit_ros/hybrid_planning' with type 'ros.ament_cmake' and name 'moveit_hybrid_planning'
[0.505s] Level 1:colcon.colcon_core.package_identification:_identify(src/moveit2/moveit_ros/move_group) by extensions ['ignore', 'ignore_ament_install']
[0.505s] Level 1:colcon.colcon_core.package_identification:_identify(src/moveit2/moveit_ros/move_group) by extension 'ignore'
[0.505s] Level 1:colcon.colcon_core.package_identification:_identify(src/moveit2/moveit_ros/move_group) by extension 'ignore_ament_install'
[0.505s] Level 1:colcon.colcon_core.package_identification:_identify(src/moveit2/moveit_ros/move_group) by extensions ['colcon_pkg']
[0.505s] Level 1:colcon.colcon_core.package_identification:_identify(src/moveit2/moveit_ros/move_group) by extension 'colcon_pkg'
[0.505s] Level 1:colcon.colcon_core.package_identification:_identify(src/moveit2/moveit_ros/move_group) by extensions ['colcon_meta']
[0.505s] Level 1:colcon.colcon_core.package_identification:_identify(src/moveit2/moveit_ros/move_group) by extension 'colcon_meta'
[0.505s] Level 1:colcon.colcon_core.package_identification:_identify(src/moveit2/moveit_ros/move_group) by extensions ['ros']
[0.505s] Level 1:colcon.colcon_core.package_identification:_identify(src/moveit2/moveit_ros/move_group) by extension 'ros'
[0.506s] DEBUG:colcon.colcon_core.package_identification:Package 'src/moveit2/moveit_ros/move_group' with type 'ros.ament_cmake' and name 'moveit_ros_move_group'
[0.506s] Level 1:colcon.colcon_core.package_identification:_identify(src/moveit2/moveit_ros/moveit_ros) by extensions ['ignore', 'ignore_ament_install']
[0.506s] Level 1:colcon.colcon_core.package_identification:_identify(src/moveit2/moveit_ros/moveit_ros) by extension 'ignore'
[0.506s] Level 1:colcon.colcon_core.package_identification:_identify(src/moveit2/moveit_ros/moveit_ros) by extension 'ignore_ament_install'
[0.506s] Level 1:colcon.colcon_core.package_identification:_identify(src/moveit2/moveit_ros/moveit_ros) by extensions ['colcon_pkg']
[0.506s] Level 1:colcon.colcon_core.package_identification:_identify(src/moveit2/moveit_ros/moveit_ros) by extension 'colcon_pkg'
[0.506s] Level 1:colcon.colcon_core.package_identification:_identify(src/moveit2/moveit_ros/moveit_ros) by extensions ['colcon_meta']
[0.506s] Level 1:colcon.colcon_core.package_identification:_identify(src/moveit2/moveit_ros/moveit_ros) by extension 'colcon_meta'
[0.506s] Level 1:colcon.colcon_core.package_identification:_identify(src/moveit2/moveit_ros/moveit_ros) by extensions ['ros']
[0.506s] Level 1:colcon.colcon_core.package_identification:_identify(src/moveit2/moveit_ros/moveit_ros) by extension 'ros'
[0.507s] DEBUG:colcon.colcon_core.package_identification:Package 'src/moveit2/moveit_ros/moveit_ros' with type 'ros.ament_cmake' and name 'moveit_ros'
[0.507s] Level 1:colcon.colcon_core.package_identification:_identify(src/moveit2/moveit_ros/moveit_servo) by extensions ['ignore', 'ignore_ament_install']
[0.507s] Level 1:colcon.colcon_core.package_identification:_identify(src/moveit2/moveit_ros/moveit_servo) by extension 'ignore'
[0.507s] Level 1:colcon.colcon_core.package_identification:_identify(src/moveit2/moveit_ros/moveit_servo) by extension 'ignore_ament_install'
[0.507s] Level 1:colcon.colcon_core.package_identification:_identify(src/moveit2/moveit_ros/moveit_servo) by extensions ['colcon_pkg']
[0.507s] Level 1:colcon.colcon_core.package_identification:_identify(src/moveit2/moveit_ros/moveit_servo) by extension 'colcon_pkg'
[0.507s] Level 1:colcon.colcon_core.package_identification:_identify(src/moveit2/moveit_ros/moveit_servo) by extensions ['colcon_meta']
[0.507s] Level 1:colcon.colcon_core.package_identification:_identify(src/moveit2/moveit_ros/moveit_servo) by extension 'colcon_meta'
[0.507s] Level 1:colcon.colcon_core.package_identification:_identify(src/moveit2/moveit_ros/moveit_servo) by extensions ['ros']
[0.507s] Level 1:colcon.colcon_core.package_identification:_identify(src/moveit2/moveit_ros/moveit_servo) by extension 'ros'
[0.509s] DEBUG:colcon.colcon_core.package_identification:Package 'src/moveit2/moveit_ros/moveit_servo' with type 'ros.ament_cmake' and name 'moveit_servo'
[0.509s] Level 1:colcon.colcon_core.package_identification:_identify(src/moveit2/moveit_ros/occupancy_map_monitor) by extensions ['ignore', 'ignore_ament_install']
[0.509s] Level 1:colcon.colcon_core.package_identification:_identify(src/moveit2/moveit_ros/occupancy_map_monitor) by extension 'ignore'
[0.509s] Level 1:colcon.colcon_core.package_identification:_identify(src/moveit2/moveit_ros/occupancy_map_monitor) by extension 'ignore_ament_install'
[0.509s] Level 1:colcon.colcon_core.package_identification:_identify(src/moveit2/moveit_ros/occupancy_map_monitor) by extensions ['colcon_pkg']
[0.509s] Level 1:colcon.colcon_core.package_identification:_identify(src/moveit2/moveit_ros/occupancy_map_monitor) by extension 'colcon_pkg'
[0.509s] Level 1:colcon.colcon_core.package_identification:_identify(src/moveit2/moveit_ros/occupancy_map_monitor) by extensions ['colcon_meta']
[0.509s] Level 1:colcon.colcon_core.package_identification:_identify(src/moveit2/moveit_ros/occupancy_map_monitor) by extension 'colcon_meta'
[0.509s] Level 1:colcon.colcon_core.package_identification:_identify(src/moveit2/moveit_ros/occupancy_map_monitor) by extensions ['ros']
[0.509s] Level 1:colcon.colcon_core.package_identification:_identify(src/moveit2/moveit_ros/occupancy_map_monitor) by extension 'ros'
[0.510s] DEBUG:colcon.colcon_core.package_identification:Package 'src/moveit2/moveit_ros/occupancy_map_monitor' with type 'ros.ament_cmake' and name 'moveit_ros_occupancy_map_monitor'
[0.510s] Level 1:colcon.colcon_core.package_identification:_identify(src/moveit2/moveit_ros/perception) by extensions ['ignore', 'ignore_ament_install']
[0.510s] Level 1:colcon.colcon_core.package_identification:_identify(src/moveit2/moveit_ros/perception) by extension 'ignore'
[0.510s] Level 1:colcon.colcon_core.package_identification:_identify(src/moveit2/moveit_ros/perception) by extension 'ignore_ament_install'
[0.510s] Level 1:colcon.colcon_core.package_identification:_identify(src/moveit2/moveit_ros/perception) by extensions ['colcon_pkg']
[0.510s] Level 1:colcon.colcon_core.package_identification:_identify(src/moveit2/moveit_ros/perception) by extension 'colcon_pkg'
[0.510s] Level 1:colcon.colcon_core.package_identification:_identify(src/moveit2/moveit_ros/perception) by extensions ['colcon_meta']
[0.510s] Level 1:colcon.colcon_core.package_identification:_identify(src/moveit2/moveit_ros/perception) by extension 'colcon_meta'
[0.510s] Level 1:colcon.colcon_core.package_identification:_identify(src/moveit2/moveit_ros/perception) by extensions ['ros']
[0.510s] Level 1:colcon.colcon_core.package_identification:_identify(src/moveit2/moveit_ros/perception) by extension 'ros'
[0.512s] DEBUG:colcon.colcon_core.package_identification:Package 'src/moveit2/moveit_ros/perception' with type 'ros.ament_cmake' and name 'moveit_ros_perception'
[0.512s] Level 1:colcon.colcon_core.package_identification:_identify(src/moveit2/moveit_ros/planning) by extensions ['ignore', 'ignore_ament_install']
[0.512s] Level 1:colcon.colcon_core.package_identification:_identify(src/moveit2/moveit_ros/planning) by extension 'ignore'
[0.512s] Level 1:colcon.colcon_core.package_identification:_identify(src/moveit2/moveit_ros/planning) by extension 'ignore_ament_install'
[0.512s] Level 1:colcon.colcon_core.package_identification:_identify(src/moveit2/moveit_ros/planning) by extensions ['colcon_pkg']
[0.512s] Level 1:colcon.colcon_core.package_identification:_identify(src/moveit2/moveit_ros/planning) by extension 'colcon_pkg'
[0.512s] Level 1:colcon.colcon_core.package_identification:_identify(src/moveit2/moveit_ros/planning) by extensions ['colcon_meta']
[0.512s] Level 1:colcon.colcon_core.package_identification:_identify(src/moveit2/moveit_ros/planning) by extension 'colcon_meta'
[0.512s] Level 1:colcon.colcon_core.package_identification:_identify(src/moveit2/moveit_ros/planning) by extensions ['ros']
[0.512s] Level 1:colcon.colcon_core.package_identification:_identify(src/moveit2/moveit_ros/planning) by extension 'ros'
[0.514s] DEBUG:colcon.colcon_core.package_identification:Package 'src/moveit2/moveit_ros/planning' with type 'ros.ament_cmake' and name 'moveit_ros_planning'
[0.514s] Level 1:colcon.colcon_core.package_identification:_identify(src/moveit2/moveit_ros/planning_interface) by extensions ['ignore', 'ignore_ament_install']
[0.514s] Level 1:colcon.colcon_core.package_identification:_identify(src/moveit2/moveit_ros/planning_interface) by extension 'ignore'
[0.514s] Level 1:colcon.colcon_core.package_identification:_identify(src/moveit2/moveit_ros/planning_interface) by extension 'ignore_ament_install'
[0.514s] Level 1:colcon.colcon_core.package_identification:_identify(src/moveit2/moveit_ros/planning_interface) by extensions ['colcon_pkg']
[0.514s] Level 1:colcon.colcon_core.package_identification:_identify(src/moveit2/moveit_ros/planning_interface) by extension 'colcon_pkg'
[0.514s] Level 1:colcon.colcon_core.package_identification:_identify(src/moveit2/moveit_ros/planning_interface) by extensions ['colcon_meta']
[0.514s] Level 1:colcon.colcon_core.package_identification:_identify(src/moveit2/moveit_ros/planning_interface) by extension 'colcon_meta'
[0.514s] Level 1:colcon.colcon_core.package_identification:_identify(src/moveit2/moveit_ros/planning_interface) by extensions ['ros']
[0.514s] Level 1:colcon.colcon_core.package_identification:_identify(src/moveit2/moveit_ros/planning_interface) by extension 'ros'
[0.515s] DEBUG:colcon.colcon_core.package_identification:Package 'src/moveit2/moveit_ros/planning_interface' with type 'ros.ament_cmake' and name 'moveit_ros_planning_interface'
[0.515s] Level 1:colcon.colcon_core.package_identification:_identify(src/moveit2/moveit_ros/robot_interaction) by extensions ['ignore', 'ignore_ament_install']
[0.515s] Level 1:colcon.colcon_core.package_identification:_identify(src/moveit2/moveit_ros/robot_interaction) by extension 'ignore'
[0.515s] Level 1:colcon.colcon_core.package_identification:_identify(src/moveit2/moveit_ros/robot_interaction) by extension 'ignore_ament_install'
[0.515s] Level 1:colcon.colcon_core.package_identification:_identify(src/moveit2/moveit_ros/robot_interaction) by extensions ['colcon_pkg']
[0.515s] Level 1:colcon.colcon_core.package_identification:_identify(src/moveit2/moveit_ros/robot_interaction) by extension 'colcon_pkg'
[0.515s] Level 1:colcon.colcon_core.package_identification:_identify(src/moveit2/moveit_ros/robot_interaction) by extensions ['colcon_meta']
[0.516s] Level 1:colcon.colcon_core.package_identification:_identify(src/moveit2/moveit_ros/robot_interaction) by extension 'colcon_meta'
[0.516s] Level 1:colcon.colcon_core.package_identification:_identify(src/moveit2/moveit_ros/robot_interaction) by extensions ['ros']
[0.516s] Level 1:colcon.colcon_core.package_identification:_identify(src/moveit2/moveit_ros/robot_interaction) by extension 'ros'
[0.516s] DEBUG:colcon.colcon_core.package_identification:Package 'src/moveit2/moveit_ros/robot_interaction' with type 'ros.ament_cmake' and name 'moveit_ros_robot_interaction'
[0.517s] Level 1:colcon.colcon_core.package_identification:_identify(src/moveit2/moveit_ros/visualization) by extensions ['ignore', 'ignore_ament_install']
[0.517s] Level 1:colcon.colcon_core.package_identification:_identify(src/moveit2/moveit_ros/visualization) by extension 'ignore'
[0.517s] Level 1:colcon.colcon_core.package_identification:_identify(src/moveit2/moveit_ros/visualization) by extension 'ignore_ament_install'
[0.517s] Level 1:colcon.colcon_core.package_identification:_identify(src/moveit2/moveit_ros/visualization) by extensions ['colcon_pkg']
[0.517s] Level 1:colcon.colcon_core.package_identification:_identify(src/moveit2/moveit_ros/visualization) by extension 'colcon_pkg'
[0.517s] Level 1:colcon.colcon_core.package_identification:_identify(src/moveit2/moveit_ros/visualization) by extensions ['colcon_meta']
[0.517s] Level 1:colcon.colcon_core.package_identification:_identify(src/moveit2/moveit_ros/visualization) by extension 'colcon_meta'
[0.517s] Level 1:colcon.colcon_core.package_identification:_identify(src/moveit2/moveit_ros/visualization) by extensions ['ros']
[0.517s] Level 1:colcon.colcon_core.package_identification:_identify(src/moveit2/moveit_ros/visualization) by extension 'ros'
[0.518s] DEBUG:colcon.colcon_core.package_identification:Package 'src/moveit2/moveit_ros/visualization' with type 'ros.ament_cmake' and name 'moveit_ros_visualization'
[0.518s] Level 1:colcon.colcon_core.package_identification:_identify(src/moveit2/moveit_ros/warehouse) by extensions ['ignore', 'ignore_ament_install']
[0.518s] Level 1:colcon.colcon_core.package_identification:_identify(src/moveit2/moveit_ros/warehouse) by extension 'ignore'
[0.518s] Level 1:colcon.colcon_core.package_identification:_identify(src/moveit2/moveit_ros/warehouse) by extension 'ignore_ament_install'
[0.518s] Level 1:colcon.colcon_core.package_identification:_identify(src/moveit2/moveit_ros/warehouse) by extensions ['colcon_pkg']
[0.518s] Level 1:colcon.colcon_core.package_identification:_identify(src/moveit2/moveit_ros/warehouse) by extension 'colcon_pkg'
[0.518s] Level 1:colcon.colcon_core.package_identification:_identify(src/moveit2/moveit_ros/warehouse) by extensions ['colcon_meta']
[0.518s] Level 1:colcon.colcon_core.package_identification:_identify(src/moveit2/moveit_ros/warehouse) by extension 'colcon_meta'
[0.518s] Level 1:colcon.colcon_core.package_identification:_identify(src/moveit2/moveit_ros/warehouse) by extensions ['ros']
[0.518s] Level 1:colcon.colcon_core.package_identification:_identify(src/moveit2/moveit_ros/warehouse) by extension 'ros'
[0.519s] DEBUG:colcon.colcon_core.package_identification:Package 'src/moveit2/moveit_ros/warehouse' with type 'ros.ament_cmake' and name 'moveit_ros_warehouse'
[0.519s] Level 1:colcon.colcon_core.package_identification:_identify(src/moveit2/moveit_runtime) by extensions ['ignore', 'ignore_ament_install']
[0.519s] Level 1:colcon.colcon_core.package_identification:_identify(src/moveit2/moveit_runtime) by extension 'ignore'
[0.519s] Level 1:colcon.colcon_core.package_identification:_identify(src/moveit2/moveit_runtime) by extension 'ignore_ament_install'
[0.519s] Level 1:colcon.colcon_core.package_identification:_identify(src/moveit2/moveit_runtime) by extensions ['colcon_pkg']
[0.519s] Level 1:colcon.colcon_core.package_identification:_identify(src/moveit2/moveit_runtime) by extension 'colcon_pkg'
[0.519s] Level 1:colcon.colcon_core.package_identification:_identify(src/moveit2/moveit_runtime) by extensions ['colcon_meta']
[0.519s] Level 1:colcon.colcon_core.package_identification:_identify(src/moveit2/moveit_runtime) by extension 'colcon_meta'
[0.519s] Level 1:colcon.colcon_core.package_identification:_identify(src/moveit2/moveit_runtime) by extensions ['ros']
[0.519s] Level 1:colcon.colcon_core.package_identification:_identify(src/moveit2/moveit_runtime) by extension 'ros'
[0.520s] DEBUG:colcon.colcon_core.package_identification:Package 'src/moveit2/moveit_runtime' with type 'ros.ament_cmake' and name 'moveit_runtime'
[0.520s] Level 1:colcon.colcon_core.package_identification:_identify(src/moveit2/moveit_setup_assistant) by extensions ['ignore', 'ignore_ament_install']
[0.520s] Level 1:colcon.colcon_core.package_identification:_identify(src/moveit2/moveit_setup_assistant) by extension 'ignore'
[0.520s] Level 1:colcon.colcon_core.package_identification:_identify(src/moveit2/moveit_setup_assistant) by extension 'ignore_ament_install'
[0.520s] Level 1:colcon.colcon_core.package_identification:_identify(src/moveit2/moveit_setup_assistant) by extensions ['colcon_pkg']
[0.520s] Level 1:colcon.colcon_core.package_identification:_identify(src/moveit2/moveit_setup_assistant) by extension 'colcon_pkg'
[0.520s] Level 1:colcon.colcon_core.package_identification:_identify(src/moveit2/moveit_setup_assistant) by extensions ['colcon_meta']
[0.520s] Level 1:colcon.colcon_core.package_identification:_identify(src/moveit2/moveit_setup_assistant) by extension 'colcon_meta'
[0.520s] Level 1:colcon.colcon_core.package_identification:_identify(src/moveit2/moveit_setup_assistant) by extensions ['ros']
[0.520s] Level 1:colcon.colcon_core.package_identification:_identify(src/moveit2/moveit_setup_assistant) by extension 'ros'
[0.521s] Level 1:colcon.colcon_core.package_identification:_identify(src/moveit2/moveit_setup_assistant) by extensions ['cmake', 'python']
[0.521s] Level 1:colcon.colcon_core.package_identification:_identify(src/moveit2/moveit_setup_assistant) by extension 'cmake'
[0.521s] Level 1:colcon.colcon_core.package_identification:_identify(src/moveit2/moveit_setup_assistant) by extension 'python'
[0.521s] Level 1:colcon.colcon_core.package_identification:_identify(src/moveit2/moveit_setup_assistant) by extensions ['python_setup_py']
[0.521s] Level 1:colcon.colcon_core.package_identification:_identify(src/moveit2/moveit_setup_assistant) by extension 'python_setup_py'
[0.521s] Level 1:colcon.colcon_core.package_identification:_identify(src/moveit2/moveit_setup_assistant/graphics) by extensions ['ignore', 'ignore_ament_install']
[0.521s] Level 1:colcon.colcon_core.package_identification:_identify(src/moveit2/moveit_setup_assistant/graphics) by extension 'ignore'
[0.521s] Level 1:colcon.colcon_core.package_identification:_identify(src/moveit2/moveit_setup_assistant/graphics) by extension 'ignore_ament_install'
[0.521s] Level 1:colcon.colcon_core.package_identification:_identify(src/moveit2/moveit_setup_assistant/graphics) by extensions ['colcon_pkg']
[0.521s] Level 1:colcon.colcon_core.package_identification:_identify(src/moveit2/moveit_setup_assistant/graphics) by extension 'colcon_pkg'
[0.521s] Level 1:colcon.colcon_core.package_identification:_identify(src/moveit2/moveit_setup_assistant/graphics) by extensions ['colcon_meta']
[0.521s] Level 1:colcon.colcon_core.package_identification:_identify(src/moveit2/moveit_setup_assistant/graphics) by extension 'colcon_meta'
[0.521s] Level 1:colcon.colcon_core.package_identification:_identify(src/moveit2/moveit_setup_assistant/graphics) by extensions ['ros']
[0.521s] Level 1:colcon.colcon_core.package_identification:_identify(src/moveit2/moveit_setup_assistant/graphics) by extension 'ros'
[0.521s] Level 1:colcon.colcon_core.package_identification:_identify(src/moveit2/moveit_setup_assistant/graphics) by extensions ['cmake', 'python']
[0.521s] Level 1:colcon.colcon_core.package_identification:_identify(src/moveit2/moveit_setup_assistant/graphics) by extension 'cmake'
[0.521s] Level 1:colcon.colcon_core.package_identification:_identify(src/moveit2/moveit_setup_assistant/graphics) by extension 'python'
[0.521s] Level 1:colcon.colcon_core.package_identification:_identify(src/moveit2/moveit_setup_assistant/graphics) by extensions ['python_setup_py']
[0.521s] Level 1:colcon.colcon_core.package_identification:_identify(src/moveit2/moveit_setup_assistant/graphics) by extension 'python_setup_py'
[0.521s] Level 1:colcon.colcon_core.package_identification:_identify(src/moveit2/moveit_setup_assistant/graphics/source) by extensions ['ignore', 'ignore_ament_install']
[0.522s] Level 1:colcon.colcon_core.package_identification:_identify(src/moveit2/moveit_setup_assistant/graphics/source) by extension 'ignore'
[0.522s] Level 1:colcon.colcon_core.package_identification:_identify(src/moveit2/moveit_setup_assistant/graphics/source) by extension 'ignore_ament_install'
[0.522s] Level 1:colcon.colcon_core.package_identification:_identify(src/moveit2/moveit_setup_assistant/graphics/source) by extensions ['colcon_pkg']
[0.522s] Level 1:colcon.colcon_core.package_identification:_identify(src/moveit2/moveit_setup_assistant/graphics/source) by extension 'colcon_pkg'
[0.522s] Level 1:colcon.colcon_core.package_identification:_identify(src/moveit2/moveit_setup_assistant/graphics/source) by extensions ['colcon_meta']
[0.522s] Level 1:colcon.colcon_core.package_identification:_identify(src/moveit2/moveit_setup_assistant/graphics/source) by extension 'colcon_meta'
[0.522s] Level 1:colcon.colcon_core.package_identification:_identify(src/moveit2/moveit_setup_assistant/graphics/source) by extensions ['ros']
[0.522s] Level 1:colcon.colcon_core.package_identification:_identify(src/moveit2/moveit_setup_assistant/graphics/source) by extension 'ros'
[0.522s] Level 1:colcon.colcon_core.package_identification:_identify(src/moveit2/moveit_setup_assistant/graphics/source) by extensions ['cmake', 'python']
[0.522s] Level 1:colcon.colcon_core.package_identification:_identify(src/moveit2/moveit_setup_assistant/graphics/source) by extension 'cmake'
[0.522s] Level 1:colcon.colcon_core.package_identification:_identify(src/moveit2/moveit_setup_assistant/graphics/source) by extension 'python'
[0.522s] Level 1:colcon.colcon_core.package_identification:_identify(src/moveit2/moveit_setup_assistant/graphics/source) by extensions ['python_setup_py']
[0.522s] Level 1:colcon.colcon_core.package_identification:_identify(src/moveit2/moveit_setup_assistant/graphics/source) by extension 'python_setup_py'
[0.522s] Level 1:colcon.colcon_core.package_identification:_identify(src/moveit2/moveit_setup_assistant/moveit_setup_app_plugins) by extensions ['ignore', 'ignore_ament_install']
[0.522s] Level 1:colcon.colcon_core.package_identification:_identify(src/moveit2/moveit_setup_assistant/moveit_setup_app_plugins) by extension 'ignore'
[0.522s] Level 1:colcon.colcon_core.package_identification:_identify(src/moveit2/moveit_setup_assistant/moveit_setup_app_plugins) by extension 'ignore_ament_install'
[0.522s] Level 1:colcon.colcon_core.package_identification:_identify(src/moveit2/moveit_setup_assistant/moveit_setup_app_plugins) by extensions ['colcon_pkg']
[0.522s] Level 1:colcon.colcon_core.package_identification:_identify(src/moveit2/moveit_setup_assistant/moveit_setup_app_plugins) by extension 'colcon_pkg'
[0.522s] Level 1:colcon.colcon_core.package_identification:_identify(src/moveit2/moveit_setup_assistant/moveit_setup_app_plugins) by extensions ['colcon_meta']
[0.522s] Level 1:colcon.colcon_core.package_identification:_identify(src/moveit2/moveit_setup_assistant/moveit_setup_app_plugins) by extension 'colcon_meta'
[0.522s] Level 1:colcon.colcon_core.package_identification:_identify(src/moveit2/moveit_setup_assistant/moveit_setup_app_plugins) by extensions ['ros']
[0.522s] Level 1:colcon.colcon_core.package_identification:_identify(src/moveit2/moveit_setup_assistant/moveit_setup_app_plugins) by extension 'ros'
[0.523s] DEBUG:colcon.colcon_core.package_identification:Package 'src/moveit2/moveit_setup_assistant/moveit_setup_app_plugins' with type 'ros.ament_cmake' and name 'moveit_setup_app_plugins'
[0.523s] Level 1:colcon.colcon_core.package_identification:_identify(src/moveit2/moveit_setup_assistant/moveit_setup_assistant) by extensions ['ignore', 'ignore_ament_install']
[0.523s] Level 1:colcon.colcon_core.package_identification:_identify(src/moveit2/moveit_setup_assistant/moveit_setup_assistant) by extension 'ignore'
[0.523s] Level 1:colcon.colcon_core.package_identification:_identify(src/moveit2/moveit_setup_assistant/moveit_setup_assistant) by extension 'ignore_ament_install'
[0.523s] Level 1:colcon.colcon_core.package_identification:_identify(src/moveit2/moveit_setup_assistant/moveit_setup_assistant) by extensions ['colcon_pkg']
[0.523s] Level 1:colcon.colcon_core.package_identification:_identify(src/moveit2/moveit_setup_assistant/moveit_setup_assistant) by extension 'colcon_pkg'
[0.523s] Level 1:colcon.colcon_core.package_identification:_identify(src/moveit2/moveit_setup_assistant/moveit_setup_assistant) by extensions ['colcon_meta']
[0.523s] Level 1:colcon.colcon_core.package_identification:_identify(src/moveit2/moveit_setup_assistant/moveit_setup_assistant) by extension 'colcon_meta'
[0.523s] Level 1:colcon.colcon_core.package_identification:_identify(src/moveit2/moveit_setup_assistant/moveit_setup_assistant) by extensions ['ros']
[0.523s] Level 1:colcon.colcon_core.package_identification:_identify(src/moveit2/moveit_setup_assistant/moveit_setup_assistant) by extension 'ros'
[0.524s] DEBUG:colcon.colcon_core.package_identification:Package 'src/moveit2/moveit_setup_assistant/moveit_setup_assistant' with type 'ros.ament_cmake' and name 'moveit_setup_assistant'
[0.524s] Level 1:colcon.colcon_core.package_identification:_identify(src/moveit2/moveit_setup_assistant/moveit_setup_controllers) by extensions ['ignore', 'ignore_ament_install']
[0.525s] Level 1:colcon.colcon_core.package_identification:_identify(src/moveit2/moveit_setup_assistant/moveit_setup_controllers) by extension 'ignore'
[0.525s] Level 1:colcon.colcon_core.package_identification:_identify(src/moveit2/moveit_setup_assistant/moveit_setup_controllers) by extension 'ignore_ament_install'
[0.525s] Level 1:colcon.colcon_core.package_identification:_identify(src/moveit2/moveit_setup_assistant/moveit_setup_controllers) by extensions ['colcon_pkg']
[0.525s] Level 1:colcon.colcon_core.package_identification:_identify(src/moveit2/moveit_setup_assistant/moveit_setup_controllers) by extension 'colcon_pkg'
[0.525s] Level 1:colcon.colcon_core.package_identification:_identify(src/moveit2/moveit_setup_assistant/moveit_setup_controllers) by extensions ['colcon_meta']
[0.525s] Level 1:colcon.colcon_core.package_identification:_identify(src/moveit2/moveit_setup_assistant/moveit_setup_controllers) by extension 'colcon_meta'
[0.525s] Level 1:colcon.colcon_core.package_identification:_identify(src/moveit2/moveit_setup_assistant/moveit_setup_controllers) by extensions ['ros']
[0.525s] Level 1:colcon.colcon_core.package_identification:_identify(src/moveit2/moveit_setup_assistant/moveit_setup_controllers) by extension 'ros'
[0.525s] DEBUG:colcon.colcon_core.package_identification:Package 'src/moveit2/moveit_setup_assistant/moveit_setup_controllers' with type 'ros.ament_cmake' and name 'moveit_setup_controllers'
[0.526s] Level 1:colcon.colcon_core.package_identification:_identify(src/moveit2/moveit_setup_assistant/moveit_setup_core_plugins) by extensions ['ignore', 'ignore_ament_install']
[0.526s] Level 1:colcon.colcon_core.package_identification:_identify(src/moveit2/moveit_setup_assistant/moveit_setup_core_plugins) by extension 'ignore'
[0.526s] Level 1:colcon.colcon_core.package_identification:_identify(src/moveit2/moveit_setup_assistant/moveit_setup_core_plugins) by extension 'ignore_ament_install'
[0.526s] Level 1:colcon.colcon_core.package_identification:_identify(src/moveit2/moveit_setup_assistant/moveit_setup_core_plugins) by extensions ['colcon_pkg']
[0.526s] Level 1:colcon.colcon_core.package_identification:_identify(src/moveit2/moveit_setup_assistant/moveit_setup_core_plugins) by extension 'colcon_pkg'
[0.526s] Level 1:colcon.colcon_core.package_identification:_identify(src/moveit2/moveit_setup_assistant/moveit_setup_core_plugins) by extensions ['colcon_meta']
[0.526s] Level 1:colcon.colcon_core.package_identification:_identify(src/moveit2/moveit_setup_assistant/moveit_setup_core_plugins) by extension 'colcon_meta'
[0.526s] Level 1:colcon.colcon_core.package_identification:_identify(src/moveit2/moveit_setup_assistant/moveit_setup_core_plugins) by extensions ['ros']
[0.526s] Level 1:colcon.colcon_core.package_identification:_identify(src/moveit2/moveit_setup_assistant/moveit_setup_core_plugins) by extension 'ros'
[0.527s] DEBUG:colcon.colcon_core.package_identification:Package 'src/moveit2/moveit_setup_assistant/moveit_setup_core_plugins' with type 'ros.ament_cmake' and name 'moveit_setup_core_plugins'
[0.527s] Level 1:colcon.colcon_core.package_identification:_identify(src/moveit2/moveit_setup_assistant/moveit_setup_framework) by extensions ['ignore', 'ignore_ament_install']
[0.527s] Level 1:colcon.colcon_core.package_identification:_identify(src/moveit2/moveit_setup_assistant/moveit_setup_framework) by extension 'ignore'
[0.527s] Level 1:colcon.colcon_core.package_identification:_identify(src/moveit2/moveit_setup_assistant/moveit_setup_framework) by extension 'ignore_ament_install'
[0.527s] Level 1:colcon.colcon_core.package_identification:_identify(src/moveit2/moveit_setup_assistant/moveit_setup_framework) by extensions ['colcon_pkg']
[0.527s] Level 1:colcon.colcon_core.package_identification:_identify(src/moveit2/moveit_setup_assistant/moveit_setup_framework) by extension 'colcon_pkg'
[0.527s] Level 1:colcon.colcon_core.package_identification:_identify(src/moveit2/moveit_setup_assistant/moveit_setup_framework) by extensions ['colcon_meta']
[0.527s] Level 1:colcon.colcon_core.package_identification:_identify(src/moveit2/moveit_setup_assistant/moveit_setup_framework) by extension 'colcon_meta'
[0.527s] Level 1:colcon.colcon_core.package_identification:_identify(src/moveit2/moveit_setup_assistant/moveit_setup_framework) by extensions ['ros']
[0.527s] Level 1:colcon.colcon_core.package_identification:_identify(src/moveit2/moveit_setup_assistant/moveit_setup_framework) by extension 'ros'
[0.528s] DEBUG:colcon.colcon_core.package_identification:Package 'src/moveit2/moveit_setup_assistant/moveit_setup_framework' with type 'ros.ament_cmake' and name 'moveit_setup_framework'
[0.528s] Level 1:colcon.colcon_core.package_identification:_identify(src/moveit2/moveit_setup_assistant/moveit_setup_simulation) by extensions ['ignore', 'ignore_ament_install']
[0.528s] Level 1:colcon.colcon_core.package_identification:_identify(src/moveit2/moveit_setup_assistant/moveit_setup_simulation) by extension 'ignore'
[0.528s] Level 1:colcon.colcon_core.package_identification:_identify(src/moveit2/moveit_setup_assistant/moveit_setup_simulation) ignored
[0.528s] Level 1:colcon.colcon_core.package_identification:_identify(src/moveit2/moveit_setup_assistant/moveit_setup_srdf_plugins) by extensions ['ignore', 'ignore_ament_install']
[0.528s] Level 1:colcon.colcon_core.package_identification:_identify(src/moveit2/moveit_setup_assistant/moveit_setup_srdf_plugins) by extension 'ignore'
[0.528s] Level 1:colcon.colcon_core.package_identification:_identify(src/moveit2/moveit_setup_assistant/moveit_setup_srdf_plugins) by extension 'ignore_ament_install'
[0.528s] Level 1:colcon.colcon_core.package_identification:_identify(src/moveit2/moveit_setup_assistant/moveit_setup_srdf_plugins) by extensions ['colcon_pkg']
[0.529s] Level 1:colcon.colcon_core.package_identification:_identify(src/moveit2/moveit_setup_assistant/moveit_setup_srdf_plugins) by extension 'colcon_pkg'
[0.529s] Level 1:colcon.colcon_core.package_identification:_identify(src/moveit2/moveit_setup_assistant/moveit_setup_srdf_plugins) by extensions ['colcon_meta']
[0.529s] Level 1:colcon.colcon_core.package_identification:_identify(src/moveit2/moveit_setup_assistant/moveit_setup_srdf_plugins) by extension 'colcon_meta'
[0.529s] Level 1:colcon.colcon_core.package_identification:_identify(src/moveit2/moveit_setup_assistant/moveit_setup_srdf_plugins) by extensions ['ros']
[0.529s] Level 1:colcon.colcon_core.package_identification:_identify(src/moveit2/moveit_setup_assistant/moveit_setup_srdf_plugins) by extension 'ros'
[0.529s] DEBUG:colcon.colcon_core.package_identification:Package 'src/moveit2/moveit_setup_assistant/moveit_setup_srdf_plugins' with type 'ros.ament_cmake' and name 'moveit_setup_srdf_plugins'
[0.529s] Level 1:colcon.colcon_core.package_identification:_identify(src/moveit2/moveit_setup_assistant/unported_templates) by extensions ['ignore', 'ignore_ament_install']
[0.529s] Level 1:colcon.colcon_core.package_identification:_identify(src/moveit2/moveit_setup_assistant/unported_templates) by extension 'ignore'
[0.529s] Level 1:colcon.colcon_core.package_identification:_identify(src/moveit2/moveit_setup_assistant/unported_templates) by extension 'ignore_ament_install'
[0.529s] Level 1:colcon.colcon_core.package_identification:_identify(src/moveit2/moveit_setup_assistant/unported_templates) by extensions ['colcon_pkg']
[0.529s] Level 1:colcon.colcon_core.package_identification:_identify(src/moveit2/moveit_setup_assistant/unported_templates) by extension 'colcon_pkg'
[0.530s] Level 1:colcon.colcon_core.package_identification:_identify(src/moveit2/moveit_setup_assistant/unported_templates) by extensions ['colcon_meta']
[0.530s] Level 1:colcon.colcon_core.package_identification:_identify(src/moveit2/moveit_setup_assistant/unported_templates) by extension 'colcon_meta'
[0.530s] Level 1:colcon.colcon_core.package_identification:_identify(src/moveit2/moveit_setup_assistant/unported_templates) by extensions ['ros']
[0.530s] Level 1:colcon.colcon_core.package_identification:_identify(src/moveit2/moveit_setup_assistant/unported_templates) by extension 'ros'
[0.530s] Level 1:colcon.colcon_core.package_identification:_identify(src/moveit2/moveit_setup_assistant/unported_templates) by extensions ['cmake', 'python']
[0.530s] Level 1:colcon.colcon_core.package_identification:_identify(src/moveit2/moveit_setup_assistant/unported_templates) by extension 'cmake'
[0.530s] Level 1:colcon.colcon_core.package_identification:_identify(src/moveit2/moveit_setup_assistant/unported_templates) by extension 'python'
[0.530s] Level 1:colcon.colcon_core.package_identification:_identify(src/moveit2/moveit_setup_assistant/unported_templates) by extensions ['python_setup_py']
[0.530s] Level 1:colcon.colcon_core.package_identification:_identify(src/moveit2/moveit_setup_assistant/unported_templates) by extension 'python_setup_py'
[0.530s] Level 1:colcon.colcon_core.package_identification:_identify(src/moveit2_tutorials) by extensions ['ignore', 'ignore_ament_install']
[0.530s] Level 1:colcon.colcon_core.package_identification:_identify(src/moveit2_tutorials) by extension 'ignore'
[0.530s] Level 1:colcon.colcon_core.package_identification:_identify(src/moveit2_tutorials) by extension 'ignore_ament_install'
[0.530s] Level 1:colcon.colcon_core.package_identification:_identify(src/moveit2_tutorials) by extensions ['colcon_pkg']
[0.530s] Level 1:colcon.colcon_core.package_identification:_identify(src/moveit2_tutorials) by extension 'colcon_pkg'
[0.530s] Level 1:colcon.colcon_core.package_identification:_identify(src/moveit2_tutorials) by extensions ['colcon_meta']
[0.530s] Level 1:colcon.colcon_core.package_identification:_identify(src/moveit2_tutorials) by extension 'colcon_meta'
[0.530s] Level 1:colcon.colcon_core.package_identification:_identify(src/moveit2_tutorials) by extensions ['ros']
[0.530s] Level 1:colcon.colcon_core.package_identification:_identify(src/moveit2_tutorials) by extension 'ros'
[0.532s] DEBUG:colcon.colcon_core.package_identification:Package 'src/moveit2_tutorials' with type 'ros.ament_cmake' and name 'moveit2_tutorials'
[0.532s] Level 1:colcon.colcon_core.package_identification:_identify(src/moveit_resources) by extensions ['ignore', 'ignore_ament_install']
[0.532s] Level 1:colcon.colcon_core.package_identification:_identify(src/moveit_resources) by extension 'ignore'
[0.532s] Level 1:colcon.colcon_core.package_identification:_identify(src/moveit_resources) by extension 'ignore_ament_install'
[0.532s] Level 1:colcon.colcon_core.package_identification:_identify(src/moveit_resources) by extensions ['colcon_pkg']
[0.532s] Level 1:colcon.colcon_core.package_identification:_identify(src/moveit_resources) by extension 'colcon_pkg'
[0.532s] Level 1:colcon.colcon_core.package_identification:_identify(src/moveit_resources) by extensions ['colcon_meta']
[0.532s] Level 1:colcon.colcon_core.package_identification:_identify(src/moveit_resources) by extension 'colcon_meta'
[0.532s] Level 1:colcon.colcon_core.package_identification:_identify(src/moveit_resources) by extensions ['ros']
[0.532s] Level 1:colcon.colcon_core.package_identification:_identify(src/moveit_resources) by extension 'ros'
[0.532s] Level 1:colcon.colcon_core.package_identification:_identify(src/moveit_resources) by extensions ['cmake', 'python']
[0.532s] Level 1:colcon.colcon_core.package_identification:_identify(src/moveit_resources) by extension 'cmake'
[0.532s] Level 1:colcon.colcon_core.package_identification:_identify(src/moveit_resources) by extension 'python'
[0.532s] Level 1:colcon.colcon_core.package_identification:_identify(src/moveit_resources) by extensions ['python_setup_py']
[0.532s] Level 1:colcon.colcon_core.package_identification:_identify(src/moveit_resources) by extension 'python_setup_py'
[0.533s] Level 1:colcon.colcon_core.package_identification:_identify(src/moveit_resources/fanuc_description) by extensions ['ignore', 'ignore_ament_install']
[0.533s] Level 1:colcon.colcon_core.package_identification:_identify(src/moveit_resources/fanuc_description) by extension 'ignore'
[0.533s] Level 1:colcon.colcon_core.package_identification:_identify(src/moveit_resources/fanuc_description) by extension 'ignore_ament_install'
[0.533s] Level 1:colcon.colcon_core.package_identification:_identify(src/moveit_resources/fanuc_description) by extensions ['colcon_pkg']
[0.533s] Level 1:colcon.colcon_core.package_identification:_identify(src/moveit_resources/fanuc_description) by extension 'colcon_pkg'
[0.533s] Level 1:colcon.colcon_core.package_identification:_identify(src/moveit_resources/fanuc_description) by extensions ['colcon_meta']
[0.533s] Level 1:colcon.colcon_core.package_identification:_identify(src/moveit_resources/fanuc_description) by extension 'colcon_meta'
[0.533s] Level 1:colcon.colcon_core.package_identification:_identify(src/moveit_resources/fanuc_description) by extensions ['ros']
[0.533s] Level 1:colcon.colcon_core.package_identification:_identify(src/moveit_resources/fanuc_description) by extension 'ros'
[0.533s] DEBUG:colcon.colcon_core.package_identification:Package 'src/moveit_resources/fanuc_description' with type 'ros.ament_cmake' and name 'moveit_resources_fanuc_description'
[0.534s] Level 1:colcon.colcon_core.package_identification:_identify(src/moveit_resources/fanuc_moveit_config) by extensions ['ignore', 'ignore_ament_install']
[0.534s] Level 1:colcon.colcon_core.package_identification:_identify(src/moveit_resources/fanuc_moveit_config) by extension 'ignore'
[0.534s] Level 1:colcon.colcon_core.package_identification:_identify(src/moveit_resources/fanuc_moveit_config) by extension 'ignore_ament_install'
[0.534s] Level 1:colcon.colcon_core.package_identification:_identify(src/moveit_resources/fanuc_moveit_config) by extensions ['colcon_pkg']
[0.534s] Level 1:colcon.colcon_core.package_identification:_identify(src/moveit_resources/fanuc_moveit_config) by extension 'colcon_pkg'
[0.534s] Level 1:colcon.colcon_core.package_identification:_identify(src/moveit_resources/fanuc_moveit_config) by extensions ['colcon_meta']
[0.534s] Level 1:colcon.colcon_core.package_identification:_identify(src/moveit_resources/fanuc_moveit_config) by extension 'colcon_meta'
[0.534s] Level 1:colcon.colcon_core.package_identification:_identify(src/moveit_resources/fanuc_moveit_config) by extensions ['ros']
[0.534s] Level 1:colcon.colcon_core.package_identification:_identify(src/moveit_resources/fanuc_moveit_config) by extension 'ros'
[0.534s] DEBUG:colcon.colcon_core.package_identification:Package 'src/moveit_resources/fanuc_moveit_config' with type 'ros.ament_cmake' and name 'moveit_resources_fanuc_moveit_config'
[0.535s] Level 1:colcon.colcon_core.package_identification:_identify(src/moveit_resources/moveit_resources) by extensions ['ignore', 'ignore_ament_install']
[0.535s] Level 1:colcon.colcon_core.package_identification:_identify(src/moveit_resources/moveit_resources) by extension 'ignore'
[0.535s] Level 1:colcon.colcon_core.package_identification:_identify(src/moveit_resources/moveit_resources) by extension 'ignore_ament_install'
[0.535s] Level 1:colcon.colcon_core.package_identification:_identify(src/moveit_resources/moveit_resources) by extensions ['colcon_pkg']
[0.535s] Level 1:colcon.colcon_core.package_identification:_identify(src/moveit_resources/moveit_resources) by extension 'colcon_pkg'
[0.535s] Level 1:colcon.colcon_core.package_identification:_identify(src/moveit_resources/moveit_resources) by extensions ['colcon_meta']
[0.535s] Level 1:colcon.colcon_core.package_identification:_identify(src/moveit_resources/moveit_resources) by extension 'colcon_meta'
[0.535s] Level 1:colcon.colcon_core.package_identification:_identify(src/moveit_resources/moveit_resources) by extensions ['ros']
[0.535s] Level 1:colcon.colcon_core.package_identification:_identify(src/moveit_resources/moveit_resources) by extension 'ros'
[0.535s] DEBUG:colcon.colcon_core.package_identification:Package 'src/moveit_resources/moveit_resources' with type 'ros.ament_cmake' and name 'moveit_resources'
[0.535s] Level 1:colcon.colcon_core.package_identification:_identify(src/moveit_resources/panda_description) by extensions ['ignore', 'ignore_ament_install']
[0.536s] Level 1:colcon.colcon_core.package_identification:_identify(src/moveit_resources/panda_description) by extension 'ignore'
[0.536s] Level 1:colcon.colcon_core.package_identification:_identify(src/moveit_resources/panda_description) by extension 'ignore_ament_install'
[0.536s] Level 1:colcon.colcon_core.package_identification:_identify(src/moveit_resources/panda_description) by extensions ['colcon_pkg']
[0.536s] Level 1:colcon.colcon_core.package_identification:_identify(src/moveit_resources/panda_description) by extension 'colcon_pkg'
[0.536s] Level 1:colcon.colcon_core.package_identification:_identify(src/moveit_resources/panda_description) by extensions ['colcon_meta']
[0.536s] Level 1:colcon.colcon_core.package_identification:_identify(src/moveit_resources/panda_description) by extension 'colcon_meta'
[0.536s] Level 1:colcon.colcon_core.package_identification:_identify(src/moveit_resources/panda_description) by extensions ['ros']
[0.536s] Level 1:colcon.colcon_core.package_identification:_identify(src/moveit_resources/panda_description) by extension 'ros'
[0.536s] DEBUG:colcon.colcon_core.package_identification:Package 'src/moveit_resources/panda_description' with type 'ros.ament_cmake' and name 'moveit_resources_panda_description'
[0.536s] Level 1:colcon.colcon_core.package_identification:_identify(src/moveit_resources/panda_moveit_config) by extensions ['ignore', 'ignore_ament_install']
[0.536s] Level 1:colcon.colcon_core.package_identification:_identify(src/moveit_resources/panda_moveit_config) by extension 'ignore'
[0.536s] Level 1:colcon.colcon_core.package_identification:_identify(src/moveit_resources/panda_moveit_config) by extension 'ignore_ament_install'
[0.537s] Level 1:colcon.colcon_core.package_identification:_identify(src/moveit_resources/panda_moveit_config) by extensions ['colcon_pkg']
[0.537s] Level 1:colcon.colcon_core.package_identification:_identify(src/moveit_resources/panda_moveit_config) by extension 'colcon_pkg'
[0.537s] Level 1:colcon.colcon_core.package_identification:_identify(src/moveit_resources/panda_moveit_config) by extensions ['colcon_meta']
[0.537s] Level 1:colcon.colcon_core.package_identification:_identify(src/moveit_resources/panda_moveit_config) by extension 'colcon_meta'
[0.537s] Level 1:colcon.colcon_core.package_identification:_identify(src/moveit_resources/panda_moveit_config) by extensions ['ros']
[0.537s] Level 1:colcon.colcon_core.package_identification:_identify(src/moveit_resources/panda_moveit_config) by extension 'ros'
[0.537s] DEBUG:colcon.colcon_core.package_identification:Package 'src/moveit_resources/panda_moveit_config' with type 'ros.ament_cmake' and name 'moveit_resources_panda_moveit_config'
[0.537s] Level 1:colcon.colcon_core.package_identification:_identify(src/moveit_resources/pr2_description) by extensions ['ignore', 'ignore_ament_install']
[0.537s] Level 1:colcon.colcon_core.package_identification:_identify(src/moveit_resources/pr2_description) by extension 'ignore'
[0.537s] Level 1:colcon.colcon_core.package_identification:_identify(src/moveit_resources/pr2_description) by extension 'ignore_ament_install'
[0.537s] Level 1:colcon.colcon_core.package_identification:_identify(src/moveit_resources/pr2_description) by extensions ['colcon_pkg']
[0.537s] Level 1:colcon.colcon_core.package_identification:_identify(src/moveit_resources/pr2_description) by extension 'colcon_pkg'
[0.538s] Level 1:colcon.colcon_core.package_identification:_identify(src/moveit_resources/pr2_description) by extensions ['colcon_meta']
[0.538s] Level 1:colcon.colcon_core.package_identification:_identify(src/moveit_resources/pr2_description) by extension 'colcon_meta'
[0.538s] Level 1:colcon.colcon_core.package_identification:_identify(src/moveit_resources/pr2_description) by extensions ['ros']
[0.538s] Level 1:colcon.colcon_core.package_identification:_identify(src/moveit_resources/pr2_description) by extension 'ros'
[0.538s] DEBUG:colcon.colcon_core.package_identification:Package 'src/moveit_resources/pr2_description' with type 'ros.ament_cmake' and name 'moveit_resources_pr2_description'
[0.538s] Level 1:colcon.colcon_core.package_identification:_identify(src/moveit_task_constructor) by extensions ['ignore', 'ignore_ament_install']
[0.538s] Level 1:colcon.colcon_core.package_identification:_identify(src/moveit_task_constructor) by extension 'ignore'
[0.538s] Level 1:colcon.colcon_core.package_identification:_identify(src/moveit_task_constructor) by extension 'ignore_ament_install'
[0.538s] Level 1:colcon.colcon_core.package_identification:_identify(src/moveit_task_constructor) by extensions ['colcon_pkg']
[0.538s] Level 1:colcon.colcon_core.package_identification:_identify(src/moveit_task_constructor) by extension 'colcon_pkg'
[0.538s] Level 1:colcon.colcon_core.package_identification:_identify(src/moveit_task_constructor) by extensions ['colcon_meta']
[0.538s] Level 1:colcon.colcon_core.package_identification:_identify(src/moveit_task_constructor) by extension 'colcon_meta'
[0.538s] Level 1:colcon.colcon_core.package_identification:_identify(src/moveit_task_constructor) by extensions ['ros']
[0.538s] Level 1:colcon.colcon_core.package_identification:_identify(src/moveit_task_constructor) by extension 'ros'
[0.539s] Level 1:colcon.colcon_core.package_identification:_identify(src/moveit_task_constructor) by extensions ['cmake', 'python']
[0.539s] Level 1:colcon.colcon_core.package_identification:_identify(src/moveit_task_constructor) by extension 'cmake'
[0.539s] Level 1:colcon.colcon_core.package_identification:_identify(src/moveit_task_constructor) by extension 'python'
[0.539s] Level 1:colcon.colcon_core.package_identification:_identify(src/moveit_task_constructor) by extensions ['python_setup_py']
[0.539s] Level 1:colcon.colcon_core.package_identification:_identify(src/moveit_task_constructor) by extension 'python_setup_py'
[0.539s] Level 1:colcon.colcon_core.package_identification:_identify(src/moveit_task_constructor/capabilities) by extensions ['ignore', 'ignore_ament_install']
[0.539s] Level 1:colcon.colcon_core.package_identification:_identify(src/moveit_task_constructor/capabilities) by extension 'ignore'
[0.539s] Level 1:colcon.colcon_core.package_identification:_identify(src/moveit_task_constructor/capabilities) by extension 'ignore_ament_install'
[0.539s] Level 1:colcon.colcon_core.package_identification:_identify(src/moveit_task_constructor/capabilities) by extensions ['colcon_pkg']
[0.539s] Level 1:colcon.colcon_core.package_identification:_identify(src/moveit_task_constructor/capabilities) by extension 'colcon_pkg'
[0.539s] Level 1:colcon.colcon_core.package_identification:_identify(src/moveit_task_constructor/capabilities) by extensions ['colcon_meta']
[0.539s] Level 1:colcon.colcon_core.package_identification:_identify(src/moveit_task_constructor/capabilities) by extension 'colcon_meta'
[0.539s] Level 1:colcon.colcon_core.package_identification:_identify(src/moveit_task_constructor/capabilities) by extensions ['ros']
[0.539s] Level 1:colcon.colcon_core.package_identification:_identify(src/moveit_task_constructor/capabilities) by extension 'ros'
[0.540s] DEBUG:colcon.colcon_core.package_identification:Package 'src/moveit_task_constructor/capabilities' with type 'ros.ament_cmake' and name 'moveit_task_constructor_capabilities'
[0.540s] Level 1:colcon.colcon_core.package_identification:_identify(src/moveit_task_constructor/core) by extensions ['ignore', 'ignore_ament_install']
[0.540s] Level 1:colcon.colcon_core.package_identification:_identify(src/moveit_task_constructor/core) by extension 'ignore'
[0.540s] Level 1:colcon.colcon_core.package_identification:_identify(src/moveit_task_constructor/core) by extension 'ignore_ament_install'
[0.540s] Level 1:colcon.colcon_core.package_identification:_identify(src/moveit_task_constructor/core) by extensions ['colcon_pkg']
[0.540s] Level 1:colcon.colcon_core.package_identification:_identify(src/moveit_task_constructor/core) by extension 'colcon_pkg'
[0.540s] Level 1:colcon.colcon_core.package_identification:_identify(src/moveit_task_constructor/core) by extensions ['colcon_meta']
[0.540s] Level 1:colcon.colcon_core.package_identification:_identify(src/moveit_task_constructor/core) by extension 'colcon_meta'
[0.540s] Level 1:colcon.colcon_core.package_identification:_identify(src/moveit_task_constructor/core) by extensions ['ros']
[0.540s] Level 1:colcon.colcon_core.package_identification:_identify(src/moveit_task_constructor/core) by extension 'ros'
[0.542s] DEBUG:colcon.colcon_core.package_identification:Package 'src/moveit_task_constructor/core' with type 'ros.ament_cmake' and name 'moveit_task_constructor_core'
[0.542s] Level 1:colcon.colcon_core.package_identification:_identify(src/moveit_task_constructor/demo) by extensions ['ignore', 'ignore_ament_install']
[0.542s] Level 1:colcon.colcon_core.package_identification:_identify(src/moveit_task_constructor/demo) by extension 'ignore'
[0.542s] Level 1:colcon.colcon_core.package_identification:_identify(src/moveit_task_constructor/demo) by extension 'ignore_ament_install'
[0.542s] Level 1:colcon.colcon_core.package_identification:_identify(src/moveit_task_constructor/demo) by extensions ['colcon_pkg']
[0.542s] Level 1:colcon.colcon_core.package_identification:_identify(src/moveit_task_constructor/demo) by extension 'colcon_pkg'
[0.542s] Level 1:colcon.colcon_core.package_identification:_identify(src/moveit_task_constructor/demo) by extensions ['colcon_meta']
[0.542s] Level 1:colcon.colcon_core.package_identification:_identify(src/moveit_task_constructor/demo) by extension 'colcon_meta'
[0.543s] Level 1:colcon.colcon_core.package_identification:_identify(src/moveit_task_constructor/demo) by extensions ['ros']
[0.543s] Level 1:colcon.colcon_core.package_identification:_identify(src/moveit_task_constructor/demo) by extension 'ros'
[0.543s] DEBUG:colcon.colcon_core.package_identification:Package 'src/moveit_task_constructor/demo' with type 'ros.ament_cmake' and name 'moveit_task_constructor_demo'
[0.543s] Level 1:colcon.colcon_core.package_identification:_identify(src/moveit_task_constructor/msgs) by extensions ['ignore', 'ignore_ament_install']
[0.543s] Level 1:colcon.colcon_core.package_identification:_identify(src/moveit_task_constructor/msgs) by extension 'ignore'
[0.543s] Level 1:colcon.colcon_core.package_identification:_identify(src/moveit_task_constructor/msgs) by extension 'ignore_ament_install'
[0.543s] Level 1:colcon.colcon_core.package_identification:_identify(src/moveit_task_constructor/msgs) by extensions ['colcon_pkg']
[0.543s] Level 1:colcon.colcon_core.package_identification:_identify(src/moveit_task_constructor/msgs) by extension 'colcon_pkg'
[0.544s] Level 1:colcon.colcon_core.package_identification:_identify(src/moveit_task_constructor/msgs) by extensions ['colcon_meta']
[0.544s] Level 1:colcon.colcon_core.package_identification:_identify(src/moveit_task_constructor/msgs) by extension 'colcon_meta'
[0.544s] Level 1:colcon.colcon_core.package_identification:_identify(src/moveit_task_constructor/msgs) by extensions ['ros']
[0.544s] Level 1:colcon.colcon_core.package_identification:_identify(src/moveit_task_constructor/msgs) by extension 'ros'
[0.544s] DEBUG:colcon.colcon_core.package_identification:Package 'src/moveit_task_constructor/msgs' with type 'ros.ament_cmake' and name 'moveit_task_constructor_msgs'
[0.544s] Level 1:colcon.colcon_core.package_identification:_identify(src/moveit_task_constructor/rviz_marker_tools) by extensions ['ignore', 'ignore_ament_install']
[0.544s] Level 1:colcon.colcon_core.package_identification:_identify(src/moveit_task_constructor/rviz_marker_tools) by extension 'ignore'
[0.544s] Level 1:colcon.colcon_core.package_identification:_identify(src/moveit_task_constructor/rviz_marker_tools) by extension 'ignore_ament_install'
[0.545s] Level 1:colcon.colcon_core.package_identification:_identify(src/moveit_task_constructor/rviz_marker_tools) by extensions ['colcon_pkg']
[0.545s] Level 1:colcon.colcon_core.package_identification:_identify(src/moveit_task_constructor/rviz_marker_tools) by extension 'colcon_pkg'
[0.545s] Level 1:colcon.colcon_core.package_identification:_identify(src/moveit_task_constructor/rviz_marker_tools) by extensions ['colcon_meta']
[0.545s] Level 1:colcon.colcon_core.package_identification:_identify(src/moveit_task_constructor/rviz_marker_tools) by extension 'colcon_meta'
[0.545s] Level 1:colcon.colcon_core.package_identification:_identify(src/moveit_task_constructor/rviz_marker_tools) by extensions ['ros']
[0.545s] Level 1:colcon.colcon_core.package_identification:_identify(src/moveit_task_constructor/rviz_marker_tools) by extension 'ros'
[0.545s] DEBUG:colcon.colcon_core.package_identification:Package 'src/moveit_task_constructor/rviz_marker_tools' with type 'ros.ament_cmake' and name 'rviz_marker_tools'
[0.546s] Level 1:colcon.colcon_core.package_identification:_identify(src/moveit_task_constructor/visualization) by extensions ['ignore', 'ignore_ament_install']
[0.546s] Level 1:colcon.colcon_core.package_identification:_identify(src/moveit_task_constructor/visualization) by extension 'ignore'
[0.546s] Level 1:colcon.colcon_core.package_identification:_identify(src/moveit_task_constructor/visualization) by extension 'ignore_ament_install'
[0.546s] Level 1:colcon.colcon_core.package_identification:_identify(src/moveit_task_constructor/visualization) by extensions ['colcon_pkg']
[0.546s] Level 1:colcon.colcon_core.package_identification:_identify(src/moveit_task_constructor/visualization) by extension 'colcon_pkg'
[0.546s] Level 1:colcon.colcon_core.package_identification:_identify(src/moveit_task_constructor/visualization) by extensions ['colcon_meta']
[0.546s] Level 1:colcon.colcon_core.package_identification:_identify(src/moveit_task_constructor/visualization) by extension 'colcon_meta'
[0.546s] Level 1:colcon.colcon_core.package_identification:_identify(src/moveit_task_constructor/visualization) by extensions ['ros']
[0.546s] Level 1:colcon.colcon_core.package_identification:_identify(src/moveit_task_constructor/visualization) by extension 'ros'
[0.547s] DEBUG:colcon.colcon_core.package_identification:Package 'src/moveit_task_constructor/visualization' with type 'ros.ament_cmake' and name 'moveit_task_constructor_visualization'
[0.547s] Level 1:colcon.colcon_core.package_identification:_identify(src/moveit_visual_tools) by extensions ['ignore', 'ignore_ament_install']
[0.547s] Level 1:colcon.colcon_core.package_identification:_identify(src/moveit_visual_tools) by extension 'ignore'
[0.547s] Level 1:colcon.colcon_core.package_identification:_identify(src/moveit_visual_tools) by extension 'ignore_ament_install'
[0.547s] Level 1:colcon.colcon_core.package_identification:_identify(src/moveit_visual_tools) by extensions ['colcon_pkg']
[0.547s] Level 1:colcon.colcon_core.package_identification:_identify(src/moveit_visual_tools) by extension 'colcon_pkg'
[0.547s] Level 1:colcon.colcon_core.package_identification:_identify(src/moveit_visual_tools) by extensions ['colcon_meta']
[0.547s] Level 1:colcon.colcon_core.package_identification:_identify(src/moveit_visual_tools) by extension 'colcon_meta'
[0.547s] Level 1:colcon.colcon_core.package_identification:_identify(src/moveit_visual_tools) by extensions ['ros']
[0.547s] Level 1:colcon.colcon_core.package_identification:_identify(src/moveit_visual_tools) by extension 'ros'
[0.548s] DEBUG:colcon.colcon_core.package_identification:Package 'src/moveit_visual_tools' with type 'ros.ament_cmake' and name 'moveit_visual_tools'
[0.548s] Level 1:colcon.colcon_core.package_identification:_identify(src/rosparam_shortcuts) by extensions ['ignore', 'ignore_ament_install']
[0.548s] Level 1:colcon.colcon_core.package_identification:_identify(src/rosparam_shortcuts) by extension 'ignore'
[0.548s] Level 1:colcon.colcon_core.package_identification:_identify(src/rosparam_shortcuts) by extension 'ignore_ament_install'
[0.548s] Level 1:colcon.colcon_core.package_identification:_identify(src/rosparam_shortcuts) by extensions ['colcon_pkg']
[0.548s] Level 1:colcon.colcon_core.package_identification:_identify(src/rosparam_shortcuts) by extension 'colcon_pkg'
[0.548s] Level 1:colcon.colcon_core.package_identification:_identify(src/rosparam_shortcuts) by extensions ['colcon_meta']
[0.548s] Level 1:colcon.colcon_core.package_identification:_identify(src/rosparam_shortcuts) by extension 'colcon_meta'
[0.548s] Level 1:colcon.colcon_core.package_identification:_identify(src/rosparam_shortcuts) by extensions ['ros']
[0.548s] Level 1:colcon.colcon_core.package_identification:_identify(src/rosparam_shortcuts) by extension 'ros'
[0.549s] DEBUG:colcon.colcon_core.package_identification:Package 'src/rosparam_shortcuts' with type 'ros.ament_cmake' and name 'rosparam_shortcuts'
[0.549s] Level 1:colcon.colcon_core.package_identification:_identify(src/srdfdom) by extensions ['ignore', 'ignore_ament_install']
[0.549s] Level 1:colcon.colcon_core.package_identification:_identify(src/srdfdom) by extension 'ignore'
[0.549s] Level 1:colcon.colcon_core.package_identification:_identify(src/srdfdom) by extension 'ignore_ament_install'
[0.549s] Level 1:colcon.colcon_core.package_identification:_identify(src/srdfdom) by extensions ['colcon_pkg']
[0.549s] Level 1:colcon.colcon_core.package_identification:_identify(src/srdfdom) by extension 'colcon_pkg'
[0.549s] Level 1:colcon.colcon_core.package_identification:_identify(src/srdfdom) by extensions ['colcon_meta']
[0.549s] Level 1:colcon.colcon_core.package_identification:_identify(src/srdfdom) by extension 'colcon_meta'
[0.549s] Level 1:colcon.colcon_core.package_identification:_identify(src/srdfdom) by extensions ['ros']
[0.549s] Level 1:colcon.colcon_core.package_identification:_identify(src/srdfdom) by extension 'ros'
[0.550s] DEBUG:colcon.colcon_core.package_identification:Package 'src/srdfdom' with type 'ros.ament_cmake' and name 'srdfdom'
[0.550s] Level 1:colcon.colcon_core.package_discovery:discover_packages(recursive) using defaults
[0.550s] Level 1:colcon.colcon_core.package_discovery:discover_packages(ignore) discover
[0.550s] Level 1:colcon.colcon_core.package_discovery:discover_packages(ignore) using defaults
[0.550s] Level 1:colcon.colcon_core.package_discovery:discover_packages(path) discover
[0.550s] Level 1:colcon.colcon_core.package_discovery:discover_packages(path) using defaults
[0.610s] Level 1:colcon.colcon_core.package_discovery:discover_packages(prefix_path) check parameters
[0.610s] Level 1:colcon.colcon_core.package_discovery:discover_packages(prefix_path) discover
[0.614s] DEBUG:colcon.colcon_installed_package_information.package_discovery:Found 413 installed packages in /opt/ros/humble
[0.615s] Level 1:colcon.colcon_core.package_discovery:discover_packages(prefix_path) using defaults
[0.654s] Level 5:colcon.colcon_core.verb:set package 'launch_param_builder' build argument 'cmake_args' from command line to '['-DCMAKE_BUILD_TYPE=Release']'
[0.654s] Level 5:colcon.colcon_core.verb:set package 'launch_param_builder' build argument 'cmake_target' from command line to 'None'
[0.654s] Level 5:colcon.colcon_core.verb:set package 'launch_param_builder' build argument 'cmake_target_skip_unavailable' from command line to 'False'
[0.654s] Level 5:colcon.colcon_core.verb:set package 'launch_param_builder' build argument 'cmake_clean_cache' from command line to 'False'
[0.654s] Level 5:colcon.colcon_core.verb:set package 'launch_param_builder' build argument 'cmake_clean_first' from command line to 'False'
[0.654s] Level 5:colcon.colcon_core.verb:set package 'launch_param_builder' build argument 'cmake_force_configure' from command line to 'False'
[0.654s] Level 5:colcon.colcon_core.verb:set package 'launch_param_builder' build argument 'ament_cmake_args' from command line to 'None'
[0.654s] Level 5:colcon.colcon_core.verb:set package 'launch_param_builder' build argument 'catkin_cmake_args' from command line to 'None'
[0.654s] Level 5:colcon.colcon_core.verb:set package 'launch_param_builder' build argument 'catkin_skip_building_tests' from command line to 'False'
[0.654s] DEBUG:colcon.colcon_core.verb:Building package 'launch_param_builder' with the following arguments: {'ament_cmake_args': None, 'build_base': '/home/jone/ws_moveit/build/launch_param_builder', 'catkin_cmake_args': None, 'catkin_skip_building_tests': False, 'cmake_args': ['-DCMAKE_BUILD_TYPE=Release'], 'cmake_clean_cache': False, 'cmake_clean_first': False, 'cmake_force_configure': False, 'cmake_target': None, 'cmake_target_skip_unavailable': False, 'install_base': '/home/jone/ws_moveit/install/launch_param_builder', 'merge_install': False, 'path': '/home/jone/ws_moveit/src/launch_param_builder', 'symlink_install': False, 'test_result_base': None}
[0.654s] Level 5:colcon.colcon_core.verb:set package 'moveit_common' build argument 'cmake_args' from command line to '['-DCMAKE_BUILD_TYPE=Release']'
[0.654s] Level 5:colcon.colcon_core.verb:set package 'moveit_common' build argument 'cmake_target' from command line to 'None'
[0.654s] Level 5:colcon.colcon_core.verb:set package 'moveit_common' build argument 'cmake_target_skip_unavailable' from command line to 'False'
[0.654s] Level 5:colcon.colcon_core.verb:set package 'moveit_common' build argument 'cmake_clean_cache' from command line to 'False'
[0.654s] Level 5:colcon.colcon_core.verb:set package 'moveit_common' build argument 'cmake_clean_first' from command line to 'False'
[0.654s] Level 5:colcon.colcon_core.verb:set package 'moveit_common' build argument 'cmake_force_configure' from command line to 'False'
[0.654s] Level 5:colcon.colcon_core.verb:set package 'moveit_common' build argument 'ament_cmake_args' from command line to 'None'
[0.654s] Level 5:colcon.colcon_core.verb:set package 'moveit_common' build argument 'catkin_cmake_args' from command line to 'None'
[0.654s] Level 5:colcon.colcon_core.verb:set package 'moveit_common' build argument 'catkin_skip_building_tests' from command line to 'False'
[0.654s] DEBUG:colcon.colcon_core.verb:Building package 'moveit_common' with the following arguments: {'ament_cmake_args': None, 'build_base': '/home/jone/ws_moveit/build/moveit_common', 'catkin_cmake_args': None, 'catkin_skip_building_tests': False, 'cmake_args': ['-DCMAKE_BUILD_TYPE=Release'], 'cmake_clean_cache': False, 'cmake_clean_first': False, 'cmake_force_configure': False, 'cmake_target': None, 'cmake_target_skip_unavailable': False, 'install_base': '/home/jone/ws_moveit/install/moveit_common', 'merge_install': False, 'path': '/home/jone/ws_moveit/src/moveit2/moveit_common', 'symlink_install': False, 'test_result_base': None}
[0.655s] Level 5:colcon.colcon_core.verb:set package 'moveit_resources_fanuc_description' build argument 'cmake_args' from command line to '['-DCMAKE_BUILD_TYPE=Release']'
[0.655s] Level 5:colcon.colcon_core.verb:set package 'moveit_resources_fanuc_description' build argument 'cmake_target' from command line to 'None'
[0.655s] Level 5:colcon.colcon_core.verb:set package 'moveit_resources_fanuc_description' build argument 'cmake_target_skip_unavailable' from command line to 'False'
[0.655s] Level 5:colcon.colcon_core.verb:set package 'moveit_resources_fanuc_description' build argument 'cmake_clean_cache' from command line to 'False'
[0.655s] Level 5:colcon.colcon_core.verb:set package 'moveit_resources_fanuc_description' build argument 'cmake_clean_first' from command line to 'False'
[0.655s] Level 5:colcon.colcon_core.verb:set package 'moveit_resources_fanuc_description' build argument 'cmake_force_configure' from command line to 'False'
[0.655s] Level 5:colcon.colcon_core.verb:set package 'moveit_resources_fanuc_description' build argument 'ament_cmake_args' from command line to 'None'
[0.655s] Level 5:colcon.colcon_core.verb:set package 'moveit_resources_fanuc_description' build argument 'catkin_cmake_args' from command line to 'None'
[0.655s] Level 5:colcon.colcon_core.verb:set package 'moveit_resources_fanuc_description' build argument 'catkin_skip_building_tests' from command line to 'False'
[0.655s] DEBUG:colcon.colcon_core.verb:Building package 'moveit_resources_fanuc_description' with the following arguments: {'ament_cmake_args': None, 'build_base': '/home/jone/ws_moveit/build/moveit_resources_fanuc_description', 'catkin_cmake_args': None, 'catkin_skip_building_tests': False, 'cmake_args': ['-DCMAKE_BUILD_TYPE=Release'], 'cmake_clean_cache': False, 'cmake_clean_first': False, 'cmake_force_configure': False, 'cmake_target': None, 'cmake_target_skip_unavailable': False, 'install_base': '/home/jone/ws_moveit/install/moveit_resources_fanuc_description', 'merge_install': False, 'path': '/home/jone/ws_moveit/src/moveit_resources/fanuc_description', 'symlink_install': False, 'test_result_base': None}
[0.655s] Level 5:colcon.colcon_core.verb:set package 'moveit_resources_panda_description' build argument 'cmake_args' from command line to '['-DCMAKE_BUILD_TYPE=Release']'
[0.655s] Level 5:colcon.colcon_core.verb:set package 'moveit_resources_panda_description' build argument 'cmake_target' from command line to 'None'
[0.655s] Level 5:colcon.colcon_core.verb:set package 'moveit_resources_panda_description' build argument 'cmake_target_skip_unavailable' from command line to 'False'
[0.655s] Level 5:colcon.colcon_core.verb:set package 'moveit_resources_panda_description' build argument 'cmake_clean_cache' from command line to 'False'
[0.655s] Level 5:colcon.colcon_core.verb:set package 'moveit_resources_panda_description' build argument 'cmake_clean_first' from command line to 'False'
[0.655s] Level 5:colcon.colcon_core.verb:set package 'moveit_resources_panda_description' build argument 'cmake_force_configure' from command line to 'False'
[0.655s] Level 5:colcon.colcon_core.verb:set package 'moveit_resources_panda_description' build argument 'ament_cmake_args' from command line to 'None'
[0.655s] Level 5:colcon.colcon_core.verb:set package 'moveit_resources_panda_description' build argument 'catkin_cmake_args' from command line to 'None'
[0.655s] Level 5:colcon.colcon_core.verb:set package 'moveit_resources_panda_description' build argument 'catkin_skip_building_tests' from command line to 'False'
[0.655s] DEBUG:colcon.colcon_core.verb:Building package 'moveit_resources_panda_description' with the following arguments: {'ament_cmake_args': None, 'build_base': '/home/jone/ws_moveit/build/moveit_resources_panda_description', 'catkin_cmake_args': None, 'catkin_skip_building_tests': False, 'cmake_args': ['-DCMAKE_BUILD_TYPE=Release'], 'cmake_clean_cache': False, 'cmake_clean_first': False, 'cmake_force_configure': False, 'cmake_target': None, 'cmake_target_skip_unavailable': False, 'install_base': '/home/jone/ws_moveit/install/moveit_resources_panda_description', 'merge_install': False, 'path': '/home/jone/ws_moveit/src/moveit_resources/panda_description', 'symlink_install': False, 'test_result_base': None}
[0.656s] Level 5:colcon.colcon_core.verb:set package 'moveit_resources_pr2_description' build argument 'cmake_args' from command line to '['-DCMAKE_BUILD_TYPE=Release']'
[0.656s] Level 5:colcon.colcon_core.verb:set package 'moveit_resources_pr2_description' build argument 'cmake_target' from command line to 'None'
[0.656s] Level 5:colcon.colcon_core.verb:set package 'moveit_resources_pr2_description' build argument 'cmake_target_skip_unavailable' from command line to 'False'
[0.656s] Level 5:colcon.colcon_core.verb:set package 'moveit_resources_pr2_description' build argument 'cmake_clean_cache' from command line to 'False'
[0.656s] Level 5:colcon.colcon_core.verb:set package 'moveit_resources_pr2_description' build argument 'cmake_clean_first' from command line to 'False'
[0.656s] Level 5:colcon.colcon_core.verb:set package 'moveit_resources_pr2_description' build argument 'cmake_force_configure' from command line to 'False'
[0.656s] Level 5:colcon.colcon_core.verb:set package 'moveit_resources_pr2_description' build argument 'ament_cmake_args' from command line to 'None'
[0.656s] Level 5:colcon.colcon_core.verb:set package 'moveit_resources_pr2_description' build argument 'catkin_cmake_args' from command line to 'None'
[0.656s] Level 5:colcon.colcon_core.verb:set package 'moveit_resources_pr2_description' build argument 'catkin_skip_building_tests' from command line to 'False'
[0.656s] DEBUG:colcon.colcon_core.verb:Building package 'moveit_resources_pr2_description' with the following arguments: {'ament_cmake_args': None, 'build_base': '/home/jone/ws_moveit/build/moveit_resources_pr2_description', 'catkin_cmake_args': None, 'catkin_skip_building_tests': False, 'cmake_args': ['-DCMAKE_BUILD_TYPE=Release'], 'cmake_clean_cache': False, 'cmake_clean_first': False, 'cmake_force_configure': False, 'cmake_target': None, 'cmake_target_skip_unavailable': False, 'install_base': '/home/jone/ws_moveit/install/moveit_resources_pr2_description', 'merge_install': False, 'path': '/home/jone/ws_moveit/src/moveit_resources/pr2_description', 'symlink_install': False, 'test_result_base': None}
[0.656s] Level 5:colcon.colcon_core.verb:set package 'moveit_resources_prbt_support' build argument 'cmake_args' from command line to '['-DCMAKE_BUILD_TYPE=Release']'
[0.656s] Level 5:colcon.colcon_core.verb:set package 'moveit_resources_prbt_support' build argument 'cmake_target' from command line to 'None'
[0.656s] Level 5:colcon.colcon_core.verb:set package 'moveit_resources_prbt_support' build argument 'cmake_target_skip_unavailable' from command line to 'False'
[0.656s] Level 5:colcon.colcon_core.verb:set package 'moveit_resources_prbt_support' build argument 'cmake_clean_cache' from command line to 'False'
[0.656s] Level 5:colcon.colcon_core.verb:set package 'moveit_resources_prbt_support' build argument 'cmake_clean_first' from command line to 'False'
[0.656s] Level 5:colcon.colcon_core.verb:set package 'moveit_resources_prbt_support' build argument 'cmake_force_configure' from command line to 'False'
[0.656s] Level 5:colcon.colcon_core.verb:set package 'moveit_resources_prbt_support' build argument 'ament_cmake_args' from command line to 'None'
[0.656s] Level 5:colcon.colcon_core.verb:set package 'moveit_resources_prbt_support' build argument 'catkin_cmake_args' from command line to 'None'
[0.656s] Level 5:colcon.colcon_core.verb:set package 'moveit_resources_prbt_support' build argument 'catkin_skip_building_tests' from command line to 'False'
[0.656s] DEBUG:colcon.colcon_core.verb:Building package 'moveit_resources_prbt_support' with the following arguments: {'ament_cmake_args': None, 'build_base': '/home/jone/ws_moveit/build/moveit_resources_prbt_support', 'catkin_cmake_args': None, 'catkin_skip_building_tests': False, 'cmake_args': ['-DCMAKE_BUILD_TYPE=Release'], 'cmake_clean_cache': False, 'cmake_clean_first': False, 'cmake_force_configure': False, 'cmake_target': None, 'cmake_target_skip_unavailable': False, 'install_base': '/home/jone/ws_moveit/install/moveit_resources_prbt_support', 'merge_install': False, 'path': '/home/jone/ws_moveit/src/moveit2/moveit_planners/test_configs/prbt_support', 'symlink_install': False, 'test_result_base': None}
[0.656s] Level 5:colcon.colcon_core.verb:set package 'moveit_task_constructor_msgs' build argument 'cmake_args' from command line to '['-DCMAKE_BUILD_TYPE=Release']'
[0.656s] Level 5:colcon.colcon_core.verb:set package 'moveit_task_constructor_msgs' build argument 'cmake_target' from command line to 'None'
[0.656s] Level 5:colcon.colcon_core.verb:set package 'moveit_task_constructor_msgs' build argument 'cmake_target_skip_unavailable' from command line to 'False'
[0.656s] Level 5:colcon.colcon_core.verb:set package 'moveit_task_constructor_msgs' build argument 'cmake_clean_cache' from command line to 'False'
[0.656s] Level 5:colcon.colcon_core.verb:set package 'moveit_task_constructor_msgs' build argument 'cmake_clean_first' from command line to 'False'
[0.656s] Level 5:colcon.colcon_core.verb:set package 'moveit_task_constructor_msgs' build argument 'cmake_force_configure' from command line to 'False'
[0.656s] Level 5:colcon.colcon_core.verb:set package 'moveit_task_constructor_msgs' build argument 'ament_cmake_args' from command line to 'None'
[0.657s] Level 5:colcon.colcon_core.verb:set package 'moveit_task_constructor_msgs' build argument 'catkin_cmake_args' from command line to 'None'
[0.657s] Level 5:colcon.colcon_core.verb:set package 'moveit_task_constructor_msgs' build argument 'catkin_skip_building_tests' from command line to 'False'
[0.657s] DEBUG:colcon.colcon_core.verb:Building package 'moveit_task_constructor_msgs' with the following arguments: {'ament_cmake_args': None, 'build_base': '/home/jone/ws_moveit/build/moveit_task_constructor_msgs', 'catkin_cmake_args': None, 'catkin_skip_building_tests': False, 'cmake_args': ['-DCMAKE_BUILD_TYPE=Release'], 'cmake_clean_cache': False, 'cmake_clean_first': False, 'cmake_force_configure': False, 'cmake_target': None, 'cmake_target_skip_unavailable': False, 'install_base': '/home/jone/ws_moveit/install/moveit_task_constructor_msgs', 'merge_install': False, 'path': '/home/jone/ws_moveit/src/moveit_task_constructor/msgs', 'symlink_install': False, 'test_result_base': None}
[0.657s] Level 5:colcon.colcon_core.verb:set package 'rosparam_shortcuts' build argument 'cmake_args' from command line to '['-DCMAKE_BUILD_TYPE=Release']'
[0.657s] Level 5:colcon.colcon_core.verb:set package 'rosparam_shortcuts' build argument 'cmake_target' from command line to 'None'
[0.657s] Level 5:colcon.colcon_core.verb:set package 'rosparam_shortcuts' build argument 'cmake_target_skip_unavailable' from command line to 'False'
[0.657s] Level 5:colcon.colcon_core.verb:set package 'rosparam_shortcuts' build argument 'cmake_clean_cache' from command line to 'False'
[0.657s] Level 5:colcon.colcon_core.verb:set package 'rosparam_shortcuts' build argument 'cmake_clean_first' from command line to 'False'
[0.657s] Level 5:colcon.colcon_core.verb:set package 'rosparam_shortcuts' build argument 'cmake_force_configure' from command line to 'False'
[0.657s] Level 5:colcon.colcon_core.verb:set package 'rosparam_shortcuts' build argument 'ament_cmake_args' from command line to 'None'
[0.657s] Level 5:colcon.colcon_core.verb:set package 'rosparam_shortcuts' build argument 'catkin_cmake_args' from command line to 'None'
[0.657s] Level 5:colcon.colcon_core.verb:set package 'rosparam_shortcuts' build argument 'catkin_skip_building_tests' from command line to 'False'
[0.657s] DEBUG:colcon.colcon_core.verb:Building package 'rosparam_shortcuts' with the following arguments: {'ament_cmake_args': None, 'build_base': '/home/jone/ws_moveit/build/rosparam_shortcuts', 'catkin_cmake_args': None, 'catkin_skip_building_tests': False, 'cmake_args': ['-DCMAKE_BUILD_TYPE=Release'], 'cmake_clean_cache': False, 'cmake_clean_first': False, 'cmake_force_configure': False, 'cmake_target': None, 'cmake_target_skip_unavailable': False, 'install_base': '/home/jone/ws_moveit/install/rosparam_shortcuts', 'merge_install': False, 'path': '/home/jone/ws_moveit/src/rosparam_shortcuts', 'symlink_install': False, 'test_result_base': None}
[0.657s] Level 5:colcon.colcon_core.verb:set package 'srdfdom' build argument 'cmake_args' from command line to '['-DCMAKE_BUILD_TYPE=Release']'
[0.657s] Level 5:colcon.colcon_core.verb:set package 'srdfdom' build argument 'cmake_target' from command line to 'None'
[0.657s] Level 5:colcon.colcon_core.verb:set package 'srdfdom' build argument 'cmake_target_skip_unavailable' from command line to 'False'
[0.657s] Level 5:colcon.colcon_core.verb:set package 'srdfdom' build argument 'cmake_clean_cache' from command line to 'False'
[0.657s] Level 5:colcon.colcon_core.verb:set package 'srdfdom' build argument 'cmake_clean_first' from command line to 'False'
[0.657s] Level 5:colcon.colcon_core.verb:set package 'srdfdom' build argument 'cmake_force_configure' from command line to 'False'
[0.657s] Level 5:colcon.colcon_core.verb:set package 'srdfdom' build argument 'ament_cmake_args' from command line to 'None'
[0.657s] Level 5:colcon.colcon_core.verb:set package 'srdfdom' build argument 'catkin_cmake_args' from command line to 'None'
[0.657s] Level 5:colcon.colcon_core.verb:set package 'srdfdom' build argument 'catkin_skip_building_tests' from command line to 'False'
[0.657s] DEBUG:colcon.colcon_core.verb:Building package 'srdfdom' with the following arguments: {'ament_cmake_args': None, 'build_base': '/home/jone/ws_moveit/build/srdfdom', 'catkin_cmake_args': None, 'catkin_skip_building_tests': False, 'cmake_args': ['-DCMAKE_BUILD_TYPE=Release'], 'cmake_clean_cache': False, 'cmake_clean_first': False, 'cmake_force_configure': False, 'cmake_target': None, 'cmake_target_skip_unavailable': False, 'install_base': '/home/jone/ws_moveit/install/srdfdom', 'merge_install': False, 'path': '/home/jone/ws_moveit/src/srdfdom', 'symlink_install': False, 'test_result_base': None}
[0.658s] Level 5:colcon.colcon_core.verb:set package 'moveit_configs_utils' build argument 'cmake_args' from command line to '['-DCMAKE_BUILD_TYPE=Release']'
[0.658s] Level 5:colcon.colcon_core.verb:set package 'moveit_configs_utils' build argument 'cmake_target' from command line to 'None'
[0.658s] Level 5:colcon.colcon_core.verb:set package 'moveit_configs_utils' build argument 'cmake_target_skip_unavailable' from command line to 'False'
[0.658s] Level 5:colcon.colcon_core.verb:set package 'moveit_configs_utils' build argument 'cmake_clean_cache' from command line to 'False'
[0.658s] Level 5:colcon.colcon_core.verb:set package 'moveit_configs_utils' build argument 'cmake_clean_first' from command line to 'False'
[0.658s] Level 5:colcon.colcon_core.verb:set package 'moveit_configs_utils' build argument 'cmake_force_configure' from command line to 'False'
[0.658s] Level 5:colcon.colcon_core.verb:set package 'moveit_configs_utils' build argument 'ament_cmake_args' from command line to 'None'
[0.658s] Level 5:colcon.colcon_core.verb:set package 'moveit_configs_utils' build argument 'catkin_cmake_args' from command line to 'None'
[0.658s] Level 5:colcon.colcon_core.verb:set package 'moveit_configs_utils' build argument 'catkin_skip_building_tests' from command line to 'False'
[0.658s] DEBUG:colcon.colcon_core.verb:Building package 'moveit_configs_utils' with the following arguments: {'ament_cmake_args': None, 'build_base': '/home/jone/ws_moveit/build/moveit_configs_utils', 'catkin_cmake_args': None, 'catkin_skip_building_tests': False, 'cmake_args': ['-DCMAKE_BUILD_TYPE=Release'], 'cmake_clean_cache': False, 'cmake_clean_first': False, 'cmake_force_configure': False, 'cmake_target': None, 'cmake_target_skip_unavailable': False, 'install_base': '/home/jone/ws_moveit/install/moveit_configs_utils', 'merge_install': False, 'path': '/home/jone/ws_moveit/src/moveit2/moveit_configs_utils', 'symlink_install': False, 'test_result_base': None}
[0.658s] Level 5:colcon.colcon_core.verb:set package 'moveit_resources_fanuc_moveit_config' build argument 'cmake_args' from command line to '['-DCMAKE_BUILD_TYPE=Release']'
[0.658s] Level 5:colcon.colcon_core.verb:set package 'moveit_resources_fanuc_moveit_config' build argument 'cmake_target' from command line to 'None'
[0.658s] Level 5:colcon.colcon_core.verb:set package 'moveit_resources_fanuc_moveit_config' build argument 'cmake_target_skip_unavailable' from command line to 'False'
[0.658s] Level 5:colcon.colcon_core.verb:set package 'moveit_resources_fanuc_moveit_config' build argument 'cmake_clean_cache' from command line to 'False'
[0.658s] Level 5:colcon.colcon_core.verb:set package 'moveit_resources_fanuc_moveit_config' build argument 'cmake_clean_first' from command line to 'False'
[0.658s] Level 5:colcon.colcon_core.verb:set package 'moveit_resources_fanuc_moveit_config' build argument 'cmake_force_configure' from command line to 'False'
[0.658s] Level 5:colcon.colcon_core.verb:set package 'moveit_resources_fanuc_moveit_config' build argument 'ament_cmake_args' from command line to 'None'
[0.658s] Level 5:colcon.colcon_core.verb:set package 'moveit_resources_fanuc_moveit_config' build argument 'catkin_cmake_args' from command line to 'None'
[0.658s] Level 5:colcon.colcon_core.verb:set package 'moveit_resources_fanuc_moveit_config' build argument 'catkin_skip_building_tests' from command line to 'False'
[0.658s] DEBUG:colcon.colcon_core.verb:Building package 'moveit_resources_fanuc_moveit_config' with the following arguments: {'ament_cmake_args': None, 'build_base': '/home/jone/ws_moveit/build/moveit_resources_fanuc_moveit_config', 'catkin_cmake_args': None, 'catkin_skip_building_tests': False, 'cmake_args': ['-DCMAKE_BUILD_TYPE=Release'], 'cmake_clean_cache': False, 'cmake_clean_first': False, 'cmake_force_configure': False, 'cmake_target': None, 'cmake_target_skip_unavailable': False, 'install_base': '/home/jone/ws_moveit/install/moveit_resources_fanuc_moveit_config', 'merge_install': False, 'path': '/home/jone/ws_moveit/src/moveit_resources/fanuc_moveit_config', 'symlink_install': False, 'test_result_base': None}
[0.658s] Level 5:colcon.colcon_core.verb:set package 'moveit_resources_panda_moveit_config' build argument 'cmake_args' from command line to '['-DCMAKE_BUILD_TYPE=Release']'
[0.658s] Level 5:colcon.colcon_core.verb:set package 'moveit_resources_panda_moveit_config' build argument 'cmake_target' from command line to 'None'
[0.658s] Level 5:colcon.colcon_core.verb:set package 'moveit_resources_panda_moveit_config' build argument 'cmake_target_skip_unavailable' from command line to 'False'
[0.658s] Level 5:colcon.colcon_core.verb:set package 'moveit_resources_panda_moveit_config' build argument 'cmake_clean_cache' from command line to 'False'
[0.658s] Level 5:colcon.colcon_core.verb:set package 'moveit_resources_panda_moveit_config' build argument 'cmake_clean_first' from command line to 'False'
[0.658s] Level 5:colcon.colcon_core.verb:set package 'moveit_resources_panda_moveit_config' build argument 'cmake_force_configure' from command line to 'False'
[0.658s] Level 5:colcon.colcon_core.verb:set package 'moveit_resources_panda_moveit_config' build argument 'ament_cmake_args' from command line to 'None'
[0.658s] Level 5:colcon.colcon_core.verb:set package 'moveit_resources_panda_moveit_config' build argument 'catkin_cmake_args' from command line to 'None'
[0.659s] Level 5:colcon.colcon_core.verb:set package 'moveit_resources_panda_moveit_config' build argument 'catkin_skip_building_tests' from command line to 'False'
[0.659s] DEBUG:colcon.colcon_core.verb:Building package 'moveit_resources_panda_moveit_config' with the following arguments: {'ament_cmake_args': None, 'build_base': '/home/jone/ws_moveit/build/moveit_resources_panda_moveit_config', 'catkin_cmake_args': None, 'catkin_skip_building_tests': False, 'cmake_args': ['-DCMAKE_BUILD_TYPE=Release'], 'cmake_clean_cache': False, 'cmake_clean_first': False, 'cmake_force_configure': False, 'cmake_target': None, 'cmake_target_skip_unavailable': False, 'install_base': '/home/jone/ws_moveit/install/moveit_resources_panda_moveit_config', 'merge_install': False, 'path': '/home/jone/ws_moveit/src/moveit_resources/panda_moveit_config', 'symlink_install': False, 'test_result_base': None}
[0.659s] Level 5:colcon.colcon_core.verb:set package 'rviz_marker_tools' build argument 'cmake_args' from command line to '['-DCMAKE_BUILD_TYPE=Release']'
[0.659s] Level 5:colcon.colcon_core.verb:set package 'rviz_marker_tools' build argument 'cmake_target' from command line to 'None'
[0.659s] Level 5:colcon.colcon_core.verb:set package 'rviz_marker_tools' build argument 'cmake_target_skip_unavailable' from command line to 'False'
[0.659s] Level 5:colcon.colcon_core.verb:set package 'rviz_marker_tools' build argument 'cmake_clean_cache' from command line to 'False'
[0.659s] Level 5:colcon.colcon_core.verb:set package 'rviz_marker_tools' build argument 'cmake_clean_first' from command line to 'False'
[0.659s] Level 5:colcon.colcon_core.verb:set package 'rviz_marker_tools' build argument 'cmake_force_configure' from command line to 'False'
[0.659s] Level 5:colcon.colcon_core.verb:set package 'rviz_marker_tools' build argument 'ament_cmake_args' from command line to 'None'
[0.659s] Level 5:colcon.colcon_core.verb:set package 'rviz_marker_tools' build argument 'catkin_cmake_args' from command line to 'None'
[0.659s] Level 5:colcon.colcon_core.verb:set package 'rviz_marker_tools' build argument 'catkin_skip_building_tests' from command line to 'False'
[0.659s] DEBUG:colcon.colcon_core.verb:Building package 'rviz_marker_tools' with the following arguments: {'ament_cmake_args': None, 'build_base': '/home/jone/ws_moveit/build/rviz_marker_tools', 'catkin_cmake_args': None, 'catkin_skip_building_tests': False, 'cmake_args': ['-DCMAKE_BUILD_TYPE=Release'], 'cmake_clean_cache': False, 'cmake_clean_first': False, 'cmake_force_configure': False, 'cmake_target': None, 'cmake_target_skip_unavailable': False, 'install_base': '/home/jone/ws_moveit/install/rviz_marker_tools', 'merge_install': False, 'path': '/home/jone/ws_moveit/src/moveit_task_constructor/rviz_marker_tools', 'symlink_install': False, 'test_result_base': None}
[0.659s] Level 5:colcon.colcon_core.verb:set package 'moveit_core' build argument 'cmake_args' from command line to '['-DCMAKE_BUILD_TYPE=Release']'
[0.659s] Level 5:colcon.colcon_core.verb:set package 'moveit_core' build argument 'cmake_target' from command line to 'None'
[0.659s] Level 5:colcon.colcon_core.verb:set package 'moveit_core' build argument 'cmake_target_skip_unavailable' from command line to 'False'
[0.659s] Level 5:colcon.colcon_core.verb:set package 'moveit_core' build argument 'cmake_clean_cache' from command line to 'False'
[0.659s] Level 5:colcon.colcon_core.verb:set package 'moveit_core' build argument 'cmake_clean_first' from command line to 'False'
[0.659s] Level 5:colcon.colcon_core.verb:set package 'moveit_core' build argument 'cmake_force_configure' from command line to 'False'
[0.659s] Level 5:colcon.colcon_core.verb:set package 'moveit_core' build argument 'ament_cmake_args' from command line to 'None'
[0.659s] Level 5:colcon.colcon_core.verb:set package 'moveit_core' build argument 'catkin_cmake_args' from command line to 'None'
[0.659s] Level 5:colcon.colcon_core.verb:set package 'moveit_core' build argument 'catkin_skip_building_tests' from command line to 'False'
[0.659s] DEBUG:colcon.colcon_core.verb:Building package 'moveit_core' with the following arguments: {'ament_cmake_args': None, 'build_base': '/home/jone/ws_moveit/build/moveit_core', 'catkin_cmake_args': None, 'catkin_skip_building_tests': False, 'cmake_args': ['-DCMAKE_BUILD_TYPE=Release'], 'cmake_clean_cache': False, 'cmake_clean_first': False, 'cmake_force_configure': False, 'cmake_target': None, 'cmake_target_skip_unavailable': False, 'install_base': '/home/jone/ws_moveit/install/moveit_core', 'merge_install': False, 'path': '/home/jone/ws_moveit/src/moveit2/moveit_core', 'symlink_install': False, 'test_result_base': None}
[0.660s] Level 5:colcon.colcon_core.verb:set package 'moveit_resources' build argument 'cmake_args' from command line to '['-DCMAKE_BUILD_TYPE=Release']'
[0.660s] Level 5:colcon.colcon_core.verb:set package 'moveit_resources' build argument 'cmake_target' from command line to 'None'
[0.660s] Level 5:colcon.colcon_core.verb:set package 'moveit_resources' build argument 'cmake_target_skip_unavailable' from command line to 'False'
[0.660s] Level 5:colcon.colcon_core.verb:set package 'moveit_resources' build argument 'cmake_clean_cache' from command line to 'False'
[0.660s] Level 5:colcon.colcon_core.verb:set package 'moveit_resources' build argument 'cmake_clean_first' from command line to 'False'
[0.660s] Level 5:colcon.colcon_core.verb:set package 'moveit_resources' build argument 'cmake_force_configure' from command line to 'False'
[0.660s] Level 5:colcon.colcon_core.verb:set package 'moveit_resources' build argument 'ament_cmake_args' from command line to 'None'
[0.660s] Level 5:colcon.colcon_core.verb:set package 'moveit_resources' build argument 'catkin_cmake_args' from command line to 'None'
[0.660s] Level 5:colcon.colcon_core.verb:set package 'moveit_resources' build argument 'catkin_skip_building_tests' from command line to 'False'
[0.660s] DEBUG:colcon.colcon_core.verb:Building package 'moveit_resources' with the following arguments: {'ament_cmake_args': None, 'build_base': '/home/jone/ws_moveit/build/moveit_resources', 'catkin_cmake_args': None, 'catkin_skip_building_tests': False, 'cmake_args': ['-DCMAKE_BUILD_TYPE=Release'], 'cmake_clean_cache': False, 'cmake_clean_first': False, 'cmake_force_configure': False, 'cmake_target': None, 'cmake_target_skip_unavailable': False, 'install_base': '/home/jone/ws_moveit/install/moveit_resources', 'merge_install': False, 'path': '/home/jone/ws_moveit/src/moveit_resources/moveit_resources', 'symlink_install': False, 'test_result_base': None}
[0.660s] Level 5:colcon.colcon_core.verb:set package 'chomp_motion_planner' build argument 'cmake_args' from command line to '['-DCMAKE_BUILD_TYPE=Release']'
[0.660s] Level 5:colcon.colcon_core.verb:set package 'chomp_motion_planner' build argument 'cmake_target' from command line to 'None'
[0.660s] Level 5:colcon.colcon_core.verb:set package 'chomp_motion_planner' build argument 'cmake_target_skip_unavailable' from command line to 'False'
[0.660s] Level 5:colcon.colcon_core.verb:set package 'chomp_motion_planner' build argument 'cmake_clean_cache' from command line to 'False'
[0.660s] Level 5:colcon.colcon_core.verb:set package 'chomp_motion_planner' build argument 'cmake_clean_first' from command line to 'False'
[0.660s] Level 5:colcon.colcon_core.verb:set package 'chomp_motion_planner' build argument 'cmake_force_configure' from command line to 'False'
[0.660s] Level 5:colcon.colcon_core.verb:set package 'chomp_motion_planner' build argument 'ament_cmake_args' from command line to 'None'
[0.660s] Level 5:colcon.colcon_core.verb:set package 'chomp_motion_planner' build argument 'catkin_cmake_args' from command line to 'None'
[0.660s] Level 5:colcon.colcon_core.verb:set package 'chomp_motion_planner' build argument 'catkin_skip_building_tests' from command line to 'False'
[0.660s] DEBUG:colcon.colcon_core.verb:Building package 'chomp_motion_planner' with the following arguments: {'ament_cmake_args': None, 'build_base': '/home/jone/ws_moveit/build/chomp_motion_planner', 'catkin_cmake_args': None, 'catkin_skip_building_tests': False, 'cmake_args': ['-DCMAKE_BUILD_TYPE=Release'], 'cmake_clean_cache': False, 'cmake_clean_first': False, 'cmake_force_configure': False, 'cmake_target': None, 'cmake_target_skip_unavailable': False, 'install_base': '/home/jone/ws_moveit/install/chomp_motion_planner', 'merge_install': False, 'path': '/home/jone/ws_moveit/src/moveit2/moveit_planners/chomp/chomp_motion_planner', 'symlink_install': False, 'test_result_base': None}
[0.660s] Level 5:colcon.colcon_core.verb:set package 'moveit_resources_prbt_ikfast_manipulator_plugin' build argument 'cmake_args' from command line to '['-DCMAKE_BUILD_TYPE=Release']'
[0.660s] Level 5:colcon.colcon_core.verb:set package 'moveit_resources_prbt_ikfast_manipulator_plugin' build argument 'cmake_target' from command line to 'None'
[0.660s] Level 5:colcon.colcon_core.verb:set package 'moveit_resources_prbt_ikfast_manipulator_plugin' build argument 'cmake_target_skip_unavailable' from command line to 'False'
[0.660s] Level 5:colcon.colcon_core.verb:set package 'moveit_resources_prbt_ikfast_manipulator_plugin' build argument 'cmake_clean_cache' from command line to 'False'
[0.660s] Level 5:colcon.colcon_core.verb:set package 'moveit_resources_prbt_ikfast_manipulator_plugin' build argument 'cmake_clean_first' from command line to 'False'
[0.660s] Level 5:colcon.colcon_core.verb:set package 'moveit_resources_prbt_ikfast_manipulator_plugin' build argument 'cmake_force_configure' from command line to 'False'
[0.660s] Level 5:colcon.colcon_core.verb:set package 'moveit_resources_prbt_ikfast_manipulator_plugin' build argument 'ament_cmake_args' from command line to 'None'
[0.660s] Level 5:colcon.colcon_core.verb:set package 'moveit_resources_prbt_ikfast_manipulator_plugin' build argument 'catkin_cmake_args' from command line to 'None'
[0.660s] Level 5:colcon.colcon_core.verb:set package 'moveit_resources_prbt_ikfast_manipulator_plugin' build argument 'catkin_skip_building_tests' from command line to 'False'
[0.660s] DEBUG:colcon.colcon_core.verb:Building package 'moveit_resources_prbt_ikfast_manipulator_plugin' with the following arguments: {'ament_cmake_args': None, 'build_base': '/home/jone/ws_moveit/build/moveit_resources_prbt_ikfast_manipulator_plugin', 'catkin_cmake_args': None, 'catkin_skip_building_tests': False, 'cmake_args': ['-DCMAKE_BUILD_TYPE=Release'], 'cmake_clean_cache': False, 'cmake_clean_first': False, 'cmake_force_configure': False, 'cmake_target': None, 'cmake_target_skip_unavailable': False, 'install_base': '/home/jone/ws_moveit/install/moveit_resources_prbt_ikfast_manipulator_plugin', 'merge_install': False, 'path': '/home/jone/ws_moveit/src/moveit2/moveit_planners/test_configs/prbt_ikfast_manipulator_plugin', 'symlink_install': False, 'test_result_base': None}
[0.661s] Level 5:colcon.colcon_core.verb:set package 'moveit_ros_occupancy_map_monitor' build argument 'cmake_args' from command line to '['-DCMAKE_BUILD_TYPE=Release']'
[0.661s] Level 5:colcon.colcon_core.verb:set package 'moveit_ros_occupancy_map_monitor' build argument 'cmake_target' from command line to 'None'
[0.661s] Level 5:colcon.colcon_core.verb:set package 'moveit_ros_occupancy_map_monitor' build argument 'cmake_target_skip_unavailable' from command line to 'False'
[0.661s] Level 5:colcon.colcon_core.verb:set package 'moveit_ros_occupancy_map_monitor' build argument 'cmake_clean_cache' from command line to 'False'
[0.661s] Level 5:colcon.colcon_core.verb:set package 'moveit_ros_occupancy_map_monitor' build argument 'cmake_clean_first' from command line to 'False'
[0.661s] Level 5:colcon.colcon_core.verb:set package 'moveit_ros_occupancy_map_monitor' build argument 'cmake_force_configure' from command line to 'False'
[0.661s] Level 5:colcon.colcon_core.verb:set package 'moveit_ros_occupancy_map_monitor' build argument 'ament_cmake_args' from command line to 'None'
[0.661s] Level 5:colcon.colcon_core.verb:set package 'moveit_ros_occupancy_map_monitor' build argument 'catkin_cmake_args' from command line to 'None'
[0.661s] Level 5:colcon.colcon_core.verb:set package 'moveit_ros_occupancy_map_monitor' build argument 'catkin_skip_building_tests' from command line to 'False'
[0.661s] DEBUG:colcon.colcon_core.verb:Building package 'moveit_ros_occupancy_map_monitor' with the following arguments: {'ament_cmake_args': None, 'build_base': '/home/jone/ws_moveit/build/moveit_ros_occupancy_map_monitor', 'catkin_cmake_args': None, 'catkin_skip_building_tests': False, 'cmake_args': ['-DCMAKE_BUILD_TYPE=Release'], 'cmake_clean_cache': False, 'cmake_clean_first': False, 'cmake_force_configure': False, 'cmake_target': None, 'cmake_target_skip_unavailable': False, 'install_base': '/home/jone/ws_moveit/install/moveit_ros_occupancy_map_monitor', 'merge_install': False, 'path': '/home/jone/ws_moveit/src/moveit2/moveit_ros/occupancy_map_monitor', 'symlink_install': False, 'test_result_base': None}
[0.661s] Level 5:colcon.colcon_core.verb:set package 'moveit_simple_controller_manager' build argument 'cmake_args' from command line to '['-DCMAKE_BUILD_TYPE=Release']'
[0.661s] Level 5:colcon.colcon_core.verb:set package 'moveit_simple_controller_manager' build argument 'cmake_target' from command line to 'None'
[0.661s] Level 5:colcon.colcon_core.verb:set package 'moveit_simple_controller_manager' build argument 'cmake_target_skip_unavailable' from command line to 'False'
[0.661s] Level 5:colcon.colcon_core.verb:set package 'moveit_simple_controller_manager' build argument 'cmake_clean_cache' from command line to 'False'
[0.661s] Level 5:colcon.colcon_core.verb:set package 'moveit_simple_controller_manager' build argument 'cmake_clean_first' from command line to 'False'
[0.661s] Level 5:colcon.colcon_core.verb:set package 'moveit_simple_controller_manager' build argument 'cmake_force_configure' from command line to 'False'
[0.661s] Level 5:colcon.colcon_core.verb:set package 'moveit_simple_controller_manager' build argument 'ament_cmake_args' from command line to 'None'
[0.661s] Level 5:colcon.colcon_core.verb:set package 'moveit_simple_controller_manager' build argument 'catkin_cmake_args' from command line to 'None'
[0.661s] Level 5:colcon.colcon_core.verb:set package 'moveit_simple_controller_manager' build argument 'catkin_skip_building_tests' from command line to 'False'
[0.661s] DEBUG:colcon.colcon_core.verb:Building package 'moveit_simple_controller_manager' with the following arguments: {'ament_cmake_args': None, 'build_base': '/home/jone/ws_moveit/build/moveit_simple_controller_manager', 'catkin_cmake_args': None, 'catkin_skip_building_tests': False, 'cmake_args': ['-DCMAKE_BUILD_TYPE=Release'], 'cmake_clean_cache': False, 'cmake_clean_first': False, 'cmake_force_configure': False, 'cmake_target': None, 'cmake_target_skip_unavailable': False, 'install_base': '/home/jone/ws_moveit/install/moveit_simple_controller_manager', 'merge_install': False, 'path': '/home/jone/ws_moveit/src/moveit2/moveit_plugins/moveit_simple_controller_manager', 'symlink_install': False, 'test_result_base': None}
[0.661s] Level 5:colcon.colcon_core.verb:set package 'pilz_industrial_motion_planner_testutils' build argument 'cmake_args' from command line to '['-DCMAKE_BUILD_TYPE=Release']'
[0.662s] Level 5:colcon.colcon_core.verb:set package 'pilz_industrial_motion_planner_testutils' build argument 'cmake_target' from command line to 'None'
[0.662s] Level 5:colcon.colcon_core.verb:set package 'pilz_industrial_motion_planner_testutils' build argument 'cmake_target_skip_unavailable' from command line to 'False'
[0.662s] Level 5:colcon.colcon_core.verb:set package 'pilz_industrial_motion_planner_testutils' build argument 'cmake_clean_cache' from command line to 'False'
[0.662s] Level 5:colcon.colcon_core.verb:set package 'pilz_industrial_motion_planner_testutils' build argument 'cmake_clean_first' from command line to 'False'
[0.662s] Level 5:colcon.colcon_core.verb:set package 'pilz_industrial_motion_planner_testutils' build argument 'cmake_force_configure' from command line to 'False'
[0.662s] Level 5:colcon.colcon_core.verb:set package 'pilz_industrial_motion_planner_testutils' build argument 'ament_cmake_args' from command line to 'None'
[0.662s] Level 5:colcon.colcon_core.verb:set package 'pilz_industrial_motion_planner_testutils' build argument 'catkin_cmake_args' from command line to 'None'
[0.662s] Level 5:colcon.colcon_core.verb:set package 'pilz_industrial_motion_planner_testutils' build argument 'catkin_skip_building_tests' from command line to 'False'
[0.662s] DEBUG:colcon.colcon_core.verb:Building package 'pilz_industrial_motion_planner_testutils' with the following arguments: {'ament_cmake_args': None, 'build_base': '/home/jone/ws_moveit/build/pilz_industrial_motion_planner_testutils', 'catkin_cmake_args': None, 'catkin_skip_building_tests': False, 'cmake_args': ['-DCMAKE_BUILD_TYPE=Release'], 'cmake_clean_cache': False, 'cmake_clean_first': False, 'cmake_force_configure': False, 'cmake_target': None, 'cmake_target_skip_unavailable': False, 'install_base': '/home/jone/ws_moveit/install/pilz_industrial_motion_planner_testutils', 'merge_install': False, 'path': '/home/jone/ws_moveit/src/moveit2/moveit_planners/pilz_industrial_motion_planner_testutils', 'symlink_install': False, 'test_result_base': None}
[0.662s] Level 5:colcon.colcon_core.verb:set package 'moveit_chomp_optimizer_adapter' build argument 'cmake_args' from command line to '['-DCMAKE_BUILD_TYPE=Release']'
[0.662s] Level 5:colcon.colcon_core.verb:set package 'moveit_chomp_optimizer_adapter' build argument 'cmake_target' from command line to 'None'
[0.662s] Level 5:colcon.colcon_core.verb:set package 'moveit_chomp_optimizer_adapter' build argument 'cmake_target_skip_unavailable' from command line to 'False'
[0.662s] Level 5:colcon.colcon_core.verb:set package 'moveit_chomp_optimizer_adapter' build argument 'cmake_clean_cache' from command line to 'False'
[0.662s] Level 5:colcon.colcon_core.verb:set package 'moveit_chomp_optimizer_adapter' build argument 'cmake_clean_first' from command line to 'False'
[0.662s] Level 5:colcon.colcon_core.verb:set package 'moveit_chomp_optimizer_adapter' build argument 'cmake_force_configure' from command line to 'False'
[0.662s] Level 5:colcon.colcon_core.verb:set package 'moveit_chomp_optimizer_adapter' build argument 'ament_cmake_args' from command line to 'None'
[0.662s] Level 5:colcon.colcon_core.verb:set package 'moveit_chomp_optimizer_adapter' build argument 'catkin_cmake_args' from command line to 'None'
[0.662s] Level 5:colcon.colcon_core.verb:set package 'moveit_chomp_optimizer_adapter' build argument 'catkin_skip_building_tests' from command line to 'False'
[0.662s] DEBUG:colcon.colcon_core.verb:Building package 'moveit_chomp_optimizer_adapter' with the following arguments: {'ament_cmake_args': None, 'build_base': '/home/jone/ws_moveit/build/moveit_chomp_optimizer_adapter', 'catkin_cmake_args': None, 'catkin_skip_building_tests': False, 'cmake_args': ['-DCMAKE_BUILD_TYPE=Release'], 'cmake_clean_cache': False, 'cmake_clean_first': False, 'cmake_force_configure': False, 'cmake_target': None, 'cmake_target_skip_unavailable': False, 'install_base': '/home/jone/ws_moveit/install/moveit_chomp_optimizer_adapter', 'merge_install': False, 'path': '/home/jone/ws_moveit/src/moveit2/moveit_planners/chomp/chomp_optimizer_adapter', 'symlink_install': False, 'test_result_base': None}
[0.662s] Level 5:colcon.colcon_core.verb:set package 'moveit_planners_chomp' build argument 'cmake_args' from command line to '['-DCMAKE_BUILD_TYPE=Release']'
[0.662s] Level 5:colcon.colcon_core.verb:set package 'moveit_planners_chomp' build argument 'cmake_target' from command line to 'None'
[0.662s] Level 5:colcon.colcon_core.verb:set package 'moveit_planners_chomp' build argument 'cmake_target_skip_unavailable' from command line to 'False'
[0.662s] Level 5:colcon.colcon_core.verb:set package 'moveit_planners_chomp' build argument 'cmake_clean_cache' from command line to 'False'
[0.662s] Level 5:colcon.colcon_core.verb:set package 'moveit_planners_chomp' build argument 'cmake_clean_first' from command line to 'False'
[0.662s] Level 5:colcon.colcon_core.verb:set package 'moveit_planners_chomp' build argument 'cmake_force_configure' from command line to 'False'
[0.662s] Level 5:colcon.colcon_core.verb:set package 'moveit_planners_chomp' build argument 'ament_cmake_args' from command line to 'None'
[0.662s] Level 5:colcon.colcon_core.verb:set package 'moveit_planners_chomp' build argument 'catkin_cmake_args' from command line to 'None'
[0.662s] Level 5:colcon.colcon_core.verb:set package 'moveit_planners_chomp' build argument 'catkin_skip_building_tests' from command line to 'False'
[0.662s] DEBUG:colcon.colcon_core.verb:Building package 'moveit_planners_chomp' with the following arguments: {'ament_cmake_args': None, 'build_base': '/home/jone/ws_moveit/build/moveit_planners_chomp', 'catkin_cmake_args': None, 'catkin_skip_building_tests': False, 'cmake_args': ['-DCMAKE_BUILD_TYPE=Release'], 'cmake_clean_cache': False, 'cmake_clean_first': False, 'cmake_force_configure': False, 'cmake_target': None, 'cmake_target_skip_unavailable': False, 'install_base': '/home/jone/ws_moveit/install/moveit_planners_chomp', 'merge_install': False, 'path': '/home/jone/ws_moveit/src/moveit2/moveit_planners/chomp/chomp_interface', 'symlink_install': False, 'test_result_base': None}
[0.663s] Level 5:colcon.colcon_core.verb:set package 'moveit_plugins' build argument 'cmake_args' from command line to '['-DCMAKE_BUILD_TYPE=Release']'
[0.663s] Level 5:colcon.colcon_core.verb:set package 'moveit_plugins' build argument 'cmake_target' from command line to 'None'
[0.663s] Level 5:colcon.colcon_core.verb:set package 'moveit_plugins' build argument 'cmake_target_skip_unavailable' from command line to 'False'
[0.663s] Level 5:colcon.colcon_core.verb:set package 'moveit_plugins' build argument 'cmake_clean_cache' from command line to 'False'
[0.663s] Level 5:colcon.colcon_core.verb:set package 'moveit_plugins' build argument 'cmake_clean_first' from command line to 'False'
[0.663s] Level 5:colcon.colcon_core.verb:set package 'moveit_plugins' build argument 'cmake_force_configure' from command line to 'False'
[0.663s] Level 5:colcon.colcon_core.verb:set package 'moveit_plugins' build argument 'ament_cmake_args' from command line to 'None'
[0.663s] Level 5:colcon.colcon_core.verb:set package 'moveit_plugins' build argument 'catkin_cmake_args' from command line to 'None'
[0.663s] Level 5:colcon.colcon_core.verb:set package 'moveit_plugins' build argument 'catkin_skip_building_tests' from command line to 'False'
[0.663s] DEBUG:colcon.colcon_core.verb:Building package 'moveit_plugins' with the following arguments: {'ament_cmake_args': None, 'build_base': '/home/jone/ws_moveit/build/moveit_plugins', 'catkin_cmake_args': None, 'catkin_skip_building_tests': False, 'cmake_args': ['-DCMAKE_BUILD_TYPE=Release'], 'cmake_clean_cache': False, 'cmake_clean_first': False, 'cmake_force_configure': False, 'cmake_target': None, 'cmake_target_skip_unavailable': False, 'install_base': '/home/jone/ws_moveit/install/moveit_plugins', 'merge_install': False, 'path': '/home/jone/ws_moveit/src/moveit2/moveit_plugins/moveit_plugins', 'symlink_install': False, 'test_result_base': None}
[0.663s] Level 5:colcon.colcon_core.verb:set package 'moveit_ros_control_interface' build argument 'cmake_args' from command line to '['-DCMAKE_BUILD_TYPE=Release']'
[0.663s] Level 5:colcon.colcon_core.verb:set package 'moveit_ros_control_interface' build argument 'cmake_target' from command line to 'None'
[0.663s] Level 5:colcon.colcon_core.verb:set package 'moveit_ros_control_interface' build argument 'cmake_target_skip_unavailable' from command line to 'False'
[0.663s] Level 5:colcon.colcon_core.verb:set package 'moveit_ros_control_interface' build argument 'cmake_clean_cache' from command line to 'False'
[0.663s] Level 5:colcon.colcon_core.verb:set package 'moveit_ros_control_interface' build argument 'cmake_clean_first' from command line to 'False'
[0.663s] Level 5:colcon.colcon_core.verb:set package 'moveit_ros_control_interface' build argument 'cmake_force_configure' from command line to 'False'
[0.663s] Level 5:colcon.colcon_core.verb:set package 'moveit_ros_control_interface' build argument 'ament_cmake_args' from command line to 'None'
[0.663s] Level 5:colcon.colcon_core.verb:set package 'moveit_ros_control_interface' build argument 'catkin_cmake_args' from command line to 'None'
[0.663s] Level 5:colcon.colcon_core.verb:set package 'moveit_ros_control_interface' build argument 'catkin_skip_building_tests' from command line to 'False'
[0.663s] DEBUG:colcon.colcon_core.verb:Building package 'moveit_ros_control_interface' with the following arguments: {'ament_cmake_args': None, 'build_base': '/home/jone/ws_moveit/build/moveit_ros_control_interface', 'catkin_cmake_args': None, 'catkin_skip_building_tests': False, 'cmake_args': ['-DCMAKE_BUILD_TYPE=Release'], 'cmake_clean_cache': False, 'cmake_clean_first': False, 'cmake_force_configure': False, 'cmake_target': None, 'cmake_target_skip_unavailable': False, 'install_base': '/home/jone/ws_moveit/install/moveit_ros_control_interface', 'merge_install': False, 'path': '/home/jone/ws_moveit/src/moveit2/moveit_plugins/moveit_ros_control_interface', 'symlink_install': False, 'test_result_base': None}
[0.663s] Level 5:colcon.colcon_core.verb:set package 'moveit_ros_planning' build argument 'cmake_args' from command line to '['-DCMAKE_BUILD_TYPE=Release']'
[0.664s] Level 5:colcon.colcon_core.verb:set package 'moveit_ros_planning' build argument 'cmake_target' from command line to 'None'
[0.664s] Level 5:colcon.colcon_core.verb:set package 'moveit_ros_planning' build argument 'cmake_target_skip_unavailable' from command line to 'False'
[0.664s] Level 5:colcon.colcon_core.verb:set package 'moveit_ros_planning' build argument 'cmake_clean_cache' from command line to 'False'
[0.664s] Level 5:colcon.colcon_core.verb:set package 'moveit_ros_planning' build argument 'cmake_clean_first' from command line to 'False'
[0.664s] Level 5:colcon.colcon_core.verb:set package 'moveit_ros_planning' build argument 'cmake_force_configure' from command line to 'False'
[0.664s] Level 5:colcon.colcon_core.verb:set package 'moveit_ros_planning' build argument 'ament_cmake_args' from command line to 'None'
[0.664s] Level 5:colcon.colcon_core.verb:set package 'moveit_ros_planning' build argument 'catkin_cmake_args' from command line to 'None'
[0.664s] Level 5:colcon.colcon_core.verb:set package 'moveit_ros_planning' build argument 'catkin_skip_building_tests' from command line to 'False'
[0.664s] DEBUG:colcon.colcon_core.verb:Building package 'moveit_ros_planning' with the following arguments: {'ament_cmake_args': None, 'build_base': '/home/jone/ws_moveit/build/moveit_ros_planning', 'catkin_cmake_args': None, 'catkin_skip_building_tests': False, 'cmake_args': ['-DCMAKE_BUILD_TYPE=Release'], 'cmake_clean_cache': False, 'cmake_clean_first': False, 'cmake_force_configure': False, 'cmake_target': None, 'cmake_target_skip_unavailable': False, 'install_base': '/home/jone/ws_moveit/install/moveit_ros_planning', 'merge_install': False, 'path': '/home/jone/ws_moveit/src/moveit2/moveit_ros/planning', 'symlink_install': False, 'test_result_base': None}
[0.664s] Level 5:colcon.colcon_core.verb:set package 'moveit_kinematics' build argument 'cmake_args' from command line to '['-DCMAKE_BUILD_TYPE=Release']'
[0.664s] Level 5:colcon.colcon_core.verb:set package 'moveit_kinematics' build argument 'cmake_target' from command line to 'None'
[0.664s] Level 5:colcon.colcon_core.verb:set package 'moveit_kinematics' build argument 'cmake_target_skip_unavailable' from command line to 'False'
[0.664s] Level 5:colcon.colcon_core.verb:set package 'moveit_kinematics' build argument 'cmake_clean_cache' from command line to 'False'
[0.664s] Level 5:colcon.colcon_core.verb:set package 'moveit_kinematics' build argument 'cmake_clean_first' from command line to 'False'
[0.664s] Level 5:colcon.colcon_core.verb:set package 'moveit_kinematics' build argument 'cmake_force_configure' from command line to 'False'
[0.664s] Level 5:colcon.colcon_core.verb:set package 'moveit_kinematics' build argument 'ament_cmake_args' from command line to 'None'
[0.664s] Level 5:colcon.colcon_core.verb:set package 'moveit_kinematics' build argument 'catkin_cmake_args' from command line to 'None'
[0.664s] Level 5:colcon.colcon_core.verb:set package 'moveit_kinematics' build argument 'catkin_skip_building_tests' from command line to 'False'
[0.664s] DEBUG:colcon.colcon_core.verb:Building package 'moveit_kinematics' with the following arguments: {'ament_cmake_args': None, 'build_base': '/home/jone/ws_moveit/build/moveit_kinematics', 'catkin_cmake_args': None, 'catkin_skip_building_tests': False, 'cmake_args': ['-DCMAKE_BUILD_TYPE=Release'], 'cmake_clean_cache': False, 'cmake_clean_first': False, 'cmake_force_configure': False, 'cmake_target': None, 'cmake_target_skip_unavailable': False, 'install_base': '/home/jone/ws_moveit/install/moveit_kinematics', 'merge_install': False, 'path': '/home/jone/ws_moveit/src/moveit2/moveit_kinematics', 'symlink_install': False, 'test_result_base': None}
[0.664s] Level 5:colcon.colcon_core.verb:set package 'moveit_planners_ompl' build argument 'cmake_args' from command line to '['-DCMAKE_BUILD_TYPE=Release']'
[0.664s] Level 5:colcon.colcon_core.verb:set package 'moveit_planners_ompl' build argument 'cmake_target' from command line to 'None'
[0.664s] Level 5:colcon.colcon_core.verb:set package 'moveit_planners_ompl' build argument 'cmake_target_skip_unavailable' from command line to 'False'
[0.664s] Level 5:colcon.colcon_core.verb:set package 'moveit_planners_ompl' build argument 'cmake_clean_cache' from command line to 'False'
[0.664s] Level 5:colcon.colcon_core.verb:set package 'moveit_planners_ompl' build argument 'cmake_clean_first' from command line to 'False'
[0.664s] Level 5:colcon.colcon_core.verb:set package 'moveit_planners_ompl' build argument 'cmake_force_configure' from command line to 'False'
[0.664s] Level 5:colcon.colcon_core.verb:set package 'moveit_planners_ompl' build argument 'ament_cmake_args' from command line to 'None'
[0.664s] Level 5:colcon.colcon_core.verb:set package 'moveit_planners_ompl' build argument 'catkin_cmake_args' from command line to 'None'
[0.664s] Level 5:colcon.colcon_core.verb:set package 'moveit_planners_ompl' build argument 'catkin_skip_building_tests' from command line to 'False'
[0.664s] DEBUG:colcon.colcon_core.verb:Building package 'moveit_planners_ompl' with the following arguments: {'ament_cmake_args': None, 'build_base': '/home/jone/ws_moveit/build/moveit_planners_ompl', 'catkin_cmake_args': None, 'catkin_skip_building_tests': False, 'cmake_args': ['-DCMAKE_BUILD_TYPE=Release'], 'cmake_clean_cache': False, 'cmake_clean_first': False, 'cmake_force_configure': False, 'cmake_target': None, 'cmake_target_skip_unavailable': False, 'install_base': '/home/jone/ws_moveit/install/moveit_planners_ompl', 'merge_install': False, 'path': '/home/jone/ws_moveit/src/moveit2/moveit_planners/ompl', 'symlink_install': False, 'test_result_base': None}
[0.665s] Level 5:colcon.colcon_core.verb:set package 'moveit_ros_perception' build argument 'cmake_args' from command line to '['-DCMAKE_BUILD_TYPE=Release']'
[0.665s] Level 5:colcon.colcon_core.verb:set package 'moveit_ros_perception' build argument 'cmake_target' from command line to 'None'
[0.665s] Level 5:colcon.colcon_core.verb:set package 'moveit_ros_perception' build argument 'cmake_target_skip_unavailable' from command line to 'False'
[0.665s] Level 5:colcon.colcon_core.verb:set package 'moveit_ros_perception' build argument 'cmake_clean_cache' from command line to 'False'
[0.665s] Level 5:colcon.colcon_core.verb:set package 'moveit_ros_perception' build argument 'cmake_clean_first' from command line to 'False'
[0.665s] Level 5:colcon.colcon_core.verb:set package 'moveit_ros_perception' build argument 'cmake_force_configure' from command line to 'False'
[0.665s] Level 5:colcon.colcon_core.verb:set package 'moveit_ros_perception' build argument 'ament_cmake_args' from command line to 'None'
[0.665s] Level 5:colcon.colcon_core.verb:set package 'moveit_ros_perception' build argument 'catkin_cmake_args' from command line to 'None'
[0.665s] Level 5:colcon.colcon_core.verb:set package 'moveit_ros_perception' build argument 'catkin_skip_building_tests' from command line to 'False'
[0.665s] DEBUG:colcon.colcon_core.verb:Building package 'moveit_ros_perception' with the following arguments: {'ament_cmake_args': None, 'build_base': '/home/jone/ws_moveit/build/moveit_ros_perception', 'catkin_cmake_args': None, 'catkin_skip_building_tests': False, 'cmake_args': ['-DCMAKE_BUILD_TYPE=Release'], 'cmake_clean_cache': False, 'cmake_clean_first': False, 'cmake_force_configure': False, 'cmake_target': None, 'cmake_target_skip_unavailable': False, 'install_base': '/home/jone/ws_moveit/install/moveit_ros_perception', 'merge_install': False, 'path': '/home/jone/ws_moveit/src/moveit2/moveit_ros/perception', 'symlink_install': False, 'test_result_base': None}
[0.665s] Level 5:colcon.colcon_core.verb:set package 'moveit_ros_robot_interaction' build argument 'cmake_args' from command line to '['-DCMAKE_BUILD_TYPE=Release']'
[0.665s] Level 5:colcon.colcon_core.verb:set package 'moveit_ros_robot_interaction' build argument 'cmake_target' from command line to 'None'
[0.665s] Level 5:colcon.colcon_core.verb:set package 'moveit_ros_robot_interaction' build argument 'cmake_target_skip_unavailable' from command line to 'False'
[0.665s] Level 5:colcon.colcon_core.verb:set package 'moveit_ros_robot_interaction' build argument 'cmake_clean_cache' from command line to 'False'
[0.665s] Level 5:colcon.colcon_core.verb:set package 'moveit_ros_robot_interaction' build argument 'cmake_clean_first' from command line to 'False'
[0.665s] Level 5:colcon.colcon_core.verb:set package 'moveit_ros_robot_interaction' build argument 'cmake_force_configure' from command line to 'False'
[0.665s] Level 5:colcon.colcon_core.verb:set package 'moveit_ros_robot_interaction' build argument 'ament_cmake_args' from command line to 'None'
[0.665s] Level 5:colcon.colcon_core.verb:set package 'moveit_ros_robot_interaction' build argument 'catkin_cmake_args' from command line to 'None'
[0.665s] Level 5:colcon.colcon_core.verb:set package 'moveit_ros_robot_interaction' build argument 'catkin_skip_building_tests' from command line to 'False'
[0.665s] DEBUG:colcon.colcon_core.verb:Building package 'moveit_ros_robot_interaction' with the following arguments: {'ament_cmake_args': None, 'build_base': '/home/jone/ws_moveit/build/moveit_ros_robot_interaction', 'catkin_cmake_args': None, 'catkin_skip_building_tests': False, 'cmake_args': ['-DCMAKE_BUILD_TYPE=Release'], 'cmake_clean_cache': False, 'cmake_clean_first': False, 'cmake_force_configure': False, 'cmake_target': None, 'cmake_target_skip_unavailable': False, 'install_base': '/home/jone/ws_moveit/install/moveit_ros_robot_interaction', 'merge_install': False, 'path': '/home/jone/ws_moveit/src/moveit2/moveit_ros/robot_interaction', 'symlink_install': False, 'test_result_base': None}
[0.665s] Level 5:colcon.colcon_core.verb:set package 'moveit_ros_warehouse' build argument 'cmake_args' from command line to '['-DCMAKE_BUILD_TYPE=Release']'
[0.665s] Level 5:colcon.colcon_core.verb:set package 'moveit_ros_warehouse' build argument 'cmake_target' from command line to 'None'
[0.665s] Level 5:colcon.colcon_core.verb:set package 'moveit_ros_warehouse' build argument 'cmake_target_skip_unavailable' from command line to 'False'
[0.666s] Level 5:colcon.colcon_core.verb:set package 'moveit_ros_warehouse' build argument 'cmake_clean_cache' from command line to 'False'
[0.666s] Level 5:colcon.colcon_core.verb:set package 'moveit_ros_warehouse' build argument 'cmake_clean_first' from command line to 'False'
[0.666s] Level 5:colcon.colcon_core.verb:set package 'moveit_ros_warehouse' build argument 'cmake_force_configure' from command line to 'False'
[0.666s] Level 5:colcon.colcon_core.verb:set package 'moveit_ros_warehouse' build argument 'ament_cmake_args' from command line to 'None'
[0.666s] Level 5:colcon.colcon_core.verb:set package 'moveit_ros_warehouse' build argument 'catkin_cmake_args' from command line to 'None'
[0.666s] Level 5:colcon.colcon_core.verb:set package 'moveit_ros_warehouse' build argument 'catkin_skip_building_tests' from command line to 'False'
[0.666s] DEBUG:colcon.colcon_core.verb:Building package 'moveit_ros_warehouse' with the following arguments: {'ament_cmake_args': None, 'build_base': '/home/jone/ws_moveit/build/moveit_ros_warehouse', 'catkin_cmake_args': None, 'catkin_skip_building_tests': False, 'cmake_args': ['-DCMAKE_BUILD_TYPE=Release'], 'cmake_clean_cache': False, 'cmake_clean_first': False, 'cmake_force_configure': False, 'cmake_target': None, 'cmake_target_skip_unavailable': False, 'install_base': '/home/jone/ws_moveit/install/moveit_ros_warehouse', 'merge_install': False, 'path': '/home/jone/ws_moveit/src/moveit2/moveit_ros/warehouse', 'symlink_install': False, 'test_result_base': None}
[0.666s] Level 5:colcon.colcon_core.verb:set package 'moveit_visual_tools' build argument 'cmake_args' from command line to '['-DCMAKE_BUILD_TYPE=Release']'
[0.666s] Level 5:colcon.colcon_core.verb:set package 'moveit_visual_tools' build argument 'cmake_target' from command line to 'None'
[0.666s] Level 5:colcon.colcon_core.verb:set package 'moveit_visual_tools' build argument 'cmake_target_skip_unavailable' from command line to 'False'
[0.666s] Level 5:colcon.colcon_core.verb:set package 'moveit_visual_tools' build argument 'cmake_clean_cache' from command line to 'False'
[0.666s] Level 5:colcon.colcon_core.verb:set package 'moveit_visual_tools' build argument 'cmake_clean_first' from command line to 'False'
[0.666s] Level 5:colcon.colcon_core.verb:set package 'moveit_visual_tools' build argument 'cmake_force_configure' from command line to 'False'
[0.666s] Level 5:colcon.colcon_core.verb:set package 'moveit_visual_tools' build argument 'ament_cmake_args' from command line to 'None'
[0.666s] Level 5:colcon.colcon_core.verb:set package 'moveit_visual_tools' build argument 'catkin_cmake_args' from command line to 'None'
[0.666s] Level 5:colcon.colcon_core.verb:set package 'moveit_visual_tools' build argument 'catkin_skip_building_tests' from command line to 'False'
[0.666s] DEBUG:colcon.colcon_core.verb:Building package 'moveit_visual_tools' with the following arguments: {'ament_cmake_args': None, 'build_base': '/home/jone/ws_moveit/build/moveit_visual_tools', 'catkin_cmake_args': None, 'catkin_skip_building_tests': False, 'cmake_args': ['-DCMAKE_BUILD_TYPE=Release'], 'cmake_clean_cache': False, 'cmake_clean_first': False, 'cmake_force_configure': False, 'cmake_target': None, 'cmake_target_skip_unavailable': False, 'install_base': '/home/jone/ws_moveit/install/moveit_visual_tools', 'merge_install': False, 'path': '/home/jone/ws_moveit/src/moveit_visual_tools', 'symlink_install': False, 'test_result_base': None}
[0.666s] Level 5:colcon.colcon_core.verb:set package 'moveit_ros_benchmarks' build argument 'cmake_args' from command line to '['-DCMAKE_BUILD_TYPE=Release']'
[0.666s] Level 5:colcon.colcon_core.verb:set package 'moveit_ros_benchmarks' build argument 'cmake_target' from command line to 'None'
[0.666s] Level 5:colcon.colcon_core.verb:set package 'moveit_ros_benchmarks' build argument 'cmake_target_skip_unavailable' from command line to 'False'
[0.666s] Level 5:colcon.colcon_core.verb:set package 'moveit_ros_benchmarks' build argument 'cmake_clean_cache' from command line to 'False'
[0.666s] Level 5:colcon.colcon_core.verb:set package 'moveit_ros_benchmarks' build argument 'cmake_clean_first' from command line to 'False'
[0.666s] Level 5:colcon.colcon_core.verb:set package 'moveit_ros_benchmarks' build argument 'cmake_force_configure' from command line to 'False'
[0.666s] Level 5:colcon.colcon_core.verb:set package 'moveit_ros_benchmarks' build argument 'ament_cmake_args' from command line to 'None'
[0.666s] Level 5:colcon.colcon_core.verb:set package 'moveit_ros_benchmarks' build argument 'catkin_cmake_args' from command line to 'None'
[0.666s] Level 5:colcon.colcon_core.verb:set package 'moveit_ros_benchmarks' build argument 'catkin_skip_building_tests' from command line to 'False'
[0.666s] DEBUG:colcon.colcon_core.verb:Building package 'moveit_ros_benchmarks' with the following arguments: {'ament_cmake_args': None, 'build_base': '/home/jone/ws_moveit/build/moveit_ros_benchmarks', 'catkin_cmake_args': None, 'catkin_skip_building_tests': False, 'cmake_args': ['-DCMAKE_BUILD_TYPE=Release'], 'cmake_clean_cache': False, 'cmake_clean_first': False, 'cmake_force_configure': False, 'cmake_target': None, 'cmake_target_skip_unavailable': False, 'install_base': '/home/jone/ws_moveit/install/moveit_ros_benchmarks', 'merge_install': False, 'path': '/home/jone/ws_moveit/src/moveit2/moveit_ros/benchmarks', 'symlink_install': False, 'test_result_base': None}
[0.667s] Level 5:colcon.colcon_core.verb:set package 'moveit_ros_move_group' build argument 'cmake_args' from command line to '['-DCMAKE_BUILD_TYPE=Release']'
[0.667s] Level 5:colcon.colcon_core.verb:set package 'moveit_ros_move_group' build argument 'cmake_target' from command line to 'None'
[0.667s] Level 5:colcon.colcon_core.verb:set package 'moveit_ros_move_group' build argument 'cmake_target_skip_unavailable' from command line to 'False'
[0.667s] Level 5:colcon.colcon_core.verb:set package 'moveit_ros_move_group' build argument 'cmake_clean_cache' from command line to 'False'
[0.667s] Level 5:colcon.colcon_core.verb:set package 'moveit_ros_move_group' build argument 'cmake_clean_first' from command line to 'False'
[0.667s] Level 5:colcon.colcon_core.verb:set package 'moveit_ros_move_group' build argument 'cmake_force_configure' from command line to 'False'
[0.667s] Level 5:colcon.colcon_core.verb:set package 'moveit_ros_move_group' build argument 'ament_cmake_args' from command line to 'None'
[0.667s] Level 5:colcon.colcon_core.verb:set package 'moveit_ros_move_group' build argument 'catkin_cmake_args' from command line to 'None'
[0.667s] Level 5:colcon.colcon_core.verb:set package 'moveit_ros_move_group' build argument 'catkin_skip_building_tests' from command line to 'False'
[0.667s] DEBUG:colcon.colcon_core.verb:Building package 'moveit_ros_move_group' with the following arguments: {'ament_cmake_args': None, 'build_base': '/home/jone/ws_moveit/build/moveit_ros_move_group', 'catkin_cmake_args': None, 'catkin_skip_building_tests': False, 'cmake_args': ['-DCMAKE_BUILD_TYPE=Release'], 'cmake_clean_cache': False, 'cmake_clean_first': False, 'cmake_force_configure': False, 'cmake_target': None, 'cmake_target_skip_unavailable': False, 'install_base': '/home/jone/ws_moveit/install/moveit_ros_move_group', 'merge_install': False, 'path': '/home/jone/ws_moveit/src/moveit2/moveit_ros/move_group', 'symlink_install': False, 'test_result_base': None}
[0.667s] Level 5:colcon.colcon_core.verb:set package 'moveit_resources_prbt_moveit_config' build argument 'cmake_args' from command line to '['-DCMAKE_BUILD_TYPE=Release']'
[0.667s] Level 5:colcon.colcon_core.verb:set package 'moveit_resources_prbt_moveit_config' build argument 'cmake_target' from command line to 'None'
[0.667s] Level 5:colcon.colcon_core.verb:set package 'moveit_resources_prbt_moveit_config' build argument 'cmake_target_skip_unavailable' from command line to 'False'
[0.667s] Level 5:colcon.colcon_core.verb:set package 'moveit_resources_prbt_moveit_config' build argument 'cmake_clean_cache' from command line to 'False'
[0.667s] Level 5:colcon.colcon_core.verb:set package 'moveit_resources_prbt_moveit_config' build argument 'cmake_clean_first' from command line to 'False'
[0.667s] Level 5:colcon.colcon_core.verb:set package 'moveit_resources_prbt_moveit_config' build argument 'cmake_force_configure' from command line to 'False'
[0.667s] Level 5:colcon.colcon_core.verb:set package 'moveit_resources_prbt_moveit_config' build argument 'ament_cmake_args' from command line to 'None'
[0.667s] Level 5:colcon.colcon_core.verb:set package 'moveit_resources_prbt_moveit_config' build argument 'catkin_cmake_args' from command line to 'None'
[0.667s] Level 5:colcon.colcon_core.verb:set package 'moveit_resources_prbt_moveit_config' build argument 'catkin_skip_building_tests' from command line to 'False'
[0.667s] DEBUG:colcon.colcon_core.verb:Building package 'moveit_resources_prbt_moveit_config' with the following arguments: {'ament_cmake_args': None, 'build_base': '/home/jone/ws_moveit/build/moveit_resources_prbt_moveit_config', 'catkin_cmake_args': None, 'catkin_skip_building_tests': False, 'cmake_args': ['-DCMAKE_BUILD_TYPE=Release'], 'cmake_clean_cache': False, 'cmake_clean_first': False, 'cmake_force_configure': False, 'cmake_target': None, 'cmake_target_skip_unavailable': False, 'install_base': '/home/jone/ws_moveit/install/moveit_resources_prbt_moveit_config', 'merge_install': False, 'path': '/home/jone/ws_moveit/src/moveit2/moveit_planners/test_configs/prbt_moveit_config', 'symlink_install': False, 'test_result_base': None}
[0.667s] Level 5:colcon.colcon_core.verb:set package 'moveit_ros_planning_interface' build argument 'cmake_args' from command line to '['-DCMAKE_BUILD_TYPE=Release']'
[0.667s] Level 5:colcon.colcon_core.verb:set package 'moveit_ros_planning_interface' build argument 'cmake_target' from command line to 'None'
[0.667s] Level 5:colcon.colcon_core.verb:set package 'moveit_ros_planning_interface' build argument 'cmake_target_skip_unavailable' from command line to 'False'
[0.667s] Level 5:colcon.colcon_core.verb:set package 'moveit_ros_planning_interface' build argument 'cmake_clean_cache' from command line to 'False'
[0.668s] Level 5:colcon.colcon_core.verb:set package 'moveit_ros_planning_interface' build argument 'cmake_clean_first' from command line to 'False'
[0.668s] Level 5:colcon.colcon_core.verb:set package 'moveit_ros_planning_interface' build argument 'cmake_force_configure' from command line to 'False'
[0.668s] Level 5:colcon.colcon_core.verb:set package 'moveit_ros_planning_interface' build argument 'ament_cmake_args' from command line to 'None'
[0.668s] Level 5:colcon.colcon_core.verb:set package 'moveit_ros_planning_interface' build argument 'catkin_cmake_args' from command line to 'None'
[0.668s] Level 5:colcon.colcon_core.verb:set package 'moveit_ros_planning_interface' build argument 'catkin_skip_building_tests' from command line to 'False'
[0.668s] DEBUG:colcon.colcon_core.verb:Building package 'moveit_ros_planning_interface' with the following arguments: {'ament_cmake_args': None, 'build_base': '/home/jone/ws_moveit/build/moveit_ros_planning_interface', 'catkin_cmake_args': None, 'catkin_skip_building_tests': False, 'cmake_args': ['-DCMAKE_BUILD_TYPE=Release'], 'cmake_clean_cache': False, 'cmake_clean_first': False, 'cmake_force_configure': False, 'cmake_target': None, 'cmake_target_skip_unavailable': False, 'install_base': '/home/jone/ws_moveit/install/moveit_ros_planning_interface', 'merge_install': False, 'path': '/home/jone/ws_moveit/src/moveit2/moveit_ros/planning_interface', 'symlink_install': False, 'test_result_base': None}
[0.668s] Level 5:colcon.colcon_core.verb:set package 'moveit_hybrid_planning' build argument 'cmake_args' from command line to '['-DCMAKE_BUILD_TYPE=Release']'
[0.668s] Level 5:colcon.colcon_core.verb:set package 'moveit_hybrid_planning' build argument 'cmake_target' from command line to 'None'
[0.668s] Level 5:colcon.colcon_core.verb:set package 'moveit_hybrid_planning' build argument 'cmake_target_skip_unavailable' from command line to 'False'
[0.668s] Level 5:colcon.colcon_core.verb:set package 'moveit_hybrid_planning' build argument 'cmake_clean_cache' from command line to 'False'
[0.668s] Level 5:colcon.colcon_core.verb:set package 'moveit_hybrid_planning' build argument 'cmake_clean_first' from command line to 'False'
[0.668s] Level 5:colcon.colcon_core.verb:set package 'moveit_hybrid_planning' build argument 'cmake_force_configure' from command line to 'False'
[0.668s] Level 5:colcon.colcon_core.verb:set package 'moveit_hybrid_planning' build argument 'ament_cmake_args' from command line to 'None'
[0.668s] Level 5:colcon.colcon_core.verb:set package 'moveit_hybrid_planning' build argument 'catkin_cmake_args' from command line to 'None'
[0.668s] Level 5:colcon.colcon_core.verb:set package 'moveit_hybrid_planning' build argument 'catkin_skip_building_tests' from command line to 'False'
[0.668s] DEBUG:colcon.colcon_core.verb:Building package 'moveit_hybrid_planning' with the following arguments: {'ament_cmake_args': None, 'build_base': '/home/jone/ws_moveit/build/moveit_hybrid_planning', 'catkin_cmake_args': None, 'catkin_skip_building_tests': False, 'cmake_args': ['-DCMAKE_BUILD_TYPE=Release'], 'cmake_clean_cache': False, 'cmake_clean_first': False, 'cmake_force_configure': False, 'cmake_target': None, 'cmake_target_skip_unavailable': False, 'install_base': '/home/jone/ws_moveit/install/moveit_hybrid_planning', 'merge_install': False, 'path': '/home/jone/ws_moveit/src/moveit2/moveit_ros/hybrid_planning', 'symlink_install': False, 'test_result_base': None}
[0.668s] Level 5:colcon.colcon_core.verb:set package 'moveit_resources_prbt_pg70_support' build argument 'cmake_args' from command line to '['-DCMAKE_BUILD_TYPE=Release']'
[0.668s] Level 5:colcon.colcon_core.verb:set package 'moveit_resources_prbt_pg70_support' build argument 'cmake_target' from command line to 'None'
[0.668s] Level 5:colcon.colcon_core.verb:set package 'moveit_resources_prbt_pg70_support' build argument 'cmake_target_skip_unavailable' from command line to 'False'
[0.668s] Level 5:colcon.colcon_core.verb:set package 'moveit_resources_prbt_pg70_support' build argument 'cmake_clean_cache' from command line to 'False'
[0.668s] Level 5:colcon.colcon_core.verb:set package 'moveit_resources_prbt_pg70_support' build argument 'cmake_clean_first' from command line to 'False'
[0.668s] Level 5:colcon.colcon_core.verb:set package 'moveit_resources_prbt_pg70_support' build argument 'cmake_force_configure' from command line to 'False'
[0.668s] Level 5:colcon.colcon_core.verb:set package 'moveit_resources_prbt_pg70_support' build argument 'ament_cmake_args' from command line to 'None'
[0.668s] Level 5:colcon.colcon_core.verb:set package 'moveit_resources_prbt_pg70_support' build argument 'catkin_cmake_args' from command line to 'None'
[0.668s] Level 5:colcon.colcon_core.verb:set package 'moveit_resources_prbt_pg70_support' build argument 'catkin_skip_building_tests' from command line to 'False'
[0.668s] DEBUG:colcon.colcon_core.verb:Building package 'moveit_resources_prbt_pg70_support' with the following arguments: {'ament_cmake_args': None, 'build_base': '/home/jone/ws_moveit/build/moveit_resources_prbt_pg70_support', 'catkin_cmake_args': None, 'catkin_skip_building_tests': False, 'cmake_args': ['-DCMAKE_BUILD_TYPE=Release'], 'cmake_clean_cache': False, 'cmake_clean_first': False, 'cmake_force_configure': False, 'cmake_target': None, 'cmake_target_skip_unavailable': False, 'install_base': '/home/jone/ws_moveit/install/moveit_resources_prbt_pg70_support', 'merge_install': False, 'path': '/home/jone/ws_moveit/src/moveit2/moveit_planners/test_configs/prbt_pg70_support', 'symlink_install': False, 'test_result_base': None}
[0.669s] Level 5:colcon.colcon_core.verb:set package 'moveit_ros_visualization' build argument 'cmake_args' from command line to '['-DCMAKE_BUILD_TYPE=Release']'
[0.669s] Level 5:colcon.colcon_core.verb:set package 'moveit_ros_visualization' build argument 'cmake_target' from command line to 'None'
[0.669s] Level 5:colcon.colcon_core.verb:set package 'moveit_ros_visualization' build argument 'cmake_target_skip_unavailable' from command line to 'False'
[0.669s] Level 5:colcon.colcon_core.verb:set package 'moveit_ros_visualization' build argument 'cmake_clean_cache' from command line to 'False'
[0.669s] Level 5:colcon.colcon_core.verb:set package 'moveit_ros_visualization' build argument 'cmake_clean_first' from command line to 'False'
[0.669s] Level 5:colcon.colcon_core.verb:set package 'moveit_ros_visualization' build argument 'cmake_force_configure' from command line to 'False'
[0.669s] Level 5:colcon.colcon_core.verb:set package 'moveit_ros_visualization' build argument 'ament_cmake_args' from command line to 'None'
[0.669s] Level 5:colcon.colcon_core.verb:set package 'moveit_ros_visualization' build argument 'catkin_cmake_args' from command line to 'None'
[0.669s] Level 5:colcon.colcon_core.verb:set package 'moveit_ros_visualization' build argument 'catkin_skip_building_tests' from command line to 'False'
[0.669s] DEBUG:colcon.colcon_core.verb:Building package 'moveit_ros_visualization' with the following arguments: {'ament_cmake_args': None, 'build_base': '/home/jone/ws_moveit/build/moveit_ros_visualization', 'catkin_cmake_args': None, 'catkin_skip_building_tests': False, 'cmake_args': ['-DCMAKE_BUILD_TYPE=Release'], 'cmake_clean_cache': False, 'cmake_clean_first': False, 'cmake_force_configure': False, 'cmake_target': None, 'cmake_target_skip_unavailable': False, 'install_base': '/home/jone/ws_moveit/install/moveit_ros_visualization', 'merge_install': False, 'path': '/home/jone/ws_moveit/src/moveit2/moveit_ros/visualization', 'symlink_install': False, 'test_result_base': None}
[0.669s] Level 5:colcon.colcon_core.verb:set package 'moveit_servo' build argument 'cmake_args' from command line to '['-DCMAKE_BUILD_TYPE=Release']'
[0.669s] Level 5:colcon.colcon_core.verb:set package 'moveit_servo' build argument 'cmake_target' from command line to 'None'
[0.669s] Level 5:colcon.colcon_core.verb:set package 'moveit_servo' build argument 'cmake_target_skip_unavailable' from command line to 'False'
[0.669s] Level 5:colcon.colcon_core.verb:set package 'moveit_servo' build argument 'cmake_clean_cache' from command line to 'False'
[0.669s] Level 5:colcon.colcon_core.verb:set package 'moveit_servo' build argument 'cmake_clean_first' from command line to 'False'
[0.669s] Level 5:colcon.colcon_core.verb:set package 'moveit_servo' build argument 'cmake_force_configure' from command line to 'False'
[0.669s] Level 5:colcon.colcon_core.verb:set package 'moveit_servo' build argument 'ament_cmake_args' from command line to 'None'
[0.669s] Level 5:colcon.colcon_core.verb:set package 'moveit_servo' build argument 'catkin_cmake_args' from command line to 'None'
[0.669s] Level 5:colcon.colcon_core.verb:set package 'moveit_servo' build argument 'catkin_skip_building_tests' from command line to 'False'
[0.669s] DEBUG:colcon.colcon_core.verb:Building package 'moveit_servo' with the following arguments: {'ament_cmake_args': None, 'build_base': '/home/jone/ws_moveit/build/moveit_servo', 'catkin_cmake_args': None, 'catkin_skip_building_tests': False, 'cmake_args': ['-DCMAKE_BUILD_TYPE=Release'], 'cmake_clean_cache': False, 'cmake_clean_first': False, 'cmake_force_configure': False, 'cmake_target': None, 'cmake_target_skip_unavailable': False, 'install_base': '/home/jone/ws_moveit/install/moveit_servo', 'merge_install': False, 'path': '/home/jone/ws_moveit/src/moveit2/moveit_ros/moveit_servo', 'symlink_install': False, 'test_result_base': None}
[0.669s] Level 5:colcon.colcon_core.verb:set package 'moveit_ros' build argument 'cmake_args' from command line to '['-DCMAKE_BUILD_TYPE=Release']'
[0.669s] Level 5:colcon.colcon_core.verb:set package 'moveit_ros' build argument 'cmake_target' from command line to 'None'
[0.669s] Level 5:colcon.colcon_core.verb:set package 'moveit_ros' build argument 'cmake_target_skip_unavailable' from command line to 'False'
[0.669s] Level 5:colcon.colcon_core.verb:set package 'moveit_ros' build argument 'cmake_clean_cache' from command line to 'False'
[0.669s] Level 5:colcon.colcon_core.verb:set package 'moveit_ros' build argument 'cmake_clean_first' from command line to 'False'
[0.670s] Level 5:colcon.colcon_core.verb:set package 'moveit_ros' build argument 'cmake_force_configure' from command line to 'False'
[0.670s] Level 5:colcon.colcon_core.verb:set package 'moveit_ros' build argument 'ament_cmake_args' from command line to 'None'
[0.670s] Level 5:colcon.colcon_core.verb:set package 'moveit_ros' build argument 'catkin_cmake_args' from command line to 'None'
[0.670s] Level 5:colcon.colcon_core.verb:set package 'moveit_ros' build argument 'catkin_skip_building_tests' from command line to 'False'
[0.670s] DEBUG:colcon.colcon_core.verb:Building package 'moveit_ros' with the following arguments: {'ament_cmake_args': None, 'build_base': '/home/jone/ws_moveit/build/moveit_ros', 'catkin_cmake_args': None, 'catkin_skip_building_tests': False, 'cmake_args': ['-DCMAKE_BUILD_TYPE=Release'], 'cmake_clean_cache': False, 'cmake_clean_first': False, 'cmake_force_configure': False, 'cmake_target': None, 'cmake_target_skip_unavailable': False, 'install_base': '/home/jone/ws_moveit/install/moveit_ros', 'merge_install': False, 'path': '/home/jone/ws_moveit/src/moveit2/moveit_ros/moveit_ros', 'symlink_install': False, 'test_result_base': None}
[0.670s] Level 5:colcon.colcon_core.verb:set package 'moveit_setup_framework' build argument 'cmake_args' from command line to '['-DCMAKE_BUILD_TYPE=Release']'
[0.670s] Level 5:colcon.colcon_core.verb:set package 'moveit_setup_framework' build argument 'cmake_target' from command line to 'None'
[0.670s] Level 5:colcon.colcon_core.verb:set package 'moveit_setup_framework' build argument 'cmake_target_skip_unavailable' from command line to 'False'
[0.670s] Level 5:colcon.colcon_core.verb:set package 'moveit_setup_framework' build argument 'cmake_clean_cache' from command line to 'False'
[0.670s] Level 5:colcon.colcon_core.verb:set package 'moveit_setup_framework' build argument 'cmake_clean_first' from command line to 'False'
[0.670s] Level 5:colcon.colcon_core.verb:set package 'moveit_setup_framework' build argument 'cmake_force_configure' from command line to 'False'
[0.670s] Level 5:colcon.colcon_core.verb:set package 'moveit_setup_framework' build argument 'ament_cmake_args' from command line to 'None'
[0.670s] Level 5:colcon.colcon_core.verb:set package 'moveit_setup_framework' build argument 'catkin_cmake_args' from command line to 'None'
[0.670s] Level 5:colcon.colcon_core.verb:set package 'moveit_setup_framework' build argument 'catkin_skip_building_tests' from command line to 'False'
[0.670s] DEBUG:colcon.colcon_core.verb:Building package 'moveit_setup_framework' with the following arguments: {'ament_cmake_args': None, 'build_base': '/home/jone/ws_moveit/build/moveit_setup_framework', 'catkin_cmake_args': None, 'catkin_skip_building_tests': False, 'cmake_args': ['-DCMAKE_BUILD_TYPE=Release'], 'cmake_clean_cache': False, 'cmake_clean_first': False, 'cmake_force_configure': False, 'cmake_target': None, 'cmake_target_skip_unavailable': False, 'install_base': '/home/jone/ws_moveit/install/moveit_setup_framework', 'merge_install': False, 'path': '/home/jone/ws_moveit/src/moveit2/moveit_setup_assistant/moveit_setup_framework', 'symlink_install': False, 'test_result_base': None}
[0.670s] Level 5:colcon.colcon_core.verb:set package 'pilz_industrial_motion_planner' build argument 'cmake_args' from command line to '['-DCMAKE_BUILD_TYPE=Release']'
[0.670s] Level 5:colcon.colcon_core.verb:set package 'pilz_industrial_motion_planner' build argument 'cmake_target' from command line to 'None'
[0.670s] Level 5:colcon.colcon_core.verb:set package 'pilz_industrial_motion_planner' build argument 'cmake_target_skip_unavailable' from command line to 'False'
[0.670s] Level 5:colcon.colcon_core.verb:set package 'pilz_industrial_motion_planner' build argument 'cmake_clean_cache' from command line to 'False'
[0.670s] Level 5:colcon.colcon_core.verb:set package 'pilz_industrial_motion_planner' build argument 'cmake_clean_first' from command line to 'False'
[0.670s] Level 5:colcon.colcon_core.verb:set package 'pilz_industrial_motion_planner' build argument 'cmake_force_configure' from command line to 'False'
[0.670s] Level 5:colcon.colcon_core.verb:set package 'pilz_industrial_motion_planner' build argument 'ament_cmake_args' from command line to 'None'
[0.670s] Level 5:colcon.colcon_core.verb:set package 'pilz_industrial_motion_planner' build argument 'catkin_cmake_args' from command line to 'None'
[0.670s] Level 5:colcon.colcon_core.verb:set package 'pilz_industrial_motion_planner' build argument 'catkin_skip_building_tests' from command line to 'False'
[0.670s] DEBUG:colcon.colcon_core.verb:Building package 'pilz_industrial_motion_planner' with the following arguments: {'ament_cmake_args': None, 'build_base': '/home/jone/ws_moveit/build/pilz_industrial_motion_planner', 'catkin_cmake_args': None, 'catkin_skip_building_tests': False, 'cmake_args': ['-DCMAKE_BUILD_TYPE=Release'], 'cmake_clean_cache': False, 'cmake_clean_first': False, 'cmake_force_configure': False, 'cmake_target': None, 'cmake_target_skip_unavailable': False, 'install_base': '/home/jone/ws_moveit/install/pilz_industrial_motion_planner', 'merge_install': False, 'path': '/home/jone/ws_moveit/src/moveit2/moveit_planners/pilz_industrial_motion_planner', 'symlink_install': False, 'test_result_base': None}
[0.671s] Level 5:colcon.colcon_core.verb:set package 'moveit_planners' build argument 'cmake_args' from command line to '['-DCMAKE_BUILD_TYPE=Release']'
[0.671s] Level 5:colcon.colcon_core.verb:set package 'moveit_planners' build argument 'cmake_target' from command line to 'None'
[0.671s] Level 5:colcon.colcon_core.verb:set package 'moveit_planners' build argument 'cmake_target_skip_unavailable' from command line to 'False'
[0.671s] Level 5:colcon.colcon_core.verb:set package 'moveit_planners' build argument 'cmake_clean_cache' from command line to 'False'
[0.671s] Level 5:colcon.colcon_core.verb:set package 'moveit_planners' build argument 'cmake_clean_first' from command line to 'False'
[0.671s] Level 5:colcon.colcon_core.verb:set package 'moveit_planners' build argument 'cmake_force_configure' from command line to 'False'
[0.671s] Level 5:colcon.colcon_core.verb:set package 'moveit_planners' build argument 'ament_cmake_args' from command line to 'None'
[0.671s] Level 5:colcon.colcon_core.verb:set package 'moveit_planners' build argument 'catkin_cmake_args' from command line to 'None'
[0.671s] Level 5:colcon.colcon_core.verb:set package 'moveit_planners' build argument 'catkin_skip_building_tests' from command line to 'False'
[0.671s] DEBUG:colcon.colcon_core.verb:Building package 'moveit_planners' with the following arguments: {'ament_cmake_args': None, 'build_base': '/home/jone/ws_moveit/build/moveit_planners', 'catkin_cmake_args': None, 'catkin_skip_building_tests': False, 'cmake_args': ['-DCMAKE_BUILD_TYPE=Release'], 'cmake_clean_cache': False, 'cmake_clean_first': False, 'cmake_force_configure': False, 'cmake_target': None, 'cmake_target_skip_unavailable': False, 'install_base': '/home/jone/ws_moveit/install/moveit_planners', 'merge_install': False, 'path': '/home/jone/ws_moveit/src/moveit2/moveit_planners/moveit_planners', 'symlink_install': False, 'test_result_base': None}
[0.671s] Level 5:colcon.colcon_core.verb:set package 'moveit_setup_app_plugins' build argument 'cmake_args' from command line to '['-DCMAKE_BUILD_TYPE=Release']'
[0.671s] Level 5:colcon.colcon_core.verb:set package 'moveit_setup_app_plugins' build argument 'cmake_target' from command line to 'None'
[0.671s] Level 5:colcon.colcon_core.verb:set package 'moveit_setup_app_plugins' build argument 'cmake_target_skip_unavailable' from command line to 'False'
[0.671s] Level 5:colcon.colcon_core.verb:set package 'moveit_setup_app_plugins' build argument 'cmake_clean_cache' from command line to 'False'
[0.671s] Level 5:colcon.colcon_core.verb:set package 'moveit_setup_app_plugins' build argument 'cmake_clean_first' from command line to 'False'
[0.671s] Level 5:colcon.colcon_core.verb:set package 'moveit_setup_app_plugins' build argument 'cmake_force_configure' from command line to 'False'
[0.671s] Level 5:colcon.colcon_core.verb:set package 'moveit_setup_app_plugins' build argument 'ament_cmake_args' from command line to 'None'
[0.671s] Level 5:colcon.colcon_core.verb:set package 'moveit_setup_app_plugins' build argument 'catkin_cmake_args' from command line to 'None'
[0.671s] Level 5:colcon.colcon_core.verb:set package 'moveit_setup_app_plugins' build argument 'catkin_skip_building_tests' from command line to 'False'
[0.671s] DEBUG:colcon.colcon_core.verb:Building package 'moveit_setup_app_plugins' with the following arguments: {'ament_cmake_args': None, 'build_base': '/home/jone/ws_moveit/build/moveit_setup_app_plugins', 'catkin_cmake_args': None, 'catkin_skip_building_tests': False, 'cmake_args': ['-DCMAKE_BUILD_TYPE=Release'], 'cmake_clean_cache': False, 'cmake_clean_first': False, 'cmake_force_configure': False, 'cmake_target': None, 'cmake_target_skip_unavailable': False, 'install_base': '/home/jone/ws_moveit/install/moveit_setup_app_plugins', 'merge_install': False, 'path': '/home/jone/ws_moveit/src/moveit2/moveit_setup_assistant/moveit_setup_app_plugins', 'symlink_install': False, 'test_result_base': None}
[0.671s] Level 5:colcon.colcon_core.verb:set package 'moveit_setup_controllers' build argument 'cmake_args' from command line to '['-DCMAKE_BUILD_TYPE=Release']'
[0.671s] Level 5:colcon.colcon_core.verb:set package 'moveit_setup_controllers' build argument 'cmake_target' from command line to 'None'
[0.671s] Level 5:colcon.colcon_core.verb:set package 'moveit_setup_controllers' build argument 'cmake_target_skip_unavailable' from command line to 'False'
[0.671s] Level 5:colcon.colcon_core.verb:set package 'moveit_setup_controllers' build argument 'cmake_clean_cache' from command line to 'False'
[0.672s] Level 5:colcon.colcon_core.verb:set package 'moveit_setup_controllers' build argument 'cmake_clean_first' from command line to 'False'
[0.672s] Level 5:colcon.colcon_core.verb:set package 'moveit_setup_controllers' build argument 'cmake_force_configure' from command line to 'False'
[0.672s] Level 5:colcon.colcon_core.verb:set package 'moveit_setup_controllers' build argument 'ament_cmake_args' from command line to 'None'
[0.672s] Level 5:colcon.colcon_core.verb:set package 'moveit_setup_controllers' build argument 'catkin_cmake_args' from command line to 'None'
[0.672s] Level 5:colcon.colcon_core.verb:set package 'moveit_setup_controllers' build argument 'catkin_skip_building_tests' from command line to 'False'
[0.672s] DEBUG:colcon.colcon_core.verb:Building package 'moveit_setup_controllers' with the following arguments: {'ament_cmake_args': None, 'build_base': '/home/jone/ws_moveit/build/moveit_setup_controllers', 'catkin_cmake_args': None, 'catkin_skip_building_tests': False, 'cmake_args': ['-DCMAKE_BUILD_TYPE=Release'], 'cmake_clean_cache': False, 'cmake_clean_first': False, 'cmake_force_configure': False, 'cmake_target': None, 'cmake_target_skip_unavailable': False, 'install_base': '/home/jone/ws_moveit/install/moveit_setup_controllers', 'merge_install': False, 'path': '/home/jone/ws_moveit/src/moveit2/moveit_setup_assistant/moveit_setup_controllers', 'symlink_install': False, 'test_result_base': None}
[0.672s] Level 5:colcon.colcon_core.verb:set package 'moveit_setup_core_plugins' build argument 'cmake_args' from command line to '['-DCMAKE_BUILD_TYPE=Release']'
[0.672s] Level 5:colcon.colcon_core.verb:set package 'moveit_setup_core_plugins' build argument 'cmake_target' from command line to 'None'
[0.672s] Level 5:colcon.colcon_core.verb:set package 'moveit_setup_core_plugins' build argument 'cmake_target_skip_unavailable' from command line to 'False'
[0.672s] Level 5:colcon.colcon_core.verb:set package 'moveit_setup_core_plugins' build argument 'cmake_clean_cache' from command line to 'False'
[0.672s] Level 5:colcon.colcon_core.verb:set package 'moveit_setup_core_plugins' build argument 'cmake_clean_first' from command line to 'False'
[0.672s] Level 5:colcon.colcon_core.verb:set package 'moveit_setup_core_plugins' build argument 'cmake_force_configure' from command line to 'False'
[0.672s] Level 5:colcon.colcon_core.verb:set package 'moveit_setup_core_plugins' build argument 'ament_cmake_args' from command line to 'None'
[0.672s] Level 5:colcon.colcon_core.verb:set package 'moveit_setup_core_plugins' build argument 'catkin_cmake_args' from command line to 'None'
[0.672s] Level 5:colcon.colcon_core.verb:set package 'moveit_setup_core_plugins' build argument 'catkin_skip_building_tests' from command line to 'False'
[0.672s] DEBUG:colcon.colcon_core.verb:Building package 'moveit_setup_core_plugins' with the following arguments: {'ament_cmake_args': None, 'build_base': '/home/jone/ws_moveit/build/moveit_setup_core_plugins', 'catkin_cmake_args': None, 'catkin_skip_building_tests': False, 'cmake_args': ['-DCMAKE_BUILD_TYPE=Release'], 'cmake_clean_cache': False, 'cmake_clean_first': False, 'cmake_force_configure': False, 'cmake_target': None, 'cmake_target_skip_unavailable': False, 'install_base': '/home/jone/ws_moveit/install/moveit_setup_core_plugins', 'merge_install': False, 'path': '/home/jone/ws_moveit/src/moveit2/moveit_setup_assistant/moveit_setup_core_plugins', 'symlink_install': False, 'test_result_base': None}
[0.672s] Level 5:colcon.colcon_core.verb:set package 'moveit_setup_srdf_plugins' build argument 'cmake_args' from command line to '['-DCMAKE_BUILD_TYPE=Release']'
[0.672s] Level 5:colcon.colcon_core.verb:set package 'moveit_setup_srdf_plugins' build argument 'cmake_target' from command line to 'None'
[0.672s] Level 5:colcon.colcon_core.verb:set package 'moveit_setup_srdf_plugins' build argument 'cmake_target_skip_unavailable' from command line to 'False'
[0.672s] Level 5:colcon.colcon_core.verb:set package 'moveit_setup_srdf_plugins' build argument 'cmake_clean_cache' from command line to 'False'
[0.672s] Level 5:colcon.colcon_core.verb:set package 'moveit_setup_srdf_plugins' build argument 'cmake_clean_first' from command line to 'False'
[0.672s] Level 5:colcon.colcon_core.verb:set package 'moveit_setup_srdf_plugins' build argument 'cmake_force_configure' from command line to 'False'
[0.672s] Level 5:colcon.colcon_core.verb:set package 'moveit_setup_srdf_plugins' build argument 'ament_cmake_args' from command line to 'None'
[0.672s] Level 5:colcon.colcon_core.verb:set package 'moveit_setup_srdf_plugins' build argument 'catkin_cmake_args' from command line to 'None'
[0.672s] Level 5:colcon.colcon_core.verb:set package 'moveit_setup_srdf_plugins' build argument 'catkin_skip_building_tests' from command line to 'False'
[0.672s] DEBUG:colcon.colcon_core.verb:Building package 'moveit_setup_srdf_plugins' with the following arguments: {'ament_cmake_args': None, 'build_base': '/home/jone/ws_moveit/build/moveit_setup_srdf_plugins', 'catkin_cmake_args': None, 'catkin_skip_building_tests': False, 'cmake_args': ['-DCMAKE_BUILD_TYPE=Release'], 'cmake_clean_cache': False, 'cmake_clean_first': False, 'cmake_force_configure': False, 'cmake_target': None, 'cmake_target_skip_unavailable': False, 'install_base': '/home/jone/ws_moveit/install/moveit_setup_srdf_plugins', 'merge_install': False, 'path': '/home/jone/ws_moveit/src/moveit2/moveit_setup_assistant/moveit_setup_srdf_plugins', 'symlink_install': False, 'test_result_base': None}
[0.673s] Level 5:colcon.colcon_core.verb:set package 'moveit_runtime' build argument 'cmake_args' from command line to '['-DCMAKE_BUILD_TYPE=Release']'
[0.673s] Level 5:colcon.colcon_core.verb:set package 'moveit_runtime' build argument 'cmake_target' from command line to 'None'
[0.673s] Level 5:colcon.colcon_core.verb:set package 'moveit_runtime' build argument 'cmake_target_skip_unavailable' from command line to 'False'
[0.673s] Level 5:colcon.colcon_core.verb:set package 'moveit_runtime' build argument 'cmake_clean_cache' from command line to 'False'
[0.673s] Level 5:colcon.colcon_core.verb:set package 'moveit_runtime' build argument 'cmake_clean_first' from command line to 'False'
[0.673s] Level 5:colcon.colcon_core.verb:set package 'moveit_runtime' build argument 'cmake_force_configure' from command line to 'False'
[0.673s] Level 5:colcon.colcon_core.verb:set package 'moveit_runtime' build argument 'ament_cmake_args' from command line to 'None'
[0.673s] Level 5:colcon.colcon_core.verb:set package 'moveit_runtime' build argument 'catkin_cmake_args' from command line to 'None'
[0.673s] Level 5:colcon.colcon_core.verb:set package 'moveit_runtime' build argument 'catkin_skip_building_tests' from command line to 'False'
[0.673s] DEBUG:colcon.colcon_core.verb:Building package 'moveit_runtime' with the following arguments: {'ament_cmake_args': None, 'build_base': '/home/jone/ws_moveit/build/moveit_runtime', 'catkin_cmake_args': None, 'catkin_skip_building_tests': False, 'cmake_args': ['-DCMAKE_BUILD_TYPE=Release'], 'cmake_clean_cache': False, 'cmake_clean_first': False, 'cmake_force_configure': False, 'cmake_target': None, 'cmake_target_skip_unavailable': False, 'install_base': '/home/jone/ws_moveit/install/moveit_runtime', 'merge_install': False, 'path': '/home/jone/ws_moveit/src/moveit2/moveit_runtime', 'symlink_install': False, 'test_result_base': None}
[0.673s] Level 5:colcon.colcon_core.verb:set package 'moveit_setup_assistant' build argument 'cmake_args' from command line to '['-DCMAKE_BUILD_TYPE=Release']'
[0.673s] Level 5:colcon.colcon_core.verb:set package 'moveit_setup_assistant' build argument 'cmake_target' from command line to 'None'
[0.673s] Level 5:colcon.colcon_core.verb:set package 'moveit_setup_assistant' build argument 'cmake_target_skip_unavailable' from command line to 'False'
[0.673s] Level 5:colcon.colcon_core.verb:set package 'moveit_setup_assistant' build argument 'cmake_clean_cache' from command line to 'False'
[0.673s] Level 5:colcon.colcon_core.verb:set package 'moveit_setup_assistant' build argument 'cmake_clean_first' from command line to 'False'
[0.673s] Level 5:colcon.colcon_core.verb:set package 'moveit_setup_assistant' build argument 'cmake_force_configure' from command line to 'False'
[0.673s] Level 5:colcon.colcon_core.verb:set package 'moveit_setup_assistant' build argument 'ament_cmake_args' from command line to 'None'
[0.673s] Level 5:colcon.colcon_core.verb:set package 'moveit_setup_assistant' build argument 'catkin_cmake_args' from command line to 'None'
[0.673s] Level 5:colcon.colcon_core.verb:set package 'moveit_setup_assistant' build argument 'catkin_skip_building_tests' from command line to 'False'
[0.673s] DEBUG:colcon.colcon_core.verb:Building package 'moveit_setup_assistant' with the following arguments: {'ament_cmake_args': None, 'build_base': '/home/jone/ws_moveit/build/moveit_setup_assistant', 'catkin_cmake_args': None, 'catkin_skip_building_tests': False, 'cmake_args': ['-DCMAKE_BUILD_TYPE=Release'], 'cmake_clean_cache': False, 'cmake_clean_first': False, 'cmake_force_configure': False, 'cmake_target': None, 'cmake_target_skip_unavailable': False, 'install_base': '/home/jone/ws_moveit/install/moveit_setup_assistant', 'merge_install': False, 'path': '/home/jone/ws_moveit/src/moveit2/moveit_setup_assistant/moveit_setup_assistant', 'symlink_install': False, 'test_result_base': None}
[0.673s] Level 5:colcon.colcon_core.verb:set package 'moveit_task_constructor_core' build argument 'cmake_args' from command line to '['-DCMAKE_BUILD_TYPE=Release']'
[0.673s] Level 5:colcon.colcon_core.verb:set package 'moveit_task_constructor_core' build argument 'cmake_target' from command line to 'None'
[0.674s] Level 5:colcon.colcon_core.verb:set package 'moveit_task_constructor_core' build argument 'cmake_target_skip_unavailable' from command line to 'False'
[0.674s] Level 5:colcon.colcon_core.verb:set package 'moveit_task_constructor_core' build argument 'cmake_clean_cache' from command line to 'False'
[0.674s] Level 5:colcon.colcon_core.verb:set package 'moveit_task_constructor_core' build argument 'cmake_clean_first' from command line to 'False'
[0.674s] Level 5:colcon.colcon_core.verb:set package 'moveit_task_constructor_core' build argument 'cmake_force_configure' from command line to 'False'
[0.674s] Level 5:colcon.colcon_core.verb:set package 'moveit_task_constructor_core' build argument 'ament_cmake_args' from command line to 'None'
[0.674s] Level 5:colcon.colcon_core.verb:set package 'moveit_task_constructor_core' build argument 'catkin_cmake_args' from command line to 'None'
[0.674s] Level 5:colcon.colcon_core.verb:set package 'moveit_task_constructor_core' build argument 'catkin_skip_building_tests' from command line to 'False'
[0.674s] DEBUG:colcon.colcon_core.verb:Building package 'moveit_task_constructor_core' with the following arguments: {'ament_cmake_args': None, 'build_base': '/home/jone/ws_moveit/build/moveit_task_constructor_core', 'catkin_cmake_args': None, 'catkin_skip_building_tests': False, 'cmake_args': ['-DCMAKE_BUILD_TYPE=Release'], 'cmake_clean_cache': False, 'cmake_clean_first': False, 'cmake_force_configure': False, 'cmake_target': None, 'cmake_target_skip_unavailable': False, 'install_base': '/home/jone/ws_moveit/install/moveit_task_constructor_core', 'merge_install': False, 'path': '/home/jone/ws_moveit/src/moveit_task_constructor/core', 'symlink_install': False, 'test_result_base': None}
[0.674s] Level 5:colcon.colcon_core.verb:set package 'moveit' build argument 'cmake_args' from command line to '['-DCMAKE_BUILD_TYPE=Release']'
[0.674s] Level 5:colcon.colcon_core.verb:set package 'moveit' build argument 'cmake_target' from command line to 'None'
[0.674s] Level 5:colcon.colcon_core.verb:set package 'moveit' build argument 'cmake_target_skip_unavailable' from command line to 'False'
[0.674s] Level 5:colcon.colcon_core.verb:set package 'moveit' build argument 'cmake_clean_cache' from command line to 'False'
[0.674s] Level 5:colcon.colcon_core.verb:set package 'moveit' build argument 'cmake_clean_first' from command line to 'False'
[0.674s] Level 5:colcon.colcon_core.verb:set package 'moveit' build argument 'cmake_force_configure' from command line to 'False'
[0.674s] Level 5:colcon.colcon_core.verb:set package 'moveit' build argument 'ament_cmake_args' from command line to 'None'
[0.674s] Level 5:colcon.colcon_core.verb:set package 'moveit' build argument 'catkin_cmake_args' from command line to 'None'
[0.674s] Level 5:colcon.colcon_core.verb:set package 'moveit' build argument 'catkin_skip_building_tests' from command line to 'False'
[0.674s] DEBUG:colcon.colcon_core.verb:Building package 'moveit' with the following arguments: {'ament_cmake_args': None, 'build_base': '/home/jone/ws_moveit/build/moveit', 'catkin_cmake_args': None, 'catkin_skip_building_tests': False, 'cmake_args': ['-DCMAKE_BUILD_TYPE=Release'], 'cmake_clean_cache': False, 'cmake_clean_first': False, 'cmake_force_configure': False, 'cmake_target': None, 'cmake_target_skip_unavailable': False, 'install_base': '/home/jone/ws_moveit/install/moveit', 'merge_install': False, 'path': '/home/jone/ws_moveit/src/moveit2/moveit', 'symlink_install': False, 'test_result_base': None}
[0.674s] Level 5:colcon.colcon_core.verb:set package 'moveit_task_constructor_capabilities' build argument 'cmake_args' from command line to '['-DCMAKE_BUILD_TYPE=Release']'
[0.674s] Level 5:colcon.colcon_core.verb:set package 'moveit_task_constructor_capabilities' build argument 'cmake_target' from command line to 'None'
[0.674s] Level 5:colcon.colcon_core.verb:set package 'moveit_task_constructor_capabilities' build argument 'cmake_target_skip_unavailable' from command line to 'False'
[0.674s] Level 5:colcon.colcon_core.verb:set package 'moveit_task_constructor_capabilities' build argument 'cmake_clean_cache' from command line to 'False'
[0.674s] Level 5:colcon.colcon_core.verb:set package 'moveit_task_constructor_capabilities' build argument 'cmake_clean_first' from command line to 'False'
[0.674s] Level 5:colcon.colcon_core.verb:set package 'moveit_task_constructor_capabilities' build argument 'cmake_force_configure' from command line to 'False'
[0.674s] Level 5:colcon.colcon_core.verb:set package 'moveit_task_constructor_capabilities' build argument 'ament_cmake_args' from command line to 'None'
[0.674s] Level 5:colcon.colcon_core.verb:set package 'moveit_task_constructor_capabilities' build argument 'catkin_cmake_args' from command line to 'None'
[0.674s] Level 5:colcon.colcon_core.verb:set package 'moveit_task_constructor_capabilities' build argument 'catkin_skip_building_tests' from command line to 'False'
[0.674s] DEBUG:colcon.colcon_core.verb:Building package 'moveit_task_constructor_capabilities' with the following arguments: {'ament_cmake_args': None, 'build_base': '/home/jone/ws_moveit/build/moveit_task_constructor_capabilities', 'catkin_cmake_args': None, 'catkin_skip_building_tests': False, 'cmake_args': ['-DCMAKE_BUILD_TYPE=Release'], 'cmake_clean_cache': False, 'cmake_clean_first': False, 'cmake_force_configure': False, 'cmake_target': None, 'cmake_target_skip_unavailable': False, 'install_base': '/home/jone/ws_moveit/install/moveit_task_constructor_capabilities', 'merge_install': False, 'path': '/home/jone/ws_moveit/src/moveit_task_constructor/capabilities', 'symlink_install': False, 'test_result_base': None}
[0.675s] Level 5:colcon.colcon_core.verb:set package 'moveit_task_constructor_visualization' build argument 'cmake_args' from command line to '['-DCMAKE_BUILD_TYPE=Release']'
[0.675s] Level 5:colcon.colcon_core.verb:set package 'moveit_task_constructor_visualization' build argument 'cmake_target' from command line to 'None'
[0.675s] Level 5:colcon.colcon_core.verb:set package 'moveit_task_constructor_visualization' build argument 'cmake_target_skip_unavailable' from command line to 'False'
[0.675s] Level 5:colcon.colcon_core.verb:set package 'moveit_task_constructor_visualization' build argument 'cmake_clean_cache' from command line to 'False'
[0.675s] Level 5:colcon.colcon_core.verb:set package 'moveit_task_constructor_visualization' build argument 'cmake_clean_first' from command line to 'False'
[0.675s] Level 5:colcon.colcon_core.verb:set package 'moveit_task_constructor_visualization' build argument 'cmake_force_configure' from command line to 'False'
[0.675s] Level 5:colcon.colcon_core.verb:set package 'moveit_task_constructor_visualization' build argument 'ament_cmake_args' from command line to 'None'
[0.675s] Level 5:colcon.colcon_core.verb:set package 'moveit_task_constructor_visualization' build argument 'catkin_cmake_args' from command line to 'None'
[0.675s] Level 5:colcon.colcon_core.verb:set package 'moveit_task_constructor_visualization' build argument 'catkin_skip_building_tests' from command line to 'False'
[0.675s] DEBUG:colcon.colcon_core.verb:Building package 'moveit_task_constructor_visualization' with the following arguments: {'ament_cmake_args': None, 'build_base': '/home/jone/ws_moveit/build/moveit_task_constructor_visualization', 'catkin_cmake_args': None, 'catkin_skip_building_tests': False, 'cmake_args': ['-DCMAKE_BUILD_TYPE=Release'], 'cmake_clean_cache': False, 'cmake_clean_first': False, 'cmake_force_configure': False, 'cmake_target': None, 'cmake_target_skip_unavailable': False, 'install_base': '/home/jone/ws_moveit/install/moveit_task_constructor_visualization', 'merge_install': False, 'path': '/home/jone/ws_moveit/src/moveit_task_constructor/visualization', 'symlink_install': False, 'test_result_base': None}
[0.675s] Level 5:colcon.colcon_core.verb:set package 'moveit2_tutorials' build argument 'cmake_args' from command line to '['-DCMAKE_BUILD_TYPE=Release']'
[0.675s] Level 5:colcon.colcon_core.verb:set package 'moveit2_tutorials' build argument 'cmake_target' from command line to 'None'
[0.675s] Level 5:colcon.colcon_core.verb:set package 'moveit2_tutorials' build argument 'cmake_target_skip_unavailable' from command line to 'False'
[0.675s] Level 5:colcon.colcon_core.verb:set package 'moveit2_tutorials' build argument 'cmake_clean_cache' from command line to 'False'
[0.675s] Level 5:colcon.colcon_core.verb:set package 'moveit2_tutorials' build argument 'cmake_clean_first' from command line to 'False'
[0.675s] Level 5:colcon.colcon_core.verb:set package 'moveit2_tutorials' build argument 'cmake_force_configure' from command line to 'False'
[0.675s] Level 5:colcon.colcon_core.verb:set package 'moveit2_tutorials' build argument 'ament_cmake_args' from command line to 'None'
[0.675s] Level 5:colcon.colcon_core.verb:set package 'moveit2_tutorials' build argument 'catkin_cmake_args' from command line to 'None'
[0.675s] Level 5:colcon.colcon_core.verb:set package 'moveit2_tutorials' build argument 'catkin_skip_building_tests' from command line to 'False'
[0.675s] DEBUG:colcon.colcon_core.verb:Building package 'moveit2_tutorials' with the following arguments: {'ament_cmake_args': None, 'build_base': '/home/jone/ws_moveit/build/moveit2_tutorials', 'catkin_cmake_args': None, 'catkin_skip_building_tests': False, 'cmake_args': ['-DCMAKE_BUILD_TYPE=Release'], 'cmake_clean_cache': False, 'cmake_clean_first': False, 'cmake_force_configure': False, 'cmake_target': None, 'cmake_target_skip_unavailable': False, 'install_base': '/home/jone/ws_moveit/install/moveit2_tutorials', 'merge_install': False, 'path': '/home/jone/ws_moveit/src/moveit2_tutorials', 'symlink_install': False, 'test_result_base': None}
[0.675s] Level 5:colcon.colcon_core.verb:set package 'moveit_task_constructor_demo' build argument 'cmake_args' from command line to '['-DCMAKE_BUILD_TYPE=Release']'
[0.676s] Level 5:colcon.colcon_core.verb:set package 'moveit_task_constructor_demo' build argument 'cmake_target' from command line to 'None'
[0.676s] Level 5:colcon.colcon_core.verb:set package 'moveit_task_constructor_demo' build argument 'cmake_target_skip_unavailable' from command line to 'False'
[0.676s] Level 5:colcon.colcon_core.verb:set package 'moveit_task_constructor_demo' build argument 'cmake_clean_cache' from command line to 'False'
[0.676s] Level 5:colcon.colcon_core.verb:set package 'moveit_task_constructor_demo' build argument 'cmake_clean_first' from command line to 'False'
[0.676s] Level 5:colcon.colcon_core.verb:set package 'moveit_task_constructor_demo' build argument 'cmake_force_configure' from command line to 'False'
[0.676s] Level 5:colcon.colcon_core.verb:set package 'moveit_task_constructor_demo' build argument 'ament_cmake_args' from command line to 'None'
[0.676s] Level 5:colcon.colcon_core.verb:set package 'moveit_task_constructor_demo' build argument 'catkin_cmake_args' from command line to 'None'
[0.676s] Level 5:colcon.colcon_core.verb:set package 'moveit_task_constructor_demo' build argument 'catkin_skip_building_tests' from command line to 'False'
[0.676s] DEBUG:colcon.colcon_core.verb:Building package 'moveit_task_constructor_demo' with the following arguments: {'ament_cmake_args': None, 'build_base': '/home/jone/ws_moveit/build/moveit_task_constructor_demo', 'catkin_cmake_args': None, 'catkin_skip_building_tests': False, 'cmake_args': ['-DCMAKE_BUILD_TYPE=Release'], 'cmake_clean_cache': False, 'cmake_clean_first': False, 'cmake_force_configure': False, 'cmake_target': None, 'cmake_target_skip_unavailable': False, 'install_base': '/home/jone/ws_moveit/install/moveit_task_constructor_demo', 'merge_install': False, 'path': '/home/jone/ws_moveit/src/moveit_task_constructor/demo', 'symlink_install': False, 'test_result_base': None}
[0.676s] INFO:colcon.colcon_core.executor:Executing jobs using 'sequential' executor
[0.677s] DEBUG:colcon.colcon_core.executor.sequential:run_until_complete 'launch_param_builder'
[0.677s] INFO:colcon.colcon_ros.task.ament_python.build:Building ROS package in '/home/jone/ws_moveit/src/launch_param_builder' with build type 'ament_python'
[0.677s] Level 1:colcon.colcon_core.shell:create_environment_hook('launch_param_builder', 'ament_prefix_path')
[0.682s] INFO:colcon.colcon_core.plugin_system:Skipping extension 'colcon_core.shell.bat': Not used on non-Windows systems
[0.682s] INFO:colcon.colcon_core.shell:Creating environment hook '/home/jone/ws_moveit/install/launch_param_builder/share/launch_param_builder/hook/ament_prefix_path.ps1'
[0.683s] INFO:colcon.colcon_core.shell:Creating environment descriptor '/home/jone/ws_moveit/install/launch_param_builder/share/launch_param_builder/hook/ament_prefix_path.dsv'
[0.683s] INFO:colcon.colcon_core.shell:Creating environment hook '/home/jone/ws_moveit/install/launch_param_builder/share/launch_param_builder/hook/ament_prefix_path.sh'
[0.684s] INFO:colcon.colcon_core.shell:Skip shell extension 'powershell' for command environment: Not usable outside of PowerShell
[0.684s] DEBUG:colcon.colcon_core.shell:Skip shell extension 'dsv' for command environment
[0.874s] INFO:colcon.colcon_core.task.python.build:Building Python package in '/home/jone/ws_moveit/src/launch_param_builder'
[0.874s] INFO:colcon.colcon_core.shell:Skip shell extension 'powershell' for command environment: Not usable outside of PowerShell
[0.874s] DEBUG:colcon.colcon_core.shell:Skip shell extension 'dsv' for command environment
[1.260s] DEBUG:colcon.colcon_core.event_handler.log_command:Invoking command in '/home/jone/ws_moveit/src/launch_param_builder': PYTHONPATH=/home/jone/ws_moveit/build/launch_param_builder/prefix_override:/usr/lib/python3/dist-packages/colcon_core/task/python/colcon_distutils_commands:/home/jone/ws_moveit/install/launch_param_builder/lib/python3.10/site-packages:${PYTHONPATH} /usr/bin/python3 -W ignore:setup.py install is deprecated -W ignore:easy_install command is deprecated setup.py egg_info --egg-base ../../build/launch_param_builder build --build-base /home/jone/ws_moveit/build/launch_param_builder/build install --record /home/jone/ws_moveit/build/launch_param_builder/install.log --single-version-externally-managed install_data
[1.475s] DEBUG:colcon.colcon_core.event_handler.log_command:Invoked command in '/home/jone/ws_moveit/src/launch_param_builder' returned '0': PYTHONPATH=/home/jone/ws_moveit/build/launch_param_builder/prefix_override:/usr/lib/python3/dist-packages/colcon_core/task/python/colcon_distutils_commands:/home/jone/ws_moveit/install/launch_param_builder/lib/python3.10/site-packages:${PYTHONPATH} /usr/bin/python3 -W ignore:setup.py install is deprecated -W ignore:easy_install command is deprecated setup.py egg_info --egg-base ../../build/launch_param_builder build --build-base /home/jone/ws_moveit/build/launch_param_builder/build install --record /home/jone/ws_moveit/build/launch_param_builder/install.log --single-version-externally-managed install_data
[1.481s] Level 1:colcon.colcon_core.environment:checking '/home/jone/ws_moveit/install/launch_param_builder' for CMake module files
[1.481s] Level 1:colcon.colcon_core.environment:checking '/home/jone/ws_moveit/install/launch_param_builder' for CMake config files
[1.482s] Level 1:colcon.colcon_core.environment:checking '/home/jone/ws_moveit/install/launch_param_builder/lib'
[1.482s] Level 1:colcon.colcon_core.environment:checking '/home/jone/ws_moveit/install/launch_param_builder/bin'
[1.482s] Level 1:colcon.colcon_core.environment:checking '/home/jone/ws_moveit/install/launch_param_builder/lib/pkgconfig/launch_param_builder.pc'
[1.482s] Level 1:colcon.colcon_core.environment:checking '/home/jone/ws_moveit/install/launch_param_builder/lib/python3.10/site-packages'
[1.482s] Level 1:colcon.colcon_core.shell:create_environment_hook('launch_param_builder', 'pythonpath')
[1.482s] INFO:colcon.colcon_core.shell:Creating environment hook '/home/jone/ws_moveit/install/launch_param_builder/share/launch_param_builder/hook/pythonpath.ps1'
[1.483s] INFO:colcon.colcon_core.shell:Creating environment descriptor '/home/jone/ws_moveit/install/launch_param_builder/share/launch_param_builder/hook/pythonpath.dsv'
[1.483s] INFO:colcon.colcon_core.shell:Creating environment hook '/home/jone/ws_moveit/install/launch_param_builder/share/launch_param_builder/hook/pythonpath.sh'
[1.483s] Level 1:colcon.colcon_core.environment:checking '/home/jone/ws_moveit/install/launch_param_builder/bin'
[1.483s] Level 1:colcon.colcon_core.environment:create_environment_scripts_only(launch_param_builder)
[1.484s] INFO:colcon.colcon_core.shell:Creating package script '/home/jone/ws_moveit/install/launch_param_builder/share/launch_param_builder/package.ps1'
[1.484s] INFO:colcon.colcon_core.shell:Creating package descriptor '/home/jone/ws_moveit/install/launch_param_builder/share/launch_param_builder/package.dsv'
[1.485s] INFO:colcon.colcon_core.shell:Creating package script '/home/jone/ws_moveit/install/launch_param_builder/share/launch_param_builder/package.sh'
[1.485s] INFO:colcon.colcon_core.shell:Creating package script '/home/jone/ws_moveit/install/launch_param_builder/share/launch_param_builder/package.bash'
[1.486s] INFO:colcon.colcon_core.shell:Creating package script '/home/jone/ws_moveit/install/launch_param_builder/share/launch_param_builder/package.zsh'
[1.486s] Level 1:colcon.colcon_core.environment:create_file_with_runtime_dependencies(/home/jone/ws_moveit/install/launch_param_builder/share/colcon-core/packages/launch_param_builder)
[1.486s] DEBUG:colcon.colcon_core.executor.sequential:run_until_complete 'launch_param_builder' finished with '0'
[1.486s] DEBUG:colcon.colcon_core.executor.sequential:run_until_complete 'moveit_common'
[1.486s] INFO:colcon.colcon_ros.task.ament_cmake.build:Building ROS package in '/home/jone/ws_moveit/src/moveit2/moveit_common' with build type 'ament_cmake'
[1.487s] INFO:colcon.colcon_cmake.task.cmake.build:Building CMake package in '/home/jone/ws_moveit/src/moveit2/moveit_common'
[1.487s] INFO:colcon.colcon_core.shell:Skip shell extension 'powershell' for command environment: Not usable outside of PowerShell
[1.487s] DEBUG:colcon.colcon_core.shell:Skip shell extension 'dsv' for command environment
[1.494s] DEBUG:colcon.colcon_core.event_handler.log_command:Invoking command in '/home/jone/ws_moveit/build/moveit_common': CMAKE_PREFIX_PATH=/opt/ros/humble /usr/bin/cmake --build /home/jone/ws_moveit/build/moveit_common -- -j16 -l16
[1.531s] DEBUG:colcon.colcon_core.event_handler.log_command:Invoked command in '/home/jone/ws_moveit/build/moveit_common' returned '0': CMAKE_PREFIX_PATH=/opt/ros/humble /usr/bin/cmake --build /home/jone/ws_moveit/build/moveit_common -- -j16 -l16
[1.540s] DEBUG:colcon.colcon_core.event_handler.log_command:Invoking command in '/home/jone/ws_moveit/build/moveit_common': CMAKE_PREFIX_PATH=/opt/ros/humble /usr/bin/cmake --install /home/jone/ws_moveit/build/moveit_common
[1.549s] Level 1:colcon.colcon_core.environment:create_environment_scripts_only(moveit_common)
[1.549s] Level 1:colcon.colcon_core.environment:checking '/home/jone/ws_moveit/install/moveit_common' for CMake module files
[1.550s] DEBUG:colcon.colcon_core.event_handler.log_command:Invoked command in '/home/jone/ws_moveit/build/moveit_common' returned '0': CMAKE_PREFIX_PATH=/opt/ros/humble /usr/bin/cmake --install /home/jone/ws_moveit/build/moveit_common
[1.550s] Level 1:colcon.colcon_core.environment:checking '/home/jone/ws_moveit/install/moveit_common' for CMake config files
[1.550s] Level 1:colcon.colcon_core.shell:create_environment_hook('moveit_common', 'cmake_prefix_path')
[1.550s] INFO:colcon.colcon_core.shell:Creating environment hook '/home/jone/ws_moveit/install/moveit_common/share/moveit_common/hook/cmake_prefix_path.ps1'
[1.551s] INFO:colcon.colcon_core.shell:Creating environment descriptor '/home/jone/ws_moveit/install/moveit_common/share/moveit_common/hook/cmake_prefix_path.dsv'
[1.551s] INFO:colcon.colcon_core.shell:Creating environment hook '/home/jone/ws_moveit/install/moveit_common/share/moveit_common/hook/cmake_prefix_path.sh'
[1.552s] Level 1:colcon.colcon_core.environment:checking '/home/jone/ws_moveit/install/moveit_common/bin'
[1.552s] Level 1:colcon.colcon_core.environment:checking '/home/jone/ws_moveit/install/moveit_common/lib/pkgconfig/moveit_common.pc'
[1.552s] Level 1:colcon.colcon_core.environment:checking '/home/jone/ws_moveit/install/moveit_common/lib/python3.10/site-packages'
[1.552s] Level 1:colcon.colcon_core.environment:checking '/home/jone/ws_moveit/install/moveit_common/bin'
[1.552s] INFO:colcon.colcon_core.shell:Creating package script '/home/jone/ws_moveit/install/moveit_common/share/moveit_common/package.ps1'
[1.553s] INFO:colcon.colcon_core.shell:Creating package descriptor '/home/jone/ws_moveit/install/moveit_common/share/moveit_common/package.dsv'
[1.553s] INFO:colcon.colcon_core.shell:Creating package script '/home/jone/ws_moveit/install/moveit_common/share/moveit_common/package.sh'
[1.553s] INFO:colcon.colcon_core.shell:Creating package script '/home/jone/ws_moveit/install/moveit_common/share/moveit_common/package.bash'
[1.554s] INFO:colcon.colcon_core.shell:Creating package script '/home/jone/ws_moveit/install/moveit_common/share/moveit_common/package.zsh'
[1.554s] Level 1:colcon.colcon_core.environment:create_file_with_runtime_dependencies(/home/jone/ws_moveit/install/moveit_common/share/colcon-core/packages/moveit_common)
[1.555s] Level 1:colcon.colcon_core.environment:create_environment_scripts_only(moveit_common)
[1.555s] Level 1:colcon.colcon_core.environment:checking '/home/jone/ws_moveit/install/moveit_common' for CMake module files
[1.555s] Level 1:colcon.colcon_core.environment:checking '/home/jone/ws_moveit/install/moveit_common' for CMake config files
[1.556s] Level 1:colcon.colcon_core.shell:create_environment_hook('moveit_common', 'cmake_prefix_path')
[1.556s] INFO:colcon.colcon_core.shell:Creating environment hook '/home/jone/ws_moveit/install/moveit_common/share/moveit_common/hook/cmake_prefix_path.ps1'
[1.556s] INFO:colcon.colcon_core.shell:Creating environment descriptor '/home/jone/ws_moveit/install/moveit_common/share/moveit_common/hook/cmake_prefix_path.dsv'
[1.556s] INFO:colcon.colcon_core.shell:Creating environment hook '/home/jone/ws_moveit/install/moveit_common/share/moveit_common/hook/cmake_prefix_path.sh'
[1.557s] Level 1:colcon.colcon_core.environment:checking '/home/jone/ws_moveit/install/moveit_common/bin'
[1.557s] Level 1:colcon.colcon_core.environment:checking '/home/jone/ws_moveit/install/moveit_common/lib/pkgconfig/moveit_common.pc'
[1.557s] Level 1:colcon.colcon_core.environment:checking '/home/jone/ws_moveit/install/moveit_common/lib/python3.10/site-packages'
[1.557s] Level 1:colcon.colcon_core.environment:checking '/home/jone/ws_moveit/install/moveit_common/bin'
[1.557s] INFO:colcon.colcon_core.shell:Creating package script '/home/jone/ws_moveit/install/moveit_common/share/moveit_common/package.ps1'
[1.558s] INFO:colcon.colcon_core.shell:Creating package descriptor '/home/jone/ws_moveit/install/moveit_common/share/moveit_common/package.dsv'
[1.558s] INFO:colcon.colcon_core.shell:Creating package script '/home/jone/ws_moveit/install/moveit_common/share/moveit_common/package.sh'
[1.558s] INFO:colcon.colcon_core.shell:Creating package script '/home/jone/ws_moveit/install/moveit_common/share/moveit_common/package.bash'
[1.559s] INFO:colcon.colcon_core.shell:Creating package script '/home/jone/ws_moveit/install/moveit_common/share/moveit_common/package.zsh'
[1.559s] Level 1:colcon.colcon_core.environment:create_file_with_runtime_dependencies(/home/jone/ws_moveit/install/moveit_common/share/colcon-core/packages/moveit_common)
[1.559s] DEBUG:colcon.colcon_core.executor.sequential:run_until_complete 'moveit_common' finished with '0'
[1.559s] DEBUG:colcon.colcon_core.executor.sequential:run_until_complete 'moveit_resources_fanuc_description'
[1.559s] INFO:colcon.colcon_ros.task.ament_cmake.build:Building ROS package in '/home/jone/ws_moveit/src/moveit_resources/fanuc_description' with build type 'ament_cmake'
[1.559s] INFO:colcon.colcon_cmake.task.cmake.build:Building CMake package in '/home/jone/ws_moveit/src/moveit_resources/fanuc_description'
[1.560s] INFO:colcon.colcon_core.shell:Skip shell extension 'powershell' for command environment: Not usable outside of PowerShell
[1.560s] DEBUG:colcon.colcon_core.shell:Skip shell extension 'dsv' for command environment
[1.566s] DEBUG:colcon.colcon_core.event_handler.log_command:Invoking command in '/home/jone/ws_moveit/build/moveit_resources_fanuc_description': CMAKE_PREFIX_PATH=/opt/ros/humble /usr/bin/cmake --build /home/jone/ws_moveit/build/moveit_resources_fanuc_description -- -j16 -l16
[1.601s] DEBUG:colcon.colcon_core.event_handler.log_command:Invoked command in '/home/jone/ws_moveit/build/moveit_resources_fanuc_description' returned '0': CMAKE_PREFIX_PATH=/opt/ros/humble /usr/bin/cmake --build /home/jone/ws_moveit/build/moveit_resources_fanuc_description -- -j16 -l16
[1.603s] DEBUG:colcon.colcon_core.event_handler.log_command:Invoking command in '/home/jone/ws_moveit/build/moveit_resources_fanuc_description': CMAKE_PREFIX_PATH=/opt/ros/humble /usr/bin/cmake --install /home/jone/ws_moveit/build/moveit_resources_fanuc_description
[1.613s] Level 1:colcon.colcon_core.environment:create_environment_scripts_only(moveit_resources_fanuc_description)
[1.614s] Level 1:colcon.colcon_core.environment:checking '/home/jone/ws_moveit/install/moveit_resources_fanuc_description' for CMake module files
[1.614s] DEBUG:colcon.colcon_core.event_handler.log_command:Invoked command in '/home/jone/ws_moveit/build/moveit_resources_fanuc_description' returned '0': CMAKE_PREFIX_PATH=/opt/ros/humble /usr/bin/cmake --install /home/jone/ws_moveit/build/moveit_resources_fanuc_description
[1.615s] Level 1:colcon.colcon_core.environment:checking '/home/jone/ws_moveit/install/moveit_resources_fanuc_description' for CMake config files
[1.615s] Level 1:colcon.colcon_core.shell:create_environment_hook('moveit_resources_fanuc_description', 'cmake_prefix_path')
[1.615s] INFO:colcon.colcon_core.shell:Creating environment hook '/home/jone/ws_moveit/install/moveit_resources_fanuc_description/share/moveit_resources_fanuc_description/hook/cmake_prefix_path.ps1'
[1.616s] INFO:colcon.colcon_core.shell:Creating environment descriptor '/home/jone/ws_moveit/install/moveit_resources_fanuc_description/share/moveit_resources_fanuc_description/hook/cmake_prefix_path.dsv'
[1.616s] INFO:colcon.colcon_core.shell:Creating environment hook '/home/jone/ws_moveit/install/moveit_resources_fanuc_description/share/moveit_resources_fanuc_description/hook/cmake_prefix_path.sh'
[1.616s] Level 1:colcon.colcon_core.environment:checking '/home/jone/ws_moveit/install/moveit_resources_fanuc_description/bin'
[1.616s] Level 1:colcon.colcon_core.environment:checking '/home/jone/ws_moveit/install/moveit_resources_fanuc_description/lib/pkgconfig/moveit_resources_fanuc_description.pc'
[1.617s] Level 1:colcon.colcon_core.environment:checking '/home/jone/ws_moveit/install/moveit_resources_fanuc_description/lib/python3.10/site-packages'
[1.617s] Level 1:colcon.colcon_core.environment:checking '/home/jone/ws_moveit/install/moveit_resources_fanuc_description/bin'
[1.617s] INFO:colcon.colcon_core.shell:Creating package script '/home/jone/ws_moveit/install/moveit_resources_fanuc_description/share/moveit_resources_fanuc_description/package.ps1'
[1.617s] INFO:colcon.colcon_core.shell:Creating package descriptor '/home/jone/ws_moveit/install/moveit_resources_fanuc_description/share/moveit_resources_fanuc_description/package.dsv'
[1.618s] INFO:colcon.colcon_core.shell:Creating package script '/home/jone/ws_moveit/install/moveit_resources_fanuc_description/share/moveit_resources_fanuc_description/package.sh'
[1.618s] INFO:colcon.colcon_core.shell:Creating package script '/home/jone/ws_moveit/install/moveit_resources_fanuc_description/share/moveit_resources_fanuc_description/package.bash'
[1.618s] INFO:colcon.colcon_core.shell:Creating package script '/home/jone/ws_moveit/install/moveit_resources_fanuc_description/share/moveit_resources_fanuc_description/package.zsh'
[1.619s] Level 1:colcon.colcon_core.environment:create_file_with_runtime_dependencies(/home/jone/ws_moveit/install/moveit_resources_fanuc_description/share/colcon-core/packages/moveit_resources_fanuc_description)
[1.619s] Level 1:colcon.colcon_core.environment:create_environment_scripts_only(moveit_resources_fanuc_description)
[1.619s] Level 1:colcon.colcon_core.environment:checking '/home/jone/ws_moveit/install/moveit_resources_fanuc_description' for CMake module files
[1.619s] Level 1:colcon.colcon_core.environment:checking '/home/jone/ws_moveit/install/moveit_resources_fanuc_description' for CMake config files
[1.620s] Level 1:colcon.colcon_core.shell:create_environment_hook('moveit_resources_fanuc_description', 'cmake_prefix_path')
[1.620s] INFO:colcon.colcon_core.shell:Creating environment hook '/home/jone/ws_moveit/install/moveit_resources_fanuc_description/share/moveit_resources_fanuc_description/hook/cmake_prefix_path.ps1'
[1.620s] INFO:colcon.colcon_core.shell:Creating environment descriptor '/home/jone/ws_moveit/install/moveit_resources_fanuc_description/share/moveit_resources_fanuc_description/hook/cmake_prefix_path.dsv'
[1.620s] INFO:colcon.colcon_core.shell:Creating environment hook '/home/jone/ws_moveit/install/moveit_resources_fanuc_description/share/moveit_resources_fanuc_description/hook/cmake_prefix_path.sh'
[1.621s] Level 1:colcon.colcon_core.environment:checking '/home/jone/ws_moveit/install/moveit_resources_fanuc_description/bin'
[1.621s] Level 1:colcon.colcon_core.environment:checking '/home/jone/ws_moveit/install/moveit_resources_fanuc_description/lib/pkgconfig/moveit_resources_fanuc_description.pc'
[1.621s] Level 1:colcon.colcon_core.environment:checking '/home/jone/ws_moveit/install/moveit_resources_fanuc_description/lib/python3.10/site-packages'
[1.621s] Level 1:colcon.colcon_core.environment:checking '/home/jone/ws_moveit/install/moveit_resources_fanuc_description/bin'
[1.621s] INFO:colcon.colcon_core.shell:Creating package script '/home/jone/ws_moveit/install/moveit_resources_fanuc_description/share/moveit_resources_fanuc_description/package.ps1'
[1.622s] INFO:colcon.colcon_core.shell:Creating package descriptor '/home/jone/ws_moveit/install/moveit_resources_fanuc_description/share/moveit_resources_fanuc_description/package.dsv'
[1.622s] INFO:colcon.colcon_core.shell:Creating package script '/home/jone/ws_moveit/install/moveit_resources_fanuc_description/share/moveit_resources_fanuc_description/package.sh'
[1.622s] INFO:colcon.colcon_core.shell:Creating package script '/home/jone/ws_moveit/install/moveit_resources_fanuc_description/share/moveit_resources_fanuc_description/package.bash'
[1.623s] INFO:colcon.colcon_core.shell:Creating package script '/home/jone/ws_moveit/install/moveit_resources_fanuc_description/share/moveit_resources_fanuc_description/package.zsh'
[1.623s] Level 1:colcon.colcon_core.environment:create_file_with_runtime_dependencies(/home/jone/ws_moveit/install/moveit_resources_fanuc_description/share/colcon-core/packages/moveit_resources_fanuc_description)
[1.623s] DEBUG:colcon.colcon_core.executor.sequential:run_until_complete 'moveit_resources_fanuc_description' finished with '0'
[1.623s] DEBUG:colcon.colcon_core.executor.sequential:run_until_complete 'moveit_resources_panda_description'
[1.623s] INFO:colcon.colcon_ros.task.ament_cmake.build:Building ROS package in '/home/jone/ws_moveit/src/moveit_resources/panda_description' with build type 'ament_cmake'
[1.623s] INFO:colcon.colcon_cmake.task.cmake.build:Building CMake package in '/home/jone/ws_moveit/src/moveit_resources/panda_description'
[1.623s] INFO:colcon.colcon_core.shell:Skip shell extension 'powershell' for command environment: Not usable outside of PowerShell
[1.623s] DEBUG:colcon.colcon_core.shell:Skip shell extension 'dsv' for command environment
[1.629s] DEBUG:colcon.colcon_core.event_handler.log_command:Invoking command in '/home/jone/ws_moveit/build/moveit_resources_panda_description': CMAKE_PREFIX_PATH=/opt/ros/humble /usr/bin/cmake --build /home/jone/ws_moveit/build/moveit_resources_panda_description -- -j16 -l16
[1.665s] DEBUG:colcon.colcon_core.event_handler.log_command:Invoked command in '/home/jone/ws_moveit/build/moveit_resources_panda_description' returned '0': CMAKE_PREFIX_PATH=/opt/ros/humble /usr/bin/cmake --build /home/jone/ws_moveit/build/moveit_resources_panda_description -- -j16 -l16
[1.666s] DEBUG:colcon.colcon_core.event_handler.log_command:Invoking command in '/home/jone/ws_moveit/build/moveit_resources_panda_description': CMAKE_PREFIX_PATH=/opt/ros/humble /usr/bin/cmake --install /home/jone/ws_moveit/build/moveit_resources_panda_description
[1.676s] Level 1:colcon.colcon_core.environment:create_environment_scripts_only(moveit_resources_panda_description)
[1.676s] Level 1:colcon.colcon_core.environment:checking '/home/jone/ws_moveit/install/moveit_resources_panda_description' for CMake module files
[1.677s] DEBUG:colcon.colcon_core.event_handler.log_command:Invoked command in '/home/jone/ws_moveit/build/moveit_resources_panda_description' returned '0': CMAKE_PREFIX_PATH=/opt/ros/humble /usr/bin/cmake --install /home/jone/ws_moveit/build/moveit_resources_panda_description
[1.677s] Level 1:colcon.colcon_core.environment:checking '/home/jone/ws_moveit/install/moveit_resources_panda_description' for CMake config files
[1.677s] Level 1:colcon.colcon_core.shell:create_environment_hook('moveit_resources_panda_description', 'cmake_prefix_path')
[1.677s] INFO:colcon.colcon_core.shell:Creating environment hook '/home/jone/ws_moveit/install/moveit_resources_panda_description/share/moveit_resources_panda_description/hook/cmake_prefix_path.ps1'
[1.678s] INFO:colcon.colcon_core.shell:Creating environment descriptor '/home/jone/ws_moveit/install/moveit_resources_panda_description/share/moveit_resources_panda_description/hook/cmake_prefix_path.dsv'
[1.678s] INFO:colcon.colcon_core.shell:Creating environment hook '/home/jone/ws_moveit/install/moveit_resources_panda_description/share/moveit_resources_panda_description/hook/cmake_prefix_path.sh'
[1.678s] Level 1:colcon.colcon_core.environment:checking '/home/jone/ws_moveit/install/moveit_resources_panda_description/bin'
[1.678s] Level 1:colcon.colcon_core.environment:checking '/home/jone/ws_moveit/install/moveit_resources_panda_description/lib/pkgconfig/moveit_resources_panda_description.pc'
[1.678s] Level 1:colcon.colcon_core.environment:checking '/home/jone/ws_moveit/install/moveit_resources_panda_description/lib/python3.10/site-packages'
[1.679s] Level 1:colcon.colcon_core.environment:checking '/home/jone/ws_moveit/install/moveit_resources_panda_description/bin'
[1.679s] INFO:colcon.colcon_core.shell:Creating package script '/home/jone/ws_moveit/install/moveit_resources_panda_description/share/moveit_resources_panda_description/package.ps1'
[1.679s] INFO:colcon.colcon_core.shell:Creating package descriptor '/home/jone/ws_moveit/install/moveit_resources_panda_description/share/moveit_resources_panda_description/package.dsv'
[1.680s] INFO:colcon.colcon_core.shell:Creating package script '/home/jone/ws_moveit/install/moveit_resources_panda_description/share/moveit_resources_panda_description/package.sh'
[1.680s] INFO:colcon.colcon_core.shell:Creating package script '/home/jone/ws_moveit/install/moveit_resources_panda_description/share/moveit_resources_panda_description/package.bash'
[1.680s] INFO:colcon.colcon_core.shell:Creating package script '/home/jone/ws_moveit/install/moveit_resources_panda_description/share/moveit_resources_panda_description/package.zsh'
[1.680s] Level 1:colcon.colcon_core.environment:create_file_with_runtime_dependencies(/home/jone/ws_moveit/install/moveit_resources_panda_description/share/colcon-core/packages/moveit_resources_panda_description)
[1.681s] Level 1:colcon.colcon_core.environment:create_environment_scripts_only(moveit_resources_panda_description)
[1.681s] Level 1:colcon.colcon_core.environment:checking '/home/jone/ws_moveit/install/moveit_resources_panda_description' for CMake module files
[1.681s] Level 1:colcon.colcon_core.environment:checking '/home/jone/ws_moveit/install/moveit_resources_panda_description' for CMake config files
[1.682s] Level 1:colcon.colcon_core.shell:create_environment_hook('moveit_resources_panda_description', 'cmake_prefix_path')
[1.682s] INFO:colcon.colcon_core.shell:Creating environment hook '/home/jone/ws_moveit/install/moveit_resources_panda_description/share/moveit_resources_panda_description/hook/cmake_prefix_path.ps1'
[1.682s] INFO:colcon.colcon_core.shell:Creating environment descriptor '/home/jone/ws_moveit/install/moveit_resources_panda_description/share/moveit_resources_panda_description/hook/cmake_prefix_path.dsv'
[1.682s] INFO:colcon.colcon_core.shell:Creating environment hook '/home/jone/ws_moveit/install/moveit_resources_panda_description/share/moveit_resources_panda_description/hook/cmake_prefix_path.sh'
[1.683s] Level 1:colcon.colcon_core.environment:checking '/home/jone/ws_moveit/install/moveit_resources_panda_description/bin'
[1.683s] Level 1:colcon.colcon_core.environment:checking '/home/jone/ws_moveit/install/moveit_resources_panda_description/lib/pkgconfig/moveit_resources_panda_description.pc'
[1.683s] Level 1:colcon.colcon_core.environment:checking '/home/jone/ws_moveit/install/moveit_resources_panda_description/lib/python3.10/site-packages'
[1.684s] Level 1:colcon.colcon_core.environment:checking '/home/jone/ws_moveit/install/moveit_resources_panda_description/bin'
[1.684s] INFO:colcon.colcon_core.shell:Creating package script '/home/jone/ws_moveit/install/moveit_resources_panda_description/share/moveit_resources_panda_description/package.ps1'
[1.684s] INFO:colcon.colcon_core.shell:Creating package descriptor '/home/jone/ws_moveit/install/moveit_resources_panda_description/share/moveit_resources_panda_description/package.dsv'
[1.684s] INFO:colcon.colcon_core.shell:Creating package script '/home/jone/ws_moveit/install/moveit_resources_panda_description/share/moveit_resources_panda_description/package.sh'
[1.685s] INFO:colcon.colcon_core.shell:Creating package script '/home/jone/ws_moveit/install/moveit_resources_panda_description/share/moveit_resources_panda_description/package.bash'
[1.685s] INFO:colcon.colcon_core.shell:Creating package script '/home/jone/ws_moveit/install/moveit_resources_panda_description/share/moveit_resources_panda_description/package.zsh'
[1.685s] Level 1:colcon.colcon_core.environment:create_file_with_runtime_dependencies(/home/jone/ws_moveit/install/moveit_resources_panda_description/share/colcon-core/packages/moveit_resources_panda_description)
[1.686s] DEBUG:colcon.colcon_core.executor.sequential:run_until_complete 'moveit_resources_panda_description' finished with '0'
[1.686s] DEBUG:colcon.colcon_core.executor.sequential:run_until_complete 'moveit_resources_pr2_description'
[1.686s] INFO:colcon.colcon_ros.task.ament_cmake.build:Building ROS package in '/home/jone/ws_moveit/src/moveit_resources/pr2_description' with build type 'ament_cmake'
[1.686s] INFO:colcon.colcon_cmake.task.cmake.build:Building CMake package in '/home/jone/ws_moveit/src/moveit_resources/pr2_description'
[1.686s] INFO:colcon.colcon_core.shell:Skip shell extension 'powershell' for command environment: Not usable outside of PowerShell
[1.686s] DEBUG:colcon.colcon_core.shell:Skip shell extension 'dsv' for command environment
[1.692s] DEBUG:colcon.colcon_core.event_handler.log_command:Invoking command in '/home/jone/ws_moveit/build/moveit_resources_pr2_description': CMAKE_PREFIX_PATH=/opt/ros/humble /usr/bin/cmake --build /home/jone/ws_moveit/build/moveit_resources_pr2_description -- -j16 -l16
[1.727s] DEBUG:colcon.colcon_core.event_handler.log_command:Invoked command in '/home/jone/ws_moveit/build/moveit_resources_pr2_description' returned '0': CMAKE_PREFIX_PATH=/opt/ros/humble /usr/bin/cmake --build /home/jone/ws_moveit/build/moveit_resources_pr2_description -- -j16 -l16
[1.729s] DEBUG:colcon.colcon_core.event_handler.log_command:Invoking command in '/home/jone/ws_moveit/build/moveit_resources_pr2_description': CMAKE_PREFIX_PATH=/opt/ros/humble /usr/bin/cmake --install /home/jone/ws_moveit/build/moveit_resources_pr2_description
[1.751s] Level 1:colcon.colcon_core.environment:create_environment_scripts_only(moveit_resources_pr2_description)
[1.751s] Level 1:colcon.colcon_core.environment:checking '/home/jone/ws_moveit/install/moveit_resources_pr2_description' for CMake module files
[1.753s] DEBUG:colcon.colcon_core.event_handler.log_command:Invoked command in '/home/jone/ws_moveit/build/moveit_resources_pr2_description' returned '0': CMAKE_PREFIX_PATH=/opt/ros/humble /usr/bin/cmake --install /home/jone/ws_moveit/build/moveit_resources_pr2_description
[1.753s] Level 1:colcon.colcon_core.environment:checking '/home/jone/ws_moveit/install/moveit_resources_pr2_description' for CMake config files
[1.754s] Level 1:colcon.colcon_core.shell:create_environment_hook('moveit_resources_pr2_description', 'cmake_prefix_path')
[1.754s] INFO:colcon.colcon_core.shell:Creating environment hook '/home/jone/ws_moveit/install/moveit_resources_pr2_description/share/moveit_resources_pr2_description/hook/cmake_prefix_path.ps1'
[1.755s] INFO:colcon.colcon_core.shell:Creating environment descriptor '/home/jone/ws_moveit/install/moveit_resources_pr2_description/share/moveit_resources_pr2_description/hook/cmake_prefix_path.dsv'
[1.755s] INFO:colcon.colcon_core.shell:Creating environment hook '/home/jone/ws_moveit/install/moveit_resources_pr2_description/share/moveit_resources_pr2_description/hook/cmake_prefix_path.sh'
[1.755s] Level 1:colcon.colcon_core.environment:checking '/home/jone/ws_moveit/install/moveit_resources_pr2_description/bin'
[1.755s] Level 1:colcon.colcon_core.environment:checking '/home/jone/ws_moveit/install/moveit_resources_pr2_description/lib/pkgconfig/moveit_resources_pr2_description.pc'
[1.756s] Level 1:colcon.colcon_core.environment:checking '/home/jone/ws_moveit/install/moveit_resources_pr2_description/lib/python3.10/site-packages'
[1.756s] Level 1:colcon.colcon_core.environment:checking '/home/jone/ws_moveit/install/moveit_resources_pr2_description/bin'
[1.756s] INFO:colcon.colcon_core.shell:Creating package script '/home/jone/ws_moveit/install/moveit_resources_pr2_description/share/moveit_resources_pr2_description/package.ps1'
[1.756s] INFO:colcon.colcon_core.shell:Creating package descriptor '/home/jone/ws_moveit/install/moveit_resources_pr2_description/share/moveit_resources_pr2_description/package.dsv'
[1.756s] INFO:colcon.colcon_core.shell:Creating package script '/home/jone/ws_moveit/install/moveit_resources_pr2_description/share/moveit_resources_pr2_description/package.sh'
[1.757s] INFO:colcon.colcon_core.shell:Creating package script '/home/jone/ws_moveit/install/moveit_resources_pr2_description/share/moveit_resources_pr2_description/package.bash'
[1.757s] INFO:colcon.colcon_core.shell:Creating package script '/home/jone/ws_moveit/install/moveit_resources_pr2_description/share/moveit_resources_pr2_description/package.zsh'
[1.757s] Level 1:colcon.colcon_core.environment:create_file_with_runtime_dependencies(/home/jone/ws_moveit/install/moveit_resources_pr2_description/share/colcon-core/packages/moveit_resources_pr2_description)
[1.758s] Level 1:colcon.colcon_core.environment:create_environment_scripts_only(moveit_resources_pr2_description)
[1.758s] Level 1:colcon.colcon_core.environment:checking '/home/jone/ws_moveit/install/moveit_resources_pr2_description' for CMake module files
[1.758s] Level 1:colcon.colcon_core.environment:checking '/home/jone/ws_moveit/install/moveit_resources_pr2_description' for CMake config files
[1.759s] Level 1:colcon.colcon_core.shell:create_environment_hook('moveit_resources_pr2_description', 'cmake_prefix_path')
[1.759s] INFO:colcon.colcon_core.shell:Creating environment hook '/home/jone/ws_moveit/install/moveit_resources_pr2_description/share/moveit_resources_pr2_description/hook/cmake_prefix_path.ps1'
[1.759s] INFO:colcon.colcon_core.shell:Creating environment descriptor '/home/jone/ws_moveit/install/moveit_resources_pr2_description/share/moveit_resources_pr2_description/hook/cmake_prefix_path.dsv'
[1.759s] INFO:colcon.colcon_core.shell:Creating environment hook '/home/jone/ws_moveit/install/moveit_resources_pr2_description/share/moveit_resources_pr2_description/hook/cmake_prefix_path.sh'
[1.760s] Level 1:colcon.colcon_core.environment:checking '/home/jone/ws_moveit/install/moveit_resources_pr2_description/bin'
[1.760s] Level 1:colcon.colcon_core.environment:checking '/home/jone/ws_moveit/install/moveit_resources_pr2_description/lib/pkgconfig/moveit_resources_pr2_description.pc'
[1.760s] Level 1:colcon.colcon_core.environment:checking '/home/jone/ws_moveit/install/moveit_resources_pr2_description/lib/python3.10/site-packages'
[1.760s] Level 1:colcon.colcon_core.environment:checking '/home/jone/ws_moveit/install/moveit_resources_pr2_description/bin'
[1.760s] INFO:colcon.colcon_core.shell:Creating package script '/home/jone/ws_moveit/install/moveit_resources_pr2_description/share/moveit_resources_pr2_description/package.ps1'
[1.761s] INFO:colcon.colcon_core.shell:Creating package descriptor '/home/jone/ws_moveit/install/moveit_resources_pr2_description/share/moveit_resources_pr2_description/package.dsv'
[1.761s] INFO:colcon.colcon_core.shell:Creating package script '/home/jone/ws_moveit/install/moveit_resources_pr2_description/share/moveit_resources_pr2_description/package.sh'
[1.761s] INFO:colcon.colcon_core.shell:Creating package script '/home/jone/ws_moveit/install/moveit_resources_pr2_description/share/moveit_resources_pr2_description/package.bash'
[1.761s] INFO:colcon.colcon_core.shell:Creating package script '/home/jone/ws_moveit/install/moveit_resources_pr2_description/share/moveit_resources_pr2_description/package.zsh'
[1.762s] Level 1:colcon.colcon_core.environment:create_file_with_runtime_dependencies(/home/jone/ws_moveit/install/moveit_resources_pr2_description/share/colcon-core/packages/moveit_resources_pr2_description)
[1.762s] DEBUG:colcon.colcon_core.executor.sequential:run_until_complete 'moveit_resources_pr2_description' finished with '0'
[1.762s] DEBUG:colcon.colcon_core.executor.sequential:run_until_complete 'moveit_resources_prbt_support'
[1.762s] INFO:colcon.colcon_ros.task.ament_cmake.build:Building ROS package in '/home/jone/ws_moveit/src/moveit2/moveit_planners/test_configs/prbt_support' with build type 'ament_cmake'
[1.762s] INFO:colcon.colcon_cmake.task.cmake.build:Building CMake package in '/home/jone/ws_moveit/src/moveit2/moveit_planners/test_configs/prbt_support'
[1.762s] INFO:colcon.colcon_core.shell:Skip shell extension 'powershell' for command environment: Not usable outside of PowerShell
[1.762s] DEBUG:colcon.colcon_core.shell:Skip shell extension 'dsv' for command environment
[1.768s] DEBUG:colcon.colcon_core.event_handler.log_command:Invoking command in '/home/jone/ws_moveit/build/moveit_resources_prbt_support': CMAKE_PREFIX_PATH=/opt/ros/humble /usr/bin/cmake --build /home/jone/ws_moveit/build/moveit_resources_prbt_support -- -j16 -l16
[1.803s] DEBUG:colcon.colcon_core.event_handler.log_command:Invoked command in '/home/jone/ws_moveit/build/moveit_resources_prbt_support' returned '0': CMAKE_PREFIX_PATH=/opt/ros/humble /usr/bin/cmake --build /home/jone/ws_moveit/build/moveit_resources_prbt_support -- -j16 -l16
[1.805s] DEBUG:colcon.colcon_core.event_handler.log_command:Invoking command in '/home/jone/ws_moveit/build/moveit_resources_prbt_support': CMAKE_PREFIX_PATH=/opt/ros/humble /usr/bin/cmake --install /home/jone/ws_moveit/build/moveit_resources_prbt_support
[1.815s] Level 1:colcon.colcon_core.environment:create_environment_scripts_only(moveit_resources_prbt_support)
[1.815s] DEBUG:colcon.colcon_core.event_handler.log_command:Invoked command in '/home/jone/ws_moveit/build/moveit_resources_prbt_support' returned '0': CMAKE_PREFIX_PATH=/opt/ros/humble /usr/bin/cmake --install /home/jone/ws_moveit/build/moveit_resources_prbt_support
[1.815s] Level 1:colcon.colcon_core.environment:checking '/home/jone/ws_moveit/install/moveit_resources_prbt_support' for CMake module files
[1.816s] Level 1:colcon.colcon_core.environment:checking '/home/jone/ws_moveit/install/moveit_resources_prbt_support' for CMake config files
[1.816s] Level 1:colcon.colcon_core.shell:create_environment_hook('moveit_resources_prbt_support', 'cmake_prefix_path')
[1.816s] INFO:colcon.colcon_core.shell:Creating environment hook '/home/jone/ws_moveit/install/moveit_resources_prbt_support/share/moveit_resources_prbt_support/hook/cmake_prefix_path.ps1'
[1.817s] INFO:colcon.colcon_core.shell:Creating environment descriptor '/home/jone/ws_moveit/install/moveit_resources_prbt_support/share/moveit_resources_prbt_support/hook/cmake_prefix_path.dsv'
[1.817s] INFO:colcon.colcon_core.shell:Creating environment hook '/home/jone/ws_moveit/install/moveit_resources_prbt_support/share/moveit_resources_prbt_support/hook/cmake_prefix_path.sh'
[1.817s] Level 1:colcon.colcon_core.environment:checking '/home/jone/ws_moveit/install/moveit_resources_prbt_support/bin'
[1.817s] Level 1:colcon.colcon_core.environment:checking '/home/jone/ws_moveit/install/moveit_resources_prbt_support/lib/pkgconfig/moveit_resources_prbt_support.pc'
[1.817s] Level 1:colcon.colcon_core.environment:checking '/home/jone/ws_moveit/install/moveit_resources_prbt_support/lib/python3.10/site-packages'
[1.818s] Level 1:colcon.colcon_core.environment:checking '/home/jone/ws_moveit/install/moveit_resources_prbt_support/bin'
[1.818s] INFO:colcon.colcon_core.shell:Creating package script '/home/jone/ws_moveit/install/moveit_resources_prbt_support/share/moveit_resources_prbt_support/package.ps1'
[1.818s] INFO:colcon.colcon_core.shell:Creating package descriptor '/home/jone/ws_moveit/install/moveit_resources_prbt_support/share/moveit_resources_prbt_support/package.dsv'
[1.818s] INFO:colcon.colcon_core.shell:Creating package script '/home/jone/ws_moveit/install/moveit_resources_prbt_support/share/moveit_resources_prbt_support/package.sh'
[1.819s] INFO:colcon.colcon_core.shell:Creating package script '/home/jone/ws_moveit/install/moveit_resources_prbt_support/share/moveit_resources_prbt_support/package.bash'
[1.819s] INFO:colcon.colcon_core.shell:Creating package script '/home/jone/ws_moveit/install/moveit_resources_prbt_support/share/moveit_resources_prbt_support/package.zsh'
[1.819s] Level 1:colcon.colcon_core.environment:create_file_with_runtime_dependencies(/home/jone/ws_moveit/install/moveit_resources_prbt_support/share/colcon-core/packages/moveit_resources_prbt_support)
[1.820s] Level 1:colcon.colcon_core.environment:create_environment_scripts_only(moveit_resources_prbt_support)
[1.820s] Level 1:colcon.colcon_core.environment:checking '/home/jone/ws_moveit/install/moveit_resources_prbt_support' for CMake module files
[1.820s] Level 1:colcon.colcon_core.environment:checking '/home/jone/ws_moveit/install/moveit_resources_prbt_support' for CMake config files
[1.820s] Level 1:colcon.colcon_core.shell:create_environment_hook('moveit_resources_prbt_support', 'cmake_prefix_path')
[1.820s] INFO:colcon.colcon_core.shell:Creating environment hook '/home/jone/ws_moveit/install/moveit_resources_prbt_support/share/moveit_resources_prbt_support/hook/cmake_prefix_path.ps1'
[1.821s] INFO:colcon.colcon_core.shell:Creating environment descriptor '/home/jone/ws_moveit/install/moveit_resources_prbt_support/share/moveit_resources_prbt_support/hook/cmake_prefix_path.dsv'
[1.821s] INFO:colcon.colcon_core.shell:Creating environment hook '/home/jone/ws_moveit/install/moveit_resources_prbt_support/share/moveit_resources_prbt_support/hook/cmake_prefix_path.sh'
[1.821s] Level 1:colcon.colcon_core.environment:checking '/home/jone/ws_moveit/install/moveit_resources_prbt_support/bin'
[1.821s] Level 1:colcon.colcon_core.environment:checking '/home/jone/ws_moveit/install/moveit_resources_prbt_support/lib/pkgconfig/moveit_resources_prbt_support.pc'
[1.821s] Level 1:colcon.colcon_core.environment:checking '/home/jone/ws_moveit/install/moveit_resources_prbt_support/lib/python3.10/site-packages'
[1.822s] Level 1:colcon.colcon_core.environment:checking '/home/jone/ws_moveit/install/moveit_resources_prbt_support/bin'
[1.822s] INFO:colcon.colcon_core.shell:Creating package script '/home/jone/ws_moveit/install/moveit_resources_prbt_support/share/moveit_resources_prbt_support/package.ps1'
[1.822s] INFO:colcon.colcon_core.shell:Creating package descriptor '/home/jone/ws_moveit/install/moveit_resources_prbt_support/share/moveit_resources_prbt_support/package.dsv'
[1.823s] INFO:colcon.colcon_core.shell:Creating package script '/home/jone/ws_moveit/install/moveit_resources_prbt_support/share/moveit_resources_prbt_support/package.sh'
[1.823s] INFO:colcon.colcon_core.shell:Creating package script '/home/jone/ws_moveit/install/moveit_resources_prbt_support/share/moveit_resources_prbt_support/package.bash'
[1.823s] INFO:colcon.colcon_core.shell:Creating package script '/home/jone/ws_moveit/install/moveit_resources_prbt_support/share/moveit_resources_prbt_support/package.zsh'
[1.823s] Level 1:colcon.colcon_core.environment:create_file_with_runtime_dependencies(/home/jone/ws_moveit/install/moveit_resources_prbt_support/share/colcon-core/packages/moveit_resources_prbt_support)
[1.824s] DEBUG:colcon.colcon_core.executor.sequential:run_until_complete 'moveit_resources_prbt_support' finished with '0'
[1.824s] DEBUG:colcon.colcon_core.executor.sequential:run_until_complete 'moveit_task_constructor_msgs'
[1.824s] INFO:colcon.colcon_ros.task.ament_cmake.build:Building ROS package in '/home/jone/ws_moveit/src/moveit_task_constructor/msgs' with build type 'ament_cmake'
[1.824s] INFO:colcon.colcon_cmake.task.cmake.build:Building CMake package in '/home/jone/ws_moveit/src/moveit_task_constructor/msgs'
[1.824s] INFO:colcon.colcon_core.shell:Skip shell extension 'powershell' for command environment: Not usable outside of PowerShell
[1.824s] DEBUG:colcon.colcon_core.shell:Skip shell extension 'dsv' for command environment
[1.830s] DEBUG:colcon.colcon_core.event_handler.log_command:Invoking command in '/home/jone/ws_moveit/build/moveit_task_constructor_msgs': CMAKE_PREFIX_PATH=/opt/ros/humble /usr/bin/cmake --build /home/jone/ws_moveit/build/moveit_task_constructor_msgs -- -j16 -l16
[2.123s] DEBUG:colcon.colcon_core.event_handler.log_command:Invoked command in '/home/jone/ws_moveit/build/moveit_task_constructor_msgs' returned '0': CMAKE_PREFIX_PATH=/opt/ros/humble /usr/bin/cmake --build /home/jone/ws_moveit/build/moveit_task_constructor_msgs -- -j16 -l16
[2.125s] DEBUG:colcon.colcon_core.event_handler.log_command:Invoking command in '/home/jone/ws_moveit/build/moveit_task_constructor_msgs': CMAKE_PREFIX_PATH=/opt/ros/humble /usr/bin/cmake --install /home/jone/ws_moveit/build/moveit_task_constructor_msgs
[2.187s] Level 1:colcon.colcon_core.environment:create_environment_scripts_only(moveit_task_constructor_msgs)
[2.187s] Level 1:colcon.colcon_core.environment:checking '/home/jone/ws_moveit/install/moveit_task_constructor_msgs' for CMake module files
[2.187s] DEBUG:colcon.colcon_core.event_handler.log_command:Invoked command in '/home/jone/ws_moveit/build/moveit_task_constructor_msgs' returned '0': CMAKE_PREFIX_PATH=/opt/ros/humble /usr/bin/cmake --install /home/jone/ws_moveit/build/moveit_task_constructor_msgs
[2.188s] Level 1:colcon.colcon_core.environment:checking '/home/jone/ws_moveit/install/moveit_task_constructor_msgs' for CMake config files
[2.189s] Level 1:colcon.colcon_core.shell:create_environment_hook('moveit_task_constructor_msgs', 'cmake_prefix_path')
[2.189s] INFO:colcon.colcon_core.shell:Creating environment hook '/home/jone/ws_moveit/install/moveit_task_constructor_msgs/share/moveit_task_constructor_msgs/hook/cmake_prefix_path.ps1'
[2.189s] INFO:colcon.colcon_core.shell:Creating environment descriptor '/home/jone/ws_moveit/install/moveit_task_constructor_msgs/share/moveit_task_constructor_msgs/hook/cmake_prefix_path.dsv'
[2.189s] INFO:colcon.colcon_core.shell:Creating environment hook '/home/jone/ws_moveit/install/moveit_task_constructor_msgs/share/moveit_task_constructor_msgs/hook/cmake_prefix_path.sh'
[2.190s] Level 1:colcon.colcon_core.environment:checking '/home/jone/ws_moveit/install/moveit_task_constructor_msgs/lib'
[2.190s] Level 1:colcon.colcon_core.shell:create_environment_hook('moveit_task_constructor_msgs', 'ld_library_path_lib')
[2.190s] INFO:colcon.colcon_core.shell:Creating environment hook '/home/jone/ws_moveit/install/moveit_task_constructor_msgs/share/moveit_task_constructor_msgs/hook/ld_library_path_lib.ps1'
[2.190s] INFO:colcon.colcon_core.shell:Creating environment descriptor '/home/jone/ws_moveit/install/moveit_task_constructor_msgs/share/moveit_task_constructor_msgs/hook/ld_library_path_lib.dsv'
[2.191s] INFO:colcon.colcon_core.shell:Creating environment hook '/home/jone/ws_moveit/install/moveit_task_constructor_msgs/share/moveit_task_constructor_msgs/hook/ld_library_path_lib.sh'
[2.191s] Level 1:colcon.colcon_core.environment:checking '/home/jone/ws_moveit/install/moveit_task_constructor_msgs/bin'
[2.191s] Level 1:colcon.colcon_core.environment:checking '/home/jone/ws_moveit/install/moveit_task_constructor_msgs/lib/pkgconfig/moveit_task_constructor_msgs.pc'
[2.191s] Level 1:colcon.colcon_core.environment:checking '/home/jone/ws_moveit/install/moveit_task_constructor_msgs/lib/python3.10/site-packages'
[2.191s] Level 1:colcon.colcon_core.environment:checking '/home/jone/ws_moveit/install/moveit_task_constructor_msgs/bin'
[2.192s] INFO:colcon.colcon_core.shell:Creating package script '/home/jone/ws_moveit/install/moveit_task_constructor_msgs/share/moveit_task_constructor_msgs/package.ps1'
[2.192s] INFO:colcon.colcon_core.shell:Creating package descriptor '/home/jone/ws_moveit/install/moveit_task_constructor_msgs/share/moveit_task_constructor_msgs/package.dsv'
[2.192s] INFO:colcon.colcon_core.shell:Creating package script '/home/jone/ws_moveit/install/moveit_task_constructor_msgs/share/moveit_task_constructor_msgs/package.sh'
[2.192s] INFO:colcon.colcon_core.shell:Creating package script '/home/jone/ws_moveit/install/moveit_task_constructor_msgs/share/moveit_task_constructor_msgs/package.bash'
[2.193s] INFO:colcon.colcon_core.shell:Creating package script '/home/jone/ws_moveit/install/moveit_task_constructor_msgs/share/moveit_task_constructor_msgs/package.zsh'
[2.193s] Level 1:colcon.colcon_core.environment:create_file_with_runtime_dependencies(/home/jone/ws_moveit/install/moveit_task_constructor_msgs/share/colcon-core/packages/moveit_task_constructor_msgs)
[2.194s] Level 1:colcon.colcon_core.environment:create_environment_scripts_only(moveit_task_constructor_msgs)
[2.194s] Level 1:colcon.colcon_core.environment:checking '/home/jone/ws_moveit/install/moveit_task_constructor_msgs' for CMake module files
[2.194s] Level 1:colcon.colcon_core.environment:checking '/home/jone/ws_moveit/install/moveit_task_constructor_msgs' for CMake config files
[2.195s] Level 1:colcon.colcon_core.shell:create_environment_hook('moveit_task_constructor_msgs', 'cmake_prefix_path')
[2.195s] INFO:colcon.colcon_core.shell:Creating environment hook '/home/jone/ws_moveit/install/moveit_task_constructor_msgs/share/moveit_task_constructor_msgs/hook/cmake_prefix_path.ps1'
[2.195s] INFO:colcon.colcon_core.shell:Creating environment descriptor '/home/jone/ws_moveit/install/moveit_task_constructor_msgs/share/moveit_task_constructor_msgs/hook/cmake_prefix_path.dsv'
[2.195s] INFO:colcon.colcon_core.shell:Creating environment hook '/home/jone/ws_moveit/install/moveit_task_constructor_msgs/share/moveit_task_constructor_msgs/hook/cmake_prefix_path.sh'
[2.196s] Level 1:colcon.colcon_core.environment:checking '/home/jone/ws_moveit/install/moveit_task_constructor_msgs/lib'
[2.196s] Level 1:colcon.colcon_core.shell:create_environment_hook('moveit_task_constructor_msgs', 'ld_library_path_lib')
[2.196s] INFO:colcon.colcon_core.shell:Creating environment hook '/home/jone/ws_moveit/install/moveit_task_constructor_msgs/share/moveit_task_constructor_msgs/hook/ld_library_path_lib.ps1'
[2.196s] INFO:colcon.colcon_core.shell:Creating environment descriptor '/home/jone/ws_moveit/install/moveit_task_constructor_msgs/share/moveit_task_constructor_msgs/hook/ld_library_path_lib.dsv'
[2.196s] INFO:colcon.colcon_core.shell:Creating environment hook '/home/jone/ws_moveit/install/moveit_task_constructor_msgs/share/moveit_task_constructor_msgs/hook/ld_library_path_lib.sh'
[2.197s] Level 1:colcon.colcon_core.environment:checking '/home/jone/ws_moveit/install/moveit_task_constructor_msgs/bin'
[2.197s] Level 1:colcon.colcon_core.environment:checking '/home/jone/ws_moveit/install/moveit_task_constructor_msgs/lib/pkgconfig/moveit_task_constructor_msgs.pc'
[2.197s] Level 1:colcon.colcon_core.environment:checking '/home/jone/ws_moveit/install/moveit_task_constructor_msgs/lib/python3.10/site-packages'
[2.197s] Level 1:colcon.colcon_core.environment:checking '/home/jone/ws_moveit/install/moveit_task_constructor_msgs/bin'
[2.197s] INFO:colcon.colcon_core.shell:Creating package script '/home/jone/ws_moveit/install/moveit_task_constructor_msgs/share/moveit_task_constructor_msgs/package.ps1'
[2.198s] INFO:colcon.colcon_core.shell:Creating package descriptor '/home/jone/ws_moveit/install/moveit_task_constructor_msgs/share/moveit_task_constructor_msgs/package.dsv'
[2.198s] INFO:colcon.colcon_core.shell:Creating package script '/home/jone/ws_moveit/install/moveit_task_constructor_msgs/share/moveit_task_constructor_msgs/package.sh'
[2.198s] INFO:colcon.colcon_core.shell:Creating package script '/home/jone/ws_moveit/install/moveit_task_constructor_msgs/share/moveit_task_constructor_msgs/package.bash'
[2.199s] INFO:colcon.colcon_core.shell:Creating package script '/home/jone/ws_moveit/install/moveit_task_constructor_msgs/share/moveit_task_constructor_msgs/package.zsh'
[2.199s] Level 1:colcon.colcon_core.environment:create_file_with_runtime_dependencies(/home/jone/ws_moveit/install/moveit_task_constructor_msgs/share/colcon-core/packages/moveit_task_constructor_msgs)
[2.199s] DEBUG:colcon.colcon_core.executor.sequential:run_until_complete 'moveit_task_constructor_msgs' finished with '0'
[2.199s] DEBUG:colcon.colcon_core.executor.sequential:run_until_complete 'rosparam_shortcuts'
[2.199s] INFO:colcon.colcon_ros.task.ament_cmake.build:Building ROS package in '/home/jone/ws_moveit/src/rosparam_shortcuts' with build type 'ament_cmake'
[2.199s] INFO:colcon.colcon_cmake.task.cmake.build:Building CMake package in '/home/jone/ws_moveit/src/rosparam_shortcuts'
[2.200s] INFO:colcon.colcon_core.shell:Skip shell extension 'powershell' for command environment: Not usable outside of PowerShell
[2.200s] DEBUG:colcon.colcon_core.shell:Skip shell extension 'dsv' for command environment
[2.206s] DEBUG:colcon.colcon_core.event_handler.log_command:Invoking command in '/home/jone/ws_moveit/build/rosparam_shortcuts': CMAKE_PREFIX_PATH=/opt/ros/humble /usr/bin/cmake --build /home/jone/ws_moveit/build/rosparam_shortcuts -- -j16 -l16
[2.296s] DEBUG:colcon.colcon_core.event_handler.log_command:Invoked command in '/home/jone/ws_moveit/build/rosparam_shortcuts' returned '0': CMAKE_PREFIX_PATH=/opt/ros/humble /usr/bin/cmake --build /home/jone/ws_moveit/build/rosparam_shortcuts -- -j16 -l16
[2.298s] DEBUG:colcon.colcon_core.event_handler.log_command:Invoking command in '/home/jone/ws_moveit/build/rosparam_shortcuts': CMAKE_PREFIX_PATH=/opt/ros/humble /usr/bin/cmake --install /home/jone/ws_moveit/build/rosparam_shortcuts
[2.310s] Level 1:colcon.colcon_core.environment:create_environment_scripts_only(rosparam_shortcuts)
[2.310s] Level 1:colcon.colcon_core.environment:checking '/home/jone/ws_moveit/install/rosparam_shortcuts' for CMake module files
[2.311s] DEBUG:colcon.colcon_core.event_handler.log_command:Invoked command in '/home/jone/ws_moveit/build/rosparam_shortcuts' returned '0': CMAKE_PREFIX_PATH=/opt/ros/humble /usr/bin/cmake --install /home/jone/ws_moveit/build/rosparam_shortcuts
[2.311s] Level 1:colcon.colcon_core.environment:checking '/home/jone/ws_moveit/install/rosparam_shortcuts' for CMake config files
[2.311s] Level 1:colcon.colcon_core.shell:create_environment_hook('rosparam_shortcuts', 'cmake_prefix_path')
[2.312s] INFO:colcon.colcon_core.shell:Creating environment hook '/home/jone/ws_moveit/install/rosparam_shortcuts/share/rosparam_shortcuts/hook/cmake_prefix_path.ps1'
[2.312s] INFO:colcon.colcon_core.shell:Creating environment descriptor '/home/jone/ws_moveit/install/rosparam_shortcuts/share/rosparam_shortcuts/hook/cmake_prefix_path.dsv'
[2.312s] INFO:colcon.colcon_core.shell:Creating environment hook '/home/jone/ws_moveit/install/rosparam_shortcuts/share/rosparam_shortcuts/hook/cmake_prefix_path.sh'
[2.313s] Level 1:colcon.colcon_core.environment:checking '/home/jone/ws_moveit/install/rosparam_shortcuts/lib'
[2.313s] Level 1:colcon.colcon_core.shell:create_environment_hook('rosparam_shortcuts', 'ld_library_path_lib')
[2.313s] INFO:colcon.colcon_core.shell:Creating environment hook '/home/jone/ws_moveit/install/rosparam_shortcuts/share/rosparam_shortcuts/hook/ld_library_path_lib.ps1'
[2.313s] INFO:colcon.colcon_core.shell:Creating environment descriptor '/home/jone/ws_moveit/install/rosparam_shortcuts/share/rosparam_shortcuts/hook/ld_library_path_lib.dsv'
[2.314s] INFO:colcon.colcon_core.shell:Creating environment hook '/home/jone/ws_moveit/install/rosparam_shortcuts/share/rosparam_shortcuts/hook/ld_library_path_lib.sh'
[2.314s] Level 1:colcon.colcon_core.environment:checking '/home/jone/ws_moveit/install/rosparam_shortcuts/bin'
[2.314s] Level 1:colcon.colcon_core.environment:checking '/home/jone/ws_moveit/install/rosparam_shortcuts/lib/pkgconfig/rosparam_shortcuts.pc'
[2.314s] Level 1:colcon.colcon_core.environment:checking '/home/jone/ws_moveit/install/rosparam_shortcuts/lib/python3.10/site-packages'
[2.314s] Level 1:colcon.colcon_core.environment:checking '/home/jone/ws_moveit/install/rosparam_shortcuts/bin'
[2.314s] INFO:colcon.colcon_core.shell:Creating package script '/home/jone/ws_moveit/install/rosparam_shortcuts/share/rosparam_shortcuts/package.ps1'
[2.315s] INFO:colcon.colcon_core.shell:Creating package descriptor '/home/jone/ws_moveit/install/rosparam_shortcuts/share/rosparam_shortcuts/package.dsv'
[2.315s] INFO:colcon.colcon_core.shell:Creating package script '/home/jone/ws_moveit/install/rosparam_shortcuts/share/rosparam_shortcuts/package.sh'
[2.315s] INFO:colcon.colcon_core.shell:Creating package script '/home/jone/ws_moveit/install/rosparam_shortcuts/share/rosparam_shortcuts/package.bash'
[2.316s] INFO:colcon.colcon_core.shell:Creating package script '/home/jone/ws_moveit/install/rosparam_shortcuts/share/rosparam_shortcuts/package.zsh'
[2.316s] Level 1:colcon.colcon_core.environment:create_file_with_runtime_dependencies(/home/jone/ws_moveit/install/rosparam_shortcuts/share/colcon-core/packages/rosparam_shortcuts)
[2.316s] Level 1:colcon.colcon_core.environment:create_environment_scripts_only(rosparam_shortcuts)
[2.317s] Level 1:colcon.colcon_core.environment:checking '/home/jone/ws_moveit/install/rosparam_shortcuts' for CMake module files
[2.317s] Level 1:colcon.colcon_core.environment:checking '/home/jone/ws_moveit/install/rosparam_shortcuts' for CMake config files
[2.317s] Level 1:colcon.colcon_core.shell:create_environment_hook('rosparam_shortcuts', 'cmake_prefix_path')
[2.317s] INFO:colcon.colcon_core.shell:Creating environment hook '/home/jone/ws_moveit/install/rosparam_shortcuts/share/rosparam_shortcuts/hook/cmake_prefix_path.ps1'
[2.317s] INFO:colcon.colcon_core.shell:Creating environment descriptor '/home/jone/ws_moveit/install/rosparam_shortcuts/share/rosparam_shortcuts/hook/cmake_prefix_path.dsv'
[2.318s] INFO:colcon.colcon_core.shell:Creating environment hook '/home/jone/ws_moveit/install/rosparam_shortcuts/share/rosparam_shortcuts/hook/cmake_prefix_path.sh'
[2.318s] Level 1:colcon.colcon_core.environment:checking '/home/jone/ws_moveit/install/rosparam_shortcuts/lib'
[2.318s] Level 1:colcon.colcon_core.shell:create_environment_hook('rosparam_shortcuts', 'ld_library_path_lib')
[2.318s] INFO:colcon.colcon_core.shell:Creating environment hook '/home/jone/ws_moveit/install/rosparam_shortcuts/share/rosparam_shortcuts/hook/ld_library_path_lib.ps1'
[2.318s] INFO:colcon.colcon_core.shell:Creating environment descriptor '/home/jone/ws_moveit/install/rosparam_shortcuts/share/rosparam_shortcuts/hook/ld_library_path_lib.dsv'
[2.319s] INFO:colcon.colcon_core.shell:Creating environment hook '/home/jone/ws_moveit/install/rosparam_shortcuts/share/rosparam_shortcuts/hook/ld_library_path_lib.sh'
[2.319s] Level 1:colcon.colcon_core.environment:checking '/home/jone/ws_moveit/install/rosparam_shortcuts/bin'
[2.319s] Level 1:colcon.colcon_core.environment:checking '/home/jone/ws_moveit/install/rosparam_shortcuts/lib/pkgconfig/rosparam_shortcuts.pc'
[2.319s] Level 1:colcon.colcon_core.environment:checking '/home/jone/ws_moveit/install/rosparam_shortcuts/lib/python3.10/site-packages'
[2.319s] Level 1:colcon.colcon_core.environment:checking '/home/jone/ws_moveit/install/rosparam_shortcuts/bin'
[2.320s] INFO:colcon.colcon_core.shell:Creating package script '/home/jone/ws_moveit/install/rosparam_shortcuts/share/rosparam_shortcuts/package.ps1'
[2.320s] INFO:colcon.colcon_core.shell:Creating package descriptor '/home/jone/ws_moveit/install/rosparam_shortcuts/share/rosparam_shortcuts/package.dsv'
[2.320s] INFO:colcon.colcon_core.shell:Creating package script '/home/jone/ws_moveit/install/rosparam_shortcuts/share/rosparam_shortcuts/package.sh'
[2.321s] INFO:colcon.colcon_core.shell:Creating package script '/home/jone/ws_moveit/install/rosparam_shortcuts/share/rosparam_shortcuts/package.bash'
[2.321s] INFO:colcon.colcon_core.shell:Creating package script '/home/jone/ws_moveit/install/rosparam_shortcuts/share/rosparam_shortcuts/package.zsh'
[2.321s] Level 1:colcon.colcon_core.environment:create_file_with_runtime_dependencies(/home/jone/ws_moveit/install/rosparam_shortcuts/share/colcon-core/packages/rosparam_shortcuts)
[2.321s] DEBUG:colcon.colcon_core.executor.sequential:run_until_complete 'rosparam_shortcuts' finished with '0'
[2.321s] DEBUG:colcon.colcon_core.executor.sequential:run_until_complete 'srdfdom'
[2.321s] INFO:colcon.colcon_ros.task.ament_cmake.build:Building ROS package in '/home/jone/ws_moveit/src/srdfdom' with build type 'ament_cmake'
[2.322s] INFO:colcon.colcon_cmake.task.cmake.build:Building CMake package in '/home/jone/ws_moveit/src/srdfdom'
[2.322s] INFO:colcon.colcon_core.shell:Skip shell extension 'powershell' for command environment: Not usable outside of PowerShell
[2.322s] DEBUG:colcon.colcon_core.shell:Skip shell extension 'dsv' for command environment
[2.328s] DEBUG:colcon.colcon_core.event_handler.log_command:Invoking command in '/home/jone/ws_moveit/build/srdfdom': CMAKE_PREFIX_PATH=/opt/ros/humble /usr/bin/cmake --build /home/jone/ws_moveit/build/srdfdom -- -j16 -l16
[2.597s] DEBUG:colcon.colcon_core.event_handler.log_command:Invoked command in '/home/jone/ws_moveit/build/srdfdom' returned '0': CMAKE_PREFIX_PATH=/opt/ros/humble /usr/bin/cmake --build /home/jone/ws_moveit/build/srdfdom -- -j16 -l16
[2.599s] DEBUG:colcon.colcon_core.event_handler.log_command:Invoking command in '/home/jone/ws_moveit/build/srdfdom': CMAKE_PREFIX_PATH=/opt/ros/humble /usr/bin/cmake --install /home/jone/ws_moveit/build/srdfdom
[2.636s] Level 1:colcon.colcon_core.environment:create_environment_scripts_only(srdfdom)
[2.636s] DEBUG:colcon.colcon_core.event_handler.log_command:Invoked command in '/home/jone/ws_moveit/build/srdfdom' returned '0': CMAKE_PREFIX_PATH=/opt/ros/humble /usr/bin/cmake --install /home/jone/ws_moveit/build/srdfdom
[2.636s] Level 1:colcon.colcon_core.environment:checking '/home/jone/ws_moveit/install/srdfdom' for CMake module files
[2.637s] Level 1:colcon.colcon_core.environment:checking '/home/jone/ws_moveit/install/srdfdom' for CMake config files
[2.637s] Level 1:colcon.colcon_core.shell:create_environment_hook('srdfdom', 'cmake_prefix_path')
[2.637s] INFO:colcon.colcon_core.shell:Creating environment hook '/home/jone/ws_moveit/install/srdfdom/share/srdfdom/hook/cmake_prefix_path.ps1'
[2.638s] INFO:colcon.colcon_core.shell:Creating environment descriptor '/home/jone/ws_moveit/install/srdfdom/share/srdfdom/hook/cmake_prefix_path.dsv'
[2.638s] INFO:colcon.colcon_core.shell:Creating environment hook '/home/jone/ws_moveit/install/srdfdom/share/srdfdom/hook/cmake_prefix_path.sh'
[2.638s] Level 1:colcon.colcon_core.environment:checking '/home/jone/ws_moveit/install/srdfdom/lib'
[2.638s] Level 1:colcon.colcon_core.shell:create_environment_hook('srdfdom', 'ld_library_path_lib')
[2.639s] INFO:colcon.colcon_core.shell:Creating environment hook '/home/jone/ws_moveit/install/srdfdom/share/srdfdom/hook/ld_library_path_lib.ps1'
[2.639s] INFO:colcon.colcon_core.shell:Creating environment descriptor '/home/jone/ws_moveit/install/srdfdom/share/srdfdom/hook/ld_library_path_lib.dsv'
[2.639s] INFO:colcon.colcon_core.shell:Creating environment hook '/home/jone/ws_moveit/install/srdfdom/share/srdfdom/hook/ld_library_path_lib.sh'
[2.639s] Level 1:colcon.colcon_core.environment:checking '/home/jone/ws_moveit/install/srdfdom/bin'
[2.639s] Level 1:colcon.colcon_core.environment:checking '/home/jone/ws_moveit/install/srdfdom/lib/pkgconfig/srdfdom.pc'
[2.640s] Level 1:colcon.colcon_core.environment:checking '/home/jone/ws_moveit/install/srdfdom/lib/python3.10/site-packages'
[2.640s] Level 1:colcon.colcon_core.environment:checking '/home/jone/ws_moveit/install/srdfdom/bin'
[2.640s] INFO:colcon.colcon_core.shell:Creating package script '/home/jone/ws_moveit/install/srdfdom/share/srdfdom/package.ps1'
[2.640s] INFO:colcon.colcon_core.shell:Creating package descriptor '/home/jone/ws_moveit/install/srdfdom/share/srdfdom/package.dsv'
[2.641s] INFO:colcon.colcon_core.shell:Creating package script '/home/jone/ws_moveit/install/srdfdom/share/srdfdom/package.sh'
[2.641s] INFO:colcon.colcon_core.shell:Creating package script '/home/jone/ws_moveit/install/srdfdom/share/srdfdom/package.bash'
[2.641s] INFO:colcon.colcon_core.shell:Creating package script '/home/jone/ws_moveit/install/srdfdom/share/srdfdom/package.zsh'
[2.641s] Level 1:colcon.colcon_core.environment:create_file_with_runtime_dependencies(/home/jone/ws_moveit/install/srdfdom/share/colcon-core/packages/srdfdom)
[2.642s] Level 1:colcon.colcon_core.environment:create_environment_scripts_only(srdfdom)
[2.642s] Level 1:colcon.colcon_core.environment:checking '/home/jone/ws_moveit/install/srdfdom' for CMake module files
[2.642s] Level 1:colcon.colcon_core.environment:checking '/home/jone/ws_moveit/install/srdfdom' for CMake config files
[2.643s] Level 1:colcon.colcon_core.shell:create_environment_hook('srdfdom', 'cmake_prefix_path')
[2.643s] INFO:colcon.colcon_core.shell:Creating environment hook '/home/jone/ws_moveit/install/srdfdom/share/srdfdom/hook/cmake_prefix_path.ps1'
[2.643s] INFO:colcon.colcon_core.shell:Creating environment descriptor '/home/jone/ws_moveit/install/srdfdom/share/srdfdom/hook/cmake_prefix_path.dsv'
[2.643s] INFO:colcon.colcon_core.shell:Creating environment hook '/home/jone/ws_moveit/install/srdfdom/share/srdfdom/hook/cmake_prefix_path.sh'
[2.644s] Level 1:colcon.colcon_core.environment:checking '/home/jone/ws_moveit/install/srdfdom/lib'
[2.644s] Level 1:colcon.colcon_core.shell:create_environment_hook('srdfdom', 'ld_library_path_lib')
[2.644s] INFO:colcon.colcon_core.shell:Creating environment hook '/home/jone/ws_moveit/install/srdfdom/share/srdfdom/hook/ld_library_path_lib.ps1'
[2.644s] INFO:colcon.colcon_core.shell:Creating environment descriptor '/home/jone/ws_moveit/install/srdfdom/share/srdfdom/hook/ld_library_path_lib.dsv'
[2.644s] INFO:colcon.colcon_core.shell:Creating environment hook '/home/jone/ws_moveit/install/srdfdom/share/srdfdom/hook/ld_library_path_lib.sh'
[2.645s] Level 1:colcon.colcon_core.environment:checking '/home/jone/ws_moveit/install/srdfdom/bin'
[2.645s] Level 1:colcon.colcon_core.environment:checking '/home/jone/ws_moveit/install/srdfdom/lib/pkgconfig/srdfdom.pc'
[2.645s] Level 1:colcon.colcon_core.environment:checking '/home/jone/ws_moveit/install/srdfdom/lib/python3.10/site-packages'
[2.645s] Level 1:colcon.colcon_core.environment:checking '/home/jone/ws_moveit/install/srdfdom/bin'
[2.645s] INFO:colcon.colcon_core.shell:Creating package script '/home/jone/ws_moveit/install/srdfdom/share/srdfdom/package.ps1'
[2.646s] INFO:colcon.colcon_core.shell:Creating package descriptor '/home/jone/ws_moveit/install/srdfdom/share/srdfdom/package.dsv'
[2.646s] INFO:colcon.colcon_core.shell:Creating package script '/home/jone/ws_moveit/install/srdfdom/share/srdfdom/package.sh'
[2.646s] INFO:colcon.colcon_core.shell:Creating package script '/home/jone/ws_moveit/install/srdfdom/share/srdfdom/package.bash'
[2.647s] INFO:colcon.colcon_core.shell:Creating package script '/home/jone/ws_moveit/install/srdfdom/share/srdfdom/package.zsh'
[2.647s] Level 1:colcon.colcon_core.environment:create_file_with_runtime_dependencies(/home/jone/ws_moveit/install/srdfdom/share/colcon-core/packages/srdfdom)
[2.647s] DEBUG:colcon.colcon_core.executor.sequential:run_until_complete 'srdfdom' finished with '0'
[2.647s] DEBUG:colcon.colcon_core.executor.sequential:run_until_complete 'moveit_configs_utils'
[2.647s] INFO:colcon.colcon_ros.task.ament_python.build:Building ROS package in '/home/jone/ws_moveit/src/moveit2/moveit_configs_utils' with build type 'ament_python'
[2.647s] Level 1:colcon.colcon_core.shell:create_environment_hook('moveit_configs_utils', 'ament_prefix_path')
[2.648s] INFO:colcon.colcon_core.shell:Creating environment hook '/home/jone/ws_moveit/install/moveit_configs_utils/share/moveit_configs_utils/hook/ament_prefix_path.ps1'
[2.648s] INFO:colcon.colcon_core.shell:Creating environment descriptor '/home/jone/ws_moveit/install/moveit_configs_utils/share/moveit_configs_utils/hook/ament_prefix_path.dsv'
[2.648s] INFO:colcon.colcon_core.shell:Creating environment hook '/home/jone/ws_moveit/install/moveit_configs_utils/share/moveit_configs_utils/hook/ament_prefix_path.sh'
[2.649s] INFO:colcon.colcon_core.shell:Skip shell extension 'powershell' for command environment: Not usable outside of PowerShell
[2.649s] DEBUG:colcon.colcon_core.shell:Skip shell extension 'dsv' for command environment
[2.842s] INFO:colcon.colcon_core.task.python.build:Building Python package in '/home/jone/ws_moveit/src/moveit2/moveit_configs_utils'
[2.842s] INFO:colcon.colcon_core.shell:Skip shell extension 'powershell' for command environment: Not usable outside of PowerShell
[2.842s] DEBUG:colcon.colcon_core.shell:Skip shell extension 'dsv' for command environment
[3.105s] DEBUG:colcon.colcon_core.event_handler.log_command:Invoking command in '/home/jone/ws_moveit/src/moveit2/moveit_configs_utils': AMENT_PREFIX_PATH=/home/jone/ws_moveit/install/srdfdom:/home/jone/ws_moveit/install/launch_param_builder:${AMENT_PREFIX_PATH} CMAKE_PREFIX_PATH=/home/jone/ws_moveit/install/srdfdom LD_LIBRARY_PATH=/home/jone/ws_moveit/install/srdfdom/lib:/opt/ros/humble/opt/rviz_ogre_vendor/lib:/opt/ros/humble/lib/x86_64-linux-gnu:/opt/ros/humble/lib:/usr/lib/x86_64-linux-gnu/gazebo-11/plugins:/usr/lib/x86_64-linux-gnu/gazebo-11/plugins:/usr/lib/x86_64-linux-gnu/gazebo-11/plugins PYTHONPATH=/home/jone/ws_moveit/build/moveit_configs_utils/prefix_override:/usr/lib/python3/dist-packages/colcon_core/task/python/colcon_distutils_commands:/home/jone/ws_moveit/install/moveit_configs_utils/lib/python3.10/site-packages:/home/jone/ws_moveit/install/srdfdom/local/lib/python3.10/dist-packages:/home/jone/ws_moveit/install/launch_param_builder/lib/python3.10/site-packages:${PYTHONPATH} /usr/bin/python3 -W ignore:setup.py install is deprecated -W ignore:easy_install command is deprecated setup.py egg_info --egg-base ../../../build/moveit_configs_utils build --build-base /home/jone/ws_moveit/build/moveit_configs_utils/build install --record /home/jone/ws_moveit/build/moveit_configs_utils/install.log --single-version-externally-managed install_data
[3.322s] Level 1:colcon.colcon_core.environment:checking '/home/jone/ws_moveit/install/moveit_configs_utils' for CMake module files
[3.323s] DEBUG:colcon.colcon_core.event_handler.log_command:Invoked command in '/home/jone/ws_moveit/src/moveit2/moveit_configs_utils' returned '0': AMENT_PREFIX_PATH=/home/jone/ws_moveit/install/srdfdom:/home/jone/ws_moveit/install/launch_param_builder:${AMENT_PREFIX_PATH} CMAKE_PREFIX_PATH=/home/jone/ws_moveit/install/srdfdom LD_LIBRARY_PATH=/home/jone/ws_moveit/install/srdfdom/lib:/opt/ros/humble/opt/rviz_ogre_vendor/lib:/opt/ros/humble/lib/x86_64-linux-gnu:/opt/ros/humble/lib:/usr/lib/x86_64-linux-gnu/gazebo-11/plugins:/usr/lib/x86_64-linux-gnu/gazebo-11/plugins:/usr/lib/x86_64-linux-gnu/gazebo-11/plugins PYTHONPATH=/home/jone/ws_moveit/build/moveit_configs_utils/prefix_override:/usr/lib/python3/dist-packages/colcon_core/task/python/colcon_distutils_commands:/home/jone/ws_moveit/install/moveit_configs_utils/lib/python3.10/site-packages:/home/jone/ws_moveit/install/srdfdom/local/lib/python3.10/dist-packages:/home/jone/ws_moveit/install/launch_param_builder/lib/python3.10/site-packages:${PYTHONPATH} /usr/bin/python3 -W ignore:setup.py install is deprecated -W ignore:easy_install command is deprecated setup.py egg_info --egg-base ../../../build/moveit_configs_utils build --build-base /home/jone/ws_moveit/build/moveit_configs_utils/build install --record /home/jone/ws_moveit/build/moveit_configs_utils/install.log --single-version-externally-managed install_data
[3.323s] Level 1:colcon.colcon_core.environment:checking '/home/jone/ws_moveit/install/moveit_configs_utils' for CMake config files
[3.324s] Level 1:colcon.colcon_core.environment:checking '/home/jone/ws_moveit/install/moveit_configs_utils/lib'
[3.324s] Level 1:colcon.colcon_core.environment:checking '/home/jone/ws_moveit/install/moveit_configs_utils/bin'
[3.324s] Level 1:colcon.colcon_core.environment:checking '/home/jone/ws_moveit/install/moveit_configs_utils/lib/pkgconfig/moveit_configs_utils.pc'
[3.324s] Level 1:colcon.colcon_core.environment:checking '/home/jone/ws_moveit/install/moveit_configs_utils/lib/python3.10/site-packages'
[3.324s] Level 1:colcon.colcon_core.shell:create_environment_hook('moveit_configs_utils', 'pythonpath')
[3.324s] INFO:colcon.colcon_core.shell:Creating environment hook '/home/jone/ws_moveit/install/moveit_configs_utils/share/moveit_configs_utils/hook/pythonpath.ps1'
[3.325s] INFO:colcon.colcon_core.shell:Creating environment descriptor '/home/jone/ws_moveit/install/moveit_configs_utils/share/moveit_configs_utils/hook/pythonpath.dsv'
[3.325s] INFO:colcon.colcon_core.shell:Creating environment hook '/home/jone/ws_moveit/install/moveit_configs_utils/share/moveit_configs_utils/hook/pythonpath.sh'
[3.325s] Level 1:colcon.colcon_core.environment:checking '/home/jone/ws_moveit/install/moveit_configs_utils/bin'
[3.325s] Level 1:colcon.colcon_core.environment:create_environment_scripts_only(moveit_configs_utils)
[3.326s] INFO:colcon.colcon_core.shell:Creating package script '/home/jone/ws_moveit/install/moveit_configs_utils/share/moveit_configs_utils/package.ps1'
[3.326s] INFO:colcon.colcon_core.shell:Creating package descriptor '/home/jone/ws_moveit/install/moveit_configs_utils/share/moveit_configs_utils/package.dsv'
[3.326s] INFO:colcon.colcon_core.shell:Creating package script '/home/jone/ws_moveit/install/moveit_configs_utils/share/moveit_configs_utils/package.sh'
[3.327s] INFO:colcon.colcon_core.shell:Creating package script '/home/jone/ws_moveit/install/moveit_configs_utils/share/moveit_configs_utils/package.bash'
[3.327s] INFO:colcon.colcon_core.shell:Creating package script '/home/jone/ws_moveit/install/moveit_configs_utils/share/moveit_configs_utils/package.zsh'
[3.327s] Level 1:colcon.colcon_core.environment:create_file_with_runtime_dependencies(/home/jone/ws_moveit/install/moveit_configs_utils/share/colcon-core/packages/moveit_configs_utils)
[3.327s] DEBUG:colcon.colcon_core.executor.sequential:run_until_complete 'moveit_configs_utils' finished with '0'
[3.327s] DEBUG:colcon.colcon_core.executor.sequential:run_until_complete 'moveit_resources_fanuc_moveit_config'
[3.327s] INFO:colcon.colcon_ros.task.ament_cmake.build:Building ROS package in '/home/jone/ws_moveit/src/moveit_resources/fanuc_moveit_config' with build type 'ament_cmake'
[3.328s] INFO:colcon.colcon_cmake.task.cmake.build:Building CMake package in '/home/jone/ws_moveit/src/moveit_resources/fanuc_moveit_config'
[3.328s] INFO:colcon.colcon_core.shell:Skip shell extension 'powershell' for command environment: Not usable outside of PowerShell
[3.328s] DEBUG:colcon.colcon_core.shell:Skip shell extension 'dsv' for command environment
[3.335s] DEBUG:colcon.colcon_core.event_handler.log_command:Invoking command in '/home/jone/ws_moveit/build/moveit_resources_fanuc_moveit_config': AMENT_PREFIX_PATH=/home/jone/ws_moveit/install/moveit_resources_fanuc_description:${AMENT_PREFIX_PATH} CMAKE_PREFIX_PATH=/home/jone/ws_moveit/install/moveit_resources_fanuc_description:/opt/ros/humble /usr/bin/cmake --build /home/jone/ws_moveit/build/moveit_resources_fanuc_moveit_config -- -j16 -l16
[3.370s] DEBUG:colcon.colcon_core.event_handler.log_command:Invoked command in '/home/jone/ws_moveit/build/moveit_resources_fanuc_moveit_config' returned '0': AMENT_PREFIX_PATH=/home/jone/ws_moveit/install/moveit_resources_fanuc_description:${AMENT_PREFIX_PATH} CMAKE_PREFIX_PATH=/home/jone/ws_moveit/install/moveit_resources_fanuc_description:/opt/ros/humble /usr/bin/cmake --build /home/jone/ws_moveit/build/moveit_resources_fanuc_moveit_config -- -j16 -l16
[3.371s] DEBUG:colcon.colcon_core.event_handler.log_command:Invoking command in '/home/jone/ws_moveit/build/moveit_resources_fanuc_moveit_config': AMENT_PREFIX_PATH=/home/jone/ws_moveit/install/moveit_resources_fanuc_description:${AMENT_PREFIX_PATH} CMAKE_PREFIX_PATH=/home/jone/ws_moveit/install/moveit_resources_fanuc_description:/opt/ros/humble /usr/bin/cmake --install /home/jone/ws_moveit/build/moveit_resources_fanuc_moveit_config
[3.381s] Level 1:colcon.colcon_core.environment:create_environment_scripts_only(moveit_resources_fanuc_moveit_config)
[3.381s] DEBUG:colcon.colcon_core.event_handler.log_command:Invoked command in '/home/jone/ws_moveit/build/moveit_resources_fanuc_moveit_config' returned '0': AMENT_PREFIX_PATH=/home/jone/ws_moveit/install/moveit_resources_fanuc_description:${AMENT_PREFIX_PATH} CMAKE_PREFIX_PATH=/home/jone/ws_moveit/install/moveit_resources_fanuc_description:/opt/ros/humble /usr/bin/cmake --install /home/jone/ws_moveit/build/moveit_resources_fanuc_moveit_config
[3.381s] Level 1:colcon.colcon_core.environment:checking '/home/jone/ws_moveit/install/moveit_resources_fanuc_moveit_config' for CMake module files
[3.382s] Level 1:colcon.colcon_core.environment:checking '/home/jone/ws_moveit/install/moveit_resources_fanuc_moveit_config' for CMake config files
[3.382s] Level 1:colcon.colcon_core.shell:create_environment_hook('moveit_resources_fanuc_moveit_config', 'cmake_prefix_path')
[3.382s] INFO:colcon.colcon_core.shell:Creating environment hook '/home/jone/ws_moveit/install/moveit_resources_fanuc_moveit_config/share/moveit_resources_fanuc_moveit_config/hook/cmake_prefix_path.ps1'
[3.382s] INFO:colcon.colcon_core.shell:Creating environment descriptor '/home/jone/ws_moveit/install/moveit_resources_fanuc_moveit_config/share/moveit_resources_fanuc_moveit_config/hook/cmake_prefix_path.dsv'
[3.383s] INFO:colcon.colcon_core.shell:Creating environment hook '/home/jone/ws_moveit/install/moveit_resources_fanuc_moveit_config/share/moveit_resources_fanuc_moveit_config/hook/cmake_prefix_path.sh'
[3.383s] Level 1:colcon.colcon_core.environment:checking '/home/jone/ws_moveit/install/moveit_resources_fanuc_moveit_config/bin'
[3.383s] Level 1:colcon.colcon_core.environment:checking '/home/jone/ws_moveit/install/moveit_resources_fanuc_moveit_config/lib/pkgconfig/moveit_resources_fanuc_moveit_config.pc'
[3.383s] Level 1:colcon.colcon_core.environment:checking '/home/jone/ws_moveit/install/moveit_resources_fanuc_moveit_config/lib/python3.10/site-packages'
[3.384s] Level 1:colcon.colcon_core.environment:checking '/home/jone/ws_moveit/install/moveit_resources_fanuc_moveit_config/bin'
[3.384s] INFO:colcon.colcon_core.shell:Creating package script '/home/jone/ws_moveit/install/moveit_resources_fanuc_moveit_config/share/moveit_resources_fanuc_moveit_config/package.ps1'
[3.384s] INFO:colcon.colcon_core.shell:Creating package descriptor '/home/jone/ws_moveit/install/moveit_resources_fanuc_moveit_config/share/moveit_resources_fanuc_moveit_config/package.dsv'
[3.384s] INFO:colcon.colcon_core.shell:Creating package script '/home/jone/ws_moveit/install/moveit_resources_fanuc_moveit_config/share/moveit_resources_fanuc_moveit_config/package.sh'
[3.385s] INFO:colcon.colcon_core.shell:Creating package script '/home/jone/ws_moveit/install/moveit_resources_fanuc_moveit_config/share/moveit_resources_fanuc_moveit_config/package.bash'
[3.385s] INFO:colcon.colcon_core.shell:Creating package script '/home/jone/ws_moveit/install/moveit_resources_fanuc_moveit_config/share/moveit_resources_fanuc_moveit_config/package.zsh'
[3.385s] Level 1:colcon.colcon_core.environment:create_file_with_runtime_dependencies(/home/jone/ws_moveit/install/moveit_resources_fanuc_moveit_config/share/colcon-core/packages/moveit_resources_fanuc_moveit_config)
[3.386s] Level 1:colcon.colcon_core.environment:create_environment_scripts_only(moveit_resources_fanuc_moveit_config)
[3.386s] Level 1:colcon.colcon_core.environment:checking '/home/jone/ws_moveit/install/moveit_resources_fanuc_moveit_config' for CMake module files
[3.386s] Level 1:colcon.colcon_core.environment:checking '/home/jone/ws_moveit/install/moveit_resources_fanuc_moveit_config' for CMake config files
[3.386s] Level 1:colcon.colcon_core.shell:create_environment_hook('moveit_resources_fanuc_moveit_config', 'cmake_prefix_path')
[3.386s] INFO:colcon.colcon_core.shell:Creating environment hook '/home/jone/ws_moveit/install/moveit_resources_fanuc_moveit_config/share/moveit_resources_fanuc_moveit_config/hook/cmake_prefix_path.ps1'
[3.387s] INFO:colcon.colcon_core.shell:Creating environment descriptor '/home/jone/ws_moveit/install/moveit_resources_fanuc_moveit_config/share/moveit_resources_fanuc_moveit_config/hook/cmake_prefix_path.dsv'
[3.387s] INFO:colcon.colcon_core.shell:Creating environment hook '/home/jone/ws_moveit/install/moveit_resources_fanuc_moveit_config/share/moveit_resources_fanuc_moveit_config/hook/cmake_prefix_path.sh'
[3.388s] Level 1:colcon.colcon_core.environment:checking '/home/jone/ws_moveit/install/moveit_resources_fanuc_moveit_config/bin'
[3.388s] Level 1:colcon.colcon_core.environment:checking '/home/jone/ws_moveit/install/moveit_resources_fanuc_moveit_config/lib/pkgconfig/moveit_resources_fanuc_moveit_config.pc'
[3.388s] Level 1:colcon.colcon_core.environment:checking '/home/jone/ws_moveit/install/moveit_resources_fanuc_moveit_config/lib/python3.10/site-packages'
[3.388s] Level 1:colcon.colcon_core.environment:checking '/home/jone/ws_moveit/install/moveit_resources_fanuc_moveit_config/bin'
[3.388s] INFO:colcon.colcon_core.shell:Creating package script '/home/jone/ws_moveit/install/moveit_resources_fanuc_moveit_config/share/moveit_resources_fanuc_moveit_config/package.ps1'
[3.388s] INFO:colcon.colcon_core.shell:Creating package descriptor '/home/jone/ws_moveit/install/moveit_resources_fanuc_moveit_config/share/moveit_resources_fanuc_moveit_config/package.dsv'
[3.389s] INFO:colcon.colcon_core.shell:Creating package script '/home/jone/ws_moveit/install/moveit_resources_fanuc_moveit_config/share/moveit_resources_fanuc_moveit_config/package.sh'
[3.389s] INFO:colcon.colcon_core.shell:Creating package script '/home/jone/ws_moveit/install/moveit_resources_fanuc_moveit_config/share/moveit_resources_fanuc_moveit_config/package.bash'
[3.389s] INFO:colcon.colcon_core.shell:Creating package script '/home/jone/ws_moveit/install/moveit_resources_fanuc_moveit_config/share/moveit_resources_fanuc_moveit_config/package.zsh'
[3.390s] Level 1:colcon.colcon_core.environment:create_file_with_runtime_dependencies(/home/jone/ws_moveit/install/moveit_resources_fanuc_moveit_config/share/colcon-core/packages/moveit_resources_fanuc_moveit_config)
[3.390s] DEBUG:colcon.colcon_core.executor.sequential:run_until_complete 'moveit_resources_fanuc_moveit_config' finished with '0'
[3.390s] DEBUG:colcon.colcon_core.executor.sequential:run_until_complete 'moveit_resources_panda_moveit_config'
[3.390s] INFO:colcon.colcon_ros.task.ament_cmake.build:Building ROS package in '/home/jone/ws_moveit/src/moveit_resources/panda_moveit_config' with build type 'ament_cmake'
[3.390s] INFO:colcon.colcon_cmake.task.cmake.build:Building CMake package in '/home/jone/ws_moveit/src/moveit_resources/panda_moveit_config'
[3.390s] INFO:colcon.colcon_core.shell:Skip shell extension 'powershell' for command environment: Not usable outside of PowerShell
[3.390s] DEBUG:colcon.colcon_core.shell:Skip shell extension 'dsv' for command environment
[3.397s] DEBUG:colcon.colcon_core.event_handler.log_command:Invoking command in '/home/jone/ws_moveit/build/moveit_resources_panda_moveit_config': AMENT_PREFIX_PATH=/home/jone/ws_moveit/install/moveit_resources_panda_description:${AMENT_PREFIX_PATH} CMAKE_PREFIX_PATH=/home/jone/ws_moveit/install/moveit_resources_panda_description:/opt/ros/humble /usr/bin/cmake --build /home/jone/ws_moveit/build/moveit_resources_panda_moveit_config -- -j16 -l16
[3.433s] DEBUG:colcon.colcon_core.event_handler.log_command:Invoked command in '/home/jone/ws_moveit/build/moveit_resources_panda_moveit_config' returned '0': AMENT_PREFIX_PATH=/home/jone/ws_moveit/install/moveit_resources_panda_description:${AMENT_PREFIX_PATH} CMAKE_PREFIX_PATH=/home/jone/ws_moveit/install/moveit_resources_panda_description:/opt/ros/humble /usr/bin/cmake --build /home/jone/ws_moveit/build/moveit_resources_panda_moveit_config -- -j16 -l16
[3.434s] DEBUG:colcon.colcon_core.event_handler.log_command:Invoking command in '/home/jone/ws_moveit/build/moveit_resources_panda_moveit_config': AMENT_PREFIX_PATH=/home/jone/ws_moveit/install/moveit_resources_panda_description:${AMENT_PREFIX_PATH} CMAKE_PREFIX_PATH=/home/jone/ws_moveit/install/moveit_resources_panda_description:/opt/ros/humble /usr/bin/cmake --install /home/jone/ws_moveit/build/moveit_resources_panda_moveit_config
[3.444s] Level 1:colcon.colcon_core.environment:create_environment_scripts_only(moveit_resources_panda_moveit_config)
[3.444s] Level 1:colcon.colcon_core.environment:checking '/home/jone/ws_moveit/install/moveit_resources_panda_moveit_config' for CMake module files
[3.444s] DEBUG:colcon.colcon_core.event_handler.log_command:Invoked command in '/home/jone/ws_moveit/build/moveit_resources_panda_moveit_config' returned '0': AMENT_PREFIX_PATH=/home/jone/ws_moveit/install/moveit_resources_panda_description:${AMENT_PREFIX_PATH} CMAKE_PREFIX_PATH=/home/jone/ws_moveit/install/moveit_resources_panda_description:/opt/ros/humble /usr/bin/cmake --install /home/jone/ws_moveit/build/moveit_resources_panda_moveit_config
[3.445s] Level 1:colcon.colcon_core.environment:checking '/home/jone/ws_moveit/install/moveit_resources_panda_moveit_config' for CMake config files
[3.445s] Level 1:colcon.colcon_core.shell:create_environment_hook('moveit_resources_panda_moveit_config', 'cmake_prefix_path')
[3.445s] INFO:colcon.colcon_core.shell:Creating environment hook '/home/jone/ws_moveit/install/moveit_resources_panda_moveit_config/share/moveit_resources_panda_moveit_config/hook/cmake_prefix_path.ps1'
[3.445s] INFO:colcon.colcon_core.shell:Creating environment descriptor '/home/jone/ws_moveit/install/moveit_resources_panda_moveit_config/share/moveit_resources_panda_moveit_config/hook/cmake_prefix_path.dsv'
[3.446s] INFO:colcon.colcon_core.shell:Creating environment hook '/home/jone/ws_moveit/install/moveit_resources_panda_moveit_config/share/moveit_resources_panda_moveit_config/hook/cmake_prefix_path.sh'
[3.446s] Level 1:colcon.colcon_core.environment:checking '/home/jone/ws_moveit/install/moveit_resources_panda_moveit_config/bin'
[3.446s] Level 1:colcon.colcon_core.environment:checking '/home/jone/ws_moveit/install/moveit_resources_panda_moveit_config/lib/pkgconfig/moveit_resources_panda_moveit_config.pc'
[3.446s] Level 1:colcon.colcon_core.environment:checking '/home/jone/ws_moveit/install/moveit_resources_panda_moveit_config/lib/python3.10/site-packages'
[3.446s] Level 1:colcon.colcon_core.environment:checking '/home/jone/ws_moveit/install/moveit_resources_panda_moveit_config/bin'
[3.447s] INFO:colcon.colcon_core.shell:Creating package script '/home/jone/ws_moveit/install/moveit_resources_panda_moveit_config/share/moveit_resources_panda_moveit_config/package.ps1'
[3.447s] INFO:colcon.colcon_core.shell:Creating package descriptor '/home/jone/ws_moveit/install/moveit_resources_panda_moveit_config/share/moveit_resources_panda_moveit_config/package.dsv'
[3.447s] INFO:colcon.colcon_core.shell:Creating package script '/home/jone/ws_moveit/install/moveit_resources_panda_moveit_config/share/moveit_resources_panda_moveit_config/package.sh'
[3.447s] INFO:colcon.colcon_core.shell:Creating package script '/home/jone/ws_moveit/install/moveit_resources_panda_moveit_config/share/moveit_resources_panda_moveit_config/package.bash'
[3.448s] INFO:colcon.colcon_core.shell:Creating package script '/home/jone/ws_moveit/install/moveit_resources_panda_moveit_config/share/moveit_resources_panda_moveit_config/package.zsh'
[3.448s] Level 1:colcon.colcon_core.environment:create_file_with_runtime_dependencies(/home/jone/ws_moveit/install/moveit_resources_panda_moveit_config/share/colcon-core/packages/moveit_resources_panda_moveit_config)
[3.449s] Level 1:colcon.colcon_core.environment:create_environment_scripts_only(moveit_resources_panda_moveit_config)
[3.449s] Level 1:colcon.colcon_core.environment:checking '/home/jone/ws_moveit/install/moveit_resources_panda_moveit_config' for CMake module files
[3.449s] Level 1:colcon.colcon_core.environment:checking '/home/jone/ws_moveit/install/moveit_resources_panda_moveit_config' for CMake config files
[3.449s] Level 1:colcon.colcon_core.shell:create_environment_hook('moveit_resources_panda_moveit_config', 'cmake_prefix_path')
[3.450s] INFO:colcon.colcon_core.shell:Creating environment hook '/home/jone/ws_moveit/install/moveit_resources_panda_moveit_config/share/moveit_resources_panda_moveit_config/hook/cmake_prefix_path.ps1'
[3.450s] INFO:colcon.colcon_core.shell:Creating environment descriptor '/home/jone/ws_moveit/install/moveit_resources_panda_moveit_config/share/moveit_resources_panda_moveit_config/hook/cmake_prefix_path.dsv'
[3.450s] INFO:colcon.colcon_core.shell:Creating environment hook '/home/jone/ws_moveit/install/moveit_resources_panda_moveit_config/share/moveit_resources_panda_moveit_config/hook/cmake_prefix_path.sh'
[3.450s] Level 1:colcon.colcon_core.environment:checking '/home/jone/ws_moveit/install/moveit_resources_panda_moveit_config/bin'
[3.450s] Level 1:colcon.colcon_core.environment:checking '/home/jone/ws_moveit/install/moveit_resources_panda_moveit_config/lib/pkgconfig/moveit_resources_panda_moveit_config.pc'
[3.451s] Level 1:colcon.colcon_core.environment:checking '/home/jone/ws_moveit/install/moveit_resources_panda_moveit_config/lib/python3.10/site-packages'
[3.451s] Level 1:colcon.colcon_core.environment:checking '/home/jone/ws_moveit/install/moveit_resources_panda_moveit_config/bin'
[3.451s] INFO:colcon.colcon_core.shell:Creating package script '/home/jone/ws_moveit/install/moveit_resources_panda_moveit_config/share/moveit_resources_panda_moveit_config/package.ps1'
[3.451s] INFO:colcon.colcon_core.shell:Creating package descriptor '/home/jone/ws_moveit/install/moveit_resources_panda_moveit_config/share/moveit_resources_panda_moveit_config/package.dsv'
[3.452s] INFO:colcon.colcon_core.shell:Creating package script '/home/jone/ws_moveit/install/moveit_resources_panda_moveit_config/share/moveit_resources_panda_moveit_config/package.sh'
[3.452s] INFO:colcon.colcon_core.shell:Creating package script '/home/jone/ws_moveit/install/moveit_resources_panda_moveit_config/share/moveit_resources_panda_moveit_config/package.bash'
[3.452s] INFO:colcon.colcon_core.shell:Creating package script '/home/jone/ws_moveit/install/moveit_resources_panda_moveit_config/share/moveit_resources_panda_moveit_config/package.zsh'
[3.452s] Level 1:colcon.colcon_core.environment:create_file_with_runtime_dependencies(/home/jone/ws_moveit/install/moveit_resources_panda_moveit_config/share/colcon-core/packages/moveit_resources_panda_moveit_config)
[3.453s] DEBUG:colcon.colcon_core.executor.sequential:run_until_complete 'moveit_resources_panda_moveit_config' finished with '0'
[3.453s] DEBUG:colcon.colcon_core.executor.sequential:run_until_complete 'rviz_marker_tools'
[3.453s] INFO:colcon.colcon_ros.task.ament_cmake.build:Building ROS package in '/home/jone/ws_moveit/src/moveit_task_constructor/rviz_marker_tools' with build type 'ament_cmake'
[3.453s] INFO:colcon.colcon_cmake.task.cmake.build:Building CMake package in '/home/jone/ws_moveit/src/moveit_task_constructor/rviz_marker_tools'
[3.453s] INFO:colcon.colcon_core.shell:Skip shell extension 'powershell' for command environment: Not usable outside of PowerShell
[3.453s] DEBUG:colcon.colcon_core.shell:Skip shell extension 'dsv' for command environment
[3.459s] DEBUG:colcon.colcon_core.event_handler.log_command:Invoking command in '/home/jone/ws_moveit/build/rviz_marker_tools': AMENT_PREFIX_PATH=/home/jone/ws_moveit/install/moveit_common:${AMENT_PREFIX_PATH} CMAKE_PREFIX_PATH=/home/jone/ws_moveit/install/moveit_common:/opt/ros/humble /usr/bin/cmake --build /home/jone/ws_moveit/build/rviz_marker_tools -- -j16 -l16
[3.524s] DEBUG:colcon.colcon_core.event_handler.log_command:Invoked command in '/home/jone/ws_moveit/build/rviz_marker_tools' returned '0': AMENT_PREFIX_PATH=/home/jone/ws_moveit/install/moveit_common:${AMENT_PREFIX_PATH} CMAKE_PREFIX_PATH=/home/jone/ws_moveit/install/moveit_common:/opt/ros/humble /usr/bin/cmake --build /home/jone/ws_moveit/build/rviz_marker_tools -- -j16 -l16
[3.525s] DEBUG:colcon.colcon_core.event_handler.log_command:Invoking command in '/home/jone/ws_moveit/build/rviz_marker_tools': AMENT_PREFIX_PATH=/home/jone/ws_moveit/install/moveit_common:${AMENT_PREFIX_PATH} CMAKE_PREFIX_PATH=/home/jone/ws_moveit/install/moveit_common:/opt/ros/humble /usr/bin/cmake --install /home/jone/ws_moveit/build/rviz_marker_tools
[3.535s] Level 1:colcon.colcon_core.environment:create_environment_scripts_only(rviz_marker_tools)
[3.535s] Level 1:colcon.colcon_core.environment:checking '/home/jone/ws_moveit/install/rviz_marker_tools' for CMake module files
[3.536s] DEBUG:colcon.colcon_core.event_handler.log_command:Invoked command in '/home/jone/ws_moveit/build/rviz_marker_tools' returned '0': AMENT_PREFIX_PATH=/home/jone/ws_moveit/install/moveit_common:${AMENT_PREFIX_PATH} CMAKE_PREFIX_PATH=/home/jone/ws_moveit/install/moveit_common:/opt/ros/humble /usr/bin/cmake --install /home/jone/ws_moveit/build/rviz_marker_tools
[3.536s] Level 1:colcon.colcon_core.environment:checking '/home/jone/ws_moveit/install/rviz_marker_tools' for CMake config files
[3.536s] Level 1:colcon.colcon_core.shell:create_environment_hook('rviz_marker_tools', 'cmake_prefix_path')
[3.537s] INFO:colcon.colcon_core.shell:Creating environment hook '/home/jone/ws_moveit/install/rviz_marker_tools/share/rviz_marker_tools/hook/cmake_prefix_path.ps1'
[3.537s] INFO:colcon.colcon_core.shell:Creating environment descriptor '/home/jone/ws_moveit/install/rviz_marker_tools/share/rviz_marker_tools/hook/cmake_prefix_path.dsv'
[3.537s] INFO:colcon.colcon_core.shell:Creating environment hook '/home/jone/ws_moveit/install/rviz_marker_tools/share/rviz_marker_tools/hook/cmake_prefix_path.sh'
[3.538s] Level 1:colcon.colcon_core.environment:checking '/home/jone/ws_moveit/install/rviz_marker_tools/lib'
[3.538s] Level 1:colcon.colcon_core.shell:create_environment_hook('rviz_marker_tools', 'ld_library_path_lib')
[3.538s] INFO:colcon.colcon_core.shell:Creating environment hook '/home/jone/ws_moveit/install/rviz_marker_tools/share/rviz_marker_tools/hook/ld_library_path_lib.ps1'
[3.538s] INFO:colcon.colcon_core.shell:Creating environment descriptor '/home/jone/ws_moveit/install/rviz_marker_tools/share/rviz_marker_tools/hook/ld_library_path_lib.dsv'
[3.538s] INFO:colcon.colcon_core.shell:Creating environment hook '/home/jone/ws_moveit/install/rviz_marker_tools/share/rviz_marker_tools/hook/ld_library_path_lib.sh'
[3.539s] Level 1:colcon.colcon_core.environment:checking '/home/jone/ws_moveit/install/rviz_marker_tools/bin'
[3.539s] Level 1:colcon.colcon_core.environment:checking '/home/jone/ws_moveit/install/rviz_marker_tools/lib/pkgconfig/rviz_marker_tools.pc'
[3.539s] Level 1:colcon.colcon_core.environment:checking '/home/jone/ws_moveit/install/rviz_marker_tools/lib/python3.10/site-packages'
[3.539s] Level 1:colcon.colcon_core.environment:checking '/home/jone/ws_moveit/install/rviz_marker_tools/bin'
[3.539s] INFO:colcon.colcon_core.shell:Creating package script '/home/jone/ws_moveit/install/rviz_marker_tools/share/rviz_marker_tools/package.ps1'
[3.540s] INFO:colcon.colcon_core.shell:Creating package descriptor '/home/jone/ws_moveit/install/rviz_marker_tools/share/rviz_marker_tools/package.dsv'
[3.540s] INFO:colcon.colcon_core.shell:Creating package script '/home/jone/ws_moveit/install/rviz_marker_tools/share/rviz_marker_tools/package.sh'
[3.540s] INFO:colcon.colcon_core.shell:Creating package script '/home/jone/ws_moveit/install/rviz_marker_tools/share/rviz_marker_tools/package.bash'
[3.540s] INFO:colcon.colcon_core.shell:Creating package script '/home/jone/ws_moveit/install/rviz_marker_tools/share/rviz_marker_tools/package.zsh'
[3.541s] Level 1:colcon.colcon_core.environment:create_file_with_runtime_dependencies(/home/jone/ws_moveit/install/rviz_marker_tools/share/colcon-core/packages/rviz_marker_tools)
[3.541s] Level 1:colcon.colcon_core.environment:create_environment_scripts_only(rviz_marker_tools)
[3.541s] Level 1:colcon.colcon_core.environment:checking '/home/jone/ws_moveit/install/rviz_marker_tools' for CMake module files
[3.541s] Level 1:colcon.colcon_core.environment:checking '/home/jone/ws_moveit/install/rviz_marker_tools' for CMake config files
[3.542s] Level 1:colcon.colcon_core.shell:create_environment_hook('rviz_marker_tools', 'cmake_prefix_path')
[3.542s] INFO:colcon.colcon_core.shell:Creating environment hook '/home/jone/ws_moveit/install/rviz_marker_tools/share/rviz_marker_tools/hook/cmake_prefix_path.ps1'
[3.542s] INFO:colcon.colcon_core.shell:Creating environment descriptor '/home/jone/ws_moveit/install/rviz_marker_tools/share/rviz_marker_tools/hook/cmake_prefix_path.dsv'
[3.542s] INFO:colcon.colcon_core.shell:Creating environment hook '/home/jone/ws_moveit/install/rviz_marker_tools/share/rviz_marker_tools/hook/cmake_prefix_path.sh'
[3.543s] Level 1:colcon.colcon_core.environment:checking '/home/jone/ws_moveit/install/rviz_marker_tools/lib'
[3.543s] Level 1:colcon.colcon_core.shell:create_environment_hook('rviz_marker_tools', 'ld_library_path_lib')
[3.543s] INFO:colcon.colcon_core.shell:Creating environment hook '/home/jone/ws_moveit/install/rviz_marker_tools/share/rviz_marker_tools/hook/ld_library_path_lib.ps1'
[3.543s] INFO:colcon.colcon_core.shell:Creating environment descriptor '/home/jone/ws_moveit/install/rviz_marker_tools/share/rviz_marker_tools/hook/ld_library_path_lib.dsv'
[3.543s] INFO:colcon.colcon_core.shell:Creating environment hook '/home/jone/ws_moveit/install/rviz_marker_tools/share/rviz_marker_tools/hook/ld_library_path_lib.sh'
[3.544s] Level 1:colcon.colcon_core.environment:checking '/home/jone/ws_moveit/install/rviz_marker_tools/bin'
[3.544s] Level 1:colcon.colcon_core.environment:checking '/home/jone/ws_moveit/install/rviz_marker_tools/lib/pkgconfig/rviz_marker_tools.pc'
[3.544s] Level 1:colcon.colcon_core.environment:checking '/home/jone/ws_moveit/install/rviz_marker_tools/lib/python3.10/site-packages'
[3.544s] Level 1:colcon.colcon_core.environment:checking '/home/jone/ws_moveit/install/rviz_marker_tools/bin'
[3.544s] INFO:colcon.colcon_core.shell:Creating package script '/home/jone/ws_moveit/install/rviz_marker_tools/share/rviz_marker_tools/package.ps1'
[3.545s] INFO:colcon.colcon_core.shell:Creating package descriptor '/home/jone/ws_moveit/install/rviz_marker_tools/share/rviz_marker_tools/package.dsv'
[3.545s] INFO:colcon.colcon_core.shell:Creating package script '/home/jone/ws_moveit/install/rviz_marker_tools/share/rviz_marker_tools/package.sh'
[3.545s] INFO:colcon.colcon_core.shell:Creating package script '/home/jone/ws_moveit/install/rviz_marker_tools/share/rviz_marker_tools/package.bash'
[3.546s] INFO:colcon.colcon_core.shell:Creating package script '/home/jone/ws_moveit/install/rviz_marker_tools/share/rviz_marker_tools/package.zsh'
[3.546s] Level 1:colcon.colcon_core.environment:create_file_with_runtime_dependencies(/home/jone/ws_moveit/install/rviz_marker_tools/share/colcon-core/packages/rviz_marker_tools)
[3.546s] DEBUG:colcon.colcon_core.executor.sequential:run_until_complete 'rviz_marker_tools' finished with '0'
[3.546s] DEBUG:colcon.colcon_core.executor.sequential:run_until_complete 'moveit_core'
[3.546s] INFO:colcon.colcon_ros.task.ament_cmake.build:Building ROS package in '/home/jone/ws_moveit/src/moveit2/moveit_core' with build type 'ament_cmake'
[3.546s] INFO:colcon.colcon_cmake.task.cmake.build:Building CMake package in '/home/jone/ws_moveit/src/moveit2/moveit_core'
[3.546s] INFO:colcon.colcon_core.shell:Skip shell extension 'powershell' for command environment: Not usable outside of PowerShell
[3.546s] DEBUG:colcon.colcon_core.shell:Skip shell extension 'dsv' for command environment
[3.556s] DEBUG:colcon.colcon_core.event_handler.log_command:Invoking command in '/home/jone/ws_moveit/build/moveit_core': AMENT_PREFIX_PATH=/home/jone/ws_moveit/install/moveit_resources_panda_moveit_config:/home/jone/ws_moveit/install/srdfdom:/home/jone/ws_moveit/install/moveit_resources_pr2_description:/home/jone/ws_moveit/install/moveit_resources_panda_description:/home/jone/ws_moveit/install/moveit_common:${AMENT_PREFIX_PATH} CMAKE_PREFIX_PATH=/home/jone/ws_moveit/install/moveit_resources_panda_moveit_config:/home/jone/ws_moveit/install/srdfdom:/home/jone/ws_moveit/install/moveit_resources_pr2_description:/home/jone/ws_moveit/install/moveit_resources_panda_description:/home/jone/ws_moveit/install/moveit_common:/opt/ros/humble LD_LIBRARY_PATH=/home/jone/ws_moveit/install/srdfdom/lib:/opt/ros/humble/opt/rviz_ogre_vendor/lib:/opt/ros/humble/lib/x86_64-linux-gnu:/opt/ros/humble/lib:/usr/lib/x86_64-linux-gnu/gazebo-11/plugins:/usr/lib/x86_64-linux-gnu/gazebo-11/plugins:/usr/lib/x86_64-linux-gnu/gazebo-11/plugins PYTHONPATH=/home/jone/ws_moveit/install/srdfdom/local/lib/python3.10/dist-packages:${PYTHONPATH} /usr/bin/cmake --build /home/jone/ws_moveit/build/moveit_core -- -j16 -l16
[3.929s] DEBUG:colcon.colcon_core.event_handler.log_command:Invoked command in '/home/jone/ws_moveit/build/moveit_core' returned '0': AMENT_PREFIX_PATH=/home/jone/ws_moveit/install/moveit_resources_panda_moveit_config:/home/jone/ws_moveit/install/srdfdom:/home/jone/ws_moveit/install/moveit_resources_pr2_description:/home/jone/ws_moveit/install/moveit_resources_panda_description:/home/jone/ws_moveit/install/moveit_common:${AMENT_PREFIX_PATH} CMAKE_PREFIX_PATH=/home/jone/ws_moveit/install/moveit_resources_panda_moveit_config:/home/jone/ws_moveit/install/srdfdom:/home/jone/ws_moveit/install/moveit_resources_pr2_description:/home/jone/ws_moveit/install/moveit_resources_panda_description:/home/jone/ws_moveit/install/moveit_common:/opt/ros/humble LD_LIBRARY_PATH=/home/jone/ws_moveit/install/srdfdom/lib:/opt/ros/humble/opt/rviz_ogre_vendor/lib:/opt/ros/humble/lib/x86_64-linux-gnu:/opt/ros/humble/lib:/usr/lib/x86_64-linux-gnu/gazebo-11/plugins:/usr/lib/x86_64-linux-gnu/gazebo-11/plugins:/usr/lib/x86_64-linux-gnu/gazebo-11/plugins PYTHONPATH=/home/jone/ws_moveit/install/srdfdom/local/lib/python3.10/dist-packages:${PYTHONPATH} /usr/bin/cmake --build /home/jone/ws_moveit/build/moveit_core -- -j16 -l16
[3.931s] DEBUG:colcon.colcon_core.event_handler.log_command:Invoking command in '/home/jone/ws_moveit/build/moveit_core': AMENT_PREFIX_PATH=/home/jone/ws_moveit/install/moveit_resources_panda_moveit_config:/home/jone/ws_moveit/install/srdfdom:/home/jone/ws_moveit/install/moveit_resources_pr2_description:/home/jone/ws_moveit/install/moveit_resources_panda_description:/home/jone/ws_moveit/install/moveit_common:${AMENT_PREFIX_PATH} CMAKE_PREFIX_PATH=/home/jone/ws_moveit/install/moveit_resources_panda_moveit_config:/home/jone/ws_moveit/install/srdfdom:/home/jone/ws_moveit/install/moveit_resources_pr2_description:/home/jone/ws_moveit/install/moveit_resources_panda_description:/home/jone/ws_moveit/install/moveit_common:/opt/ros/humble LD_LIBRARY_PATH=/home/jone/ws_moveit/install/srdfdom/lib:/opt/ros/humble/opt/rviz_ogre_vendor/lib:/opt/ros/humble/lib/x86_64-linux-gnu:/opt/ros/humble/lib:/usr/lib/x86_64-linux-gnu/gazebo-11/plugins:/usr/lib/x86_64-linux-gnu/gazebo-11/plugins:/usr/lib/x86_64-linux-gnu/gazebo-11/plugins PYTHONPATH=/home/jone/ws_moveit/install/srdfdom/local/lib/python3.10/dist-packages:${PYTHONPATH} /usr/bin/cmake --install /home/jone/ws_moveit/build/moveit_core
[3.963s] Level 1:colcon.colcon_core.environment:create_environment_scripts_only(moveit_core)
[3.963s] Level 1:colcon.colcon_core.environment:checking '/home/jone/ws_moveit/install/moveit_core' for CMake module files
[3.963s] DEBUG:colcon.colcon_core.event_handler.log_command:Invoked command in '/home/jone/ws_moveit/build/moveit_core' returned '0': AMENT_PREFIX_PATH=/home/jone/ws_moveit/install/moveit_resources_panda_moveit_config:/home/jone/ws_moveit/install/srdfdom:/home/jone/ws_moveit/install/moveit_resources_pr2_description:/home/jone/ws_moveit/install/moveit_resources_panda_description:/home/jone/ws_moveit/install/moveit_common:${AMENT_PREFIX_PATH} CMAKE_PREFIX_PATH=/home/jone/ws_moveit/install/moveit_resources_panda_moveit_config:/home/jone/ws_moveit/install/srdfdom:/home/jone/ws_moveit/install/moveit_resources_pr2_description:/home/jone/ws_moveit/install/moveit_resources_panda_description:/home/jone/ws_moveit/install/moveit_common:/opt/ros/humble LD_LIBRARY_PATH=/home/jone/ws_moveit/install/srdfdom/lib:/opt/ros/humble/opt/rviz_ogre_vendor/lib:/opt/ros/humble/lib/x86_64-linux-gnu:/opt/ros/humble/lib:/usr/lib/x86_64-linux-gnu/gazebo-11/plugins:/usr/lib/x86_64-linux-gnu/gazebo-11/plugins:/usr/lib/x86_64-linux-gnu/gazebo-11/plugins PYTHONPATH=/home/jone/ws_moveit/install/srdfdom/local/lib/python3.10/dist-packages:${PYTHONPATH} /usr/bin/cmake --install /home/jone/ws_moveit/build/moveit_core
[3.964s] Level 1:colcon.colcon_core.environment:checking '/home/jone/ws_moveit/install/moveit_core' for CMake config files
[3.964s] Level 1:colcon.colcon_core.shell:create_environment_hook('moveit_core', 'cmake_prefix_path')
[3.965s] INFO:colcon.colcon_core.shell:Creating environment hook '/home/jone/ws_moveit/install/moveit_core/share/moveit_core/hook/cmake_prefix_path.ps1'
[3.965s] INFO:colcon.colcon_core.shell:Creating environment descriptor '/home/jone/ws_moveit/install/moveit_core/share/moveit_core/hook/cmake_prefix_path.dsv'
[3.965s] INFO:colcon.colcon_core.shell:Creating environment hook '/home/jone/ws_moveit/install/moveit_core/share/moveit_core/hook/cmake_prefix_path.sh'
[3.966s] Level 1:colcon.colcon_core.environment:checking '/home/jone/ws_moveit/install/moveit_core/lib'
[3.966s] Level 1:colcon.colcon_core.shell:create_environment_hook('moveit_core', 'ld_library_path_lib')
[3.966s] INFO:colcon.colcon_core.shell:Creating environment hook '/home/jone/ws_moveit/install/moveit_core/share/moveit_core/hook/ld_library_path_lib.ps1'
[3.966s] INFO:colcon.colcon_core.shell:Creating environment descriptor '/home/jone/ws_moveit/install/moveit_core/share/moveit_core/hook/ld_library_path_lib.dsv'
[3.966s] INFO:colcon.colcon_core.shell:Creating environment hook '/home/jone/ws_moveit/install/moveit_core/share/moveit_core/hook/ld_library_path_lib.sh'
[3.967s] Level 1:colcon.colcon_core.environment:checking '/home/jone/ws_moveit/install/moveit_core/bin'
[3.967s] Level 1:colcon.colcon_core.shell:create_environment_hook('moveit_core', 'path')
[3.967s] INFO:colcon.colcon_core.shell:Creating environment hook '/home/jone/ws_moveit/install/moveit_core/share/moveit_core/hook/path.ps1'
[3.967s] INFO:colcon.colcon_core.shell:Creating environment descriptor '/home/jone/ws_moveit/install/moveit_core/share/moveit_core/hook/path.dsv'
[3.967s] INFO:colcon.colcon_core.shell:Creating environment hook '/home/jone/ws_moveit/install/moveit_core/share/moveit_core/hook/path.sh'
[3.968s] Level 1:colcon.colcon_core.environment:checking '/home/jone/ws_moveit/install/moveit_core/lib/pkgconfig/moveit_core.pc'
[3.968s] Level 1:colcon.colcon_core.environment:checking '/home/jone/ws_moveit/install/moveit_core/lib/python3.10/site-packages'
[3.968s] Level 1:colcon.colcon_core.environment:checking '/home/jone/ws_moveit/install/moveit_core/bin'
[3.968s] Level 1:colcon.colcon_core.shell:create_environment_hook('moveit_core', 'pythonscriptspath')
[3.968s] INFO:colcon.colcon_core.shell:Creating environment hook '/home/jone/ws_moveit/install/moveit_core/share/moveit_core/hook/pythonscriptspath.ps1'
[3.968s] INFO:colcon.colcon_core.shell:Creating environment descriptor '/home/jone/ws_moveit/install/moveit_core/share/moveit_core/hook/pythonscriptspath.dsv'
[3.969s] INFO:colcon.colcon_core.shell:Creating environment hook '/home/jone/ws_moveit/install/moveit_core/share/moveit_core/hook/pythonscriptspath.sh'
[3.969s] INFO:colcon.colcon_core.shell:Creating package script '/home/jone/ws_moveit/install/moveit_core/share/moveit_core/package.ps1'
[3.969s] INFO:colcon.colcon_core.shell:Creating package descriptor '/home/jone/ws_moveit/install/moveit_core/share/moveit_core/package.dsv'
[3.970s] INFO:colcon.colcon_core.shell:Creating package script '/home/jone/ws_moveit/install/moveit_core/share/moveit_core/package.sh'
[3.970s] INFO:colcon.colcon_core.shell:Creating package script '/home/jone/ws_moveit/install/moveit_core/share/moveit_core/package.bash'
[3.970s] INFO:colcon.colcon_core.shell:Creating package script '/home/jone/ws_moveit/install/moveit_core/share/moveit_core/package.zsh'
[3.971s] Level 1:colcon.colcon_core.environment:create_file_with_runtime_dependencies(/home/jone/ws_moveit/install/moveit_core/share/colcon-core/packages/moveit_core)
[3.971s] Level 1:colcon.colcon_core.environment:create_environment_scripts_only(moveit_core)
[3.971s] Level 1:colcon.colcon_core.environment:checking '/home/jone/ws_moveit/install/moveit_core' for CMake module files
[3.972s] Level 1:colcon.colcon_core.environment:checking '/home/jone/ws_moveit/install/moveit_core' for CMake config files
[3.972s] Level 1:colcon.colcon_core.shell:create_environment_hook('moveit_core', 'cmake_prefix_path')
[3.972s] INFO:colcon.colcon_core.shell:Creating environment hook '/home/jone/ws_moveit/install/moveit_core/share/moveit_core/hook/cmake_prefix_path.ps1'
[3.973s] INFO:colcon.colcon_core.shell:Creating environment descriptor '/home/jone/ws_moveit/install/moveit_core/share/moveit_core/hook/cmake_prefix_path.dsv'
[3.973s] INFO:colcon.colcon_core.shell:Creating environment hook '/home/jone/ws_moveit/install/moveit_core/share/moveit_core/hook/cmake_prefix_path.sh'
[3.973s] Level 1:colcon.colcon_core.environment:checking '/home/jone/ws_moveit/install/moveit_core/lib'
[3.973s] Level 1:colcon.colcon_core.shell:create_environment_hook('moveit_core', 'ld_library_path_lib')
[3.974s] INFO:colcon.colcon_core.shell:Creating environment hook '/home/jone/ws_moveit/install/moveit_core/share/moveit_core/hook/ld_library_path_lib.ps1'
[3.974s] INFO:colcon.colcon_core.shell:Creating environment descriptor '/home/jone/ws_moveit/install/moveit_core/share/moveit_core/hook/ld_library_path_lib.dsv'
[3.974s] INFO:colcon.colcon_core.shell:Creating environment hook '/home/jone/ws_moveit/install/moveit_core/share/moveit_core/hook/ld_library_path_lib.sh'
[3.974s] Level 1:colcon.colcon_core.environment:checking '/home/jone/ws_moveit/install/moveit_core/bin'
[3.974s] Level 1:colcon.colcon_core.shell:create_environment_hook('moveit_core', 'path')
[3.975s] INFO:colcon.colcon_core.shell:Creating environment hook '/home/jone/ws_moveit/install/moveit_core/share/moveit_core/hook/path.ps1'
[3.975s] INFO:colcon.colcon_core.shell:Creating environment descriptor '/home/jone/ws_moveit/install/moveit_core/share/moveit_core/hook/path.dsv'
[3.975s] INFO:colcon.colcon_core.shell:Creating environment hook '/home/jone/ws_moveit/install/moveit_core/share/moveit_core/hook/path.sh'
[3.975s] Level 1:colcon.colcon_core.environment:checking '/home/jone/ws_moveit/install/moveit_core/lib/pkgconfig/moveit_core.pc'
[3.975s] Level 1:colcon.colcon_core.environment:checking '/home/jone/ws_moveit/install/moveit_core/lib/python3.10/site-packages'
[3.976s] Level 1:colcon.colcon_core.environment:checking '/home/jone/ws_moveit/install/moveit_core/bin'
[3.976s] Level 1:colcon.colcon_core.shell:create_environment_hook('moveit_core', 'pythonscriptspath')
[3.976s] INFO:colcon.colcon_core.shell:Creating environment hook '/home/jone/ws_moveit/install/moveit_core/share/moveit_core/hook/pythonscriptspath.ps1'
[3.976s] INFO:colcon.colcon_core.shell:Creating environment descriptor '/home/jone/ws_moveit/install/moveit_core/share/moveit_core/hook/pythonscriptspath.dsv'
[3.976s] INFO:colcon.colcon_core.shell:Creating environment hook '/home/jone/ws_moveit/install/moveit_core/share/moveit_core/hook/pythonscriptspath.sh'
[3.977s] INFO:colcon.colcon_core.shell:Creating package script '/home/jone/ws_moveit/install/moveit_core/share/moveit_core/package.ps1'
[3.977s] INFO:colcon.colcon_core.shell:Creating package descriptor '/home/jone/ws_moveit/install/moveit_core/share/moveit_core/package.dsv'
[3.978s] INFO:colcon.colcon_core.shell:Creating package script '/home/jone/ws_moveit/install/moveit_core/share/moveit_core/package.sh'
[3.978s] INFO:colcon.colcon_core.shell:Creating package script '/home/jone/ws_moveit/install/moveit_core/share/moveit_core/package.bash'
[3.978s] INFO:colcon.colcon_core.shell:Creating package script '/home/jone/ws_moveit/install/moveit_core/share/moveit_core/package.zsh'
[3.979s] Level 1:colcon.colcon_core.environment:create_file_with_runtime_dependencies(/home/jone/ws_moveit/install/moveit_core/share/colcon-core/packages/moveit_core)
[3.979s] DEBUG:colcon.colcon_core.executor.sequential:run_until_complete 'moveit_core' finished with '0'
[3.979s] DEBUG:colcon.colcon_core.executor.sequential:run_until_complete 'moveit_resources'
[3.979s] INFO:colcon.colcon_ros.task.ament_cmake.build:Building ROS package in '/home/jone/ws_moveit/src/moveit_resources/moveit_resources' with build type 'ament_cmake'
[3.979s] INFO:colcon.colcon_cmake.task.cmake.build:Building CMake package in '/home/jone/ws_moveit/src/moveit_resources/moveit_resources'
[3.979s] INFO:colcon.colcon_core.shell:Skip shell extension 'powershell' for command environment: Not usable outside of PowerShell
[3.979s] DEBUG:colcon.colcon_core.shell:Skip shell extension 'dsv' for command environment
[3.989s] DEBUG:colcon.colcon_core.event_handler.log_command:Invoking command in '/home/jone/ws_moveit/build/moveit_resources': AMENT_PREFIX_PATH=/home/jone/ws_moveit/install/moveit_resources_panda_moveit_config:/home/jone/ws_moveit/install/moveit_resources_fanuc_moveit_config:/home/jone/ws_moveit/install/moveit_resources_pr2_description:/home/jone/ws_moveit/install/moveit_resources_panda_description:/home/jone/ws_moveit/install/moveit_resources_fanuc_description:${AMENT_PREFIX_PATH} CMAKE_PREFIX_PATH=/home/jone/ws_moveit/install/moveit_resources_panda_moveit_config:/home/jone/ws_moveit/install/moveit_resources_fanuc_moveit_config:/home/jone/ws_moveit/install/moveit_resources_pr2_description:/home/jone/ws_moveit/install/moveit_resources_panda_description:/home/jone/ws_moveit/install/moveit_resources_fanuc_description:/opt/ros/humble /usr/bin/cmake --build /home/jone/ws_moveit/build/moveit_resources -- -j16 -l16
[4.025s] DEBUG:colcon.colcon_core.event_handler.log_command:Invoked command in '/home/jone/ws_moveit/build/moveit_resources' returned '0': AMENT_PREFIX_PATH=/home/jone/ws_moveit/install/moveit_resources_panda_moveit_config:/home/jone/ws_moveit/install/moveit_resources_fanuc_moveit_config:/home/jone/ws_moveit/install/moveit_resources_pr2_description:/home/jone/ws_moveit/install/moveit_resources_panda_description:/home/jone/ws_moveit/install/moveit_resources_fanuc_description:${AMENT_PREFIX_PATH} CMAKE_PREFIX_PATH=/home/jone/ws_moveit/install/moveit_resources_panda_moveit_config:/home/jone/ws_moveit/install/moveit_resources_fanuc_moveit_config:/home/jone/ws_moveit/install/moveit_resources_pr2_description:/home/jone/ws_moveit/install/moveit_resources_panda_description:/home/jone/ws_moveit/install/moveit_resources_fanuc_description:/opt/ros/humble /usr/bin/cmake --build /home/jone/ws_moveit/build/moveit_resources -- -j16 -l16
[4.026s] DEBUG:colcon.colcon_core.event_handler.log_command:Invoking command in '/home/jone/ws_moveit/build/moveit_resources': AMENT_PREFIX_PATH=/home/jone/ws_moveit/install/moveit_resources_panda_moveit_config:/home/jone/ws_moveit/install/moveit_resources_fanuc_moveit_config:/home/jone/ws_moveit/install/moveit_resources_pr2_description:/home/jone/ws_moveit/install/moveit_resources_panda_description:/home/jone/ws_moveit/install/moveit_resources_fanuc_description:${AMENT_PREFIX_PATH} CMAKE_PREFIX_PATH=/home/jone/ws_moveit/install/moveit_resources_panda_moveit_config:/home/jone/ws_moveit/install/moveit_resources_fanuc_moveit_config:/home/jone/ws_moveit/install/moveit_resources_pr2_description:/home/jone/ws_moveit/install/moveit_resources_panda_description:/home/jone/ws_moveit/install/moveit_resources_fanuc_description:/opt/ros/humble /usr/bin/cmake --install /home/jone/ws_moveit/build/moveit_resources
[4.035s] Level 1:colcon.colcon_core.environment:create_environment_scripts_only(moveit_resources)
[4.035s] Level 1:colcon.colcon_core.environment:checking '/home/jone/ws_moveit/install/moveit_resources' for CMake module files
[4.035s] DEBUG:colcon.colcon_core.event_handler.log_command:Invoked command in '/home/jone/ws_moveit/build/moveit_resources' returned '0': AMENT_PREFIX_PATH=/home/jone/ws_moveit/install/moveit_resources_panda_moveit_config:/home/jone/ws_moveit/install/moveit_resources_fanuc_moveit_config:/home/jone/ws_moveit/install/moveit_resources_pr2_description:/home/jone/ws_moveit/install/moveit_resources_panda_description:/home/jone/ws_moveit/install/moveit_resources_fanuc_description:${AMENT_PREFIX_PATH} CMAKE_PREFIX_PATH=/home/jone/ws_moveit/install/moveit_resources_panda_moveit_config:/home/jone/ws_moveit/install/moveit_resources_fanuc_moveit_config:/home/jone/ws_moveit/install/moveit_resources_pr2_description:/home/jone/ws_moveit/install/moveit_resources_panda_description:/home/jone/ws_moveit/install/moveit_resources_fanuc_description:/opt/ros/humble /usr/bin/cmake --install /home/jone/ws_moveit/build/moveit_resources
[4.035s] Level 1:colcon.colcon_core.environment:checking '/home/jone/ws_moveit/install/moveit_resources' for CMake config files
[4.036s] Level 1:colcon.colcon_core.shell:create_environment_hook('moveit_resources', 'cmake_prefix_path')
[4.036s] INFO:colcon.colcon_core.shell:Creating environment hook '/home/jone/ws_moveit/install/moveit_resources/share/moveit_resources/hook/cmake_prefix_path.ps1'
[4.036s] INFO:colcon.colcon_core.shell:Creating environment descriptor '/home/jone/ws_moveit/install/moveit_resources/share/moveit_resources/hook/cmake_prefix_path.dsv'
[4.036s] INFO:colcon.colcon_core.shell:Creating environment hook '/home/jone/ws_moveit/install/moveit_resources/share/moveit_resources/hook/cmake_prefix_path.sh'
[4.037s] Level 1:colcon.colcon_core.environment:checking '/home/jone/ws_moveit/install/moveit_resources/bin'
[4.037s] Level 1:colcon.colcon_core.environment:checking '/home/jone/ws_moveit/install/moveit_resources/lib/pkgconfig/moveit_resources.pc'
[4.037s] Level 1:colcon.colcon_core.environment:checking '/home/jone/ws_moveit/install/moveit_resources/lib/python3.10/site-packages'
[4.037s] Level 1:colcon.colcon_core.environment:checking '/home/jone/ws_moveit/install/moveit_resources/bin'
[4.037s] INFO:colcon.colcon_core.shell:Creating package script '/home/jone/ws_moveit/install/moveit_resources/share/moveit_resources/package.ps1'
[4.038s] INFO:colcon.colcon_core.shell:Creating package descriptor '/home/jone/ws_moveit/install/moveit_resources/share/moveit_resources/package.dsv'
[4.038s] INFO:colcon.colcon_core.shell:Creating package script '/home/jone/ws_moveit/install/moveit_resources/share/moveit_resources/package.sh'
[4.038s] INFO:colcon.colcon_core.shell:Creating package script '/home/jone/ws_moveit/install/moveit_resources/share/moveit_resources/package.bash'
[4.038s] INFO:colcon.colcon_core.shell:Creating package script '/home/jone/ws_moveit/install/moveit_resources/share/moveit_resources/package.zsh'
[4.039s] Level 1:colcon.colcon_core.environment:create_file_with_runtime_dependencies(/home/jone/ws_moveit/install/moveit_resources/share/colcon-core/packages/moveit_resources)
[4.039s] Level 1:colcon.colcon_core.environment:create_environment_scripts_only(moveit_resources)
[4.039s] Level 1:colcon.colcon_core.environment:checking '/home/jone/ws_moveit/install/moveit_resources' for CMake module files
[4.040s] Level 1:colcon.colcon_core.environment:checking '/home/jone/ws_moveit/install/moveit_resources' for CMake config files
[4.040s] Level 1:colcon.colcon_core.shell:create_environment_hook('moveit_resources', 'cmake_prefix_path')
[4.040s] INFO:colcon.colcon_core.shell:Creating environment hook '/home/jone/ws_moveit/install/moveit_resources/share/moveit_resources/hook/cmake_prefix_path.ps1'
[4.040s] INFO:colcon.colcon_core.shell:Creating environment descriptor '/home/jone/ws_moveit/install/moveit_resources/share/moveit_resources/hook/cmake_prefix_path.dsv'
[4.040s] INFO:colcon.colcon_core.shell:Creating environment hook '/home/jone/ws_moveit/install/moveit_resources/share/moveit_resources/hook/cmake_prefix_path.sh'
[4.041s] Level 1:colcon.colcon_core.environment:checking '/home/jone/ws_moveit/install/moveit_resources/bin'
[4.041s] Level 1:colcon.colcon_core.environment:checking '/home/jone/ws_moveit/install/moveit_resources/lib/pkgconfig/moveit_resources.pc'
[4.041s] Level 1:colcon.colcon_core.environment:checking '/home/jone/ws_moveit/install/moveit_resources/lib/python3.10/site-packages'
[4.041s] Level 1:colcon.colcon_core.environment:checking '/home/jone/ws_moveit/install/moveit_resources/bin'
[4.041s] INFO:colcon.colcon_core.shell:Creating package script '/home/jone/ws_moveit/install/moveit_resources/share/moveit_resources/package.ps1'
[4.042s] INFO:colcon.colcon_core.shell:Creating package descriptor '/home/jone/ws_moveit/install/moveit_resources/share/moveit_resources/package.dsv'
[4.042s] INFO:colcon.colcon_core.shell:Creating package script '/home/jone/ws_moveit/install/moveit_resources/share/moveit_resources/package.sh'
[4.042s] INFO:colcon.colcon_core.shell:Creating package script '/home/jone/ws_moveit/install/moveit_resources/share/moveit_resources/package.bash'
[4.042s] INFO:colcon.colcon_core.shell:Creating package script '/home/jone/ws_moveit/install/moveit_resources/share/moveit_resources/package.zsh'
[4.043s] Level 1:colcon.colcon_core.environment:create_file_with_runtime_dependencies(/home/jone/ws_moveit/install/moveit_resources/share/colcon-core/packages/moveit_resources)
[4.043s] DEBUG:colcon.colcon_core.executor.sequential:run_until_complete 'moveit_resources' finished with '0'
[4.043s] DEBUG:colcon.colcon_core.executor.sequential:run_until_complete 'chomp_motion_planner'
[4.043s] INFO:colcon.colcon_ros.task.ament_cmake.build:Building ROS package in '/home/jone/ws_moveit/src/moveit2/moveit_planners/chomp/chomp_motion_planner' with build type 'ament_cmake'
[4.043s] INFO:colcon.colcon_cmake.task.cmake.build:Building CMake package in '/home/jone/ws_moveit/src/moveit2/moveit_planners/chomp/chomp_motion_planner'
[4.043s] INFO:colcon.colcon_core.shell:Skip shell extension 'powershell' for command environment: Not usable outside of PowerShell
[4.043s] DEBUG:colcon.colcon_core.shell:Skip shell extension 'dsv' for command environment
[4.056s] DEBUG:colcon.colcon_core.event_handler.log_command:Invoking command in '/home/jone/ws_moveit/build/chomp_motion_planner': AMENT_PREFIX_PATH=/home/jone/ws_moveit/install/moveit_core:/home/jone/ws_moveit/install/moveit_resources_panda_moveit_config:/home/jone/ws_moveit/install/srdfdom:/home/jone/ws_moveit/install/moveit_resources_pr2_description:/home/jone/ws_moveit/install/moveit_resources_panda_description:/home/jone/ws_moveit/install/moveit_common:${AMENT_PREFIX_PATH} CMAKE_PREFIX_PATH=/home/jone/ws_moveit/install/moveit_core:/home/jone/ws_moveit/install/moveit_resources_panda_moveit_config:/home/jone/ws_moveit/install/srdfdom:/home/jone/ws_moveit/install/moveit_resources_pr2_description:/home/jone/ws_moveit/install/moveit_resources_panda_description:/home/jone/ws_moveit/install/moveit_common:/opt/ros/humble LD_LIBRARY_PATH=/home/jone/ws_moveit/install/moveit_core/lib:/home/jone/ws_moveit/install/srdfdom/lib:/opt/ros/humble/opt/rviz_ogre_vendor/lib:/opt/ros/humble/lib/x86_64-linux-gnu:/opt/ros/humble/lib:/usr/lib/x86_64-linux-gnu/gazebo-11/plugins:/usr/lib/x86_64-linux-gnu/gazebo-11/plugins:/usr/lib/x86_64-linux-gnu/gazebo-11/plugins PATH=/home/jone/ws_moveit/install/moveit_core/bin:${PATH} PYTHONPATH=/home/jone/ws_moveit/install/srdfdom/local/lib/python3.10/dist-packages:${PYTHONPATH} /usr/bin/cmake --build /home/jone/ws_moveit/build/chomp_motion_planner -- -j16 -l16
[4.132s] DEBUG:colcon.colcon_core.event_handler.log_command:Invoked command in '/home/jone/ws_moveit/build/chomp_motion_planner' returned '0': AMENT_PREFIX_PATH=/home/jone/ws_moveit/install/moveit_core:/home/jone/ws_moveit/install/moveit_resources_panda_moveit_config:/home/jone/ws_moveit/install/srdfdom:/home/jone/ws_moveit/install/moveit_resources_pr2_description:/home/jone/ws_moveit/install/moveit_resources_panda_description:/home/jone/ws_moveit/install/moveit_common:${AMENT_PREFIX_PATH} CMAKE_PREFIX_PATH=/home/jone/ws_moveit/install/moveit_core:/home/jone/ws_moveit/install/moveit_resources_panda_moveit_config:/home/jone/ws_moveit/install/srdfdom:/home/jone/ws_moveit/install/moveit_resources_pr2_description:/home/jone/ws_moveit/install/moveit_resources_panda_description:/home/jone/ws_moveit/install/moveit_common:/opt/ros/humble LD_LIBRARY_PATH=/home/jone/ws_moveit/install/moveit_core/lib:/home/jone/ws_moveit/install/srdfdom/lib:/opt/ros/humble/opt/rviz_ogre_vendor/lib:/opt/ros/humble/lib/x86_64-linux-gnu:/opt/ros/humble/lib:/usr/lib/x86_64-linux-gnu/gazebo-11/plugins:/usr/lib/x86_64-linux-gnu/gazebo-11/plugins:/usr/lib/x86_64-linux-gnu/gazebo-11/plugins PATH=/home/jone/ws_moveit/install/moveit_core/bin:${PATH} PYTHONPATH=/home/jone/ws_moveit/install/srdfdom/local/lib/python3.10/dist-packages:${PYTHONPATH} /usr/bin/cmake --build /home/jone/ws_moveit/build/chomp_motion_planner -- -j16 -l16
[4.134s] DEBUG:colcon.colcon_core.event_handler.log_command:Invoking command in '/home/jone/ws_moveit/build/chomp_motion_planner': AMENT_PREFIX_PATH=/home/jone/ws_moveit/install/moveit_core:/home/jone/ws_moveit/install/moveit_resources_panda_moveit_config:/home/jone/ws_moveit/install/srdfdom:/home/jone/ws_moveit/install/moveit_resources_pr2_description:/home/jone/ws_moveit/install/moveit_resources_panda_description:/home/jone/ws_moveit/install/moveit_common:${AMENT_PREFIX_PATH} CMAKE_PREFIX_PATH=/home/jone/ws_moveit/install/moveit_core:/home/jone/ws_moveit/install/moveit_resources_panda_moveit_config:/home/jone/ws_moveit/install/srdfdom:/home/jone/ws_moveit/install/moveit_resources_pr2_description:/home/jone/ws_moveit/install/moveit_resources_panda_description:/home/jone/ws_moveit/install/moveit_common:/opt/ros/humble LD_LIBRARY_PATH=/home/jone/ws_moveit/install/moveit_core/lib:/home/jone/ws_moveit/install/srdfdom/lib:/opt/ros/humble/opt/rviz_ogre_vendor/lib:/opt/ros/humble/lib/x86_64-linux-gnu:/opt/ros/humble/lib:/usr/lib/x86_64-linux-gnu/gazebo-11/plugins:/usr/lib/x86_64-linux-gnu/gazebo-11/plugins:/usr/lib/x86_64-linux-gnu/gazebo-11/plugins PATH=/home/jone/ws_moveit/install/moveit_core/bin:${PATH} PYTHONPATH=/home/jone/ws_moveit/install/srdfdom/local/lib/python3.10/dist-packages:${PYTHONPATH} /usr/bin/cmake --install /home/jone/ws_moveit/build/chomp_motion_planner
[4.144s] Level 1:colcon.colcon_core.environment:create_environment_scripts_only(chomp_motion_planner)
[4.144s] Level 1:colcon.colcon_core.environment:checking '/home/jone/ws_moveit/install/chomp_motion_planner' for CMake module files
[4.144s] DEBUG:colcon.colcon_core.event_handler.log_command:Invoked command in '/home/jone/ws_moveit/build/chomp_motion_planner' returned '0': AMENT_PREFIX_PATH=/home/jone/ws_moveit/install/moveit_core:/home/jone/ws_moveit/install/moveit_resources_panda_moveit_config:/home/jone/ws_moveit/install/srdfdom:/home/jone/ws_moveit/install/moveit_resources_pr2_description:/home/jone/ws_moveit/install/moveit_resources_panda_description:/home/jone/ws_moveit/install/moveit_common:${AMENT_PREFIX_PATH} CMAKE_PREFIX_PATH=/home/jone/ws_moveit/install/moveit_core:/home/jone/ws_moveit/install/moveit_resources_panda_moveit_config:/home/jone/ws_moveit/install/srdfdom:/home/jone/ws_moveit/install/moveit_resources_pr2_description:/home/jone/ws_moveit/install/moveit_resources_panda_description:/home/jone/ws_moveit/install/moveit_common:/opt/ros/humble LD_LIBRARY_PATH=/home/jone/ws_moveit/install/moveit_core/lib:/home/jone/ws_moveit/install/srdfdom/lib:/opt/ros/humble/opt/rviz_ogre_vendor/lib:/opt/ros/humble/lib/x86_64-linux-gnu:/opt/ros/humble/lib:/usr/lib/x86_64-linux-gnu/gazebo-11/plugins:/usr/lib/x86_64-linux-gnu/gazebo-11/plugins:/usr/lib/x86_64-linux-gnu/gazebo-11/plugins PATH=/home/jone/ws_moveit/install/moveit_core/bin:${PATH} PYTHONPATH=/home/jone/ws_moveit/install/srdfdom/local/lib/python3.10/dist-packages:${PYTHONPATH} /usr/bin/cmake --install /home/jone/ws_moveit/build/chomp_motion_planner
[4.145s] Level 1:colcon.colcon_core.environment:checking '/home/jone/ws_moveit/install/chomp_motion_planner' for CMake config files
[4.145s] Level 1:colcon.colcon_core.shell:create_environment_hook('chomp_motion_planner', 'cmake_prefix_path')
[4.145s] INFO:colcon.colcon_core.shell:Creating environment hook '/home/jone/ws_moveit/install/chomp_motion_planner/share/chomp_motion_planner/hook/cmake_prefix_path.ps1'
[4.146s] INFO:colcon.colcon_core.shell:Creating environment descriptor '/home/jone/ws_moveit/install/chomp_motion_planner/share/chomp_motion_planner/hook/cmake_prefix_path.dsv'
[4.146s] INFO:colcon.colcon_core.shell:Creating environment hook '/home/jone/ws_moveit/install/chomp_motion_planner/share/chomp_motion_planner/hook/cmake_prefix_path.sh'
[4.146s] Level 1:colcon.colcon_core.environment:checking '/home/jone/ws_moveit/install/chomp_motion_planner/lib'
[4.146s] Level 1:colcon.colcon_core.shell:create_environment_hook('chomp_motion_planner', 'ld_library_path_lib')
[4.146s] INFO:colcon.colcon_core.shell:Creating environment hook '/home/jone/ws_moveit/install/chomp_motion_planner/share/chomp_motion_planner/hook/ld_library_path_lib.ps1'
[4.147s] INFO:colcon.colcon_core.shell:Creating environment descriptor '/home/jone/ws_moveit/install/chomp_motion_planner/share/chomp_motion_planner/hook/ld_library_path_lib.dsv'
[4.147s] INFO:colcon.colcon_core.shell:Creating environment hook '/home/jone/ws_moveit/install/chomp_motion_planner/share/chomp_motion_planner/hook/ld_library_path_lib.sh'
[4.147s] Level 1:colcon.colcon_core.environment:checking '/home/jone/ws_moveit/install/chomp_motion_planner/bin'
[4.147s] Level 1:colcon.colcon_core.environment:checking '/home/jone/ws_moveit/install/chomp_motion_planner/lib/pkgconfig/chomp_motion_planner.pc'
[4.148s] Level 1:colcon.colcon_core.environment:checking '/home/jone/ws_moveit/install/chomp_motion_planner/lib/python3.10/site-packages'
[4.148s] Level 1:colcon.colcon_core.environment:checking '/home/jone/ws_moveit/install/chomp_motion_planner/bin'
[4.148s] INFO:colcon.colcon_core.shell:Creating package script '/home/jone/ws_moveit/install/chomp_motion_planner/share/chomp_motion_planner/package.ps1'
[4.148s] INFO:colcon.colcon_core.shell:Creating package descriptor '/home/jone/ws_moveit/install/chomp_motion_planner/share/chomp_motion_planner/package.dsv'
[4.149s] INFO:colcon.colcon_core.shell:Creating package script '/home/jone/ws_moveit/install/chomp_motion_planner/share/chomp_motion_planner/package.sh'
[4.149s] INFO:colcon.colcon_core.shell:Creating package script '/home/jone/ws_moveit/install/chomp_motion_planner/share/chomp_motion_planner/package.bash'
[4.149s] INFO:colcon.colcon_core.shell:Creating package script '/home/jone/ws_moveit/install/chomp_motion_planner/share/chomp_motion_planner/package.zsh'
[4.150s] Level 1:colcon.colcon_core.environment:create_file_with_runtime_dependencies(/home/jone/ws_moveit/install/chomp_motion_planner/share/colcon-core/packages/chomp_motion_planner)
[4.150s] Level 1:colcon.colcon_core.environment:create_environment_scripts_only(chomp_motion_planner)
[4.150s] Level 1:colcon.colcon_core.environment:checking '/home/jone/ws_moveit/install/chomp_motion_planner' for CMake module files
[4.150s] Level 1:colcon.colcon_core.environment:checking '/home/jone/ws_moveit/install/chomp_motion_planner' for CMake config files
[4.151s] Level 1:colcon.colcon_core.shell:create_environment_hook('chomp_motion_planner', 'cmake_prefix_path')
[4.151s] INFO:colcon.colcon_core.shell:Creating environment hook '/home/jone/ws_moveit/install/chomp_motion_planner/share/chomp_motion_planner/hook/cmake_prefix_path.ps1'
[4.151s] INFO:colcon.colcon_core.shell:Creating environment descriptor '/home/jone/ws_moveit/install/chomp_motion_planner/share/chomp_motion_planner/hook/cmake_prefix_path.dsv'
[4.151s] INFO:colcon.colcon_core.shell:Creating environment hook '/home/jone/ws_moveit/install/chomp_motion_planner/share/chomp_motion_planner/hook/cmake_prefix_path.sh'
[4.152s] Level 1:colcon.colcon_core.environment:checking '/home/jone/ws_moveit/install/chomp_motion_planner/lib'
[4.152s] Level 1:colcon.colcon_core.shell:create_environment_hook('chomp_motion_planner', 'ld_library_path_lib')
[4.152s] INFO:colcon.colcon_core.shell:Creating environment hook '/home/jone/ws_moveit/install/chomp_motion_planner/share/chomp_motion_planner/hook/ld_library_path_lib.ps1'
[4.152s] INFO:colcon.colcon_core.shell:Creating environment descriptor '/home/jone/ws_moveit/install/chomp_motion_planner/share/chomp_motion_planner/hook/ld_library_path_lib.dsv'
[4.152s] INFO:colcon.colcon_core.shell:Creating environment hook '/home/jone/ws_moveit/install/chomp_motion_planner/share/chomp_motion_planner/hook/ld_library_path_lib.sh'
[4.153s] Level 1:colcon.colcon_core.environment:checking '/home/jone/ws_moveit/install/chomp_motion_planner/bin'
[4.153s] Level 1:colcon.colcon_core.environment:checking '/home/jone/ws_moveit/install/chomp_motion_planner/lib/pkgconfig/chomp_motion_planner.pc'
[4.153s] Level 1:colcon.colcon_core.environment:checking '/home/jone/ws_moveit/install/chomp_motion_planner/lib/python3.10/site-packages'
[4.153s] Level 1:colcon.colcon_core.environment:checking '/home/jone/ws_moveit/install/chomp_motion_planner/bin'
[4.153s] INFO:colcon.colcon_core.shell:Creating package script '/home/jone/ws_moveit/install/chomp_motion_planner/share/chomp_motion_planner/package.ps1'
[4.154s] INFO:colcon.colcon_core.shell:Creating package descriptor '/home/jone/ws_moveit/install/chomp_motion_planner/share/chomp_motion_planner/package.dsv'
[4.154s] INFO:colcon.colcon_core.shell:Creating package script '/home/jone/ws_moveit/install/chomp_motion_planner/share/chomp_motion_planner/package.sh'
[4.154s] INFO:colcon.colcon_core.shell:Creating package script '/home/jone/ws_moveit/install/chomp_motion_planner/share/chomp_motion_planner/package.bash'
[4.155s] INFO:colcon.colcon_core.shell:Creating package script '/home/jone/ws_moveit/install/chomp_motion_planner/share/chomp_motion_planner/package.zsh'
[4.155s] Level 1:colcon.colcon_core.environment:create_file_with_runtime_dependencies(/home/jone/ws_moveit/install/chomp_motion_planner/share/colcon-core/packages/chomp_motion_planner)
[4.155s] DEBUG:colcon.colcon_core.executor.sequential:run_until_complete 'chomp_motion_planner' finished with '0'
[4.155s] DEBUG:colcon.colcon_core.executor.sequential:run_until_complete 'moveit_resources_prbt_ikfast_manipulator_plugin'
[4.155s] INFO:colcon.colcon_ros.task.ament_cmake.build:Building ROS package in '/home/jone/ws_moveit/src/moveit2/moveit_planners/test_configs/prbt_ikfast_manipulator_plugin' with build type 'ament_cmake'
[4.155s] INFO:colcon.colcon_cmake.task.cmake.build:Building CMake package in '/home/jone/ws_moveit/src/moveit2/moveit_planners/test_configs/prbt_ikfast_manipulator_plugin'
[4.156s] INFO:colcon.colcon_core.shell:Skip shell extension 'powershell' for command environment: Not usable outside of PowerShell
[4.156s] DEBUG:colcon.colcon_core.shell:Skip shell extension 'dsv' for command environment
[4.168s] DEBUG:colcon.colcon_core.event_handler.log_command:Invoking command in '/home/jone/ws_moveit/build/moveit_resources_prbt_ikfast_manipulator_plugin': AMENT_PREFIX_PATH=/home/jone/ws_moveit/install/moveit_core:/home/jone/ws_moveit/install/moveit_resources_panda_moveit_config:/home/jone/ws_moveit/install/srdfdom:/home/jone/ws_moveit/install/moveit_resources_pr2_description:/home/jone/ws_moveit/install/moveit_resources_panda_description:/home/jone/ws_moveit/install/moveit_common:${AMENT_PREFIX_PATH} CMAKE_PREFIX_PATH=/home/jone/ws_moveit/install/moveit_core:/home/jone/ws_moveit/install/moveit_resources_panda_moveit_config:/home/jone/ws_moveit/install/srdfdom:/home/jone/ws_moveit/install/moveit_resources_pr2_description:/home/jone/ws_moveit/install/moveit_resources_panda_description:/home/jone/ws_moveit/install/moveit_common:/opt/ros/humble LD_LIBRARY_PATH=/home/jone/ws_moveit/install/moveit_core/lib:/home/jone/ws_moveit/install/srdfdom/lib:/opt/ros/humble/opt/rviz_ogre_vendor/lib:/opt/ros/humble/lib/x86_64-linux-gnu:/opt/ros/humble/lib:/usr/lib/x86_64-linux-gnu/gazebo-11/plugins:/usr/lib/x86_64-linux-gnu/gazebo-11/plugins:/usr/lib/x86_64-linux-gnu/gazebo-11/plugins PATH=/home/jone/ws_moveit/install/moveit_core/bin:${PATH} PYTHONPATH=/home/jone/ws_moveit/install/srdfdom/local/lib/python3.10/dist-packages:${PYTHONPATH} /usr/bin/cmake --build /home/jone/ws_moveit/build/moveit_resources_prbt_ikfast_manipulator_plugin -- -j16 -l16
[4.235s] DEBUG:colcon.colcon_core.event_handler.log_command:Invoked command in '/home/jone/ws_moveit/build/moveit_resources_prbt_ikfast_manipulator_plugin' returned '0': AMENT_PREFIX_PATH=/home/jone/ws_moveit/install/moveit_core:/home/jone/ws_moveit/install/moveit_resources_panda_moveit_config:/home/jone/ws_moveit/install/srdfdom:/home/jone/ws_moveit/install/moveit_resources_pr2_description:/home/jone/ws_moveit/install/moveit_resources_panda_description:/home/jone/ws_moveit/install/moveit_common:${AMENT_PREFIX_PATH} CMAKE_PREFIX_PATH=/home/jone/ws_moveit/install/moveit_core:/home/jone/ws_moveit/install/moveit_resources_panda_moveit_config:/home/jone/ws_moveit/install/srdfdom:/home/jone/ws_moveit/install/moveit_resources_pr2_description:/home/jone/ws_moveit/install/moveit_resources_panda_description:/home/jone/ws_moveit/install/moveit_common:/opt/ros/humble LD_LIBRARY_PATH=/home/jone/ws_moveit/install/moveit_core/lib:/home/jone/ws_moveit/install/srdfdom/lib:/opt/ros/humble/opt/rviz_ogre_vendor/lib:/opt/ros/humble/lib/x86_64-linux-gnu:/opt/ros/humble/lib:/usr/lib/x86_64-linux-gnu/gazebo-11/plugins:/usr/lib/x86_64-linux-gnu/gazebo-11/plugins:/usr/lib/x86_64-linux-gnu/gazebo-11/plugins PATH=/home/jone/ws_moveit/install/moveit_core/bin:${PATH} PYTHONPATH=/home/jone/ws_moveit/install/srdfdom/local/lib/python3.10/dist-packages:${PYTHONPATH} /usr/bin/cmake --build /home/jone/ws_moveit/build/moveit_resources_prbt_ikfast_manipulator_plugin -- -j16 -l16
[4.236s] DEBUG:colcon.colcon_core.event_handler.log_command:Invoking command in '/home/jone/ws_moveit/build/moveit_resources_prbt_ikfast_manipulator_plugin': AMENT_PREFIX_PATH=/home/jone/ws_moveit/install/moveit_core:/home/jone/ws_moveit/install/moveit_resources_panda_moveit_config:/home/jone/ws_moveit/install/srdfdom:/home/jone/ws_moveit/install/moveit_resources_pr2_description:/home/jone/ws_moveit/install/moveit_resources_panda_description:/home/jone/ws_moveit/install/moveit_common:${AMENT_PREFIX_PATH} CMAKE_PREFIX_PATH=/home/jone/ws_moveit/install/moveit_core:/home/jone/ws_moveit/install/moveit_resources_panda_moveit_config:/home/jone/ws_moveit/install/srdfdom:/home/jone/ws_moveit/install/moveit_resources_pr2_description:/home/jone/ws_moveit/install/moveit_resources_panda_description:/home/jone/ws_moveit/install/moveit_common:/opt/ros/humble LD_LIBRARY_PATH=/home/jone/ws_moveit/install/moveit_core/lib:/home/jone/ws_moveit/install/srdfdom/lib:/opt/ros/humble/opt/rviz_ogre_vendor/lib:/opt/ros/humble/lib/x86_64-linux-gnu:/opt/ros/humble/lib:/usr/lib/x86_64-linux-gnu/gazebo-11/plugins:/usr/lib/x86_64-linux-gnu/gazebo-11/plugins:/usr/lib/x86_64-linux-gnu/gazebo-11/plugins PATH=/home/jone/ws_moveit/install/moveit_core/bin:${PATH} PYTHONPATH=/home/jone/ws_moveit/install/srdfdom/local/lib/python3.10/dist-packages:${PYTHONPATH} /usr/bin/cmake --install /home/jone/ws_moveit/build/moveit_resources_prbt_ikfast_manipulator_plugin
[4.246s] Level 1:colcon.colcon_core.environment:create_environment_scripts_only(moveit_resources_prbt_ikfast_manipulator_plugin)
[4.247s] Level 1:colcon.colcon_core.environment:checking '/home/jone/ws_moveit/install/moveit_resources_prbt_ikfast_manipulator_plugin' for CMake module files
[4.247s] DEBUG:colcon.colcon_core.event_handler.log_command:Invoked command in '/home/jone/ws_moveit/build/moveit_resources_prbt_ikfast_manipulator_plugin' returned '0': AMENT_PREFIX_PATH=/home/jone/ws_moveit/install/moveit_core:/home/jone/ws_moveit/install/moveit_resources_panda_moveit_config:/home/jone/ws_moveit/install/srdfdom:/home/jone/ws_moveit/install/moveit_resources_pr2_description:/home/jone/ws_moveit/install/moveit_resources_panda_description:/home/jone/ws_moveit/install/moveit_common:${AMENT_PREFIX_PATH} CMAKE_PREFIX_PATH=/home/jone/ws_moveit/install/moveit_core:/home/jone/ws_moveit/install/moveit_resources_panda_moveit_config:/home/jone/ws_moveit/install/srdfdom:/home/jone/ws_moveit/install/moveit_resources_pr2_description:/home/jone/ws_moveit/install/moveit_resources_panda_description:/home/jone/ws_moveit/install/moveit_common:/opt/ros/humble LD_LIBRARY_PATH=/home/jone/ws_moveit/install/moveit_core/lib:/home/jone/ws_moveit/install/srdfdom/lib:/opt/ros/humble/opt/rviz_ogre_vendor/lib:/opt/ros/humble/lib/x86_64-linux-gnu:/opt/ros/humble/lib:/usr/lib/x86_64-linux-gnu/gazebo-11/plugins:/usr/lib/x86_64-linux-gnu/gazebo-11/plugins:/usr/lib/x86_64-linux-gnu/gazebo-11/plugins PATH=/home/jone/ws_moveit/install/moveit_core/bin:${PATH} PYTHONPATH=/home/jone/ws_moveit/install/srdfdom/local/lib/python3.10/dist-packages:${PYTHONPATH} /usr/bin/cmake --install /home/jone/ws_moveit/build/moveit_resources_prbt_ikfast_manipulator_plugin
[4.247s] Level 1:colcon.colcon_core.environment:checking '/home/jone/ws_moveit/install/moveit_resources_prbt_ikfast_manipulator_plugin' for CMake config files
[4.247s] Level 1:colcon.colcon_core.shell:create_environment_hook('moveit_resources_prbt_ikfast_manipulator_plugin', 'cmake_prefix_path')
[4.248s] INFO:colcon.colcon_core.shell:Creating environment hook '/home/jone/ws_moveit/install/moveit_resources_prbt_ikfast_manipulator_plugin/share/moveit_resources_prbt_ikfast_manipulator_plugin/hook/cmake_prefix_path.ps1'
[4.248s] INFO:colcon.colcon_core.shell:Creating environment descriptor '/home/jone/ws_moveit/install/moveit_resources_prbt_ikfast_manipulator_plugin/share/moveit_resources_prbt_ikfast_manipulator_plugin/hook/cmake_prefix_path.dsv'
[4.248s] INFO:colcon.colcon_core.shell:Creating environment hook '/home/jone/ws_moveit/install/moveit_resources_prbt_ikfast_manipulator_plugin/share/moveit_resources_prbt_ikfast_manipulator_plugin/hook/cmake_prefix_path.sh'
[4.249s] Level 1:colcon.colcon_core.environment:checking '/home/jone/ws_moveit/install/moveit_resources_prbt_ikfast_manipulator_plugin/lib'
[4.249s] Level 1:colcon.colcon_core.shell:create_environment_hook('moveit_resources_prbt_ikfast_manipulator_plugin', 'ld_library_path_lib')
[4.249s] INFO:colcon.colcon_core.shell:Creating environment hook '/home/jone/ws_moveit/install/moveit_resources_prbt_ikfast_manipulator_plugin/share/moveit_resources_prbt_ikfast_manipulator_plugin/hook/ld_library_path_lib.ps1'
[4.249s] INFO:colcon.colcon_core.shell:Creating environment descriptor '/home/jone/ws_moveit/install/moveit_resources_prbt_ikfast_manipulator_plugin/share/moveit_resources_prbt_ikfast_manipulator_plugin/hook/ld_library_path_lib.dsv'
[4.249s] INFO:colcon.colcon_core.shell:Creating environment hook '/home/jone/ws_moveit/install/moveit_resources_prbt_ikfast_manipulator_plugin/share/moveit_resources_prbt_ikfast_manipulator_plugin/hook/ld_library_path_lib.sh'
[4.250s] Level 1:colcon.colcon_core.environment:checking '/home/jone/ws_moveit/install/moveit_resources_prbt_ikfast_manipulator_plugin/bin'
[4.250s] Level 1:colcon.colcon_core.environment:checking '/home/jone/ws_moveit/install/moveit_resources_prbt_ikfast_manipulator_plugin/lib/pkgconfig/moveit_resources_prbt_ikfast_manipulator_plugin.pc'
[4.250s] Level 1:colcon.colcon_core.environment:checking '/home/jone/ws_moveit/install/moveit_resources_prbt_ikfast_manipulator_plugin/lib/python3.10/site-packages'
[4.250s] Level 1:colcon.colcon_core.environment:checking '/home/jone/ws_moveit/install/moveit_resources_prbt_ikfast_manipulator_plugin/bin'
[4.250s] INFO:colcon.colcon_core.shell:Creating package script '/home/jone/ws_moveit/install/moveit_resources_prbt_ikfast_manipulator_plugin/share/moveit_resources_prbt_ikfast_manipulator_plugin/package.ps1'
[4.251s] INFO:colcon.colcon_core.shell:Creating package descriptor '/home/jone/ws_moveit/install/moveit_resources_prbt_ikfast_manipulator_plugin/share/moveit_resources_prbt_ikfast_manipulator_plugin/package.dsv'
[4.251s] INFO:colcon.colcon_core.shell:Creating package script '/home/jone/ws_moveit/install/moveit_resources_prbt_ikfast_manipulator_plugin/share/moveit_resources_prbt_ikfast_manipulator_plugin/package.sh'
[4.251s] INFO:colcon.colcon_core.shell:Creating package script '/home/jone/ws_moveit/install/moveit_resources_prbt_ikfast_manipulator_plugin/share/moveit_resources_prbt_ikfast_manipulator_plugin/package.bash'
[4.252s] INFO:colcon.colcon_core.shell:Creating package script '/home/jone/ws_moveit/install/moveit_resources_prbt_ikfast_manipulator_plugin/share/moveit_resources_prbt_ikfast_manipulator_plugin/package.zsh'
[4.252s] Level 1:colcon.colcon_core.environment:create_file_with_runtime_dependencies(/home/jone/ws_moveit/install/moveit_resources_prbt_ikfast_manipulator_plugin/share/colcon-core/packages/moveit_resources_prbt_ikfast_manipulator_plugin)
[4.252s] Level 1:colcon.colcon_core.environment:create_environment_scripts_only(moveit_resources_prbt_ikfast_manipulator_plugin)
[4.253s] Level 1:colcon.colcon_core.environment:checking '/home/jone/ws_moveit/install/moveit_resources_prbt_ikfast_manipulator_plugin' for CMake module files
[4.253s] Level 1:colcon.colcon_core.environment:checking '/home/jone/ws_moveit/install/moveit_resources_prbt_ikfast_manipulator_plugin' for CMake config files
[4.253s] Level 1:colcon.colcon_core.shell:create_environment_hook('moveit_resources_prbt_ikfast_manipulator_plugin', 'cmake_prefix_path')
[4.253s] INFO:colcon.colcon_core.shell:Creating environment hook '/home/jone/ws_moveit/install/moveit_resources_prbt_ikfast_manipulator_plugin/share/moveit_resources_prbt_ikfast_manipulator_plugin/hook/cmake_prefix_path.ps1'
[4.253s] INFO:colcon.colcon_core.shell:Creating environment descriptor '/home/jone/ws_moveit/install/moveit_resources_prbt_ikfast_manipulator_plugin/share/moveit_resources_prbt_ikfast_manipulator_plugin/hook/cmake_prefix_path.dsv'
[4.254s] INFO:colcon.colcon_core.shell:Creating environment hook '/home/jone/ws_moveit/install/moveit_resources_prbt_ikfast_manipulator_plugin/share/moveit_resources_prbt_ikfast_manipulator_plugin/hook/cmake_prefix_path.sh'
[4.254s] Level 1:colcon.colcon_core.environment:checking '/home/jone/ws_moveit/install/moveit_resources_prbt_ikfast_manipulator_plugin/lib'
[4.254s] Level 1:colcon.colcon_core.shell:create_environment_hook('moveit_resources_prbt_ikfast_manipulator_plugin', 'ld_library_path_lib')
[4.254s] INFO:colcon.colcon_core.shell:Creating environment hook '/home/jone/ws_moveit/install/moveit_resources_prbt_ikfast_manipulator_plugin/share/moveit_resources_prbt_ikfast_manipulator_plugin/hook/ld_library_path_lib.ps1'
[4.254s] INFO:colcon.colcon_core.shell:Creating environment descriptor '/home/jone/ws_moveit/install/moveit_resources_prbt_ikfast_manipulator_plugin/share/moveit_resources_prbt_ikfast_manipulator_plugin/hook/ld_library_path_lib.dsv'
[4.255s] INFO:colcon.colcon_core.shell:Creating environment hook '/home/jone/ws_moveit/install/moveit_resources_prbt_ikfast_manipulator_plugin/share/moveit_resources_prbt_ikfast_manipulator_plugin/hook/ld_library_path_lib.sh'
[4.255s] Level 1:colcon.colcon_core.environment:checking '/home/jone/ws_moveit/install/moveit_resources_prbt_ikfast_manipulator_plugin/bin'
[4.255s] Level 1:colcon.colcon_core.environment:checking '/home/jone/ws_moveit/install/moveit_resources_prbt_ikfast_manipulator_plugin/lib/pkgconfig/moveit_resources_prbt_ikfast_manipulator_plugin.pc'
[4.255s] Level 1:colcon.colcon_core.environment:checking '/home/jone/ws_moveit/install/moveit_resources_prbt_ikfast_manipulator_plugin/lib/python3.10/site-packages'
[4.255s] Level 1:colcon.colcon_core.environment:checking '/home/jone/ws_moveit/install/moveit_resources_prbt_ikfast_manipulator_plugin/bin'
[4.256s] INFO:colcon.colcon_core.shell:Creating package script '/home/jone/ws_moveit/install/moveit_resources_prbt_ikfast_manipulator_plugin/share/moveit_resources_prbt_ikfast_manipulator_plugin/package.ps1'
[4.256s] INFO:colcon.colcon_core.shell:Creating package descriptor '/home/jone/ws_moveit/install/moveit_resources_prbt_ikfast_manipulator_plugin/share/moveit_resources_prbt_ikfast_manipulator_plugin/package.dsv'
[4.257s] INFO:colcon.colcon_core.shell:Creating package script '/home/jone/ws_moveit/install/moveit_resources_prbt_ikfast_manipulator_plugin/share/moveit_resources_prbt_ikfast_manipulator_plugin/package.sh'
[4.257s] INFO:colcon.colcon_core.shell:Creating package script '/home/jone/ws_moveit/install/moveit_resources_prbt_ikfast_manipulator_plugin/share/moveit_resources_prbt_ikfast_manipulator_plugin/package.bash'
[4.257s] INFO:colcon.colcon_core.shell:Creating package script '/home/jone/ws_moveit/install/moveit_resources_prbt_ikfast_manipulator_plugin/share/moveit_resources_prbt_ikfast_manipulator_plugin/package.zsh'
[4.257s] Level 1:colcon.colcon_core.environment:create_file_with_runtime_dependencies(/home/jone/ws_moveit/install/moveit_resources_prbt_ikfast_manipulator_plugin/share/colcon-core/packages/moveit_resources_prbt_ikfast_manipulator_plugin)
[4.258s] DEBUG:colcon.colcon_core.executor.sequential:run_until_complete 'moveit_resources_prbt_ikfast_manipulator_plugin' finished with '0'
[4.258s] DEBUG:colcon.colcon_core.executor.sequential:run_until_complete 'moveit_ros_occupancy_map_monitor'
[4.258s] INFO:colcon.colcon_ros.task.ament_cmake.build:Building ROS package in '/home/jone/ws_moveit/src/moveit2/moveit_ros/occupancy_map_monitor' with build type 'ament_cmake'
[4.258s] INFO:colcon.colcon_cmake.task.cmake.build:Building CMake package in '/home/jone/ws_moveit/src/moveit2/moveit_ros/occupancy_map_monitor'
[4.258s] INFO:colcon.colcon_core.shell:Skip shell extension 'powershell' for command environment: Not usable outside of PowerShell
[4.258s] DEBUG:colcon.colcon_core.shell:Skip shell extension 'dsv' for command environment
[4.271s] DEBUG:colcon.colcon_core.event_handler.log_command:Invoking command in '/home/jone/ws_moveit/build/moveit_ros_occupancy_map_monitor': AMENT_PREFIX_PATH=/home/jone/ws_moveit/install/moveit_core:/home/jone/ws_moveit/install/moveit_resources_panda_moveit_config:/home/jone/ws_moveit/install/srdfdom:/home/jone/ws_moveit/install/moveit_resources_pr2_description:/home/jone/ws_moveit/install/moveit_resources_panda_description:/home/jone/ws_moveit/install/moveit_common:${AMENT_PREFIX_PATH} CMAKE_PREFIX_PATH=/home/jone/ws_moveit/install/moveit_core:/home/jone/ws_moveit/install/moveit_resources_panda_moveit_config:/home/jone/ws_moveit/install/srdfdom:/home/jone/ws_moveit/install/moveit_resources_pr2_description:/home/jone/ws_moveit/install/moveit_resources_panda_description:/home/jone/ws_moveit/install/moveit_common:/opt/ros/humble LD_LIBRARY_PATH=/home/jone/ws_moveit/install/moveit_core/lib:/home/jone/ws_moveit/install/srdfdom/lib:/opt/ros/humble/opt/rviz_ogre_vendor/lib:/opt/ros/humble/lib/x86_64-linux-gnu:/opt/ros/humble/lib:/usr/lib/x86_64-linux-gnu/gazebo-11/plugins:/usr/lib/x86_64-linux-gnu/gazebo-11/plugins:/usr/lib/x86_64-linux-gnu/gazebo-11/plugins PATH=/home/jone/ws_moveit/install/moveit_core/bin:${PATH} PYTHONPATH=/home/jone/ws_moveit/install/srdfdom/local/lib/python3.10/dist-packages:${PYTHONPATH} /usr/bin/cmake --build /home/jone/ws_moveit/build/moveit_ros_occupancy_map_monitor -- -j16 -l16
[4.365s] DEBUG:colcon.colcon_core.event_handler.log_command:Invoked command in '/home/jone/ws_moveit/build/moveit_ros_occupancy_map_monitor' returned '0': AMENT_PREFIX_PATH=/home/jone/ws_moveit/install/moveit_core:/home/jone/ws_moveit/install/moveit_resources_panda_moveit_config:/home/jone/ws_moveit/install/srdfdom:/home/jone/ws_moveit/install/moveit_resources_pr2_description:/home/jone/ws_moveit/install/moveit_resources_panda_description:/home/jone/ws_moveit/install/moveit_common:${AMENT_PREFIX_PATH} CMAKE_PREFIX_PATH=/home/jone/ws_moveit/install/moveit_core:/home/jone/ws_moveit/install/moveit_resources_panda_moveit_config:/home/jone/ws_moveit/install/srdfdom:/home/jone/ws_moveit/install/moveit_resources_pr2_description:/home/jone/ws_moveit/install/moveit_resources_panda_description:/home/jone/ws_moveit/install/moveit_common:/opt/ros/humble LD_LIBRARY_PATH=/home/jone/ws_moveit/install/moveit_core/lib:/home/jone/ws_moveit/install/srdfdom/lib:/opt/ros/humble/opt/rviz_ogre_vendor/lib:/opt/ros/humble/lib/x86_64-linux-gnu:/opt/ros/humble/lib:/usr/lib/x86_64-linux-gnu/gazebo-11/plugins:/usr/lib/x86_64-linux-gnu/gazebo-11/plugins:/usr/lib/x86_64-linux-gnu/gazebo-11/plugins PATH=/home/jone/ws_moveit/install/moveit_core/bin:${PATH} PYTHONPATH=/home/jone/ws_moveit/install/srdfdom/local/lib/python3.10/dist-packages:${PYTHONPATH} /usr/bin/cmake --build /home/jone/ws_moveit/build/moveit_ros_occupancy_map_monitor -- -j16 -l16
[4.366s] DEBUG:colcon.colcon_core.event_handler.log_command:Invoking command in '/home/jone/ws_moveit/build/moveit_ros_occupancy_map_monitor': AMENT_PREFIX_PATH=/home/jone/ws_moveit/install/moveit_core:/home/jone/ws_moveit/install/moveit_resources_panda_moveit_config:/home/jone/ws_moveit/install/srdfdom:/home/jone/ws_moveit/install/moveit_resources_pr2_description:/home/jone/ws_moveit/install/moveit_resources_panda_description:/home/jone/ws_moveit/install/moveit_common:${AMENT_PREFIX_PATH} CMAKE_PREFIX_PATH=/home/jone/ws_moveit/install/moveit_core:/home/jone/ws_moveit/install/moveit_resources_panda_moveit_config:/home/jone/ws_moveit/install/srdfdom:/home/jone/ws_moveit/install/moveit_resources_pr2_description:/home/jone/ws_moveit/install/moveit_resources_panda_description:/home/jone/ws_moveit/install/moveit_common:/opt/ros/humble LD_LIBRARY_PATH=/home/jone/ws_moveit/install/moveit_core/lib:/home/jone/ws_moveit/install/srdfdom/lib:/opt/ros/humble/opt/rviz_ogre_vendor/lib:/opt/ros/humble/lib/x86_64-linux-gnu:/opt/ros/humble/lib:/usr/lib/x86_64-linux-gnu/gazebo-11/plugins:/usr/lib/x86_64-linux-gnu/gazebo-11/plugins:/usr/lib/x86_64-linux-gnu/gazebo-11/plugins PATH=/home/jone/ws_moveit/install/moveit_core/bin:${PATH} PYTHONPATH=/home/jone/ws_moveit/install/srdfdom/local/lib/python3.10/dist-packages:${PYTHONPATH} /usr/bin/cmake --install /home/jone/ws_moveit/build/moveit_ros_occupancy_map_monitor
[4.378s] Level 1:colcon.colcon_core.environment:create_environment_scripts_only(moveit_ros_occupancy_map_monitor)
[4.378s] Level 1:colcon.colcon_core.environment:checking '/home/jone/ws_moveit/install/moveit_ros_occupancy_map_monitor' for CMake module files
[4.379s] DEBUG:colcon.colcon_core.event_handler.log_command:Invoked command in '/home/jone/ws_moveit/build/moveit_ros_occupancy_map_monitor' returned '0': AMENT_PREFIX_PATH=/home/jone/ws_moveit/install/moveit_core:/home/jone/ws_moveit/install/moveit_resources_panda_moveit_config:/home/jone/ws_moveit/install/srdfdom:/home/jone/ws_moveit/install/moveit_resources_pr2_description:/home/jone/ws_moveit/install/moveit_resources_panda_description:/home/jone/ws_moveit/install/moveit_common:${AMENT_PREFIX_PATH} CMAKE_PREFIX_PATH=/home/jone/ws_moveit/install/moveit_core:/home/jone/ws_moveit/install/moveit_resources_panda_moveit_config:/home/jone/ws_moveit/install/srdfdom:/home/jone/ws_moveit/install/moveit_resources_pr2_description:/home/jone/ws_moveit/install/moveit_resources_panda_description:/home/jone/ws_moveit/install/moveit_common:/opt/ros/humble LD_LIBRARY_PATH=/home/jone/ws_moveit/install/moveit_core/lib:/home/jone/ws_moveit/install/srdfdom/lib:/opt/ros/humble/opt/rviz_ogre_vendor/lib:/opt/ros/humble/lib/x86_64-linux-gnu:/opt/ros/humble/lib:/usr/lib/x86_64-linux-gnu/gazebo-11/plugins:/usr/lib/x86_64-linux-gnu/gazebo-11/plugins:/usr/lib/x86_64-linux-gnu/gazebo-11/plugins PATH=/home/jone/ws_moveit/install/moveit_core/bin:${PATH} PYTHONPATH=/home/jone/ws_moveit/install/srdfdom/local/lib/python3.10/dist-packages:${PYTHONPATH} /usr/bin/cmake --install /home/jone/ws_moveit/build/moveit_ros_occupancy_map_monitor
[4.379s] Level 1:colcon.colcon_core.environment:checking '/home/jone/ws_moveit/install/moveit_ros_occupancy_map_monitor' for CMake config files
[4.380s] Level 1:colcon.colcon_core.shell:create_environment_hook('moveit_ros_occupancy_map_monitor', 'cmake_prefix_path')
[4.380s] INFO:colcon.colcon_core.shell:Creating environment hook '/home/jone/ws_moveit/install/moveit_ros_occupancy_map_monitor/share/moveit_ros_occupancy_map_monitor/hook/cmake_prefix_path.ps1'
[4.380s] INFO:colcon.colcon_core.shell:Creating environment descriptor '/home/jone/ws_moveit/install/moveit_ros_occupancy_map_monitor/share/moveit_ros_occupancy_map_monitor/hook/cmake_prefix_path.dsv'
[4.380s] INFO:colcon.colcon_core.shell:Creating environment hook '/home/jone/ws_moveit/install/moveit_ros_occupancy_map_monitor/share/moveit_ros_occupancy_map_monitor/hook/cmake_prefix_path.sh'
[4.381s] Level 1:colcon.colcon_core.environment:checking '/home/jone/ws_moveit/install/moveit_ros_occupancy_map_monitor/lib'
[4.381s] Level 1:colcon.colcon_core.shell:create_environment_hook('moveit_ros_occupancy_map_monitor', 'ld_library_path_lib')
[4.381s] INFO:colcon.colcon_core.shell:Creating environment hook '/home/jone/ws_moveit/install/moveit_ros_occupancy_map_monitor/share/moveit_ros_occupancy_map_monitor/hook/ld_library_path_lib.ps1'
[4.381s] INFO:colcon.colcon_core.shell:Creating environment descriptor '/home/jone/ws_moveit/install/moveit_ros_occupancy_map_monitor/share/moveit_ros_occupancy_map_monitor/hook/ld_library_path_lib.dsv'
[4.381s] INFO:colcon.colcon_core.shell:Creating environment hook '/home/jone/ws_moveit/install/moveit_ros_occupancy_map_monitor/share/moveit_ros_occupancy_map_monitor/hook/ld_library_path_lib.sh'
[4.382s] Level 1:colcon.colcon_core.environment:checking '/home/jone/ws_moveit/install/moveit_ros_occupancy_map_monitor/bin'
[4.382s] Level 1:colcon.colcon_core.environment:checking '/home/jone/ws_moveit/install/moveit_ros_occupancy_map_monitor/lib/pkgconfig/moveit_ros_occupancy_map_monitor.pc'
[4.382s] Level 1:colcon.colcon_core.environment:checking '/home/jone/ws_moveit/install/moveit_ros_occupancy_map_monitor/lib/python3.10/site-packages'
[4.382s] Level 1:colcon.colcon_core.environment:checking '/home/jone/ws_moveit/install/moveit_ros_occupancy_map_monitor/bin'
[4.382s] INFO:colcon.colcon_core.shell:Creating package script '/home/jone/ws_moveit/install/moveit_ros_occupancy_map_monitor/share/moveit_ros_occupancy_map_monitor/package.ps1'
[4.383s] INFO:colcon.colcon_core.shell:Creating package descriptor '/home/jone/ws_moveit/install/moveit_ros_occupancy_map_monitor/share/moveit_ros_occupancy_map_monitor/package.dsv'
[4.383s] INFO:colcon.colcon_core.shell:Creating package script '/home/jone/ws_moveit/install/moveit_ros_occupancy_map_monitor/share/moveit_ros_occupancy_map_monitor/package.sh'
[4.384s] INFO:colcon.colcon_core.shell:Creating package script '/home/jone/ws_moveit/install/moveit_ros_occupancy_map_monitor/share/moveit_ros_occupancy_map_monitor/package.bash'
[4.384s] INFO:colcon.colcon_core.shell:Creating package script '/home/jone/ws_moveit/install/moveit_ros_occupancy_map_monitor/share/moveit_ros_occupancy_map_monitor/package.zsh'
[4.384s] Level 1:colcon.colcon_core.environment:create_file_with_runtime_dependencies(/home/jone/ws_moveit/install/moveit_ros_occupancy_map_monitor/share/colcon-core/packages/moveit_ros_occupancy_map_monitor)
[4.385s] Level 1:colcon.colcon_core.environment:create_environment_scripts_only(moveit_ros_occupancy_map_monitor)
[4.385s] Level 1:colcon.colcon_core.environment:checking '/home/jone/ws_moveit/install/moveit_ros_occupancy_map_monitor' for CMake module files
[4.385s] Level 1:colcon.colcon_core.environment:checking '/home/jone/ws_moveit/install/moveit_ros_occupancy_map_monitor' for CMake config files
[4.385s] Level 1:colcon.colcon_core.shell:create_environment_hook('moveit_ros_occupancy_map_monitor', 'cmake_prefix_path')
[4.385s] INFO:colcon.colcon_core.shell:Creating environment hook '/home/jone/ws_moveit/install/moveit_ros_occupancy_map_monitor/share/moveit_ros_occupancy_map_monitor/hook/cmake_prefix_path.ps1'
[4.386s] INFO:colcon.colcon_core.shell:Creating environment descriptor '/home/jone/ws_moveit/install/moveit_ros_occupancy_map_monitor/share/moveit_ros_occupancy_map_monitor/hook/cmake_prefix_path.dsv'
[4.386s] INFO:colcon.colcon_core.shell:Creating environment hook '/home/jone/ws_moveit/install/moveit_ros_occupancy_map_monitor/share/moveit_ros_occupancy_map_monitor/hook/cmake_prefix_path.sh'
[4.386s] Level 1:colcon.colcon_core.environment:checking '/home/jone/ws_moveit/install/moveit_ros_occupancy_map_monitor/lib'
[4.386s] Level 1:colcon.colcon_core.shell:create_environment_hook('moveit_ros_occupancy_map_monitor', 'ld_library_path_lib')
[4.387s] INFO:colcon.colcon_core.shell:Creating environment hook '/home/jone/ws_moveit/install/moveit_ros_occupancy_map_monitor/share/moveit_ros_occupancy_map_monitor/hook/ld_library_path_lib.ps1'
[4.387s] INFO:colcon.colcon_core.shell:Creating environment descriptor '/home/jone/ws_moveit/install/moveit_ros_occupancy_map_monitor/share/moveit_ros_occupancy_map_monitor/hook/ld_library_path_lib.dsv'
[4.387s] INFO:colcon.colcon_core.shell:Creating environment hook '/home/jone/ws_moveit/install/moveit_ros_occupancy_map_monitor/share/moveit_ros_occupancy_map_monitor/hook/ld_library_path_lib.sh'
[4.387s] Level 1:colcon.colcon_core.environment:checking '/home/jone/ws_moveit/install/moveit_ros_occupancy_map_monitor/bin'
[4.387s] Level 1:colcon.colcon_core.environment:checking '/home/jone/ws_moveit/install/moveit_ros_occupancy_map_monitor/lib/pkgconfig/moveit_ros_occupancy_map_monitor.pc'
[4.387s] Level 1:colcon.colcon_core.environment:checking '/home/jone/ws_moveit/install/moveit_ros_occupancy_map_monitor/lib/python3.10/site-packages'
[4.388s] Level 1:colcon.colcon_core.environment:checking '/home/jone/ws_moveit/install/moveit_ros_occupancy_map_monitor/bin'
[4.388s] INFO:colcon.colcon_core.shell:Creating package script '/home/jone/ws_moveit/install/moveit_ros_occupancy_map_monitor/share/moveit_ros_occupancy_map_monitor/package.ps1'
[4.388s] INFO:colcon.colcon_core.shell:Creating package descriptor '/home/jone/ws_moveit/install/moveit_ros_occupancy_map_monitor/share/moveit_ros_occupancy_map_monitor/package.dsv'
[4.389s] INFO:colcon.colcon_core.shell:Creating package script '/home/jone/ws_moveit/install/moveit_ros_occupancy_map_monitor/share/moveit_ros_occupancy_map_monitor/package.sh'
[4.389s] INFO:colcon.colcon_core.shell:Creating package script '/home/jone/ws_moveit/install/moveit_ros_occupancy_map_monitor/share/moveit_ros_occupancy_map_monitor/package.bash'
[4.389s] INFO:colcon.colcon_core.shell:Creating package script '/home/jone/ws_moveit/install/moveit_ros_occupancy_map_monitor/share/moveit_ros_occupancy_map_monitor/package.zsh'
[4.389s] Level 1:colcon.colcon_core.environment:create_file_with_runtime_dependencies(/home/jone/ws_moveit/install/moveit_ros_occupancy_map_monitor/share/colcon-core/packages/moveit_ros_occupancy_map_monitor)
[4.390s] DEBUG:colcon.colcon_core.executor.sequential:run_until_complete 'moveit_ros_occupancy_map_monitor' finished with '0'
[4.390s] DEBUG:colcon.colcon_core.executor.sequential:run_until_complete 'moveit_simple_controller_manager'
[4.390s] INFO:colcon.colcon_ros.task.ament_cmake.build:Building ROS package in '/home/jone/ws_moveit/src/moveit2/moveit_plugins/moveit_simple_controller_manager' with build type 'ament_cmake'
[4.390s] INFO:colcon.colcon_cmake.task.cmake.build:Building CMake package in '/home/jone/ws_moveit/src/moveit2/moveit_plugins/moveit_simple_controller_manager'
[4.390s] INFO:colcon.colcon_core.shell:Skip shell extension 'powershell' for command environment: Not usable outside of PowerShell
[4.390s] DEBUG:colcon.colcon_core.shell:Skip shell extension 'dsv' for command environment
[4.403s] DEBUG:colcon.colcon_core.event_handler.log_command:Invoking command in '/home/jone/ws_moveit/build/moveit_simple_controller_manager': AMENT_PREFIX_PATH=/home/jone/ws_moveit/install/moveit_core:/home/jone/ws_moveit/install/moveit_resources_panda_moveit_config:/home/jone/ws_moveit/install/srdfdom:/home/jone/ws_moveit/install/moveit_resources_pr2_description:/home/jone/ws_moveit/install/moveit_resources_panda_description:/home/jone/ws_moveit/install/moveit_common:${AMENT_PREFIX_PATH} CMAKE_PREFIX_PATH=/home/jone/ws_moveit/install/moveit_core:/home/jone/ws_moveit/install/moveit_resources_panda_moveit_config:/home/jone/ws_moveit/install/srdfdom:/home/jone/ws_moveit/install/moveit_resources_pr2_description:/home/jone/ws_moveit/install/moveit_resources_panda_description:/home/jone/ws_moveit/install/moveit_common:/opt/ros/humble LD_LIBRARY_PATH=/home/jone/ws_moveit/install/moveit_core/lib:/home/jone/ws_moveit/install/srdfdom/lib:/opt/ros/humble/opt/rviz_ogre_vendor/lib:/opt/ros/humble/lib/x86_64-linux-gnu:/opt/ros/humble/lib:/usr/lib/x86_64-linux-gnu/gazebo-11/plugins:/usr/lib/x86_64-linux-gnu/gazebo-11/plugins:/usr/lib/x86_64-linux-gnu/gazebo-11/plugins PATH=/home/jone/ws_moveit/install/moveit_core/bin:${PATH} PYTHONPATH=/home/jone/ws_moveit/install/srdfdom/local/lib/python3.10/dist-packages:${PYTHONPATH} /usr/bin/cmake --build /home/jone/ws_moveit/build/moveit_simple_controller_manager -- -j16 -l16
[4.473s] DEBUG:colcon.colcon_core.event_handler.log_command:Invoked command in '/home/jone/ws_moveit/build/moveit_simple_controller_manager' returned '0': AMENT_PREFIX_PATH=/home/jone/ws_moveit/install/moveit_core:/home/jone/ws_moveit/install/moveit_resources_panda_moveit_config:/home/jone/ws_moveit/install/srdfdom:/home/jone/ws_moveit/install/moveit_resources_pr2_description:/home/jone/ws_moveit/install/moveit_resources_panda_description:/home/jone/ws_moveit/install/moveit_common:${AMENT_PREFIX_PATH} CMAKE_PREFIX_PATH=/home/jone/ws_moveit/install/moveit_core:/home/jone/ws_moveit/install/moveit_resources_panda_moveit_config:/home/jone/ws_moveit/install/srdfdom:/home/jone/ws_moveit/install/moveit_resources_pr2_description:/home/jone/ws_moveit/install/moveit_resources_panda_description:/home/jone/ws_moveit/install/moveit_common:/opt/ros/humble LD_LIBRARY_PATH=/home/jone/ws_moveit/install/moveit_core/lib:/home/jone/ws_moveit/install/srdfdom/lib:/opt/ros/humble/opt/rviz_ogre_vendor/lib:/opt/ros/humble/lib/x86_64-linux-gnu:/opt/ros/humble/lib:/usr/lib/x86_64-linux-gnu/gazebo-11/plugins:/usr/lib/x86_64-linux-gnu/gazebo-11/plugins:/usr/lib/x86_64-linux-gnu/gazebo-11/plugins PATH=/home/jone/ws_moveit/install/moveit_core/bin:${PATH} PYTHONPATH=/home/jone/ws_moveit/install/srdfdom/local/lib/python3.10/dist-packages:${PYTHONPATH} /usr/bin/cmake --build /home/jone/ws_moveit/build/moveit_simple_controller_manager -- -j16 -l16
[4.474s] DEBUG:colcon.colcon_core.event_handler.log_command:Invoking command in '/home/jone/ws_moveit/build/moveit_simple_controller_manager': AMENT_PREFIX_PATH=/home/jone/ws_moveit/install/moveit_core:/home/jone/ws_moveit/install/moveit_resources_panda_moveit_config:/home/jone/ws_moveit/install/srdfdom:/home/jone/ws_moveit/install/moveit_resources_pr2_description:/home/jone/ws_moveit/install/moveit_resources_panda_description:/home/jone/ws_moveit/install/moveit_common:${AMENT_PREFIX_PATH} CMAKE_PREFIX_PATH=/home/jone/ws_moveit/install/moveit_core:/home/jone/ws_moveit/install/moveit_resources_panda_moveit_config:/home/jone/ws_moveit/install/srdfdom:/home/jone/ws_moveit/install/moveit_resources_pr2_description:/home/jone/ws_moveit/install/moveit_resources_panda_description:/home/jone/ws_moveit/install/moveit_common:/opt/ros/humble LD_LIBRARY_PATH=/home/jone/ws_moveit/install/moveit_core/lib:/home/jone/ws_moveit/install/srdfdom/lib:/opt/ros/humble/opt/rviz_ogre_vendor/lib:/opt/ros/humble/lib/x86_64-linux-gnu:/opt/ros/humble/lib:/usr/lib/x86_64-linux-gnu/gazebo-11/plugins:/usr/lib/x86_64-linux-gnu/gazebo-11/plugins:/usr/lib/x86_64-linux-gnu/gazebo-11/plugins PATH=/home/jone/ws_moveit/install/moveit_core/bin:${PATH} PYTHONPATH=/home/jone/ws_moveit/install/srdfdom/local/lib/python3.10/dist-packages:${PYTHONPATH} /usr/bin/cmake --install /home/jone/ws_moveit/build/moveit_simple_controller_manager
[4.485s] Level 1:colcon.colcon_core.environment:create_environment_scripts_only(moveit_simple_controller_manager)
[4.485s] Level 1:colcon.colcon_core.environment:checking '/home/jone/ws_moveit/install/moveit_simple_controller_manager' for CMake module files
[4.485s] DEBUG:colcon.colcon_core.event_handler.log_command:Invoked command in '/home/jone/ws_moveit/build/moveit_simple_controller_manager' returned '0': AMENT_PREFIX_PATH=/home/jone/ws_moveit/install/moveit_core:/home/jone/ws_moveit/install/moveit_resources_panda_moveit_config:/home/jone/ws_moveit/install/srdfdom:/home/jone/ws_moveit/install/moveit_resources_pr2_description:/home/jone/ws_moveit/install/moveit_resources_panda_description:/home/jone/ws_moveit/install/moveit_common:${AMENT_PREFIX_PATH} CMAKE_PREFIX_PATH=/home/jone/ws_moveit/install/moveit_core:/home/jone/ws_moveit/install/moveit_resources_panda_moveit_config:/home/jone/ws_moveit/install/srdfdom:/home/jone/ws_moveit/install/moveit_resources_pr2_description:/home/jone/ws_moveit/install/moveit_resources_panda_description:/home/jone/ws_moveit/install/moveit_common:/opt/ros/humble LD_LIBRARY_PATH=/home/jone/ws_moveit/install/moveit_core/lib:/home/jone/ws_moveit/install/srdfdom/lib:/opt/ros/humble/opt/rviz_ogre_vendor/lib:/opt/ros/humble/lib/x86_64-linux-gnu:/opt/ros/humble/lib:/usr/lib/x86_64-linux-gnu/gazebo-11/plugins:/usr/lib/x86_64-linux-gnu/gazebo-11/plugins:/usr/lib/x86_64-linux-gnu/gazebo-11/plugins PATH=/home/jone/ws_moveit/install/moveit_core/bin:${PATH} PYTHONPATH=/home/jone/ws_moveit/install/srdfdom/local/lib/python3.10/dist-packages:${PYTHONPATH} /usr/bin/cmake --install /home/jone/ws_moveit/build/moveit_simple_controller_manager
[4.486s] Level 1:colcon.colcon_core.environment:checking '/home/jone/ws_moveit/install/moveit_simple_controller_manager' for CMake config files
[4.486s] Level 1:colcon.colcon_core.shell:create_environment_hook('moveit_simple_controller_manager', 'cmake_prefix_path')
[4.486s] INFO:colcon.colcon_core.shell:Creating environment hook '/home/jone/ws_moveit/install/moveit_simple_controller_manager/share/moveit_simple_controller_manager/hook/cmake_prefix_path.ps1'
[4.486s] INFO:colcon.colcon_core.shell:Creating environment descriptor '/home/jone/ws_moveit/install/moveit_simple_controller_manager/share/moveit_simple_controller_manager/hook/cmake_prefix_path.dsv'
[4.487s] INFO:colcon.colcon_core.shell:Creating environment hook '/home/jone/ws_moveit/install/moveit_simple_controller_manager/share/moveit_simple_controller_manager/hook/cmake_prefix_path.sh'
[4.487s] Level 1:colcon.colcon_core.environment:checking '/home/jone/ws_moveit/install/moveit_simple_controller_manager/lib'
[4.487s] Level 1:colcon.colcon_core.shell:create_environment_hook('moveit_simple_controller_manager', 'ld_library_path_lib')
[4.487s] INFO:colcon.colcon_core.shell:Creating environment hook '/home/jone/ws_moveit/install/moveit_simple_controller_manager/share/moveit_simple_controller_manager/hook/ld_library_path_lib.ps1'
[4.487s] INFO:colcon.colcon_core.shell:Creating environment descriptor '/home/jone/ws_moveit/install/moveit_simple_controller_manager/share/moveit_simple_controller_manager/hook/ld_library_path_lib.dsv'
[4.488s] INFO:colcon.colcon_core.shell:Creating environment hook '/home/jone/ws_moveit/install/moveit_simple_controller_manager/share/moveit_simple_controller_manager/hook/ld_library_path_lib.sh'
[4.488s] Level 1:colcon.colcon_core.environment:checking '/home/jone/ws_moveit/install/moveit_simple_controller_manager/bin'
[4.488s] Level 1:colcon.colcon_core.environment:checking '/home/jone/ws_moveit/install/moveit_simple_controller_manager/lib/pkgconfig/moveit_simple_controller_manager.pc'
[4.488s] Level 1:colcon.colcon_core.environment:checking '/home/jone/ws_moveit/install/moveit_simple_controller_manager/lib/python3.10/site-packages'
[4.488s] Level 1:colcon.colcon_core.environment:checking '/home/jone/ws_moveit/install/moveit_simple_controller_manager/bin'
[4.489s] INFO:colcon.colcon_core.shell:Creating package script '/home/jone/ws_moveit/install/moveit_simple_controller_manager/share/moveit_simple_controller_manager/package.ps1'
[4.489s] INFO:colcon.colcon_core.shell:Creating package descriptor '/home/jone/ws_moveit/install/moveit_simple_controller_manager/share/moveit_simple_controller_manager/package.dsv'
[4.489s] INFO:colcon.colcon_core.shell:Creating package script '/home/jone/ws_moveit/install/moveit_simple_controller_manager/share/moveit_simple_controller_manager/package.sh'
[4.489s] INFO:colcon.colcon_core.shell:Creating package script '/home/jone/ws_moveit/install/moveit_simple_controller_manager/share/moveit_simple_controller_manager/package.bash'
[4.490s] INFO:colcon.colcon_core.shell:Creating package script '/home/jone/ws_moveit/install/moveit_simple_controller_manager/share/moveit_simple_controller_manager/package.zsh'
[4.490s] Level 1:colcon.colcon_core.environment:create_file_with_runtime_dependencies(/home/jone/ws_moveit/install/moveit_simple_controller_manager/share/colcon-core/packages/moveit_simple_controller_manager)
[4.491s] Level 1:colcon.colcon_core.environment:create_environment_scripts_only(moveit_simple_controller_manager)
[4.491s] Level 1:colcon.colcon_core.environment:checking '/home/jone/ws_moveit/install/moveit_simple_controller_manager' for CMake module files
[4.491s] Level 1:colcon.colcon_core.environment:checking '/home/jone/ws_moveit/install/moveit_simple_controller_manager' for CMake config files
[4.491s] Level 1:colcon.colcon_core.shell:create_environment_hook('moveit_simple_controller_manager', 'cmake_prefix_path')
[4.491s] INFO:colcon.colcon_core.shell:Creating environment hook '/home/jone/ws_moveit/install/moveit_simple_controller_manager/share/moveit_simple_controller_manager/hook/cmake_prefix_path.ps1'
[4.492s] INFO:colcon.colcon_core.shell:Creating environment descriptor '/home/jone/ws_moveit/install/moveit_simple_controller_manager/share/moveit_simple_controller_manager/hook/cmake_prefix_path.dsv'
[4.492s] INFO:colcon.colcon_core.shell:Creating environment hook '/home/jone/ws_moveit/install/moveit_simple_controller_manager/share/moveit_simple_controller_manager/hook/cmake_prefix_path.sh'
[4.492s] Level 1:colcon.colcon_core.environment:checking '/home/jone/ws_moveit/install/moveit_simple_controller_manager/lib'
[4.492s] Level 1:colcon.colcon_core.shell:create_environment_hook('moveit_simple_controller_manager', 'ld_library_path_lib')
[4.492s] INFO:colcon.colcon_core.shell:Creating environment hook '/home/jone/ws_moveit/install/moveit_simple_controller_manager/share/moveit_simple_controller_manager/hook/ld_library_path_lib.ps1'
[4.493s] INFO:colcon.colcon_core.shell:Creating environment descriptor '/home/jone/ws_moveit/install/moveit_simple_controller_manager/share/moveit_simple_controller_manager/hook/ld_library_path_lib.dsv'
[4.493s] INFO:colcon.colcon_core.shell:Creating environment hook '/home/jone/ws_moveit/install/moveit_simple_controller_manager/share/moveit_simple_controller_manager/hook/ld_library_path_lib.sh'
[4.493s] Level 1:colcon.colcon_core.environment:checking '/home/jone/ws_moveit/install/moveit_simple_controller_manager/bin'
[4.493s] Level 1:colcon.colcon_core.environment:checking '/home/jone/ws_moveit/install/moveit_simple_controller_manager/lib/pkgconfig/moveit_simple_controller_manager.pc'
[4.493s] Level 1:colcon.colcon_core.environment:checking '/home/jone/ws_moveit/install/moveit_simple_controller_manager/lib/python3.10/site-packages'
[4.493s] Level 1:colcon.colcon_core.environment:checking '/home/jone/ws_moveit/install/moveit_simple_controller_manager/bin'
[4.494s] INFO:colcon.colcon_core.shell:Creating package script '/home/jone/ws_moveit/install/moveit_simple_controller_manager/share/moveit_simple_controller_manager/package.ps1'
[4.494s] INFO:colcon.colcon_core.shell:Creating package descriptor '/home/jone/ws_moveit/install/moveit_simple_controller_manager/share/moveit_simple_controller_manager/package.dsv'
[4.494s] INFO:colcon.colcon_core.shell:Creating package script '/home/jone/ws_moveit/install/moveit_simple_controller_manager/share/moveit_simple_controller_manager/package.sh'
[4.495s] INFO:colcon.colcon_core.shell:Creating package script '/home/jone/ws_moveit/install/moveit_simple_controller_manager/share/moveit_simple_controller_manager/package.bash'
[4.495s] INFO:colcon.colcon_core.shell:Creating package script '/home/jone/ws_moveit/install/moveit_simple_controller_manager/share/moveit_simple_controller_manager/package.zsh'
[4.495s] Level 1:colcon.colcon_core.environment:create_file_with_runtime_dependencies(/home/jone/ws_moveit/install/moveit_simple_controller_manager/share/colcon-core/packages/moveit_simple_controller_manager)
[4.495s] DEBUG:colcon.colcon_core.executor.sequential:run_until_complete 'moveit_simple_controller_manager' finished with '0'
[4.496s] DEBUG:colcon.colcon_core.executor.sequential:run_until_complete 'pilz_industrial_motion_planner_testutils'
[4.496s] INFO:colcon.colcon_ros.task.ament_cmake.build:Building ROS package in '/home/jone/ws_moveit/src/moveit2/moveit_planners/pilz_industrial_motion_planner_testutils' with build type 'ament_cmake'
[4.496s] INFO:colcon.colcon_cmake.task.cmake.build:Building CMake package in '/home/jone/ws_moveit/src/moveit2/moveit_planners/pilz_industrial_motion_planner_testutils'
[4.496s] INFO:colcon.colcon_core.shell:Skip shell extension 'powershell' for command environment: Not usable outside of PowerShell
[4.496s] DEBUG:colcon.colcon_core.shell:Skip shell extension 'dsv' for command environment
[4.508s] DEBUG:colcon.colcon_core.event_handler.log_command:Invoking command in '/home/jone/ws_moveit/build/pilz_industrial_motion_planner_testutils': AMENT_PREFIX_PATH=/home/jone/ws_moveit/install/moveit_core:/home/jone/ws_moveit/install/moveit_resources_panda_moveit_config:/home/jone/ws_moveit/install/srdfdom:/home/jone/ws_moveit/install/moveit_resources_pr2_description:/home/jone/ws_moveit/install/moveit_resources_panda_description:/home/jone/ws_moveit/install/moveit_common:${AMENT_PREFIX_PATH} CMAKE_PREFIX_PATH=/home/jone/ws_moveit/install/moveit_core:/home/jone/ws_moveit/install/moveit_resources_panda_moveit_config:/home/jone/ws_moveit/install/srdfdom:/home/jone/ws_moveit/install/moveit_resources_pr2_description:/home/jone/ws_moveit/install/moveit_resources_panda_description:/home/jone/ws_moveit/install/moveit_common:/opt/ros/humble LD_LIBRARY_PATH=/home/jone/ws_moveit/install/moveit_core/lib:/home/jone/ws_moveit/install/srdfdom/lib:/opt/ros/humble/opt/rviz_ogre_vendor/lib:/opt/ros/humble/lib/x86_64-linux-gnu:/opt/ros/humble/lib:/usr/lib/x86_64-linux-gnu/gazebo-11/plugins:/usr/lib/x86_64-linux-gnu/gazebo-11/plugins:/usr/lib/x86_64-linux-gnu/gazebo-11/plugins PATH=/home/jone/ws_moveit/install/moveit_core/bin:${PATH} PYTHONPATH=/home/jone/ws_moveit/install/srdfdom/local/lib/python3.10/dist-packages:${PYTHONPATH} /usr/bin/cmake --build /home/jone/ws_moveit/build/pilz_industrial_motion_planner_testutils -- -j16 -l16
[4.589s] DEBUG:colcon.colcon_core.event_handler.log_command:Invoked command in '/home/jone/ws_moveit/build/pilz_industrial_motion_planner_testutils' returned '0': AMENT_PREFIX_PATH=/home/jone/ws_moveit/install/moveit_core:/home/jone/ws_moveit/install/moveit_resources_panda_moveit_config:/home/jone/ws_moveit/install/srdfdom:/home/jone/ws_moveit/install/moveit_resources_pr2_description:/home/jone/ws_moveit/install/moveit_resources_panda_description:/home/jone/ws_moveit/install/moveit_common:${AMENT_PREFIX_PATH} CMAKE_PREFIX_PATH=/home/jone/ws_moveit/install/moveit_core:/home/jone/ws_moveit/install/moveit_resources_panda_moveit_config:/home/jone/ws_moveit/install/srdfdom:/home/jone/ws_moveit/install/moveit_resources_pr2_description:/home/jone/ws_moveit/install/moveit_resources_panda_description:/home/jone/ws_moveit/install/moveit_common:/opt/ros/humble LD_LIBRARY_PATH=/home/jone/ws_moveit/install/moveit_core/lib:/home/jone/ws_moveit/install/srdfdom/lib:/opt/ros/humble/opt/rviz_ogre_vendor/lib:/opt/ros/humble/lib/x86_64-linux-gnu:/opt/ros/humble/lib:/usr/lib/x86_64-linux-gnu/gazebo-11/plugins:/usr/lib/x86_64-linux-gnu/gazebo-11/plugins:/usr/lib/x86_64-linux-gnu/gazebo-11/plugins PATH=/home/jone/ws_moveit/install/moveit_core/bin:${PATH} PYTHONPATH=/home/jone/ws_moveit/install/srdfdom/local/lib/python3.10/dist-packages:${PYTHONPATH} /usr/bin/cmake --build /home/jone/ws_moveit/build/pilz_industrial_motion_planner_testutils -- -j16 -l16
[4.590s] DEBUG:colcon.colcon_core.event_handler.log_command:Invoking command in '/home/jone/ws_moveit/build/pilz_industrial_motion_planner_testutils': AMENT_PREFIX_PATH=/home/jone/ws_moveit/install/moveit_core:/home/jone/ws_moveit/install/moveit_resources_panda_moveit_config:/home/jone/ws_moveit/install/srdfdom:/home/jone/ws_moveit/install/moveit_resources_pr2_description:/home/jone/ws_moveit/install/moveit_resources_panda_description:/home/jone/ws_moveit/install/moveit_common:${AMENT_PREFIX_PATH} CMAKE_PREFIX_PATH=/home/jone/ws_moveit/install/moveit_core:/home/jone/ws_moveit/install/moveit_resources_panda_moveit_config:/home/jone/ws_moveit/install/srdfdom:/home/jone/ws_moveit/install/moveit_resources_pr2_description:/home/jone/ws_moveit/install/moveit_resources_panda_description:/home/jone/ws_moveit/install/moveit_common:/opt/ros/humble LD_LIBRARY_PATH=/home/jone/ws_moveit/install/moveit_core/lib:/home/jone/ws_moveit/install/srdfdom/lib:/opt/ros/humble/opt/rviz_ogre_vendor/lib:/opt/ros/humble/lib/x86_64-linux-gnu:/opt/ros/humble/lib:/usr/lib/x86_64-linux-gnu/gazebo-11/plugins:/usr/lib/x86_64-linux-gnu/gazebo-11/plugins:/usr/lib/x86_64-linux-gnu/gazebo-11/plugins PATH=/home/jone/ws_moveit/install/moveit_core/bin:${PATH} PYTHONPATH=/home/jone/ws_moveit/install/srdfdom/local/lib/python3.10/dist-packages:${PYTHONPATH} /usr/bin/cmake --install /home/jone/ws_moveit/build/pilz_industrial_motion_planner_testutils
[4.603s] Level 1:colcon.colcon_core.environment:create_environment_scripts_only(pilz_industrial_motion_planner_testutils)
[4.603s] Level 1:colcon.colcon_core.environment:checking '/home/jone/ws_moveit/install/pilz_industrial_motion_planner_testutils' for CMake module files
[4.603s] DEBUG:colcon.colcon_core.event_handler.log_command:Invoked command in '/home/jone/ws_moveit/build/pilz_industrial_motion_planner_testutils' returned '0': AMENT_PREFIX_PATH=/home/jone/ws_moveit/install/moveit_core:/home/jone/ws_moveit/install/moveit_resources_panda_moveit_config:/home/jone/ws_moveit/install/srdfdom:/home/jone/ws_moveit/install/moveit_resources_pr2_description:/home/jone/ws_moveit/install/moveit_resources_panda_description:/home/jone/ws_moveit/install/moveit_common:${AMENT_PREFIX_PATH} CMAKE_PREFIX_PATH=/home/jone/ws_moveit/install/moveit_core:/home/jone/ws_moveit/install/moveit_resources_panda_moveit_config:/home/jone/ws_moveit/install/srdfdom:/home/jone/ws_moveit/install/moveit_resources_pr2_description:/home/jone/ws_moveit/install/moveit_resources_panda_description:/home/jone/ws_moveit/install/moveit_common:/opt/ros/humble LD_LIBRARY_PATH=/home/jone/ws_moveit/install/moveit_core/lib:/home/jone/ws_moveit/install/srdfdom/lib:/opt/ros/humble/opt/rviz_ogre_vendor/lib:/opt/ros/humble/lib/x86_64-linux-gnu:/opt/ros/humble/lib:/usr/lib/x86_64-linux-gnu/gazebo-11/plugins:/usr/lib/x86_64-linux-gnu/gazebo-11/plugins:/usr/lib/x86_64-linux-gnu/gazebo-11/plugins PATH=/home/jone/ws_moveit/install/moveit_core/bin:${PATH} PYTHONPATH=/home/jone/ws_moveit/install/srdfdom/local/lib/python3.10/dist-packages:${PYTHONPATH} /usr/bin/cmake --install /home/jone/ws_moveit/build/pilz_industrial_motion_planner_testutils
[4.603s] Level 1:colcon.colcon_core.environment:checking '/home/jone/ws_moveit/install/pilz_industrial_motion_planner_testutils' for CMake config files
[4.604s] Level 1:colcon.colcon_core.shell:create_environment_hook('pilz_industrial_motion_planner_testutils', 'cmake_prefix_path')
[4.604s] INFO:colcon.colcon_core.shell:Creating environment hook '/home/jone/ws_moveit/install/pilz_industrial_motion_planner_testutils/share/pilz_industrial_motion_planner_testutils/hook/cmake_prefix_path.ps1'
[4.604s] INFO:colcon.colcon_core.shell:Creating environment descriptor '/home/jone/ws_moveit/install/pilz_industrial_motion_planner_testutils/share/pilz_industrial_motion_planner_testutils/hook/cmake_prefix_path.dsv'
[4.604s] INFO:colcon.colcon_core.shell:Creating environment hook '/home/jone/ws_moveit/install/pilz_industrial_motion_planner_testutils/share/pilz_industrial_motion_planner_testutils/hook/cmake_prefix_path.sh'
[4.605s] Level 1:colcon.colcon_core.environment:checking '/home/jone/ws_moveit/install/pilz_industrial_motion_planner_testutils/lib'
[4.605s] Level 1:colcon.colcon_core.shell:create_environment_hook('pilz_industrial_motion_planner_testutils', 'ld_library_path_lib')
[4.605s] INFO:colcon.colcon_core.shell:Creating environment hook '/home/jone/ws_moveit/install/pilz_industrial_motion_planner_testutils/share/pilz_industrial_motion_planner_testutils/hook/ld_library_path_lib.ps1'
[4.605s] INFO:colcon.colcon_core.shell:Creating environment descriptor '/home/jone/ws_moveit/install/pilz_industrial_motion_planner_testutils/share/pilz_industrial_motion_planner_testutils/hook/ld_library_path_lib.dsv'
[4.606s] INFO:colcon.colcon_core.shell:Creating environment hook '/home/jone/ws_moveit/install/pilz_industrial_motion_planner_testutils/share/pilz_industrial_motion_planner_testutils/hook/ld_library_path_lib.sh'
[4.606s] Level 1:colcon.colcon_core.environment:checking '/home/jone/ws_moveit/install/pilz_industrial_motion_planner_testutils/bin'
[4.606s] Level 1:colcon.colcon_core.environment:checking '/home/jone/ws_moveit/install/pilz_industrial_motion_planner_testutils/lib/pkgconfig/pilz_industrial_motion_planner_testutils.pc'
[4.606s] Level 1:colcon.colcon_core.environment:checking '/home/jone/ws_moveit/install/pilz_industrial_motion_planner_testutils/lib/python3.10/site-packages'
[4.606s] Level 1:colcon.colcon_core.environment:checking '/home/jone/ws_moveit/install/pilz_industrial_motion_planner_testutils/bin'
[4.606s] INFO:colcon.colcon_core.shell:Creating package script '/home/jone/ws_moveit/install/pilz_industrial_motion_planner_testutils/share/pilz_industrial_motion_planner_testutils/package.ps1'
[4.607s] INFO:colcon.colcon_core.shell:Creating package descriptor '/home/jone/ws_moveit/install/pilz_industrial_motion_planner_testutils/share/pilz_industrial_motion_planner_testutils/package.dsv'
[4.607s] INFO:colcon.colcon_core.shell:Creating package script '/home/jone/ws_moveit/install/pilz_industrial_motion_planner_testutils/share/pilz_industrial_motion_planner_testutils/package.sh'
[4.607s] INFO:colcon.colcon_core.shell:Creating package script '/home/jone/ws_moveit/install/pilz_industrial_motion_planner_testutils/share/pilz_industrial_motion_planner_testutils/package.bash'
[4.608s] INFO:colcon.colcon_core.shell:Creating package script '/home/jone/ws_moveit/install/pilz_industrial_motion_planner_testutils/share/pilz_industrial_motion_planner_testutils/package.zsh'
[4.608s] Level 1:colcon.colcon_core.environment:create_file_with_runtime_dependencies(/home/jone/ws_moveit/install/pilz_industrial_motion_planner_testutils/share/colcon-core/packages/pilz_industrial_motion_planner_testutils)
[4.608s] Level 1:colcon.colcon_core.environment:create_environment_scripts_only(pilz_industrial_motion_planner_testutils)
[4.609s] Level 1:colcon.colcon_core.environment:checking '/home/jone/ws_moveit/install/pilz_industrial_motion_planner_testutils' for CMake module files
[4.609s] Level 1:colcon.colcon_core.environment:checking '/home/jone/ws_moveit/install/pilz_industrial_motion_planner_testutils' for CMake config files
[4.609s] Level 1:colcon.colcon_core.shell:create_environment_hook('pilz_industrial_motion_planner_testutils', 'cmake_prefix_path')
[4.609s] INFO:colcon.colcon_core.shell:Creating environment hook '/home/jone/ws_moveit/install/pilz_industrial_motion_planner_testutils/share/pilz_industrial_motion_planner_testutils/hook/cmake_prefix_path.ps1'
[4.609s] INFO:colcon.colcon_core.shell:Creating environment descriptor '/home/jone/ws_moveit/install/pilz_industrial_motion_planner_testutils/share/pilz_industrial_motion_planner_testutils/hook/cmake_prefix_path.dsv'
[4.610s] INFO:colcon.colcon_core.shell:Creating environment hook '/home/jone/ws_moveit/install/pilz_industrial_motion_planner_testutils/share/pilz_industrial_motion_planner_testutils/hook/cmake_prefix_path.sh'
[4.610s] Level 1:colcon.colcon_core.environment:checking '/home/jone/ws_moveit/install/pilz_industrial_motion_planner_testutils/lib'
[4.610s] Level 1:colcon.colcon_core.shell:create_environment_hook('pilz_industrial_motion_planner_testutils', 'ld_library_path_lib')
[4.610s] INFO:colcon.colcon_core.shell:Creating environment hook '/home/jone/ws_moveit/install/pilz_industrial_motion_planner_testutils/share/pilz_industrial_motion_planner_testutils/hook/ld_library_path_lib.ps1'
[4.610s] INFO:colcon.colcon_core.shell:Creating environment descriptor '/home/jone/ws_moveit/install/pilz_industrial_motion_planner_testutils/share/pilz_industrial_motion_planner_testutils/hook/ld_library_path_lib.dsv'
[4.611s] INFO:colcon.colcon_core.shell:Creating environment hook '/home/jone/ws_moveit/install/pilz_industrial_motion_planner_testutils/share/pilz_industrial_motion_planner_testutils/hook/ld_library_path_lib.sh'
[4.611s] Level 1:colcon.colcon_core.environment:checking '/home/jone/ws_moveit/install/pilz_industrial_motion_planner_testutils/bin'
[4.611s] Level 1:colcon.colcon_core.environment:checking '/home/jone/ws_moveit/install/pilz_industrial_motion_planner_testutils/lib/pkgconfig/pilz_industrial_motion_planner_testutils.pc'
[4.611s] Level 1:colcon.colcon_core.environment:checking '/home/jone/ws_moveit/install/pilz_industrial_motion_planner_testutils/lib/python3.10/site-packages'
[4.611s] Level 1:colcon.colcon_core.environment:checking '/home/jone/ws_moveit/install/pilz_industrial_motion_planner_testutils/bin'
[4.612s] INFO:colcon.colcon_core.shell:Creating package script '/home/jone/ws_moveit/install/pilz_industrial_motion_planner_testutils/share/pilz_industrial_motion_planner_testutils/package.ps1'
[4.612s] INFO:colcon.colcon_core.shell:Creating package descriptor '/home/jone/ws_moveit/install/pilz_industrial_motion_planner_testutils/share/pilz_industrial_motion_planner_testutils/package.dsv'
[4.612s] INFO:colcon.colcon_core.shell:Creating package script '/home/jone/ws_moveit/install/pilz_industrial_motion_planner_testutils/share/pilz_industrial_motion_planner_testutils/package.sh'
[4.613s] INFO:colcon.colcon_core.shell:Creating package script '/home/jone/ws_moveit/install/pilz_industrial_motion_planner_testutils/share/pilz_industrial_motion_planner_testutils/package.bash'
[4.613s] INFO:colcon.colcon_core.shell:Creating package script '/home/jone/ws_moveit/install/pilz_industrial_motion_planner_testutils/share/pilz_industrial_motion_planner_testutils/package.zsh'
[4.613s] Level 1:colcon.colcon_core.environment:create_file_with_runtime_dependencies(/home/jone/ws_moveit/install/pilz_industrial_motion_planner_testutils/share/colcon-core/packages/pilz_industrial_motion_planner_testutils)
[4.613s] DEBUG:colcon.colcon_core.executor.sequential:run_until_complete 'pilz_industrial_motion_planner_testutils' finished with '0'
[4.614s] DEBUG:colcon.colcon_core.executor.sequential:run_until_complete 'moveit_chomp_optimizer_adapter'
[4.614s] INFO:colcon.colcon_ros.task.ament_cmake.build:Building ROS package in '/home/jone/ws_moveit/src/moveit2/moveit_planners/chomp/chomp_optimizer_adapter' with build type 'ament_cmake'
[4.614s] INFO:colcon.colcon_cmake.task.cmake.build:Building CMake package in '/home/jone/ws_moveit/src/moveit2/moveit_planners/chomp/chomp_optimizer_adapter'
[4.614s] INFO:colcon.colcon_core.shell:Skip shell extension 'powershell' for command environment: Not usable outside of PowerShell
[4.614s] DEBUG:colcon.colcon_core.shell:Skip shell extension 'dsv' for command environment
[4.629s] DEBUG:colcon.colcon_core.event_handler.log_command:Invoking command in '/home/jone/ws_moveit/build/moveit_chomp_optimizer_adapter': AMENT_PREFIX_PATH=/home/jone/ws_moveit/install/chomp_motion_planner:/home/jone/ws_moveit/install/moveit_core:/home/jone/ws_moveit/install/moveit_resources_panda_moveit_config:/home/jone/ws_moveit/install/srdfdom:/home/jone/ws_moveit/install/moveit_resources_pr2_description:/home/jone/ws_moveit/install/moveit_resources_panda_description:/home/jone/ws_moveit/install/moveit_common:${AMENT_PREFIX_PATH} CMAKE_PREFIX_PATH=/home/jone/ws_moveit/install/chomp_motion_planner:/home/jone/ws_moveit/install/moveit_core:/home/jone/ws_moveit/install/moveit_resources_panda_moveit_config:/home/jone/ws_moveit/install/srdfdom:/home/jone/ws_moveit/install/moveit_resources_pr2_description:/home/jone/ws_moveit/install/moveit_resources_panda_description:/home/jone/ws_moveit/install/moveit_common:/opt/ros/humble LD_LIBRARY_PATH=/home/jone/ws_moveit/install/chomp_motion_planner/lib:/home/jone/ws_moveit/install/moveit_core/lib:/home/jone/ws_moveit/install/srdfdom/lib:/opt/ros/humble/opt/rviz_ogre_vendor/lib:/opt/ros/humble/lib/x86_64-linux-gnu:/opt/ros/humble/lib:/usr/lib/x86_64-linux-gnu/gazebo-11/plugins:/usr/lib/x86_64-linux-gnu/gazebo-11/plugins:/usr/lib/x86_64-linux-gnu/gazebo-11/plugins PATH=/home/jone/ws_moveit/install/moveit_core/bin:${PATH} PYTHONPATH=/home/jone/ws_moveit/install/srdfdom/local/lib/python3.10/dist-packages:${PYTHONPATH} /usr/bin/cmake --build /home/jone/ws_moveit/build/moveit_chomp_optimizer_adapter -- -j16 -l16
[4.700s] DEBUG:colcon.colcon_core.event_handler.log_command:Invoked command in '/home/jone/ws_moveit/build/moveit_chomp_optimizer_adapter' returned '0': AMENT_PREFIX_PATH=/home/jone/ws_moveit/install/chomp_motion_planner:/home/jone/ws_moveit/install/moveit_core:/home/jone/ws_moveit/install/moveit_resources_panda_moveit_config:/home/jone/ws_moveit/install/srdfdom:/home/jone/ws_moveit/install/moveit_resources_pr2_description:/home/jone/ws_moveit/install/moveit_resources_panda_description:/home/jone/ws_moveit/install/moveit_common:${AMENT_PREFIX_PATH} CMAKE_PREFIX_PATH=/home/jone/ws_moveit/install/chomp_motion_planner:/home/jone/ws_moveit/install/moveit_core:/home/jone/ws_moveit/install/moveit_resources_panda_moveit_config:/home/jone/ws_moveit/install/srdfdom:/home/jone/ws_moveit/install/moveit_resources_pr2_description:/home/jone/ws_moveit/install/moveit_resources_panda_description:/home/jone/ws_moveit/install/moveit_common:/opt/ros/humble LD_LIBRARY_PATH=/home/jone/ws_moveit/install/chomp_motion_planner/lib:/home/jone/ws_moveit/install/moveit_core/lib:/home/jone/ws_moveit/install/srdfdom/lib:/opt/ros/humble/opt/rviz_ogre_vendor/lib:/opt/ros/humble/lib/x86_64-linux-gnu:/opt/ros/humble/lib:/usr/lib/x86_64-linux-gnu/gazebo-11/plugins:/usr/lib/x86_64-linux-gnu/gazebo-11/plugins:/usr/lib/x86_64-linux-gnu/gazebo-11/plugins PATH=/home/jone/ws_moveit/install/moveit_core/bin:${PATH} PYTHONPATH=/home/jone/ws_moveit/install/srdfdom/local/lib/python3.10/dist-packages:${PYTHONPATH} /usr/bin/cmake --build /home/jone/ws_moveit/build/moveit_chomp_optimizer_adapter -- -j16 -l16
[4.701s] DEBUG:colcon.colcon_core.event_handler.log_command:Invoking command in '/home/jone/ws_moveit/build/moveit_chomp_optimizer_adapter': AMENT_PREFIX_PATH=/home/jone/ws_moveit/install/chomp_motion_planner:/home/jone/ws_moveit/install/moveit_core:/home/jone/ws_moveit/install/moveit_resources_panda_moveit_config:/home/jone/ws_moveit/install/srdfdom:/home/jone/ws_moveit/install/moveit_resources_pr2_description:/home/jone/ws_moveit/install/moveit_resources_panda_description:/home/jone/ws_moveit/install/moveit_common:${AMENT_PREFIX_PATH} CMAKE_PREFIX_PATH=/home/jone/ws_moveit/install/chomp_motion_planner:/home/jone/ws_moveit/install/moveit_core:/home/jone/ws_moveit/install/moveit_resources_panda_moveit_config:/home/jone/ws_moveit/install/srdfdom:/home/jone/ws_moveit/install/moveit_resources_pr2_description:/home/jone/ws_moveit/install/moveit_resources_panda_description:/home/jone/ws_moveit/install/moveit_common:/opt/ros/humble LD_LIBRARY_PATH=/home/jone/ws_moveit/install/chomp_motion_planner/lib:/home/jone/ws_moveit/install/moveit_core/lib:/home/jone/ws_moveit/install/srdfdom/lib:/opt/ros/humble/opt/rviz_ogre_vendor/lib:/opt/ros/humble/lib/x86_64-linux-gnu:/opt/ros/humble/lib:/usr/lib/x86_64-linux-gnu/gazebo-11/plugins:/usr/lib/x86_64-linux-gnu/gazebo-11/plugins:/usr/lib/x86_64-linux-gnu/gazebo-11/plugins PATH=/home/jone/ws_moveit/install/moveit_core/bin:${PATH} PYTHONPATH=/home/jone/ws_moveit/install/srdfdom/local/lib/python3.10/dist-packages:${PYTHONPATH} /usr/bin/cmake --install /home/jone/ws_moveit/build/moveit_chomp_optimizer_adapter
[4.712s] Level 1:colcon.colcon_core.environment:create_environment_scripts_only(moveit_chomp_optimizer_adapter)
[4.713s] Level 1:colcon.colcon_core.environment:checking '/home/jone/ws_moveit/install/moveit_chomp_optimizer_adapter' for CMake module files
[4.713s] DEBUG:colcon.colcon_core.event_handler.log_command:Invoked command in '/home/jone/ws_moveit/build/moveit_chomp_optimizer_adapter' returned '0': AMENT_PREFIX_PATH=/home/jone/ws_moveit/install/chomp_motion_planner:/home/jone/ws_moveit/install/moveit_core:/home/jone/ws_moveit/install/moveit_resources_panda_moveit_config:/home/jone/ws_moveit/install/srdfdom:/home/jone/ws_moveit/install/moveit_resources_pr2_description:/home/jone/ws_moveit/install/moveit_resources_panda_description:/home/jone/ws_moveit/install/moveit_common:${AMENT_PREFIX_PATH} CMAKE_PREFIX_PATH=/home/jone/ws_moveit/install/chomp_motion_planner:/home/jone/ws_moveit/install/moveit_core:/home/jone/ws_moveit/install/moveit_resources_panda_moveit_config:/home/jone/ws_moveit/install/srdfdom:/home/jone/ws_moveit/install/moveit_resources_pr2_description:/home/jone/ws_moveit/install/moveit_resources_panda_description:/home/jone/ws_moveit/install/moveit_common:/opt/ros/humble LD_LIBRARY_PATH=/home/jone/ws_moveit/install/chomp_motion_planner/lib:/home/jone/ws_moveit/install/moveit_core/lib:/home/jone/ws_moveit/install/srdfdom/lib:/opt/ros/humble/opt/rviz_ogre_vendor/lib:/opt/ros/humble/lib/x86_64-linux-gnu:/opt/ros/humble/lib:/usr/lib/x86_64-linux-gnu/gazebo-11/plugins:/usr/lib/x86_64-linux-gnu/gazebo-11/plugins:/usr/lib/x86_64-linux-gnu/gazebo-11/plugins PATH=/home/jone/ws_moveit/install/moveit_core/bin:${PATH} PYTHONPATH=/home/jone/ws_moveit/install/srdfdom/local/lib/python3.10/dist-packages:${PYTHONPATH} /usr/bin/cmake --install /home/jone/ws_moveit/build/moveit_chomp_optimizer_adapter
[4.713s] Level 1:colcon.colcon_core.environment:checking '/home/jone/ws_moveit/install/moveit_chomp_optimizer_adapter' for CMake config files
[4.714s] Level 1:colcon.colcon_core.shell:create_environment_hook('moveit_chomp_optimizer_adapter', 'cmake_prefix_path')
[4.714s] INFO:colcon.colcon_core.shell:Creating environment hook '/home/jone/ws_moveit/install/moveit_chomp_optimizer_adapter/share/moveit_chomp_optimizer_adapter/hook/cmake_prefix_path.ps1'
[4.714s] INFO:colcon.colcon_core.shell:Creating environment descriptor '/home/jone/ws_moveit/install/moveit_chomp_optimizer_adapter/share/moveit_chomp_optimizer_adapter/hook/cmake_prefix_path.dsv'
[4.714s] INFO:colcon.colcon_core.shell:Creating environment hook '/home/jone/ws_moveit/install/moveit_chomp_optimizer_adapter/share/moveit_chomp_optimizer_adapter/hook/cmake_prefix_path.sh'
[4.715s] Level 1:colcon.colcon_core.environment:checking '/home/jone/ws_moveit/install/moveit_chomp_optimizer_adapter/lib'
[4.715s] Level 1:colcon.colcon_core.shell:create_environment_hook('moveit_chomp_optimizer_adapter', 'ld_library_path_lib')
[4.715s] INFO:colcon.colcon_core.shell:Creating environment hook '/home/jone/ws_moveit/install/moveit_chomp_optimizer_adapter/share/moveit_chomp_optimizer_adapter/hook/ld_library_path_lib.ps1'
[4.715s] INFO:colcon.colcon_core.shell:Creating environment descriptor '/home/jone/ws_moveit/install/moveit_chomp_optimizer_adapter/share/moveit_chomp_optimizer_adapter/hook/ld_library_path_lib.dsv'
[4.715s] INFO:colcon.colcon_core.shell:Creating environment hook '/home/jone/ws_moveit/install/moveit_chomp_optimizer_adapter/share/moveit_chomp_optimizer_adapter/hook/ld_library_path_lib.sh'
[4.716s] Level 1:colcon.colcon_core.environment:checking '/home/jone/ws_moveit/install/moveit_chomp_optimizer_adapter/bin'
[4.716s] Level 1:colcon.colcon_core.environment:checking '/home/jone/ws_moveit/install/moveit_chomp_optimizer_adapter/lib/pkgconfig/moveit_chomp_optimizer_adapter.pc'
[4.716s] Level 1:colcon.colcon_core.environment:checking '/home/jone/ws_moveit/install/moveit_chomp_optimizer_adapter/lib/python3.10/site-packages'
[4.716s] Level 1:colcon.colcon_core.environment:checking '/home/jone/ws_moveit/install/moveit_chomp_optimizer_adapter/bin'
[4.716s] INFO:colcon.colcon_core.shell:Creating package script '/home/jone/ws_moveit/install/moveit_chomp_optimizer_adapter/share/moveit_chomp_optimizer_adapter/package.ps1'
[4.717s] INFO:colcon.colcon_core.shell:Creating package descriptor '/home/jone/ws_moveit/install/moveit_chomp_optimizer_adapter/share/moveit_chomp_optimizer_adapter/package.dsv'
[4.717s] INFO:colcon.colcon_core.shell:Creating package script '/home/jone/ws_moveit/install/moveit_chomp_optimizer_adapter/share/moveit_chomp_optimizer_adapter/package.sh'
[4.717s] INFO:colcon.colcon_core.shell:Creating package script '/home/jone/ws_moveit/install/moveit_chomp_optimizer_adapter/share/moveit_chomp_optimizer_adapter/package.bash'
[4.718s] INFO:colcon.colcon_core.shell:Creating package script '/home/jone/ws_moveit/install/moveit_chomp_optimizer_adapter/share/moveit_chomp_optimizer_adapter/package.zsh'
[4.718s] Level 1:colcon.colcon_core.environment:create_file_with_runtime_dependencies(/home/jone/ws_moveit/install/moveit_chomp_optimizer_adapter/share/colcon-core/packages/moveit_chomp_optimizer_adapter)
[4.718s] Level 1:colcon.colcon_core.environment:create_environment_scripts_only(moveit_chomp_optimizer_adapter)
[4.718s] Level 1:colcon.colcon_core.environment:checking '/home/jone/ws_moveit/install/moveit_chomp_optimizer_adapter' for CMake module files
[4.719s] Level 1:colcon.colcon_core.environment:checking '/home/jone/ws_moveit/install/moveit_chomp_optimizer_adapter' for CMake config files
[4.719s] Level 1:colcon.colcon_core.shell:create_environment_hook('moveit_chomp_optimizer_adapter', 'cmake_prefix_path')
[4.719s] INFO:colcon.colcon_core.shell:Creating environment hook '/home/jone/ws_moveit/install/moveit_chomp_optimizer_adapter/share/moveit_chomp_optimizer_adapter/hook/cmake_prefix_path.ps1'
[4.719s] INFO:colcon.colcon_core.shell:Creating environment descriptor '/home/jone/ws_moveit/install/moveit_chomp_optimizer_adapter/share/moveit_chomp_optimizer_adapter/hook/cmake_prefix_path.dsv'
[4.720s] INFO:colcon.colcon_core.shell:Creating environment hook '/home/jone/ws_moveit/install/moveit_chomp_optimizer_adapter/share/moveit_chomp_optimizer_adapter/hook/cmake_prefix_path.sh'
[4.720s] Level 1:colcon.colcon_core.environment:checking '/home/jone/ws_moveit/install/moveit_chomp_optimizer_adapter/lib'
[4.720s] Level 1:colcon.colcon_core.shell:create_environment_hook('moveit_chomp_optimizer_adapter', 'ld_library_path_lib')
[4.720s] INFO:colcon.colcon_core.shell:Creating environment hook '/home/jone/ws_moveit/install/moveit_chomp_optimizer_adapter/share/moveit_chomp_optimizer_adapter/hook/ld_library_path_lib.ps1'
[4.720s] INFO:colcon.colcon_core.shell:Creating environment descriptor '/home/jone/ws_moveit/install/moveit_chomp_optimizer_adapter/share/moveit_chomp_optimizer_adapter/hook/ld_library_path_lib.dsv'
[4.721s] INFO:colcon.colcon_core.shell:Creating environment hook '/home/jone/ws_moveit/install/moveit_chomp_optimizer_adapter/share/moveit_chomp_optimizer_adapter/hook/ld_library_path_lib.sh'
[4.721s] Level 1:colcon.colcon_core.environment:checking '/home/jone/ws_moveit/install/moveit_chomp_optimizer_adapter/bin'
[4.721s] Level 1:colcon.colcon_core.environment:checking '/home/jone/ws_moveit/install/moveit_chomp_optimizer_adapter/lib/pkgconfig/moveit_chomp_optimizer_adapter.pc'
[4.721s] Level 1:colcon.colcon_core.environment:checking '/home/jone/ws_moveit/install/moveit_chomp_optimizer_adapter/lib/python3.10/site-packages'
[4.721s] Level 1:colcon.colcon_core.environment:checking '/home/jone/ws_moveit/install/moveit_chomp_optimizer_adapter/bin'
[4.721s] INFO:colcon.colcon_core.shell:Creating package script '/home/jone/ws_moveit/install/moveit_chomp_optimizer_adapter/share/moveit_chomp_optimizer_adapter/package.ps1'
[4.722s] INFO:colcon.colcon_core.shell:Creating package descriptor '/home/jone/ws_moveit/install/moveit_chomp_optimizer_adapter/share/moveit_chomp_optimizer_adapter/package.dsv'
[4.722s] INFO:colcon.colcon_core.shell:Creating package script '/home/jone/ws_moveit/install/moveit_chomp_optimizer_adapter/share/moveit_chomp_optimizer_adapter/package.sh'
[4.722s] INFO:colcon.colcon_core.shell:Creating package script '/home/jone/ws_moveit/install/moveit_chomp_optimizer_adapter/share/moveit_chomp_optimizer_adapter/package.bash'
[4.723s] INFO:colcon.colcon_core.shell:Creating package script '/home/jone/ws_moveit/install/moveit_chomp_optimizer_adapter/share/moveit_chomp_optimizer_adapter/package.zsh'
[4.723s] Level 1:colcon.colcon_core.environment:create_file_with_runtime_dependencies(/home/jone/ws_moveit/install/moveit_chomp_optimizer_adapter/share/colcon-core/packages/moveit_chomp_optimizer_adapter)
[4.723s] DEBUG:colcon.colcon_core.executor.sequential:run_until_complete 'moveit_chomp_optimizer_adapter' finished with '0'
[4.723s] DEBUG:colcon.colcon_core.executor.sequential:run_until_complete 'moveit_planners_chomp'
[4.723s] INFO:colcon.colcon_ros.task.ament_cmake.build:Building ROS package in '/home/jone/ws_moveit/src/moveit2/moveit_planners/chomp/chomp_interface' with build type 'ament_cmake'
[4.723s] INFO:colcon.colcon_cmake.task.cmake.build:Building CMake package in '/home/jone/ws_moveit/src/moveit2/moveit_planners/chomp/chomp_interface'
[4.723s] INFO:colcon.colcon_core.shell:Skip shell extension 'powershell' for command environment: Not usable outside of PowerShell
[4.724s] DEBUG:colcon.colcon_core.shell:Skip shell extension 'dsv' for command environment
[4.738s] DEBUG:colcon.colcon_core.event_handler.log_command:Invoking command in '/home/jone/ws_moveit/build/moveit_planners_chomp': AMENT_PREFIX_PATH=/home/jone/ws_moveit/install/chomp_motion_planner:/home/jone/ws_moveit/install/moveit_core:/home/jone/ws_moveit/install/moveit_resources_panda_moveit_config:/home/jone/ws_moveit/install/srdfdom:/home/jone/ws_moveit/install/moveit_resources_pr2_description:/home/jone/ws_moveit/install/moveit_resources_panda_description:/home/jone/ws_moveit/install/moveit_common:${AMENT_PREFIX_PATH} CMAKE_PREFIX_PATH=/home/jone/ws_moveit/install/chomp_motion_planner:/home/jone/ws_moveit/install/moveit_core:/home/jone/ws_moveit/install/moveit_resources_panda_moveit_config:/home/jone/ws_moveit/install/srdfdom:/home/jone/ws_moveit/install/moveit_resources_pr2_description:/home/jone/ws_moveit/install/moveit_resources_panda_description:/home/jone/ws_moveit/install/moveit_common:/opt/ros/humble LD_LIBRARY_PATH=/home/jone/ws_moveit/install/chomp_motion_planner/lib:/home/jone/ws_moveit/install/moveit_core/lib:/home/jone/ws_moveit/install/srdfdom/lib:/opt/ros/humble/opt/rviz_ogre_vendor/lib:/opt/ros/humble/lib/x86_64-linux-gnu:/opt/ros/humble/lib:/usr/lib/x86_64-linux-gnu/gazebo-11/plugins:/usr/lib/x86_64-linux-gnu/gazebo-11/plugins:/usr/lib/x86_64-linux-gnu/gazebo-11/plugins PATH=/home/jone/ws_moveit/install/moveit_core/bin:${PATH} PYTHONPATH=/home/jone/ws_moveit/install/srdfdom/local/lib/python3.10/dist-packages:${PYTHONPATH} /usr/bin/cmake --build /home/jone/ws_moveit/build/moveit_planners_chomp -- -j16 -l16
[4.837s] DEBUG:colcon.colcon_core.event_handler.log_command:Invoked command in '/home/jone/ws_moveit/build/moveit_planners_chomp' returned '0': AMENT_PREFIX_PATH=/home/jone/ws_moveit/install/chomp_motion_planner:/home/jone/ws_moveit/install/moveit_core:/home/jone/ws_moveit/install/moveit_resources_panda_moveit_config:/home/jone/ws_moveit/install/srdfdom:/home/jone/ws_moveit/install/moveit_resources_pr2_description:/home/jone/ws_moveit/install/moveit_resources_panda_description:/home/jone/ws_moveit/install/moveit_common:${AMENT_PREFIX_PATH} CMAKE_PREFIX_PATH=/home/jone/ws_moveit/install/chomp_motion_planner:/home/jone/ws_moveit/install/moveit_core:/home/jone/ws_moveit/install/moveit_resources_panda_moveit_config:/home/jone/ws_moveit/install/srdfdom:/home/jone/ws_moveit/install/moveit_resources_pr2_description:/home/jone/ws_moveit/install/moveit_resources_panda_description:/home/jone/ws_moveit/install/moveit_common:/opt/ros/humble LD_LIBRARY_PATH=/home/jone/ws_moveit/install/chomp_motion_planner/lib:/home/jone/ws_moveit/install/moveit_core/lib:/home/jone/ws_moveit/install/srdfdom/lib:/opt/ros/humble/opt/rviz_ogre_vendor/lib:/opt/ros/humble/lib/x86_64-linux-gnu:/opt/ros/humble/lib:/usr/lib/x86_64-linux-gnu/gazebo-11/plugins:/usr/lib/x86_64-linux-gnu/gazebo-11/plugins:/usr/lib/x86_64-linux-gnu/gazebo-11/plugins PATH=/home/jone/ws_moveit/install/moveit_core/bin:${PATH} PYTHONPATH=/home/jone/ws_moveit/install/srdfdom/local/lib/python3.10/dist-packages:${PYTHONPATH} /usr/bin/cmake --build /home/jone/ws_moveit/build/moveit_planners_chomp -- -j16 -l16
[4.839s] DEBUG:colcon.colcon_core.event_handler.log_command:Invoking command in '/home/jone/ws_moveit/build/moveit_planners_chomp': AMENT_PREFIX_PATH=/home/jone/ws_moveit/install/chomp_motion_planner:/home/jone/ws_moveit/install/moveit_core:/home/jone/ws_moveit/install/moveit_resources_panda_moveit_config:/home/jone/ws_moveit/install/srdfdom:/home/jone/ws_moveit/install/moveit_resources_pr2_description:/home/jone/ws_moveit/install/moveit_resources_panda_description:/home/jone/ws_moveit/install/moveit_common:${AMENT_PREFIX_PATH} CMAKE_PREFIX_PATH=/home/jone/ws_moveit/install/chomp_motion_planner:/home/jone/ws_moveit/install/moveit_core:/home/jone/ws_moveit/install/moveit_resources_panda_moveit_config:/home/jone/ws_moveit/install/srdfdom:/home/jone/ws_moveit/install/moveit_resources_pr2_description:/home/jone/ws_moveit/install/moveit_resources_panda_description:/home/jone/ws_moveit/install/moveit_common:/opt/ros/humble LD_LIBRARY_PATH=/home/jone/ws_moveit/install/chomp_motion_planner/lib:/home/jone/ws_moveit/install/moveit_core/lib:/home/jone/ws_moveit/install/srdfdom/lib:/opt/ros/humble/opt/rviz_ogre_vendor/lib:/opt/ros/humble/lib/x86_64-linux-gnu:/opt/ros/humble/lib:/usr/lib/x86_64-linux-gnu/gazebo-11/plugins:/usr/lib/x86_64-linux-gnu/gazebo-11/plugins:/usr/lib/x86_64-linux-gnu/gazebo-11/plugins PATH=/home/jone/ws_moveit/install/moveit_core/bin:${PATH} PYTHONPATH=/home/jone/ws_moveit/install/srdfdom/local/lib/python3.10/dist-packages:${PYTHONPATH} /usr/bin/cmake --install /home/jone/ws_moveit/build/moveit_planners_chomp
[4.850s] Level 1:colcon.colcon_core.environment:create_environment_scripts_only(moveit_planners_chomp)
[4.850s] Level 1:colcon.colcon_core.environment:checking '/home/jone/ws_moveit/install/moveit_planners_chomp' for CMake module files
[4.850s] DEBUG:colcon.colcon_core.event_handler.log_command:Invoked command in '/home/jone/ws_moveit/build/moveit_planners_chomp' returned '0': AMENT_PREFIX_PATH=/home/jone/ws_moveit/install/chomp_motion_planner:/home/jone/ws_moveit/install/moveit_core:/home/jone/ws_moveit/install/moveit_resources_panda_moveit_config:/home/jone/ws_moveit/install/srdfdom:/home/jone/ws_moveit/install/moveit_resources_pr2_description:/home/jone/ws_moveit/install/moveit_resources_panda_description:/home/jone/ws_moveit/install/moveit_common:${AMENT_PREFIX_PATH} CMAKE_PREFIX_PATH=/home/jone/ws_moveit/install/chomp_motion_planner:/home/jone/ws_moveit/install/moveit_core:/home/jone/ws_moveit/install/moveit_resources_panda_moveit_config:/home/jone/ws_moveit/install/srdfdom:/home/jone/ws_moveit/install/moveit_resources_pr2_description:/home/jone/ws_moveit/install/moveit_resources_panda_description:/home/jone/ws_moveit/install/moveit_common:/opt/ros/humble LD_LIBRARY_PATH=/home/jone/ws_moveit/install/chomp_motion_planner/lib:/home/jone/ws_moveit/install/moveit_core/lib:/home/jone/ws_moveit/install/srdfdom/lib:/opt/ros/humble/opt/rviz_ogre_vendor/lib:/opt/ros/humble/lib/x86_64-linux-gnu:/opt/ros/humble/lib:/usr/lib/x86_64-linux-gnu/gazebo-11/plugins:/usr/lib/x86_64-linux-gnu/gazebo-11/plugins:/usr/lib/x86_64-linux-gnu/gazebo-11/plugins PATH=/home/jone/ws_moveit/install/moveit_core/bin:${PATH} PYTHONPATH=/home/jone/ws_moveit/install/srdfdom/local/lib/python3.10/dist-packages:${PYTHONPATH} /usr/bin/cmake --install /home/jone/ws_moveit/build/moveit_planners_chomp
[4.851s] Level 1:colcon.colcon_core.environment:checking '/home/jone/ws_moveit/install/moveit_planners_chomp' for CMake config files
[4.851s] Level 1:colcon.colcon_core.shell:create_environment_hook('moveit_planners_chomp', 'cmake_prefix_path')
[4.851s] INFO:colcon.colcon_core.shell:Creating environment hook '/home/jone/ws_moveit/install/moveit_planners_chomp/share/moveit_planners_chomp/hook/cmake_prefix_path.ps1'
[4.852s] INFO:colcon.colcon_core.shell:Creating environment descriptor '/home/jone/ws_moveit/install/moveit_planners_chomp/share/moveit_planners_chomp/hook/cmake_prefix_path.dsv'
[4.852s] INFO:colcon.colcon_core.shell:Creating environment hook '/home/jone/ws_moveit/install/moveit_planners_chomp/share/moveit_planners_chomp/hook/cmake_prefix_path.sh'
[4.852s] Level 1:colcon.colcon_core.environment:checking '/home/jone/ws_moveit/install/moveit_planners_chomp/lib'
[4.852s] Level 1:colcon.colcon_core.shell:create_environment_hook('moveit_planners_chomp', 'ld_library_path_lib')
[4.852s] INFO:colcon.colcon_core.shell:Creating environment hook '/home/jone/ws_moveit/install/moveit_planners_chomp/share/moveit_planners_chomp/hook/ld_library_path_lib.ps1'
[4.853s] INFO:colcon.colcon_core.shell:Creating environment descriptor '/home/jone/ws_moveit/install/moveit_planners_chomp/share/moveit_planners_chomp/hook/ld_library_path_lib.dsv'
[4.853s] INFO:colcon.colcon_core.shell:Creating environment hook '/home/jone/ws_moveit/install/moveit_planners_chomp/share/moveit_planners_chomp/hook/ld_library_path_lib.sh'
[4.853s] Level 1:colcon.colcon_core.environment:checking '/home/jone/ws_moveit/install/moveit_planners_chomp/bin'
[4.853s] Level 1:colcon.colcon_core.environment:checking '/home/jone/ws_moveit/install/moveit_planners_chomp/lib/pkgconfig/moveit_planners_chomp.pc'
[4.853s] Level 1:colcon.colcon_core.environment:checking '/home/jone/ws_moveit/install/moveit_planners_chomp/lib/python3.10/site-packages'
[4.854s] Level 1:colcon.colcon_core.environment:checking '/home/jone/ws_moveit/install/moveit_planners_chomp/bin'
[4.854s] INFO:colcon.colcon_core.shell:Creating package script '/home/jone/ws_moveit/install/moveit_planners_chomp/share/moveit_planners_chomp/package.ps1'
[4.854s] INFO:colcon.colcon_core.shell:Creating package descriptor '/home/jone/ws_moveit/install/moveit_planners_chomp/share/moveit_planners_chomp/package.dsv'
[4.854s] INFO:colcon.colcon_core.shell:Creating package script '/home/jone/ws_moveit/install/moveit_planners_chomp/share/moveit_planners_chomp/package.sh'
[4.855s] INFO:colcon.colcon_core.shell:Creating package script '/home/jone/ws_moveit/install/moveit_planners_chomp/share/moveit_planners_chomp/package.bash'
[4.855s] INFO:colcon.colcon_core.shell:Creating package script '/home/jone/ws_moveit/install/moveit_planners_chomp/share/moveit_planners_chomp/package.zsh'
[4.855s] Level 1:colcon.colcon_core.environment:create_file_with_runtime_dependencies(/home/jone/ws_moveit/install/moveit_planners_chomp/share/colcon-core/packages/moveit_planners_chomp)
[4.856s] Level 1:colcon.colcon_core.environment:create_environment_scripts_only(moveit_planners_chomp)
[4.856s] Level 1:colcon.colcon_core.environment:checking '/home/jone/ws_moveit/install/moveit_planners_chomp' for CMake module files
[4.856s] Level 1:colcon.colcon_core.environment:checking '/home/jone/ws_moveit/install/moveit_planners_chomp' for CMake config files
[4.856s] Level 1:colcon.colcon_core.shell:create_environment_hook('moveit_planners_chomp', 'cmake_prefix_path')
[4.857s] INFO:colcon.colcon_core.shell:Creating environment hook '/home/jone/ws_moveit/install/moveit_planners_chomp/share/moveit_planners_chomp/hook/cmake_prefix_path.ps1'
[4.857s] INFO:colcon.colcon_core.shell:Creating environment descriptor '/home/jone/ws_moveit/install/moveit_planners_chomp/share/moveit_planners_chomp/hook/cmake_prefix_path.dsv'
[4.857s] INFO:colcon.colcon_core.shell:Creating environment hook '/home/jone/ws_moveit/install/moveit_planners_chomp/share/moveit_planners_chomp/hook/cmake_prefix_path.sh'
[4.857s] Level 1:colcon.colcon_core.environment:checking '/home/jone/ws_moveit/install/moveit_planners_chomp/lib'
[4.857s] Level 1:colcon.colcon_core.shell:create_environment_hook('moveit_planners_chomp', 'ld_library_path_lib')
[4.858s] INFO:colcon.colcon_core.shell:Creating environment hook '/home/jone/ws_moveit/install/moveit_planners_chomp/share/moveit_planners_chomp/hook/ld_library_path_lib.ps1'
[4.858s] INFO:colcon.colcon_core.shell:Creating environment descriptor '/home/jone/ws_moveit/install/moveit_planners_chomp/share/moveit_planners_chomp/hook/ld_library_path_lib.dsv'
[4.858s] INFO:colcon.colcon_core.shell:Creating environment hook '/home/jone/ws_moveit/install/moveit_planners_chomp/share/moveit_planners_chomp/hook/ld_library_path_lib.sh'
[4.858s] Level 1:colcon.colcon_core.environment:checking '/home/jone/ws_moveit/install/moveit_planners_chomp/bin'
[4.858s] Level 1:colcon.colcon_core.environment:checking '/home/jone/ws_moveit/install/moveit_planners_chomp/lib/pkgconfig/moveit_planners_chomp.pc'
[4.859s] Level 1:colcon.colcon_core.environment:checking '/home/jone/ws_moveit/install/moveit_planners_chomp/lib/python3.10/site-packages'
[4.859s] Level 1:colcon.colcon_core.environment:checking '/home/jone/ws_moveit/install/moveit_planners_chomp/bin'
[4.859s] INFO:colcon.colcon_core.shell:Creating package script '/home/jone/ws_moveit/install/moveit_planners_chomp/share/moveit_planners_chomp/package.ps1'
[4.859s] INFO:colcon.colcon_core.shell:Creating package descriptor '/home/jone/ws_moveit/install/moveit_planners_chomp/share/moveit_planners_chomp/package.dsv'
[4.860s] INFO:colcon.colcon_core.shell:Creating package script '/home/jone/ws_moveit/install/moveit_planners_chomp/share/moveit_planners_chomp/package.sh'
[4.860s] INFO:colcon.colcon_core.shell:Creating package script '/home/jone/ws_moveit/install/moveit_planners_chomp/share/moveit_planners_chomp/package.bash'
[4.860s] INFO:colcon.colcon_core.shell:Creating package script '/home/jone/ws_moveit/install/moveit_planners_chomp/share/moveit_planners_chomp/package.zsh'
[4.861s] Level 1:colcon.colcon_core.environment:create_file_with_runtime_dependencies(/home/jone/ws_moveit/install/moveit_planners_chomp/share/colcon-core/packages/moveit_planners_chomp)
[4.861s] DEBUG:colcon.colcon_core.executor.sequential:run_until_complete 'moveit_planners_chomp' finished with '0'
[4.861s] DEBUG:colcon.colcon_core.executor.sequential:run_until_complete 'moveit_plugins'
[4.861s] INFO:colcon.colcon_ros.task.ament_cmake.build:Building ROS package in '/home/jone/ws_moveit/src/moveit2/moveit_plugins/moveit_plugins' with build type 'ament_cmake'
[4.861s] INFO:colcon.colcon_cmake.task.cmake.build:Building CMake package in '/home/jone/ws_moveit/src/moveit2/moveit_plugins/moveit_plugins'
[4.861s] INFO:colcon.colcon_core.shell:Skip shell extension 'powershell' for command environment: Not usable outside of PowerShell
[4.861s] DEBUG:colcon.colcon_core.shell:Skip shell extension 'dsv' for command environment
[4.876s] DEBUG:colcon.colcon_core.event_handler.log_command:Invoking command in '/home/jone/ws_moveit/build/moveit_plugins': AMENT_PREFIX_PATH=/home/jone/ws_moveit/install/moveit_simple_controller_manager:/home/jone/ws_moveit/install/moveit_core:/home/jone/ws_moveit/install/moveit_resources_panda_moveit_config:/home/jone/ws_moveit/install/srdfdom:/home/jone/ws_moveit/install/moveit_resources_pr2_description:/home/jone/ws_moveit/install/moveit_resources_panda_description:/home/jone/ws_moveit/install/moveit_common:${AMENT_PREFIX_PATH} CMAKE_PREFIX_PATH=/home/jone/ws_moveit/install/moveit_simple_controller_manager:/home/jone/ws_moveit/install/moveit_core:/home/jone/ws_moveit/install/moveit_resources_panda_moveit_config:/home/jone/ws_moveit/install/srdfdom:/home/jone/ws_moveit/install/moveit_resources_pr2_description:/home/jone/ws_moveit/install/moveit_resources_panda_description:/home/jone/ws_moveit/install/moveit_common:/opt/ros/humble LD_LIBRARY_PATH=/home/jone/ws_moveit/install/moveit_simple_controller_manager/lib:/home/jone/ws_moveit/install/moveit_core/lib:/home/jone/ws_moveit/install/srdfdom/lib:/opt/ros/humble/opt/rviz_ogre_vendor/lib:/opt/ros/humble/lib/x86_64-linux-gnu:/opt/ros/humble/lib:/usr/lib/x86_64-linux-gnu/gazebo-11/plugins:/usr/lib/x86_64-linux-gnu/gazebo-11/plugins:/usr/lib/x86_64-linux-gnu/gazebo-11/plugins PATH=/home/jone/ws_moveit/install/moveit_core/bin:${PATH} PYTHONPATH=/home/jone/ws_moveit/install/srdfdom/local/lib/python3.10/dist-packages:${PYTHONPATH} /usr/bin/cmake --build /home/jone/ws_moveit/build/moveit_plugins -- -j16 -l16
[4.910s] DEBUG:colcon.colcon_core.event_handler.log_command:Invoked command in '/home/jone/ws_moveit/build/moveit_plugins' returned '0': AMENT_PREFIX_PATH=/home/jone/ws_moveit/install/moveit_simple_controller_manager:/home/jone/ws_moveit/install/moveit_core:/home/jone/ws_moveit/install/moveit_resources_panda_moveit_config:/home/jone/ws_moveit/install/srdfdom:/home/jone/ws_moveit/install/moveit_resources_pr2_description:/home/jone/ws_moveit/install/moveit_resources_panda_description:/home/jone/ws_moveit/install/moveit_common:${AMENT_PREFIX_PATH} CMAKE_PREFIX_PATH=/home/jone/ws_moveit/install/moveit_simple_controller_manager:/home/jone/ws_moveit/install/moveit_core:/home/jone/ws_moveit/install/moveit_resources_panda_moveit_config:/home/jone/ws_moveit/install/srdfdom:/home/jone/ws_moveit/install/moveit_resources_pr2_description:/home/jone/ws_moveit/install/moveit_resources_panda_description:/home/jone/ws_moveit/install/moveit_common:/opt/ros/humble LD_LIBRARY_PATH=/home/jone/ws_moveit/install/moveit_simple_controller_manager/lib:/home/jone/ws_moveit/install/moveit_core/lib:/home/jone/ws_moveit/install/srdfdom/lib:/opt/ros/humble/opt/rviz_ogre_vendor/lib:/opt/ros/humble/lib/x86_64-linux-gnu:/opt/ros/humble/lib:/usr/lib/x86_64-linux-gnu/gazebo-11/plugins:/usr/lib/x86_64-linux-gnu/gazebo-11/plugins:/usr/lib/x86_64-linux-gnu/gazebo-11/plugins PATH=/home/jone/ws_moveit/install/moveit_core/bin:${PATH} PYTHONPATH=/home/jone/ws_moveit/install/srdfdom/local/lib/python3.10/dist-packages:${PYTHONPATH} /usr/bin/cmake --build /home/jone/ws_moveit/build/moveit_plugins -- -j16 -l16
[4.911s] DEBUG:colcon.colcon_core.event_handler.log_command:Invoking command in '/home/jone/ws_moveit/build/moveit_plugins': AMENT_PREFIX_PATH=/home/jone/ws_moveit/install/moveit_simple_controller_manager:/home/jone/ws_moveit/install/moveit_core:/home/jone/ws_moveit/install/moveit_resources_panda_moveit_config:/home/jone/ws_moveit/install/srdfdom:/home/jone/ws_moveit/install/moveit_resources_pr2_description:/home/jone/ws_moveit/install/moveit_resources_panda_description:/home/jone/ws_moveit/install/moveit_common:${AMENT_PREFIX_PATH} CMAKE_PREFIX_PATH=/home/jone/ws_moveit/install/moveit_simple_controller_manager:/home/jone/ws_moveit/install/moveit_core:/home/jone/ws_moveit/install/moveit_resources_panda_moveit_config:/home/jone/ws_moveit/install/srdfdom:/home/jone/ws_moveit/install/moveit_resources_pr2_description:/home/jone/ws_moveit/install/moveit_resources_panda_description:/home/jone/ws_moveit/install/moveit_common:/opt/ros/humble LD_LIBRARY_PATH=/home/jone/ws_moveit/install/moveit_simple_controller_manager/lib:/home/jone/ws_moveit/install/moveit_core/lib:/home/jone/ws_moveit/install/srdfdom/lib:/opt/ros/humble/opt/rviz_ogre_vendor/lib:/opt/ros/humble/lib/x86_64-linux-gnu:/opt/ros/humble/lib:/usr/lib/x86_64-linux-gnu/gazebo-11/plugins:/usr/lib/x86_64-linux-gnu/gazebo-11/plugins:/usr/lib/x86_64-linux-gnu/gazebo-11/plugins PATH=/home/jone/ws_moveit/install/moveit_core/bin:${PATH} PYTHONPATH=/home/jone/ws_moveit/install/srdfdom/local/lib/python3.10/dist-packages:${PYTHONPATH} /usr/bin/cmake --install /home/jone/ws_moveit/build/moveit_plugins
[4.921s] Level 1:colcon.colcon_core.environment:create_environment_scripts_only(moveit_plugins)
[4.921s] DEBUG:colcon.colcon_core.event_handler.log_command:Invoked command in '/home/jone/ws_moveit/build/moveit_plugins' returned '0': AMENT_PREFIX_PATH=/home/jone/ws_moveit/install/moveit_simple_controller_manager:/home/jone/ws_moveit/install/moveit_core:/home/jone/ws_moveit/install/moveit_resources_panda_moveit_config:/home/jone/ws_moveit/install/srdfdom:/home/jone/ws_moveit/install/moveit_resources_pr2_description:/home/jone/ws_moveit/install/moveit_resources_panda_description:/home/jone/ws_moveit/install/moveit_common:${AMENT_PREFIX_PATH} CMAKE_PREFIX_PATH=/home/jone/ws_moveit/install/moveit_simple_controller_manager:/home/jone/ws_moveit/install/moveit_core:/home/jone/ws_moveit/install/moveit_resources_panda_moveit_config:/home/jone/ws_moveit/install/srdfdom:/home/jone/ws_moveit/install/moveit_resources_pr2_description:/home/jone/ws_moveit/install/moveit_resources_panda_description:/home/jone/ws_moveit/install/moveit_common:/opt/ros/humble LD_LIBRARY_PATH=/home/jone/ws_moveit/install/moveit_simple_controller_manager/lib:/home/jone/ws_moveit/install/moveit_core/lib:/home/jone/ws_moveit/install/srdfdom/lib:/opt/ros/humble/opt/rviz_ogre_vendor/lib:/opt/ros/humble/lib/x86_64-linux-gnu:/opt/ros/humble/lib:/usr/lib/x86_64-linux-gnu/gazebo-11/plugins:/usr/lib/x86_64-linux-gnu/gazebo-11/plugins:/usr/lib/x86_64-linux-gnu/gazebo-11/plugins PATH=/home/jone/ws_moveit/install/moveit_core/bin:${PATH} PYTHONPATH=/home/jone/ws_moveit/install/srdfdom/local/lib/python3.10/dist-packages:${PYTHONPATH} /usr/bin/cmake --install /home/jone/ws_moveit/build/moveit_plugins
[4.921s] Level 1:colcon.colcon_core.environment:checking '/home/jone/ws_moveit/install/moveit_plugins' for CMake module files
[4.922s] Level 1:colcon.colcon_core.environment:checking '/home/jone/ws_moveit/install/moveit_plugins' for CMake config files
[4.922s] Level 1:colcon.colcon_core.shell:create_environment_hook('moveit_plugins', 'cmake_prefix_path')
[4.922s] INFO:colcon.colcon_core.shell:Creating environment hook '/home/jone/ws_moveit/install/moveit_plugins/share/moveit_plugins/hook/cmake_prefix_path.ps1'
[4.922s] INFO:colcon.colcon_core.shell:Creating environment descriptor '/home/jone/ws_moveit/install/moveit_plugins/share/moveit_plugins/hook/cmake_prefix_path.dsv'
[4.922s] INFO:colcon.colcon_core.shell:Creating environment hook '/home/jone/ws_moveit/install/moveit_plugins/share/moveit_plugins/hook/cmake_prefix_path.sh'
[4.923s] Level 1:colcon.colcon_core.environment:checking '/home/jone/ws_moveit/install/moveit_plugins/bin'
[4.923s] Level 1:colcon.colcon_core.environment:checking '/home/jone/ws_moveit/install/moveit_plugins/lib/pkgconfig/moveit_plugins.pc'
[4.923s] Level 1:colcon.colcon_core.environment:checking '/home/jone/ws_moveit/install/moveit_plugins/lib/python3.10/site-packages'
[4.923s] Level 1:colcon.colcon_core.environment:checking '/home/jone/ws_moveit/install/moveit_plugins/bin'
[4.923s] INFO:colcon.colcon_core.shell:Creating package script '/home/jone/ws_moveit/install/moveit_plugins/share/moveit_plugins/package.ps1'
[4.924s] INFO:colcon.colcon_core.shell:Creating package descriptor '/home/jone/ws_moveit/install/moveit_plugins/share/moveit_plugins/package.dsv'
[4.924s] INFO:colcon.colcon_core.shell:Creating package script '/home/jone/ws_moveit/install/moveit_plugins/share/moveit_plugins/package.sh'
[4.924s] INFO:colcon.colcon_core.shell:Creating package script '/home/jone/ws_moveit/install/moveit_plugins/share/moveit_plugins/package.bash'
[4.925s] INFO:colcon.colcon_core.shell:Creating package script '/home/jone/ws_moveit/install/moveit_plugins/share/moveit_plugins/package.zsh'
[4.925s] Level 1:colcon.colcon_core.environment:create_file_with_runtime_dependencies(/home/jone/ws_moveit/install/moveit_plugins/share/colcon-core/packages/moveit_plugins)
[4.925s] Level 1:colcon.colcon_core.environment:create_environment_scripts_only(moveit_plugins)
[4.925s] Level 1:colcon.colcon_core.environment:checking '/home/jone/ws_moveit/install/moveit_plugins' for CMake module files
[4.926s] Level 1:colcon.colcon_core.environment:checking '/home/jone/ws_moveit/install/moveit_plugins' for CMake config files
[4.926s] Level 1:colcon.colcon_core.shell:create_environment_hook('moveit_plugins', 'cmake_prefix_path')
[4.926s] INFO:colcon.colcon_core.shell:Creating environment hook '/home/jone/ws_moveit/install/moveit_plugins/share/moveit_plugins/hook/cmake_prefix_path.ps1'
[4.926s] INFO:colcon.colcon_core.shell:Creating environment descriptor '/home/jone/ws_moveit/install/moveit_plugins/share/moveit_plugins/hook/cmake_prefix_path.dsv'
[4.927s] INFO:colcon.colcon_core.shell:Creating environment hook '/home/jone/ws_moveit/install/moveit_plugins/share/moveit_plugins/hook/cmake_prefix_path.sh'
[4.927s] Level 1:colcon.colcon_core.environment:checking '/home/jone/ws_moveit/install/moveit_plugins/bin'
[4.927s] Level 1:colcon.colcon_core.environment:checking '/home/jone/ws_moveit/install/moveit_plugins/lib/pkgconfig/moveit_plugins.pc'
[4.927s] Level 1:colcon.colcon_core.environment:checking '/home/jone/ws_moveit/install/moveit_plugins/lib/python3.10/site-packages'
[4.927s] Level 1:colcon.colcon_core.environment:checking '/home/jone/ws_moveit/install/moveit_plugins/bin'
[4.928s] INFO:colcon.colcon_core.shell:Creating package script '/home/jone/ws_moveit/install/moveit_plugins/share/moveit_plugins/package.ps1'
[4.928s] INFO:colcon.colcon_core.shell:Creating package descriptor '/home/jone/ws_moveit/install/moveit_plugins/share/moveit_plugins/package.dsv'
[4.928s] INFO:colcon.colcon_core.shell:Creating package script '/home/jone/ws_moveit/install/moveit_plugins/share/moveit_plugins/package.sh'
[4.929s] INFO:colcon.colcon_core.shell:Creating package script '/home/jone/ws_moveit/install/moveit_plugins/share/moveit_plugins/package.bash'
[4.929s] INFO:colcon.colcon_core.shell:Creating package script '/home/jone/ws_moveit/install/moveit_plugins/share/moveit_plugins/package.zsh'
[4.930s] Level 1:colcon.colcon_core.environment:create_file_with_runtime_dependencies(/home/jone/ws_moveit/install/moveit_plugins/share/colcon-core/packages/moveit_plugins)
[4.930s] DEBUG:colcon.colcon_core.executor.sequential:run_until_complete 'moveit_plugins' finished with '0'
[4.930s] DEBUG:colcon.colcon_core.executor.sequential:run_until_complete 'moveit_ros_control_interface'
[4.930s] INFO:colcon.colcon_ros.task.ament_cmake.build:Building ROS package in '/home/jone/ws_moveit/src/moveit2/moveit_plugins/moveit_ros_control_interface' with build type 'ament_cmake'
[4.930s] INFO:colcon.colcon_cmake.task.cmake.build:Building CMake package in '/home/jone/ws_moveit/src/moveit2/moveit_plugins/moveit_ros_control_interface'
[4.930s] INFO:colcon.colcon_core.shell:Skip shell extension 'powershell' for command environment: Not usable outside of PowerShell
[4.930s] DEBUG:colcon.colcon_core.shell:Skip shell extension 'dsv' for command environment
[4.945s] DEBUG:colcon.colcon_core.event_handler.log_command:Invoking command in '/home/jone/ws_moveit/build/moveit_ros_control_interface': AMENT_PREFIX_PATH=/home/jone/ws_moveit/install/moveit_simple_controller_manager:/home/jone/ws_moveit/install/moveit_core:/home/jone/ws_moveit/install/moveit_resources_panda_moveit_config:/home/jone/ws_moveit/install/srdfdom:/home/jone/ws_moveit/install/moveit_resources_pr2_description:/home/jone/ws_moveit/install/moveit_resources_panda_description:/home/jone/ws_moveit/install/moveit_common:${AMENT_PREFIX_PATH} CMAKE_PREFIX_PATH=/home/jone/ws_moveit/install/moveit_simple_controller_manager:/home/jone/ws_moveit/install/moveit_core:/home/jone/ws_moveit/install/moveit_resources_panda_moveit_config:/home/jone/ws_moveit/install/srdfdom:/home/jone/ws_moveit/install/moveit_resources_pr2_description:/home/jone/ws_moveit/install/moveit_resources_panda_description:/home/jone/ws_moveit/install/moveit_common:/opt/ros/humble LD_LIBRARY_PATH=/home/jone/ws_moveit/install/moveit_simple_controller_manager/lib:/home/jone/ws_moveit/install/moveit_core/lib:/home/jone/ws_moveit/install/srdfdom/lib:/opt/ros/humble/opt/rviz_ogre_vendor/lib:/opt/ros/humble/lib/x86_64-linux-gnu:/opt/ros/humble/lib:/usr/lib/x86_64-linux-gnu/gazebo-11/plugins:/usr/lib/x86_64-linux-gnu/gazebo-11/plugins:/usr/lib/x86_64-linux-gnu/gazebo-11/plugins PATH=/home/jone/ws_moveit/install/moveit_core/bin:${PATH} PYTHONPATH=/home/jone/ws_moveit/install/srdfdom/local/lib/python3.10/dist-packages:${PYTHONPATH} /usr/bin/cmake --build /home/jone/ws_moveit/build/moveit_ros_control_interface -- -j16 -l16
[5.044s] DEBUG:colcon.colcon_core.event_handler.log_command:Invoked command in '/home/jone/ws_moveit/build/moveit_ros_control_interface' returned '0': AMENT_PREFIX_PATH=/home/jone/ws_moveit/install/moveit_simple_controller_manager:/home/jone/ws_moveit/install/moveit_core:/home/jone/ws_moveit/install/moveit_resources_panda_moveit_config:/home/jone/ws_moveit/install/srdfdom:/home/jone/ws_moveit/install/moveit_resources_pr2_description:/home/jone/ws_moveit/install/moveit_resources_panda_description:/home/jone/ws_moveit/install/moveit_common:${AMENT_PREFIX_PATH} CMAKE_PREFIX_PATH=/home/jone/ws_moveit/install/moveit_simple_controller_manager:/home/jone/ws_moveit/install/moveit_core:/home/jone/ws_moveit/install/moveit_resources_panda_moveit_config:/home/jone/ws_moveit/install/srdfdom:/home/jone/ws_moveit/install/moveit_resources_pr2_description:/home/jone/ws_moveit/install/moveit_resources_panda_description:/home/jone/ws_moveit/install/moveit_common:/opt/ros/humble LD_LIBRARY_PATH=/home/jone/ws_moveit/install/moveit_simple_controller_manager/lib:/home/jone/ws_moveit/install/moveit_core/lib:/home/jone/ws_moveit/install/srdfdom/lib:/opt/ros/humble/opt/rviz_ogre_vendor/lib:/opt/ros/humble/lib/x86_64-linux-gnu:/opt/ros/humble/lib:/usr/lib/x86_64-linux-gnu/gazebo-11/plugins:/usr/lib/x86_64-linux-gnu/gazebo-11/plugins:/usr/lib/x86_64-linux-gnu/gazebo-11/plugins PATH=/home/jone/ws_moveit/install/moveit_core/bin:${PATH} PYTHONPATH=/home/jone/ws_moveit/install/srdfdom/local/lib/python3.10/dist-packages:${PYTHONPATH} /usr/bin/cmake --build /home/jone/ws_moveit/build/moveit_ros_control_interface -- -j16 -l16
[5.046s] DEBUG:colcon.colcon_core.event_handler.log_command:Invoking command in '/home/jone/ws_moveit/build/moveit_ros_control_interface': AMENT_PREFIX_PATH=/home/jone/ws_moveit/install/moveit_simple_controller_manager:/home/jone/ws_moveit/install/moveit_core:/home/jone/ws_moveit/install/moveit_resources_panda_moveit_config:/home/jone/ws_moveit/install/srdfdom:/home/jone/ws_moveit/install/moveit_resources_pr2_description:/home/jone/ws_moveit/install/moveit_resources_panda_description:/home/jone/ws_moveit/install/moveit_common:${AMENT_PREFIX_PATH} CMAKE_PREFIX_PATH=/home/jone/ws_moveit/install/moveit_simple_controller_manager:/home/jone/ws_moveit/install/moveit_core:/home/jone/ws_moveit/install/moveit_resources_panda_moveit_config:/home/jone/ws_moveit/install/srdfdom:/home/jone/ws_moveit/install/moveit_resources_pr2_description:/home/jone/ws_moveit/install/moveit_resources_panda_description:/home/jone/ws_moveit/install/moveit_common:/opt/ros/humble LD_LIBRARY_PATH=/home/jone/ws_moveit/install/moveit_simple_controller_manager/lib:/home/jone/ws_moveit/install/moveit_core/lib:/home/jone/ws_moveit/install/srdfdom/lib:/opt/ros/humble/opt/rviz_ogre_vendor/lib:/opt/ros/humble/lib/x86_64-linux-gnu:/opt/ros/humble/lib:/usr/lib/x86_64-linux-gnu/gazebo-11/plugins:/usr/lib/x86_64-linux-gnu/gazebo-11/plugins:/usr/lib/x86_64-linux-gnu/gazebo-11/plugins PATH=/home/jone/ws_moveit/install/moveit_core/bin:${PATH} PYTHONPATH=/home/jone/ws_moveit/install/srdfdom/local/lib/python3.10/dist-packages:${PYTHONPATH} /usr/bin/cmake --install /home/jone/ws_moveit/build/moveit_ros_control_interface
[5.059s] Level 1:colcon.colcon_core.environment:create_environment_scripts_only(moveit_ros_control_interface)
[5.059s] Level 1:colcon.colcon_core.environment:checking '/home/jone/ws_moveit/install/moveit_ros_control_interface' for CMake module files
[5.059s] DEBUG:colcon.colcon_core.event_handler.log_command:Invoked command in '/home/jone/ws_moveit/build/moveit_ros_control_interface' returned '0': AMENT_PREFIX_PATH=/home/jone/ws_moveit/install/moveit_simple_controller_manager:/home/jone/ws_moveit/install/moveit_core:/home/jone/ws_moveit/install/moveit_resources_panda_moveit_config:/home/jone/ws_moveit/install/srdfdom:/home/jone/ws_moveit/install/moveit_resources_pr2_description:/home/jone/ws_moveit/install/moveit_resources_panda_description:/home/jone/ws_moveit/install/moveit_common:${AMENT_PREFIX_PATH} CMAKE_PREFIX_PATH=/home/jone/ws_moveit/install/moveit_simple_controller_manager:/home/jone/ws_moveit/install/moveit_core:/home/jone/ws_moveit/install/moveit_resources_panda_moveit_config:/home/jone/ws_moveit/install/srdfdom:/home/jone/ws_moveit/install/moveit_resources_pr2_description:/home/jone/ws_moveit/install/moveit_resources_panda_description:/home/jone/ws_moveit/install/moveit_common:/opt/ros/humble LD_LIBRARY_PATH=/home/jone/ws_moveit/install/moveit_simple_controller_manager/lib:/home/jone/ws_moveit/install/moveit_core/lib:/home/jone/ws_moveit/install/srdfdom/lib:/opt/ros/humble/opt/rviz_ogre_vendor/lib:/opt/ros/humble/lib/x86_64-linux-gnu:/opt/ros/humble/lib:/usr/lib/x86_64-linux-gnu/gazebo-11/plugins:/usr/lib/x86_64-linux-gnu/gazebo-11/plugins:/usr/lib/x86_64-linux-gnu/gazebo-11/plugins PATH=/home/jone/ws_moveit/install/moveit_core/bin:${PATH} PYTHONPATH=/home/jone/ws_moveit/install/srdfdom/local/lib/python3.10/dist-packages:${PYTHONPATH} /usr/bin/cmake --install /home/jone/ws_moveit/build/moveit_ros_control_interface
[5.060s] Level 1:colcon.colcon_core.environment:checking '/home/jone/ws_moveit/install/moveit_ros_control_interface' for CMake config files
[5.060s] Level 1:colcon.colcon_core.shell:create_environment_hook('moveit_ros_control_interface', 'cmake_prefix_path')
[5.061s] INFO:colcon.colcon_core.shell:Creating environment hook '/home/jone/ws_moveit/install/moveit_ros_control_interface/share/moveit_ros_control_interface/hook/cmake_prefix_path.ps1'
[5.061s] INFO:colcon.colcon_core.shell:Creating environment descriptor '/home/jone/ws_moveit/install/moveit_ros_control_interface/share/moveit_ros_control_interface/hook/cmake_prefix_path.dsv'
[5.061s] INFO:colcon.colcon_core.shell:Creating environment hook '/home/jone/ws_moveit/install/moveit_ros_control_interface/share/moveit_ros_control_interface/hook/cmake_prefix_path.sh'
[5.062s] Level 1:colcon.colcon_core.environment:checking '/home/jone/ws_moveit/install/moveit_ros_control_interface/lib'
[5.062s] Level 1:colcon.colcon_core.shell:create_environment_hook('moveit_ros_control_interface', 'ld_library_path_lib')
[5.062s] INFO:colcon.colcon_core.shell:Creating environment hook '/home/jone/ws_moveit/install/moveit_ros_control_interface/share/moveit_ros_control_interface/hook/ld_library_path_lib.ps1'
[5.062s] INFO:colcon.colcon_core.shell:Creating environment descriptor '/home/jone/ws_moveit/install/moveit_ros_control_interface/share/moveit_ros_control_interface/hook/ld_library_path_lib.dsv'
[5.062s] INFO:colcon.colcon_core.shell:Creating environment hook '/home/jone/ws_moveit/install/moveit_ros_control_interface/share/moveit_ros_control_interface/hook/ld_library_path_lib.sh'
[5.063s] Level 1:colcon.colcon_core.environment:checking '/home/jone/ws_moveit/install/moveit_ros_control_interface/bin'
[5.063s] Level 1:colcon.colcon_core.environment:checking '/home/jone/ws_moveit/install/moveit_ros_control_interface/lib/pkgconfig/moveit_ros_control_interface.pc'
[5.063s] Level 1:colcon.colcon_core.environment:checking '/home/jone/ws_moveit/install/moveit_ros_control_interface/lib/python3.10/site-packages'
[5.063s] Level 1:colcon.colcon_core.environment:checking '/home/jone/ws_moveit/install/moveit_ros_control_interface/bin'
[5.063s] INFO:colcon.colcon_core.shell:Creating package script '/home/jone/ws_moveit/install/moveit_ros_control_interface/share/moveit_ros_control_interface/package.ps1'
[5.064s] INFO:colcon.colcon_core.shell:Creating package descriptor '/home/jone/ws_moveit/install/moveit_ros_control_interface/share/moveit_ros_control_interface/package.dsv'
[5.064s] INFO:colcon.colcon_core.shell:Creating package script '/home/jone/ws_moveit/install/moveit_ros_control_interface/share/moveit_ros_control_interface/package.sh'
[5.064s] INFO:colcon.colcon_core.shell:Creating package script '/home/jone/ws_moveit/install/moveit_ros_control_interface/share/moveit_ros_control_interface/package.bash'
[5.064s] INFO:colcon.colcon_core.shell:Creating package script '/home/jone/ws_moveit/install/moveit_ros_control_interface/share/moveit_ros_control_interface/package.zsh'
[5.065s] Level 1:colcon.colcon_core.environment:create_file_with_runtime_dependencies(/home/jone/ws_moveit/install/moveit_ros_control_interface/share/colcon-core/packages/moveit_ros_control_interface)
[5.065s] Level 1:colcon.colcon_core.environment:create_environment_scripts_only(moveit_ros_control_interface)
[5.065s] Level 1:colcon.colcon_core.environment:checking '/home/jone/ws_moveit/install/moveit_ros_control_interface' for CMake module files
[5.066s] Level 1:colcon.colcon_core.environment:checking '/home/jone/ws_moveit/install/moveit_ros_control_interface' for CMake config files
[5.066s] Level 1:colcon.colcon_core.shell:create_environment_hook('moveit_ros_control_interface', 'cmake_prefix_path')
[5.066s] INFO:colcon.colcon_core.shell:Creating environment hook '/home/jone/ws_moveit/install/moveit_ros_control_interface/share/moveit_ros_control_interface/hook/cmake_prefix_path.ps1'
[5.066s] INFO:colcon.colcon_core.shell:Creating environment descriptor '/home/jone/ws_moveit/install/moveit_ros_control_interface/share/moveit_ros_control_interface/hook/cmake_prefix_path.dsv'
[5.066s] INFO:colcon.colcon_core.shell:Creating environment hook '/home/jone/ws_moveit/install/moveit_ros_control_interface/share/moveit_ros_control_interface/hook/cmake_prefix_path.sh'
[5.067s] Level 1:colcon.colcon_core.environment:checking '/home/jone/ws_moveit/install/moveit_ros_control_interface/lib'
[5.067s] Level 1:colcon.colcon_core.shell:create_environment_hook('moveit_ros_control_interface', 'ld_library_path_lib')
[5.067s] INFO:colcon.colcon_core.shell:Creating environment hook '/home/jone/ws_moveit/install/moveit_ros_control_interface/share/moveit_ros_control_interface/hook/ld_library_path_lib.ps1'
[5.067s] INFO:colcon.colcon_core.shell:Creating environment descriptor '/home/jone/ws_moveit/install/moveit_ros_control_interface/share/moveit_ros_control_interface/hook/ld_library_path_lib.dsv'
[5.067s] INFO:colcon.colcon_core.shell:Creating environment hook '/home/jone/ws_moveit/install/moveit_ros_control_interface/share/moveit_ros_control_interface/hook/ld_library_path_lib.sh'
[5.068s] Level 1:colcon.colcon_core.environment:checking '/home/jone/ws_moveit/install/moveit_ros_control_interface/bin'
[5.068s] Level 1:colcon.colcon_core.environment:checking '/home/jone/ws_moveit/install/moveit_ros_control_interface/lib/pkgconfig/moveit_ros_control_interface.pc'
[5.068s] Level 1:colcon.colcon_core.environment:checking '/home/jone/ws_moveit/install/moveit_ros_control_interface/lib/python3.10/site-packages'
[5.068s] Level 1:colcon.colcon_core.environment:checking '/home/jone/ws_moveit/install/moveit_ros_control_interface/bin'
[5.068s] INFO:colcon.colcon_core.shell:Creating package script '/home/jone/ws_moveit/install/moveit_ros_control_interface/share/moveit_ros_control_interface/package.ps1'
[5.069s] INFO:colcon.colcon_core.shell:Creating package descriptor '/home/jone/ws_moveit/install/moveit_ros_control_interface/share/moveit_ros_control_interface/package.dsv'
[5.069s] INFO:colcon.colcon_core.shell:Creating package script '/home/jone/ws_moveit/install/moveit_ros_control_interface/share/moveit_ros_control_interface/package.sh'
[5.069s] INFO:colcon.colcon_core.shell:Creating package script '/home/jone/ws_moveit/install/moveit_ros_control_interface/share/moveit_ros_control_interface/package.bash'
[5.070s] INFO:colcon.colcon_core.shell:Creating package script '/home/jone/ws_moveit/install/moveit_ros_control_interface/share/moveit_ros_control_interface/package.zsh'
[5.070s] Level 1:colcon.colcon_core.environment:create_file_with_runtime_dependencies(/home/jone/ws_moveit/install/moveit_ros_control_interface/share/colcon-core/packages/moveit_ros_control_interface)
[5.070s] DEBUG:colcon.colcon_core.executor.sequential:run_until_complete 'moveit_ros_control_interface' finished with '0'
[5.070s] DEBUG:colcon.colcon_core.executor.sequential:run_until_complete 'moveit_ros_planning'
[5.070s] INFO:colcon.colcon_ros.task.ament_cmake.build:Building ROS package in '/home/jone/ws_moveit/src/moveit2/moveit_ros/planning' with build type 'ament_cmake'
[5.070s] INFO:colcon.colcon_cmake.task.cmake.build:Building CMake package in '/home/jone/ws_moveit/src/moveit2/moveit_ros/planning'
[5.070s] INFO:colcon.colcon_core.shell:Skip shell extension 'powershell' for command environment: Not usable outside of PowerShell
[5.070s] DEBUG:colcon.colcon_core.shell:Skip shell extension 'dsv' for command environment
[5.087s] DEBUG:colcon.colcon_core.event_handler.log_command:Invoking command in '/home/jone/ws_moveit/build/moveit_ros_planning': AMENT_PREFIX_PATH=/home/jone/ws_moveit/install/moveit_ros_occupancy_map_monitor:/home/jone/ws_moveit/install/moveit_core:/home/jone/ws_moveit/install/moveit_resources_panda_moveit_config:/home/jone/ws_moveit/install/moveit_configs_utils:/home/jone/ws_moveit/install/srdfdom:/home/jone/ws_moveit/install/moveit_resources_pr2_description:/home/jone/ws_moveit/install/moveit_resources_panda_description:/home/jone/ws_moveit/install/moveit_common:/home/jone/ws_moveit/install/launch_param_builder:${AMENT_PREFIX_PATH} CMAKE_PREFIX_PATH=/home/jone/ws_moveit/install/moveit_ros_occupancy_map_monitor:/home/jone/ws_moveit/install/moveit_core:/home/jone/ws_moveit/install/moveit_resources_panda_moveit_config:/home/jone/ws_moveit/install/srdfdom:/home/jone/ws_moveit/install/moveit_resources_pr2_description:/home/jone/ws_moveit/install/moveit_resources_panda_description:/home/jone/ws_moveit/install/moveit_common:/opt/ros/humble LD_LIBRARY_PATH=/home/jone/ws_moveit/install/moveit_ros_occupancy_map_monitor/lib:/home/jone/ws_moveit/install/moveit_core/lib:/home/jone/ws_moveit/install/srdfdom/lib:/opt/ros/humble/opt/rviz_ogre_vendor/lib:/opt/ros/humble/lib/x86_64-linux-gnu:/opt/ros/humble/lib:/usr/lib/x86_64-linux-gnu/gazebo-11/plugins:/usr/lib/x86_64-linux-gnu/gazebo-11/plugins:/usr/lib/x86_64-linux-gnu/gazebo-11/plugins PATH=/home/jone/ws_moveit/install/moveit_core/bin:${PATH} PYTHONPATH=/home/jone/ws_moveit/install/moveit_configs_utils/lib/python3.10/site-packages:/home/jone/ws_moveit/install/srdfdom/local/lib/python3.10/dist-packages:/home/jone/ws_moveit/install/launch_param_builder/lib/python3.10/site-packages:${PYTHONPATH} /usr/bin/cmake --build /home/jone/ws_moveit/build/moveit_ros_planning -- -j16 -l16
[5.338s] DEBUG:colcon.colcon_core.event_handler.log_command:Invoked command in '/home/jone/ws_moveit/build/moveit_ros_planning' returned '0': AMENT_PREFIX_PATH=/home/jone/ws_moveit/install/moveit_ros_occupancy_map_monitor:/home/jone/ws_moveit/install/moveit_core:/home/jone/ws_moveit/install/moveit_resources_panda_moveit_config:/home/jone/ws_moveit/install/moveit_configs_utils:/home/jone/ws_moveit/install/srdfdom:/home/jone/ws_moveit/install/moveit_resources_pr2_description:/home/jone/ws_moveit/install/moveit_resources_panda_description:/home/jone/ws_moveit/install/moveit_common:/home/jone/ws_moveit/install/launch_param_builder:${AMENT_PREFIX_PATH} CMAKE_PREFIX_PATH=/home/jone/ws_moveit/install/moveit_ros_occupancy_map_monitor:/home/jone/ws_moveit/install/moveit_core:/home/jone/ws_moveit/install/moveit_resources_panda_moveit_config:/home/jone/ws_moveit/install/srdfdom:/home/jone/ws_moveit/install/moveit_resources_pr2_description:/home/jone/ws_moveit/install/moveit_resources_panda_description:/home/jone/ws_moveit/install/moveit_common:/opt/ros/humble LD_LIBRARY_PATH=/home/jone/ws_moveit/install/moveit_ros_occupancy_map_monitor/lib:/home/jone/ws_moveit/install/moveit_core/lib:/home/jone/ws_moveit/install/srdfdom/lib:/opt/ros/humble/opt/rviz_ogre_vendor/lib:/opt/ros/humble/lib/x86_64-linux-gnu:/opt/ros/humble/lib:/usr/lib/x86_64-linux-gnu/gazebo-11/plugins:/usr/lib/x86_64-linux-gnu/gazebo-11/plugins:/usr/lib/x86_64-linux-gnu/gazebo-11/plugins PATH=/home/jone/ws_moveit/install/moveit_core/bin:${PATH} PYTHONPATH=/home/jone/ws_moveit/install/moveit_configs_utils/lib/python3.10/site-packages:/home/jone/ws_moveit/install/srdfdom/local/lib/python3.10/dist-packages:/home/jone/ws_moveit/install/launch_param_builder/lib/python3.10/site-packages:${PYTHONPATH} /usr/bin/cmake --build /home/jone/ws_moveit/build/moveit_ros_planning -- -j16 -l16
[5.339s] DEBUG:colcon.colcon_core.event_handler.log_command:Invoking command in '/home/jone/ws_moveit/build/moveit_ros_planning': AMENT_PREFIX_PATH=/home/jone/ws_moveit/install/moveit_ros_occupancy_map_monitor:/home/jone/ws_moveit/install/moveit_core:/home/jone/ws_moveit/install/moveit_resources_panda_moveit_config:/home/jone/ws_moveit/install/moveit_configs_utils:/home/jone/ws_moveit/install/srdfdom:/home/jone/ws_moveit/install/moveit_resources_pr2_description:/home/jone/ws_moveit/install/moveit_resources_panda_description:/home/jone/ws_moveit/install/moveit_common:/home/jone/ws_moveit/install/launch_param_builder:${AMENT_PREFIX_PATH} CMAKE_PREFIX_PATH=/home/jone/ws_moveit/install/moveit_ros_occupancy_map_monitor:/home/jone/ws_moveit/install/moveit_core:/home/jone/ws_moveit/install/moveit_resources_panda_moveit_config:/home/jone/ws_moveit/install/srdfdom:/home/jone/ws_moveit/install/moveit_resources_pr2_description:/home/jone/ws_moveit/install/moveit_resources_panda_description:/home/jone/ws_moveit/install/moveit_common:/opt/ros/humble LD_LIBRARY_PATH=/home/jone/ws_moveit/install/moveit_ros_occupancy_map_monitor/lib:/home/jone/ws_moveit/install/moveit_core/lib:/home/jone/ws_moveit/install/srdfdom/lib:/opt/ros/humble/opt/rviz_ogre_vendor/lib:/opt/ros/humble/lib/x86_64-linux-gnu:/opt/ros/humble/lib:/usr/lib/x86_64-linux-gnu/gazebo-11/plugins:/usr/lib/x86_64-linux-gnu/gazebo-11/plugins:/usr/lib/x86_64-linux-gnu/gazebo-11/plugins PATH=/home/jone/ws_moveit/install/moveit_core/bin:${PATH} PYTHONPATH=/home/jone/ws_moveit/install/moveit_configs_utils/lib/python3.10/site-packages:/home/jone/ws_moveit/install/srdfdom/local/lib/python3.10/dist-packages:/home/jone/ws_moveit/install/launch_param_builder/lib/python3.10/site-packages:${PYTHONPATH} /usr/bin/cmake --install /home/jone/ws_moveit/build/moveit_ros_planning
[5.362s] Level 1:colcon.colcon_core.environment:create_environment_scripts_only(moveit_ros_planning)
[5.362s] Level 1:colcon.colcon_core.environment:checking '/home/jone/ws_moveit/install/moveit_ros_planning' for CMake module files
[5.362s] DEBUG:colcon.colcon_core.event_handler.log_command:Invoked command in '/home/jone/ws_moveit/build/moveit_ros_planning' returned '0': AMENT_PREFIX_PATH=/home/jone/ws_moveit/install/moveit_ros_occupancy_map_monitor:/home/jone/ws_moveit/install/moveit_core:/home/jone/ws_moveit/install/moveit_resources_panda_moveit_config:/home/jone/ws_moveit/install/moveit_configs_utils:/home/jone/ws_moveit/install/srdfdom:/home/jone/ws_moveit/install/moveit_resources_pr2_description:/home/jone/ws_moveit/install/moveit_resources_panda_description:/home/jone/ws_moveit/install/moveit_common:/home/jone/ws_moveit/install/launch_param_builder:${AMENT_PREFIX_PATH} CMAKE_PREFIX_PATH=/home/jone/ws_moveit/install/moveit_ros_occupancy_map_monitor:/home/jone/ws_moveit/install/moveit_core:/home/jone/ws_moveit/install/moveit_resources_panda_moveit_config:/home/jone/ws_moveit/install/srdfdom:/home/jone/ws_moveit/install/moveit_resources_pr2_description:/home/jone/ws_moveit/install/moveit_resources_panda_description:/home/jone/ws_moveit/install/moveit_common:/opt/ros/humble LD_LIBRARY_PATH=/home/jone/ws_moveit/install/moveit_ros_occupancy_map_monitor/lib:/home/jone/ws_moveit/install/moveit_core/lib:/home/jone/ws_moveit/install/srdfdom/lib:/opt/ros/humble/opt/rviz_ogre_vendor/lib:/opt/ros/humble/lib/x86_64-linux-gnu:/opt/ros/humble/lib:/usr/lib/x86_64-linux-gnu/gazebo-11/plugins:/usr/lib/x86_64-linux-gnu/gazebo-11/plugins:/usr/lib/x86_64-linux-gnu/gazebo-11/plugins PATH=/home/jone/ws_moveit/install/moveit_core/bin:${PATH} PYTHONPATH=/home/jone/ws_moveit/install/moveit_configs_utils/lib/python3.10/site-packages:/home/jone/ws_moveit/install/srdfdom/local/lib/python3.10/dist-packages:/home/jone/ws_moveit/install/launch_param_builder/lib/python3.10/site-packages:${PYTHONPATH} /usr/bin/cmake --install /home/jone/ws_moveit/build/moveit_ros_planning
[5.363s] Level 1:colcon.colcon_core.environment:checking '/home/jone/ws_moveit/install/moveit_ros_planning' for CMake config files
[5.364s] Level 1:colcon.colcon_core.shell:create_environment_hook('moveit_ros_planning', 'cmake_prefix_path')
[5.364s] INFO:colcon.colcon_core.shell:Creating environment hook '/home/jone/ws_moveit/install/moveit_ros_planning/share/moveit_ros_planning/hook/cmake_prefix_path.ps1'
[5.365s] INFO:colcon.colcon_core.shell:Creating environment descriptor '/home/jone/ws_moveit/install/moveit_ros_planning/share/moveit_ros_planning/hook/cmake_prefix_path.dsv'
[5.365s] INFO:colcon.colcon_core.shell:Creating environment hook '/home/jone/ws_moveit/install/moveit_ros_planning/share/moveit_ros_planning/hook/cmake_prefix_path.sh'
[5.365s] Level 1:colcon.colcon_core.environment:checking '/home/jone/ws_moveit/install/moveit_ros_planning/lib'
[5.365s] Level 1:colcon.colcon_core.shell:create_environment_hook('moveit_ros_planning', 'ld_library_path_lib')
[5.366s] INFO:colcon.colcon_core.shell:Creating environment hook '/home/jone/ws_moveit/install/moveit_ros_planning/share/moveit_ros_planning/hook/ld_library_path_lib.ps1'
[5.366s] INFO:colcon.colcon_core.shell:Creating environment descriptor '/home/jone/ws_moveit/install/moveit_ros_planning/share/moveit_ros_planning/hook/ld_library_path_lib.dsv'
[5.366s] INFO:colcon.colcon_core.shell:Creating environment hook '/home/jone/ws_moveit/install/moveit_ros_planning/share/moveit_ros_planning/hook/ld_library_path_lib.sh'
[5.366s] Level 1:colcon.colcon_core.environment:checking '/home/jone/ws_moveit/install/moveit_ros_planning/bin'
[5.366s] Level 1:colcon.colcon_core.environment:checking '/home/jone/ws_moveit/install/moveit_ros_planning/lib/pkgconfig/moveit_ros_planning.pc'
[5.367s] Level 1:colcon.colcon_core.environment:checking '/home/jone/ws_moveit/install/moveit_ros_planning/lib/python3.10/site-packages'
[5.367s] Level 1:colcon.colcon_core.environment:checking '/home/jone/ws_moveit/install/moveit_ros_planning/bin'
[5.367s] INFO:colcon.colcon_core.shell:Creating package script '/home/jone/ws_moveit/install/moveit_ros_planning/share/moveit_ros_planning/package.ps1'
[5.367s] INFO:colcon.colcon_core.shell:Creating package descriptor '/home/jone/ws_moveit/install/moveit_ros_planning/share/moveit_ros_planning/package.dsv'
[5.368s] INFO:colcon.colcon_core.shell:Creating package script '/home/jone/ws_moveit/install/moveit_ros_planning/share/moveit_ros_planning/package.sh'
[5.368s] INFO:colcon.colcon_core.shell:Creating package script '/home/jone/ws_moveit/install/moveit_ros_planning/share/moveit_ros_planning/package.bash'
[5.368s] INFO:colcon.colcon_core.shell:Creating package script '/home/jone/ws_moveit/install/moveit_ros_planning/share/moveit_ros_planning/package.zsh'
[5.369s] Level 1:colcon.colcon_core.environment:create_file_with_runtime_dependencies(/home/jone/ws_moveit/install/moveit_ros_planning/share/colcon-core/packages/moveit_ros_planning)
[5.369s] Level 1:colcon.colcon_core.environment:create_environment_scripts_only(moveit_ros_planning)
[5.369s] Level 1:colcon.colcon_core.environment:checking '/home/jone/ws_moveit/install/moveit_ros_planning' for CMake module files
[5.370s] Level 1:colcon.colcon_core.environment:checking '/home/jone/ws_moveit/install/moveit_ros_planning' for CMake config files
[5.370s] Level 1:colcon.colcon_core.shell:create_environment_hook('moveit_ros_planning', 'cmake_prefix_path')
[5.370s] INFO:colcon.colcon_core.shell:Creating environment hook '/home/jone/ws_moveit/install/moveit_ros_planning/share/moveit_ros_planning/hook/cmake_prefix_path.ps1'
[5.370s] INFO:colcon.colcon_core.shell:Creating environment descriptor '/home/jone/ws_moveit/install/moveit_ros_planning/share/moveit_ros_planning/hook/cmake_prefix_path.dsv'
[5.371s] INFO:colcon.colcon_core.shell:Creating environment hook '/home/jone/ws_moveit/install/moveit_ros_planning/share/moveit_ros_planning/hook/cmake_prefix_path.sh'
[5.371s] Level 1:colcon.colcon_core.environment:checking '/home/jone/ws_moveit/install/moveit_ros_planning/lib'
[5.371s] Level 1:colcon.colcon_core.shell:create_environment_hook('moveit_ros_planning', 'ld_library_path_lib')
[5.371s] INFO:colcon.colcon_core.shell:Creating environment hook '/home/jone/ws_moveit/install/moveit_ros_planning/share/moveit_ros_planning/hook/ld_library_path_lib.ps1'
[5.371s] INFO:colcon.colcon_core.shell:Creating environment descriptor '/home/jone/ws_moveit/install/moveit_ros_planning/share/moveit_ros_planning/hook/ld_library_path_lib.dsv'
[5.372s] INFO:colcon.colcon_core.shell:Creating environment hook '/home/jone/ws_moveit/install/moveit_ros_planning/share/moveit_ros_planning/hook/ld_library_path_lib.sh'
[5.372s] Level 1:colcon.colcon_core.environment:checking '/home/jone/ws_moveit/install/moveit_ros_planning/bin'
[5.372s] Level 1:colcon.colcon_core.environment:checking '/home/jone/ws_moveit/install/moveit_ros_planning/lib/pkgconfig/moveit_ros_planning.pc'
[5.372s] Level 1:colcon.colcon_core.environment:checking '/home/jone/ws_moveit/install/moveit_ros_planning/lib/python3.10/site-packages'
[5.372s] Level 1:colcon.colcon_core.environment:checking '/home/jone/ws_moveit/install/moveit_ros_planning/bin'
[5.373s] INFO:colcon.colcon_core.shell:Creating package script '/home/jone/ws_moveit/install/moveit_ros_planning/share/moveit_ros_planning/package.ps1'
[5.373s] INFO:colcon.colcon_core.shell:Creating package descriptor '/home/jone/ws_moveit/install/moveit_ros_planning/share/moveit_ros_planning/package.dsv'
[5.373s] INFO:colcon.colcon_core.shell:Creating package script '/home/jone/ws_moveit/install/moveit_ros_planning/share/moveit_ros_planning/package.sh'
[5.374s] INFO:colcon.colcon_core.shell:Creating package script '/home/jone/ws_moveit/install/moveit_ros_planning/share/moveit_ros_planning/package.bash'
[5.374s] INFO:colcon.colcon_core.shell:Creating package script '/home/jone/ws_moveit/install/moveit_ros_planning/share/moveit_ros_planning/package.zsh'
[5.374s] Level 1:colcon.colcon_core.environment:create_file_with_runtime_dependencies(/home/jone/ws_moveit/install/moveit_ros_planning/share/colcon-core/packages/moveit_ros_planning)
[5.374s] DEBUG:colcon.colcon_core.executor.sequential:run_until_complete 'moveit_ros_planning' finished with '0'
[5.374s] DEBUG:colcon.colcon_core.executor.sequential:run_until_complete 'moveit_kinematics'
[5.375s] INFO:colcon.colcon_ros.task.ament_cmake.build:Building ROS package in '/home/jone/ws_moveit/src/moveit2/moveit_kinematics' with build type 'ament_cmake'
[5.375s] INFO:colcon.colcon_cmake.task.cmake.build:Building CMake package in '/home/jone/ws_moveit/src/moveit2/moveit_kinematics'
[5.375s] INFO:colcon.colcon_core.shell:Skip shell extension 'powershell' for command environment: Not usable outside of PowerShell
[5.375s] DEBUG:colcon.colcon_core.shell:Skip shell extension 'dsv' for command environment
[5.396s] DEBUG:colcon.colcon_core.event_handler.log_command:Invoking command in '/home/jone/ws_moveit/build/moveit_kinematics': AMENT_PREFIX_PATH=/home/jone/ws_moveit/install/moveit_ros_planning:/home/jone/ws_moveit/install/moveit_ros_occupancy_map_monitor:/home/jone/ws_moveit/install/moveit_core:/home/jone/ws_moveit/install/moveit_resources_panda_moveit_config:/home/jone/ws_moveit/install/moveit_resources_fanuc_moveit_config:/home/jone/ws_moveit/install/moveit_configs_utils:/home/jone/ws_moveit/install/srdfdom:/home/jone/ws_moveit/install/moveit_resources_pr2_description:/home/jone/ws_moveit/install/moveit_resources_panda_description:/home/jone/ws_moveit/install/moveit_resources_fanuc_description:/home/jone/ws_moveit/install/moveit_common:/home/jone/ws_moveit/install/launch_param_builder:${AMENT_PREFIX_PATH} CMAKE_PREFIX_PATH=/home/jone/ws_moveit/install/moveit_ros_planning:/home/jone/ws_moveit/install/moveit_ros_occupancy_map_monitor:/home/jone/ws_moveit/install/moveit_core:/home/jone/ws_moveit/install/moveit_resources_panda_moveit_config:/home/jone/ws_moveit/install/moveit_resources_fanuc_moveit_config:/home/jone/ws_moveit/install/srdfdom:/home/jone/ws_moveit/install/moveit_resources_pr2_description:/home/jone/ws_moveit/install/moveit_resources_panda_description:/home/jone/ws_moveit/install/moveit_resources_fanuc_description:/home/jone/ws_moveit/install/moveit_common:/opt/ros/humble LD_LIBRARY_PATH=/home/jone/ws_moveit/install/moveit_ros_planning/lib:/home/jone/ws_moveit/install/moveit_ros_occupancy_map_monitor/lib:/home/jone/ws_moveit/install/moveit_core/lib:/home/jone/ws_moveit/install/srdfdom/lib:/opt/ros/humble/opt/rviz_ogre_vendor/lib:/opt/ros/humble/lib/x86_64-linux-gnu:/opt/ros/humble/lib:/usr/lib/x86_64-linux-gnu/gazebo-11/plugins:/usr/lib/x86_64-linux-gnu/gazebo-11/plugins:/usr/lib/x86_64-linux-gnu/gazebo-11/plugins PATH=/home/jone/ws_moveit/install/moveit_core/bin:${PATH} PYTHONPATH=/home/jone/ws_moveit/install/moveit_configs_utils/lib/python3.10/site-packages:/home/jone/ws_moveit/install/srdfdom/local/lib/python3.10/dist-packages:/home/jone/ws_moveit/install/launch_param_builder/lib/python3.10/site-packages:${PYTHONPATH} /usr/bin/cmake --build /home/jone/ws_moveit/build/moveit_kinematics -- -j16 -l16
[5.501s] DEBUG:colcon.colcon_core.event_handler.log_command:Invoked command in '/home/jone/ws_moveit/build/moveit_kinematics' returned '0': AMENT_PREFIX_PATH=/home/jone/ws_moveit/install/moveit_ros_planning:/home/jone/ws_moveit/install/moveit_ros_occupancy_map_monitor:/home/jone/ws_moveit/install/moveit_core:/home/jone/ws_moveit/install/moveit_resources_panda_moveit_config:/home/jone/ws_moveit/install/moveit_resources_fanuc_moveit_config:/home/jone/ws_moveit/install/moveit_configs_utils:/home/jone/ws_moveit/install/srdfdom:/home/jone/ws_moveit/install/moveit_resources_pr2_description:/home/jone/ws_moveit/install/moveit_resources_panda_description:/home/jone/ws_moveit/install/moveit_resources_fanuc_description:/home/jone/ws_moveit/install/moveit_common:/home/jone/ws_moveit/install/launch_param_builder:${AMENT_PREFIX_PATH} CMAKE_PREFIX_PATH=/home/jone/ws_moveit/install/moveit_ros_planning:/home/jone/ws_moveit/install/moveit_ros_occupancy_map_monitor:/home/jone/ws_moveit/install/moveit_core:/home/jone/ws_moveit/install/moveit_resources_panda_moveit_config:/home/jone/ws_moveit/install/moveit_resources_fanuc_moveit_config:/home/jone/ws_moveit/install/srdfdom:/home/jone/ws_moveit/install/moveit_resources_pr2_description:/home/jone/ws_moveit/install/moveit_resources_panda_description:/home/jone/ws_moveit/install/moveit_resources_fanuc_description:/home/jone/ws_moveit/install/moveit_common:/opt/ros/humble LD_LIBRARY_PATH=/home/jone/ws_moveit/install/moveit_ros_planning/lib:/home/jone/ws_moveit/install/moveit_ros_occupancy_map_monitor/lib:/home/jone/ws_moveit/install/moveit_core/lib:/home/jone/ws_moveit/install/srdfdom/lib:/opt/ros/humble/opt/rviz_ogre_vendor/lib:/opt/ros/humble/lib/x86_64-linux-gnu:/opt/ros/humble/lib:/usr/lib/x86_64-linux-gnu/gazebo-11/plugins:/usr/lib/x86_64-linux-gnu/gazebo-11/plugins:/usr/lib/x86_64-linux-gnu/gazebo-11/plugins PATH=/home/jone/ws_moveit/install/moveit_core/bin:${PATH} PYTHONPATH=/home/jone/ws_moveit/install/moveit_configs_utils/lib/python3.10/site-packages:/home/jone/ws_moveit/install/srdfdom/local/lib/python3.10/dist-packages:/home/jone/ws_moveit/install/launch_param_builder/lib/python3.10/site-packages:${PYTHONPATH} /usr/bin/cmake --build /home/jone/ws_moveit/build/moveit_kinematics -- -j16 -l16
[5.502s] DEBUG:colcon.colcon_core.event_handler.log_command:Invoking command in '/home/jone/ws_moveit/build/moveit_kinematics': AMENT_PREFIX_PATH=/home/jone/ws_moveit/install/moveit_ros_planning:/home/jone/ws_moveit/install/moveit_ros_occupancy_map_monitor:/home/jone/ws_moveit/install/moveit_core:/home/jone/ws_moveit/install/moveit_resources_panda_moveit_config:/home/jone/ws_moveit/install/moveit_resources_fanuc_moveit_config:/home/jone/ws_moveit/install/moveit_configs_utils:/home/jone/ws_moveit/install/srdfdom:/home/jone/ws_moveit/install/moveit_resources_pr2_description:/home/jone/ws_moveit/install/moveit_resources_panda_description:/home/jone/ws_moveit/install/moveit_resources_fanuc_description:/home/jone/ws_moveit/install/moveit_common:/home/jone/ws_moveit/install/launch_param_builder:${AMENT_PREFIX_PATH} CMAKE_PREFIX_PATH=/home/jone/ws_moveit/install/moveit_ros_planning:/home/jone/ws_moveit/install/moveit_ros_occupancy_map_monitor:/home/jone/ws_moveit/install/moveit_core:/home/jone/ws_moveit/install/moveit_resources_panda_moveit_config:/home/jone/ws_moveit/install/moveit_resources_fanuc_moveit_config:/home/jone/ws_moveit/install/srdfdom:/home/jone/ws_moveit/install/moveit_resources_pr2_description:/home/jone/ws_moveit/install/moveit_resources_panda_description:/home/jone/ws_moveit/install/moveit_resources_fanuc_description:/home/jone/ws_moveit/install/moveit_common:/opt/ros/humble LD_LIBRARY_PATH=/home/jone/ws_moveit/install/moveit_ros_planning/lib:/home/jone/ws_moveit/install/moveit_ros_occupancy_map_monitor/lib:/home/jone/ws_moveit/install/moveit_core/lib:/home/jone/ws_moveit/install/srdfdom/lib:/opt/ros/humble/opt/rviz_ogre_vendor/lib:/opt/ros/humble/lib/x86_64-linux-gnu:/opt/ros/humble/lib:/usr/lib/x86_64-linux-gnu/gazebo-11/plugins:/usr/lib/x86_64-linux-gnu/gazebo-11/plugins:/usr/lib/x86_64-linux-gnu/gazebo-11/plugins PATH=/home/jone/ws_moveit/install/moveit_core/bin:${PATH} PYTHONPATH=/home/jone/ws_moveit/install/moveit_configs_utils/lib/python3.10/site-packages:/home/jone/ws_moveit/install/srdfdom/local/lib/python3.10/dist-packages:/home/jone/ws_moveit/install/launch_param_builder/lib/python3.10/site-packages:${PYTHONPATH} /usr/bin/cmake --install /home/jone/ws_moveit/build/moveit_kinematics
[5.517s] Level 1:colcon.colcon_core.environment:create_environment_scripts_only(moveit_kinematics)
[5.517s] Level 1:colcon.colcon_core.environment:checking '/home/jone/ws_moveit/install/moveit_kinematics' for CMake module files
[5.518s] DEBUG:colcon.colcon_core.event_handler.log_command:Invoked command in '/home/jone/ws_moveit/build/moveit_kinematics' returned '0': AMENT_PREFIX_PATH=/home/jone/ws_moveit/install/moveit_ros_planning:/home/jone/ws_moveit/install/moveit_ros_occupancy_map_monitor:/home/jone/ws_moveit/install/moveit_core:/home/jone/ws_moveit/install/moveit_resources_panda_moveit_config:/home/jone/ws_moveit/install/moveit_resources_fanuc_moveit_config:/home/jone/ws_moveit/install/moveit_configs_utils:/home/jone/ws_moveit/install/srdfdom:/home/jone/ws_moveit/install/moveit_resources_pr2_description:/home/jone/ws_moveit/install/moveit_resources_panda_description:/home/jone/ws_moveit/install/moveit_resources_fanuc_description:/home/jone/ws_moveit/install/moveit_common:/home/jone/ws_moveit/install/launch_param_builder:${AMENT_PREFIX_PATH} CMAKE_PREFIX_PATH=/home/jone/ws_moveit/install/moveit_ros_planning:/home/jone/ws_moveit/install/moveit_ros_occupancy_map_monitor:/home/jone/ws_moveit/install/moveit_core:/home/jone/ws_moveit/install/moveit_resources_panda_moveit_config:/home/jone/ws_moveit/install/moveit_resources_fanuc_moveit_config:/home/jone/ws_moveit/install/srdfdom:/home/jone/ws_moveit/install/moveit_resources_pr2_description:/home/jone/ws_moveit/install/moveit_resources_panda_description:/home/jone/ws_moveit/install/moveit_resources_fanuc_description:/home/jone/ws_moveit/install/moveit_common:/opt/ros/humble LD_LIBRARY_PATH=/home/jone/ws_moveit/install/moveit_ros_planning/lib:/home/jone/ws_moveit/install/moveit_ros_occupancy_map_monitor/lib:/home/jone/ws_moveit/install/moveit_core/lib:/home/jone/ws_moveit/install/srdfdom/lib:/opt/ros/humble/opt/rviz_ogre_vendor/lib:/opt/ros/humble/lib/x86_64-linux-gnu:/opt/ros/humble/lib:/usr/lib/x86_64-linux-gnu/gazebo-11/plugins:/usr/lib/x86_64-linux-gnu/gazebo-11/plugins:/usr/lib/x86_64-linux-gnu/gazebo-11/plugins PATH=/home/jone/ws_moveit/install/moveit_core/bin:${PATH} PYTHONPATH=/home/jone/ws_moveit/install/moveit_configs_utils/lib/python3.10/site-packages:/home/jone/ws_moveit/install/srdfdom/local/lib/python3.10/dist-packages:/home/jone/ws_moveit/install/launch_param_builder/lib/python3.10/site-packages:${PYTHONPATH} /usr/bin/cmake --install /home/jone/ws_moveit/build/moveit_kinematics
[5.518s] Level 1:colcon.colcon_core.environment:checking '/home/jone/ws_moveit/install/moveit_kinematics' for CMake config files
[5.519s] Level 1:colcon.colcon_core.shell:create_environment_hook('moveit_kinematics', 'cmake_prefix_path')
[5.519s] INFO:colcon.colcon_core.shell:Creating environment hook '/home/jone/ws_moveit/install/moveit_kinematics/share/moveit_kinematics/hook/cmake_prefix_path.ps1'
[5.519s] INFO:colcon.colcon_core.shell:Creating environment descriptor '/home/jone/ws_moveit/install/moveit_kinematics/share/moveit_kinematics/hook/cmake_prefix_path.dsv'
[5.519s] INFO:colcon.colcon_core.shell:Creating environment hook '/home/jone/ws_moveit/install/moveit_kinematics/share/moveit_kinematics/hook/cmake_prefix_path.sh'
[5.520s] Level 1:colcon.colcon_core.environment:checking '/home/jone/ws_moveit/install/moveit_kinematics/lib'
[5.520s] Level 1:colcon.colcon_core.shell:create_environment_hook('moveit_kinematics', 'ld_library_path_lib')
[5.520s] INFO:colcon.colcon_core.shell:Creating environment hook '/home/jone/ws_moveit/install/moveit_kinematics/share/moveit_kinematics/hook/ld_library_path_lib.ps1'
[5.520s] INFO:colcon.colcon_core.shell:Creating environment descriptor '/home/jone/ws_moveit/install/moveit_kinematics/share/moveit_kinematics/hook/ld_library_path_lib.dsv'
[5.521s] INFO:colcon.colcon_core.shell:Creating environment hook '/home/jone/ws_moveit/install/moveit_kinematics/share/moveit_kinematics/hook/ld_library_path_lib.sh'
[5.521s] Level 1:colcon.colcon_core.environment:checking '/home/jone/ws_moveit/install/moveit_kinematics/bin'
[5.521s] Level 1:colcon.colcon_core.environment:checking '/home/jone/ws_moveit/install/moveit_kinematics/lib/pkgconfig/moveit_kinematics.pc'
[5.521s] Level 1:colcon.colcon_core.environment:checking '/home/jone/ws_moveit/install/moveit_kinematics/lib/python3.10/site-packages'
[5.521s] Level 1:colcon.colcon_core.environment:checking '/home/jone/ws_moveit/install/moveit_kinematics/bin'
[5.522s] INFO:colcon.colcon_core.shell:Creating package script '/home/jone/ws_moveit/install/moveit_kinematics/share/moveit_kinematics/package.ps1'
[5.522s] INFO:colcon.colcon_core.shell:Creating package descriptor '/home/jone/ws_moveit/install/moveit_kinematics/share/moveit_kinematics/package.dsv'
[5.523s] INFO:colcon.colcon_core.shell:Creating package script '/home/jone/ws_moveit/install/moveit_kinematics/share/moveit_kinematics/package.sh'
[5.523s] INFO:colcon.colcon_core.shell:Creating package script '/home/jone/ws_moveit/install/moveit_kinematics/share/moveit_kinematics/package.bash'
[5.523s] INFO:colcon.colcon_core.shell:Creating package script '/home/jone/ws_moveit/install/moveit_kinematics/share/moveit_kinematics/package.zsh'
[5.523s] Level 1:colcon.colcon_core.environment:create_file_with_runtime_dependencies(/home/jone/ws_moveit/install/moveit_kinematics/share/colcon-core/packages/moveit_kinematics)
[5.524s] Level 1:colcon.colcon_core.environment:create_environment_scripts_only(moveit_kinematics)
[5.524s] Level 1:colcon.colcon_core.environment:checking '/home/jone/ws_moveit/install/moveit_kinematics' for CMake module files
[5.524s] Level 1:colcon.colcon_core.environment:checking '/home/jone/ws_moveit/install/moveit_kinematics' for CMake config files
[5.525s] Level 1:colcon.colcon_core.shell:create_environment_hook('moveit_kinematics', 'cmake_prefix_path')
[5.525s] INFO:colcon.colcon_core.shell:Creating environment hook '/home/jone/ws_moveit/install/moveit_kinematics/share/moveit_kinematics/hook/cmake_prefix_path.ps1'
[5.525s] INFO:colcon.colcon_core.shell:Creating environment descriptor '/home/jone/ws_moveit/install/moveit_kinematics/share/moveit_kinematics/hook/cmake_prefix_path.dsv'
[5.526s] INFO:colcon.colcon_core.shell:Creating environment hook '/home/jone/ws_moveit/install/moveit_kinematics/share/moveit_kinematics/hook/cmake_prefix_path.sh'
[5.526s] Level 1:colcon.colcon_core.environment:checking '/home/jone/ws_moveit/install/moveit_kinematics/lib'
[5.526s] Level 1:colcon.colcon_core.shell:create_environment_hook('moveit_kinematics', 'ld_library_path_lib')
[5.526s] INFO:colcon.colcon_core.shell:Creating environment hook '/home/jone/ws_moveit/install/moveit_kinematics/share/moveit_kinematics/hook/ld_library_path_lib.ps1'
[5.527s] INFO:colcon.colcon_core.shell:Creating environment descriptor '/home/jone/ws_moveit/install/moveit_kinematics/share/moveit_kinematics/hook/ld_library_path_lib.dsv'
[5.527s] INFO:colcon.colcon_core.shell:Creating environment hook '/home/jone/ws_moveit/install/moveit_kinematics/share/moveit_kinematics/hook/ld_library_path_lib.sh'
[5.527s] Level 1:colcon.colcon_core.environment:checking '/home/jone/ws_moveit/install/moveit_kinematics/bin'
[5.527s] Level 1:colcon.colcon_core.environment:checking '/home/jone/ws_moveit/install/moveit_kinematics/lib/pkgconfig/moveit_kinematics.pc'
[5.527s] Level 1:colcon.colcon_core.environment:checking '/home/jone/ws_moveit/install/moveit_kinematics/lib/python3.10/site-packages'
[5.528s] Level 1:colcon.colcon_core.environment:checking '/home/jone/ws_moveit/install/moveit_kinematics/bin'
[5.528s] INFO:colcon.colcon_core.shell:Creating package script '/home/jone/ws_moveit/install/moveit_kinematics/share/moveit_kinematics/package.ps1'
[5.528s] INFO:colcon.colcon_core.shell:Creating package descriptor '/home/jone/ws_moveit/install/moveit_kinematics/share/moveit_kinematics/package.dsv'
[5.529s] INFO:colcon.colcon_core.shell:Creating package script '/home/jone/ws_moveit/install/moveit_kinematics/share/moveit_kinematics/package.sh'
[5.529s] INFO:colcon.colcon_core.shell:Creating package script '/home/jone/ws_moveit/install/moveit_kinematics/share/moveit_kinematics/package.bash'
[5.529s] INFO:colcon.colcon_core.shell:Creating package script '/home/jone/ws_moveit/install/moveit_kinematics/share/moveit_kinematics/package.zsh'
[5.529s] Level 1:colcon.colcon_core.environment:create_file_with_runtime_dependencies(/home/jone/ws_moveit/install/moveit_kinematics/share/colcon-core/packages/moveit_kinematics)
[5.530s] DEBUG:colcon.colcon_core.executor.sequential:run_until_complete 'moveit_kinematics' finished with '0'
[5.530s] DEBUG:colcon.colcon_core.executor.sequential:run_until_complete 'moveit_planners_ompl'
[5.530s] INFO:colcon.colcon_ros.task.ament_cmake.build:Building ROS package in '/home/jone/ws_moveit/src/moveit2/moveit_planners/ompl' with build type 'ament_cmake'
[5.530s] INFO:colcon.colcon_cmake.task.cmake.build:Building CMake package in '/home/jone/ws_moveit/src/moveit2/moveit_planners/ompl'
[5.530s] INFO:colcon.colcon_core.shell:Skip shell extension 'powershell' for command environment: Not usable outside of PowerShell
[5.530s] DEBUG:colcon.colcon_core.shell:Skip shell extension 'dsv' for command environment
[5.551s] DEBUG:colcon.colcon_core.event_handler.log_command:Invoking command in '/home/jone/ws_moveit/build/moveit_planners_ompl': AMENT_PREFIX_PATH=/home/jone/ws_moveit/install/moveit_ros_planning:/home/jone/ws_moveit/install/moveit_ros_occupancy_map_monitor:/home/jone/ws_moveit/install/moveit_core:/home/jone/ws_moveit/install/moveit_resources_panda_moveit_config:/home/jone/ws_moveit/install/moveit_resources_fanuc_moveit_config:/home/jone/ws_moveit/install/moveit_configs_utils:/home/jone/ws_moveit/install/srdfdom:/home/jone/ws_moveit/install/moveit_resources_pr2_description:/home/jone/ws_moveit/install/moveit_resources_panda_description:/home/jone/ws_moveit/install/moveit_resources_fanuc_description:/home/jone/ws_moveit/install/moveit_common:/home/jone/ws_moveit/install/launch_param_builder:${AMENT_PREFIX_PATH} CMAKE_PREFIX_PATH=/home/jone/ws_moveit/install/moveit_ros_planning:/home/jone/ws_moveit/install/moveit_ros_occupancy_map_monitor:/home/jone/ws_moveit/install/moveit_core:/home/jone/ws_moveit/install/moveit_resources_panda_moveit_config:/home/jone/ws_moveit/install/moveit_resources_fanuc_moveit_config:/home/jone/ws_moveit/install/srdfdom:/home/jone/ws_moveit/install/moveit_resources_pr2_description:/home/jone/ws_moveit/install/moveit_resources_panda_description:/home/jone/ws_moveit/install/moveit_resources_fanuc_description:/home/jone/ws_moveit/install/moveit_common:/opt/ros/humble LD_LIBRARY_PATH=/home/jone/ws_moveit/install/moveit_ros_planning/lib:/home/jone/ws_moveit/install/moveit_ros_occupancy_map_monitor/lib:/home/jone/ws_moveit/install/moveit_core/lib:/home/jone/ws_moveit/install/srdfdom/lib:/opt/ros/humble/opt/rviz_ogre_vendor/lib:/opt/ros/humble/lib/x86_64-linux-gnu:/opt/ros/humble/lib:/usr/lib/x86_64-linux-gnu/gazebo-11/plugins:/usr/lib/x86_64-linux-gnu/gazebo-11/plugins:/usr/lib/x86_64-linux-gnu/gazebo-11/plugins PATH=/home/jone/ws_moveit/install/moveit_core/bin:${PATH} PYTHONPATH=/home/jone/ws_moveit/install/moveit_configs_utils/lib/python3.10/site-packages:/home/jone/ws_moveit/install/srdfdom/local/lib/python3.10/dist-packages:/home/jone/ws_moveit/install/launch_param_builder/lib/python3.10/site-packages:${PYTHONPATH} /usr/bin/cmake --build /home/jone/ws_moveit/build/moveit_planners_ompl -- -j16 -l16
[5.750s] DEBUG:colcon.colcon_core.event_handler.log_command:Invoked command in '/home/jone/ws_moveit/build/moveit_planners_ompl' returned '0': AMENT_PREFIX_PATH=/home/jone/ws_moveit/install/moveit_ros_planning:/home/jone/ws_moveit/install/moveit_ros_occupancy_map_monitor:/home/jone/ws_moveit/install/moveit_core:/home/jone/ws_moveit/install/moveit_resources_panda_moveit_config:/home/jone/ws_moveit/install/moveit_resources_fanuc_moveit_config:/home/jone/ws_moveit/install/moveit_configs_utils:/home/jone/ws_moveit/install/srdfdom:/home/jone/ws_moveit/install/moveit_resources_pr2_description:/home/jone/ws_moveit/install/moveit_resources_panda_description:/home/jone/ws_moveit/install/moveit_resources_fanuc_description:/home/jone/ws_moveit/install/moveit_common:/home/jone/ws_moveit/install/launch_param_builder:${AMENT_PREFIX_PATH} CMAKE_PREFIX_PATH=/home/jone/ws_moveit/install/moveit_ros_planning:/home/jone/ws_moveit/install/moveit_ros_occupancy_map_monitor:/home/jone/ws_moveit/install/moveit_core:/home/jone/ws_moveit/install/moveit_resources_panda_moveit_config:/home/jone/ws_moveit/install/moveit_resources_fanuc_moveit_config:/home/jone/ws_moveit/install/srdfdom:/home/jone/ws_moveit/install/moveit_resources_pr2_description:/home/jone/ws_moveit/install/moveit_resources_panda_description:/home/jone/ws_moveit/install/moveit_resources_fanuc_description:/home/jone/ws_moveit/install/moveit_common:/opt/ros/humble LD_LIBRARY_PATH=/home/jone/ws_moveit/install/moveit_ros_planning/lib:/home/jone/ws_moveit/install/moveit_ros_occupancy_map_monitor/lib:/home/jone/ws_moveit/install/moveit_core/lib:/home/jone/ws_moveit/install/srdfdom/lib:/opt/ros/humble/opt/rviz_ogre_vendor/lib:/opt/ros/humble/lib/x86_64-linux-gnu:/opt/ros/humble/lib:/usr/lib/x86_64-linux-gnu/gazebo-11/plugins:/usr/lib/x86_64-linux-gnu/gazebo-11/plugins:/usr/lib/x86_64-linux-gnu/gazebo-11/plugins PATH=/home/jone/ws_moveit/install/moveit_core/bin:${PATH} PYTHONPATH=/home/jone/ws_moveit/install/moveit_configs_utils/lib/python3.10/site-packages:/home/jone/ws_moveit/install/srdfdom/local/lib/python3.10/dist-packages:/home/jone/ws_moveit/install/launch_param_builder/lib/python3.10/site-packages:${PYTHONPATH} /usr/bin/cmake --build /home/jone/ws_moveit/build/moveit_planners_ompl -- -j16 -l16
[5.751s] DEBUG:colcon.colcon_core.event_handler.log_command:Invoking command in '/home/jone/ws_moveit/build/moveit_planners_ompl': AMENT_PREFIX_PATH=/home/jone/ws_moveit/install/moveit_ros_planning:/home/jone/ws_moveit/install/moveit_ros_occupancy_map_monitor:/home/jone/ws_moveit/install/moveit_core:/home/jone/ws_moveit/install/moveit_resources_panda_moveit_config:/home/jone/ws_moveit/install/moveit_resources_fanuc_moveit_config:/home/jone/ws_moveit/install/moveit_configs_utils:/home/jone/ws_moveit/install/srdfdom:/home/jone/ws_moveit/install/moveit_resources_pr2_description:/home/jone/ws_moveit/install/moveit_resources_panda_description:/home/jone/ws_moveit/install/moveit_resources_fanuc_description:/home/jone/ws_moveit/install/moveit_common:/home/jone/ws_moveit/install/launch_param_builder:${AMENT_PREFIX_PATH} CMAKE_PREFIX_PATH=/home/jone/ws_moveit/install/moveit_ros_planning:/home/jone/ws_moveit/install/moveit_ros_occupancy_map_monitor:/home/jone/ws_moveit/install/moveit_core:/home/jone/ws_moveit/install/moveit_resources_panda_moveit_config:/home/jone/ws_moveit/install/moveit_resources_fanuc_moveit_config:/home/jone/ws_moveit/install/srdfdom:/home/jone/ws_moveit/install/moveit_resources_pr2_description:/home/jone/ws_moveit/install/moveit_resources_panda_description:/home/jone/ws_moveit/install/moveit_resources_fanuc_description:/home/jone/ws_moveit/install/moveit_common:/opt/ros/humble LD_LIBRARY_PATH=/home/jone/ws_moveit/install/moveit_ros_planning/lib:/home/jone/ws_moveit/install/moveit_ros_occupancy_map_monitor/lib:/home/jone/ws_moveit/install/moveit_core/lib:/home/jone/ws_moveit/install/srdfdom/lib:/opt/ros/humble/opt/rviz_ogre_vendor/lib:/opt/ros/humble/lib/x86_64-linux-gnu:/opt/ros/humble/lib:/usr/lib/x86_64-linux-gnu/gazebo-11/plugins:/usr/lib/x86_64-linux-gnu/gazebo-11/plugins:/usr/lib/x86_64-linux-gnu/gazebo-11/plugins PATH=/home/jone/ws_moveit/install/moveit_core/bin:${PATH} PYTHONPATH=/home/jone/ws_moveit/install/moveit_configs_utils/lib/python3.10/site-packages:/home/jone/ws_moveit/install/srdfdom/local/lib/python3.10/dist-packages:/home/jone/ws_moveit/install/launch_param_builder/lib/python3.10/site-packages:${PYTHONPATH} /usr/bin/cmake --install /home/jone/ws_moveit/build/moveit_planners_ompl
[5.762s] Level 1:colcon.colcon_core.environment:create_environment_scripts_only(moveit_planners_ompl)
[5.762s] Level 1:colcon.colcon_core.environment:checking '/home/jone/ws_moveit/install/moveit_planners_ompl' for CMake module files
[5.762s] DEBUG:colcon.colcon_core.event_handler.log_command:Invoked command in '/home/jone/ws_moveit/build/moveit_planners_ompl' returned '0': AMENT_PREFIX_PATH=/home/jone/ws_moveit/install/moveit_ros_planning:/home/jone/ws_moveit/install/moveit_ros_occupancy_map_monitor:/home/jone/ws_moveit/install/moveit_core:/home/jone/ws_moveit/install/moveit_resources_panda_moveit_config:/home/jone/ws_moveit/install/moveit_resources_fanuc_moveit_config:/home/jone/ws_moveit/install/moveit_configs_utils:/home/jone/ws_moveit/install/srdfdom:/home/jone/ws_moveit/install/moveit_resources_pr2_description:/home/jone/ws_moveit/install/moveit_resources_panda_description:/home/jone/ws_moveit/install/moveit_resources_fanuc_description:/home/jone/ws_moveit/install/moveit_common:/home/jone/ws_moveit/install/launch_param_builder:${AMENT_PREFIX_PATH} CMAKE_PREFIX_PATH=/home/jone/ws_moveit/install/moveit_ros_planning:/home/jone/ws_moveit/install/moveit_ros_occupancy_map_monitor:/home/jone/ws_moveit/install/moveit_core:/home/jone/ws_moveit/install/moveit_resources_panda_moveit_config:/home/jone/ws_moveit/install/moveit_resources_fanuc_moveit_config:/home/jone/ws_moveit/install/srdfdom:/home/jone/ws_moveit/install/moveit_resources_pr2_description:/home/jone/ws_moveit/install/moveit_resources_panda_description:/home/jone/ws_moveit/install/moveit_resources_fanuc_description:/home/jone/ws_moveit/install/moveit_common:/opt/ros/humble LD_LIBRARY_PATH=/home/jone/ws_moveit/install/moveit_ros_planning/lib:/home/jone/ws_moveit/install/moveit_ros_occupancy_map_monitor/lib:/home/jone/ws_moveit/install/moveit_core/lib:/home/jone/ws_moveit/install/srdfdom/lib:/opt/ros/humble/opt/rviz_ogre_vendor/lib:/opt/ros/humble/lib/x86_64-linux-gnu:/opt/ros/humble/lib:/usr/lib/x86_64-linux-gnu/gazebo-11/plugins:/usr/lib/x86_64-linux-gnu/gazebo-11/plugins:/usr/lib/x86_64-linux-gnu/gazebo-11/plugins PATH=/home/jone/ws_moveit/install/moveit_core/bin:${PATH} PYTHONPATH=/home/jone/ws_moveit/install/moveit_configs_utils/lib/python3.10/site-packages:/home/jone/ws_moveit/install/srdfdom/local/lib/python3.10/dist-packages:/home/jone/ws_moveit/install/launch_param_builder/lib/python3.10/site-packages:${PYTHONPATH} /usr/bin/cmake --install /home/jone/ws_moveit/build/moveit_planners_ompl
[5.763s] Level 1:colcon.colcon_core.environment:checking '/home/jone/ws_moveit/install/moveit_planners_ompl' for CMake config files
[5.763s] Level 1:colcon.colcon_core.shell:create_environment_hook('moveit_planners_ompl', 'cmake_prefix_path')
[5.763s] INFO:colcon.colcon_core.shell:Creating environment hook '/home/jone/ws_moveit/install/moveit_planners_ompl/share/moveit_planners_ompl/hook/cmake_prefix_path.ps1'
[5.763s] INFO:colcon.colcon_core.shell:Creating environment descriptor '/home/jone/ws_moveit/install/moveit_planners_ompl/share/moveit_planners_ompl/hook/cmake_prefix_path.dsv'
[5.764s] INFO:colcon.colcon_core.shell:Creating environment hook '/home/jone/ws_moveit/install/moveit_planners_ompl/share/moveit_planners_ompl/hook/cmake_prefix_path.sh'
[5.764s] Level 1:colcon.colcon_core.environment:checking '/home/jone/ws_moveit/install/moveit_planners_ompl/lib'
[5.764s] Level 1:colcon.colcon_core.shell:create_environment_hook('moveit_planners_ompl', 'ld_library_path_lib')
[5.764s] INFO:colcon.colcon_core.shell:Creating environment hook '/home/jone/ws_moveit/install/moveit_planners_ompl/share/moveit_planners_ompl/hook/ld_library_path_lib.ps1'
[5.764s] INFO:colcon.colcon_core.shell:Creating environment descriptor '/home/jone/ws_moveit/install/moveit_planners_ompl/share/moveit_planners_ompl/hook/ld_library_path_lib.dsv'
[5.765s] INFO:colcon.colcon_core.shell:Creating environment hook '/home/jone/ws_moveit/install/moveit_planners_ompl/share/moveit_planners_ompl/hook/ld_library_path_lib.sh'
[5.765s] Level 1:colcon.colcon_core.environment:checking '/home/jone/ws_moveit/install/moveit_planners_ompl/bin'
[5.765s] Level 1:colcon.colcon_core.environment:checking '/home/jone/ws_moveit/install/moveit_planners_ompl/lib/pkgconfig/moveit_planners_ompl.pc'
[5.765s] Level 1:colcon.colcon_core.environment:checking '/home/jone/ws_moveit/install/moveit_planners_ompl/lib/python3.10/site-packages'
[5.766s] Level 1:colcon.colcon_core.environment:checking '/home/jone/ws_moveit/install/moveit_planners_ompl/bin'
[5.766s] INFO:colcon.colcon_core.shell:Creating package script '/home/jone/ws_moveit/install/moveit_planners_ompl/share/moveit_planners_ompl/package.ps1'
[5.766s] INFO:colcon.colcon_core.shell:Creating package descriptor '/home/jone/ws_moveit/install/moveit_planners_ompl/share/moveit_planners_ompl/package.dsv'
[5.766s] INFO:colcon.colcon_core.shell:Creating package script '/home/jone/ws_moveit/install/moveit_planners_ompl/share/moveit_planners_ompl/package.sh'
[5.767s] INFO:colcon.colcon_core.shell:Creating package script '/home/jone/ws_moveit/install/moveit_planners_ompl/share/moveit_planners_ompl/package.bash'
[5.767s] INFO:colcon.colcon_core.shell:Creating package script '/home/jone/ws_moveit/install/moveit_planners_ompl/share/moveit_planners_ompl/package.zsh'
[5.767s] Level 1:colcon.colcon_core.environment:create_file_with_runtime_dependencies(/home/jone/ws_moveit/install/moveit_planners_ompl/share/colcon-core/packages/moveit_planners_ompl)
[5.768s] Level 1:colcon.colcon_core.environment:create_environment_scripts_only(moveit_planners_ompl)
[5.768s] Level 1:colcon.colcon_core.environment:checking '/home/jone/ws_moveit/install/moveit_planners_ompl' for CMake module files
[5.768s] Level 1:colcon.colcon_core.environment:checking '/home/jone/ws_moveit/install/moveit_planners_ompl' for CMake config files
[5.768s] Level 1:colcon.colcon_core.shell:create_environment_hook('moveit_planners_ompl', 'cmake_prefix_path')
[5.768s] INFO:colcon.colcon_core.shell:Creating environment hook '/home/jone/ws_moveit/install/moveit_planners_ompl/share/moveit_planners_ompl/hook/cmake_prefix_path.ps1'
[5.769s] INFO:colcon.colcon_core.shell:Creating environment descriptor '/home/jone/ws_moveit/install/moveit_planners_ompl/share/moveit_planners_ompl/hook/cmake_prefix_path.dsv'
[5.769s] INFO:colcon.colcon_core.shell:Creating environment hook '/home/jone/ws_moveit/install/moveit_planners_ompl/share/moveit_planners_ompl/hook/cmake_prefix_path.sh'
[5.769s] Level 1:colcon.colcon_core.environment:checking '/home/jone/ws_moveit/install/moveit_planners_ompl/lib'
[5.769s] Level 1:colcon.colcon_core.shell:create_environment_hook('moveit_planners_ompl', 'ld_library_path_lib')
[5.770s] INFO:colcon.colcon_core.shell:Creating environment hook '/home/jone/ws_moveit/install/moveit_planners_ompl/share/moveit_planners_ompl/hook/ld_library_path_lib.ps1'
[5.770s] INFO:colcon.colcon_core.shell:Creating environment descriptor '/home/jone/ws_moveit/install/moveit_planners_ompl/share/moveit_planners_ompl/hook/ld_library_path_lib.dsv'
[5.770s] INFO:colcon.colcon_core.shell:Creating environment hook '/home/jone/ws_moveit/install/moveit_planners_ompl/share/moveit_planners_ompl/hook/ld_library_path_lib.sh'
[5.770s] Level 1:colcon.colcon_core.environment:checking '/home/jone/ws_moveit/install/moveit_planners_ompl/bin'
[5.770s] Level 1:colcon.colcon_core.environment:checking '/home/jone/ws_moveit/install/moveit_planners_ompl/lib/pkgconfig/moveit_planners_ompl.pc'
[5.770s] Level 1:colcon.colcon_core.environment:checking '/home/jone/ws_moveit/install/moveit_planners_ompl/lib/python3.10/site-packages'
[5.771s] Level 1:colcon.colcon_core.environment:checking '/home/jone/ws_moveit/install/moveit_planners_ompl/bin'
[5.771s] INFO:colcon.colcon_core.shell:Creating package script '/home/jone/ws_moveit/install/moveit_planners_ompl/share/moveit_planners_ompl/package.ps1'
[5.771s] INFO:colcon.colcon_core.shell:Creating package descriptor '/home/jone/ws_moveit/install/moveit_planners_ompl/share/moveit_planners_ompl/package.dsv'
[5.772s] INFO:colcon.colcon_core.shell:Creating package script '/home/jone/ws_moveit/install/moveit_planners_ompl/share/moveit_planners_ompl/package.sh'
[5.772s] INFO:colcon.colcon_core.shell:Creating package script '/home/jone/ws_moveit/install/moveit_planners_ompl/share/moveit_planners_ompl/package.bash'
[5.772s] INFO:colcon.colcon_core.shell:Creating package script '/home/jone/ws_moveit/install/moveit_planners_ompl/share/moveit_planners_ompl/package.zsh'
[5.772s] Level 1:colcon.colcon_core.environment:create_file_with_runtime_dependencies(/home/jone/ws_moveit/install/moveit_planners_ompl/share/colcon-core/packages/moveit_planners_ompl)
[5.773s] DEBUG:colcon.colcon_core.executor.sequential:run_until_complete 'moveit_planners_ompl' finished with '0'
[5.773s] DEBUG:colcon.colcon_core.executor.sequential:run_until_complete 'moveit_ros_perception'
[5.773s] INFO:colcon.colcon_ros.task.ament_cmake.build:Building ROS package in '/home/jone/ws_moveit/src/moveit2/moveit_ros/perception' with build type 'ament_cmake'
[5.773s] INFO:colcon.colcon_cmake.task.cmake.build:Building CMake package in '/home/jone/ws_moveit/src/moveit2/moveit_ros/perception'
[5.773s] INFO:colcon.colcon_core.shell:Skip shell extension 'powershell' for command environment: Not usable outside of PowerShell
[5.773s] DEBUG:colcon.colcon_core.shell:Skip shell extension 'dsv' for command environment
[5.791s] DEBUG:colcon.colcon_core.event_handler.log_command:Invoking command in '/home/jone/ws_moveit/build/moveit_ros_perception': AMENT_PREFIX_PATH=/home/jone/ws_moveit/install/moveit_ros_planning:/home/jone/ws_moveit/install/moveit_ros_occupancy_map_monitor:/home/jone/ws_moveit/install/moveit_core:/home/jone/ws_moveit/install/moveit_resources_panda_moveit_config:/home/jone/ws_moveit/install/moveit_configs_utils:/home/jone/ws_moveit/install/srdfdom:/home/jone/ws_moveit/install/moveit_resources_pr2_description:/home/jone/ws_moveit/install/moveit_resources_panda_description:/home/jone/ws_moveit/install/moveit_common:/home/jone/ws_moveit/install/launch_param_builder:${AMENT_PREFIX_PATH} CMAKE_PREFIX_PATH=/home/jone/ws_moveit/install/moveit_ros_planning:/home/jone/ws_moveit/install/moveit_ros_occupancy_map_monitor:/home/jone/ws_moveit/install/moveit_core:/home/jone/ws_moveit/install/moveit_resources_panda_moveit_config:/home/jone/ws_moveit/install/srdfdom:/home/jone/ws_moveit/install/moveit_resources_pr2_description:/home/jone/ws_moveit/install/moveit_resources_panda_description:/home/jone/ws_moveit/install/moveit_common:/opt/ros/humble LD_LIBRARY_PATH=/home/jone/ws_moveit/install/moveit_ros_planning/lib:/home/jone/ws_moveit/install/moveit_ros_occupancy_map_monitor/lib:/home/jone/ws_moveit/install/moveit_core/lib:/home/jone/ws_moveit/install/srdfdom/lib:/opt/ros/humble/opt/rviz_ogre_vendor/lib:/opt/ros/humble/lib/x86_64-linux-gnu:/opt/ros/humble/lib:/usr/lib/x86_64-linux-gnu/gazebo-11/plugins:/usr/lib/x86_64-linux-gnu/gazebo-11/plugins:/usr/lib/x86_64-linux-gnu/gazebo-11/plugins PATH=/home/jone/ws_moveit/install/moveit_core/bin:${PATH} PYTHONPATH=/home/jone/ws_moveit/install/moveit_configs_utils/lib/python3.10/site-packages:/home/jone/ws_moveit/install/srdfdom/local/lib/python3.10/dist-packages:/home/jone/ws_moveit/install/launch_param_builder/lib/python3.10/site-packages:${PYTHONPATH} /usr/bin/cmake --build /home/jone/ws_moveit/build/moveit_ros_perception -- -j16 -l16
[5.924s] DEBUG:colcon.colcon_core.event_handler.log_command:Invoked command in '/home/jone/ws_moveit/build/moveit_ros_perception' returned '0': AMENT_PREFIX_PATH=/home/jone/ws_moveit/install/moveit_ros_planning:/home/jone/ws_moveit/install/moveit_ros_occupancy_map_monitor:/home/jone/ws_moveit/install/moveit_core:/home/jone/ws_moveit/install/moveit_resources_panda_moveit_config:/home/jone/ws_moveit/install/moveit_configs_utils:/home/jone/ws_moveit/install/srdfdom:/home/jone/ws_moveit/install/moveit_resources_pr2_description:/home/jone/ws_moveit/install/moveit_resources_panda_description:/home/jone/ws_moveit/install/moveit_common:/home/jone/ws_moveit/install/launch_param_builder:${AMENT_PREFIX_PATH} CMAKE_PREFIX_PATH=/home/jone/ws_moveit/install/moveit_ros_planning:/home/jone/ws_moveit/install/moveit_ros_occupancy_map_monitor:/home/jone/ws_moveit/install/moveit_core:/home/jone/ws_moveit/install/moveit_resources_panda_moveit_config:/home/jone/ws_moveit/install/srdfdom:/home/jone/ws_moveit/install/moveit_resources_pr2_description:/home/jone/ws_moveit/install/moveit_resources_panda_description:/home/jone/ws_moveit/install/moveit_common:/opt/ros/humble LD_LIBRARY_PATH=/home/jone/ws_moveit/install/moveit_ros_planning/lib:/home/jone/ws_moveit/install/moveit_ros_occupancy_map_monitor/lib:/home/jone/ws_moveit/install/moveit_core/lib:/home/jone/ws_moveit/install/srdfdom/lib:/opt/ros/humble/opt/rviz_ogre_vendor/lib:/opt/ros/humble/lib/x86_64-linux-gnu:/opt/ros/humble/lib:/usr/lib/x86_64-linux-gnu/gazebo-11/plugins:/usr/lib/x86_64-linux-gnu/gazebo-11/plugins:/usr/lib/x86_64-linux-gnu/gazebo-11/plugins PATH=/home/jone/ws_moveit/install/moveit_core/bin:${PATH} PYTHONPATH=/home/jone/ws_moveit/install/moveit_configs_utils/lib/python3.10/site-packages:/home/jone/ws_moveit/install/srdfdom/local/lib/python3.10/dist-packages:/home/jone/ws_moveit/install/launch_param_builder/lib/python3.10/site-packages:${PYTHONPATH} /usr/bin/cmake --build /home/jone/ws_moveit/build/moveit_ros_perception -- -j16 -l16
[5.925s] DEBUG:colcon.colcon_core.event_handler.log_command:Invoking command in '/home/jone/ws_moveit/build/moveit_ros_perception': AMENT_PREFIX_PATH=/home/jone/ws_moveit/install/moveit_ros_planning:/home/jone/ws_moveit/install/moveit_ros_occupancy_map_monitor:/home/jone/ws_moveit/install/moveit_core:/home/jone/ws_moveit/install/moveit_resources_panda_moveit_config:/home/jone/ws_moveit/install/moveit_configs_utils:/home/jone/ws_moveit/install/srdfdom:/home/jone/ws_moveit/install/moveit_resources_pr2_description:/home/jone/ws_moveit/install/moveit_resources_panda_description:/home/jone/ws_moveit/install/moveit_common:/home/jone/ws_moveit/install/launch_param_builder:${AMENT_PREFIX_PATH} CMAKE_PREFIX_PATH=/home/jone/ws_moveit/install/moveit_ros_planning:/home/jone/ws_moveit/install/moveit_ros_occupancy_map_monitor:/home/jone/ws_moveit/install/moveit_core:/home/jone/ws_moveit/install/moveit_resources_panda_moveit_config:/home/jone/ws_moveit/install/srdfdom:/home/jone/ws_moveit/install/moveit_resources_pr2_description:/home/jone/ws_moveit/install/moveit_resources_panda_description:/home/jone/ws_moveit/install/moveit_common:/opt/ros/humble LD_LIBRARY_PATH=/home/jone/ws_moveit/install/moveit_ros_planning/lib:/home/jone/ws_moveit/install/moveit_ros_occupancy_map_monitor/lib:/home/jone/ws_moveit/install/moveit_core/lib:/home/jone/ws_moveit/install/srdfdom/lib:/opt/ros/humble/opt/rviz_ogre_vendor/lib:/opt/ros/humble/lib/x86_64-linux-gnu:/opt/ros/humble/lib:/usr/lib/x86_64-linux-gnu/gazebo-11/plugins:/usr/lib/x86_64-linux-gnu/gazebo-11/plugins:/usr/lib/x86_64-linux-gnu/gazebo-11/plugins PATH=/home/jone/ws_moveit/install/moveit_core/bin:${PATH} PYTHONPATH=/home/jone/ws_moveit/install/moveit_configs_utils/lib/python3.10/site-packages:/home/jone/ws_moveit/install/srdfdom/local/lib/python3.10/dist-packages:/home/jone/ws_moveit/install/launch_param_builder/lib/python3.10/site-packages:${PYTHONPATH} /usr/bin/cmake --install /home/jone/ws_moveit/build/moveit_ros_perception
[5.938s] Level 1:colcon.colcon_core.environment:create_environment_scripts_only(moveit_ros_perception)
[5.938s] Level 1:colcon.colcon_core.environment:checking '/home/jone/ws_moveit/install/moveit_ros_perception' for CMake module files
[5.938s] DEBUG:colcon.colcon_core.event_handler.log_command:Invoked command in '/home/jone/ws_moveit/build/moveit_ros_perception' returned '0': AMENT_PREFIX_PATH=/home/jone/ws_moveit/install/moveit_ros_planning:/home/jone/ws_moveit/install/moveit_ros_occupancy_map_monitor:/home/jone/ws_moveit/install/moveit_core:/home/jone/ws_moveit/install/moveit_resources_panda_moveit_config:/home/jone/ws_moveit/install/moveit_configs_utils:/home/jone/ws_moveit/install/srdfdom:/home/jone/ws_moveit/install/moveit_resources_pr2_description:/home/jone/ws_moveit/install/moveit_resources_panda_description:/home/jone/ws_moveit/install/moveit_common:/home/jone/ws_moveit/install/launch_param_builder:${AMENT_PREFIX_PATH} CMAKE_PREFIX_PATH=/home/jone/ws_moveit/install/moveit_ros_planning:/home/jone/ws_moveit/install/moveit_ros_occupancy_map_monitor:/home/jone/ws_moveit/install/moveit_core:/home/jone/ws_moveit/install/moveit_resources_panda_moveit_config:/home/jone/ws_moveit/install/srdfdom:/home/jone/ws_moveit/install/moveit_resources_pr2_description:/home/jone/ws_moveit/install/moveit_resources_panda_description:/home/jone/ws_moveit/install/moveit_common:/opt/ros/humble LD_LIBRARY_PATH=/home/jone/ws_moveit/install/moveit_ros_planning/lib:/home/jone/ws_moveit/install/moveit_ros_occupancy_map_monitor/lib:/home/jone/ws_moveit/install/moveit_core/lib:/home/jone/ws_moveit/install/srdfdom/lib:/opt/ros/humble/opt/rviz_ogre_vendor/lib:/opt/ros/humble/lib/x86_64-linux-gnu:/opt/ros/humble/lib:/usr/lib/x86_64-linux-gnu/gazebo-11/plugins:/usr/lib/x86_64-linux-gnu/gazebo-11/plugins:/usr/lib/x86_64-linux-gnu/gazebo-11/plugins PATH=/home/jone/ws_moveit/install/moveit_core/bin:${PATH} PYTHONPATH=/home/jone/ws_moveit/install/moveit_configs_utils/lib/python3.10/site-packages:/home/jone/ws_moveit/install/srdfdom/local/lib/python3.10/dist-packages:/home/jone/ws_moveit/install/launch_param_builder/lib/python3.10/site-packages:${PYTHONPATH} /usr/bin/cmake --install /home/jone/ws_moveit/build/moveit_ros_perception
[5.938s] Level 1:colcon.colcon_core.environment:checking '/home/jone/ws_moveit/install/moveit_ros_perception' for CMake config files
[5.939s] Level 1:colcon.colcon_core.shell:create_environment_hook('moveit_ros_perception', 'cmake_prefix_path')
[5.939s] INFO:colcon.colcon_core.shell:Creating environment hook '/home/jone/ws_moveit/install/moveit_ros_perception/share/moveit_ros_perception/hook/cmake_prefix_path.ps1'
[5.939s] INFO:colcon.colcon_core.shell:Creating environment descriptor '/home/jone/ws_moveit/install/moveit_ros_perception/share/moveit_ros_perception/hook/cmake_prefix_path.dsv'
[5.939s] INFO:colcon.colcon_core.shell:Creating environment hook '/home/jone/ws_moveit/install/moveit_ros_perception/share/moveit_ros_perception/hook/cmake_prefix_path.sh'
[5.940s] Level 1:colcon.colcon_core.environment:checking '/home/jone/ws_moveit/install/moveit_ros_perception/lib'
[5.940s] Level 1:colcon.colcon_core.shell:create_environment_hook('moveit_ros_perception', 'ld_library_path_lib')
[5.940s] INFO:colcon.colcon_core.shell:Creating environment hook '/home/jone/ws_moveit/install/moveit_ros_perception/share/moveit_ros_perception/hook/ld_library_path_lib.ps1'
[5.940s] INFO:colcon.colcon_core.shell:Creating environment descriptor '/home/jone/ws_moveit/install/moveit_ros_perception/share/moveit_ros_perception/hook/ld_library_path_lib.dsv'
[5.941s] INFO:colcon.colcon_core.shell:Creating environment hook '/home/jone/ws_moveit/install/moveit_ros_perception/share/moveit_ros_perception/hook/ld_library_path_lib.sh'
[5.941s] Level 1:colcon.colcon_core.environment:checking '/home/jone/ws_moveit/install/moveit_ros_perception/bin'
[5.941s] Level 1:colcon.colcon_core.environment:checking '/home/jone/ws_moveit/install/moveit_ros_perception/lib/pkgconfig/moveit_ros_perception.pc'
[5.941s] Level 1:colcon.colcon_core.environment:checking '/home/jone/ws_moveit/install/moveit_ros_perception/lib/python3.10/site-packages'
[5.941s] Level 1:colcon.colcon_core.environment:checking '/home/jone/ws_moveit/install/moveit_ros_perception/bin'
[5.941s] INFO:colcon.colcon_core.shell:Creating package script '/home/jone/ws_moveit/install/moveit_ros_perception/share/moveit_ros_perception/package.ps1'
[5.942s] INFO:colcon.colcon_core.shell:Creating package descriptor '/home/jone/ws_moveit/install/moveit_ros_perception/share/moveit_ros_perception/package.dsv'
[5.942s] INFO:colcon.colcon_core.shell:Creating package script '/home/jone/ws_moveit/install/moveit_ros_perception/share/moveit_ros_perception/package.sh'
[5.942s] INFO:colcon.colcon_core.shell:Creating package script '/home/jone/ws_moveit/install/moveit_ros_perception/share/moveit_ros_perception/package.bash'
[5.943s] INFO:colcon.colcon_core.shell:Creating package script '/home/jone/ws_moveit/install/moveit_ros_perception/share/moveit_ros_perception/package.zsh'
[5.943s] Level 1:colcon.colcon_core.environment:create_file_with_runtime_dependencies(/home/jone/ws_moveit/install/moveit_ros_perception/share/colcon-core/packages/moveit_ros_perception)
[5.943s] Level 1:colcon.colcon_core.environment:create_environment_scripts_only(moveit_ros_perception)
[5.943s] Level 1:colcon.colcon_core.environment:checking '/home/jone/ws_moveit/install/moveit_ros_perception' for CMake module files
[5.944s] Level 1:colcon.colcon_core.environment:checking '/home/jone/ws_moveit/install/moveit_ros_perception' for CMake config files
[5.944s] Level 1:colcon.colcon_core.shell:create_environment_hook('moveit_ros_perception', 'cmake_prefix_path')
[5.944s] INFO:colcon.colcon_core.shell:Creating environment hook '/home/jone/ws_moveit/install/moveit_ros_perception/share/moveit_ros_perception/hook/cmake_prefix_path.ps1'
[5.944s] INFO:colcon.colcon_core.shell:Creating environment descriptor '/home/jone/ws_moveit/install/moveit_ros_perception/share/moveit_ros_perception/hook/cmake_prefix_path.dsv'
[5.945s] INFO:colcon.colcon_core.shell:Creating environment hook '/home/jone/ws_moveit/install/moveit_ros_perception/share/moveit_ros_perception/hook/cmake_prefix_path.sh'
[5.945s] Level 1:colcon.colcon_core.environment:checking '/home/jone/ws_moveit/install/moveit_ros_perception/lib'
[5.945s] Level 1:colcon.colcon_core.shell:create_environment_hook('moveit_ros_perception', 'ld_library_path_lib')
[5.945s] INFO:colcon.colcon_core.shell:Creating environment hook '/home/jone/ws_moveit/install/moveit_ros_perception/share/moveit_ros_perception/hook/ld_library_path_lib.ps1'
[5.945s] INFO:colcon.colcon_core.shell:Creating environment descriptor '/home/jone/ws_moveit/install/moveit_ros_perception/share/moveit_ros_perception/hook/ld_library_path_lib.dsv'
[5.946s] INFO:colcon.colcon_core.shell:Creating environment hook '/home/jone/ws_moveit/install/moveit_ros_perception/share/moveit_ros_perception/hook/ld_library_path_lib.sh'
[5.946s] Level 1:colcon.colcon_core.environment:checking '/home/jone/ws_moveit/install/moveit_ros_perception/bin'
[5.946s] Level 1:colcon.colcon_core.environment:checking '/home/jone/ws_moveit/install/moveit_ros_perception/lib/pkgconfig/moveit_ros_perception.pc'
[5.946s] Level 1:colcon.colcon_core.environment:checking '/home/jone/ws_moveit/install/moveit_ros_perception/lib/python3.10/site-packages'
[5.946s] Level 1:colcon.colcon_core.environment:checking '/home/jone/ws_moveit/install/moveit_ros_perception/bin'
[5.947s] INFO:colcon.colcon_core.shell:Creating package script '/home/jone/ws_moveit/install/moveit_ros_perception/share/moveit_ros_perception/package.ps1'
[5.947s] INFO:colcon.colcon_core.shell:Creating package descriptor '/home/jone/ws_moveit/install/moveit_ros_perception/share/moveit_ros_perception/package.dsv'
[5.947s] INFO:colcon.colcon_core.shell:Creating package script '/home/jone/ws_moveit/install/moveit_ros_perception/share/moveit_ros_perception/package.sh'
[5.948s] INFO:colcon.colcon_core.shell:Creating package script '/home/jone/ws_moveit/install/moveit_ros_perception/share/moveit_ros_perception/package.bash'
[5.948s] INFO:colcon.colcon_core.shell:Creating package script '/home/jone/ws_moveit/install/moveit_ros_perception/share/moveit_ros_perception/package.zsh'
[5.948s] Level 1:colcon.colcon_core.environment:create_file_with_runtime_dependencies(/home/jone/ws_moveit/install/moveit_ros_perception/share/colcon-core/packages/moveit_ros_perception)
[5.948s] DEBUG:colcon.colcon_core.executor.sequential:run_until_complete 'moveit_ros_perception' finished with '0'
[5.948s] DEBUG:colcon.colcon_core.executor.sequential:run_until_complete 'moveit_ros_robot_interaction'
[5.948s] INFO:colcon.colcon_ros.task.ament_cmake.build:Building ROS package in '/home/jone/ws_moveit/src/moveit2/moveit_ros/robot_interaction' with build type 'ament_cmake'
[5.949s] INFO:colcon.colcon_cmake.task.cmake.build:Building CMake package in '/home/jone/ws_moveit/src/moveit2/moveit_ros/robot_interaction'
[5.949s] INFO:colcon.colcon_core.shell:Skip shell extension 'powershell' for command environment: Not usable outside of PowerShell
[5.949s] DEBUG:colcon.colcon_core.shell:Skip shell extension 'dsv' for command environment
[5.967s] DEBUG:colcon.colcon_core.event_handler.log_command:Invoking command in '/home/jone/ws_moveit/build/moveit_ros_robot_interaction': AMENT_PREFIX_PATH=/home/jone/ws_moveit/install/moveit_ros_planning:/home/jone/ws_moveit/install/moveit_ros_occupancy_map_monitor:/home/jone/ws_moveit/install/moveit_core:/home/jone/ws_moveit/install/moveit_resources_panda_moveit_config:/home/jone/ws_moveit/install/moveit_configs_utils:/home/jone/ws_moveit/install/srdfdom:/home/jone/ws_moveit/install/moveit_resources_pr2_description:/home/jone/ws_moveit/install/moveit_resources_panda_description:/home/jone/ws_moveit/install/moveit_common:/home/jone/ws_moveit/install/launch_param_builder:${AMENT_PREFIX_PATH} CMAKE_PREFIX_PATH=/home/jone/ws_moveit/install/moveit_ros_planning:/home/jone/ws_moveit/install/moveit_ros_occupancy_map_monitor:/home/jone/ws_moveit/install/moveit_core:/home/jone/ws_moveit/install/moveit_resources_panda_moveit_config:/home/jone/ws_moveit/install/srdfdom:/home/jone/ws_moveit/install/moveit_resources_pr2_description:/home/jone/ws_moveit/install/moveit_resources_panda_description:/home/jone/ws_moveit/install/moveit_common:/opt/ros/humble LD_LIBRARY_PATH=/home/jone/ws_moveit/install/moveit_ros_planning/lib:/home/jone/ws_moveit/install/moveit_ros_occupancy_map_monitor/lib:/home/jone/ws_moveit/install/moveit_core/lib:/home/jone/ws_moveit/install/srdfdom/lib:/opt/ros/humble/opt/rviz_ogre_vendor/lib:/opt/ros/humble/lib/x86_64-linux-gnu:/opt/ros/humble/lib:/usr/lib/x86_64-linux-gnu/gazebo-11/plugins:/usr/lib/x86_64-linux-gnu/gazebo-11/plugins:/usr/lib/x86_64-linux-gnu/gazebo-11/plugins PATH=/home/jone/ws_moveit/install/moveit_core/bin:${PATH} PYTHONPATH=/home/jone/ws_moveit/install/moveit_configs_utils/lib/python3.10/site-packages:/home/jone/ws_moveit/install/srdfdom/local/lib/python3.10/dist-packages:/home/jone/ws_moveit/install/launch_param_builder/lib/python3.10/site-packages:${PYTHONPATH} /usr/bin/cmake --build /home/jone/ws_moveit/build/moveit_ros_robot_interaction -- -j16 -l16
[6.079s] DEBUG:colcon.colcon_core.event_handler.log_command:Invoked command in '/home/jone/ws_moveit/build/moveit_ros_robot_interaction' returned '0': AMENT_PREFIX_PATH=/home/jone/ws_moveit/install/moveit_ros_planning:/home/jone/ws_moveit/install/moveit_ros_occupancy_map_monitor:/home/jone/ws_moveit/install/moveit_core:/home/jone/ws_moveit/install/moveit_resources_panda_moveit_config:/home/jone/ws_moveit/install/moveit_configs_utils:/home/jone/ws_moveit/install/srdfdom:/home/jone/ws_moveit/install/moveit_resources_pr2_description:/home/jone/ws_moveit/install/moveit_resources_panda_description:/home/jone/ws_moveit/install/moveit_common:/home/jone/ws_moveit/install/launch_param_builder:${AMENT_PREFIX_PATH} CMAKE_PREFIX_PATH=/home/jone/ws_moveit/install/moveit_ros_planning:/home/jone/ws_moveit/install/moveit_ros_occupancy_map_monitor:/home/jone/ws_moveit/install/moveit_core:/home/jone/ws_moveit/install/moveit_resources_panda_moveit_config:/home/jone/ws_moveit/install/srdfdom:/home/jone/ws_moveit/install/moveit_resources_pr2_description:/home/jone/ws_moveit/install/moveit_resources_panda_description:/home/jone/ws_moveit/install/moveit_common:/opt/ros/humble LD_LIBRARY_PATH=/home/jone/ws_moveit/install/moveit_ros_planning/lib:/home/jone/ws_moveit/install/moveit_ros_occupancy_map_monitor/lib:/home/jone/ws_moveit/install/moveit_core/lib:/home/jone/ws_moveit/install/srdfdom/lib:/opt/ros/humble/opt/rviz_ogre_vendor/lib:/opt/ros/humble/lib/x86_64-linux-gnu:/opt/ros/humble/lib:/usr/lib/x86_64-linux-gnu/gazebo-11/plugins:/usr/lib/x86_64-linux-gnu/gazebo-11/plugins:/usr/lib/x86_64-linux-gnu/gazebo-11/plugins PATH=/home/jone/ws_moveit/install/moveit_core/bin:${PATH} PYTHONPATH=/home/jone/ws_moveit/install/moveit_configs_utils/lib/python3.10/site-packages:/home/jone/ws_moveit/install/srdfdom/local/lib/python3.10/dist-packages:/home/jone/ws_moveit/install/launch_param_builder/lib/python3.10/site-packages:${PYTHONPATH} /usr/bin/cmake --build /home/jone/ws_moveit/build/moveit_ros_robot_interaction -- -j16 -l16
[6.080s] DEBUG:colcon.colcon_core.event_handler.log_command:Invoking command in '/home/jone/ws_moveit/build/moveit_ros_robot_interaction': AMENT_PREFIX_PATH=/home/jone/ws_moveit/install/moveit_ros_planning:/home/jone/ws_moveit/install/moveit_ros_occupancy_map_monitor:/home/jone/ws_moveit/install/moveit_core:/home/jone/ws_moveit/install/moveit_resources_panda_moveit_config:/home/jone/ws_moveit/install/moveit_configs_utils:/home/jone/ws_moveit/install/srdfdom:/home/jone/ws_moveit/install/moveit_resources_pr2_description:/home/jone/ws_moveit/install/moveit_resources_panda_description:/home/jone/ws_moveit/install/moveit_common:/home/jone/ws_moveit/install/launch_param_builder:${AMENT_PREFIX_PATH} CMAKE_PREFIX_PATH=/home/jone/ws_moveit/install/moveit_ros_planning:/home/jone/ws_moveit/install/moveit_ros_occupancy_map_monitor:/home/jone/ws_moveit/install/moveit_core:/home/jone/ws_moveit/install/moveit_resources_panda_moveit_config:/home/jone/ws_moveit/install/srdfdom:/home/jone/ws_moveit/install/moveit_resources_pr2_description:/home/jone/ws_moveit/install/moveit_resources_panda_description:/home/jone/ws_moveit/install/moveit_common:/opt/ros/humble LD_LIBRARY_PATH=/home/jone/ws_moveit/install/moveit_ros_planning/lib:/home/jone/ws_moveit/install/moveit_ros_occupancy_map_monitor/lib:/home/jone/ws_moveit/install/moveit_core/lib:/home/jone/ws_moveit/install/srdfdom/lib:/opt/ros/humble/opt/rviz_ogre_vendor/lib:/opt/ros/humble/lib/x86_64-linux-gnu:/opt/ros/humble/lib:/usr/lib/x86_64-linux-gnu/gazebo-11/plugins:/usr/lib/x86_64-linux-gnu/gazebo-11/plugins:/usr/lib/x86_64-linux-gnu/gazebo-11/plugins PATH=/home/jone/ws_moveit/install/moveit_core/bin:${PATH} PYTHONPATH=/home/jone/ws_moveit/install/moveit_configs_utils/lib/python3.10/site-packages:/home/jone/ws_moveit/install/srdfdom/local/lib/python3.10/dist-packages:/home/jone/ws_moveit/install/launch_param_builder/lib/python3.10/site-packages:${PYTHONPATH} /usr/bin/cmake --install /home/jone/ws_moveit/build/moveit_ros_robot_interaction
[6.089s] Level 1:colcon.colcon_core.environment:create_environment_scripts_only(moveit_ros_robot_interaction)
[6.089s] Level 1:colcon.colcon_core.environment:checking '/home/jone/ws_moveit/install/moveit_ros_robot_interaction' for CMake module files
[6.090s] DEBUG:colcon.colcon_core.event_handler.log_command:Invoked command in '/home/jone/ws_moveit/build/moveit_ros_robot_interaction' returned '0': AMENT_PREFIX_PATH=/home/jone/ws_moveit/install/moveit_ros_planning:/home/jone/ws_moveit/install/moveit_ros_occupancy_map_monitor:/home/jone/ws_moveit/install/moveit_core:/home/jone/ws_moveit/install/moveit_resources_panda_moveit_config:/home/jone/ws_moveit/install/moveit_configs_utils:/home/jone/ws_moveit/install/srdfdom:/home/jone/ws_moveit/install/moveit_resources_pr2_description:/home/jone/ws_moveit/install/moveit_resources_panda_description:/home/jone/ws_moveit/install/moveit_common:/home/jone/ws_moveit/install/launch_param_builder:${AMENT_PREFIX_PATH} CMAKE_PREFIX_PATH=/home/jone/ws_moveit/install/moveit_ros_planning:/home/jone/ws_moveit/install/moveit_ros_occupancy_map_monitor:/home/jone/ws_moveit/install/moveit_core:/home/jone/ws_moveit/install/moveit_resources_panda_moveit_config:/home/jone/ws_moveit/install/srdfdom:/home/jone/ws_moveit/install/moveit_resources_pr2_description:/home/jone/ws_moveit/install/moveit_resources_panda_description:/home/jone/ws_moveit/install/moveit_common:/opt/ros/humble LD_LIBRARY_PATH=/home/jone/ws_moveit/install/moveit_ros_planning/lib:/home/jone/ws_moveit/install/moveit_ros_occupancy_map_monitor/lib:/home/jone/ws_moveit/install/moveit_core/lib:/home/jone/ws_moveit/install/srdfdom/lib:/opt/ros/humble/opt/rviz_ogre_vendor/lib:/opt/ros/humble/lib/x86_64-linux-gnu:/opt/ros/humble/lib:/usr/lib/x86_64-linux-gnu/gazebo-11/plugins:/usr/lib/x86_64-linux-gnu/gazebo-11/plugins:/usr/lib/x86_64-linux-gnu/gazebo-11/plugins PATH=/home/jone/ws_moveit/install/moveit_core/bin:${PATH} PYTHONPATH=/home/jone/ws_moveit/install/moveit_configs_utils/lib/python3.10/site-packages:/home/jone/ws_moveit/install/srdfdom/local/lib/python3.10/dist-packages:/home/jone/ws_moveit/install/launch_param_builder/lib/python3.10/site-packages:${PYTHONPATH} /usr/bin/cmake --install /home/jone/ws_moveit/build/moveit_ros_robot_interaction
[6.090s] Level 1:colcon.colcon_core.environment:checking '/home/jone/ws_moveit/install/moveit_ros_robot_interaction' for CMake config files
[6.090s] Level 1:colcon.colcon_core.shell:create_environment_hook('moveit_ros_robot_interaction', 'cmake_prefix_path')
[6.090s] INFO:colcon.colcon_core.shell:Creating environment hook '/home/jone/ws_moveit/install/moveit_ros_robot_interaction/share/moveit_ros_robot_interaction/hook/cmake_prefix_path.ps1'
[6.091s] INFO:colcon.colcon_core.shell:Creating environment descriptor '/home/jone/ws_moveit/install/moveit_ros_robot_interaction/share/moveit_ros_robot_interaction/hook/cmake_prefix_path.dsv'
[6.091s] INFO:colcon.colcon_core.shell:Creating environment hook '/home/jone/ws_moveit/install/moveit_ros_robot_interaction/share/moveit_ros_robot_interaction/hook/cmake_prefix_path.sh'
[6.091s] Level 1:colcon.colcon_core.environment:checking '/home/jone/ws_moveit/install/moveit_ros_robot_interaction/lib'
[6.091s] Level 1:colcon.colcon_core.shell:create_environment_hook('moveit_ros_robot_interaction', 'ld_library_path_lib')
[6.091s] INFO:colcon.colcon_core.shell:Creating environment hook '/home/jone/ws_moveit/install/moveit_ros_robot_interaction/share/moveit_ros_robot_interaction/hook/ld_library_path_lib.ps1'
[6.092s] INFO:colcon.colcon_core.shell:Creating environment descriptor '/home/jone/ws_moveit/install/moveit_ros_robot_interaction/share/moveit_ros_robot_interaction/hook/ld_library_path_lib.dsv'
[6.092s] INFO:colcon.colcon_core.shell:Creating environment hook '/home/jone/ws_moveit/install/moveit_ros_robot_interaction/share/moveit_ros_robot_interaction/hook/ld_library_path_lib.sh'
[6.092s] Level 1:colcon.colcon_core.environment:checking '/home/jone/ws_moveit/install/moveit_ros_robot_interaction/bin'
[6.092s] Level 1:colcon.colcon_core.environment:checking '/home/jone/ws_moveit/install/moveit_ros_robot_interaction/lib/pkgconfig/moveit_ros_robot_interaction.pc'
[6.092s] Level 1:colcon.colcon_core.environment:checking '/home/jone/ws_moveit/install/moveit_ros_robot_interaction/lib/python3.10/site-packages'
[6.093s] Level 1:colcon.colcon_core.environment:checking '/home/jone/ws_moveit/install/moveit_ros_robot_interaction/bin'
[6.093s] INFO:colcon.colcon_core.shell:Creating package script '/home/jone/ws_moveit/install/moveit_ros_robot_interaction/share/moveit_ros_robot_interaction/package.ps1'
[6.093s] INFO:colcon.colcon_core.shell:Creating package descriptor '/home/jone/ws_moveit/install/moveit_ros_robot_interaction/share/moveit_ros_robot_interaction/package.dsv'
[6.094s] INFO:colcon.colcon_core.shell:Creating package script '/home/jone/ws_moveit/install/moveit_ros_robot_interaction/share/moveit_ros_robot_interaction/package.sh'
[6.094s] INFO:colcon.colcon_core.shell:Creating package script '/home/jone/ws_moveit/install/moveit_ros_robot_interaction/share/moveit_ros_robot_interaction/package.bash'
[6.094s] INFO:colcon.colcon_core.shell:Creating package script '/home/jone/ws_moveit/install/moveit_ros_robot_interaction/share/moveit_ros_robot_interaction/package.zsh'
[6.094s] Level 1:colcon.colcon_core.environment:create_file_with_runtime_dependencies(/home/jone/ws_moveit/install/moveit_ros_robot_interaction/share/colcon-core/packages/moveit_ros_robot_interaction)
[6.095s] Level 1:colcon.colcon_core.environment:create_environment_scripts_only(moveit_ros_robot_interaction)
[6.095s] Level 1:colcon.colcon_core.environment:checking '/home/jone/ws_moveit/install/moveit_ros_robot_interaction' for CMake module files
[6.095s] Level 1:colcon.colcon_core.environment:checking '/home/jone/ws_moveit/install/moveit_ros_robot_interaction' for CMake config files
[6.095s] Level 1:colcon.colcon_core.shell:create_environment_hook('moveit_ros_robot_interaction', 'cmake_prefix_path')
[6.095s] INFO:colcon.colcon_core.shell:Creating environment hook '/home/jone/ws_moveit/install/moveit_ros_robot_interaction/share/moveit_ros_robot_interaction/hook/cmake_prefix_path.ps1'
[6.096s] INFO:colcon.colcon_core.shell:Creating environment descriptor '/home/jone/ws_moveit/install/moveit_ros_robot_interaction/share/moveit_ros_robot_interaction/hook/cmake_prefix_path.dsv'
[6.096s] INFO:colcon.colcon_core.shell:Creating environment hook '/home/jone/ws_moveit/install/moveit_ros_robot_interaction/share/moveit_ros_robot_interaction/hook/cmake_prefix_path.sh'
[6.096s] Level 1:colcon.colcon_core.environment:checking '/home/jone/ws_moveit/install/moveit_ros_robot_interaction/lib'
[6.096s] Level 1:colcon.colcon_core.shell:create_environment_hook('moveit_ros_robot_interaction', 'ld_library_path_lib')
[6.097s] INFO:colcon.colcon_core.shell:Creating environment hook '/home/jone/ws_moveit/install/moveit_ros_robot_interaction/share/moveit_ros_robot_interaction/hook/ld_library_path_lib.ps1'
[6.097s] INFO:colcon.colcon_core.shell:Creating environment descriptor '/home/jone/ws_moveit/install/moveit_ros_robot_interaction/share/moveit_ros_robot_interaction/hook/ld_library_path_lib.dsv'
[6.097s] INFO:colcon.colcon_core.shell:Creating environment hook '/home/jone/ws_moveit/install/moveit_ros_robot_interaction/share/moveit_ros_robot_interaction/hook/ld_library_path_lib.sh'
[6.097s] Level 1:colcon.colcon_core.environment:checking '/home/jone/ws_moveit/install/moveit_ros_robot_interaction/bin'
[6.097s] Level 1:colcon.colcon_core.environment:checking '/home/jone/ws_moveit/install/moveit_ros_robot_interaction/lib/pkgconfig/moveit_ros_robot_interaction.pc'
[6.097s] Level 1:colcon.colcon_core.environment:checking '/home/jone/ws_moveit/install/moveit_ros_robot_interaction/lib/python3.10/site-packages'
[6.098s] Level 1:colcon.colcon_core.environment:checking '/home/jone/ws_moveit/install/moveit_ros_robot_interaction/bin'
[6.098s] INFO:colcon.colcon_core.shell:Creating package script '/home/jone/ws_moveit/install/moveit_ros_robot_interaction/share/moveit_ros_robot_interaction/package.ps1'
[6.098s] INFO:colcon.colcon_core.shell:Creating package descriptor '/home/jone/ws_moveit/install/moveit_ros_robot_interaction/share/moveit_ros_robot_interaction/package.dsv'
[6.099s] INFO:colcon.colcon_core.shell:Creating package script '/home/jone/ws_moveit/install/moveit_ros_robot_interaction/share/moveit_ros_robot_interaction/package.sh'
[6.099s] INFO:colcon.colcon_core.shell:Creating package script '/home/jone/ws_moveit/install/moveit_ros_robot_interaction/share/moveit_ros_robot_interaction/package.bash'
[6.099s] INFO:colcon.colcon_core.shell:Creating package script '/home/jone/ws_moveit/install/moveit_ros_robot_interaction/share/moveit_ros_robot_interaction/package.zsh'
[6.099s] Level 1:colcon.colcon_core.environment:create_file_with_runtime_dependencies(/home/jone/ws_moveit/install/moveit_ros_robot_interaction/share/colcon-core/packages/moveit_ros_robot_interaction)
[6.100s] DEBUG:colcon.colcon_core.executor.sequential:run_until_complete 'moveit_ros_robot_interaction' finished with '0'
[6.100s] DEBUG:colcon.colcon_core.executor.sequential:run_until_complete 'moveit_ros_warehouse'
[6.100s] INFO:colcon.colcon_ros.task.ament_cmake.build:Building ROS package in '/home/jone/ws_moveit/src/moveit2/moveit_ros/warehouse' with build type 'ament_cmake'
[6.100s] INFO:colcon.colcon_cmake.task.cmake.build:Building CMake package in '/home/jone/ws_moveit/src/moveit2/moveit_ros/warehouse'
[6.100s] INFO:colcon.colcon_core.shell:Skip shell extension 'powershell' for command environment: Not usable outside of PowerShell
[6.100s] DEBUG:colcon.colcon_core.shell:Skip shell extension 'dsv' for command environment
[6.118s] DEBUG:colcon.colcon_core.event_handler.log_command:Invoking command in '/home/jone/ws_moveit/build/moveit_ros_warehouse': AMENT_PREFIX_PATH=/home/jone/ws_moveit/install/moveit_ros_planning:/home/jone/ws_moveit/install/moveit_ros_occupancy_map_monitor:/home/jone/ws_moveit/install/moveit_core:/home/jone/ws_moveit/install/moveit_resources_panda_moveit_config:/home/jone/ws_moveit/install/moveit_configs_utils:/home/jone/ws_moveit/install/srdfdom:/home/jone/ws_moveit/install/moveit_resources_pr2_description:/home/jone/ws_moveit/install/moveit_resources_panda_description:/home/jone/ws_moveit/install/moveit_common:/home/jone/ws_moveit/install/launch_param_builder:${AMENT_PREFIX_PATH} CMAKE_PREFIX_PATH=/home/jone/ws_moveit/install/moveit_ros_planning:/home/jone/ws_moveit/install/moveit_ros_occupancy_map_monitor:/home/jone/ws_moveit/install/moveit_core:/home/jone/ws_moveit/install/moveit_resources_panda_moveit_config:/home/jone/ws_moveit/install/srdfdom:/home/jone/ws_moveit/install/moveit_resources_pr2_description:/home/jone/ws_moveit/install/moveit_resources_panda_description:/home/jone/ws_moveit/install/moveit_common:/opt/ros/humble LD_LIBRARY_PATH=/home/jone/ws_moveit/install/moveit_ros_planning/lib:/home/jone/ws_moveit/install/moveit_ros_occupancy_map_monitor/lib:/home/jone/ws_moveit/install/moveit_core/lib:/home/jone/ws_moveit/install/srdfdom/lib:/opt/ros/humble/opt/rviz_ogre_vendor/lib:/opt/ros/humble/lib/x86_64-linux-gnu:/opt/ros/humble/lib:/usr/lib/x86_64-linux-gnu/gazebo-11/plugins:/usr/lib/x86_64-linux-gnu/gazebo-11/plugins:/usr/lib/x86_64-linux-gnu/gazebo-11/plugins PATH=/home/jone/ws_moveit/install/moveit_core/bin:${PATH} PYTHONPATH=/home/jone/ws_moveit/install/moveit_configs_utils/lib/python3.10/site-packages:/home/jone/ws_moveit/install/srdfdom/local/lib/python3.10/dist-packages:/home/jone/ws_moveit/install/launch_param_builder/lib/python3.10/site-packages:${PYTHONPATH} /usr/bin/cmake --build /home/jone/ws_moveit/build/moveit_ros_warehouse -- -j16 -l16
[6.240s] DEBUG:colcon.colcon_core.event_handler.log_command:Invoked command in '/home/jone/ws_moveit/build/moveit_ros_warehouse' returned '0': AMENT_PREFIX_PATH=/home/jone/ws_moveit/install/moveit_ros_planning:/home/jone/ws_moveit/install/moveit_ros_occupancy_map_monitor:/home/jone/ws_moveit/install/moveit_core:/home/jone/ws_moveit/install/moveit_resources_panda_moveit_config:/home/jone/ws_moveit/install/moveit_configs_utils:/home/jone/ws_moveit/install/srdfdom:/home/jone/ws_moveit/install/moveit_resources_pr2_description:/home/jone/ws_moveit/install/moveit_resources_panda_description:/home/jone/ws_moveit/install/moveit_common:/home/jone/ws_moveit/install/launch_param_builder:${AMENT_PREFIX_PATH} CMAKE_PREFIX_PATH=/home/jone/ws_moveit/install/moveit_ros_planning:/home/jone/ws_moveit/install/moveit_ros_occupancy_map_monitor:/home/jone/ws_moveit/install/moveit_core:/home/jone/ws_moveit/install/moveit_resources_panda_moveit_config:/home/jone/ws_moveit/install/srdfdom:/home/jone/ws_moveit/install/moveit_resources_pr2_description:/home/jone/ws_moveit/install/moveit_resources_panda_description:/home/jone/ws_moveit/install/moveit_common:/opt/ros/humble LD_LIBRARY_PATH=/home/jone/ws_moveit/install/moveit_ros_planning/lib:/home/jone/ws_moveit/install/moveit_ros_occupancy_map_monitor/lib:/home/jone/ws_moveit/install/moveit_core/lib:/home/jone/ws_moveit/install/srdfdom/lib:/opt/ros/humble/opt/rviz_ogre_vendor/lib:/opt/ros/humble/lib/x86_64-linux-gnu:/opt/ros/humble/lib:/usr/lib/x86_64-linux-gnu/gazebo-11/plugins:/usr/lib/x86_64-linux-gnu/gazebo-11/plugins:/usr/lib/x86_64-linux-gnu/gazebo-11/plugins PATH=/home/jone/ws_moveit/install/moveit_core/bin:${PATH} PYTHONPATH=/home/jone/ws_moveit/install/moveit_configs_utils/lib/python3.10/site-packages:/home/jone/ws_moveit/install/srdfdom/local/lib/python3.10/dist-packages:/home/jone/ws_moveit/install/launch_param_builder/lib/python3.10/site-packages:${PYTHONPATH} /usr/bin/cmake --build /home/jone/ws_moveit/build/moveit_ros_warehouse -- -j16 -l16
[6.242s] DEBUG:colcon.colcon_core.event_handler.log_command:Invoking command in '/home/jone/ws_moveit/build/moveit_ros_warehouse': AMENT_PREFIX_PATH=/home/jone/ws_moveit/install/moveit_ros_planning:/home/jone/ws_moveit/install/moveit_ros_occupancy_map_monitor:/home/jone/ws_moveit/install/moveit_core:/home/jone/ws_moveit/install/moveit_resources_panda_moveit_config:/home/jone/ws_moveit/install/moveit_configs_utils:/home/jone/ws_moveit/install/srdfdom:/home/jone/ws_moveit/install/moveit_resources_pr2_description:/home/jone/ws_moveit/install/moveit_resources_panda_description:/home/jone/ws_moveit/install/moveit_common:/home/jone/ws_moveit/install/launch_param_builder:${AMENT_PREFIX_PATH} CMAKE_PREFIX_PATH=/home/jone/ws_moveit/install/moveit_ros_planning:/home/jone/ws_moveit/install/moveit_ros_occupancy_map_monitor:/home/jone/ws_moveit/install/moveit_core:/home/jone/ws_moveit/install/moveit_resources_panda_moveit_config:/home/jone/ws_moveit/install/srdfdom:/home/jone/ws_moveit/install/moveit_resources_pr2_description:/home/jone/ws_moveit/install/moveit_resources_panda_description:/home/jone/ws_moveit/install/moveit_common:/opt/ros/humble LD_LIBRARY_PATH=/home/jone/ws_moveit/install/moveit_ros_planning/lib:/home/jone/ws_moveit/install/moveit_ros_occupancy_map_monitor/lib:/home/jone/ws_moveit/install/moveit_core/lib:/home/jone/ws_moveit/install/srdfdom/lib:/opt/ros/humble/opt/rviz_ogre_vendor/lib:/opt/ros/humble/lib/x86_64-linux-gnu:/opt/ros/humble/lib:/usr/lib/x86_64-linux-gnu/gazebo-11/plugins:/usr/lib/x86_64-linux-gnu/gazebo-11/plugins:/usr/lib/x86_64-linux-gnu/gazebo-11/plugins PATH=/home/jone/ws_moveit/install/moveit_core/bin:${PATH} PYTHONPATH=/home/jone/ws_moveit/install/moveit_configs_utils/lib/python3.10/site-packages:/home/jone/ws_moveit/install/srdfdom/local/lib/python3.10/dist-packages:/home/jone/ws_moveit/install/launch_param_builder/lib/python3.10/site-packages:${PYTHONPATH} /usr/bin/cmake --install /home/jone/ws_moveit/build/moveit_ros_warehouse
[6.253s] Level 1:colcon.colcon_core.environment:create_environment_scripts_only(moveit_ros_warehouse)
[6.254s] Level 1:colcon.colcon_core.environment:checking '/home/jone/ws_moveit/install/moveit_ros_warehouse' for CMake module files
[6.254s] DEBUG:colcon.colcon_core.event_handler.log_command:Invoked command in '/home/jone/ws_moveit/build/moveit_ros_warehouse' returned '0': AMENT_PREFIX_PATH=/home/jone/ws_moveit/install/moveit_ros_planning:/home/jone/ws_moveit/install/moveit_ros_occupancy_map_monitor:/home/jone/ws_moveit/install/moveit_core:/home/jone/ws_moveit/install/moveit_resources_panda_moveit_config:/home/jone/ws_moveit/install/moveit_configs_utils:/home/jone/ws_moveit/install/srdfdom:/home/jone/ws_moveit/install/moveit_resources_pr2_description:/home/jone/ws_moveit/install/moveit_resources_panda_description:/home/jone/ws_moveit/install/moveit_common:/home/jone/ws_moveit/install/launch_param_builder:${AMENT_PREFIX_PATH} CMAKE_PREFIX_PATH=/home/jone/ws_moveit/install/moveit_ros_planning:/home/jone/ws_moveit/install/moveit_ros_occupancy_map_monitor:/home/jone/ws_moveit/install/moveit_core:/home/jone/ws_moveit/install/moveit_resources_panda_moveit_config:/home/jone/ws_moveit/install/srdfdom:/home/jone/ws_moveit/install/moveit_resources_pr2_description:/home/jone/ws_moveit/install/moveit_resources_panda_description:/home/jone/ws_moveit/install/moveit_common:/opt/ros/humble LD_LIBRARY_PATH=/home/jone/ws_moveit/install/moveit_ros_planning/lib:/home/jone/ws_moveit/install/moveit_ros_occupancy_map_monitor/lib:/home/jone/ws_moveit/install/moveit_core/lib:/home/jone/ws_moveit/install/srdfdom/lib:/opt/ros/humble/opt/rviz_ogre_vendor/lib:/opt/ros/humble/lib/x86_64-linux-gnu:/opt/ros/humble/lib:/usr/lib/x86_64-linux-gnu/gazebo-11/plugins:/usr/lib/x86_64-linux-gnu/gazebo-11/plugins:/usr/lib/x86_64-linux-gnu/gazebo-11/plugins PATH=/home/jone/ws_moveit/install/moveit_core/bin:${PATH} PYTHONPATH=/home/jone/ws_moveit/install/moveit_configs_utils/lib/python3.10/site-packages:/home/jone/ws_moveit/install/srdfdom/local/lib/python3.10/dist-packages:/home/jone/ws_moveit/install/launch_param_builder/lib/python3.10/site-packages:${PYTHONPATH} /usr/bin/cmake --install /home/jone/ws_moveit/build/moveit_ros_warehouse
[6.254s] Level 1:colcon.colcon_core.environment:checking '/home/jone/ws_moveit/install/moveit_ros_warehouse' for CMake config files
[6.255s] Level 1:colcon.colcon_core.shell:create_environment_hook('moveit_ros_warehouse', 'cmake_prefix_path')
[6.255s] INFO:colcon.colcon_core.shell:Creating environment hook '/home/jone/ws_moveit/install/moveit_ros_warehouse/share/moveit_ros_warehouse/hook/cmake_prefix_path.ps1'
[6.255s] INFO:colcon.colcon_core.shell:Creating environment descriptor '/home/jone/ws_moveit/install/moveit_ros_warehouse/share/moveit_ros_warehouse/hook/cmake_prefix_path.dsv'
[6.255s] INFO:colcon.colcon_core.shell:Creating environment hook '/home/jone/ws_moveit/install/moveit_ros_warehouse/share/moveit_ros_warehouse/hook/cmake_prefix_path.sh'
[6.256s] Level 1:colcon.colcon_core.environment:checking '/home/jone/ws_moveit/install/moveit_ros_warehouse/lib'
[6.256s] Level 1:colcon.colcon_core.shell:create_environment_hook('moveit_ros_warehouse', 'ld_library_path_lib')
[6.256s] INFO:colcon.colcon_core.shell:Creating environment hook '/home/jone/ws_moveit/install/moveit_ros_warehouse/share/moveit_ros_warehouse/hook/ld_library_path_lib.ps1'
[6.256s] INFO:colcon.colcon_core.shell:Creating environment descriptor '/home/jone/ws_moveit/install/moveit_ros_warehouse/share/moveit_ros_warehouse/hook/ld_library_path_lib.dsv'
[6.256s] INFO:colcon.colcon_core.shell:Creating environment hook '/home/jone/ws_moveit/install/moveit_ros_warehouse/share/moveit_ros_warehouse/hook/ld_library_path_lib.sh'
[6.257s] Level 1:colcon.colcon_core.environment:checking '/home/jone/ws_moveit/install/moveit_ros_warehouse/bin'
[6.257s] Level 1:colcon.colcon_core.environment:checking '/home/jone/ws_moveit/install/moveit_ros_warehouse/lib/pkgconfig/moveit_ros_warehouse.pc'
[6.257s] Level 1:colcon.colcon_core.environment:checking '/home/jone/ws_moveit/install/moveit_ros_warehouse/lib/python3.10/site-packages'
[6.257s] Level 1:colcon.colcon_core.environment:checking '/home/jone/ws_moveit/install/moveit_ros_warehouse/bin'
[6.257s] INFO:colcon.colcon_core.shell:Creating package script '/home/jone/ws_moveit/install/moveit_ros_warehouse/share/moveit_ros_warehouse/package.ps1'
[6.258s] INFO:colcon.colcon_core.shell:Creating package descriptor '/home/jone/ws_moveit/install/moveit_ros_warehouse/share/moveit_ros_warehouse/package.dsv'
[6.258s] INFO:colcon.colcon_core.shell:Creating package script '/home/jone/ws_moveit/install/moveit_ros_warehouse/share/moveit_ros_warehouse/package.sh'
[6.258s] INFO:colcon.colcon_core.shell:Creating package script '/home/jone/ws_moveit/install/moveit_ros_warehouse/share/moveit_ros_warehouse/package.bash'
[6.259s] INFO:colcon.colcon_core.shell:Creating package script '/home/jone/ws_moveit/install/moveit_ros_warehouse/share/moveit_ros_warehouse/package.zsh'
[6.259s] Level 1:colcon.colcon_core.environment:create_file_with_runtime_dependencies(/home/jone/ws_moveit/install/moveit_ros_warehouse/share/colcon-core/packages/moveit_ros_warehouse)
[6.259s] Level 1:colcon.colcon_core.environment:create_environment_scripts_only(moveit_ros_warehouse)
[6.259s] Level 1:colcon.colcon_core.environment:checking '/home/jone/ws_moveit/install/moveit_ros_warehouse' for CMake module files
[6.260s] Level 1:colcon.colcon_core.environment:checking '/home/jone/ws_moveit/install/moveit_ros_warehouse' for CMake config files
[6.260s] Level 1:colcon.colcon_core.shell:create_environment_hook('moveit_ros_warehouse', 'cmake_prefix_path')
[6.260s] INFO:colcon.colcon_core.shell:Creating environment hook '/home/jone/ws_moveit/install/moveit_ros_warehouse/share/moveit_ros_warehouse/hook/cmake_prefix_path.ps1'
[6.260s] INFO:colcon.colcon_core.shell:Creating environment descriptor '/home/jone/ws_moveit/install/moveit_ros_warehouse/share/moveit_ros_warehouse/hook/cmake_prefix_path.dsv'
[6.261s] INFO:colcon.colcon_core.shell:Creating environment hook '/home/jone/ws_moveit/install/moveit_ros_warehouse/share/moveit_ros_warehouse/hook/cmake_prefix_path.sh'
[6.261s] Level 1:colcon.colcon_core.environment:checking '/home/jone/ws_moveit/install/moveit_ros_warehouse/lib'
[6.261s] Level 1:colcon.colcon_core.shell:create_environment_hook('moveit_ros_warehouse', 'ld_library_path_lib')
[6.261s] INFO:colcon.colcon_core.shell:Creating environment hook '/home/jone/ws_moveit/install/moveit_ros_warehouse/share/moveit_ros_warehouse/hook/ld_library_path_lib.ps1'
[6.261s] INFO:colcon.colcon_core.shell:Creating environment descriptor '/home/jone/ws_moveit/install/moveit_ros_warehouse/share/moveit_ros_warehouse/hook/ld_library_path_lib.dsv'
[6.262s] INFO:colcon.colcon_core.shell:Creating environment hook '/home/jone/ws_moveit/install/moveit_ros_warehouse/share/moveit_ros_warehouse/hook/ld_library_path_lib.sh'
[6.262s] Level 1:colcon.colcon_core.environment:checking '/home/jone/ws_moveit/install/moveit_ros_warehouse/bin'
[6.262s] Level 1:colcon.colcon_core.environment:checking '/home/jone/ws_moveit/install/moveit_ros_warehouse/lib/pkgconfig/moveit_ros_warehouse.pc'
[6.262s] Level 1:colcon.colcon_core.environment:checking '/home/jone/ws_moveit/install/moveit_ros_warehouse/lib/python3.10/site-packages'
[6.262s] Level 1:colcon.colcon_core.environment:checking '/home/jone/ws_moveit/install/moveit_ros_warehouse/bin'
[6.263s] INFO:colcon.colcon_core.shell:Creating package script '/home/jone/ws_moveit/install/moveit_ros_warehouse/share/moveit_ros_warehouse/package.ps1'
[6.263s] INFO:colcon.colcon_core.shell:Creating package descriptor '/home/jone/ws_moveit/install/moveit_ros_warehouse/share/moveit_ros_warehouse/package.dsv'
[6.263s] INFO:colcon.colcon_core.shell:Creating package script '/home/jone/ws_moveit/install/moveit_ros_warehouse/share/moveit_ros_warehouse/package.sh'
[6.264s] INFO:colcon.colcon_core.shell:Creating package script '/home/jone/ws_moveit/install/moveit_ros_warehouse/share/moveit_ros_warehouse/package.bash'
[6.264s] INFO:colcon.colcon_core.shell:Creating package script '/home/jone/ws_moveit/install/moveit_ros_warehouse/share/moveit_ros_warehouse/package.zsh'
[6.264s] Level 1:colcon.colcon_core.environment:create_file_with_runtime_dependencies(/home/jone/ws_moveit/install/moveit_ros_warehouse/share/colcon-core/packages/moveit_ros_warehouse)
[6.264s] DEBUG:colcon.colcon_core.executor.sequential:run_until_complete 'moveit_ros_warehouse' finished with '0'
[6.264s] DEBUG:colcon.colcon_core.executor.sequential:run_until_complete 'moveit_visual_tools'
[6.264s] INFO:colcon.colcon_ros.task.ament_cmake.build:Building ROS package in '/home/jone/ws_moveit/src/moveit_visual_tools' with build type 'ament_cmake'
[6.264s] INFO:colcon.colcon_cmake.task.cmake.build:Building CMake package in '/home/jone/ws_moveit/src/moveit_visual_tools'
[6.265s] INFO:colcon.colcon_core.shell:Skip shell extension 'powershell' for command environment: Not usable outside of PowerShell
[6.265s] DEBUG:colcon.colcon_core.shell:Skip shell extension 'dsv' for command environment
[6.283s] DEBUG:colcon.colcon_core.event_handler.log_command:Invoking command in '/home/jone/ws_moveit/build/moveit_visual_tools': AMENT_PREFIX_PATH=/home/jone/ws_moveit/install/moveit_ros_planning:/home/jone/ws_moveit/install/moveit_ros_occupancy_map_monitor:/home/jone/ws_moveit/install/moveit_core:/home/jone/ws_moveit/install/moveit_resources_panda_moveit_config:/home/jone/ws_moveit/install/moveit_configs_utils:/home/jone/ws_moveit/install/srdfdom:/home/jone/ws_moveit/install/moveit_resources_pr2_description:/home/jone/ws_moveit/install/moveit_resources_panda_description:/home/jone/ws_moveit/install/moveit_common:/home/jone/ws_moveit/install/launch_param_builder:${AMENT_PREFIX_PATH} CMAKE_PREFIX_PATH=/home/jone/ws_moveit/install/moveit_ros_planning:/home/jone/ws_moveit/install/moveit_ros_occupancy_map_monitor:/home/jone/ws_moveit/install/moveit_core:/home/jone/ws_moveit/install/moveit_resources_panda_moveit_config:/home/jone/ws_moveit/install/srdfdom:/home/jone/ws_moveit/install/moveit_resources_pr2_description:/home/jone/ws_moveit/install/moveit_resources_panda_description:/home/jone/ws_moveit/install/moveit_common:/opt/ros/humble LD_LIBRARY_PATH=/home/jone/ws_moveit/install/moveit_ros_planning/lib:/home/jone/ws_moveit/install/moveit_ros_occupancy_map_monitor/lib:/home/jone/ws_moveit/install/moveit_core/lib:/home/jone/ws_moveit/install/srdfdom/lib:/opt/ros/humble/opt/rviz_ogre_vendor/lib:/opt/ros/humble/lib/x86_64-linux-gnu:/opt/ros/humble/lib:/usr/lib/x86_64-linux-gnu/gazebo-11/plugins:/usr/lib/x86_64-linux-gnu/gazebo-11/plugins:/usr/lib/x86_64-linux-gnu/gazebo-11/plugins PATH=/home/jone/ws_moveit/install/moveit_core/bin:${PATH} PYTHONPATH=/home/jone/ws_moveit/install/moveit_configs_utils/lib/python3.10/site-packages:/home/jone/ws_moveit/install/srdfdom/local/lib/python3.10/dist-packages:/home/jone/ws_moveit/install/launch_param_builder/lib/python3.10/site-packages:${PYTHONPATH} /usr/bin/cmake --build /home/jone/ws_moveit/build/moveit_visual_tools -- -j16 -l16
[6.406s] DEBUG:colcon.colcon_core.event_handler.log_command:Invoked command in '/home/jone/ws_moveit/build/moveit_visual_tools' returned '0': AMENT_PREFIX_PATH=/home/jone/ws_moveit/install/moveit_ros_planning:/home/jone/ws_moveit/install/moveit_ros_occupancy_map_monitor:/home/jone/ws_moveit/install/moveit_core:/home/jone/ws_moveit/install/moveit_resources_panda_moveit_config:/home/jone/ws_moveit/install/moveit_configs_utils:/home/jone/ws_moveit/install/srdfdom:/home/jone/ws_moveit/install/moveit_resources_pr2_description:/home/jone/ws_moveit/install/moveit_resources_panda_description:/home/jone/ws_moveit/install/moveit_common:/home/jone/ws_moveit/install/launch_param_builder:${AMENT_PREFIX_PATH} CMAKE_PREFIX_PATH=/home/jone/ws_moveit/install/moveit_ros_planning:/home/jone/ws_moveit/install/moveit_ros_occupancy_map_monitor:/home/jone/ws_moveit/install/moveit_core:/home/jone/ws_moveit/install/moveit_resources_panda_moveit_config:/home/jone/ws_moveit/install/srdfdom:/home/jone/ws_moveit/install/moveit_resources_pr2_description:/home/jone/ws_moveit/install/moveit_resources_panda_description:/home/jone/ws_moveit/install/moveit_common:/opt/ros/humble LD_LIBRARY_PATH=/home/jone/ws_moveit/install/moveit_ros_planning/lib:/home/jone/ws_moveit/install/moveit_ros_occupancy_map_monitor/lib:/home/jone/ws_moveit/install/moveit_core/lib:/home/jone/ws_moveit/install/srdfdom/lib:/opt/ros/humble/opt/rviz_ogre_vendor/lib:/opt/ros/humble/lib/x86_64-linux-gnu:/opt/ros/humble/lib:/usr/lib/x86_64-linux-gnu/gazebo-11/plugins:/usr/lib/x86_64-linux-gnu/gazebo-11/plugins:/usr/lib/x86_64-linux-gnu/gazebo-11/plugins PATH=/home/jone/ws_moveit/install/moveit_core/bin:${PATH} PYTHONPATH=/home/jone/ws_moveit/install/moveit_configs_utils/lib/python3.10/site-packages:/home/jone/ws_moveit/install/srdfdom/local/lib/python3.10/dist-packages:/home/jone/ws_moveit/install/launch_param_builder/lib/python3.10/site-packages:${PYTHONPATH} /usr/bin/cmake --build /home/jone/ws_moveit/build/moveit_visual_tools -- -j16 -l16
[6.407s] DEBUG:colcon.colcon_core.event_handler.log_command:Invoking command in '/home/jone/ws_moveit/build/moveit_visual_tools': AMENT_PREFIX_PATH=/home/jone/ws_moveit/install/moveit_ros_planning:/home/jone/ws_moveit/install/moveit_ros_occupancy_map_monitor:/home/jone/ws_moveit/install/moveit_core:/home/jone/ws_moveit/install/moveit_resources_panda_moveit_config:/home/jone/ws_moveit/install/moveit_configs_utils:/home/jone/ws_moveit/install/srdfdom:/home/jone/ws_moveit/install/moveit_resources_pr2_description:/home/jone/ws_moveit/install/moveit_resources_panda_description:/home/jone/ws_moveit/install/moveit_common:/home/jone/ws_moveit/install/launch_param_builder:${AMENT_PREFIX_PATH} CMAKE_PREFIX_PATH=/home/jone/ws_moveit/install/moveit_ros_planning:/home/jone/ws_moveit/install/moveit_ros_occupancy_map_monitor:/home/jone/ws_moveit/install/moveit_core:/home/jone/ws_moveit/install/moveit_resources_panda_moveit_config:/home/jone/ws_moveit/install/srdfdom:/home/jone/ws_moveit/install/moveit_resources_pr2_description:/home/jone/ws_moveit/install/moveit_resources_panda_description:/home/jone/ws_moveit/install/moveit_common:/opt/ros/humble LD_LIBRARY_PATH=/home/jone/ws_moveit/install/moveit_ros_planning/lib:/home/jone/ws_moveit/install/moveit_ros_occupancy_map_monitor/lib:/home/jone/ws_moveit/install/moveit_core/lib:/home/jone/ws_moveit/install/srdfdom/lib:/opt/ros/humble/opt/rviz_ogre_vendor/lib:/opt/ros/humble/lib/x86_64-linux-gnu:/opt/ros/humble/lib:/usr/lib/x86_64-linux-gnu/gazebo-11/plugins:/usr/lib/x86_64-linux-gnu/gazebo-11/plugins:/usr/lib/x86_64-linux-gnu/gazebo-11/plugins PATH=/home/jone/ws_moveit/install/moveit_core/bin:${PATH} PYTHONPATH=/home/jone/ws_moveit/install/moveit_configs_utils/lib/python3.10/site-packages:/home/jone/ws_moveit/install/srdfdom/local/lib/python3.10/dist-packages:/home/jone/ws_moveit/install/launch_param_builder/lib/python3.10/site-packages:${PYTHONPATH} /usr/bin/cmake --install /home/jone/ws_moveit/build/moveit_visual_tools
[6.416s] Level 1:colcon.colcon_core.environment:create_environment_scripts_only(moveit_visual_tools)
[6.416s] Level 1:colcon.colcon_core.environment:checking '/home/jone/ws_moveit/install/moveit_visual_tools' for CMake module files
[6.417s] DEBUG:colcon.colcon_core.event_handler.log_command:Invoked command in '/home/jone/ws_moveit/build/moveit_visual_tools' returned '0': AMENT_PREFIX_PATH=/home/jone/ws_moveit/install/moveit_ros_planning:/home/jone/ws_moveit/install/moveit_ros_occupancy_map_monitor:/home/jone/ws_moveit/install/moveit_core:/home/jone/ws_moveit/install/moveit_resources_panda_moveit_config:/home/jone/ws_moveit/install/moveit_configs_utils:/home/jone/ws_moveit/install/srdfdom:/home/jone/ws_moveit/install/moveit_resources_pr2_description:/home/jone/ws_moveit/install/moveit_resources_panda_description:/home/jone/ws_moveit/install/moveit_common:/home/jone/ws_moveit/install/launch_param_builder:${AMENT_PREFIX_PATH} CMAKE_PREFIX_PATH=/home/jone/ws_moveit/install/moveit_ros_planning:/home/jone/ws_moveit/install/moveit_ros_occupancy_map_monitor:/home/jone/ws_moveit/install/moveit_core:/home/jone/ws_moveit/install/moveit_resources_panda_moveit_config:/home/jone/ws_moveit/install/srdfdom:/home/jone/ws_moveit/install/moveit_resources_pr2_description:/home/jone/ws_moveit/install/moveit_resources_panda_description:/home/jone/ws_moveit/install/moveit_common:/opt/ros/humble LD_LIBRARY_PATH=/home/jone/ws_moveit/install/moveit_ros_planning/lib:/home/jone/ws_moveit/install/moveit_ros_occupancy_map_monitor/lib:/home/jone/ws_moveit/install/moveit_core/lib:/home/jone/ws_moveit/install/srdfdom/lib:/opt/ros/humble/opt/rviz_ogre_vendor/lib:/opt/ros/humble/lib/x86_64-linux-gnu:/opt/ros/humble/lib:/usr/lib/x86_64-linux-gnu/gazebo-11/plugins:/usr/lib/x86_64-linux-gnu/gazebo-11/plugins:/usr/lib/x86_64-linux-gnu/gazebo-11/plugins PATH=/home/jone/ws_moveit/install/moveit_core/bin:${PATH} PYTHONPATH=/home/jone/ws_moveit/install/moveit_configs_utils/lib/python3.10/site-packages:/home/jone/ws_moveit/install/srdfdom/local/lib/python3.10/dist-packages:/home/jone/ws_moveit/install/launch_param_builder/lib/python3.10/site-packages:${PYTHONPATH} /usr/bin/cmake --install /home/jone/ws_moveit/build/moveit_visual_tools
[6.417s] Level 1:colcon.colcon_core.environment:checking '/home/jone/ws_moveit/install/moveit_visual_tools' for CMake config files
[6.417s] Level 1:colcon.colcon_core.shell:create_environment_hook('moveit_visual_tools', 'cmake_prefix_path')
[6.418s] INFO:colcon.colcon_core.shell:Creating environment hook '/home/jone/ws_moveit/install/moveit_visual_tools/share/moveit_visual_tools/hook/cmake_prefix_path.ps1'
[6.418s] INFO:colcon.colcon_core.shell:Creating environment descriptor '/home/jone/ws_moveit/install/moveit_visual_tools/share/moveit_visual_tools/hook/cmake_prefix_path.dsv'
[6.418s] INFO:colcon.colcon_core.shell:Creating environment hook '/home/jone/ws_moveit/install/moveit_visual_tools/share/moveit_visual_tools/hook/cmake_prefix_path.sh'
[6.419s] Level 1:colcon.colcon_core.environment:checking '/home/jone/ws_moveit/install/moveit_visual_tools/lib'
[6.419s] Level 1:colcon.colcon_core.shell:create_environment_hook('moveit_visual_tools', 'ld_library_path_lib')
[6.419s] INFO:colcon.colcon_core.shell:Creating environment hook '/home/jone/ws_moveit/install/moveit_visual_tools/share/moveit_visual_tools/hook/ld_library_path_lib.ps1'
[6.419s] INFO:colcon.colcon_core.shell:Creating environment descriptor '/home/jone/ws_moveit/install/moveit_visual_tools/share/moveit_visual_tools/hook/ld_library_path_lib.dsv'
[6.419s] INFO:colcon.colcon_core.shell:Creating environment hook '/home/jone/ws_moveit/install/moveit_visual_tools/share/moveit_visual_tools/hook/ld_library_path_lib.sh'
[6.420s] Level 1:colcon.colcon_core.environment:checking '/home/jone/ws_moveit/install/moveit_visual_tools/bin'
[6.420s] Level 1:colcon.colcon_core.environment:checking '/home/jone/ws_moveit/install/moveit_visual_tools/lib/pkgconfig/moveit_visual_tools.pc'
[6.420s] Level 1:colcon.colcon_core.environment:checking '/home/jone/ws_moveit/install/moveit_visual_tools/lib/python3.10/site-packages'
[6.420s] Level 1:colcon.colcon_core.environment:checking '/home/jone/ws_moveit/install/moveit_visual_tools/bin'
[6.420s] INFO:colcon.colcon_core.shell:Creating package script '/home/jone/ws_moveit/install/moveit_visual_tools/share/moveit_visual_tools/package.ps1'
[6.421s] INFO:colcon.colcon_core.shell:Creating package descriptor '/home/jone/ws_moveit/install/moveit_visual_tools/share/moveit_visual_tools/package.dsv'
[6.421s] INFO:colcon.colcon_core.shell:Creating package script '/home/jone/ws_moveit/install/moveit_visual_tools/share/moveit_visual_tools/package.sh'
[6.421s] INFO:colcon.colcon_core.shell:Creating package script '/home/jone/ws_moveit/install/moveit_visual_tools/share/moveit_visual_tools/package.bash'
[6.421s] INFO:colcon.colcon_core.shell:Creating package script '/home/jone/ws_moveit/install/moveit_visual_tools/share/moveit_visual_tools/package.zsh'
[6.422s] Level 1:colcon.colcon_core.environment:create_file_with_runtime_dependencies(/home/jone/ws_moveit/install/moveit_visual_tools/share/colcon-core/packages/moveit_visual_tools)
[6.422s] Level 1:colcon.colcon_core.environment:create_environment_scripts_only(moveit_visual_tools)
[6.422s] Level 1:colcon.colcon_core.environment:checking '/home/jone/ws_moveit/install/moveit_visual_tools' for CMake module files
[6.423s] Level 1:colcon.colcon_core.environment:checking '/home/jone/ws_moveit/install/moveit_visual_tools' for CMake config files
[6.423s] Level 1:colcon.colcon_core.shell:create_environment_hook('moveit_visual_tools', 'cmake_prefix_path')
[6.423s] INFO:colcon.colcon_core.shell:Creating environment hook '/home/jone/ws_moveit/install/moveit_visual_tools/share/moveit_visual_tools/hook/cmake_prefix_path.ps1'
[6.423s] INFO:colcon.colcon_core.shell:Creating environment descriptor '/home/jone/ws_moveit/install/moveit_visual_tools/share/moveit_visual_tools/hook/cmake_prefix_path.dsv'
[6.423s] INFO:colcon.colcon_core.shell:Creating environment hook '/home/jone/ws_moveit/install/moveit_visual_tools/share/moveit_visual_tools/hook/cmake_prefix_path.sh'
[6.424s] Level 1:colcon.colcon_core.environment:checking '/home/jone/ws_moveit/install/moveit_visual_tools/lib'
[6.424s] Level 1:colcon.colcon_core.shell:create_environment_hook('moveit_visual_tools', 'ld_library_path_lib')
[6.424s] INFO:colcon.colcon_core.shell:Creating environment hook '/home/jone/ws_moveit/install/moveit_visual_tools/share/moveit_visual_tools/hook/ld_library_path_lib.ps1'
[6.424s] INFO:colcon.colcon_core.shell:Creating environment descriptor '/home/jone/ws_moveit/install/moveit_visual_tools/share/moveit_visual_tools/hook/ld_library_path_lib.dsv'
[6.425s] INFO:colcon.colcon_core.shell:Creating environment hook '/home/jone/ws_moveit/install/moveit_visual_tools/share/moveit_visual_tools/hook/ld_library_path_lib.sh'
[6.425s] Level 1:colcon.colcon_core.environment:checking '/home/jone/ws_moveit/install/moveit_visual_tools/bin'
[6.425s] Level 1:colcon.colcon_core.environment:checking '/home/jone/ws_moveit/install/moveit_visual_tools/lib/pkgconfig/moveit_visual_tools.pc'
[6.425s] Level 1:colcon.colcon_core.environment:checking '/home/jone/ws_moveit/install/moveit_visual_tools/lib/python3.10/site-packages'
[6.425s] Level 1:colcon.colcon_core.environment:checking '/home/jone/ws_moveit/install/moveit_visual_tools/bin'
[6.425s] INFO:colcon.colcon_core.shell:Creating package script '/home/jone/ws_moveit/install/moveit_visual_tools/share/moveit_visual_tools/package.ps1'
[6.426s] INFO:colcon.colcon_core.shell:Creating package descriptor '/home/jone/ws_moveit/install/moveit_visual_tools/share/moveit_visual_tools/package.dsv'
[6.426s] INFO:colcon.colcon_core.shell:Creating package script '/home/jone/ws_moveit/install/moveit_visual_tools/share/moveit_visual_tools/package.sh'
[6.426s] INFO:colcon.colcon_core.shell:Creating package script '/home/jone/ws_moveit/install/moveit_visual_tools/share/moveit_visual_tools/package.bash'
[6.427s] INFO:colcon.colcon_core.shell:Creating package script '/home/jone/ws_moveit/install/moveit_visual_tools/share/moveit_visual_tools/package.zsh'
[6.427s] Level 1:colcon.colcon_core.environment:create_file_with_runtime_dependencies(/home/jone/ws_moveit/install/moveit_visual_tools/share/colcon-core/packages/moveit_visual_tools)
[6.427s] DEBUG:colcon.colcon_core.executor.sequential:run_until_complete 'moveit_visual_tools' finished with '0'
[6.427s] DEBUG:colcon.colcon_core.executor.sequential:run_until_complete 'moveit_ros_benchmarks'
[6.427s] INFO:colcon.colcon_ros.task.ament_cmake.build:Building ROS package in '/home/jone/ws_moveit/src/moveit2/moveit_ros/benchmarks' with build type 'ament_cmake'
[6.427s] INFO:colcon.colcon_cmake.task.cmake.build:Building CMake package in '/home/jone/ws_moveit/src/moveit2/moveit_ros/benchmarks'
[6.427s] INFO:colcon.colcon_core.shell:Skip shell extension 'powershell' for command environment: Not usable outside of PowerShell
[6.427s] DEBUG:colcon.colcon_core.shell:Skip shell extension 'dsv' for command environment
[6.447s] DEBUG:colcon.colcon_core.event_handler.log_command:Invoking command in '/home/jone/ws_moveit/build/moveit_ros_benchmarks': AMENT_PREFIX_PATH=/home/jone/ws_moveit/install/moveit_ros_warehouse:/home/jone/ws_moveit/install/moveit_ros_planning:/home/jone/ws_moveit/install/moveit_ros_occupancy_map_monitor:/home/jone/ws_moveit/install/moveit_core:/home/jone/ws_moveit/install/moveit_resources_panda_moveit_config:/home/jone/ws_moveit/install/moveit_configs_utils:/home/jone/ws_moveit/install/srdfdom:/home/jone/ws_moveit/install/moveit_resources_pr2_description:/home/jone/ws_moveit/install/moveit_resources_panda_description:/home/jone/ws_moveit/install/moveit_common:/home/jone/ws_moveit/install/launch_param_builder:${AMENT_PREFIX_PATH} CMAKE_PREFIX_PATH=/home/jone/ws_moveit/install/moveit_ros_warehouse:/home/jone/ws_moveit/install/moveit_ros_planning:/home/jone/ws_moveit/install/moveit_ros_occupancy_map_monitor:/home/jone/ws_moveit/install/moveit_core:/home/jone/ws_moveit/install/moveit_resources_panda_moveit_config:/home/jone/ws_moveit/install/srdfdom:/home/jone/ws_moveit/install/moveit_resources_pr2_description:/home/jone/ws_moveit/install/moveit_resources_panda_description:/home/jone/ws_moveit/install/moveit_common:/opt/ros/humble LD_LIBRARY_PATH=/home/jone/ws_moveit/install/moveit_ros_warehouse/lib:/home/jone/ws_moveit/install/moveit_ros_planning/lib:/home/jone/ws_moveit/install/moveit_ros_occupancy_map_monitor/lib:/home/jone/ws_moveit/install/moveit_core/lib:/home/jone/ws_moveit/install/srdfdom/lib:/opt/ros/humble/opt/rviz_ogre_vendor/lib:/opt/ros/humble/lib/x86_64-linux-gnu:/opt/ros/humble/lib:/usr/lib/x86_64-linux-gnu/gazebo-11/plugins:/usr/lib/x86_64-linux-gnu/gazebo-11/plugins:/usr/lib/x86_64-linux-gnu/gazebo-11/plugins PATH=/home/jone/ws_moveit/install/moveit_core/bin:${PATH} PYTHONPATH=/home/jone/ws_moveit/install/moveit_configs_utils/lib/python3.10/site-packages:/home/jone/ws_moveit/install/srdfdom/local/lib/python3.10/dist-packages:/home/jone/ws_moveit/install/launch_param_builder/lib/python3.10/site-packages:${PYTHONPATH} /usr/bin/cmake /home/jone/ws_moveit/src/moveit2/moveit_ros/benchmarks -DCMAKE_BUILD_TYPE=Release -DCMAKE_INSTALL_PREFIX=/home/jone/ws_moveit/install/moveit_ros_benchmarks
[7.953s] DEBUG:colcon.colcon_core.event_handler.log_command:Invoked command in '/home/jone/ws_moveit/build/moveit_ros_benchmarks' returned '0': AMENT_PREFIX_PATH=/home/jone/ws_moveit/install/moveit_ros_warehouse:/home/jone/ws_moveit/install/moveit_ros_planning:/home/jone/ws_moveit/install/moveit_ros_occupancy_map_monitor:/home/jone/ws_moveit/install/moveit_core:/home/jone/ws_moveit/install/moveit_resources_panda_moveit_config:/home/jone/ws_moveit/install/moveit_configs_utils:/home/jone/ws_moveit/install/srdfdom:/home/jone/ws_moveit/install/moveit_resources_pr2_description:/home/jone/ws_moveit/install/moveit_resources_panda_description:/home/jone/ws_moveit/install/moveit_common:/home/jone/ws_moveit/install/launch_param_builder:${AMENT_PREFIX_PATH} CMAKE_PREFIX_PATH=/home/jone/ws_moveit/install/moveit_ros_warehouse:/home/jone/ws_moveit/install/moveit_ros_planning:/home/jone/ws_moveit/install/moveit_ros_occupancy_map_monitor:/home/jone/ws_moveit/install/moveit_core:/home/jone/ws_moveit/install/moveit_resources_panda_moveit_config:/home/jone/ws_moveit/install/srdfdom:/home/jone/ws_moveit/install/moveit_resources_pr2_description:/home/jone/ws_moveit/install/moveit_resources_panda_description:/home/jone/ws_moveit/install/moveit_common:/opt/ros/humble LD_LIBRARY_PATH=/home/jone/ws_moveit/install/moveit_ros_warehouse/lib:/home/jone/ws_moveit/install/moveit_ros_planning/lib:/home/jone/ws_moveit/install/moveit_ros_occupancy_map_monitor/lib:/home/jone/ws_moveit/install/moveit_core/lib:/home/jone/ws_moveit/install/srdfdom/lib:/opt/ros/humble/opt/rviz_ogre_vendor/lib:/opt/ros/humble/lib/x86_64-linux-gnu:/opt/ros/humble/lib:/usr/lib/x86_64-linux-gnu/gazebo-11/plugins:/usr/lib/x86_64-linux-gnu/gazebo-11/plugins:/usr/lib/x86_64-linux-gnu/gazebo-11/plugins PATH=/home/jone/ws_moveit/install/moveit_core/bin:${PATH} PYTHONPATH=/home/jone/ws_moveit/install/moveit_configs_utils/lib/python3.10/site-packages:/home/jone/ws_moveit/install/srdfdom/local/lib/python3.10/dist-packages:/home/jone/ws_moveit/install/launch_param_builder/lib/python3.10/site-packages:${PYTHONPATH} /usr/bin/cmake /home/jone/ws_moveit/src/moveit2/moveit_ros/benchmarks -DCMAKE_BUILD_TYPE=Release -DCMAKE_INSTALL_PREFIX=/home/jone/ws_moveit/install/moveit_ros_benchmarks
[7.954s] DEBUG:colcon.colcon_core.event_handler.log_command:Invoking command in '/home/jone/ws_moveit/build/moveit_ros_benchmarks': AMENT_PREFIX_PATH=/home/jone/ws_moveit/install/moveit_ros_warehouse:/home/jone/ws_moveit/install/moveit_ros_planning:/home/jone/ws_moveit/install/moveit_ros_occupancy_map_monitor:/home/jone/ws_moveit/install/moveit_core:/home/jone/ws_moveit/install/moveit_resources_panda_moveit_config:/home/jone/ws_moveit/install/moveit_configs_utils:/home/jone/ws_moveit/install/srdfdom:/home/jone/ws_moveit/install/moveit_resources_pr2_description:/home/jone/ws_moveit/install/moveit_resources_panda_description:/home/jone/ws_moveit/install/moveit_common:/home/jone/ws_moveit/install/launch_param_builder:${AMENT_PREFIX_PATH} CMAKE_PREFIX_PATH=/home/jone/ws_moveit/install/moveit_ros_warehouse:/home/jone/ws_moveit/install/moveit_ros_planning:/home/jone/ws_moveit/install/moveit_ros_occupancy_map_monitor:/home/jone/ws_moveit/install/moveit_core:/home/jone/ws_moveit/install/moveit_resources_panda_moveit_config:/home/jone/ws_moveit/install/srdfdom:/home/jone/ws_moveit/install/moveit_resources_pr2_description:/home/jone/ws_moveit/install/moveit_resources_panda_description:/home/jone/ws_moveit/install/moveit_common:/opt/ros/humble LD_LIBRARY_PATH=/home/jone/ws_moveit/install/moveit_ros_warehouse/lib:/home/jone/ws_moveit/install/moveit_ros_planning/lib:/home/jone/ws_moveit/install/moveit_ros_occupancy_map_monitor/lib:/home/jone/ws_moveit/install/moveit_core/lib:/home/jone/ws_moveit/install/srdfdom/lib:/opt/ros/humble/opt/rviz_ogre_vendor/lib:/opt/ros/humble/lib/x86_64-linux-gnu:/opt/ros/humble/lib:/usr/lib/x86_64-linux-gnu/gazebo-11/plugins:/usr/lib/x86_64-linux-gnu/gazebo-11/plugins:/usr/lib/x86_64-linux-gnu/gazebo-11/plugins PATH=/home/jone/ws_moveit/install/moveit_core/bin:${PATH} PYTHONPATH=/home/jone/ws_moveit/install/moveit_configs_utils/lib/python3.10/site-packages:/home/jone/ws_moveit/install/srdfdom/local/lib/python3.10/dist-packages:/home/jone/ws_moveit/install/launch_param_builder/lib/python3.10/site-packages:${PYTHONPATH} /usr/bin/cmake --build /home/jone/ws_moveit/build/moveit_ros_benchmarks -- -j16 -l16
[34.976s] DEBUG:colcon.colcon_core.event_handler.log_command:Invoked command in '/home/jone/ws_moveit/build/moveit_ros_benchmarks' returned '0': AMENT_PREFIX_PATH=/home/jone/ws_moveit/install/moveit_ros_warehouse:/home/jone/ws_moveit/install/moveit_ros_planning:/home/jone/ws_moveit/install/moveit_ros_occupancy_map_monitor:/home/jone/ws_moveit/install/moveit_core:/home/jone/ws_moveit/install/moveit_resources_panda_moveit_config:/home/jone/ws_moveit/install/moveit_configs_utils:/home/jone/ws_moveit/install/srdfdom:/home/jone/ws_moveit/install/moveit_resources_pr2_description:/home/jone/ws_moveit/install/moveit_resources_panda_description:/home/jone/ws_moveit/install/moveit_common:/home/jone/ws_moveit/install/launch_param_builder:${AMENT_PREFIX_PATH} CMAKE_PREFIX_PATH=/home/jone/ws_moveit/install/moveit_ros_warehouse:/home/jone/ws_moveit/install/moveit_ros_planning:/home/jone/ws_moveit/install/moveit_ros_occupancy_map_monitor:/home/jone/ws_moveit/install/moveit_core:/home/jone/ws_moveit/install/moveit_resources_panda_moveit_config:/home/jone/ws_moveit/install/srdfdom:/home/jone/ws_moveit/install/moveit_resources_pr2_description:/home/jone/ws_moveit/install/moveit_resources_panda_description:/home/jone/ws_moveit/install/moveit_common:/opt/ros/humble LD_LIBRARY_PATH=/home/jone/ws_moveit/install/moveit_ros_warehouse/lib:/home/jone/ws_moveit/install/moveit_ros_planning/lib:/home/jone/ws_moveit/install/moveit_ros_occupancy_map_monitor/lib:/home/jone/ws_moveit/install/moveit_core/lib:/home/jone/ws_moveit/install/srdfdom/lib:/opt/ros/humble/opt/rviz_ogre_vendor/lib:/opt/ros/humble/lib/x86_64-linux-gnu:/opt/ros/humble/lib:/usr/lib/x86_64-linux-gnu/gazebo-11/plugins:/usr/lib/x86_64-linux-gnu/gazebo-11/plugins:/usr/lib/x86_64-linux-gnu/gazebo-11/plugins PATH=/home/jone/ws_moveit/install/moveit_core/bin:${PATH} PYTHONPATH=/home/jone/ws_moveit/install/moveit_configs_utils/lib/python3.10/site-packages:/home/jone/ws_moveit/install/srdfdom/local/lib/python3.10/dist-packages:/home/jone/ws_moveit/install/launch_param_builder/lib/python3.10/site-packages:${PYTHONPATH} /usr/bin/cmake --build /home/jone/ws_moveit/build/moveit_ros_benchmarks -- -j16 -l16
[34.977s] DEBUG:colcon.colcon_core.event_handler.log_command:Invoking command in '/home/jone/ws_moveit/build/moveit_ros_benchmarks': AMENT_PREFIX_PATH=/home/jone/ws_moveit/install/moveit_ros_warehouse:/home/jone/ws_moveit/install/moveit_ros_planning:/home/jone/ws_moveit/install/moveit_ros_occupancy_map_monitor:/home/jone/ws_moveit/install/moveit_core:/home/jone/ws_moveit/install/moveit_resources_panda_moveit_config:/home/jone/ws_moveit/install/moveit_configs_utils:/home/jone/ws_moveit/install/srdfdom:/home/jone/ws_moveit/install/moveit_resources_pr2_description:/home/jone/ws_moveit/install/moveit_resources_panda_description:/home/jone/ws_moveit/install/moveit_common:/home/jone/ws_moveit/install/launch_param_builder:${AMENT_PREFIX_PATH} CMAKE_PREFIX_PATH=/home/jone/ws_moveit/install/moveit_ros_warehouse:/home/jone/ws_moveit/install/moveit_ros_planning:/home/jone/ws_moveit/install/moveit_ros_occupancy_map_monitor:/home/jone/ws_moveit/install/moveit_core:/home/jone/ws_moveit/install/moveit_resources_panda_moveit_config:/home/jone/ws_moveit/install/srdfdom:/home/jone/ws_moveit/install/moveit_resources_pr2_description:/home/jone/ws_moveit/install/moveit_resources_panda_description:/home/jone/ws_moveit/install/moveit_common:/opt/ros/humble LD_LIBRARY_PATH=/home/jone/ws_moveit/install/moveit_ros_warehouse/lib:/home/jone/ws_moveit/install/moveit_ros_planning/lib:/home/jone/ws_moveit/install/moveit_ros_occupancy_map_monitor/lib:/home/jone/ws_moveit/install/moveit_core/lib:/home/jone/ws_moveit/install/srdfdom/lib:/opt/ros/humble/opt/rviz_ogre_vendor/lib:/opt/ros/humble/lib/x86_64-linux-gnu:/opt/ros/humble/lib:/usr/lib/x86_64-linux-gnu/gazebo-11/plugins:/usr/lib/x86_64-linux-gnu/gazebo-11/plugins:/usr/lib/x86_64-linux-gnu/gazebo-11/plugins PATH=/home/jone/ws_moveit/install/moveit_core/bin:${PATH} PYTHONPATH=/home/jone/ws_moveit/install/moveit_configs_utils/lib/python3.10/site-packages:/home/jone/ws_moveit/install/srdfdom/local/lib/python3.10/dist-packages:/home/jone/ws_moveit/install/launch_param_builder/lib/python3.10/site-packages:${PYTHONPATH} /usr/bin/cmake --install /home/jone/ws_moveit/build/moveit_ros_benchmarks
[34.993s] Level 1:colcon.colcon_core.environment:create_environment_scripts_only(moveit_ros_benchmarks)
[34.993s] DEBUG:colcon.colcon_core.event_handler.log_command:Invoked command in '/home/jone/ws_moveit/build/moveit_ros_benchmarks' returned '0': AMENT_PREFIX_PATH=/home/jone/ws_moveit/install/moveit_ros_warehouse:/home/jone/ws_moveit/install/moveit_ros_planning:/home/jone/ws_moveit/install/moveit_ros_occupancy_map_monitor:/home/jone/ws_moveit/install/moveit_core:/home/jone/ws_moveit/install/moveit_resources_panda_moveit_config:/home/jone/ws_moveit/install/moveit_configs_utils:/home/jone/ws_moveit/install/srdfdom:/home/jone/ws_moveit/install/moveit_resources_pr2_description:/home/jone/ws_moveit/install/moveit_resources_panda_description:/home/jone/ws_moveit/install/moveit_common:/home/jone/ws_moveit/install/launch_param_builder:${AMENT_PREFIX_PATH} CMAKE_PREFIX_PATH=/home/jone/ws_moveit/install/moveit_ros_warehouse:/home/jone/ws_moveit/install/moveit_ros_planning:/home/jone/ws_moveit/install/moveit_ros_occupancy_map_monitor:/home/jone/ws_moveit/install/moveit_core:/home/jone/ws_moveit/install/moveit_resources_panda_moveit_config:/home/jone/ws_moveit/install/srdfdom:/home/jone/ws_moveit/install/moveit_resources_pr2_description:/home/jone/ws_moveit/install/moveit_resources_panda_description:/home/jone/ws_moveit/install/moveit_common:/opt/ros/humble LD_LIBRARY_PATH=/home/jone/ws_moveit/install/moveit_ros_warehouse/lib:/home/jone/ws_moveit/install/moveit_ros_planning/lib:/home/jone/ws_moveit/install/moveit_ros_occupancy_map_monitor/lib:/home/jone/ws_moveit/install/moveit_core/lib:/home/jone/ws_moveit/install/srdfdom/lib:/opt/ros/humble/opt/rviz_ogre_vendor/lib:/opt/ros/humble/lib/x86_64-linux-gnu:/opt/ros/humble/lib:/usr/lib/x86_64-linux-gnu/gazebo-11/plugins:/usr/lib/x86_64-linux-gnu/gazebo-11/plugins:/usr/lib/x86_64-linux-gnu/gazebo-11/plugins PATH=/home/jone/ws_moveit/install/moveit_core/bin:${PATH} PYTHONPATH=/home/jone/ws_moveit/install/moveit_configs_utils/lib/python3.10/site-packages:/home/jone/ws_moveit/install/srdfdom/local/lib/python3.10/dist-packages:/home/jone/ws_moveit/install/launch_param_builder/lib/python3.10/site-packages:${PYTHONPATH} /usr/bin/cmake --install /home/jone/ws_moveit/build/moveit_ros_benchmarks
[34.993s] Level 1:colcon.colcon_core.environment:checking '/home/jone/ws_moveit/install/moveit_ros_benchmarks' for CMake module files
[34.994s] Level 1:colcon.colcon_core.environment:checking '/home/jone/ws_moveit/install/moveit_ros_benchmarks' for CMake config files
[34.994s] Level 1:colcon.colcon_core.shell:create_environment_hook('moveit_ros_benchmarks', 'cmake_prefix_path')
[34.994s] INFO:colcon.colcon_core.shell:Creating environment hook '/home/jone/ws_moveit/install/moveit_ros_benchmarks/share/moveit_ros_benchmarks/hook/cmake_prefix_path.ps1'
[34.995s] INFO:colcon.colcon_core.shell:Creating environment descriptor '/home/jone/ws_moveit/install/moveit_ros_benchmarks/share/moveit_ros_benchmarks/hook/cmake_prefix_path.dsv'
[34.995s] INFO:colcon.colcon_core.shell:Creating environment hook '/home/jone/ws_moveit/install/moveit_ros_benchmarks/share/moveit_ros_benchmarks/hook/cmake_prefix_path.sh'
[34.995s] Level 1:colcon.colcon_core.environment:checking '/home/jone/ws_moveit/install/moveit_ros_benchmarks/lib'
[34.995s] Level 1:colcon.colcon_core.shell:create_environment_hook('moveit_ros_benchmarks', 'ld_library_path_lib')
[34.995s] INFO:colcon.colcon_core.shell:Creating environment hook '/home/jone/ws_moveit/install/moveit_ros_benchmarks/share/moveit_ros_benchmarks/hook/ld_library_path_lib.ps1'
[34.996s] INFO:colcon.colcon_core.shell:Creating environment descriptor '/home/jone/ws_moveit/install/moveit_ros_benchmarks/share/moveit_ros_benchmarks/hook/ld_library_path_lib.dsv'
[34.996s] INFO:colcon.colcon_core.shell:Creating environment hook '/home/jone/ws_moveit/install/moveit_ros_benchmarks/share/moveit_ros_benchmarks/hook/ld_library_path_lib.sh'
[34.996s] Level 1:colcon.colcon_core.environment:checking '/home/jone/ws_moveit/install/moveit_ros_benchmarks/bin'
[34.996s] Level 1:colcon.colcon_core.environment:checking '/home/jone/ws_moveit/install/moveit_ros_benchmarks/lib/pkgconfig/moveit_ros_benchmarks.pc'
[34.996s] Level 1:colcon.colcon_core.environment:checking '/home/jone/ws_moveit/install/moveit_ros_benchmarks/lib/python3.10/site-packages'
[34.997s] Level 1:colcon.colcon_core.environment:checking '/home/jone/ws_moveit/install/moveit_ros_benchmarks/bin'
[34.997s] INFO:colcon.colcon_core.shell:Creating package script '/home/jone/ws_moveit/install/moveit_ros_benchmarks/share/moveit_ros_benchmarks/package.ps1'
[34.997s] INFO:colcon.colcon_core.shell:Creating package descriptor '/home/jone/ws_moveit/install/moveit_ros_benchmarks/share/moveit_ros_benchmarks/package.dsv'
[34.998s] INFO:colcon.colcon_core.shell:Creating package script '/home/jone/ws_moveit/install/moveit_ros_benchmarks/share/moveit_ros_benchmarks/package.sh'
[34.998s] INFO:colcon.colcon_core.shell:Creating package script '/home/jone/ws_moveit/install/moveit_ros_benchmarks/share/moveit_ros_benchmarks/package.bash'
[34.998s] INFO:colcon.colcon_core.shell:Creating package script '/home/jone/ws_moveit/install/moveit_ros_benchmarks/share/moveit_ros_benchmarks/package.zsh'
[34.999s] Level 1:colcon.colcon_core.environment:create_file_with_runtime_dependencies(/home/jone/ws_moveit/install/moveit_ros_benchmarks/share/colcon-core/packages/moveit_ros_benchmarks)
[34.999s] Level 1:colcon.colcon_core.environment:create_environment_scripts_only(moveit_ros_benchmarks)
[34.999s] Level 1:colcon.colcon_core.environment:checking '/home/jone/ws_moveit/install/moveit_ros_benchmarks' for CMake module files
[35.000s] Level 1:colcon.colcon_core.environment:checking '/home/jone/ws_moveit/install/moveit_ros_benchmarks' for CMake config files
[35.000s] Level 1:colcon.colcon_core.shell:create_environment_hook('moveit_ros_benchmarks', 'cmake_prefix_path')
[35.000s] INFO:colcon.colcon_core.shell:Creating environment hook '/home/jone/ws_moveit/install/moveit_ros_benchmarks/share/moveit_ros_benchmarks/hook/cmake_prefix_path.ps1'
[35.000s] INFO:colcon.colcon_core.shell:Creating environment descriptor '/home/jone/ws_moveit/install/moveit_ros_benchmarks/share/moveit_ros_benchmarks/hook/cmake_prefix_path.dsv'
[35.000s] INFO:colcon.colcon_core.shell:Creating environment hook '/home/jone/ws_moveit/install/moveit_ros_benchmarks/share/moveit_ros_benchmarks/hook/cmake_prefix_path.sh'
[35.001s] Level 1:colcon.colcon_core.environment:checking '/home/jone/ws_moveit/install/moveit_ros_benchmarks/lib'
[35.001s] Level 1:colcon.colcon_core.shell:create_environment_hook('moveit_ros_benchmarks', 'ld_library_path_lib')
[35.001s] INFO:colcon.colcon_core.shell:Creating environment hook '/home/jone/ws_moveit/install/moveit_ros_benchmarks/share/moveit_ros_benchmarks/hook/ld_library_path_lib.ps1'
[35.001s] INFO:colcon.colcon_core.shell:Creating environment descriptor '/home/jone/ws_moveit/install/moveit_ros_benchmarks/share/moveit_ros_benchmarks/hook/ld_library_path_lib.dsv'
[35.002s] INFO:colcon.colcon_core.shell:Creating environment hook '/home/jone/ws_moveit/install/moveit_ros_benchmarks/share/moveit_ros_benchmarks/hook/ld_library_path_lib.sh'
[35.002s] Level 1:colcon.colcon_core.environment:checking '/home/jone/ws_moveit/install/moveit_ros_benchmarks/bin'
[35.002s] Level 1:colcon.colcon_core.environment:checking '/home/jone/ws_moveit/install/moveit_ros_benchmarks/lib/pkgconfig/moveit_ros_benchmarks.pc'
[35.002s] Level 1:colcon.colcon_core.environment:checking '/home/jone/ws_moveit/install/moveit_ros_benchmarks/lib/python3.10/site-packages'
[35.002s] Level 1:colcon.colcon_core.environment:checking '/home/jone/ws_moveit/install/moveit_ros_benchmarks/bin'
[35.002s] INFO:colcon.colcon_core.shell:Creating package script '/home/jone/ws_moveit/install/moveit_ros_benchmarks/share/moveit_ros_benchmarks/package.ps1'
[35.003s] INFO:colcon.colcon_core.shell:Creating package descriptor '/home/jone/ws_moveit/install/moveit_ros_benchmarks/share/moveit_ros_benchmarks/package.dsv'
[35.003s] INFO:colcon.colcon_core.shell:Creating package script '/home/jone/ws_moveit/install/moveit_ros_benchmarks/share/moveit_ros_benchmarks/package.sh'
[35.004s] INFO:colcon.colcon_core.shell:Creating package script '/home/jone/ws_moveit/install/moveit_ros_benchmarks/share/moveit_ros_benchmarks/package.bash'
[35.004s] INFO:colcon.colcon_core.shell:Creating package script '/home/jone/ws_moveit/install/moveit_ros_benchmarks/share/moveit_ros_benchmarks/package.zsh'
[35.004s] Level 1:colcon.colcon_core.environment:create_file_with_runtime_dependencies(/home/jone/ws_moveit/install/moveit_ros_benchmarks/share/colcon-core/packages/moveit_ros_benchmarks)
[35.004s] DEBUG:colcon.colcon_core.executor.sequential:run_until_complete 'moveit_ros_benchmarks' finished with '0'
[35.004s] DEBUG:colcon.colcon_core.executor.sequential:run_until_complete 'moveit_ros_move_group'
[35.004s] INFO:colcon.colcon_ros.task.ament_cmake.build:Building ROS package in '/home/jone/ws_moveit/src/moveit2/moveit_ros/move_group' with build type 'ament_cmake'
[35.004s] INFO:colcon.colcon_cmake.task.cmake.build:Building CMake package in '/home/jone/ws_moveit/src/moveit2/moveit_ros/move_group'
[35.005s] INFO:colcon.colcon_core.shell:Skip shell extension 'powershell' for command environment: Not usable outside of PowerShell
[35.005s] DEBUG:colcon.colcon_core.shell:Skip shell extension 'dsv' for command environment
[35.027s] DEBUG:colcon.colcon_core.event_handler.log_command:Invoking command in '/home/jone/ws_moveit/build/moveit_ros_move_group': AMENT_PREFIX_PATH=/home/jone/ws_moveit/install/moveit_kinematics:/home/jone/ws_moveit/install/moveit_ros_planning:/home/jone/ws_moveit/install/moveit_ros_occupancy_map_monitor:/home/jone/ws_moveit/install/moveit_core:/home/jone/ws_moveit/install/moveit_resources_panda_moveit_config:/home/jone/ws_moveit/install/moveit_resources_fanuc_moveit_config:/home/jone/ws_moveit/install/moveit_configs_utils:/home/jone/ws_moveit/install/srdfdom:/home/jone/ws_moveit/install/moveit_resources_pr2_description:/home/jone/ws_moveit/install/moveit_resources_panda_description:/home/jone/ws_moveit/install/moveit_resources_fanuc_description:/home/jone/ws_moveit/install/moveit_common:/home/jone/ws_moveit/install/launch_param_builder:${AMENT_PREFIX_PATH} CMAKE_PREFIX_PATH=/home/jone/ws_moveit/install/moveit_kinematics:/home/jone/ws_moveit/install/moveit_ros_planning:/home/jone/ws_moveit/install/moveit_ros_occupancy_map_monitor:/home/jone/ws_moveit/install/moveit_core:/home/jone/ws_moveit/install/moveit_resources_panda_moveit_config:/home/jone/ws_moveit/install/moveit_resources_fanuc_moveit_config:/home/jone/ws_moveit/install/srdfdom:/home/jone/ws_moveit/install/moveit_resources_pr2_description:/home/jone/ws_moveit/install/moveit_resources_panda_description:/home/jone/ws_moveit/install/moveit_resources_fanuc_description:/home/jone/ws_moveit/install/moveit_common:/opt/ros/humble LD_LIBRARY_PATH=/home/jone/ws_moveit/install/moveit_kinematics/lib:/home/jone/ws_moveit/install/moveit_ros_planning/lib:/home/jone/ws_moveit/install/moveit_ros_occupancy_map_monitor/lib:/home/jone/ws_moveit/install/moveit_core/lib:/home/jone/ws_moveit/install/srdfdom/lib:/opt/ros/humble/opt/rviz_ogre_vendor/lib:/opt/ros/humble/lib/x86_64-linux-gnu:/opt/ros/humble/lib:/usr/lib/x86_64-linux-gnu/gazebo-11/plugins:/usr/lib/x86_64-linux-gnu/gazebo-11/plugins:/usr/lib/x86_64-linux-gnu/gazebo-11/plugins PATH=/home/jone/ws_moveit/install/moveit_core/bin:${PATH} PYTHONPATH=/home/jone/ws_moveit/install/moveit_configs_utils/lib/python3.10/site-packages:/home/jone/ws_moveit/install/srdfdom/local/lib/python3.10/dist-packages:/home/jone/ws_moveit/install/launch_param_builder/lib/python3.10/site-packages:${PYTHONPATH} /usr/bin/cmake /home/jone/ws_moveit/src/moveit2/moveit_ros/move_group -DCMAKE_BUILD_TYPE=Release -DCMAKE_INSTALL_PREFIX=/home/jone/ws_moveit/install/moveit_ros_move_group
[36.881s] DEBUG:colcon.colcon_core.event_handler.log_command:Invoked command in '/home/jone/ws_moveit/build/moveit_ros_move_group' returned '0': AMENT_PREFIX_PATH=/home/jone/ws_moveit/install/moveit_kinematics:/home/jone/ws_moveit/install/moveit_ros_planning:/home/jone/ws_moveit/install/moveit_ros_occupancy_map_monitor:/home/jone/ws_moveit/install/moveit_core:/home/jone/ws_moveit/install/moveit_resources_panda_moveit_config:/home/jone/ws_moveit/install/moveit_resources_fanuc_moveit_config:/home/jone/ws_moveit/install/moveit_configs_utils:/home/jone/ws_moveit/install/srdfdom:/home/jone/ws_moveit/install/moveit_resources_pr2_description:/home/jone/ws_moveit/install/moveit_resources_panda_description:/home/jone/ws_moveit/install/moveit_resources_fanuc_description:/home/jone/ws_moveit/install/moveit_common:/home/jone/ws_moveit/install/launch_param_builder:${AMENT_PREFIX_PATH} CMAKE_PREFIX_PATH=/home/jone/ws_moveit/install/moveit_kinematics:/home/jone/ws_moveit/install/moveit_ros_planning:/home/jone/ws_moveit/install/moveit_ros_occupancy_map_monitor:/home/jone/ws_moveit/install/moveit_core:/home/jone/ws_moveit/install/moveit_resources_panda_moveit_config:/home/jone/ws_moveit/install/moveit_resources_fanuc_moveit_config:/home/jone/ws_moveit/install/srdfdom:/home/jone/ws_moveit/install/moveit_resources_pr2_description:/home/jone/ws_moveit/install/moveit_resources_panda_description:/home/jone/ws_moveit/install/moveit_resources_fanuc_description:/home/jone/ws_moveit/install/moveit_common:/opt/ros/humble LD_LIBRARY_PATH=/home/jone/ws_moveit/install/moveit_kinematics/lib:/home/jone/ws_moveit/install/moveit_ros_planning/lib:/home/jone/ws_moveit/install/moveit_ros_occupancy_map_monitor/lib:/home/jone/ws_moveit/install/moveit_core/lib:/home/jone/ws_moveit/install/srdfdom/lib:/opt/ros/humble/opt/rviz_ogre_vendor/lib:/opt/ros/humble/lib/x86_64-linux-gnu:/opt/ros/humble/lib:/usr/lib/x86_64-linux-gnu/gazebo-11/plugins:/usr/lib/x86_64-linux-gnu/gazebo-11/plugins:/usr/lib/x86_64-linux-gnu/gazebo-11/plugins PATH=/home/jone/ws_moveit/install/moveit_core/bin:${PATH} PYTHONPATH=/home/jone/ws_moveit/install/moveit_configs_utils/lib/python3.10/site-packages:/home/jone/ws_moveit/install/srdfdom/local/lib/python3.10/dist-packages:/home/jone/ws_moveit/install/launch_param_builder/lib/python3.10/site-packages:${PYTHONPATH} /usr/bin/cmake /home/jone/ws_moveit/src/moveit2/moveit_ros/move_group -DCMAKE_BUILD_TYPE=Release -DCMAKE_INSTALL_PREFIX=/home/jone/ws_moveit/install/moveit_ros_move_group
[36.882s] DEBUG:colcon.colcon_core.event_handler.log_command:Invoking command in '/home/jone/ws_moveit/build/moveit_ros_move_group': AMENT_PREFIX_PATH=/home/jone/ws_moveit/install/moveit_kinematics:/home/jone/ws_moveit/install/moveit_ros_planning:/home/jone/ws_moveit/install/moveit_ros_occupancy_map_monitor:/home/jone/ws_moveit/install/moveit_core:/home/jone/ws_moveit/install/moveit_resources_panda_moveit_config:/home/jone/ws_moveit/install/moveit_resources_fanuc_moveit_config:/home/jone/ws_moveit/install/moveit_configs_utils:/home/jone/ws_moveit/install/srdfdom:/home/jone/ws_moveit/install/moveit_resources_pr2_description:/home/jone/ws_moveit/install/moveit_resources_panda_description:/home/jone/ws_moveit/install/moveit_resources_fanuc_description:/home/jone/ws_moveit/install/moveit_common:/home/jone/ws_moveit/install/launch_param_builder:${AMENT_PREFIX_PATH} CMAKE_PREFIX_PATH=/home/jone/ws_moveit/install/moveit_kinematics:/home/jone/ws_moveit/install/moveit_ros_planning:/home/jone/ws_moveit/install/moveit_ros_occupancy_map_monitor:/home/jone/ws_moveit/install/moveit_core:/home/jone/ws_moveit/install/moveit_resources_panda_moveit_config:/home/jone/ws_moveit/install/moveit_resources_fanuc_moveit_config:/home/jone/ws_moveit/install/srdfdom:/home/jone/ws_moveit/install/moveit_resources_pr2_description:/home/jone/ws_moveit/install/moveit_resources_panda_description:/home/jone/ws_moveit/install/moveit_resources_fanuc_description:/home/jone/ws_moveit/install/moveit_common:/opt/ros/humble LD_LIBRARY_PATH=/home/jone/ws_moveit/install/moveit_kinematics/lib:/home/jone/ws_moveit/install/moveit_ros_planning/lib:/home/jone/ws_moveit/install/moveit_ros_occupancy_map_monitor/lib:/home/jone/ws_moveit/install/moveit_core/lib:/home/jone/ws_moveit/install/srdfdom/lib:/opt/ros/humble/opt/rviz_ogre_vendor/lib:/opt/ros/humble/lib/x86_64-linux-gnu:/opt/ros/humble/lib:/usr/lib/x86_64-linux-gnu/gazebo-11/plugins:/usr/lib/x86_64-linux-gnu/gazebo-11/plugins:/usr/lib/x86_64-linux-gnu/gazebo-11/plugins PATH=/home/jone/ws_moveit/install/moveit_core/bin:${PATH} PYTHONPATH=/home/jone/ws_moveit/install/moveit_configs_utils/lib/python3.10/site-packages:/home/jone/ws_moveit/install/srdfdom/local/lib/python3.10/dist-packages:/home/jone/ws_moveit/install/launch_param_builder/lib/python3.10/site-packages:${PYTHONPATH} /usr/bin/cmake --build /home/jone/ws_moveit/build/moveit_ros_move_group -- -j16 -l16
[68.559s] DEBUG:colcon.colcon_core.event_handler.log_command:Invoked command in '/home/jone/ws_moveit/build/moveit_ros_move_group' returned '0': AMENT_PREFIX_PATH=/home/jone/ws_moveit/install/moveit_kinematics:/home/jone/ws_moveit/install/moveit_ros_planning:/home/jone/ws_moveit/install/moveit_ros_occupancy_map_monitor:/home/jone/ws_moveit/install/moveit_core:/home/jone/ws_moveit/install/moveit_resources_panda_moveit_config:/home/jone/ws_moveit/install/moveit_resources_fanuc_moveit_config:/home/jone/ws_moveit/install/moveit_configs_utils:/home/jone/ws_moveit/install/srdfdom:/home/jone/ws_moveit/install/moveit_resources_pr2_description:/home/jone/ws_moveit/install/moveit_resources_panda_description:/home/jone/ws_moveit/install/moveit_resources_fanuc_description:/home/jone/ws_moveit/install/moveit_common:/home/jone/ws_moveit/install/launch_param_builder:${AMENT_PREFIX_PATH} CMAKE_PREFIX_PATH=/home/jone/ws_moveit/install/moveit_kinematics:/home/jone/ws_moveit/install/moveit_ros_planning:/home/jone/ws_moveit/install/moveit_ros_occupancy_map_monitor:/home/jone/ws_moveit/install/moveit_core:/home/jone/ws_moveit/install/moveit_resources_panda_moveit_config:/home/jone/ws_moveit/install/moveit_resources_fanuc_moveit_config:/home/jone/ws_moveit/install/srdfdom:/home/jone/ws_moveit/install/moveit_resources_pr2_description:/home/jone/ws_moveit/install/moveit_resources_panda_description:/home/jone/ws_moveit/install/moveit_resources_fanuc_description:/home/jone/ws_moveit/install/moveit_common:/opt/ros/humble LD_LIBRARY_PATH=/home/jone/ws_moveit/install/moveit_kinematics/lib:/home/jone/ws_moveit/install/moveit_ros_planning/lib:/home/jone/ws_moveit/install/moveit_ros_occupancy_map_monitor/lib:/home/jone/ws_moveit/install/moveit_core/lib:/home/jone/ws_moveit/install/srdfdom/lib:/opt/ros/humble/opt/rviz_ogre_vendor/lib:/opt/ros/humble/lib/x86_64-linux-gnu:/opt/ros/humble/lib:/usr/lib/x86_64-linux-gnu/gazebo-11/plugins:/usr/lib/x86_64-linux-gnu/gazebo-11/plugins:/usr/lib/x86_64-linux-gnu/gazebo-11/plugins PATH=/home/jone/ws_moveit/install/moveit_core/bin:${PATH} PYTHONPATH=/home/jone/ws_moveit/install/moveit_configs_utils/lib/python3.10/site-packages:/home/jone/ws_moveit/install/srdfdom/local/lib/python3.10/dist-packages:/home/jone/ws_moveit/install/launch_param_builder/lib/python3.10/site-packages:${PYTHONPATH} /usr/bin/cmake --build /home/jone/ws_moveit/build/moveit_ros_move_group -- -j16 -l16
[68.588s] DEBUG:colcon.colcon_core.event_handler.log_command:Invoking command in '/home/jone/ws_moveit/build/moveit_ros_move_group': AMENT_PREFIX_PATH=/home/jone/ws_moveit/install/moveit_kinematics:/home/jone/ws_moveit/install/moveit_ros_planning:/home/jone/ws_moveit/install/moveit_ros_occupancy_map_monitor:/home/jone/ws_moveit/install/moveit_core:/home/jone/ws_moveit/install/moveit_resources_panda_moveit_config:/home/jone/ws_moveit/install/moveit_resources_fanuc_moveit_config:/home/jone/ws_moveit/install/moveit_configs_utils:/home/jone/ws_moveit/install/srdfdom:/home/jone/ws_moveit/install/moveit_resources_pr2_description:/home/jone/ws_moveit/install/moveit_resources_panda_description:/home/jone/ws_moveit/install/moveit_resources_fanuc_description:/home/jone/ws_moveit/install/moveit_common:/home/jone/ws_moveit/install/launch_param_builder:${AMENT_PREFIX_PATH} CMAKE_PREFIX_PATH=/home/jone/ws_moveit/install/moveit_kinematics:/home/jone/ws_moveit/install/moveit_ros_planning:/home/jone/ws_moveit/install/moveit_ros_occupancy_map_monitor:/home/jone/ws_moveit/install/moveit_core:/home/jone/ws_moveit/install/moveit_resources_panda_moveit_config:/home/jone/ws_moveit/install/moveit_resources_fanuc_moveit_config:/home/jone/ws_moveit/install/srdfdom:/home/jone/ws_moveit/install/moveit_resources_pr2_description:/home/jone/ws_moveit/install/moveit_resources_panda_description:/home/jone/ws_moveit/install/moveit_resources_fanuc_description:/home/jone/ws_moveit/install/moveit_common:/opt/ros/humble LD_LIBRARY_PATH=/home/jone/ws_moveit/install/moveit_kinematics/lib:/home/jone/ws_moveit/install/moveit_ros_planning/lib:/home/jone/ws_moveit/install/moveit_ros_occupancy_map_monitor/lib:/home/jone/ws_moveit/install/moveit_core/lib:/home/jone/ws_moveit/install/srdfdom/lib:/opt/ros/humble/opt/rviz_ogre_vendor/lib:/opt/ros/humble/lib/x86_64-linux-gnu:/opt/ros/humble/lib:/usr/lib/x86_64-linux-gnu/gazebo-11/plugins:/usr/lib/x86_64-linux-gnu/gazebo-11/plugins:/usr/lib/x86_64-linux-gnu/gazebo-11/plugins PATH=/home/jone/ws_moveit/install/moveit_core/bin:${PATH} PYTHONPATH=/home/jone/ws_moveit/install/moveit_configs_utils/lib/python3.10/site-packages:/home/jone/ws_moveit/install/srdfdom/local/lib/python3.10/dist-packages:/home/jone/ws_moveit/install/launch_param_builder/lib/python3.10/site-packages:${PYTHONPATH} /usr/bin/cmake --install /home/jone/ws_moveit/build/moveit_ros_move_group
[68.617s] Level 1:colcon.colcon_core.environment:create_environment_scripts_only(moveit_ros_move_group)
[68.628s] Level 1:colcon.colcon_core.environment:checking '/home/jone/ws_moveit/install/moveit_ros_move_group' for CMake module files
[68.629s] DEBUG:colcon.colcon_core.event_handler.log_command:Invoked command in '/home/jone/ws_moveit/build/moveit_ros_move_group' returned '0': AMENT_PREFIX_PATH=/home/jone/ws_moveit/install/moveit_kinematics:/home/jone/ws_moveit/install/moveit_ros_planning:/home/jone/ws_moveit/install/moveit_ros_occupancy_map_monitor:/home/jone/ws_moveit/install/moveit_core:/home/jone/ws_moveit/install/moveit_resources_panda_moveit_config:/home/jone/ws_moveit/install/moveit_resources_fanuc_moveit_config:/home/jone/ws_moveit/install/moveit_configs_utils:/home/jone/ws_moveit/install/srdfdom:/home/jone/ws_moveit/install/moveit_resources_pr2_description:/home/jone/ws_moveit/install/moveit_resources_panda_description:/home/jone/ws_moveit/install/moveit_resources_fanuc_description:/home/jone/ws_moveit/install/moveit_common:/home/jone/ws_moveit/install/launch_param_builder:${AMENT_PREFIX_PATH} CMAKE_PREFIX_PATH=/home/jone/ws_moveit/install/moveit_kinematics:/home/jone/ws_moveit/install/moveit_ros_planning:/home/jone/ws_moveit/install/moveit_ros_occupancy_map_monitor:/home/jone/ws_moveit/install/moveit_core:/home/jone/ws_moveit/install/moveit_resources_panda_moveit_config:/home/jone/ws_moveit/install/moveit_resources_fanuc_moveit_config:/home/jone/ws_moveit/install/srdfdom:/home/jone/ws_moveit/install/moveit_resources_pr2_description:/home/jone/ws_moveit/install/moveit_resources_panda_description:/home/jone/ws_moveit/install/moveit_resources_fanuc_description:/home/jone/ws_moveit/install/moveit_common:/opt/ros/humble LD_LIBRARY_PATH=/home/jone/ws_moveit/install/moveit_kinematics/lib:/home/jone/ws_moveit/install/moveit_ros_planning/lib:/home/jone/ws_moveit/install/moveit_ros_occupancy_map_monitor/lib:/home/jone/ws_moveit/install/moveit_core/lib:/home/jone/ws_moveit/install/srdfdom/lib:/opt/ros/humble/opt/rviz_ogre_vendor/lib:/opt/ros/humble/lib/x86_64-linux-gnu:/opt/ros/humble/lib:/usr/lib/x86_64-linux-gnu/gazebo-11/plugins:/usr/lib/x86_64-linux-gnu/gazebo-11/plugins:/usr/lib/x86_64-linux-gnu/gazebo-11/plugins PATH=/home/jone/ws_moveit/install/moveit_core/bin:${PATH} PYTHONPATH=/home/jone/ws_moveit/install/moveit_configs_utils/lib/python3.10/site-packages:/home/jone/ws_moveit/install/srdfdom/local/lib/python3.10/dist-packages:/home/jone/ws_moveit/install/launch_param_builder/lib/python3.10/site-packages:${PYTHONPATH} /usr/bin/cmake --install /home/jone/ws_moveit/build/moveit_ros_move_group
[68.630s] Level 1:colcon.colcon_core.environment:checking '/home/jone/ws_moveit/install/moveit_ros_move_group' for CMake config files
[68.631s] Level 1:colcon.colcon_core.shell:create_environment_hook('moveit_ros_move_group', 'cmake_prefix_path')
[68.633s] INFO:colcon.colcon_core.shell:Creating environment hook '/home/jone/ws_moveit/install/moveit_ros_move_group/share/moveit_ros_move_group/hook/cmake_prefix_path.ps1'
[68.641s] INFO:colcon.colcon_core.shell:Creating environment descriptor '/home/jone/ws_moveit/install/moveit_ros_move_group/share/moveit_ros_move_group/hook/cmake_prefix_path.dsv'
[68.643s] INFO:colcon.colcon_core.shell:Creating environment hook '/home/jone/ws_moveit/install/moveit_ros_move_group/share/moveit_ros_move_group/hook/cmake_prefix_path.sh'
[68.647s] Level 1:colcon.colcon_core.environment:checking '/home/jone/ws_moveit/install/moveit_ros_move_group/lib'
[68.647s] Level 1:colcon.colcon_core.shell:create_environment_hook('moveit_ros_move_group', 'ld_library_path_lib')
[68.648s] INFO:colcon.colcon_core.shell:Creating environment hook '/home/jone/ws_moveit/install/moveit_ros_move_group/share/moveit_ros_move_group/hook/ld_library_path_lib.ps1'
[68.648s] INFO:colcon.colcon_core.shell:Creating environment descriptor '/home/jone/ws_moveit/install/moveit_ros_move_group/share/moveit_ros_move_group/hook/ld_library_path_lib.dsv'
[68.649s] INFO:colcon.colcon_core.shell:Creating environment hook '/home/jone/ws_moveit/install/moveit_ros_move_group/share/moveit_ros_move_group/hook/ld_library_path_lib.sh'
[68.650s] Level 1:colcon.colcon_core.environment:checking '/home/jone/ws_moveit/install/moveit_ros_move_group/bin'
[68.650s] Level 1:colcon.colcon_core.environment:checking '/home/jone/ws_moveit/install/moveit_ros_move_group/lib/pkgconfig/moveit_ros_move_group.pc'
[68.654s] Level 1:colcon.colcon_core.environment:checking '/home/jone/ws_moveit/install/moveit_ros_move_group/lib/python3.10/site-packages'
[68.655s] Level 1:colcon.colcon_core.environment:checking '/home/jone/ws_moveit/install/moveit_ros_move_group/bin'
[68.655s] INFO:colcon.colcon_core.shell:Creating package script '/home/jone/ws_moveit/install/moveit_ros_move_group/share/moveit_ros_move_group/package.ps1'
[68.658s] INFO:colcon.colcon_core.shell:Creating package descriptor '/home/jone/ws_moveit/install/moveit_ros_move_group/share/moveit_ros_move_group/package.dsv'
[68.659s] INFO:colcon.colcon_core.shell:Creating package script '/home/jone/ws_moveit/install/moveit_ros_move_group/share/moveit_ros_move_group/package.sh'
[68.660s] INFO:colcon.colcon_core.shell:Creating package script '/home/jone/ws_moveit/install/moveit_ros_move_group/share/moveit_ros_move_group/package.bash'
[68.661s] INFO:colcon.colcon_core.shell:Creating package script '/home/jone/ws_moveit/install/moveit_ros_move_group/share/moveit_ros_move_group/package.zsh'
[68.662s] Level 1:colcon.colcon_core.environment:create_file_with_runtime_dependencies(/home/jone/ws_moveit/install/moveit_ros_move_group/share/colcon-core/packages/moveit_ros_move_group)
[68.664s] Level 1:colcon.colcon_core.environment:create_environment_scripts_only(moveit_ros_move_group)
[68.664s] Level 1:colcon.colcon_core.environment:checking '/home/jone/ws_moveit/install/moveit_ros_move_group' for CMake module files
[68.665s] Level 1:colcon.colcon_core.environment:checking '/home/jone/ws_moveit/install/moveit_ros_move_group' for CMake config files
[68.665s] Level 1:colcon.colcon_core.shell:create_environment_hook('moveit_ros_move_group', 'cmake_prefix_path')
[68.665s] INFO:colcon.colcon_core.shell:Creating environment hook '/home/jone/ws_moveit/install/moveit_ros_move_group/share/moveit_ros_move_group/hook/cmake_prefix_path.ps1'
[68.665s] INFO:colcon.colcon_core.shell:Creating environment descriptor '/home/jone/ws_moveit/install/moveit_ros_move_group/share/moveit_ros_move_group/hook/cmake_prefix_path.dsv'
[68.666s] INFO:colcon.colcon_core.shell:Creating environment hook '/home/jone/ws_moveit/install/moveit_ros_move_group/share/moveit_ros_move_group/hook/cmake_prefix_path.sh'
[68.666s] Level 1:colcon.colcon_core.environment:checking '/home/jone/ws_moveit/install/moveit_ros_move_group/lib'
[68.666s] Level 1:colcon.colcon_core.shell:create_environment_hook('moveit_ros_move_group', 'ld_library_path_lib')
[68.667s] INFO:colcon.colcon_core.shell:Creating environment hook '/home/jone/ws_moveit/install/moveit_ros_move_group/share/moveit_ros_move_group/hook/ld_library_path_lib.ps1'
[68.667s] INFO:colcon.colcon_core.shell:Creating environment descriptor '/home/jone/ws_moveit/install/moveit_ros_move_group/share/moveit_ros_move_group/hook/ld_library_path_lib.dsv'
[68.667s] INFO:colcon.colcon_core.shell:Creating environment hook '/home/jone/ws_moveit/install/moveit_ros_move_group/share/moveit_ros_move_group/hook/ld_library_path_lib.sh'
[68.668s] Level 1:colcon.colcon_core.environment:checking '/home/jone/ws_moveit/install/moveit_ros_move_group/bin'
[68.668s] Level 1:colcon.colcon_core.environment:checking '/home/jone/ws_moveit/install/moveit_ros_move_group/lib/pkgconfig/moveit_ros_move_group.pc'
[68.668s] Level 1:colcon.colcon_core.environment:checking '/home/jone/ws_moveit/install/moveit_ros_move_group/lib/python3.10/site-packages'
[68.668s] Level 1:colcon.colcon_core.environment:checking '/home/jone/ws_moveit/install/moveit_ros_move_group/bin'
[68.668s] INFO:colcon.colcon_core.shell:Creating package script '/home/jone/ws_moveit/install/moveit_ros_move_group/share/moveit_ros_move_group/package.ps1'
[68.669s] INFO:colcon.colcon_core.shell:Creating package descriptor '/home/jone/ws_moveit/install/moveit_ros_move_group/share/moveit_ros_move_group/package.dsv'
[68.669s] INFO:colcon.colcon_core.shell:Creating package script '/home/jone/ws_moveit/install/moveit_ros_move_group/share/moveit_ros_move_group/package.sh'
[68.670s] INFO:colcon.colcon_core.shell:Creating package script '/home/jone/ws_moveit/install/moveit_ros_move_group/share/moveit_ros_move_group/package.bash'
[68.670s] INFO:colcon.colcon_core.shell:Creating package script '/home/jone/ws_moveit/install/moveit_ros_move_group/share/moveit_ros_move_group/package.zsh'
[68.670s] Level 1:colcon.colcon_core.environment:create_file_with_runtime_dependencies(/home/jone/ws_moveit/install/moveit_ros_move_group/share/colcon-core/packages/moveit_ros_move_group)
[68.671s] DEBUG:colcon.colcon_core.executor.sequential:run_until_complete 'moveit_ros_move_group' finished with '0'
[68.672s] DEBUG:colcon.colcon_core.executor.sequential:run_until_complete 'moveit_resources_prbt_moveit_config'
[68.672s] INFO:colcon.colcon_ros.task.ament_cmake.build:Building ROS package in '/home/jone/ws_moveit/src/moveit2/moveit_planners/test_configs/prbt_moveit_config' with build type 'ament_cmake'
[68.672s] INFO:colcon.colcon_cmake.task.cmake.build:Building CMake package in '/home/jone/ws_moveit/src/moveit2/moveit_planners/test_configs/prbt_moveit_config'
[68.673s] INFO:colcon.colcon_core.shell:Skip shell extension 'powershell' for command environment: Not usable outside of PowerShell
[68.673s] DEBUG:colcon.colcon_core.shell:Skip shell extension 'dsv' for command environment
[68.721s] DEBUG:colcon.colcon_core.event_handler.log_command:Invoking command in '/home/jone/ws_moveit/build/moveit_resources_prbt_moveit_config': AMENT_PREFIX_PATH=/home/jone/ws_moveit/install/moveit_ros_move_group:/home/jone/ws_moveit/install/moveit_kinematics:/home/jone/ws_moveit/install/moveit_ros_planning:/home/jone/ws_moveit/install/moveit_ros_occupancy_map_monitor:/home/jone/ws_moveit/install/moveit_resources_prbt_ikfast_manipulator_plugin:/home/jone/ws_moveit/install/moveit_core:/home/jone/ws_moveit/install/moveit_resources_panda_moveit_config:/home/jone/ws_moveit/install/moveit_resources_fanuc_moveit_config:/home/jone/ws_moveit/install/moveit_configs_utils:/home/jone/ws_moveit/install/srdfdom:/home/jone/ws_moveit/install/moveit_resources_prbt_support:/home/jone/ws_moveit/install/moveit_resources_pr2_description:/home/jone/ws_moveit/install/moveit_resources_panda_description:/home/jone/ws_moveit/install/moveit_resources_fanuc_description:/home/jone/ws_moveit/install/moveit_common:/home/jone/ws_moveit/install/launch_param_builder:${AMENT_PREFIX_PATH} CMAKE_PREFIX_PATH=/home/jone/ws_moveit/install/moveit_ros_move_group:/home/jone/ws_moveit/install/moveit_kinematics:/home/jone/ws_moveit/install/moveit_ros_planning:/home/jone/ws_moveit/install/moveit_ros_occupancy_map_monitor:/home/jone/ws_moveit/install/moveit_resources_prbt_ikfast_manipulator_plugin:/home/jone/ws_moveit/install/moveit_core:/home/jone/ws_moveit/install/moveit_resources_panda_moveit_config:/home/jone/ws_moveit/install/moveit_resources_fanuc_moveit_config:/home/jone/ws_moveit/install/srdfdom:/home/jone/ws_moveit/install/moveit_resources_prbt_support:/home/jone/ws_moveit/install/moveit_resources_pr2_description:/home/jone/ws_moveit/install/moveit_resources_panda_description:/home/jone/ws_moveit/install/moveit_resources_fanuc_description:/home/jone/ws_moveit/install/moveit_common:/opt/ros/humble LD_LIBRARY_PATH=/home/jone/ws_moveit/install/moveit_ros_move_group/lib:/home/jone/ws_moveit/install/moveit_kinematics/lib:/home/jone/ws_moveit/install/moveit_ros_planning/lib:/home/jone/ws_moveit/install/moveit_ros_occupancy_map_monitor/lib:/home/jone/ws_moveit/install/moveit_resources_prbt_ikfast_manipulator_plugin/lib:/home/jone/ws_moveit/install/moveit_core/lib:/home/jone/ws_moveit/install/srdfdom/lib:/opt/ros/humble/opt/rviz_ogre_vendor/lib:/opt/ros/humble/lib/x86_64-linux-gnu:/opt/ros/humble/lib:/usr/lib/x86_64-linux-gnu/gazebo-11/plugins:/usr/lib/x86_64-linux-gnu/gazebo-11/plugins:/usr/lib/x86_64-linux-gnu/gazebo-11/plugins PATH=/home/jone/ws_moveit/install/moveit_core/bin:${PATH} PYTHONPATH=/home/jone/ws_moveit/install/moveit_configs_utils/lib/python3.10/site-packages:/home/jone/ws_moveit/install/srdfdom/local/lib/python3.10/dist-packages:/home/jone/ws_moveit/install/launch_param_builder/lib/python3.10/site-packages:${PYTHONPATH} /usr/bin/cmake /home/jone/ws_moveit/src/moveit2/moveit_planners/test_configs/prbt_moveit_config -DCMAKE_BUILD_TYPE=Release -DCMAKE_INSTALL_PREFIX=/home/jone/ws_moveit/install/moveit_resources_prbt_moveit_config
[69.312s] DEBUG:colcon.colcon_core.event_handler.log_command:Invoked command in '/home/jone/ws_moveit/build/moveit_resources_prbt_moveit_config' returned '0': AMENT_PREFIX_PATH=/home/jone/ws_moveit/install/moveit_ros_move_group:/home/jone/ws_moveit/install/moveit_kinematics:/home/jone/ws_moveit/install/moveit_ros_planning:/home/jone/ws_moveit/install/moveit_ros_occupancy_map_monitor:/home/jone/ws_moveit/install/moveit_resources_prbt_ikfast_manipulator_plugin:/home/jone/ws_moveit/install/moveit_core:/home/jone/ws_moveit/install/moveit_resources_panda_moveit_config:/home/jone/ws_moveit/install/moveit_resources_fanuc_moveit_config:/home/jone/ws_moveit/install/moveit_configs_utils:/home/jone/ws_moveit/install/srdfdom:/home/jone/ws_moveit/install/moveit_resources_prbt_support:/home/jone/ws_moveit/install/moveit_resources_pr2_description:/home/jone/ws_moveit/install/moveit_resources_panda_description:/home/jone/ws_moveit/install/moveit_resources_fanuc_description:/home/jone/ws_moveit/install/moveit_common:/home/jone/ws_moveit/install/launch_param_builder:${AMENT_PREFIX_PATH} CMAKE_PREFIX_PATH=/home/jone/ws_moveit/install/moveit_ros_move_group:/home/jone/ws_moveit/install/moveit_kinematics:/home/jone/ws_moveit/install/moveit_ros_planning:/home/jone/ws_moveit/install/moveit_ros_occupancy_map_monitor:/home/jone/ws_moveit/install/moveit_resources_prbt_ikfast_manipulator_plugin:/home/jone/ws_moveit/install/moveit_core:/home/jone/ws_moveit/install/moveit_resources_panda_moveit_config:/home/jone/ws_moveit/install/moveit_resources_fanuc_moveit_config:/home/jone/ws_moveit/install/srdfdom:/home/jone/ws_moveit/install/moveit_resources_prbt_support:/home/jone/ws_moveit/install/moveit_resources_pr2_description:/home/jone/ws_moveit/install/moveit_resources_panda_description:/home/jone/ws_moveit/install/moveit_resources_fanuc_description:/home/jone/ws_moveit/install/moveit_common:/opt/ros/humble LD_LIBRARY_PATH=/home/jone/ws_moveit/install/moveit_ros_move_group/lib:/home/jone/ws_moveit/install/moveit_kinematics/lib:/home/jone/ws_moveit/install/moveit_ros_planning/lib:/home/jone/ws_moveit/install/moveit_ros_occupancy_map_monitor/lib:/home/jone/ws_moveit/install/moveit_resources_prbt_ikfast_manipulator_plugin/lib:/home/jone/ws_moveit/install/moveit_core/lib:/home/jone/ws_moveit/install/srdfdom/lib:/opt/ros/humble/opt/rviz_ogre_vendor/lib:/opt/ros/humble/lib/x86_64-linux-gnu:/opt/ros/humble/lib:/usr/lib/x86_64-linux-gnu/gazebo-11/plugins:/usr/lib/x86_64-linux-gnu/gazebo-11/plugins:/usr/lib/x86_64-linux-gnu/gazebo-11/plugins PATH=/home/jone/ws_moveit/install/moveit_core/bin:${PATH} PYTHONPATH=/home/jone/ws_moveit/install/moveit_configs_utils/lib/python3.10/site-packages:/home/jone/ws_moveit/install/srdfdom/local/lib/python3.10/dist-packages:/home/jone/ws_moveit/install/launch_param_builder/lib/python3.10/site-packages:${PYTHONPATH} /usr/bin/cmake /home/jone/ws_moveit/src/moveit2/moveit_planners/test_configs/prbt_moveit_config -DCMAKE_BUILD_TYPE=Release -DCMAKE_INSTALL_PREFIX=/home/jone/ws_moveit/install/moveit_resources_prbt_moveit_config
[69.316s] DEBUG:colcon.colcon_core.event_handler.log_command:Invoking command in '/home/jone/ws_moveit/build/moveit_resources_prbt_moveit_config': AMENT_PREFIX_PATH=/home/jone/ws_moveit/install/moveit_ros_move_group:/home/jone/ws_moveit/install/moveit_kinematics:/home/jone/ws_moveit/install/moveit_ros_planning:/home/jone/ws_moveit/install/moveit_ros_occupancy_map_monitor:/home/jone/ws_moveit/install/moveit_resources_prbt_ikfast_manipulator_plugin:/home/jone/ws_moveit/install/moveit_core:/home/jone/ws_moveit/install/moveit_resources_panda_moveit_config:/home/jone/ws_moveit/install/moveit_resources_fanuc_moveit_config:/home/jone/ws_moveit/install/moveit_configs_utils:/home/jone/ws_moveit/install/srdfdom:/home/jone/ws_moveit/install/moveit_resources_prbt_support:/home/jone/ws_moveit/install/moveit_resources_pr2_description:/home/jone/ws_moveit/install/moveit_resources_panda_description:/home/jone/ws_moveit/install/moveit_resources_fanuc_description:/home/jone/ws_moveit/install/moveit_common:/home/jone/ws_moveit/install/launch_param_builder:${AMENT_PREFIX_PATH} CMAKE_PREFIX_PATH=/home/jone/ws_moveit/install/moveit_ros_move_group:/home/jone/ws_moveit/install/moveit_kinematics:/home/jone/ws_moveit/install/moveit_ros_planning:/home/jone/ws_moveit/install/moveit_ros_occupancy_map_monitor:/home/jone/ws_moveit/install/moveit_resources_prbt_ikfast_manipulator_plugin:/home/jone/ws_moveit/install/moveit_core:/home/jone/ws_moveit/install/moveit_resources_panda_moveit_config:/home/jone/ws_moveit/install/moveit_resources_fanuc_moveit_config:/home/jone/ws_moveit/install/srdfdom:/home/jone/ws_moveit/install/moveit_resources_prbt_support:/home/jone/ws_moveit/install/moveit_resources_pr2_description:/home/jone/ws_moveit/install/moveit_resources_panda_description:/home/jone/ws_moveit/install/moveit_resources_fanuc_description:/home/jone/ws_moveit/install/moveit_common:/opt/ros/humble LD_LIBRARY_PATH=/home/jone/ws_moveit/install/moveit_ros_move_group/lib:/home/jone/ws_moveit/install/moveit_kinematics/lib:/home/jone/ws_moveit/install/moveit_ros_planning/lib:/home/jone/ws_moveit/install/moveit_ros_occupancy_map_monitor/lib:/home/jone/ws_moveit/install/moveit_resources_prbt_ikfast_manipulator_plugin/lib:/home/jone/ws_moveit/install/moveit_core/lib:/home/jone/ws_moveit/install/srdfdom/lib:/opt/ros/humble/opt/rviz_ogre_vendor/lib:/opt/ros/humble/lib/x86_64-linux-gnu:/opt/ros/humble/lib:/usr/lib/x86_64-linux-gnu/gazebo-11/plugins:/usr/lib/x86_64-linux-gnu/gazebo-11/plugins:/usr/lib/x86_64-linux-gnu/gazebo-11/plugins PATH=/home/jone/ws_moveit/install/moveit_core/bin:${PATH} PYTHONPATH=/home/jone/ws_moveit/install/moveit_configs_utils/lib/python3.10/site-packages:/home/jone/ws_moveit/install/srdfdom/local/lib/python3.10/dist-packages:/home/jone/ws_moveit/install/launch_param_builder/lib/python3.10/site-packages:${PYTHONPATH} /usr/bin/cmake --build /home/jone/ws_moveit/build/moveit_resources_prbt_moveit_config -- -j16 -l16
[69.350s] DEBUG:colcon.colcon_core.event_handler.log_command:Invoked command in '/home/jone/ws_moveit/build/moveit_resources_prbt_moveit_config' returned '0': AMENT_PREFIX_PATH=/home/jone/ws_moveit/install/moveit_ros_move_group:/home/jone/ws_moveit/install/moveit_kinematics:/home/jone/ws_moveit/install/moveit_ros_planning:/home/jone/ws_moveit/install/moveit_ros_occupancy_map_monitor:/home/jone/ws_moveit/install/moveit_resources_prbt_ikfast_manipulator_plugin:/home/jone/ws_moveit/install/moveit_core:/home/jone/ws_moveit/install/moveit_resources_panda_moveit_config:/home/jone/ws_moveit/install/moveit_resources_fanuc_moveit_config:/home/jone/ws_moveit/install/moveit_configs_utils:/home/jone/ws_moveit/install/srdfdom:/home/jone/ws_moveit/install/moveit_resources_prbt_support:/home/jone/ws_moveit/install/moveit_resources_pr2_description:/home/jone/ws_moveit/install/moveit_resources_panda_description:/home/jone/ws_moveit/install/moveit_resources_fanuc_description:/home/jone/ws_moveit/install/moveit_common:/home/jone/ws_moveit/install/launch_param_builder:${AMENT_PREFIX_PATH} CMAKE_PREFIX_PATH=/home/jone/ws_moveit/install/moveit_ros_move_group:/home/jone/ws_moveit/install/moveit_kinematics:/home/jone/ws_moveit/install/moveit_ros_planning:/home/jone/ws_moveit/install/moveit_ros_occupancy_map_monitor:/home/jone/ws_moveit/install/moveit_resources_prbt_ikfast_manipulator_plugin:/home/jone/ws_moveit/install/moveit_core:/home/jone/ws_moveit/install/moveit_resources_panda_moveit_config:/home/jone/ws_moveit/install/moveit_resources_fanuc_moveit_config:/home/jone/ws_moveit/install/srdfdom:/home/jone/ws_moveit/install/moveit_resources_prbt_support:/home/jone/ws_moveit/install/moveit_resources_pr2_description:/home/jone/ws_moveit/install/moveit_resources_panda_description:/home/jone/ws_moveit/install/moveit_resources_fanuc_description:/home/jone/ws_moveit/install/moveit_common:/opt/ros/humble LD_LIBRARY_PATH=/home/jone/ws_moveit/install/moveit_ros_move_group/lib:/home/jone/ws_moveit/install/moveit_kinematics/lib:/home/jone/ws_moveit/install/moveit_ros_planning/lib:/home/jone/ws_moveit/install/moveit_ros_occupancy_map_monitor/lib:/home/jone/ws_moveit/install/moveit_resources_prbt_ikfast_manipulator_plugin/lib:/home/jone/ws_moveit/install/moveit_core/lib:/home/jone/ws_moveit/install/srdfdom/lib:/opt/ros/humble/opt/rviz_ogre_vendor/lib:/opt/ros/humble/lib/x86_64-linux-gnu:/opt/ros/humble/lib:/usr/lib/x86_64-linux-gnu/gazebo-11/plugins:/usr/lib/x86_64-linux-gnu/gazebo-11/plugins:/usr/lib/x86_64-linux-gnu/gazebo-11/plugins PATH=/home/jone/ws_moveit/install/moveit_core/bin:${PATH} PYTHONPATH=/home/jone/ws_moveit/install/moveit_configs_utils/lib/python3.10/site-packages:/home/jone/ws_moveit/install/srdfdom/local/lib/python3.10/dist-packages:/home/jone/ws_moveit/install/launch_param_builder/lib/python3.10/site-packages:${PYTHONPATH} /usr/bin/cmake --build /home/jone/ws_moveit/build/moveit_resources_prbt_moveit_config -- -j16 -l16
[69.351s] DEBUG:colcon.colcon_core.event_handler.log_command:Invoking command in '/home/jone/ws_moveit/build/moveit_resources_prbt_moveit_config': AMENT_PREFIX_PATH=/home/jone/ws_moveit/install/moveit_ros_move_group:/home/jone/ws_moveit/install/moveit_kinematics:/home/jone/ws_moveit/install/moveit_ros_planning:/home/jone/ws_moveit/install/moveit_ros_occupancy_map_monitor:/home/jone/ws_moveit/install/moveit_resources_prbt_ikfast_manipulator_plugin:/home/jone/ws_moveit/install/moveit_core:/home/jone/ws_moveit/install/moveit_resources_panda_moveit_config:/home/jone/ws_moveit/install/moveit_resources_fanuc_moveit_config:/home/jone/ws_moveit/install/moveit_configs_utils:/home/jone/ws_moveit/install/srdfdom:/home/jone/ws_moveit/install/moveit_resources_prbt_support:/home/jone/ws_moveit/install/moveit_resources_pr2_description:/home/jone/ws_moveit/install/moveit_resources_panda_description:/home/jone/ws_moveit/install/moveit_resources_fanuc_description:/home/jone/ws_moveit/install/moveit_common:/home/jone/ws_moveit/install/launch_param_builder:${AMENT_PREFIX_PATH} CMAKE_PREFIX_PATH=/home/jone/ws_moveit/install/moveit_ros_move_group:/home/jone/ws_moveit/install/moveit_kinematics:/home/jone/ws_moveit/install/moveit_ros_planning:/home/jone/ws_moveit/install/moveit_ros_occupancy_map_monitor:/home/jone/ws_moveit/install/moveit_resources_prbt_ikfast_manipulator_plugin:/home/jone/ws_moveit/install/moveit_core:/home/jone/ws_moveit/install/moveit_resources_panda_moveit_config:/home/jone/ws_moveit/install/moveit_resources_fanuc_moveit_config:/home/jone/ws_moveit/install/srdfdom:/home/jone/ws_moveit/install/moveit_resources_prbt_support:/home/jone/ws_moveit/install/moveit_resources_pr2_description:/home/jone/ws_moveit/install/moveit_resources_panda_description:/home/jone/ws_moveit/install/moveit_resources_fanuc_description:/home/jone/ws_moveit/install/moveit_common:/opt/ros/humble LD_LIBRARY_PATH=/home/jone/ws_moveit/install/moveit_ros_move_group/lib:/home/jone/ws_moveit/install/moveit_kinematics/lib:/home/jone/ws_moveit/install/moveit_ros_planning/lib:/home/jone/ws_moveit/install/moveit_ros_occupancy_map_monitor/lib:/home/jone/ws_moveit/install/moveit_resources_prbt_ikfast_manipulator_plugin/lib:/home/jone/ws_moveit/install/moveit_core/lib:/home/jone/ws_moveit/install/srdfdom/lib:/opt/ros/humble/opt/rviz_ogre_vendor/lib:/opt/ros/humble/lib/x86_64-linux-gnu:/opt/ros/humble/lib:/usr/lib/x86_64-linux-gnu/gazebo-11/plugins:/usr/lib/x86_64-linux-gnu/gazebo-11/plugins:/usr/lib/x86_64-linux-gnu/gazebo-11/plugins PATH=/home/jone/ws_moveit/install/moveit_core/bin:${PATH} PYTHONPATH=/home/jone/ws_moveit/install/moveit_configs_utils/lib/python3.10/site-packages:/home/jone/ws_moveit/install/srdfdom/local/lib/python3.10/dist-packages:/home/jone/ws_moveit/install/launch_param_builder/lib/python3.10/site-packages:${PYTHONPATH} /usr/bin/cmake --install /home/jone/ws_moveit/build/moveit_resources_prbt_moveit_config
[69.364s] Level 1:colcon.colcon_core.environment:create_environment_scripts_only(moveit_resources_prbt_moveit_config)
[69.364s] Level 1:colcon.colcon_core.environment:checking '/home/jone/ws_moveit/install/moveit_resources_prbt_moveit_config' for CMake module files
[69.364s] DEBUG:colcon.colcon_core.event_handler.log_command:Invoked command in '/home/jone/ws_moveit/build/moveit_resources_prbt_moveit_config' returned '0': AMENT_PREFIX_PATH=/home/jone/ws_moveit/install/moveit_ros_move_group:/home/jone/ws_moveit/install/moveit_kinematics:/home/jone/ws_moveit/install/moveit_ros_planning:/home/jone/ws_moveit/install/moveit_ros_occupancy_map_monitor:/home/jone/ws_moveit/install/moveit_resources_prbt_ikfast_manipulator_plugin:/home/jone/ws_moveit/install/moveit_core:/home/jone/ws_moveit/install/moveit_resources_panda_moveit_config:/home/jone/ws_moveit/install/moveit_resources_fanuc_moveit_config:/home/jone/ws_moveit/install/moveit_configs_utils:/home/jone/ws_moveit/install/srdfdom:/home/jone/ws_moveit/install/moveit_resources_prbt_support:/home/jone/ws_moveit/install/moveit_resources_pr2_description:/home/jone/ws_moveit/install/moveit_resources_panda_description:/home/jone/ws_moveit/install/moveit_resources_fanuc_description:/home/jone/ws_moveit/install/moveit_common:/home/jone/ws_moveit/install/launch_param_builder:${AMENT_PREFIX_PATH} CMAKE_PREFIX_PATH=/home/jone/ws_moveit/install/moveit_ros_move_group:/home/jone/ws_moveit/install/moveit_kinematics:/home/jone/ws_moveit/install/moveit_ros_planning:/home/jone/ws_moveit/install/moveit_ros_occupancy_map_monitor:/home/jone/ws_moveit/install/moveit_resources_prbt_ikfast_manipulator_plugin:/home/jone/ws_moveit/install/moveit_core:/home/jone/ws_moveit/install/moveit_resources_panda_moveit_config:/home/jone/ws_moveit/install/moveit_resources_fanuc_moveit_config:/home/jone/ws_moveit/install/srdfdom:/home/jone/ws_moveit/install/moveit_resources_prbt_support:/home/jone/ws_moveit/install/moveit_resources_pr2_description:/home/jone/ws_moveit/install/moveit_resources_panda_description:/home/jone/ws_moveit/install/moveit_resources_fanuc_description:/home/jone/ws_moveit/install/moveit_common:/opt/ros/humble LD_LIBRARY_PATH=/home/jone/ws_moveit/install/moveit_ros_move_group/lib:/home/jone/ws_moveit/install/moveit_kinematics/lib:/home/jone/ws_moveit/install/moveit_ros_planning/lib:/home/jone/ws_moveit/install/moveit_ros_occupancy_map_monitor/lib:/home/jone/ws_moveit/install/moveit_resources_prbt_ikfast_manipulator_plugin/lib:/home/jone/ws_moveit/install/moveit_core/lib:/home/jone/ws_moveit/install/srdfdom/lib:/opt/ros/humble/opt/rviz_ogre_vendor/lib:/opt/ros/humble/lib/x86_64-linux-gnu:/opt/ros/humble/lib:/usr/lib/x86_64-linux-gnu/gazebo-11/plugins:/usr/lib/x86_64-linux-gnu/gazebo-11/plugins:/usr/lib/x86_64-linux-gnu/gazebo-11/plugins PATH=/home/jone/ws_moveit/install/moveit_core/bin:${PATH} PYTHONPATH=/home/jone/ws_moveit/install/moveit_configs_utils/lib/python3.10/site-packages:/home/jone/ws_moveit/install/srdfdom/local/lib/python3.10/dist-packages:/home/jone/ws_moveit/install/launch_param_builder/lib/python3.10/site-packages:${PYTHONPATH} /usr/bin/cmake --install /home/jone/ws_moveit/build/moveit_resources_prbt_moveit_config
[69.364s] Level 1:colcon.colcon_core.environment:checking '/home/jone/ws_moveit/install/moveit_resources_prbt_moveit_config' for CMake config files
[69.365s] Level 1:colcon.colcon_core.shell:create_environment_hook('moveit_resources_prbt_moveit_config', 'cmake_prefix_path')
[69.365s] INFO:colcon.colcon_core.shell:Creating environment hook '/home/jone/ws_moveit/install/moveit_resources_prbt_moveit_config/share/moveit_resources_prbt_moveit_config/hook/cmake_prefix_path.ps1'
[69.365s] INFO:colcon.colcon_core.shell:Creating environment descriptor '/home/jone/ws_moveit/install/moveit_resources_prbt_moveit_config/share/moveit_resources_prbt_moveit_config/hook/cmake_prefix_path.dsv'
[69.365s] INFO:colcon.colcon_core.shell:Creating environment hook '/home/jone/ws_moveit/install/moveit_resources_prbt_moveit_config/share/moveit_resources_prbt_moveit_config/hook/cmake_prefix_path.sh'
[69.366s] Level 1:colcon.colcon_core.environment:checking '/home/jone/ws_moveit/install/moveit_resources_prbt_moveit_config/bin'
[69.366s] Level 1:colcon.colcon_core.environment:checking '/home/jone/ws_moveit/install/moveit_resources_prbt_moveit_config/lib/pkgconfig/moveit_resources_prbt_moveit_config.pc'
[69.366s] Level 1:colcon.colcon_core.environment:checking '/home/jone/ws_moveit/install/moveit_resources_prbt_moveit_config/lib/python3.10/site-packages'
[69.367s] Level 1:colcon.colcon_core.environment:checking '/home/jone/ws_moveit/install/moveit_resources_prbt_moveit_config/bin'
[69.367s] INFO:colcon.colcon_core.shell:Creating package script '/home/jone/ws_moveit/install/moveit_resources_prbt_moveit_config/share/moveit_resources_prbt_moveit_config/package.ps1'
[69.367s] INFO:colcon.colcon_core.shell:Creating package descriptor '/home/jone/ws_moveit/install/moveit_resources_prbt_moveit_config/share/moveit_resources_prbt_moveit_config/package.dsv'
[69.367s] INFO:colcon.colcon_core.shell:Creating package script '/home/jone/ws_moveit/install/moveit_resources_prbt_moveit_config/share/moveit_resources_prbt_moveit_config/package.sh'
[69.368s] INFO:colcon.colcon_core.shell:Creating package script '/home/jone/ws_moveit/install/moveit_resources_prbt_moveit_config/share/moveit_resources_prbt_moveit_config/package.bash'
[69.368s] INFO:colcon.colcon_core.shell:Creating package script '/home/jone/ws_moveit/install/moveit_resources_prbt_moveit_config/share/moveit_resources_prbt_moveit_config/package.zsh'
[69.368s] Level 1:colcon.colcon_core.environment:create_file_with_runtime_dependencies(/home/jone/ws_moveit/install/moveit_resources_prbt_moveit_config/share/colcon-core/packages/moveit_resources_prbt_moveit_config)
[69.369s] Level 1:colcon.colcon_core.environment:create_environment_scripts_only(moveit_resources_prbt_moveit_config)
[69.369s] Level 1:colcon.colcon_core.environment:checking '/home/jone/ws_moveit/install/moveit_resources_prbt_moveit_config' for CMake module files
[69.369s] Level 1:colcon.colcon_core.environment:checking '/home/jone/ws_moveit/install/moveit_resources_prbt_moveit_config' for CMake config files
[69.370s] Level 1:colcon.colcon_core.shell:create_environment_hook('moveit_resources_prbt_moveit_config', 'cmake_prefix_path')
[69.370s] INFO:colcon.colcon_core.shell:Creating environment hook '/home/jone/ws_moveit/install/moveit_resources_prbt_moveit_config/share/moveit_resources_prbt_moveit_config/hook/cmake_prefix_path.ps1'
[69.370s] INFO:colcon.colcon_core.shell:Creating environment descriptor '/home/jone/ws_moveit/install/moveit_resources_prbt_moveit_config/share/moveit_resources_prbt_moveit_config/hook/cmake_prefix_path.dsv'
[69.370s] INFO:colcon.colcon_core.shell:Creating environment hook '/home/jone/ws_moveit/install/moveit_resources_prbt_moveit_config/share/moveit_resources_prbt_moveit_config/hook/cmake_prefix_path.sh'
[69.371s] Level 1:colcon.colcon_core.environment:checking '/home/jone/ws_moveit/install/moveit_resources_prbt_moveit_config/bin'
[69.371s] Level 1:colcon.colcon_core.environment:checking '/home/jone/ws_moveit/install/moveit_resources_prbt_moveit_config/lib/pkgconfig/moveit_resources_prbt_moveit_config.pc'
[69.371s] Level 1:colcon.colcon_core.environment:checking '/home/jone/ws_moveit/install/moveit_resources_prbt_moveit_config/lib/python3.10/site-packages'
[69.371s] Level 1:colcon.colcon_core.environment:checking '/home/jone/ws_moveit/install/moveit_resources_prbt_moveit_config/bin'
[69.371s] INFO:colcon.colcon_core.shell:Creating package script '/home/jone/ws_moveit/install/moveit_resources_prbt_moveit_config/share/moveit_resources_prbt_moveit_config/package.ps1'
[69.372s] INFO:colcon.colcon_core.shell:Creating package descriptor '/home/jone/ws_moveit/install/moveit_resources_prbt_moveit_config/share/moveit_resources_prbt_moveit_config/package.dsv'
[69.372s] INFO:colcon.colcon_core.shell:Creating package script '/home/jone/ws_moveit/install/moveit_resources_prbt_moveit_config/share/moveit_resources_prbt_moveit_config/package.sh'
[69.372s] INFO:colcon.colcon_core.shell:Creating package script '/home/jone/ws_moveit/install/moveit_resources_prbt_moveit_config/share/moveit_resources_prbt_moveit_config/package.bash'
[69.373s] INFO:colcon.colcon_core.shell:Creating package script '/home/jone/ws_moveit/install/moveit_resources_prbt_moveit_config/share/moveit_resources_prbt_moveit_config/package.zsh'
[69.373s] Level 1:colcon.colcon_core.environment:create_file_with_runtime_dependencies(/home/jone/ws_moveit/install/moveit_resources_prbt_moveit_config/share/colcon-core/packages/moveit_resources_prbt_moveit_config)
[69.373s] DEBUG:colcon.colcon_core.executor.sequential:run_until_complete 'moveit_resources_prbt_moveit_config' finished with '0'
[69.373s] DEBUG:colcon.colcon_core.executor.sequential:run_until_complete 'moveit_ros_planning_interface'
[69.373s] INFO:colcon.colcon_ros.task.ament_cmake.build:Building ROS package in '/home/jone/ws_moveit/src/moveit2/moveit_ros/planning_interface' with build type 'ament_cmake'
[69.373s] INFO:colcon.colcon_cmake.task.cmake.build:Building CMake package in '/home/jone/ws_moveit/src/moveit2/moveit_ros/planning_interface'
[69.374s] INFO:colcon.colcon_core.shell:Skip shell extension 'powershell' for command environment: Not usable outside of PowerShell
[69.374s] DEBUG:colcon.colcon_core.shell:Skip shell extension 'dsv' for command environment
[69.408s] DEBUG:colcon.colcon_core.event_handler.log_command:Invoking command in '/home/jone/ws_moveit/build/moveit_ros_planning_interface': AMENT_PREFIX_PATH=/home/jone/ws_moveit/install/moveit_ros_move_group:/home/jone/ws_moveit/install/moveit_ros_warehouse:/home/jone/ws_moveit/install/moveit_planners_ompl:/home/jone/ws_moveit/install/moveit_kinematics:/home/jone/ws_moveit/install/moveit_ros_planning:/home/jone/ws_moveit/install/moveit_simple_controller_manager:/home/jone/ws_moveit/install/moveit_ros_occupancy_map_monitor:/home/jone/ws_moveit/install/moveit_core:/home/jone/ws_moveit/install/moveit_resources_panda_moveit_config:/home/jone/ws_moveit/install/moveit_resources_fanuc_moveit_config:/home/jone/ws_moveit/install/moveit_configs_utils:/home/jone/ws_moveit/install/srdfdom:/home/jone/ws_moveit/install/moveit_resources_pr2_description:/home/jone/ws_moveit/install/moveit_resources_panda_description:/home/jone/ws_moveit/install/moveit_resources_fanuc_description:/home/jone/ws_moveit/install/moveit_common:/home/jone/ws_moveit/install/launch_param_builder:${AMENT_PREFIX_PATH} CMAKE_PREFIX_PATH=/home/jone/ws_moveit/install/moveit_ros_move_group:/home/jone/ws_moveit/install/moveit_ros_warehouse:/home/jone/ws_moveit/install/moveit_planners_ompl:/home/jone/ws_moveit/install/moveit_kinematics:/home/jone/ws_moveit/install/moveit_ros_planning:/home/jone/ws_moveit/install/moveit_simple_controller_manager:/home/jone/ws_moveit/install/moveit_ros_occupancy_map_monitor:/home/jone/ws_moveit/install/moveit_core:/home/jone/ws_moveit/install/moveit_resources_panda_moveit_config:/home/jone/ws_moveit/install/moveit_resources_fanuc_moveit_config:/home/jone/ws_moveit/install/srdfdom:/home/jone/ws_moveit/install/moveit_resources_pr2_description:/home/jone/ws_moveit/install/moveit_resources_panda_description:/home/jone/ws_moveit/install/moveit_resources_fanuc_description:/home/jone/ws_moveit/install/moveit_common:/opt/ros/humble LD_LIBRARY_PATH=/home/jone/ws_moveit/install/moveit_ros_move_group/lib:/home/jone/ws_moveit/install/moveit_ros_warehouse/lib:/home/jone/ws_moveit/install/moveit_planners_ompl/lib:/home/jone/ws_moveit/install/moveit_kinematics/lib:/home/jone/ws_moveit/install/moveit_ros_planning/lib:/home/jone/ws_moveit/install/moveit_simple_controller_manager/lib:/home/jone/ws_moveit/install/moveit_ros_occupancy_map_monitor/lib:/home/jone/ws_moveit/install/moveit_core/lib:/home/jone/ws_moveit/install/srdfdom/lib:/opt/ros/humble/opt/rviz_ogre_vendor/lib:/opt/ros/humble/lib/x86_64-linux-gnu:/opt/ros/humble/lib:/usr/lib/x86_64-linux-gnu/gazebo-11/plugins:/usr/lib/x86_64-linux-gnu/gazebo-11/plugins:/usr/lib/x86_64-linux-gnu/gazebo-11/plugins PATH=/home/jone/ws_moveit/install/moveit_core/bin:${PATH} PYTHONPATH=/home/jone/ws_moveit/install/moveit_configs_utils/lib/python3.10/site-packages:/home/jone/ws_moveit/install/srdfdom/local/lib/python3.10/dist-packages:/home/jone/ws_moveit/install/launch_param_builder/lib/python3.10/site-packages:${PYTHONPATH} /usr/bin/cmake /home/jone/ws_moveit/src/moveit2/moveit_ros/planning_interface -DCMAKE_BUILD_TYPE=Release -DCMAKE_INSTALL_PREFIX=/home/jone/ws_moveit/install/moveit_ros_planning_interface
[71.820s] DEBUG:colcon.colcon_core.event_handler.log_command:Invoked command in '/home/jone/ws_moveit/build/moveit_ros_planning_interface' returned '0': AMENT_PREFIX_PATH=/home/jone/ws_moveit/install/moveit_ros_move_group:/home/jone/ws_moveit/install/moveit_ros_warehouse:/home/jone/ws_moveit/install/moveit_planners_ompl:/home/jone/ws_moveit/install/moveit_kinematics:/home/jone/ws_moveit/install/moveit_ros_planning:/home/jone/ws_moveit/install/moveit_simple_controller_manager:/home/jone/ws_moveit/install/moveit_ros_occupancy_map_monitor:/home/jone/ws_moveit/install/moveit_core:/home/jone/ws_moveit/install/moveit_resources_panda_moveit_config:/home/jone/ws_moveit/install/moveit_resources_fanuc_moveit_config:/home/jone/ws_moveit/install/moveit_configs_utils:/home/jone/ws_moveit/install/srdfdom:/home/jone/ws_moveit/install/moveit_resources_pr2_description:/home/jone/ws_moveit/install/moveit_resources_panda_description:/home/jone/ws_moveit/install/moveit_resources_fanuc_description:/home/jone/ws_moveit/install/moveit_common:/home/jone/ws_moveit/install/launch_param_builder:${AMENT_PREFIX_PATH} CMAKE_PREFIX_PATH=/home/jone/ws_moveit/install/moveit_ros_move_group:/home/jone/ws_moveit/install/moveit_ros_warehouse:/home/jone/ws_moveit/install/moveit_planners_ompl:/home/jone/ws_moveit/install/moveit_kinematics:/home/jone/ws_moveit/install/moveit_ros_planning:/home/jone/ws_moveit/install/moveit_simple_controller_manager:/home/jone/ws_moveit/install/moveit_ros_occupancy_map_monitor:/home/jone/ws_moveit/install/moveit_core:/home/jone/ws_moveit/install/moveit_resources_panda_moveit_config:/home/jone/ws_moveit/install/moveit_resources_fanuc_moveit_config:/home/jone/ws_moveit/install/srdfdom:/home/jone/ws_moveit/install/moveit_resources_pr2_description:/home/jone/ws_moveit/install/moveit_resources_panda_description:/home/jone/ws_moveit/install/moveit_resources_fanuc_description:/home/jone/ws_moveit/install/moveit_common:/opt/ros/humble LD_LIBRARY_PATH=/home/jone/ws_moveit/install/moveit_ros_move_group/lib:/home/jone/ws_moveit/install/moveit_ros_warehouse/lib:/home/jone/ws_moveit/install/moveit_planners_ompl/lib:/home/jone/ws_moveit/install/moveit_kinematics/lib:/home/jone/ws_moveit/install/moveit_ros_planning/lib:/home/jone/ws_moveit/install/moveit_simple_controller_manager/lib:/home/jone/ws_moveit/install/moveit_ros_occupancy_map_monitor/lib:/home/jone/ws_moveit/install/moveit_core/lib:/home/jone/ws_moveit/install/srdfdom/lib:/opt/ros/humble/opt/rviz_ogre_vendor/lib:/opt/ros/humble/lib/x86_64-linux-gnu:/opt/ros/humble/lib:/usr/lib/x86_64-linux-gnu/gazebo-11/plugins:/usr/lib/x86_64-linux-gnu/gazebo-11/plugins:/usr/lib/x86_64-linux-gnu/gazebo-11/plugins PATH=/home/jone/ws_moveit/install/moveit_core/bin:${PATH} PYTHONPATH=/home/jone/ws_moveit/install/moveit_configs_utils/lib/python3.10/site-packages:/home/jone/ws_moveit/install/srdfdom/local/lib/python3.10/dist-packages:/home/jone/ws_moveit/install/launch_param_builder/lib/python3.10/site-packages:${PYTHONPATH} /usr/bin/cmake /home/jone/ws_moveit/src/moveit2/moveit_ros/planning_interface -DCMAKE_BUILD_TYPE=Release -DCMAKE_INSTALL_PREFIX=/home/jone/ws_moveit/install/moveit_ros_planning_interface
[71.822s] DEBUG:colcon.colcon_core.event_handler.log_command:Invoking command in '/home/jone/ws_moveit/build/moveit_ros_planning_interface': AMENT_PREFIX_PATH=/home/jone/ws_moveit/install/moveit_ros_move_group:/home/jone/ws_moveit/install/moveit_ros_warehouse:/home/jone/ws_moveit/install/moveit_planners_ompl:/home/jone/ws_moveit/install/moveit_kinematics:/home/jone/ws_moveit/install/moveit_ros_planning:/home/jone/ws_moveit/install/moveit_simple_controller_manager:/home/jone/ws_moveit/install/moveit_ros_occupancy_map_monitor:/home/jone/ws_moveit/install/moveit_core:/home/jone/ws_moveit/install/moveit_resources_panda_moveit_config:/home/jone/ws_moveit/install/moveit_resources_fanuc_moveit_config:/home/jone/ws_moveit/install/moveit_configs_utils:/home/jone/ws_moveit/install/srdfdom:/home/jone/ws_moveit/install/moveit_resources_pr2_description:/home/jone/ws_moveit/install/moveit_resources_panda_description:/home/jone/ws_moveit/install/moveit_resources_fanuc_description:/home/jone/ws_moveit/install/moveit_common:/home/jone/ws_moveit/install/launch_param_builder:${AMENT_PREFIX_PATH} CMAKE_PREFIX_PATH=/home/jone/ws_moveit/install/moveit_ros_move_group:/home/jone/ws_moveit/install/moveit_ros_warehouse:/home/jone/ws_moveit/install/moveit_planners_ompl:/home/jone/ws_moveit/install/moveit_kinematics:/home/jone/ws_moveit/install/moveit_ros_planning:/home/jone/ws_moveit/install/moveit_simple_controller_manager:/home/jone/ws_moveit/install/moveit_ros_occupancy_map_monitor:/home/jone/ws_moveit/install/moveit_core:/home/jone/ws_moveit/install/moveit_resources_panda_moveit_config:/home/jone/ws_moveit/install/moveit_resources_fanuc_moveit_config:/home/jone/ws_moveit/install/srdfdom:/home/jone/ws_moveit/install/moveit_resources_pr2_description:/home/jone/ws_moveit/install/moveit_resources_panda_description:/home/jone/ws_moveit/install/moveit_resources_fanuc_description:/home/jone/ws_moveit/install/moveit_common:/opt/ros/humble LD_LIBRARY_PATH=/home/jone/ws_moveit/install/moveit_ros_move_group/lib:/home/jone/ws_moveit/install/moveit_ros_warehouse/lib:/home/jone/ws_moveit/install/moveit_planners_ompl/lib:/home/jone/ws_moveit/install/moveit_kinematics/lib:/home/jone/ws_moveit/install/moveit_ros_planning/lib:/home/jone/ws_moveit/install/moveit_simple_controller_manager/lib:/home/jone/ws_moveit/install/moveit_ros_occupancy_map_monitor/lib:/home/jone/ws_moveit/install/moveit_core/lib:/home/jone/ws_moveit/install/srdfdom/lib:/opt/ros/humble/opt/rviz_ogre_vendor/lib:/opt/ros/humble/lib/x86_64-linux-gnu:/opt/ros/humble/lib:/usr/lib/x86_64-linux-gnu/gazebo-11/plugins:/usr/lib/x86_64-linux-gnu/gazebo-11/plugins:/usr/lib/x86_64-linux-gnu/gazebo-11/plugins PATH=/home/jone/ws_moveit/install/moveit_core/bin:${PATH} PYTHONPATH=/home/jone/ws_moveit/install/moveit_configs_utils/lib/python3.10/site-packages:/home/jone/ws_moveit/install/srdfdom/local/lib/python3.10/dist-packages:/home/jone/ws_moveit/install/launch_param_builder/lib/python3.10/site-packages:${PYTHONPATH} /usr/bin/cmake --build /home/jone/ws_moveit/build/moveit_ros_planning_interface -- -j16 -l16
[99.569s] DEBUG:colcon.colcon_core.event_handler.log_command:Invoked command in '/home/jone/ws_moveit/build/moveit_ros_planning_interface' returned '0': AMENT_PREFIX_PATH=/home/jone/ws_moveit/install/moveit_ros_move_group:/home/jone/ws_moveit/install/moveit_ros_warehouse:/home/jone/ws_moveit/install/moveit_planners_ompl:/home/jone/ws_moveit/install/moveit_kinematics:/home/jone/ws_moveit/install/moveit_ros_planning:/home/jone/ws_moveit/install/moveit_simple_controller_manager:/home/jone/ws_moveit/install/moveit_ros_occupancy_map_monitor:/home/jone/ws_moveit/install/moveit_core:/home/jone/ws_moveit/install/moveit_resources_panda_moveit_config:/home/jone/ws_moveit/install/moveit_resources_fanuc_moveit_config:/home/jone/ws_moveit/install/moveit_configs_utils:/home/jone/ws_moveit/install/srdfdom:/home/jone/ws_moveit/install/moveit_resources_pr2_description:/home/jone/ws_moveit/install/moveit_resources_panda_description:/home/jone/ws_moveit/install/moveit_resources_fanuc_description:/home/jone/ws_moveit/install/moveit_common:/home/jone/ws_moveit/install/launch_param_builder:${AMENT_PREFIX_PATH} CMAKE_PREFIX_PATH=/home/jone/ws_moveit/install/moveit_ros_move_group:/home/jone/ws_moveit/install/moveit_ros_warehouse:/home/jone/ws_moveit/install/moveit_planners_ompl:/home/jone/ws_moveit/install/moveit_kinematics:/home/jone/ws_moveit/install/moveit_ros_planning:/home/jone/ws_moveit/install/moveit_simple_controller_manager:/home/jone/ws_moveit/install/moveit_ros_occupancy_map_monitor:/home/jone/ws_moveit/install/moveit_core:/home/jone/ws_moveit/install/moveit_resources_panda_moveit_config:/home/jone/ws_moveit/install/moveit_resources_fanuc_moveit_config:/home/jone/ws_moveit/install/srdfdom:/home/jone/ws_moveit/install/moveit_resources_pr2_description:/home/jone/ws_moveit/install/moveit_resources_panda_description:/home/jone/ws_moveit/install/moveit_resources_fanuc_description:/home/jone/ws_moveit/install/moveit_common:/opt/ros/humble LD_LIBRARY_PATH=/home/jone/ws_moveit/install/moveit_ros_move_group/lib:/home/jone/ws_moveit/install/moveit_ros_warehouse/lib:/home/jone/ws_moveit/install/moveit_planners_ompl/lib:/home/jone/ws_moveit/install/moveit_kinematics/lib:/home/jone/ws_moveit/install/moveit_ros_planning/lib:/home/jone/ws_moveit/install/moveit_simple_controller_manager/lib:/home/jone/ws_moveit/install/moveit_ros_occupancy_map_monitor/lib:/home/jone/ws_moveit/install/moveit_core/lib:/home/jone/ws_moveit/install/srdfdom/lib:/opt/ros/humble/opt/rviz_ogre_vendor/lib:/opt/ros/humble/lib/x86_64-linux-gnu:/opt/ros/humble/lib:/usr/lib/x86_64-linux-gnu/gazebo-11/plugins:/usr/lib/x86_64-linux-gnu/gazebo-11/plugins:/usr/lib/x86_64-linux-gnu/gazebo-11/plugins PATH=/home/jone/ws_moveit/install/moveit_core/bin:${PATH} PYTHONPATH=/home/jone/ws_moveit/install/moveit_configs_utils/lib/python3.10/site-packages:/home/jone/ws_moveit/install/srdfdom/local/lib/python3.10/dist-packages:/home/jone/ws_moveit/install/launch_param_builder/lib/python3.10/site-packages:${PYTHONPATH} /usr/bin/cmake --build /home/jone/ws_moveit/build/moveit_ros_planning_interface -- -j16 -l16
[99.570s] DEBUG:colcon.colcon_core.event_handler.log_command:Invoking command in '/home/jone/ws_moveit/build/moveit_ros_planning_interface': AMENT_PREFIX_PATH=/home/jone/ws_moveit/install/moveit_ros_move_group:/home/jone/ws_moveit/install/moveit_ros_warehouse:/home/jone/ws_moveit/install/moveit_planners_ompl:/home/jone/ws_moveit/install/moveit_kinematics:/home/jone/ws_moveit/install/moveit_ros_planning:/home/jone/ws_moveit/install/moveit_simple_controller_manager:/home/jone/ws_moveit/install/moveit_ros_occupancy_map_monitor:/home/jone/ws_moveit/install/moveit_core:/home/jone/ws_moveit/install/moveit_resources_panda_moveit_config:/home/jone/ws_moveit/install/moveit_resources_fanuc_moveit_config:/home/jone/ws_moveit/install/moveit_configs_utils:/home/jone/ws_moveit/install/srdfdom:/home/jone/ws_moveit/install/moveit_resources_pr2_description:/home/jone/ws_moveit/install/moveit_resources_panda_description:/home/jone/ws_moveit/install/moveit_resources_fanuc_description:/home/jone/ws_moveit/install/moveit_common:/home/jone/ws_moveit/install/launch_param_builder:${AMENT_PREFIX_PATH} CMAKE_PREFIX_PATH=/home/jone/ws_moveit/install/moveit_ros_move_group:/home/jone/ws_moveit/install/moveit_ros_warehouse:/home/jone/ws_moveit/install/moveit_planners_ompl:/home/jone/ws_moveit/install/moveit_kinematics:/home/jone/ws_moveit/install/moveit_ros_planning:/home/jone/ws_moveit/install/moveit_simple_controller_manager:/home/jone/ws_moveit/install/moveit_ros_occupancy_map_monitor:/home/jone/ws_moveit/install/moveit_core:/home/jone/ws_moveit/install/moveit_resources_panda_moveit_config:/home/jone/ws_moveit/install/moveit_resources_fanuc_moveit_config:/home/jone/ws_moveit/install/srdfdom:/home/jone/ws_moveit/install/moveit_resources_pr2_description:/home/jone/ws_moveit/install/moveit_resources_panda_description:/home/jone/ws_moveit/install/moveit_resources_fanuc_description:/home/jone/ws_moveit/install/moveit_common:/opt/ros/humble LD_LIBRARY_PATH=/home/jone/ws_moveit/install/moveit_ros_move_group/lib:/home/jone/ws_moveit/install/moveit_ros_warehouse/lib:/home/jone/ws_moveit/install/moveit_planners_ompl/lib:/home/jone/ws_moveit/install/moveit_kinematics/lib:/home/jone/ws_moveit/install/moveit_ros_planning/lib:/home/jone/ws_moveit/install/moveit_simple_controller_manager/lib:/home/jone/ws_moveit/install/moveit_ros_occupancy_map_monitor/lib:/home/jone/ws_moveit/install/moveit_core/lib:/home/jone/ws_moveit/install/srdfdom/lib:/opt/ros/humble/opt/rviz_ogre_vendor/lib:/opt/ros/humble/lib/x86_64-linux-gnu:/opt/ros/humble/lib:/usr/lib/x86_64-linux-gnu/gazebo-11/plugins:/usr/lib/x86_64-linux-gnu/gazebo-11/plugins:/usr/lib/x86_64-linux-gnu/gazebo-11/plugins PATH=/home/jone/ws_moveit/install/moveit_core/bin:${PATH} PYTHONPATH=/home/jone/ws_moveit/install/moveit_configs_utils/lib/python3.10/site-packages:/home/jone/ws_moveit/install/srdfdom/local/lib/python3.10/dist-packages:/home/jone/ws_moveit/install/launch_param_builder/lib/python3.10/site-packages:${PYTHONPATH} /usr/bin/cmake --install /home/jone/ws_moveit/build/moveit_ros_planning_interface
[99.586s] Level 1:colcon.colcon_core.environment:create_environment_scripts_only(moveit_ros_planning_interface)
[99.586s] Level 1:colcon.colcon_core.environment:checking '/home/jone/ws_moveit/install/moveit_ros_planning_interface' for CMake module files
[99.586s] DEBUG:colcon.colcon_core.event_handler.log_command:Invoked command in '/home/jone/ws_moveit/build/moveit_ros_planning_interface' returned '0': AMENT_PREFIX_PATH=/home/jone/ws_moveit/install/moveit_ros_move_group:/home/jone/ws_moveit/install/moveit_ros_warehouse:/home/jone/ws_moveit/install/moveit_planners_ompl:/home/jone/ws_moveit/install/moveit_kinematics:/home/jone/ws_moveit/install/moveit_ros_planning:/home/jone/ws_moveit/install/moveit_simple_controller_manager:/home/jone/ws_moveit/install/moveit_ros_occupancy_map_monitor:/home/jone/ws_moveit/install/moveit_core:/home/jone/ws_moveit/install/moveit_resources_panda_moveit_config:/home/jone/ws_moveit/install/moveit_resources_fanuc_moveit_config:/home/jone/ws_moveit/install/moveit_configs_utils:/home/jone/ws_moveit/install/srdfdom:/home/jone/ws_moveit/install/moveit_resources_pr2_description:/home/jone/ws_moveit/install/moveit_resources_panda_description:/home/jone/ws_moveit/install/moveit_resources_fanuc_description:/home/jone/ws_moveit/install/moveit_common:/home/jone/ws_moveit/install/launch_param_builder:${AMENT_PREFIX_PATH} CMAKE_PREFIX_PATH=/home/jone/ws_moveit/install/moveit_ros_move_group:/home/jone/ws_moveit/install/moveit_ros_warehouse:/home/jone/ws_moveit/install/moveit_planners_ompl:/home/jone/ws_moveit/install/moveit_kinematics:/home/jone/ws_moveit/install/moveit_ros_planning:/home/jone/ws_moveit/install/moveit_simple_controller_manager:/home/jone/ws_moveit/install/moveit_ros_occupancy_map_monitor:/home/jone/ws_moveit/install/moveit_core:/home/jone/ws_moveit/install/moveit_resources_panda_moveit_config:/home/jone/ws_moveit/install/moveit_resources_fanuc_moveit_config:/home/jone/ws_moveit/install/srdfdom:/home/jone/ws_moveit/install/moveit_resources_pr2_description:/home/jone/ws_moveit/install/moveit_resources_panda_description:/home/jone/ws_moveit/install/moveit_resources_fanuc_description:/home/jone/ws_moveit/install/moveit_common:/opt/ros/humble LD_LIBRARY_PATH=/home/jone/ws_moveit/install/moveit_ros_move_group/lib:/home/jone/ws_moveit/install/moveit_ros_warehouse/lib:/home/jone/ws_moveit/install/moveit_planners_ompl/lib:/home/jone/ws_moveit/install/moveit_kinematics/lib:/home/jone/ws_moveit/install/moveit_ros_planning/lib:/home/jone/ws_moveit/install/moveit_simple_controller_manager/lib:/home/jone/ws_moveit/install/moveit_ros_occupancy_map_monitor/lib:/home/jone/ws_moveit/install/moveit_core/lib:/home/jone/ws_moveit/install/srdfdom/lib:/opt/ros/humble/opt/rviz_ogre_vendor/lib:/opt/ros/humble/lib/x86_64-linux-gnu:/opt/ros/humble/lib:/usr/lib/x86_64-linux-gnu/gazebo-11/plugins:/usr/lib/x86_64-linux-gnu/gazebo-11/plugins:/usr/lib/x86_64-linux-gnu/gazebo-11/plugins PATH=/home/jone/ws_moveit/install/moveit_core/bin:${PATH} PYTHONPATH=/home/jone/ws_moveit/install/moveit_configs_utils/lib/python3.10/site-packages:/home/jone/ws_moveit/install/srdfdom/local/lib/python3.10/dist-packages:/home/jone/ws_moveit/install/launch_param_builder/lib/python3.10/site-packages:${PYTHONPATH} /usr/bin/cmake --install /home/jone/ws_moveit/build/moveit_ros_planning_interface
[99.587s] Level 1:colcon.colcon_core.environment:checking '/home/jone/ws_moveit/install/moveit_ros_planning_interface' for CMake config files
[99.587s] Level 1:colcon.colcon_core.shell:create_environment_hook('moveit_ros_planning_interface', 'cmake_prefix_path')
[99.587s] INFO:colcon.colcon_core.shell:Creating environment hook '/home/jone/ws_moveit/install/moveit_ros_planning_interface/share/moveit_ros_planning_interface/hook/cmake_prefix_path.ps1'
[99.587s] INFO:colcon.colcon_core.shell:Creating environment descriptor '/home/jone/ws_moveit/install/moveit_ros_planning_interface/share/moveit_ros_planning_interface/hook/cmake_prefix_path.dsv'
[99.588s] INFO:colcon.colcon_core.shell:Creating environment hook '/home/jone/ws_moveit/install/moveit_ros_planning_interface/share/moveit_ros_planning_interface/hook/cmake_prefix_path.sh'
[99.588s] Level 1:colcon.colcon_core.environment:checking '/home/jone/ws_moveit/install/moveit_ros_planning_interface/lib'
[99.588s] Level 1:colcon.colcon_core.shell:create_environment_hook('moveit_ros_planning_interface', 'ld_library_path_lib')
[99.588s] INFO:colcon.colcon_core.shell:Creating environment hook '/home/jone/ws_moveit/install/moveit_ros_planning_interface/share/moveit_ros_planning_interface/hook/ld_library_path_lib.ps1'
[99.589s] INFO:colcon.colcon_core.shell:Creating environment descriptor '/home/jone/ws_moveit/install/moveit_ros_planning_interface/share/moveit_ros_planning_interface/hook/ld_library_path_lib.dsv'
[99.589s] INFO:colcon.colcon_core.shell:Creating environment hook '/home/jone/ws_moveit/install/moveit_ros_planning_interface/share/moveit_ros_planning_interface/hook/ld_library_path_lib.sh'
[99.589s] Level 1:colcon.colcon_core.environment:checking '/home/jone/ws_moveit/install/moveit_ros_planning_interface/bin'
[99.589s] Level 1:colcon.colcon_core.environment:checking '/home/jone/ws_moveit/install/moveit_ros_planning_interface/lib/pkgconfig/moveit_ros_planning_interface.pc'
[99.589s] Level 1:colcon.colcon_core.environment:checking '/home/jone/ws_moveit/install/moveit_ros_planning_interface/lib/python3.10/site-packages'
[99.590s] Level 1:colcon.colcon_core.environment:checking '/home/jone/ws_moveit/install/moveit_ros_planning_interface/bin'
[99.590s] INFO:colcon.colcon_core.shell:Creating package script '/home/jone/ws_moveit/install/moveit_ros_planning_interface/share/moveit_ros_planning_interface/package.ps1'
[99.590s] INFO:colcon.colcon_core.shell:Creating package descriptor '/home/jone/ws_moveit/install/moveit_ros_planning_interface/share/moveit_ros_planning_interface/package.dsv'
[99.591s] INFO:colcon.colcon_core.shell:Creating package script '/home/jone/ws_moveit/install/moveit_ros_planning_interface/share/moveit_ros_planning_interface/package.sh'
[99.591s] INFO:colcon.colcon_core.shell:Creating package script '/home/jone/ws_moveit/install/moveit_ros_planning_interface/share/moveit_ros_planning_interface/package.bash'
[99.591s] INFO:colcon.colcon_core.shell:Creating package script '/home/jone/ws_moveit/install/moveit_ros_planning_interface/share/moveit_ros_planning_interface/package.zsh'
[99.591s] Level 1:colcon.colcon_core.environment:create_file_with_runtime_dependencies(/home/jone/ws_moveit/install/moveit_ros_planning_interface/share/colcon-core/packages/moveit_ros_planning_interface)
[99.592s] Level 1:colcon.colcon_core.environment:create_environment_scripts_only(moveit_ros_planning_interface)
[99.593s] Level 1:colcon.colcon_core.environment:checking '/home/jone/ws_moveit/install/moveit_ros_planning_interface' for CMake module files
[99.593s] Level 1:colcon.colcon_core.environment:checking '/home/jone/ws_moveit/install/moveit_ros_planning_interface' for CMake config files
[99.593s] Level 1:colcon.colcon_core.shell:create_environment_hook('moveit_ros_planning_interface', 'cmake_prefix_path')
[99.593s] INFO:colcon.colcon_core.shell:Creating environment hook '/home/jone/ws_moveit/install/moveit_ros_planning_interface/share/moveit_ros_planning_interface/hook/cmake_prefix_path.ps1'
[99.594s] INFO:colcon.colcon_core.shell:Creating environment descriptor '/home/jone/ws_moveit/install/moveit_ros_planning_interface/share/moveit_ros_planning_interface/hook/cmake_prefix_path.dsv'
[99.594s] INFO:colcon.colcon_core.shell:Creating environment hook '/home/jone/ws_moveit/install/moveit_ros_planning_interface/share/moveit_ros_planning_interface/hook/cmake_prefix_path.sh'
[99.594s] Level 1:colcon.colcon_core.environment:checking '/home/jone/ws_moveit/install/moveit_ros_planning_interface/lib'
[99.594s] Level 1:colcon.colcon_core.shell:create_environment_hook('moveit_ros_planning_interface', 'ld_library_path_lib')
[99.594s] INFO:colcon.colcon_core.shell:Creating environment hook '/home/jone/ws_moveit/install/moveit_ros_planning_interface/share/moveit_ros_planning_interface/hook/ld_library_path_lib.ps1'
[99.595s] INFO:colcon.colcon_core.shell:Creating environment descriptor '/home/jone/ws_moveit/install/moveit_ros_planning_interface/share/moveit_ros_planning_interface/hook/ld_library_path_lib.dsv'
[99.595s] INFO:colcon.colcon_core.shell:Creating environment hook '/home/jone/ws_moveit/install/moveit_ros_planning_interface/share/moveit_ros_planning_interface/hook/ld_library_path_lib.sh'
[99.595s] Level 1:colcon.colcon_core.environment:checking '/home/jone/ws_moveit/install/moveit_ros_planning_interface/bin'
[99.595s] Level 1:colcon.colcon_core.environment:checking '/home/jone/ws_moveit/install/moveit_ros_planning_interface/lib/pkgconfig/moveit_ros_planning_interface.pc'
[99.595s] Level 1:colcon.colcon_core.environment:checking '/home/jone/ws_moveit/install/moveit_ros_planning_interface/lib/python3.10/site-packages'
[99.596s] Level 1:colcon.colcon_core.environment:checking '/home/jone/ws_moveit/install/moveit_ros_planning_interface/bin'
[99.596s] INFO:colcon.colcon_core.shell:Creating package script '/home/jone/ws_moveit/install/moveit_ros_planning_interface/share/moveit_ros_planning_interface/package.ps1'
[99.596s] INFO:colcon.colcon_core.shell:Creating package descriptor '/home/jone/ws_moveit/install/moveit_ros_planning_interface/share/moveit_ros_planning_interface/package.dsv'
[99.597s] INFO:colcon.colcon_core.shell:Creating package script '/home/jone/ws_moveit/install/moveit_ros_planning_interface/share/moveit_ros_planning_interface/package.sh'
[99.597s] INFO:colcon.colcon_core.shell:Creating package script '/home/jone/ws_moveit/install/moveit_ros_planning_interface/share/moveit_ros_planning_interface/package.bash'
[99.597s] INFO:colcon.colcon_core.shell:Creating package script '/home/jone/ws_moveit/install/moveit_ros_planning_interface/share/moveit_ros_planning_interface/package.zsh'
[99.597s] Level 1:colcon.colcon_core.environment:create_file_with_runtime_dependencies(/home/jone/ws_moveit/install/moveit_ros_planning_interface/share/colcon-core/packages/moveit_ros_planning_interface)
[99.598s] DEBUG:colcon.colcon_core.executor.sequential:run_until_complete 'moveit_ros_planning_interface' finished with '0'
[99.598s] DEBUG:colcon.colcon_core.executor.sequential:run_until_complete 'moveit_hybrid_planning'
[99.598s] INFO:colcon.colcon_ros.task.ament_cmake.build:Building ROS package in '/home/jone/ws_moveit/src/moveit2/moveit_ros/hybrid_planning' with build type 'ament_cmake'
[99.598s] INFO:colcon.colcon_cmake.task.cmake.build:Building CMake package in '/home/jone/ws_moveit/src/moveit2/moveit_ros/hybrid_planning'
[99.598s] INFO:colcon.colcon_core.shell:Skip shell extension 'powershell' for command environment: Not usable outside of PowerShell
[99.598s] DEBUG:colcon.colcon_core.shell:Skip shell extension 'dsv' for command environment
[99.633s] DEBUG:colcon.colcon_core.event_handler.log_command:Invoking command in '/home/jone/ws_moveit/build/moveit_hybrid_planning': AMENT_PREFIX_PATH=/home/jone/ws_moveit/install/moveit_ros_planning_interface:/home/jone/ws_moveit/install/moveit_ros_move_group:/home/jone/ws_moveit/install/moveit_ros_warehouse:/home/jone/ws_moveit/install/moveit_planners_ompl:/home/jone/ws_moveit/install/moveit_kinematics:/home/jone/ws_moveit/install/moveit_ros_planning:/home/jone/ws_moveit/install/moveit_simple_controller_manager:/home/jone/ws_moveit/install/moveit_ros_occupancy_map_monitor:/home/jone/ws_moveit/install/moveit_core:/home/jone/ws_moveit/install/moveit_resources_panda_moveit_config:/home/jone/ws_moveit/install/moveit_resources_fanuc_moveit_config:/home/jone/ws_moveit/install/moveit_configs_utils:/home/jone/ws_moveit/install/srdfdom:/home/jone/ws_moveit/install/moveit_resources_pr2_description:/home/jone/ws_moveit/install/moveit_resources_panda_description:/home/jone/ws_moveit/install/moveit_resources_fanuc_description:/home/jone/ws_moveit/install/moveit_common:/home/jone/ws_moveit/install/launch_param_builder:${AMENT_PREFIX_PATH} CMAKE_PREFIX_PATH=/home/jone/ws_moveit/install/moveit_ros_planning_interface:/home/jone/ws_moveit/install/moveit_ros_move_group:/home/jone/ws_moveit/install/moveit_ros_warehouse:/home/jone/ws_moveit/install/moveit_planners_ompl:/home/jone/ws_moveit/install/moveit_kinematics:/home/jone/ws_moveit/install/moveit_ros_planning:/home/jone/ws_moveit/install/moveit_simple_controller_manager:/home/jone/ws_moveit/install/moveit_ros_occupancy_map_monitor:/home/jone/ws_moveit/install/moveit_core:/home/jone/ws_moveit/install/moveit_resources_panda_moveit_config:/home/jone/ws_moveit/install/moveit_resources_fanuc_moveit_config:/home/jone/ws_moveit/install/srdfdom:/home/jone/ws_moveit/install/moveit_resources_pr2_description:/home/jone/ws_moveit/install/moveit_resources_panda_description:/home/jone/ws_moveit/install/moveit_resources_fanuc_description:/home/jone/ws_moveit/install/moveit_common:/opt/ros/humble LD_LIBRARY_PATH=/home/jone/ws_moveit/install/moveit_ros_planning_interface/lib:/home/jone/ws_moveit/install/moveit_ros_move_group/lib:/home/jone/ws_moveit/install/moveit_ros_warehouse/lib:/home/jone/ws_moveit/install/moveit_planners_ompl/lib:/home/jone/ws_moveit/install/moveit_kinematics/lib:/home/jone/ws_moveit/install/moveit_ros_planning/lib:/home/jone/ws_moveit/install/moveit_simple_controller_manager/lib:/home/jone/ws_moveit/install/moveit_ros_occupancy_map_monitor/lib:/home/jone/ws_moveit/install/moveit_core/lib:/home/jone/ws_moveit/install/srdfdom/lib:/opt/ros/humble/opt/rviz_ogre_vendor/lib:/opt/ros/humble/lib/x86_64-linux-gnu:/opt/ros/humble/lib:/usr/lib/x86_64-linux-gnu/gazebo-11/plugins:/usr/lib/x86_64-linux-gnu/gazebo-11/plugins:/usr/lib/x86_64-linux-gnu/gazebo-11/plugins PATH=/home/jone/ws_moveit/install/moveit_core/bin:${PATH} PYTHONPATH=/home/jone/ws_moveit/install/moveit_configs_utils/lib/python3.10/site-packages:/home/jone/ws_moveit/install/srdfdom/local/lib/python3.10/dist-packages:/home/jone/ws_moveit/install/launch_param_builder/lib/python3.10/site-packages:${PYTHONPATH} /usr/bin/cmake /home/jone/ws_moveit/src/moveit2/moveit_ros/hybrid_planning -DCMAKE_BUILD_TYPE=Release -DCMAKE_INSTALL_PREFIX=/home/jone/ws_moveit/install/moveit_hybrid_planning
[101.688s] DEBUG:colcon.colcon_core.event_handler.log_command:Invoked command in '/home/jone/ws_moveit/build/moveit_hybrid_planning' returned '0': AMENT_PREFIX_PATH=/home/jone/ws_moveit/install/moveit_ros_planning_interface:/home/jone/ws_moveit/install/moveit_ros_move_group:/home/jone/ws_moveit/install/moveit_ros_warehouse:/home/jone/ws_moveit/install/moveit_planners_ompl:/home/jone/ws_moveit/install/moveit_kinematics:/home/jone/ws_moveit/install/moveit_ros_planning:/home/jone/ws_moveit/install/moveit_simple_controller_manager:/home/jone/ws_moveit/install/moveit_ros_occupancy_map_monitor:/home/jone/ws_moveit/install/moveit_core:/home/jone/ws_moveit/install/moveit_resources_panda_moveit_config:/home/jone/ws_moveit/install/moveit_resources_fanuc_moveit_config:/home/jone/ws_moveit/install/moveit_configs_utils:/home/jone/ws_moveit/install/srdfdom:/home/jone/ws_moveit/install/moveit_resources_pr2_description:/home/jone/ws_moveit/install/moveit_resources_panda_description:/home/jone/ws_moveit/install/moveit_resources_fanuc_description:/home/jone/ws_moveit/install/moveit_common:/home/jone/ws_moveit/install/launch_param_builder:${AMENT_PREFIX_PATH} CMAKE_PREFIX_PATH=/home/jone/ws_moveit/install/moveit_ros_planning_interface:/home/jone/ws_moveit/install/moveit_ros_move_group:/home/jone/ws_moveit/install/moveit_ros_warehouse:/home/jone/ws_moveit/install/moveit_planners_ompl:/home/jone/ws_moveit/install/moveit_kinematics:/home/jone/ws_moveit/install/moveit_ros_planning:/home/jone/ws_moveit/install/moveit_simple_controller_manager:/home/jone/ws_moveit/install/moveit_ros_occupancy_map_monitor:/home/jone/ws_moveit/install/moveit_core:/home/jone/ws_moveit/install/moveit_resources_panda_moveit_config:/home/jone/ws_moveit/install/moveit_resources_fanuc_moveit_config:/home/jone/ws_moveit/install/srdfdom:/home/jone/ws_moveit/install/moveit_resources_pr2_description:/home/jone/ws_moveit/install/moveit_resources_panda_description:/home/jone/ws_moveit/install/moveit_resources_fanuc_description:/home/jone/ws_moveit/install/moveit_common:/opt/ros/humble LD_LIBRARY_PATH=/home/jone/ws_moveit/install/moveit_ros_planning_interface/lib:/home/jone/ws_moveit/install/moveit_ros_move_group/lib:/home/jone/ws_moveit/install/moveit_ros_warehouse/lib:/home/jone/ws_moveit/install/moveit_planners_ompl/lib:/home/jone/ws_moveit/install/moveit_kinematics/lib:/home/jone/ws_moveit/install/moveit_ros_planning/lib:/home/jone/ws_moveit/install/moveit_simple_controller_manager/lib:/home/jone/ws_moveit/install/moveit_ros_occupancy_map_monitor/lib:/home/jone/ws_moveit/install/moveit_core/lib:/home/jone/ws_moveit/install/srdfdom/lib:/opt/ros/humble/opt/rviz_ogre_vendor/lib:/opt/ros/humble/lib/x86_64-linux-gnu:/opt/ros/humble/lib:/usr/lib/x86_64-linux-gnu/gazebo-11/plugins:/usr/lib/x86_64-linux-gnu/gazebo-11/plugins:/usr/lib/x86_64-linux-gnu/gazebo-11/plugins PATH=/home/jone/ws_moveit/install/moveit_core/bin:${PATH} PYTHONPATH=/home/jone/ws_moveit/install/moveit_configs_utils/lib/python3.10/site-packages:/home/jone/ws_moveit/install/srdfdom/local/lib/python3.10/dist-packages:/home/jone/ws_moveit/install/launch_param_builder/lib/python3.10/site-packages:${PYTHONPATH} /usr/bin/cmake /home/jone/ws_moveit/src/moveit2/moveit_ros/hybrid_planning -DCMAKE_BUILD_TYPE=Release -DCMAKE_INSTALL_PREFIX=/home/jone/ws_moveit/install/moveit_hybrid_planning
[101.690s] DEBUG:colcon.colcon_core.event_handler.log_command:Invoking command in '/home/jone/ws_moveit/build/moveit_hybrid_planning': AMENT_PREFIX_PATH=/home/jone/ws_moveit/install/moveit_ros_planning_interface:/home/jone/ws_moveit/install/moveit_ros_move_group:/home/jone/ws_moveit/install/moveit_ros_warehouse:/home/jone/ws_moveit/install/moveit_planners_ompl:/home/jone/ws_moveit/install/moveit_kinematics:/home/jone/ws_moveit/install/moveit_ros_planning:/home/jone/ws_moveit/install/moveit_simple_controller_manager:/home/jone/ws_moveit/install/moveit_ros_occupancy_map_monitor:/home/jone/ws_moveit/install/moveit_core:/home/jone/ws_moveit/install/moveit_resources_panda_moveit_config:/home/jone/ws_moveit/install/moveit_resources_fanuc_moveit_config:/home/jone/ws_moveit/install/moveit_configs_utils:/home/jone/ws_moveit/install/srdfdom:/home/jone/ws_moveit/install/moveit_resources_pr2_description:/home/jone/ws_moveit/install/moveit_resources_panda_description:/home/jone/ws_moveit/install/moveit_resources_fanuc_description:/home/jone/ws_moveit/install/moveit_common:/home/jone/ws_moveit/install/launch_param_builder:${AMENT_PREFIX_PATH} CMAKE_PREFIX_PATH=/home/jone/ws_moveit/install/moveit_ros_planning_interface:/home/jone/ws_moveit/install/moveit_ros_move_group:/home/jone/ws_moveit/install/moveit_ros_warehouse:/home/jone/ws_moveit/install/moveit_planners_ompl:/home/jone/ws_moveit/install/moveit_kinematics:/home/jone/ws_moveit/install/moveit_ros_planning:/home/jone/ws_moveit/install/moveit_simple_controller_manager:/home/jone/ws_moveit/install/moveit_ros_occupancy_map_monitor:/home/jone/ws_moveit/install/moveit_core:/home/jone/ws_moveit/install/moveit_resources_panda_moveit_config:/home/jone/ws_moveit/install/moveit_resources_fanuc_moveit_config:/home/jone/ws_moveit/install/srdfdom:/home/jone/ws_moveit/install/moveit_resources_pr2_description:/home/jone/ws_moveit/install/moveit_resources_panda_description:/home/jone/ws_moveit/install/moveit_resources_fanuc_description:/home/jone/ws_moveit/install/moveit_common:/opt/ros/humble LD_LIBRARY_PATH=/home/jone/ws_moveit/install/moveit_ros_planning_interface/lib:/home/jone/ws_moveit/install/moveit_ros_move_group/lib:/home/jone/ws_moveit/install/moveit_ros_warehouse/lib:/home/jone/ws_moveit/install/moveit_planners_ompl/lib:/home/jone/ws_moveit/install/moveit_kinematics/lib:/home/jone/ws_moveit/install/moveit_ros_planning/lib:/home/jone/ws_moveit/install/moveit_simple_controller_manager/lib:/home/jone/ws_moveit/install/moveit_ros_occupancy_map_monitor/lib:/home/jone/ws_moveit/install/moveit_core/lib:/home/jone/ws_moveit/install/srdfdom/lib:/opt/ros/humble/opt/rviz_ogre_vendor/lib:/opt/ros/humble/lib/x86_64-linux-gnu:/opt/ros/humble/lib:/usr/lib/x86_64-linux-gnu/gazebo-11/plugins:/usr/lib/x86_64-linux-gnu/gazebo-11/plugins:/usr/lib/x86_64-linux-gnu/gazebo-11/plugins PATH=/home/jone/ws_moveit/install/moveit_core/bin:${PATH} PYTHONPATH=/home/jone/ws_moveit/install/moveit_configs_utils/lib/python3.10/site-packages:/home/jone/ws_moveit/install/srdfdom/local/lib/python3.10/dist-packages:/home/jone/ws_moveit/install/launch_param_builder/lib/python3.10/site-packages:${PYTHONPATH} /usr/bin/cmake --build /home/jone/ws_moveit/build/moveit_hybrid_planning -- -j16 -l16
[144.289s] DEBUG:colcon.colcon_core.event_handler.log_command:Invoked command in '/home/jone/ws_moveit/build/moveit_hybrid_planning' returned '0': AMENT_PREFIX_PATH=/home/jone/ws_moveit/install/moveit_ros_planning_interface:/home/jone/ws_moveit/install/moveit_ros_move_group:/home/jone/ws_moveit/install/moveit_ros_warehouse:/home/jone/ws_moveit/install/moveit_planners_ompl:/home/jone/ws_moveit/install/moveit_kinematics:/home/jone/ws_moveit/install/moveit_ros_planning:/home/jone/ws_moveit/install/moveit_simple_controller_manager:/home/jone/ws_moveit/install/moveit_ros_occupancy_map_monitor:/home/jone/ws_moveit/install/moveit_core:/home/jone/ws_moveit/install/moveit_resources_panda_moveit_config:/home/jone/ws_moveit/install/moveit_resources_fanuc_moveit_config:/home/jone/ws_moveit/install/moveit_configs_utils:/home/jone/ws_moveit/install/srdfdom:/home/jone/ws_moveit/install/moveit_resources_pr2_description:/home/jone/ws_moveit/install/moveit_resources_panda_description:/home/jone/ws_moveit/install/moveit_resources_fanuc_description:/home/jone/ws_moveit/install/moveit_common:/home/jone/ws_moveit/install/launch_param_builder:${AMENT_PREFIX_PATH} CMAKE_PREFIX_PATH=/home/jone/ws_moveit/install/moveit_ros_planning_interface:/home/jone/ws_moveit/install/moveit_ros_move_group:/home/jone/ws_moveit/install/moveit_ros_warehouse:/home/jone/ws_moveit/install/moveit_planners_ompl:/home/jone/ws_moveit/install/moveit_kinematics:/home/jone/ws_moveit/install/moveit_ros_planning:/home/jone/ws_moveit/install/moveit_simple_controller_manager:/home/jone/ws_moveit/install/moveit_ros_occupancy_map_monitor:/home/jone/ws_moveit/install/moveit_core:/home/jone/ws_moveit/install/moveit_resources_panda_moveit_config:/home/jone/ws_moveit/install/moveit_resources_fanuc_moveit_config:/home/jone/ws_moveit/install/srdfdom:/home/jone/ws_moveit/install/moveit_resources_pr2_description:/home/jone/ws_moveit/install/moveit_resources_panda_description:/home/jone/ws_moveit/install/moveit_resources_fanuc_description:/home/jone/ws_moveit/install/moveit_common:/opt/ros/humble LD_LIBRARY_PATH=/home/jone/ws_moveit/install/moveit_ros_planning_interface/lib:/home/jone/ws_moveit/install/moveit_ros_move_group/lib:/home/jone/ws_moveit/install/moveit_ros_warehouse/lib:/home/jone/ws_moveit/install/moveit_planners_ompl/lib:/home/jone/ws_moveit/install/moveit_kinematics/lib:/home/jone/ws_moveit/install/moveit_ros_planning/lib:/home/jone/ws_moveit/install/moveit_simple_controller_manager/lib:/home/jone/ws_moveit/install/moveit_ros_occupancy_map_monitor/lib:/home/jone/ws_moveit/install/moveit_core/lib:/home/jone/ws_moveit/install/srdfdom/lib:/opt/ros/humble/opt/rviz_ogre_vendor/lib:/opt/ros/humble/lib/x86_64-linux-gnu:/opt/ros/humble/lib:/usr/lib/x86_64-linux-gnu/gazebo-11/plugins:/usr/lib/x86_64-linux-gnu/gazebo-11/plugins:/usr/lib/x86_64-linux-gnu/gazebo-11/plugins PATH=/home/jone/ws_moveit/install/moveit_core/bin:${PATH} PYTHONPATH=/home/jone/ws_moveit/install/moveit_configs_utils/lib/python3.10/site-packages:/home/jone/ws_moveit/install/srdfdom/local/lib/python3.10/dist-packages:/home/jone/ws_moveit/install/launch_param_builder/lib/python3.10/site-packages:${PYTHONPATH} /usr/bin/cmake --build /home/jone/ws_moveit/build/moveit_hybrid_planning -- -j16 -l16
[144.290s] DEBUG:colcon.colcon_core.event_handler.log_command:Invoking command in '/home/jone/ws_moveit/build/moveit_hybrid_planning': AMENT_PREFIX_PATH=/home/jone/ws_moveit/install/moveit_ros_planning_interface:/home/jone/ws_moveit/install/moveit_ros_move_group:/home/jone/ws_moveit/install/moveit_ros_warehouse:/home/jone/ws_moveit/install/moveit_planners_ompl:/home/jone/ws_moveit/install/moveit_kinematics:/home/jone/ws_moveit/install/moveit_ros_planning:/home/jone/ws_moveit/install/moveit_simple_controller_manager:/home/jone/ws_moveit/install/moveit_ros_occupancy_map_monitor:/home/jone/ws_moveit/install/moveit_core:/home/jone/ws_moveit/install/moveit_resources_panda_moveit_config:/home/jone/ws_moveit/install/moveit_resources_fanuc_moveit_config:/home/jone/ws_moveit/install/moveit_configs_utils:/home/jone/ws_moveit/install/srdfdom:/home/jone/ws_moveit/install/moveit_resources_pr2_description:/home/jone/ws_moveit/install/moveit_resources_panda_description:/home/jone/ws_moveit/install/moveit_resources_fanuc_description:/home/jone/ws_moveit/install/moveit_common:/home/jone/ws_moveit/install/launch_param_builder:${AMENT_PREFIX_PATH} CMAKE_PREFIX_PATH=/home/jone/ws_moveit/install/moveit_ros_planning_interface:/home/jone/ws_moveit/install/moveit_ros_move_group:/home/jone/ws_moveit/install/moveit_ros_warehouse:/home/jone/ws_moveit/install/moveit_planners_ompl:/home/jone/ws_moveit/install/moveit_kinematics:/home/jone/ws_moveit/install/moveit_ros_planning:/home/jone/ws_moveit/install/moveit_simple_controller_manager:/home/jone/ws_moveit/install/moveit_ros_occupancy_map_monitor:/home/jone/ws_moveit/install/moveit_core:/home/jone/ws_moveit/install/moveit_resources_panda_moveit_config:/home/jone/ws_moveit/install/moveit_resources_fanuc_moveit_config:/home/jone/ws_moveit/install/srdfdom:/home/jone/ws_moveit/install/moveit_resources_pr2_description:/home/jone/ws_moveit/install/moveit_resources_panda_description:/home/jone/ws_moveit/install/moveit_resources_fanuc_description:/home/jone/ws_moveit/install/moveit_common:/opt/ros/humble LD_LIBRARY_PATH=/home/jone/ws_moveit/install/moveit_ros_planning_interface/lib:/home/jone/ws_moveit/install/moveit_ros_move_group/lib:/home/jone/ws_moveit/install/moveit_ros_warehouse/lib:/home/jone/ws_moveit/install/moveit_planners_ompl/lib:/home/jone/ws_moveit/install/moveit_kinematics/lib:/home/jone/ws_moveit/install/moveit_ros_planning/lib:/home/jone/ws_moveit/install/moveit_simple_controller_manager/lib:/home/jone/ws_moveit/install/moveit_ros_occupancy_map_monitor/lib:/home/jone/ws_moveit/install/moveit_core/lib:/home/jone/ws_moveit/install/srdfdom/lib:/opt/ros/humble/opt/rviz_ogre_vendor/lib:/opt/ros/humble/lib/x86_64-linux-gnu:/opt/ros/humble/lib:/usr/lib/x86_64-linux-gnu/gazebo-11/plugins:/usr/lib/x86_64-linux-gnu/gazebo-11/plugins:/usr/lib/x86_64-linux-gnu/gazebo-11/plugins PATH=/home/jone/ws_moveit/install/moveit_core/bin:${PATH} PYTHONPATH=/home/jone/ws_moveit/install/moveit_configs_utils/lib/python3.10/site-packages:/home/jone/ws_moveit/install/srdfdom/local/lib/python3.10/dist-packages:/home/jone/ws_moveit/install/launch_param_builder/lib/python3.10/site-packages:${PYTHONPATH} /usr/bin/cmake --install /home/jone/ws_moveit/build/moveit_hybrid_planning
[144.318s] Level 1:colcon.colcon_core.environment:create_environment_scripts_only(moveit_hybrid_planning)
[144.318s] Level 1:colcon.colcon_core.environment:checking '/home/jone/ws_moveit/install/moveit_hybrid_planning' for CMake module files
[144.319s] DEBUG:colcon.colcon_core.event_handler.log_command:Invoked command in '/home/jone/ws_moveit/build/moveit_hybrid_planning' returned '0': AMENT_PREFIX_PATH=/home/jone/ws_moveit/install/moveit_ros_planning_interface:/home/jone/ws_moveit/install/moveit_ros_move_group:/home/jone/ws_moveit/install/moveit_ros_warehouse:/home/jone/ws_moveit/install/moveit_planners_ompl:/home/jone/ws_moveit/install/moveit_kinematics:/home/jone/ws_moveit/install/moveit_ros_planning:/home/jone/ws_moveit/install/moveit_simple_controller_manager:/home/jone/ws_moveit/install/moveit_ros_occupancy_map_monitor:/home/jone/ws_moveit/install/moveit_core:/home/jone/ws_moveit/install/moveit_resources_panda_moveit_config:/home/jone/ws_moveit/install/moveit_resources_fanuc_moveit_config:/home/jone/ws_moveit/install/moveit_configs_utils:/home/jone/ws_moveit/install/srdfdom:/home/jone/ws_moveit/install/moveit_resources_pr2_description:/home/jone/ws_moveit/install/moveit_resources_panda_description:/home/jone/ws_moveit/install/moveit_resources_fanuc_description:/home/jone/ws_moveit/install/moveit_common:/home/jone/ws_moveit/install/launch_param_builder:${AMENT_PREFIX_PATH} CMAKE_PREFIX_PATH=/home/jone/ws_moveit/install/moveit_ros_planning_interface:/home/jone/ws_moveit/install/moveit_ros_move_group:/home/jone/ws_moveit/install/moveit_ros_warehouse:/home/jone/ws_moveit/install/moveit_planners_ompl:/home/jone/ws_moveit/install/moveit_kinematics:/home/jone/ws_moveit/install/moveit_ros_planning:/home/jone/ws_moveit/install/moveit_simple_controller_manager:/home/jone/ws_moveit/install/moveit_ros_occupancy_map_monitor:/home/jone/ws_moveit/install/moveit_core:/home/jone/ws_moveit/install/moveit_resources_panda_moveit_config:/home/jone/ws_moveit/install/moveit_resources_fanuc_moveit_config:/home/jone/ws_moveit/install/srdfdom:/home/jone/ws_moveit/install/moveit_resources_pr2_description:/home/jone/ws_moveit/install/moveit_resources_panda_description:/home/jone/ws_moveit/install/moveit_resources_fanuc_description:/home/jone/ws_moveit/install/moveit_common:/opt/ros/humble LD_LIBRARY_PATH=/home/jone/ws_moveit/install/moveit_ros_planning_interface/lib:/home/jone/ws_moveit/install/moveit_ros_move_group/lib:/home/jone/ws_moveit/install/moveit_ros_warehouse/lib:/home/jone/ws_moveit/install/moveit_planners_ompl/lib:/home/jone/ws_moveit/install/moveit_kinematics/lib:/home/jone/ws_moveit/install/moveit_ros_planning/lib:/home/jone/ws_moveit/install/moveit_simple_controller_manager/lib:/home/jone/ws_moveit/install/moveit_ros_occupancy_map_monitor/lib:/home/jone/ws_moveit/install/moveit_core/lib:/home/jone/ws_moveit/install/srdfdom/lib:/opt/ros/humble/opt/rviz_ogre_vendor/lib:/opt/ros/humble/lib/x86_64-linux-gnu:/opt/ros/humble/lib:/usr/lib/x86_64-linux-gnu/gazebo-11/plugins:/usr/lib/x86_64-linux-gnu/gazebo-11/plugins:/usr/lib/x86_64-linux-gnu/gazebo-11/plugins PATH=/home/jone/ws_moveit/install/moveit_core/bin:${PATH} PYTHONPATH=/home/jone/ws_moveit/install/moveit_configs_utils/lib/python3.10/site-packages:/home/jone/ws_moveit/install/srdfdom/local/lib/python3.10/dist-packages:/home/jone/ws_moveit/install/launch_param_builder/lib/python3.10/site-packages:${PYTHONPATH} /usr/bin/cmake --install /home/jone/ws_moveit/build/moveit_hybrid_planning
[144.319s] Level 1:colcon.colcon_core.environment:checking '/home/jone/ws_moveit/install/moveit_hybrid_planning' for CMake config files
[144.319s] Level 1:colcon.colcon_core.shell:create_environment_hook('moveit_hybrid_planning', 'cmake_prefix_path')
[144.320s] INFO:colcon.colcon_core.shell:Creating environment hook '/home/jone/ws_moveit/install/moveit_hybrid_planning/share/moveit_hybrid_planning/hook/cmake_prefix_path.ps1'
[144.320s] INFO:colcon.colcon_core.shell:Creating environment descriptor '/home/jone/ws_moveit/install/moveit_hybrid_planning/share/moveit_hybrid_planning/hook/cmake_prefix_path.dsv'
[144.320s] INFO:colcon.colcon_core.shell:Creating environment hook '/home/jone/ws_moveit/install/moveit_hybrid_planning/share/moveit_hybrid_planning/hook/cmake_prefix_path.sh'
[144.321s] Level 1:colcon.colcon_core.environment:checking '/home/jone/ws_moveit/install/moveit_hybrid_planning/lib'
[144.321s] Level 1:colcon.colcon_core.shell:create_environment_hook('moveit_hybrid_planning', 'ld_library_path_lib')
[144.321s] INFO:colcon.colcon_core.shell:Creating environment hook '/home/jone/ws_moveit/install/moveit_hybrid_planning/share/moveit_hybrid_planning/hook/ld_library_path_lib.ps1'
[144.321s] INFO:colcon.colcon_core.shell:Creating environment descriptor '/home/jone/ws_moveit/install/moveit_hybrid_planning/share/moveit_hybrid_planning/hook/ld_library_path_lib.dsv'
[144.321s] INFO:colcon.colcon_core.shell:Creating environment hook '/home/jone/ws_moveit/install/moveit_hybrid_planning/share/moveit_hybrid_planning/hook/ld_library_path_lib.sh'
[144.321s] Level 1:colcon.colcon_core.environment:checking '/home/jone/ws_moveit/install/moveit_hybrid_planning/bin'
[144.322s] Level 1:colcon.colcon_core.environment:checking '/home/jone/ws_moveit/install/moveit_hybrid_planning/lib/pkgconfig/moveit_hybrid_planning.pc'
[144.322s] Level 1:colcon.colcon_core.environment:checking '/home/jone/ws_moveit/install/moveit_hybrid_planning/lib/python3.10/site-packages'
[144.322s] Level 1:colcon.colcon_core.environment:checking '/home/jone/ws_moveit/install/moveit_hybrid_planning/bin'
[144.322s] INFO:colcon.colcon_core.shell:Creating package script '/home/jone/ws_moveit/install/moveit_hybrid_planning/share/moveit_hybrid_planning/package.ps1'
[144.323s] INFO:colcon.colcon_core.shell:Creating package descriptor '/home/jone/ws_moveit/install/moveit_hybrid_planning/share/moveit_hybrid_planning/package.dsv'
[144.323s] INFO:colcon.colcon_core.shell:Creating package script '/home/jone/ws_moveit/install/moveit_hybrid_planning/share/moveit_hybrid_planning/package.sh'
[144.323s] INFO:colcon.colcon_core.shell:Creating package script '/home/jone/ws_moveit/install/moveit_hybrid_planning/share/moveit_hybrid_planning/package.bash'
[144.323s] INFO:colcon.colcon_core.shell:Creating package script '/home/jone/ws_moveit/install/moveit_hybrid_planning/share/moveit_hybrid_planning/package.zsh'
[144.324s] Level 1:colcon.colcon_core.environment:create_file_with_runtime_dependencies(/home/jone/ws_moveit/install/moveit_hybrid_planning/share/colcon-core/packages/moveit_hybrid_planning)
[144.325s] Level 1:colcon.colcon_core.environment:create_environment_scripts_only(moveit_hybrid_planning)
[144.325s] Level 1:colcon.colcon_core.environment:checking '/home/jone/ws_moveit/install/moveit_hybrid_planning' for CMake module files
[144.325s] Level 1:colcon.colcon_core.environment:checking '/home/jone/ws_moveit/install/moveit_hybrid_planning' for CMake config files
[144.326s] Level 1:colcon.colcon_core.shell:create_environment_hook('moveit_hybrid_planning', 'cmake_prefix_path')
[144.326s] INFO:colcon.colcon_core.shell:Creating environment hook '/home/jone/ws_moveit/install/moveit_hybrid_planning/share/moveit_hybrid_planning/hook/cmake_prefix_path.ps1'
[144.326s] INFO:colcon.colcon_core.shell:Creating environment descriptor '/home/jone/ws_moveit/install/moveit_hybrid_planning/share/moveit_hybrid_planning/hook/cmake_prefix_path.dsv'
[144.326s] INFO:colcon.colcon_core.shell:Creating environment hook '/home/jone/ws_moveit/install/moveit_hybrid_planning/share/moveit_hybrid_planning/hook/cmake_prefix_path.sh'
[144.327s] Level 1:colcon.colcon_core.environment:checking '/home/jone/ws_moveit/install/moveit_hybrid_planning/lib'
[144.327s] Level 1:colcon.colcon_core.shell:create_environment_hook('moveit_hybrid_planning', 'ld_library_path_lib')
[144.327s] INFO:colcon.colcon_core.shell:Creating environment hook '/home/jone/ws_moveit/install/moveit_hybrid_planning/share/moveit_hybrid_planning/hook/ld_library_path_lib.ps1'
[144.327s] INFO:colcon.colcon_core.shell:Creating environment descriptor '/home/jone/ws_moveit/install/moveit_hybrid_planning/share/moveit_hybrid_planning/hook/ld_library_path_lib.dsv'
[144.327s] INFO:colcon.colcon_core.shell:Creating environment hook '/home/jone/ws_moveit/install/moveit_hybrid_planning/share/moveit_hybrid_planning/hook/ld_library_path_lib.sh'
[144.328s] Level 1:colcon.colcon_core.environment:checking '/home/jone/ws_moveit/install/moveit_hybrid_planning/bin'
[144.328s] Level 1:colcon.colcon_core.environment:checking '/home/jone/ws_moveit/install/moveit_hybrid_planning/lib/pkgconfig/moveit_hybrid_planning.pc'
[144.328s] Level 1:colcon.colcon_core.environment:checking '/home/jone/ws_moveit/install/moveit_hybrid_planning/lib/python3.10/site-packages'
[144.328s] Level 1:colcon.colcon_core.environment:checking '/home/jone/ws_moveit/install/moveit_hybrid_planning/bin'
[144.328s] INFO:colcon.colcon_core.shell:Creating package script '/home/jone/ws_moveit/install/moveit_hybrid_planning/share/moveit_hybrid_planning/package.ps1'
[144.329s] INFO:colcon.colcon_core.shell:Creating package descriptor '/home/jone/ws_moveit/install/moveit_hybrid_planning/share/moveit_hybrid_planning/package.dsv'
[144.329s] INFO:colcon.colcon_core.shell:Creating package script '/home/jone/ws_moveit/install/moveit_hybrid_planning/share/moveit_hybrid_planning/package.sh'
[144.329s] INFO:colcon.colcon_core.shell:Creating package script '/home/jone/ws_moveit/install/moveit_hybrid_planning/share/moveit_hybrid_planning/package.bash'
[144.330s] INFO:colcon.colcon_core.shell:Creating package script '/home/jone/ws_moveit/install/moveit_hybrid_planning/share/moveit_hybrid_planning/package.zsh'
[144.330s] Level 1:colcon.colcon_core.environment:create_file_with_runtime_dependencies(/home/jone/ws_moveit/install/moveit_hybrid_planning/share/colcon-core/packages/moveit_hybrid_planning)
[144.330s] DEBUG:colcon.colcon_core.executor.sequential:run_until_complete 'moveit_hybrid_planning' finished with '0'
[144.330s] DEBUG:colcon.colcon_core.executor.sequential:run_until_complete 'moveit_resources_prbt_pg70_support'
[144.330s] INFO:colcon.colcon_ros.task.ament_cmake.build:Building ROS package in '/home/jone/ws_moveit/src/moveit2/moveit_planners/test_configs/prbt_pg70_support' with build type 'ament_cmake'
[144.330s] INFO:colcon.colcon_cmake.task.cmake.build:Building CMake package in '/home/jone/ws_moveit/src/moveit2/moveit_planners/test_configs/prbt_pg70_support'
[144.331s] INFO:colcon.colcon_core.shell:Skip shell extension 'powershell' for command environment: Not usable outside of PowerShell
[144.331s] DEBUG:colcon.colcon_core.shell:Skip shell extension 'dsv' for command environment
[144.358s] DEBUG:colcon.colcon_core.event_handler.log_command:Invoking command in '/home/jone/ws_moveit/build/moveit_resources_prbt_pg70_support': AMENT_PREFIX_PATH=/home/jone/ws_moveit/install/moveit_resources_prbt_moveit_config:/home/jone/ws_moveit/install/moveit_ros_move_group:/home/jone/ws_moveit/install/moveit_kinematics:/home/jone/ws_moveit/install/moveit_ros_planning:/home/jone/ws_moveit/install/moveit_ros_occupancy_map_monitor:/home/jone/ws_moveit/install/moveit_resources_prbt_ikfast_manipulator_plugin:/home/jone/ws_moveit/install/moveit_core:/home/jone/ws_moveit/install/moveit_resources_panda_moveit_config:/home/jone/ws_moveit/install/moveit_resources_fanuc_moveit_config:/home/jone/ws_moveit/install/moveit_configs_utils:/home/jone/ws_moveit/install/srdfdom:/home/jone/ws_moveit/install/moveit_resources_prbt_support:/home/jone/ws_moveit/install/moveit_resources_pr2_description:/home/jone/ws_moveit/install/moveit_resources_panda_description:/home/jone/ws_moveit/install/moveit_resources_fanuc_description:/home/jone/ws_moveit/install/moveit_common:/home/jone/ws_moveit/install/launch_param_builder:${AMENT_PREFIX_PATH} CMAKE_PREFIX_PATH=/home/jone/ws_moveit/install/moveit_resources_prbt_moveit_config:/home/jone/ws_moveit/install/moveit_ros_move_group:/home/jone/ws_moveit/install/moveit_kinematics:/home/jone/ws_moveit/install/moveit_ros_planning:/home/jone/ws_moveit/install/moveit_ros_occupancy_map_monitor:/home/jone/ws_moveit/install/moveit_resources_prbt_ikfast_manipulator_plugin:/home/jone/ws_moveit/install/moveit_core:/home/jone/ws_moveit/install/moveit_resources_panda_moveit_config:/home/jone/ws_moveit/install/moveit_resources_fanuc_moveit_config:/home/jone/ws_moveit/install/srdfdom:/home/jone/ws_moveit/install/moveit_resources_prbt_support:/home/jone/ws_moveit/install/moveit_resources_pr2_description:/home/jone/ws_moveit/install/moveit_resources_panda_description:/home/jone/ws_moveit/install/moveit_resources_fanuc_description:/home/jone/ws_moveit/install/moveit_common:/opt/ros/humble LD_LIBRARY_PATH=/home/jone/ws_moveit/install/moveit_ros_move_group/lib:/home/jone/ws_moveit/install/moveit_kinematics/lib:/home/jone/ws_moveit/install/moveit_ros_planning/lib:/home/jone/ws_moveit/install/moveit_ros_occupancy_map_monitor/lib:/home/jone/ws_moveit/install/moveit_resources_prbt_ikfast_manipulator_plugin/lib:/home/jone/ws_moveit/install/moveit_core/lib:/home/jone/ws_moveit/install/srdfdom/lib:/opt/ros/humble/opt/rviz_ogre_vendor/lib:/opt/ros/humble/lib/x86_64-linux-gnu:/opt/ros/humble/lib:/usr/lib/x86_64-linux-gnu/gazebo-11/plugins:/usr/lib/x86_64-linux-gnu/gazebo-11/plugins:/usr/lib/x86_64-linux-gnu/gazebo-11/plugins PATH=/home/jone/ws_moveit/install/moveit_core/bin:${PATH} PYTHONPATH=/home/jone/ws_moveit/install/moveit_configs_utils/lib/python3.10/site-packages:/home/jone/ws_moveit/install/srdfdom/local/lib/python3.10/dist-packages:/home/jone/ws_moveit/install/launch_param_builder/lib/python3.10/site-packages:${PYTHONPATH} /usr/bin/cmake /home/jone/ws_moveit/src/moveit2/moveit_planners/test_configs/prbt_pg70_support -DCMAKE_BUILD_TYPE=Release -DCMAKE_INSTALL_PREFIX=/home/jone/ws_moveit/install/moveit_resources_prbt_pg70_support
[144.868s] DEBUG:colcon.colcon_core.event_handler.log_command:Invoked command in '/home/jone/ws_moveit/build/moveit_resources_prbt_pg70_support' returned '0': AMENT_PREFIX_PATH=/home/jone/ws_moveit/install/moveit_resources_prbt_moveit_config:/home/jone/ws_moveit/install/moveit_ros_move_group:/home/jone/ws_moveit/install/moveit_kinematics:/home/jone/ws_moveit/install/moveit_ros_planning:/home/jone/ws_moveit/install/moveit_ros_occupancy_map_monitor:/home/jone/ws_moveit/install/moveit_resources_prbt_ikfast_manipulator_plugin:/home/jone/ws_moveit/install/moveit_core:/home/jone/ws_moveit/install/moveit_resources_panda_moveit_config:/home/jone/ws_moveit/install/moveit_resources_fanuc_moveit_config:/home/jone/ws_moveit/install/moveit_configs_utils:/home/jone/ws_moveit/install/srdfdom:/home/jone/ws_moveit/install/moveit_resources_prbt_support:/home/jone/ws_moveit/install/moveit_resources_pr2_description:/home/jone/ws_moveit/install/moveit_resources_panda_description:/home/jone/ws_moveit/install/moveit_resources_fanuc_description:/home/jone/ws_moveit/install/moveit_common:/home/jone/ws_moveit/install/launch_param_builder:${AMENT_PREFIX_PATH} CMAKE_PREFIX_PATH=/home/jone/ws_moveit/install/moveit_resources_prbt_moveit_config:/home/jone/ws_moveit/install/moveit_ros_move_group:/home/jone/ws_moveit/install/moveit_kinematics:/home/jone/ws_moveit/install/moveit_ros_planning:/home/jone/ws_moveit/install/moveit_ros_occupancy_map_monitor:/home/jone/ws_moveit/install/moveit_resources_prbt_ikfast_manipulator_plugin:/home/jone/ws_moveit/install/moveit_core:/home/jone/ws_moveit/install/moveit_resources_panda_moveit_config:/home/jone/ws_moveit/install/moveit_resources_fanuc_moveit_config:/home/jone/ws_moveit/install/srdfdom:/home/jone/ws_moveit/install/moveit_resources_prbt_support:/home/jone/ws_moveit/install/moveit_resources_pr2_description:/home/jone/ws_moveit/install/moveit_resources_panda_description:/home/jone/ws_moveit/install/moveit_resources_fanuc_description:/home/jone/ws_moveit/install/moveit_common:/opt/ros/humble LD_LIBRARY_PATH=/home/jone/ws_moveit/install/moveit_ros_move_group/lib:/home/jone/ws_moveit/install/moveit_kinematics/lib:/home/jone/ws_moveit/install/moveit_ros_planning/lib:/home/jone/ws_moveit/install/moveit_ros_occupancy_map_monitor/lib:/home/jone/ws_moveit/install/moveit_resources_prbt_ikfast_manipulator_plugin/lib:/home/jone/ws_moveit/install/moveit_core/lib:/home/jone/ws_moveit/install/srdfdom/lib:/opt/ros/humble/opt/rviz_ogre_vendor/lib:/opt/ros/humble/lib/x86_64-linux-gnu:/opt/ros/humble/lib:/usr/lib/x86_64-linux-gnu/gazebo-11/plugins:/usr/lib/x86_64-linux-gnu/gazebo-11/plugins:/usr/lib/x86_64-linux-gnu/gazebo-11/plugins PATH=/home/jone/ws_moveit/install/moveit_core/bin:${PATH} PYTHONPATH=/home/jone/ws_moveit/install/moveit_configs_utils/lib/python3.10/site-packages:/home/jone/ws_moveit/install/srdfdom/local/lib/python3.10/dist-packages:/home/jone/ws_moveit/install/launch_param_builder/lib/python3.10/site-packages:${PYTHONPATH} /usr/bin/cmake /home/jone/ws_moveit/src/moveit2/moveit_planners/test_configs/prbt_pg70_support -DCMAKE_BUILD_TYPE=Release -DCMAKE_INSTALL_PREFIX=/home/jone/ws_moveit/install/moveit_resources_prbt_pg70_support
[144.869s] DEBUG:colcon.colcon_core.event_handler.log_command:Invoking command in '/home/jone/ws_moveit/build/moveit_resources_prbt_pg70_support': AMENT_PREFIX_PATH=/home/jone/ws_moveit/install/moveit_resources_prbt_moveit_config:/home/jone/ws_moveit/install/moveit_ros_move_group:/home/jone/ws_moveit/install/moveit_kinematics:/home/jone/ws_moveit/install/moveit_ros_planning:/home/jone/ws_moveit/install/moveit_ros_occupancy_map_monitor:/home/jone/ws_moveit/install/moveit_resources_prbt_ikfast_manipulator_plugin:/home/jone/ws_moveit/install/moveit_core:/home/jone/ws_moveit/install/moveit_resources_panda_moveit_config:/home/jone/ws_moveit/install/moveit_resources_fanuc_moveit_config:/home/jone/ws_moveit/install/moveit_configs_utils:/home/jone/ws_moveit/install/srdfdom:/home/jone/ws_moveit/install/moveit_resources_prbt_support:/home/jone/ws_moveit/install/moveit_resources_pr2_description:/home/jone/ws_moveit/install/moveit_resources_panda_description:/home/jone/ws_moveit/install/moveit_resources_fanuc_description:/home/jone/ws_moveit/install/moveit_common:/home/jone/ws_moveit/install/launch_param_builder:${AMENT_PREFIX_PATH} CMAKE_PREFIX_PATH=/home/jone/ws_moveit/install/moveit_resources_prbt_moveit_config:/home/jone/ws_moveit/install/moveit_ros_move_group:/home/jone/ws_moveit/install/moveit_kinematics:/home/jone/ws_moveit/install/moveit_ros_planning:/home/jone/ws_moveit/install/moveit_ros_occupancy_map_monitor:/home/jone/ws_moveit/install/moveit_resources_prbt_ikfast_manipulator_plugin:/home/jone/ws_moveit/install/moveit_core:/home/jone/ws_moveit/install/moveit_resources_panda_moveit_config:/home/jone/ws_moveit/install/moveit_resources_fanuc_moveit_config:/home/jone/ws_moveit/install/srdfdom:/home/jone/ws_moveit/install/moveit_resources_prbt_support:/home/jone/ws_moveit/install/moveit_resources_pr2_description:/home/jone/ws_moveit/install/moveit_resources_panda_description:/home/jone/ws_moveit/install/moveit_resources_fanuc_description:/home/jone/ws_moveit/install/moveit_common:/opt/ros/humble LD_LIBRARY_PATH=/home/jone/ws_moveit/install/moveit_ros_move_group/lib:/home/jone/ws_moveit/install/moveit_kinematics/lib:/home/jone/ws_moveit/install/moveit_ros_planning/lib:/home/jone/ws_moveit/install/moveit_ros_occupancy_map_monitor/lib:/home/jone/ws_moveit/install/moveit_resources_prbt_ikfast_manipulator_plugin/lib:/home/jone/ws_moveit/install/moveit_core/lib:/home/jone/ws_moveit/install/srdfdom/lib:/opt/ros/humble/opt/rviz_ogre_vendor/lib:/opt/ros/humble/lib/x86_64-linux-gnu:/opt/ros/humble/lib:/usr/lib/x86_64-linux-gnu/gazebo-11/plugins:/usr/lib/x86_64-linux-gnu/gazebo-11/plugins:/usr/lib/x86_64-linux-gnu/gazebo-11/plugins PATH=/home/jone/ws_moveit/install/moveit_core/bin:${PATH} PYTHONPATH=/home/jone/ws_moveit/install/moveit_configs_utils/lib/python3.10/site-packages:/home/jone/ws_moveit/install/srdfdom/local/lib/python3.10/dist-packages:/home/jone/ws_moveit/install/launch_param_builder/lib/python3.10/site-packages:${PYTHONPATH} /usr/bin/cmake --build /home/jone/ws_moveit/build/moveit_resources_prbt_pg70_support -- -j16 -l16
[144.904s] DEBUG:colcon.colcon_core.event_handler.log_command:Invoked command in '/home/jone/ws_moveit/build/moveit_resources_prbt_pg70_support' returned '0': AMENT_PREFIX_PATH=/home/jone/ws_moveit/install/moveit_resources_prbt_moveit_config:/home/jone/ws_moveit/install/moveit_ros_move_group:/home/jone/ws_moveit/install/moveit_kinematics:/home/jone/ws_moveit/install/moveit_ros_planning:/home/jone/ws_moveit/install/moveit_ros_occupancy_map_monitor:/home/jone/ws_moveit/install/moveit_resources_prbt_ikfast_manipulator_plugin:/home/jone/ws_moveit/install/moveit_core:/home/jone/ws_moveit/install/moveit_resources_panda_moveit_config:/home/jone/ws_moveit/install/moveit_resources_fanuc_moveit_config:/home/jone/ws_moveit/install/moveit_configs_utils:/home/jone/ws_moveit/install/srdfdom:/home/jone/ws_moveit/install/moveit_resources_prbt_support:/home/jone/ws_moveit/install/moveit_resources_pr2_description:/home/jone/ws_moveit/install/moveit_resources_panda_description:/home/jone/ws_moveit/install/moveit_resources_fanuc_description:/home/jone/ws_moveit/install/moveit_common:/home/jone/ws_moveit/install/launch_param_builder:${AMENT_PREFIX_PATH} CMAKE_PREFIX_PATH=/home/jone/ws_moveit/install/moveit_resources_prbt_moveit_config:/home/jone/ws_moveit/install/moveit_ros_move_group:/home/jone/ws_moveit/install/moveit_kinematics:/home/jone/ws_moveit/install/moveit_ros_planning:/home/jone/ws_moveit/install/moveit_ros_occupancy_map_monitor:/home/jone/ws_moveit/install/moveit_resources_prbt_ikfast_manipulator_plugin:/home/jone/ws_moveit/install/moveit_core:/home/jone/ws_moveit/install/moveit_resources_panda_moveit_config:/home/jone/ws_moveit/install/moveit_resources_fanuc_moveit_config:/home/jone/ws_moveit/install/srdfdom:/home/jone/ws_moveit/install/moveit_resources_prbt_support:/home/jone/ws_moveit/install/moveit_resources_pr2_description:/home/jone/ws_moveit/install/moveit_resources_panda_description:/home/jone/ws_moveit/install/moveit_resources_fanuc_description:/home/jone/ws_moveit/install/moveit_common:/opt/ros/humble LD_LIBRARY_PATH=/home/jone/ws_moveit/install/moveit_ros_move_group/lib:/home/jone/ws_moveit/install/moveit_kinematics/lib:/home/jone/ws_moveit/install/moveit_ros_planning/lib:/home/jone/ws_moveit/install/moveit_ros_occupancy_map_monitor/lib:/home/jone/ws_moveit/install/moveit_resources_prbt_ikfast_manipulator_plugin/lib:/home/jone/ws_moveit/install/moveit_core/lib:/home/jone/ws_moveit/install/srdfdom/lib:/opt/ros/humble/opt/rviz_ogre_vendor/lib:/opt/ros/humble/lib/x86_64-linux-gnu:/opt/ros/humble/lib:/usr/lib/x86_64-linux-gnu/gazebo-11/plugins:/usr/lib/x86_64-linux-gnu/gazebo-11/plugins:/usr/lib/x86_64-linux-gnu/gazebo-11/plugins PATH=/home/jone/ws_moveit/install/moveit_core/bin:${PATH} PYTHONPATH=/home/jone/ws_moveit/install/moveit_configs_utils/lib/python3.10/site-packages:/home/jone/ws_moveit/install/srdfdom/local/lib/python3.10/dist-packages:/home/jone/ws_moveit/install/launch_param_builder/lib/python3.10/site-packages:${PYTHONPATH} /usr/bin/cmake --build /home/jone/ws_moveit/build/moveit_resources_prbt_pg70_support -- -j16 -l16
[144.905s] DEBUG:colcon.colcon_core.event_handler.log_command:Invoking command in '/home/jone/ws_moveit/build/moveit_resources_prbt_pg70_support': AMENT_PREFIX_PATH=/home/jone/ws_moveit/install/moveit_resources_prbt_moveit_config:/home/jone/ws_moveit/install/moveit_ros_move_group:/home/jone/ws_moveit/install/moveit_kinematics:/home/jone/ws_moveit/install/moveit_ros_planning:/home/jone/ws_moveit/install/moveit_ros_occupancy_map_monitor:/home/jone/ws_moveit/install/moveit_resources_prbt_ikfast_manipulator_plugin:/home/jone/ws_moveit/install/moveit_core:/home/jone/ws_moveit/install/moveit_resources_panda_moveit_config:/home/jone/ws_moveit/install/moveit_resources_fanuc_moveit_config:/home/jone/ws_moveit/install/moveit_configs_utils:/home/jone/ws_moveit/install/srdfdom:/home/jone/ws_moveit/install/moveit_resources_prbt_support:/home/jone/ws_moveit/install/moveit_resources_pr2_description:/home/jone/ws_moveit/install/moveit_resources_panda_description:/home/jone/ws_moveit/install/moveit_resources_fanuc_description:/home/jone/ws_moveit/install/moveit_common:/home/jone/ws_moveit/install/launch_param_builder:${AMENT_PREFIX_PATH} CMAKE_PREFIX_PATH=/home/jone/ws_moveit/install/moveit_resources_prbt_moveit_config:/home/jone/ws_moveit/install/moveit_ros_move_group:/home/jone/ws_moveit/install/moveit_kinematics:/home/jone/ws_moveit/install/moveit_ros_planning:/home/jone/ws_moveit/install/moveit_ros_occupancy_map_monitor:/home/jone/ws_moveit/install/moveit_resources_prbt_ikfast_manipulator_plugin:/home/jone/ws_moveit/install/moveit_core:/home/jone/ws_moveit/install/moveit_resources_panda_moveit_config:/home/jone/ws_moveit/install/moveit_resources_fanuc_moveit_config:/home/jone/ws_moveit/install/srdfdom:/home/jone/ws_moveit/install/moveit_resources_prbt_support:/home/jone/ws_moveit/install/moveit_resources_pr2_description:/home/jone/ws_moveit/install/moveit_resources_panda_description:/home/jone/ws_moveit/install/moveit_resources_fanuc_description:/home/jone/ws_moveit/install/moveit_common:/opt/ros/humble LD_LIBRARY_PATH=/home/jone/ws_moveit/install/moveit_ros_move_group/lib:/home/jone/ws_moveit/install/moveit_kinematics/lib:/home/jone/ws_moveit/install/moveit_ros_planning/lib:/home/jone/ws_moveit/install/moveit_ros_occupancy_map_monitor/lib:/home/jone/ws_moveit/install/moveit_resources_prbt_ikfast_manipulator_plugin/lib:/home/jone/ws_moveit/install/moveit_core/lib:/home/jone/ws_moveit/install/srdfdom/lib:/opt/ros/humble/opt/rviz_ogre_vendor/lib:/opt/ros/humble/lib/x86_64-linux-gnu:/opt/ros/humble/lib:/usr/lib/x86_64-linux-gnu/gazebo-11/plugins:/usr/lib/x86_64-linux-gnu/gazebo-11/plugins:/usr/lib/x86_64-linux-gnu/gazebo-11/plugins PATH=/home/jone/ws_moveit/install/moveit_core/bin:${PATH} PYTHONPATH=/home/jone/ws_moveit/install/moveit_configs_utils/lib/python3.10/site-packages:/home/jone/ws_moveit/install/srdfdom/local/lib/python3.10/dist-packages:/home/jone/ws_moveit/install/launch_param_builder/lib/python3.10/site-packages:${PYTHONPATH} /usr/bin/cmake --install /home/jone/ws_moveit/build/moveit_resources_prbt_pg70_support
[144.920s] Level 1:colcon.colcon_core.environment:create_environment_scripts_only(moveit_resources_prbt_pg70_support)
[144.920s] Level 1:colcon.colcon_core.environment:checking '/home/jone/ws_moveit/install/moveit_resources_prbt_pg70_support' for CMake module files
[144.921s] DEBUG:colcon.colcon_core.event_handler.log_command:Invoked command in '/home/jone/ws_moveit/build/moveit_resources_prbt_pg70_support' returned '0': AMENT_PREFIX_PATH=/home/jone/ws_moveit/install/moveit_resources_prbt_moveit_config:/home/jone/ws_moveit/install/moveit_ros_move_group:/home/jone/ws_moveit/install/moveit_kinematics:/home/jone/ws_moveit/install/moveit_ros_planning:/home/jone/ws_moveit/install/moveit_ros_occupancy_map_monitor:/home/jone/ws_moveit/install/moveit_resources_prbt_ikfast_manipulator_plugin:/home/jone/ws_moveit/install/moveit_core:/home/jone/ws_moveit/install/moveit_resources_panda_moveit_config:/home/jone/ws_moveit/install/moveit_resources_fanuc_moveit_config:/home/jone/ws_moveit/install/moveit_configs_utils:/home/jone/ws_moveit/install/srdfdom:/home/jone/ws_moveit/install/moveit_resources_prbt_support:/home/jone/ws_moveit/install/moveit_resources_pr2_description:/home/jone/ws_moveit/install/moveit_resources_panda_description:/home/jone/ws_moveit/install/moveit_resources_fanuc_description:/home/jone/ws_moveit/install/moveit_common:/home/jone/ws_moveit/install/launch_param_builder:${AMENT_PREFIX_PATH} CMAKE_PREFIX_PATH=/home/jone/ws_moveit/install/moveit_resources_prbt_moveit_config:/home/jone/ws_moveit/install/moveit_ros_move_group:/home/jone/ws_moveit/install/moveit_kinematics:/home/jone/ws_moveit/install/moveit_ros_planning:/home/jone/ws_moveit/install/moveit_ros_occupancy_map_monitor:/home/jone/ws_moveit/install/moveit_resources_prbt_ikfast_manipulator_plugin:/home/jone/ws_moveit/install/moveit_core:/home/jone/ws_moveit/install/moveit_resources_panda_moveit_config:/home/jone/ws_moveit/install/moveit_resources_fanuc_moveit_config:/home/jone/ws_moveit/install/srdfdom:/home/jone/ws_moveit/install/moveit_resources_prbt_support:/home/jone/ws_moveit/install/moveit_resources_pr2_description:/home/jone/ws_moveit/install/moveit_resources_panda_description:/home/jone/ws_moveit/install/moveit_resources_fanuc_description:/home/jone/ws_moveit/install/moveit_common:/opt/ros/humble LD_LIBRARY_PATH=/home/jone/ws_moveit/install/moveit_ros_move_group/lib:/home/jone/ws_moveit/install/moveit_kinematics/lib:/home/jone/ws_moveit/install/moveit_ros_planning/lib:/home/jone/ws_moveit/install/moveit_ros_occupancy_map_monitor/lib:/home/jone/ws_moveit/install/moveit_resources_prbt_ikfast_manipulator_plugin/lib:/home/jone/ws_moveit/install/moveit_core/lib:/home/jone/ws_moveit/install/srdfdom/lib:/opt/ros/humble/opt/rviz_ogre_vendor/lib:/opt/ros/humble/lib/x86_64-linux-gnu:/opt/ros/humble/lib:/usr/lib/x86_64-linux-gnu/gazebo-11/plugins:/usr/lib/x86_64-linux-gnu/gazebo-11/plugins:/usr/lib/x86_64-linux-gnu/gazebo-11/plugins PATH=/home/jone/ws_moveit/install/moveit_core/bin:${PATH} PYTHONPATH=/home/jone/ws_moveit/install/moveit_configs_utils/lib/python3.10/site-packages:/home/jone/ws_moveit/install/srdfdom/local/lib/python3.10/dist-packages:/home/jone/ws_moveit/install/launch_param_builder/lib/python3.10/site-packages:${PYTHONPATH} /usr/bin/cmake --install /home/jone/ws_moveit/build/moveit_resources_prbt_pg70_support
[144.921s] Level 1:colcon.colcon_core.environment:checking '/home/jone/ws_moveit/install/moveit_resources_prbt_pg70_support' for CMake config files
[144.921s] Level 1:colcon.colcon_core.shell:create_environment_hook('moveit_resources_prbt_pg70_support', 'cmake_prefix_path')
[144.921s] INFO:colcon.colcon_core.shell:Creating environment hook '/home/jone/ws_moveit/install/moveit_resources_prbt_pg70_support/share/moveit_resources_prbt_pg70_support/hook/cmake_prefix_path.ps1'
[144.922s] INFO:colcon.colcon_core.shell:Creating environment descriptor '/home/jone/ws_moveit/install/moveit_resources_prbt_pg70_support/share/moveit_resources_prbt_pg70_support/hook/cmake_prefix_path.dsv'
[144.922s] INFO:colcon.colcon_core.shell:Creating environment hook '/home/jone/ws_moveit/install/moveit_resources_prbt_pg70_support/share/moveit_resources_prbt_pg70_support/hook/cmake_prefix_path.sh'
[144.922s] Level 1:colcon.colcon_core.environment:checking '/home/jone/ws_moveit/install/moveit_resources_prbt_pg70_support/bin'
[144.922s] Level 1:colcon.colcon_core.environment:checking '/home/jone/ws_moveit/install/moveit_resources_prbt_pg70_support/lib/pkgconfig/moveit_resources_prbt_pg70_support.pc'
[144.923s] Level 1:colcon.colcon_core.environment:checking '/home/jone/ws_moveit/install/moveit_resources_prbt_pg70_support/lib/python3.10/site-packages'
[144.923s] Level 1:colcon.colcon_core.environment:checking '/home/jone/ws_moveit/install/moveit_resources_prbt_pg70_support/bin'
[144.923s] INFO:colcon.colcon_core.shell:Creating package script '/home/jone/ws_moveit/install/moveit_resources_prbt_pg70_support/share/moveit_resources_prbt_pg70_support/package.ps1'
[144.923s] INFO:colcon.colcon_core.shell:Creating package descriptor '/home/jone/ws_moveit/install/moveit_resources_prbt_pg70_support/share/moveit_resources_prbt_pg70_support/package.dsv'
[144.924s] INFO:colcon.colcon_core.shell:Creating package script '/home/jone/ws_moveit/install/moveit_resources_prbt_pg70_support/share/moveit_resources_prbt_pg70_support/package.sh'
[144.924s] INFO:colcon.colcon_core.shell:Creating package script '/home/jone/ws_moveit/install/moveit_resources_prbt_pg70_support/share/moveit_resources_prbt_pg70_support/package.bash'
[144.924s] INFO:colcon.colcon_core.shell:Creating package script '/home/jone/ws_moveit/install/moveit_resources_prbt_pg70_support/share/moveit_resources_prbt_pg70_support/package.zsh'
[144.924s] Level 1:colcon.colcon_core.environment:create_file_with_runtime_dependencies(/home/jone/ws_moveit/install/moveit_resources_prbt_pg70_support/share/colcon-core/packages/moveit_resources_prbt_pg70_support)
[144.925s] Level 1:colcon.colcon_core.environment:create_environment_scripts_only(moveit_resources_prbt_pg70_support)
[144.925s] Level 1:colcon.colcon_core.environment:checking '/home/jone/ws_moveit/install/moveit_resources_prbt_pg70_support' for CMake module files
[144.926s] Level 1:colcon.colcon_core.environment:checking '/home/jone/ws_moveit/install/moveit_resources_prbt_pg70_support' for CMake config files
[144.926s] Level 1:colcon.colcon_core.shell:create_environment_hook('moveit_resources_prbt_pg70_support', 'cmake_prefix_path')
[144.926s] INFO:colcon.colcon_core.shell:Creating environment hook '/home/jone/ws_moveit/install/moveit_resources_prbt_pg70_support/share/moveit_resources_prbt_pg70_support/hook/cmake_prefix_path.ps1'
[144.926s] INFO:colcon.colcon_core.shell:Creating environment descriptor '/home/jone/ws_moveit/install/moveit_resources_prbt_pg70_support/share/moveit_resources_prbt_pg70_support/hook/cmake_prefix_path.dsv'
[144.927s] INFO:colcon.colcon_core.shell:Creating environment hook '/home/jone/ws_moveit/install/moveit_resources_prbt_pg70_support/share/moveit_resources_prbt_pg70_support/hook/cmake_prefix_path.sh'
[144.927s] Level 1:colcon.colcon_core.environment:checking '/home/jone/ws_moveit/install/moveit_resources_prbt_pg70_support/bin'
[144.927s] Level 1:colcon.colcon_core.environment:checking '/home/jone/ws_moveit/install/moveit_resources_prbt_pg70_support/lib/pkgconfig/moveit_resources_prbt_pg70_support.pc'
[144.927s] Level 1:colcon.colcon_core.environment:checking '/home/jone/ws_moveit/install/moveit_resources_prbt_pg70_support/lib/python3.10/site-packages'
[144.927s] Level 1:colcon.colcon_core.environment:checking '/home/jone/ws_moveit/install/moveit_resources_prbt_pg70_support/bin'
[144.928s] INFO:colcon.colcon_core.shell:Creating package script '/home/jone/ws_moveit/install/moveit_resources_prbt_pg70_support/share/moveit_resources_prbt_pg70_support/package.ps1'
[144.928s] INFO:colcon.colcon_core.shell:Creating package descriptor '/home/jone/ws_moveit/install/moveit_resources_prbt_pg70_support/share/moveit_resources_prbt_pg70_support/package.dsv'
[144.928s] INFO:colcon.colcon_core.shell:Creating package script '/home/jone/ws_moveit/install/moveit_resources_prbt_pg70_support/share/moveit_resources_prbt_pg70_support/package.sh'
[144.928s] INFO:colcon.colcon_core.shell:Creating package script '/home/jone/ws_moveit/install/moveit_resources_prbt_pg70_support/share/moveit_resources_prbt_pg70_support/package.bash'
[144.929s] INFO:colcon.colcon_core.shell:Creating package script '/home/jone/ws_moveit/install/moveit_resources_prbt_pg70_support/share/moveit_resources_prbt_pg70_support/package.zsh'
[144.929s] Level 1:colcon.colcon_core.environment:create_file_with_runtime_dependencies(/home/jone/ws_moveit/install/moveit_resources_prbt_pg70_support/share/colcon-core/packages/moveit_resources_prbt_pg70_support)
[144.929s] DEBUG:colcon.colcon_core.executor.sequential:run_until_complete 'moveit_resources_prbt_pg70_support' finished with '0'
[144.930s] DEBUG:colcon.colcon_core.executor.sequential:run_until_complete 'moveit_ros_visualization'
[144.930s] INFO:colcon.colcon_ros.task.ament_cmake.build:Building ROS package in '/home/jone/ws_moveit/src/moveit2/moveit_ros/visualization' with build type 'ament_cmake'
[144.930s] INFO:colcon.colcon_cmake.task.cmake.build:Building CMake package in '/home/jone/ws_moveit/src/moveit2/moveit_ros/visualization'
[144.930s] INFO:colcon.colcon_core.shell:Skip shell extension 'powershell' for command environment: Not usable outside of PowerShell
[144.930s] DEBUG:colcon.colcon_core.shell:Skip shell extension 'dsv' for command environment
[144.967s] DEBUG:colcon.colcon_core.event_handler.log_command:Invoking command in '/home/jone/ws_moveit/build/moveit_ros_visualization': AMENT_PREFIX_PATH=/home/jone/ws_moveit/install/moveit_ros_planning_interface:/home/jone/ws_moveit/install/moveit_ros_move_group:/home/jone/ws_moveit/install/moveit_ros_warehouse:/home/jone/ws_moveit/install/moveit_ros_robot_interaction:/home/jone/ws_moveit/install/moveit_planners_ompl:/home/jone/ws_moveit/install/moveit_kinematics:/home/jone/ws_moveit/install/moveit_ros_planning:/home/jone/ws_moveit/install/moveit_simple_controller_manager:/home/jone/ws_moveit/install/moveit_ros_occupancy_map_monitor:/home/jone/ws_moveit/install/moveit_core:/home/jone/ws_moveit/install/moveit_resources_panda_moveit_config:/home/jone/ws_moveit/install/moveit_resources_fanuc_moveit_config:/home/jone/ws_moveit/install/moveit_configs_utils:/home/jone/ws_moveit/install/srdfdom:/home/jone/ws_moveit/install/moveit_resources_pr2_description:/home/jone/ws_moveit/install/moveit_resources_panda_description:/home/jone/ws_moveit/install/moveit_resources_fanuc_description:/home/jone/ws_moveit/install/moveit_common:/home/jone/ws_moveit/install/launch_param_builder:${AMENT_PREFIX_PATH} CMAKE_PREFIX_PATH=/home/jone/ws_moveit/install/moveit_ros_planning_interface:/home/jone/ws_moveit/install/moveit_ros_move_group:/home/jone/ws_moveit/install/moveit_ros_warehouse:/home/jone/ws_moveit/install/moveit_ros_robot_interaction:/home/jone/ws_moveit/install/moveit_planners_ompl:/home/jone/ws_moveit/install/moveit_kinematics:/home/jone/ws_moveit/install/moveit_ros_planning:/home/jone/ws_moveit/install/moveit_simple_controller_manager:/home/jone/ws_moveit/install/moveit_ros_occupancy_map_monitor:/home/jone/ws_moveit/install/moveit_core:/home/jone/ws_moveit/install/moveit_resources_panda_moveit_config:/home/jone/ws_moveit/install/moveit_resources_fanuc_moveit_config:/home/jone/ws_moveit/install/srdfdom:/home/jone/ws_moveit/install/moveit_resources_pr2_description:/home/jone/ws_moveit/install/moveit_resources_panda_description:/home/jone/ws_moveit/install/moveit_resources_fanuc_description:/home/jone/ws_moveit/install/moveit_common:/opt/ros/humble LD_LIBRARY_PATH=/home/jone/ws_moveit/install/moveit_ros_planning_interface/lib:/home/jone/ws_moveit/install/moveit_ros_move_group/lib:/home/jone/ws_moveit/install/moveit_ros_warehouse/lib:/home/jone/ws_moveit/install/moveit_ros_robot_interaction/lib:/home/jone/ws_moveit/install/moveit_planners_ompl/lib:/home/jone/ws_moveit/install/moveit_kinematics/lib:/home/jone/ws_moveit/install/moveit_ros_planning/lib:/home/jone/ws_moveit/install/moveit_simple_controller_manager/lib:/home/jone/ws_moveit/install/moveit_ros_occupancy_map_monitor/lib:/home/jone/ws_moveit/install/moveit_core/lib:/home/jone/ws_moveit/install/srdfdom/lib:/opt/ros/humble/opt/rviz_ogre_vendor/lib:/opt/ros/humble/lib/x86_64-linux-gnu:/opt/ros/humble/lib:/usr/lib/x86_64-linux-gnu/gazebo-11/plugins:/usr/lib/x86_64-linux-gnu/gazebo-11/plugins:/usr/lib/x86_64-linux-gnu/gazebo-11/plugins PATH=/home/jone/ws_moveit/install/moveit_core/bin:${PATH} PYTHONPATH=/home/jone/ws_moveit/install/moveit_configs_utils/lib/python3.10/site-packages:/home/jone/ws_moveit/install/srdfdom/local/lib/python3.10/dist-packages:/home/jone/ws_moveit/install/launch_param_builder/lib/python3.10/site-packages:${PYTHONPATH} /usr/bin/cmake /home/jone/ws_moveit/src/moveit2/moveit_ros/visualization -DCMAKE_BUILD_TYPE=Release -DCMAKE_INSTALL_PREFIX=/home/jone/ws_moveit/install/moveit_ros_visualization
[148.085s] DEBUG:colcon.colcon_core.event_handler.log_command:Invoked command in '/home/jone/ws_moveit/build/moveit_ros_visualization' returned '0': AMENT_PREFIX_PATH=/home/jone/ws_moveit/install/moveit_ros_planning_interface:/home/jone/ws_moveit/install/moveit_ros_move_group:/home/jone/ws_moveit/install/moveit_ros_warehouse:/home/jone/ws_moveit/install/moveit_ros_robot_interaction:/home/jone/ws_moveit/install/moveit_planners_ompl:/home/jone/ws_moveit/install/moveit_kinematics:/home/jone/ws_moveit/install/moveit_ros_planning:/home/jone/ws_moveit/install/moveit_simple_controller_manager:/home/jone/ws_moveit/install/moveit_ros_occupancy_map_monitor:/home/jone/ws_moveit/install/moveit_core:/home/jone/ws_moveit/install/moveit_resources_panda_moveit_config:/home/jone/ws_moveit/install/moveit_resources_fanuc_moveit_config:/home/jone/ws_moveit/install/moveit_configs_utils:/home/jone/ws_moveit/install/srdfdom:/home/jone/ws_moveit/install/moveit_resources_pr2_description:/home/jone/ws_moveit/install/moveit_resources_panda_description:/home/jone/ws_moveit/install/moveit_resources_fanuc_description:/home/jone/ws_moveit/install/moveit_common:/home/jone/ws_moveit/install/launch_param_builder:${AMENT_PREFIX_PATH} CMAKE_PREFIX_PATH=/home/jone/ws_moveit/install/moveit_ros_planning_interface:/home/jone/ws_moveit/install/moveit_ros_move_group:/home/jone/ws_moveit/install/moveit_ros_warehouse:/home/jone/ws_moveit/install/moveit_ros_robot_interaction:/home/jone/ws_moveit/install/moveit_planners_ompl:/home/jone/ws_moveit/install/moveit_kinematics:/home/jone/ws_moveit/install/moveit_ros_planning:/home/jone/ws_moveit/install/moveit_simple_controller_manager:/home/jone/ws_moveit/install/moveit_ros_occupancy_map_monitor:/home/jone/ws_moveit/install/moveit_core:/home/jone/ws_moveit/install/moveit_resources_panda_moveit_config:/home/jone/ws_moveit/install/moveit_resources_fanuc_moveit_config:/home/jone/ws_moveit/install/srdfdom:/home/jone/ws_moveit/install/moveit_resources_pr2_description:/home/jone/ws_moveit/install/moveit_resources_panda_description:/home/jone/ws_moveit/install/moveit_resources_fanuc_description:/home/jone/ws_moveit/install/moveit_common:/opt/ros/humble LD_LIBRARY_PATH=/home/jone/ws_moveit/install/moveit_ros_planning_interface/lib:/home/jone/ws_moveit/install/moveit_ros_move_group/lib:/home/jone/ws_moveit/install/moveit_ros_warehouse/lib:/home/jone/ws_moveit/install/moveit_ros_robot_interaction/lib:/home/jone/ws_moveit/install/moveit_planners_ompl/lib:/home/jone/ws_moveit/install/moveit_kinematics/lib:/home/jone/ws_moveit/install/moveit_ros_planning/lib:/home/jone/ws_moveit/install/moveit_simple_controller_manager/lib:/home/jone/ws_moveit/install/moveit_ros_occupancy_map_monitor/lib:/home/jone/ws_moveit/install/moveit_core/lib:/home/jone/ws_moveit/install/srdfdom/lib:/opt/ros/humble/opt/rviz_ogre_vendor/lib:/opt/ros/humble/lib/x86_64-linux-gnu:/opt/ros/humble/lib:/usr/lib/x86_64-linux-gnu/gazebo-11/plugins:/usr/lib/x86_64-linux-gnu/gazebo-11/plugins:/usr/lib/x86_64-linux-gnu/gazebo-11/plugins PATH=/home/jone/ws_moveit/install/moveit_core/bin:${PATH} PYTHONPATH=/home/jone/ws_moveit/install/moveit_configs_utils/lib/python3.10/site-packages:/home/jone/ws_moveit/install/srdfdom/local/lib/python3.10/dist-packages:/home/jone/ws_moveit/install/launch_param_builder/lib/python3.10/site-packages:${PYTHONPATH} /usr/bin/cmake /home/jone/ws_moveit/src/moveit2/moveit_ros/visualization -DCMAKE_BUILD_TYPE=Release -DCMAKE_INSTALL_PREFIX=/home/jone/ws_moveit/install/moveit_ros_visualization
[148.088s] DEBUG:colcon.colcon_core.event_handler.log_command:Invoking command in '/home/jone/ws_moveit/build/moveit_ros_visualization': AMENT_PREFIX_PATH=/home/jone/ws_moveit/install/moveit_ros_planning_interface:/home/jone/ws_moveit/install/moveit_ros_move_group:/home/jone/ws_moveit/install/moveit_ros_warehouse:/home/jone/ws_moveit/install/moveit_ros_robot_interaction:/home/jone/ws_moveit/install/moveit_planners_ompl:/home/jone/ws_moveit/install/moveit_kinematics:/home/jone/ws_moveit/install/moveit_ros_planning:/home/jone/ws_moveit/install/moveit_simple_controller_manager:/home/jone/ws_moveit/install/moveit_ros_occupancy_map_monitor:/home/jone/ws_moveit/install/moveit_core:/home/jone/ws_moveit/install/moveit_resources_panda_moveit_config:/home/jone/ws_moveit/install/moveit_resources_fanuc_moveit_config:/home/jone/ws_moveit/install/moveit_configs_utils:/home/jone/ws_moveit/install/srdfdom:/home/jone/ws_moveit/install/moveit_resources_pr2_description:/home/jone/ws_moveit/install/moveit_resources_panda_description:/home/jone/ws_moveit/install/moveit_resources_fanuc_description:/home/jone/ws_moveit/install/moveit_common:/home/jone/ws_moveit/install/launch_param_builder:${AMENT_PREFIX_PATH} CMAKE_PREFIX_PATH=/home/jone/ws_moveit/install/moveit_ros_planning_interface:/home/jone/ws_moveit/install/moveit_ros_move_group:/home/jone/ws_moveit/install/moveit_ros_warehouse:/home/jone/ws_moveit/install/moveit_ros_robot_interaction:/home/jone/ws_moveit/install/moveit_planners_ompl:/home/jone/ws_moveit/install/moveit_kinematics:/home/jone/ws_moveit/install/moveit_ros_planning:/home/jone/ws_moveit/install/moveit_simple_controller_manager:/home/jone/ws_moveit/install/moveit_ros_occupancy_map_monitor:/home/jone/ws_moveit/install/moveit_core:/home/jone/ws_moveit/install/moveit_resources_panda_moveit_config:/home/jone/ws_moveit/install/moveit_resources_fanuc_moveit_config:/home/jone/ws_moveit/install/srdfdom:/home/jone/ws_moveit/install/moveit_resources_pr2_description:/home/jone/ws_moveit/install/moveit_resources_panda_description:/home/jone/ws_moveit/install/moveit_resources_fanuc_description:/home/jone/ws_moveit/install/moveit_common:/opt/ros/humble LD_LIBRARY_PATH=/home/jone/ws_moveit/install/moveit_ros_planning_interface/lib:/home/jone/ws_moveit/install/moveit_ros_move_group/lib:/home/jone/ws_moveit/install/moveit_ros_warehouse/lib:/home/jone/ws_moveit/install/moveit_ros_robot_interaction/lib:/home/jone/ws_moveit/install/moveit_planners_ompl/lib:/home/jone/ws_moveit/install/moveit_kinematics/lib:/home/jone/ws_moveit/install/moveit_ros_planning/lib:/home/jone/ws_moveit/install/moveit_simple_controller_manager/lib:/home/jone/ws_moveit/install/moveit_ros_occupancy_map_monitor/lib:/home/jone/ws_moveit/install/moveit_core/lib:/home/jone/ws_moveit/install/srdfdom/lib:/opt/ros/humble/opt/rviz_ogre_vendor/lib:/opt/ros/humble/lib/x86_64-linux-gnu:/opt/ros/humble/lib:/usr/lib/x86_64-linux-gnu/gazebo-11/plugins:/usr/lib/x86_64-linux-gnu/gazebo-11/plugins:/usr/lib/x86_64-linux-gnu/gazebo-11/plugins PATH=/home/jone/ws_moveit/install/moveit_core/bin:${PATH} PYTHONPATH=/home/jone/ws_moveit/install/moveit_configs_utils/lib/python3.10/site-packages:/home/jone/ws_moveit/install/srdfdom/local/lib/python3.10/dist-packages:/home/jone/ws_moveit/install/launch_param_builder/lib/python3.10/site-packages:${PYTHONPATH} /usr/bin/cmake --build /home/jone/ws_moveit/build/moveit_ros_visualization -- -j16 -l16
