x,y,theta
0.4370955460599078,-0.0503887671403457,0.5982570852763619
0.4370958111702851,-0.05038917933348902,0.6015106326367635
0.4370961301772693,-0.05038956005552313,0.6047641829690804
0.43709643728373043,-0.05038993000658834,0.6080177290874761
0.4370966935366726,-0.05039025566497769,0.6112712266806953
0.43709693133868793,-0.05039058873848884,0.6145247184085174
0.43709714276163836,-0.05039096333306007,0.6177782226486221
0.4370973269574549,-0.05039137646513677,0.6210317340130262
0.43709751473746977,-0.05039184524693917,0.6242852696830055
0.43709782067490216,-0.05039237186898007,0.6275388802125419
0.43709820070328864,-0.05039281622806095,0.6307924781153149
0.4370985002038537,-0.05039318228995779,0.6340459988384096
0.4370987320186784,-0.05039355167959327,0.6372994993736644
0.43709896078737337,-0.050393893389998674,0.6405529826671233
0.43709915387308096,-0.05039426442370488,0.6438064648074023
0.4370993886779811,-0.05039462547293465,0.6470599564676838
0.4370996371429555,-0.05039504351244148,0.6503134813088199
0.4371000093287084,-0.050395402411878835,0.6535670163393416
0.43710036783798617,-0.05039577269961363,0.6568205526718913
0.43710064445113217,-0.05039620002345355,0.660074088965376
0.43710090911458527,-0.05039660789987053,0.6633276069673788
0.43710110866329177,-0.05039696650926663,0.6665810675752453
0.4371012564986435,-0.05039738949837432,0.6698345425488876
0.43710147170137853,-0.05039783481703174,0.6730880504712364
0.4371018258244785,-0.05039826078164259,0.6763416008618495
0.43710215704648414,-0.050398660023624954,0.6795951351646671
0.4371024495394927,-0.05039899755512003,0.682848616483794
0.4371027043078715,-0.05039936215769355,0.6861020958500633
0.4371029708336859,-0.05039973379807218,0.6893555790359653
0.4371032115460443,-0.05040013154175376,0.6926090706648735
0.43710351614134263,-0.05040049387536654,0.6958625623929133
0.43710378102179953,-0.050400897573531916,0.6991160564548089
0.4371040153533125,-0.05040133365124763,0.7023695526144712
0.43710436834565203,-0.05040167816888321,0.7056230457028764
0.4371046442327755,-0.050402087659206354,0.7088765463040083
0.4371049174173181,-0.050402450970826816,0.7121300173888413
0.437105178015497,-0.050402789754817934,0.7153834722166734
0.43710545933863165,-0.050403137429845146,0.718636934900166
0.4371057880224049,-0.050403525567166124,0.7218904388897521
0.43710609119109084,-0.05040395462864521,0.7251439510996589
0.437106377104425,-0.05040434840798268,0.7283974358329652
0.43710663913029735,-0.05040470138605114,0.731650891922615
0.43710688257792363,-0.050405020479788794,0.7349043229844702
0.43710715381408793,-0.05040535748549507,0.7381577688595259
0.4371074742836199,-0.05040573599070539,0.741411258605861
0.43710779331366756,-0.050406149144710526,0.7446647635088961
0.43710808311107036,-0.05040658718577352,0.7479182620836606
0.4371084223036771,-0.05040697538992873,0.7511717574761348
0.43710878165544714,-0.05040726586465868,0.7544252159479713
0.4371091160952049,-0.050407588936756134,0.757678682245703
0.4371093909703355,-0.050407973311382685,0.7609321520362795
0.43710971531415416,-0.05040829841207332,0.7641856106233087
0.437109963610733,-0.050408662810499154,0.7674390521521459
0.4371101889375999,-0.0504090664014412,0.7706925040725341
0.43711046497980544,-0.050409437340346905,0.7739459577760387
0.43711075326068033,-0.05040980542587577,0.7771994240327701
0.43711111023992094,-0.050410176265563295,0.7804529160480367
0.43711142223165694,-0.050410527895433904,0.7837063849913162
0.43711170296952934,-0.050410858357851376,0.7869598258671564
0.4371120167727411,-0.050411221046040726,0.7902132946459712
0.43711234104171964,-0.05041160684090943,0.7934667843355089
0.4371126685827953,-0.05041198008745932,0.7967202658191992
0.43711304246536964,-0.05041223674849764,0.7999737143911853
0.4371134252905773,-0.05041250018792345,0.8032271737043762
0.43711370746369915,-0.05041287507674541,0.8064806410747786
0.43711396796451196,-0.05041328563691737,0.8097341065791387
0.4371142254061138,-0.05041370762425708,0.8129875801885211
0.437114493024056,-0.050414119770894245,0.8162410557559542
0.4371147826953251,-0.05041446162865916,0.8194945134546645
0.4371151661986123,-0.050414693862017496,0.8227479580322646
0.4371154872829438,-0.05041500633146916,0.8260014207053706
0.43711578607540946,-0.050415359486095324,0.8292548845537566
0.43711610318762867,-0.05041573023136414,0.8325083646435513
0.43711644459418886,-0.0504161090610399,0.8357618665749028
0.437116787601563,-0.05041643173724039,0.8390153398903978
0.43711713801784313,-0.050416749527784015,0.8422688233997082
0.43711747432078846,-0.05041709332194239,0.8455223093136321
0.43711778857940997,-0.05041746084022163,0.8487757939770859
0.4371180723158966,-0.05041779707597405,0.8520292550921819
0.43711834727530546,-0.05041809695325162,0.8552826970702626
0.4371186652110769,-0.050418427793128384,0.858536173044534
0.43711903801407015,-0.0504187861017371,0.8617896875498438
0.4371193833234922,-0.050419135282452905,0.8650431868919963
0.43711970245515863,-0.05041946704397684,0.8682966680331592
0.43712001456833915,-0.050419740072009875,0.8715501226370124
0.43712033622139324,-0.050420025340079035,0.8748035894273303
0.4371206387132066,-0.05042035473382169,0.8780570666400694
0.4371210035194396,-0.05042070291508032,0.8813105794330125
0.43712139681037376,-0.05042102184939591,0.8845640953795414
0.43712181104977504,-0.050421313887777125,0.8878176165080234
0.4371221722452557,-0.05042166810795223,0.891071137074652
0.43712251732110685,-0.05042197795967795,0.8943246335516759
0.4371228355691239,-0.05042229182788458,0.897578120170167
0.4371231280513727,-0.050422572144840534,0.900831583776008
0.4371234158438548,-0.05042283677352742,0.9040850383655724
0.43712376357466276,-0.05042313697336572,0.9073385398102032
0.4371241465907461,-0.05042347389693011,0.9105920753205726
0.437124530864529,-0.05042380631776385,0.913845608598995
0.4371249462527891,-0.05042409814863654,0.9170991433984019
0.4371253234138555,-0.0504243152055668,0.9203526321625259
0.4371255957899099,-0.0504245436265455,0.9236060746377069
0.43712583908506175,-0.05042484883144654,0.9268595324089937
0.437126166486068,-0.050425181644586536,0.9301130403631245
0.4371265912740346,-0.05042555864091392,0.933366623541792
0.43712704837791794,-0.050425940228363386,0.936620222655104
0.4371274620991597,-0.05042625918771295,0.9398737778799592
0.43712783601086497,-0.05042653753205633,0.9431272957741632
0.4371281547646156,-0.050426725046302814,0.9463807551272827
0.4371284217989636,-0.0504269678475777,0.949634209104531
0.4371287268487428,-0.05042723349357478,0.9528876895868396
0.4371291422884029,-0.05042752861875135,0.9561412409369388
0.43712954271939614,-0.05042784346130825,0.9593947959588088
0.4371299277836279,-0.05042818090584742,0.9626483485755816
0.43713030501086236,-0.05042852388303658,0.9659018990008611
0.43713069548137434,-0.0504287878028262,0.9691554326696775
0.4371311353470268,-0.05042894935916935,0.972408943687968
0.43713152605843725,-0.05042919115049292,0.9756624731182467
0.4371318847627127,-0.05042948879401818,0.9789160000721425
0.4371322041516554,-0.05042971574217238,0.9821694840534543
0.43713246088396407,-0.050430019214806394,0.9854229554873155
0.4371327571556994,-0.050430336731785784,0.9886764556771566
0.43713313894631317,-0.05043066410927706,0.9919300038578911
0.43713361500355463,-0.05043094353456155,0.995183587423219
0.4371340971054411,-0.05043125801393024,0.9984371876782736
0.43713449244611774,-0.05043147465611126,1.0016907092213636
0.4371348114828355,-0.05043165686250806,1.0049441736154714
0.43713511552057277,-0.05043187815211314,1.0081976473630847
0.4371354815042135,-0.05043213868345291,1.011451159749859
0.43713588641993223,-0.050432461251503094,1.0147047248064434
0.44087904630875746,-0.0443614344391545,1.0240591955031062
0.4451703714996353,-0.03722035467942134,1.0350419821186068
0.4497661779467941,-0.029382519040418408,1.0472795920008156
0.4545258098062492,-0.02098143671257731,1.064597794836548
0.45939931849080545,-0.011986915072299535,1.085320197832205
0.4643254873564836,-0.002377647870752487,1.110372411314969
0.46923755292477254,0.007874899113495721,1.1392831528351943
0.4740599087028711,0.018794504054481073,1.172275272583247
0.47870907522023165,0.030404556222482722,1.209250476177107
0.4830933595311684,0.04272321645970564,1.2502522707096821
0.48711239068947454,0.0557638028838428,1.295261440036003
0.49065703918418474,0.06953137392350796,1.344281414354974
0.49360936323435134,0.08402113962914437,1.3973136225518346
0.49584228087527565,0.09921627658401444,1.4543594834571827
0.49722348166243674,0.11508474286249613,1.5154195246327564
0.497616988261989,0.13157912883327977,1.5804828929219532
0.49689757574395516,0.14843409084142825,1.6482376514192323
0.4950334048775498,0.16520123038625764,1.71603424951032
0.4920404033619403,0.18180388184018595,1.7837046781800996
0.4879303382257921,0.1981654109342284,1.8514820294088412
0.48272311722227695,0.21421109450037265,1.9191780234529798
0.476441164025887,0.22986713647338577,1.9869292005722734
0.46911346362046563,0.2450618687928337,2.054656728240725
0.46077444223350034,0.25972575049869917,2.122387647425858
0.4514620280293016,0.27379153434738507,2.1901099291982113
0.4412183577406219,0.28719451873100676,2.2578434004963945
0.4300909109784654,0.2998732176295981,2.325580336421415
0.41813180594281113,0.3117705800281145,2.3933152474809583
0.4053953077446894,0.3228321803337393,2.4610212990383284
0.3919392106141639,0.33300616439095426,2.528755673747914
0.37782503947687,0.3422455484972993,2.596482603760497
0.36311802452804554,0.35050880978981974,2.664203459644621
0.34788537185201196,0.35775796383579356,2.731927268063184
0.3321968530439047,0.36395901461138336,2.7996565458366356
0.31612482699448147,0.369084074932387,2.867379228627122
0.2997429062833159,0.3731105513919417,2.9350954084132885
0.28312607678336466,0.3760193900836982,3.0028157050089472
0.2663507359079052,0.3777967353046328,3.0705625819601003
0.24949320676027928,0.37843543858046685,3.1382653822732687
0.2326310461829473,0.3779330821973455,-3.077202836719039
0.2158415359757966,0.3762901242993931,-3.0094839369829787
0.1992016021047077,0.373513359764722,-2.941758587108561
0.1827877035490808,0.3696169322576089,-2.8740403953412037
0.16667515553014864,0.36461940282239186,-2.8063296523329653
0.15093808263345934,0.35854285521676066,-2.738613383340251
0.13564876579196058,0.3514154276177843,-2.6708815347641974
0.12127321280492026,0.34350468834652903,-2.605600868405035
0.10786565625875925,0.33497706210099665,-2.543689071884294
0.09542028692248143,0.32595985376479614,-2.4847100508719304
0.08391648338467127,0.31657063724656187,-2.4286890363137394
0.07332476030030532,0.3069146272475088,-2.375359707263671
0.06360863306255563,0.29708427532035603,-2.3246274486084766
0.05472693504422888,0.28715987933429443,-2.2763142782008403
0.04663541208870421,0.2772108664654982,-2.2303028238253075
0.039042002062851404,0.26689669561266216,-2.1768482009928145
0.03207270663831211,0.256170395068157,-2.1145393307594094
0.02583226170277141,0.2450519984238245,-2.0470953576970152
0.020324070409331145,0.23344185049584817,-1.9790565482228264
0.015554410234439172,0.22134089003114782,-1.9115951383612486
0.0116848262844243,0.20916002889347496,-1.8437208281961406
0.008599131495871186,0.1965445922960207,-1.7761068062217777
0.0064134294614709,0.18397844226618099,-1.7083467081287436
0.005056273858095972,0.17104124213265476,-1.6406605349323748
0.004586101167701229,0.15828313007980446,-1.5729414681730798
0.004989065843937271,0.14523211427154076,-1.5052365077535923
0.006248898288195912,0.13249000226753233,-1.437534688481436
0.008420940480472818,0.11954909053521645,-1.3698328524555665
0.011402222213203595,0.10704531300850907,-1.3021264560519972
0.01532245906643754,0.0944520568308985,-1.2344099326962799
0.01998152921417329,0.08241824350170682,-1.1667157836839477
0.025523247422902892,0.07055443866030926,-1.0990318064339286
0.031781331369915025,0.05922596494449906,-1.0313341721029463
0.0390632910457049,0.04792723187108685,-0.9636361946653621
0.04680690322841182,0.037531344921684806,-0.8959297565785332
0.055452720512223636,0.027430158552979103,-0.8282301177723649
0.0642835729297815,0.018424931043166386,-0.7605224328084913
0.0741954449113126,0.00959988500417889,-0.6928006393673386
0.08439522240884344,0.0016880004688488784,-0.6251037197392588
0.09536166403851833,-0.005698617946558112,-0.5592941835618803
0.10644173329723781,-0.012169399081495606,-0.49688388666524286
0.11816096083189025,-0.018085366687336443,-0.43697559383254475
0.12982691360928494,-0.02313929211739959,-0.3799917332459414
0.14201879799973766,-0.02763361248441733,-0.3255207062185623
0.1547061807346556,-0.03155485238963078,-0.2732776847155036
0.16714163801131982,-0.03471532012440715,-0.22374975189737706
0.17995948567005912,-0.03732034108967579,-0.1763687729540407
0.19313984251438734,-0.03936761088552301,-0.13115444401935272
0.20592316665371774,-0.040778580950876435,-0.08818982221139218
0.2189797950858399,-0.04166716266219404,-0.04721617850660748
0.2322997458498623,-0.042039579912864854,-0.008214127972146434
0.2451276916240111,-0.041910907658449986,0.028853073466960182
0.25815080412128427,-0.04130906024829743,0.06413996277851049
0.2713682095459189,-0.04024093000106723,0.09764090243770857
0.284037226694626,-0.038798627921295153,0.129500769345165
0.29685078371567897,-0.03693496294470087,0.15977358799225647
0.3098154217800568,-0.034657469357981564,0.18845092615553474
0.3229102967085917,-0.03197837222121059,0.21564980695131875
0.3354144387649433,-0.02907247504842619,0.24152499226808283
0.348015279520755,-0.02580610117886815,0.26609785148727044
0.3607260540964327,-0.022184015935059392,0.2893807148786252
0.37353280343938794,-0.01821836820741832,0.31147315500285355
0.3857381669914833,-0.014148894895234188,0.33249829975187406
0.3980169327509448,-0.009773160514466533,0.35248850337469817
0.41038620944735255,-0.005091609774458905,0.37147154387481657
0.42283549667659676,-0.00011412977275581746,0.38953900104429806
0.43418592282188917,0.004670700696558253,0.40953680129776276
0.44604568622305846,0.009946066937815905,0.42665594795089823
0.4580520018655626,0.015508639018801293,0.44167398555865717
0.4701332324153927,0.02133105124338886,0.4565899614808132
0.481474989831853,0.027001115674958588,0.47113446505428935
0.4930341131389396,0.03298917408255312,0.4847584339782421
0.5046818651643444,0.03921603500887708,0.49747896878856424
0.5164019376754228,0.045674515989923115,0.5099910923637906
0.5272428971033538,0.051825946737760024,0.5227581291008065
0.53845528752518,0.05837523810938598,0.5344221508247922
0.5497629799285493,0.06514876389216691,0.5453768421738256
0.5611424309252931,0.07213740403583242,0.5563186054741287
0.5716644595653726,0.07875773857168192,0.5672589850647436
0.5825553138961511,0.08577563947974262,0.5775469362054146
0.5935392266633925,0.09300862804440244,0.587430422281886
0.6045932081800528,0.10044690932107325,0.5973728980867964
0.6148148445013426,0.1074715373054578,0.6070918560100919
0.6253963115557263,0.11489427938823003,0.6165349147516962
0.6360661979818723,0.12252884782290988,0.6258770351241075
0.646802568359682,0.13036468337567228,0.6352993469732794
0.656728762237371,0.1377513502882765,0.644324608114651
0.6670037659177661,0.14554127454002735,0.6533627562730732
0.6773609307160485,0.1535436555550301,0.6625476271593465
0.687778823562708,0.16174726126763425,0.6718188570621934
0.698246647643017,0.17015003461390274,0.6812639445664936
0.7077951558522652,0.17796065736764602,0.6899902517436503
0.7177952618067248,0.1862865327723843,0.69910040626337
0.7278641089912649,0.1948323031463081,0.708599110740784
0.7379765059197407,0.20358111022113048,0.7181647298085838
0.7473193519138699,0.21181932082533197,0.7270690805434786
0.7569676317023419,0.22047916005532406,0.736375212042811
0.7666697887636015,0.22935919549586872,0.7461863483335996
0.7764065528290816,0.23844705942692135,0.7560697633956452
0.7853969351644973,0.24700320309460402,0.7652123470203879
0.7946717720802616,0.25599178342983236,0.7748504730119045
0.8039896513594078,0.26520711599030644,0.7850699477787291
0.8133315952993433,0.2746361536211731,0.7953557926850462
0.8226850177736819,0.2842775444346779,0.806041540629733
0.8311985274630489,0.29323530575222934,0.8154675478971154
0.8400788890973865,0.30275707877204017,0.8257656287039074
0.8489832097466455,0.3125161127269294,0.8367161984764028
0.8578900806280677,0.32249276897583906,0.8476886851323084
0.8660903114003088,0.3318804357635213,0.8578399753470457
0.8745222360338475,0.3417310607929691,0.8685398398931863
0.8829619180518047,0.3518190653249649,0.8799029276512549
0.8913922156617741,0.36212966419058173,0.8912960396699775
0.8991420386658473,0.3718279208051359,0.9018504857571141
0.9070991281208631,0.3820018405376383,0.9129483780068877
0.9150514103679201,0.39241765351614055,0.9246979521068738
0.922981787288195,0.4030600462659532,0.9364767173464942
0.9308774861110867,0.4139262091497357,0.9486721253180285
0.9380251236123931,0.4240093681469395,0.9595243733570356
0.945439582572166,0.43471273732673643,0.9712398695950967
0.9528280969297797,0.4456649705322469,0.9835888370346441
0.9601720056304366,0.4568434072365982,0.9959299352938928
0.9668897042468284,0.4673453571886725,1.0074384974007364
0.9737535036303525,0.4783495175321489,1.019419599031209
0.9805757160078454,0.4895984126262954,1.0320215771126775
0.987341263161264,0.5010746055695298,1.0446210253074029
0.9935145516179709,0.5118495851200083,1.056396489090844
0.9998071888613999,0.5231350350543511,1.0686172234642206
1.0060455073176027,0.534666004674042,1.081418741151132
1.0122148317961477,0.5464245192268676,1.0942239281030226
1.0178240460754588,0.5574520091126388,1.106210173945654
1.0235282525592666,0.5690027738258957,1.118613360771408
1.0291654593130402,0.5807986447075378,1.1315756256045626
1.0347219569851338,0.5928205431742896,1.1445361434576045
1.0401856975636143,0.6050624988248811,1.1578445544288458
1.0450648429587484,0.6163841090167602,1.1699269258077825
1.0500654564453828,0.6283829999123421,1.1826776480427141
1.0549782469513798,0.6406268024178124,1.1959514658162664
1.0597892721883633,0.653088700230841,1.2091963859875396
1.06412015571629,0.6647583322590664,1.2216595307275941
1.0684781854779153,0.6769594604335216,1.2344613330539504
1.0727355193588466,0.6893958458004252,1.247773270511098
1.076880056248798,0.7020467782162392,1.2610684933188117
1.080587322533402,0.7138861425337328,1.2735915331606655
1.0842938406988076,0.7262575031070311,1.2864352432203756
1.0878879547413518,0.7388600936557327,1.2997652624214968
1.0913592796588958,0.7516728923921315,1.3130818756756186
1.0944361099168776,0.7636501745679701,1.3256311924941997
1.097485942342699,0.7761640592176483,1.33848820381964
1.100412622944066,0.7889048779177311,1.3518158965395533
1.1032061857638928,0.8018507907650002,1.365132899113909
1.1058569498022324,0.8149929317624993,1.378743205971812
1.1081341501174837,0.8271074851476853,1.3912374522518245
1.110376885077454,0.8399135759623861,1.4042642316770733
1.1124780413720414,0.8529408879977839,1.417737239166501
1.114429228036499,0.8661594292064267,1.4311797865203069
1.1160834950200909,0.8784981622632352,1.4438812609500558
1.1176444677197934,0.8913639615995067,1.4568485237408613
1.1190536113084684,0.9044374624290008,1.4702660140905275
1.1203041576915855,0.9176959044571348,1.4836634644184858
1.121306245811132,0.9300654697994264,1.4963205470652348
1.122188298676233,0.9429547870816313,1.5092431738996666
1.1229091402389133,0.9560454446074779,1.52260397324315
1.1234628043978299,0.9693141889889976,1.5359515542800504
1.1238159154023293,0.9816802556445196,1.5485584238398165
1.124023157671573,0.9945640393151864,1.5614318261274112
1.124060363221686,1.007642279505789,1.5747410093246352
1.1239229141491927,1.0208910939246023,1.5880382439255427
1.1236033790473006,1.0342997058260242,1.6016091517345414
1.1231467579940737,1.04662281086819,1.614109207070273
1.1225034092151946,1.0596134844307983,1.6270964053187262
1.1216735531663127,1.072788199194381,1.640506858403534
1.1206557650527236,1.086116402931389,1.6538882497762717
1.1195438056645755,1.0985211153509447,1.6665426949608242
1.1182250332607593,1.11141873173622,1.6794466917221913
1.116713625662795,1.1244857348917774,1.6927831587788493
1.1150074174082618,1.1376981580458847,1.7061034242573705
1.113255508843353,1.1499884141382282,1.7186926903397366
1.1112726336995298,1.1627592315654829,1.731538585746086
1.1090891824306657,1.1756907869290505,1.7448139380230248
1.106704990936551,1.1887593759146053,1.7580767337884087
1.1043252281460547,1.2009034587282446,1.7706052246181974
1.1016902131262831,1.2135204784283975,1.7833967888954867
1.0988474534497428,1.2262895162430658,1.796618337431058
1.0957973802652377,1.2391865220127045,1.8098316662559137
1.0925353021003668,1.2521994013462276,1.8233173236570719
1.0893792184669993,1.264123849174691,1.8357373778047472
1.0858958141196744,1.276658210861157,1.8486457746712917
1.0821913612823344,1.2893312755923236,1.86197536397067
1.0782710003123757,1.3021130105139123,1.8752798226917642
1.0744620969989507,1.3139732332797756,1.8878571651914784
1.0703439762952214,1.3262691554289172,1.900688844097927
1.0660011584135791,1.3386877803972566,1.9139553502236202
1.0614376028918813,1.3512057197823442,1.9272067604514922
1.0570328214989457,1.3628146924654665,1.9397260032700063
1.0522985795613238,1.3748418259458437,1.9525089188082028
1.0473343980720544,1.3869819837237254,1.9657222222492121
1.0421446951431343,1.3992119224403017,1.9789276541148286
1.0371618987531384,1.4105411289320278,1.9913963511971398
1.0318270602858408,1.4222754868217033,2.004134622514836
1.0262569129226948,1.4341130572585477,2.017308146375063
1.0204575812649954,1.446030533976414,2.0304726671875115
1.014426865386731,1.4580151483386954,2.043912563179332
1.0087384206191976,1.4689612385956847,2.056281260452454
1.0025976286937894,1.480430831499322,2.0691496686457307
0.9962105465062652,1.4919870143852576,2.0824409381736118
0.9895891794255899,1.5036020179701892,2.0957124179681883
0.9832787631458852,1.5143427227006425,2.10825060871785
0.9765725577925054,1.5254414433952959,2.1210512092945453
0.9696209902838486,1.5366111659344819,2.1342887789363596
0.9624324979552976,1.547829714776568,2.1475132890730304
0.9555971473092145,1.5581957078687774,2.160002181311038
0.9483487809644269,1.5688976025945465,2.1727617589986763
0.940851629722598,1.5796596318068286,2.185955657386907
0.9331156050268765,1.5904604639421303,2.199141991635757
0.9257788497591506,1.6004278389883402,2.2115888879550787
0.9180105011698626,1.6107143666373733,2.2243118175507415
0.909989983714689,1.6210497851265475,2.237470213433741
0.9017281534269758,1.6314129894005729,2.250623116594814
0.8932257193646753,1.6417908939203485,2.2640527218728095
0.8852839477467429,1.6512302927915592,2.276406624299051
0.8767868300506031,1.6610818996779537,2.2892646634959304
0.8680311241843288,1.6709649215149247,2.3025497346307966
0.8590344089307203,1.6808544789387776,2.315812738704551
0.850531722026602,1.6899585539149518,2.3283424329902926
0.8415642867082538,1.6993250533492108,2.3411383193084023
0.8323415246166648,1.7087069595068785,2.354373608986354
0.8228769421294192,1.718084785863063,2.3675963125239434
0.8139435244918403,1.726708488878884,2.380082045385229
0.8045344564116473,1.7355698553130228,2.39283907885731
0.7948693572617219,1.7444359066662125,2.406031757916627
0.7849624356225982,1.7532873473259074,2.4192176041202886
0.7756267643304002,1.7614124642317148,2.431661958741135
0.7658002909619407,1.7697542390364775,2.4443851437725206
0.7557168740871332,1.7780889930103028,2.457546294559401
0.7453919066190893,1.7863984001287216,2.4707006123903765
0.7348292393785835,1.7946699241522885,2.484133003024575
0.7250188565008988,1.8021479604833917,2.496486887951022
0.7145763991588248,1.8099070919685096,2.509347472344121
0.7038744928476833,1.8176400645582227,2.522635349347753
0.6929356974088747,1.8253264758351055,2.5359020557310923
0.6826504503558803,1.8323542526479435,2.548434806682178
0.6718546101630963,1.8395366587684603,2.5612328565212605
0.6608063587483278,1.8466787987039626,2.5744713116682316
0.6495230099707913,1.8537642168208797,2.587696597919817
0.638922590817683,1.8602294429357527,2.600184771406301
0.6278057881364465,1.8668230444754454,2.6129456005643203
0.6164380982564699,1.8733645884762962,2.626143262403835
0.6048374952650604,1.8798388801122865,2.6393334516428233
0.5939531504208793,1.885729139304831,2.6517821592618076
0.5825423466135841,1.8917242001656862,2.664508382744589
0.5708824815169643,1.8976561694500724,2.677672059694055
0.5589926484830433,1.9035107594143084,2.6908295995059994
0.5468789002330879,1.909276303481297,2.704264591302271
0.5356722825747514,1.9144315844934887,2.716622850515199
0.5237874957666316,1.9197229031224072,2.729485266269388
0.511655212335304,1.924932125798443,2.742779164483905
0.499302018368936,1.9300443731912447,2.7560477330041673
0.48773048467985153,1.9346566861343597,2.768584042529085
0.47562696065151283,1.9393083388946522,2.781384875653338
0.4632857855775869,1.943865549954709,2.7946258965354183
0.4507275623399188,1.9483158292706966,2.807854386010257
0.43897106327468066,1.9523100048729882,2.8203460161694887
0.4266828864774891,1.956316165321962,2.8331076661057697
0.4141608859639089,1.960217097173291,2.8463083590794125
0.40142628629518934,1.9640016648050305,2.8594996849100585
0.38951816555011154,1.9673728077549593,2.8719507285389327
0.3770738326485706,1.970731027827111,2.884678693157603
0.3644000350922857,1.973973627579835,2.89784566925974
0.35151857915099377,1.9770901280568376,2.911005114782903
0.3384381701374094,1.9800707723504711,2.924442462351114
0.32637617857470724,1.9826538617329197,2.9368020823465923
0.3136226412321482,1.9852217689465577,2.9496652560593564
0.3006454870959317,1.987655617833178,2.962959611185683
0.2874739370086079,1.9899465681455748,2.97622934451684
0.27517440999537135,1.9919201603639143,2.9887678874846855
0.2623470654870486,1.993815786432381,3.0015691966458604
0.24930846693668154,1.9955671129144303,3.0148131440346235
0.23608141106816116,1.9971668235285833,3.028041767168908
0.2237363874052713,1.9984969172613758,3.0405343009846844
0.21086993688536185,1.9997228911476983,3.0532969371805123
0.1977982689512423,2.0007952065902903,3.0664972605133003
0.18454450886053034,2.0017072421688735,3.079689419315553
0.17218768069489332,2.0023959050857605,3.092141941888938
0.15930995068634915,2.002954790871694,3.104869507413278
0.14623389496644543,2.0033504337275416,3.1180379345347347
0.13298276573813034,2.0035781026640396,3.1311972078452692
0.11956710844333307,2.0036299462344282,-3.1385506187344716
0.10723209550523574,2.003516636448981,-3.126189872794861
0.09422587585710279,2.0032370196577802,-3.113326532484275
0.08103057617253576,2.002777633667029,-3.1000313077027317
0.06767671542867716,2.002136143617212,-3.08676177248516
0.05524292619803563,2.0013754557223145,-3.074223436847478
0.04231101728330861,2.000423580478402,-3.0614225885166797
0.029204694346860762,1.9992849408182702,-3.0481788592626664
0.01594749394545299,1.9979573179973116,-3.034950300699574
0.0036103277776259025,1.9965589245505821,-3.0224566095616208
-0.009213477262912792,1.9949448239574747,-3.0096943232846813
-0.022203603945684887,1.9931358119013263,-2.9964927675160187
-0.03533645958925044,1.9911310006933853,-2.9833013199649803
-0.047545498154642825,1.9891044192319656,-2.970848922960344
-0.060234179895743575,1.9868373454375814,-2.958121754016529
-0.07308104023047093,1.9843677486779046,-2.944954341349004
-0.08606193085821813,1.9816955598932324,-2.931794741301532
-0.09916494578138436,1.9788155747984528,-2.9183569546971335
-0.11117743081851067,1.9760104089791595,-2.9059966550571956
-0.12380844588334183,1.9728966831212462,-2.893132931889978
-0.13658493423682316,1.9695665327894125,-2.879839245144408
-0.14947632297716834,1.9660241681303445,-2.866569456530478
-0.16144362130152093,1.9625664426727,-2.854031225364055
-0.17385546198073135,1.9588131762034995,-2.841229644419852
-0.18639657457408004,1.9548391909124256,-2.827985526204135
-0.1990435974167569,1.9506477139176541,-2.8147568036668438
-0.21077750758687436,1.9465882340617342,-2.802263977043689
-0.22293915447174692,1.9422122458604547,-2.789501254717813
-0.2352206456576418,1.937609994455561,-2.7763020004673935
-0.2475985918532317,1.9327854539093916,-2.763110025434816
-0.25907013204678664,1.9281410966771746,-2.7506576648178576
-0.27095709775831534,1.9231570173879111,-2.737929830102171
-0.2829541103127845,1.9179407177625718,-2.7247613850253702
-0.29503785899633195,1.9124978034502809,-2.711602357941202
-0.3071956166671557,1.9068257357731302,-2.698165262656398
-0.31830546069585747,1.901464983052399,-2.6858060746664503
-0.32995160164770754,1.8956677944950688,-2.6729409489774705
-0.34169226722212614,1.8896272854375027,-2.6596487958191015
-0.3534984536014615,1.883354461336168,-2.6463779093023247
-0.36442136327442215,1.8773660346619319,-2.6338402703516297
-0.3757137569774905,1.8709924239580633,-2.621037911191219
-0.3870841849791386,1.8643755261300612,-2.6077955861149777
-0.3985105126563095,1.8575233186242148,-2.594566698641527
-0.4090746409145124,1.8509992329645981,-2.582074400495339
-0.41998676715183086,1.844072523702886,-2.5693113782067867
-0.4309663493640004,1.8368985579565598,-2.556111345902596
-0.4419914691994637,1.8294866040180031,-2.5429194227672314
-0.45217163784973846,1.8224487211961198,-2.5304687511783186
-0.46268334714128384,1.814988950206121,-2.5177394520728553
-0.4732516439977263,1.8072786878517886,-2.5045743034366756
-0.483854969726223,1.7993281366891836,-2.4914140780180922
-0.4944801282277566,1.791137449706463,-2.4779771254637004
-0.504150473922656,1.7834793315703925,-2.4656165260431355
-0.5142491723090706,1.7752781335232806,-2.452752939704467
-0.5243869582472473,1.766819129419863,-2.439459887433372
-0.5345381944002463,1.7581192846895441,-2.426190158493803
-0.5438897971465055,1.7498900026947317,-2.4136545553451128
-0.5535172953344519,1.7412042260845804,-2.4008508835668243
-0.5631681173439179,1.7322636291119629,-2.3876099311752084
-0.5728217391943243,1.7230808550718693,-2.3743799265507355
-0.5817055294276717,1.7144066884572968,-2.361887620704535
-0.5908413769891856,1.7052636938509962,-2.349124241686899
-0.5999890419959393,1.695864947463759,-2.335925116047068
-0.6091292690718176,1.686224060976559,-2.3227333314184504
-0.6175264117483772,1.6771328329428727,-2.3102828201741525
-0.6261551124229757,1.6675573057611504,-2.2975535132562532
-0.6347841788145072,1.6577247919971356,-2.2843878255987473
-0.6433949090124718,1.6476501614779178,-2.271227638576002
-0.6519746292693178,1.6373365416531769,-2.257791374251044
-0.6597390482836356,1.6277510019117127,-2.2454324594881405
-0.6678026589010846,1.6175423459798692,-2.2325679495186956
-0.6758481877627575,1.607073459752083,-2.219275797649508
-0.6838541481347773,1.596366348597447,-2.2060053666660653
-0.6911823264425601,1.5862933702597997,-2.193467710057842
-0.6986804159959703,1.5757142794178634,-2.1806651672765014
-0.7061454013741079,1.564881666197085,-2.167423690661507
-0.7135605506828028,1.5538123486272006,-2.1541949516068657
-0.7203355654571532,1.5434073308488423,-2.141704537636461
-0.7272539005638491,1.5324896854517835,-2.128941432540369
-0.7341277521861604,1.5213196821130166,-2.11574196217435
-0.7409414660786489,1.50991499670461,-2.1025499321132326
-0.7471504263819004,1.4992091115377981,-2.090098586238827
-0.7534792902490405,1.4879803197110497,-2.077370024605276
-0.7597527381979303,1.4765005294947304,-2.0642041717328747
-0.765955404207525,1.464788677415863,-2.051044918624132
-0.7720754164328945,1.45285027380854,-2.0376089388290137
-0.7775584511200392,1.4418004929058288,-2.025249764963904
-0.7831975499206705,1.430076654887494,-2.012386921066002
-0.7887622044950285,1.4181030858720165,-1.9990929636112245
-0.7942366428145176,1.4059059118990522,-1.985823937572737
-0.7991882641853573,1.3944754597411266,-1.973286219279195
-0.8041948996905413,1.382514156284676,-1.9604848103666859
-0.8091135732236912,1.3703126324857617,-1.947242770044139
-0.8139317733402537,1.3578910023326263,-1.9340141438607112
-0.8182705027366208,1.3462574942181347,-1.9215227403718302
-0.822637480353762,1.334092482336841,-1.908760343242739
-0.8269061875286567,1.3216909499917475,-1.895560971355578
-0.8310648962294962,1.3090734773950043,-1.882370140365376
-0.8347857421066376,1.2972700064819498,-1.8699191203579923
-0.8385093355734479,1.284929793997226,-1.8571921438652481
-0.842123540617566,1.2723569642314625,-1.8440248867465767
-0.8456179342061397,1.2595729642168325,-1.8308657832820554
-0.8489827689472306,1.2465860469904233,-1.8174287691957767
-0.8519207050718983,1.234605438171744,-1.8050694947249935
-0.854863682368891,1.2219332966381138,-1.7922067263792085
-0.8576793907305522,1.2090336017216818,-1.7789142805032694
-0.8603576113415179,1.1959352742714475,-1.7656456734750354
-0.8626927991809001,1.1836991585332517,-1.7531078939189877
-0.8649655945900806,1.1709331050784022,-1.7403081525604818
-0.8671006508608865,1.1579518131673006,-1.7270644903230834
-0.869089871114949,1.1447777078969594,-1.7138365796976895
-0.8707834896387553,1.1324773011010483,-1.7013444466026997
-0.8723883013764966,1.1196523546986448,-1.6885827027945308
-0.8738452248163813,1.1066179879231113,-1.6753830683692377
-0.8751473653053923,1.0933969046372056,-1.662192247801696
-0.8762001431114264,1.081065857925981,-1.649740896425541
-0.877138881799354,1.068210229437198,-1.6370142367134721
-0.8779204958184124,1.055151478094176,-1.6238472014242102
-0.8785390884876135,1.0419128633744057,-1.6106888485852904
-0.8789863091457868,1.0285045425467563,-1.5972520569185158
-0.879236184812726,1.0161716218620627,-1.5848922507428809
-0.8793400266371527,1.0031625201388044,-1.5720298586766699
-0.8792700914988232,0.9899593545256412,-1.558735578212863
-0.8790230791832944,0.9765923782763812,-1.5454673734866053
-0.8786299341630002,0.9641415804178419,-1.532929415661046
-0.8780601750690651,0.9511873383438004,-1.5201296940653972
-0.8773087450637199,0.9380531266009369,-1.5068869896889348
-0.876372553909142,0.9247625379237587,-1.4936590699301187
-0.8753384785256303,0.9123894867683008,-1.4811664424658524
-0.8741031552999236,0.8995237153079204,-1.4684051738637667
-0.8726782509936399,0.8864858643063479,-1.4552047758848698
-0.8710618057852803,0.8732995620124213,-1.442014467087471
-0.8693964347974419,0.8610359735596962,-1.4295629089759012
-0.8675048016581902,0.8482859913232441,-1.4168366463764093
-0.8654153480081725,0.8353719328775655,-1.4036697958849849
-0.863127273736115,0.822317872556282,-1.3905110661049596
-0.8606351874556957,0.8091355232880918,-1.3770739713599511
-0.8581856092263542,0.7970456852188434,-1.364714725182998
-0.8554459680539516,0.7843278025363711,-1.3518522619043045
-0.8524943356170616,0.7714585795585687,-1.3385594497779776
-0.8493340816394883,0.7584682365912351,-1.3252911188627312
-0.8462311169114716,0.7464040004593234,-1.3127530636018165
-0.8428456658751271,0.7338872252156727,-1.2999524300583765
-0.8392436924149207,0.721234358740184,-1.286709123832517
-0.8354273512786023,0.7084691989249862,-1.2734811349024304
-0.8317159404381977,0.6966204687305863,-1.2609890515107358
-0.8277007641898724,0.6843348157409721,-1.2482275940584426
-0.8234628308203586,0.6719227794967021,-1.235028632638433
-0.8190055119857614,0.6594077548824445,-1.2218377424434497
-0.814701844729364,0.647804117127712,-1.2093863764523587
-0.8100710002141944,0.6357751318413841,-1.196659086564607
-0.8052113709787251,0.6236293385848376,-1.1834923640649682
-0.8001277124661086,0.6113902632039919,-1.170333661669721
-0.794817040447703,0.5990704677580652,-1.1568972358182092
-0.7897864630175316,0.5878072946960485,-1.1445379627727736
-0.784335415401366,0.5759951134385516,-1.1316741531706103
-0.7786440229859815,0.5640811847416176,-1.1183816793846957
-0.7727225349376982,0.5520947117344213,-1.1051124627381614
-0.767059583470371,0.5409996916219209,-1.0925757406812315
-0.7610223021581282,0.5295240506775932,-1.079774357176489
-0.7547439845422678,0.5179632457243841,-1.0665333487235857
-0.748232090225517,0.5063396641662189,-1.0533043594954878
-0.7420226729390802,0.4955876186672886,-1.0408120595429096
-0.73542115245701,0.4844757654427665,-1.0280496158695938
-0.7285744997278625,0.4732891343243916,-1.0148496454437204
-0.7214912783742453,0.4620499353580301,-1.0016592885341915
-0.7147572369403415,0.45166630118895623,-0.9892095875153157
-0.7076112702886518,0.4409390630583321,-0.9764815824017256
-0.7002165154931745,0.43014758361029043,-0.9633174680790383
-0.692582481547242,0.4193140636960004,-0.9501572315745276
-0.6847092094964772,0.4084516344382003,-0.9367202259476773
-0.6773399856775606,0.39855945651171887,-0.9243602008916771
-0.6694405082150646,0.3882228626783686,-0.911497068045426
-0.6612846690227407,0.37783969041423804,-0.8982047832455786
-0.6528885041091173,0.3674357166620013,-0.8849364613638682
-0.6449391233130359,0.3578450720507289,-0.8724003295842225
-0.6365413583885602,0.3479651693567584,-0.8595983251422462
-0.6278894917782639,0.338054735613096,-0.8463571172441982
-0.6189959602635794,0.32813427888573754,-0.8331277717768806
-0.6105879965834929,0.3189980814282182,-0.8206369368537014
-0.6017191068465148,0.30959607740699674,-0.8078733259728025
-0.5925948063746591,0.30017468204720726,-0.7946755928271667
-0.583228151632849,0.29075353215300365,-0.7814842943511385
-0.574388844782566,0.28209146936392787,-0.7690336898536354
-0.5650721913209695,0.27318375488088564,-0.7563060513503366
-0.5554987288340063,0.2642681539152531,-0.7431402622747877
-0.5456829186468287,0.25536359602463915,-0.729981238256195
-0.535627504047625,0.24648285118440022,-0.7165455087166618
-0.5262758382758606,0.2384384054529327,-0.7041873351266861
-0.5163100452976355,0.23007663280516005,-0.691322562708213
-0.5060833643336041,0.22172522282973076,-0.6780314371552087
-0.4956173372662063,0.21340648754225355,-0.6647617698926602
-0.4857650098136796,0.2057840880694829,-0.6522250676994121
-0.4754119204300422,0.19797682958511115,-0.6394242326517455
-0.4648045724638783,0.1901951236101192,-0.6261831831423745
-0.45395935710943114,0.18245597549931003,-0.6129548360952509
-0.4437593159590003,0.17537625993362363,-0.6004643983972153
-0.433051166685626,0.1681381786250359,-0.5877007877120766
-0.4220893260543592,0.1609371197450616,-0.574502364325449
-0.4108909419532188,0.1537895110877159,-0.5613113815997957
-0.40037307636608865,0.14726725386799985,-0.5488611031608152
-0.389335978531295,0.1406092705466364,-0.5361343672083736
-0.37804669115812534,0.1339993406262441,-0.5229694309487214
-0.36652325830140914,0.1274532728818699,-0.509810298489719
-0.3547710045671341,0.12098295647569911,-0.49637368789799097
-0.34388806665385646,0.11517533474886943,-0.4840145834704061
-0.3323363095693562,0.10919198914176678,-0.4711514477600848
-0.320532546848597,0.1032759889455189,-0.4578594617797661
-0.3085023855786085,0.0974436929185234,-0.44459131929720525
-0.2972232521086799,0.09215670454557799,-0.4320554715624935
-0.2854150862707473,0.08679871578881583,-0.41925475738165563
-0.2733643618960653,0.08152133680141081,-0.40601309171540795
-0.2610906637395902,0.07633783068263497,-0.392784248027762
-0.24959047434957776,0.07165702211973018,-0.3802924085562871
-0.23756007456071457,0.06693261014078668,-0.3675307445410931
-0.22529014620765012,0.062299255396336316,-0.3543323441625997
-0.21280113511584453,0.057769473529264204,-0.34114236169929063
-0.20111262979764105,0.05370131153083058,-0.32869260780254206
-0.1888879333178462,0.049614323039815195,-0.315966353611936
-0.17642752431845815,0.0456296765619393,-0.3027999998321865
-0.16375249611811496,0.04175854815165947,-0.2896412510359885
-0.1508707329431803,0.03801136141109272,-0.2762042835171566
-0.1389822383847924,0.034720821527007374,-0.2638456810818528
-0.12640270992326888,0.03140473251466883,-0.25098302666668154
-0.11359185940768085,0.028208883470208907,-0.23769139795528935
-0.10057846711577914,0.025144393558123014,-0.2244235152353384
-0.08841673230298493,0.022448355255955788,-0.21188678016334633
-0.07572332559372427,0.01979869858096248,-0.19908754670086
-0.06281083699140226,0.01728074531468946,-0.18584490813393362
-0.04970130137912577,0.014902846839182938,-0.17261722031871382
-0.037456415412232304,0.012846350466412613,-0.16012584382036185
-0.024684777929579904,0.010863192538950581,-0.14736410246492093
-0.011699159228177467,0.0090213865794046,-0.13416464910925058
0.001477655227018862,0.00732870630801474,-0.12097472131488313
0.0137721518233781,0.0059117068544050026,-0.10852391398068653
0.02659442144491837,0.004593208249699995,-0.09579857931930195
0.03962427936980414,0.003425831896082796,-0.0826327966695239
0.0528388306175498,0.0024159188407443188,-0.06947492658422616
0.0662280780255162,0.0015721336057904077,-0.056038390101983186
0.07854826881682249,0.0009573365181556405,-0.04367912192673331
0.09154862019558382,0.00046873677032914474,-0.030817247584085904
0.10474811493119324,0.00014834935366324456,-0.017523829104044618
0.11811661799068633,3.713353471128461e-08,-0.004256558960482967
0.1305734869824429,2.487603800880707e-05,0.008280336617609196
0.14353894903505895,0.0002110525928064453,0.02107905834945899
0.1566895831467997,0.0005734242143535242,0.03432139164965463
0.170001969994025,0.001115804475739643,0.04754871153518516
0.1824004582011151,0.0017832019714879054,0.060041208844488984
0.19529701300962468,0.0026374460662176072,0.07280171899072234
0.2083713929451632,0.003676251800408552,0.08600151501400516
0.22159993490400717,0.004902028874196696,0.09919089265549784
0.23390740484634076,0.00620405214426994,0.11164155720098075
0.24670812391369937,0.007717398348697471,0.12436718342221317
0.25967832474882513,0.009423688210259568,0.13753357199907418
0.2727942399881375,0.011324305127958933,0.15069189284509787
0.2860443768415487,0.01342522727911608,0.1641289423697258
0.29820145319220986,0.015515878235612129,0.17648798098488433
0.31099453712024444,0.01787812147664554,0.1893495729408116
0.3239455260891536,0.020447696048698526,0.20264185531518572
0.3370238104793692,0.023222332005280576,0.21590925567025715
0.34917466058899976,0.025967040147418536,0.22844595286777986
0.36178629142208246,0.028980459672380096,0.24124584438128124
0.3745403876098728,0.03220649715919438,0.2544883307035539
0.387412956944941,0.03564317468912041,0.2677159206807029
0.3993660783355113,0.03900214426814528,0.2802077717088462
0.4117650781792097,0.04265194489207453,0.2929690837042395
0.42429702519231416,0.04652073605206558,0.3061679379575078
0.4369384506886986,0.05060578030945089,0.31935799065398585
0.4486643288848512,0.05456432344194346,0.33180885125387
0.46082541503260716,0.058836961069984,0.3445348224781736
0.4731098651416377,0.06333481425334223,0.35770044345837915
0.4854942167165781,0.0680538173051255,0.37085840963353833
0.4979658060274149,0.07299748453631437,0.3842944194989892
0.5093728476396848,0.07769251749027913,0.3966537207095863
0.5213411433848335,0.08279159558958167,0.4095163142256572
0.533418221899723,0.08812774480521433,0.42280908463406847
0.5455747853386284,0.09369188130569903,0.43607753174472025
0.5568327905420503,0.09902413678019242,0.4486139334193017
0.5684822154511009,0.10471903495774292,0.4614140497350621
0.5802238847748852,0.11065219260397552,0.47465442078428555
0.5920351457267414,0.1168170066356306,0.4878821418711424
0.6029663948583391,0.12270537072703434,0.5003737409050155
0.6142687010088406,0.1289750255334754,0.5131364059523
0.6256530299482387,0.13548759605994873,0.5263359829215468
0.637097037905324,0.14223496643539785,0.5395263634723607
0.6476752683475908,0.148658600692904,0.5519762306371954
0.6586097874702019,0.15548386746063547,0.5647028132383801
0.6696155106254287,0.1625558202672454,0.5778670434196905
0.6806703155709383,0.16986552427260518,0.5910256446399869
0.6917612325260545,0.17741364163520904,0.6044616515901441
0.7018674141917808,0.1844867913168227,0.6168206774916402
0.7124333765820118,0.19207663957017532,0.6296845402938431
0.723053414561584,0.19992148692195272,0.642975671566083
0.7337013275133144,0.2080059686658628,0.6562440471121467
0.7435230284305085,0.21566797295570322,0.6687799794959443
0.753647305700053,0.22376955082939237,0.6815804341099826
0.7638097696725806,0.2321239815462325,0.6948216959027064
0.7739894730979157,0.24071974019973064,0.7080499598318554
0.7833708482211743,0.2488533505909658,0.7205404491231397
0.7930311226766326,0.2574397770223152,0.7333036845874914
0.8027187029083477,0.26628098899616753,0.7465001727978244
0.8124130594991256,0.27536455927299225,0.7596913056805996
0.8213332136263555,0.2839435931870865,0.7721410201419291
0.8305128950005708,0.29299238695876206,0.7848678938610095
0.8397080957596591,0.3022976611452599,0.7980339950674512
0.8488994831044986,0.31184548963251174,0.8111922856177762
0.8580742242391572,0.3216334553380911,0.8246278728622882
0.866392058098678,0.3307425320254905,0.8369858437801125
0.8750455736926092,0.34045630051757414,0.849850306886169
0.8836961385569111,0.35043106817502945,0.8631403483261709
0.8923212208865066,0.3606460394904812,0.8764095169661753
0.900232367600936,0.3702683995300214,0.8889450627362822
0.9083427428058696,0.38038565200902325,0.9017452782451428
0.9164354546588938,0.3907577695083635,0.9149859835096719
0.9244924245531164,0.4013690105877799,0.9282137822734713
0.9318712436586368,0.41135494667781475,0.9407042347497142
0.9394231125705729,0.42184376959476366,0.9534672108338492
0.9469456904385413,0.4325874272080576,0.9666651300351528
0.9544218774881459,0.44356914581107476,0.9798557515330388
0.9612531485999705,0.4538891315830626,0.9923042157579769
0.9682352378643139,0.4647239506239499,1.0050312441290747
0.9751769419160187,0.47581244290858793,1.018195048298233
0.9820615261179058,0.4871370231638982,1.0313532069910523
0.9888770692221898,0.49869253243175526,1.044789260105612
0.9950044634562334,0.5093986577274588,1.0571483186542125
1.001327132881516,0.5207679072367449,1.0700110051629472
1.0075906615627515,0.5323910720379662,1.0833027230718246
1.0137771404066975,0.5442429679468532,1.096570633630189
1.0193962426716634,0.5553605686421275,1.1091051718670044
1.0251016793504233,0.5670048214998143,1.1219049696324208
1.0307336869968529,0.5788940302765659,1.1351455864194004
1.0362784540835257,0.5910089753363158,1.148373145691202
1.0412979817980352,0.6023653165829984,1.160864542365844
1.046377074373042,0.6142506098297751,1.1736267073066846
1.0513719948019926,0.6263777341926633,1.186825301034553
1.056269923087413,0.6387268756249844,1.2000153896203356
1.0606827700454862,0.6502895500985039,1.2124643102286696
1.0651300419731373,0.6623875970442429,1.225190120489043
1.0694822012364906,0.6747245381335358,1.2383550862608783
1.0737272282444144,0.6872793790933324,1.2515125524511173
1.0778547126951499,0.7000446069951612,1.264948116176899
1.0814962770567802,0.7118301919446215,1.2773065177155067
1.085183894499897,0.724306084222111,1.2901689405910906
1.0887577921491063,0.7370165653389184,1.3034613537610151
1.0922065135742924,0.7499333570582282,1.3167291573494568
1.095261913822511,0.7620096637124747,1.3292654681974927
1.0982866831007783,0.7746189236924585,1.3420642424061047
1.1011864898889452,0.7874511518932891,1.3553053480240707
1.1039520026232477,0.8004845241705365,1.3685316458451244
1.1063706228646748,0.8126631192272431,1.3810224133497175
1.1087314493527307,0.8253704812002491,1.3937831280084487
1.1109573564790305,0.8382957357326107,1.4069822880033667
1.1130398642685455,0.8514165639343426,1.420172393550022
1.11482080581263,0.8636638274432636,1.4326226565245388
1.116518834530585,0.8764413866882317,1.4453480927428615
1.118072001681752,0.8894309684035242,1.4585130262187938
1.119473176673551,0.9026097835430726,1.471669779370404
1.1207135138934905,0.9159680962349973,1.4851050709160463
1.1216932898249887,0.9282647221015801,1.497463945757601
1.1225670354884323,0.9412446265409652,1.5103251722733293
1.1232788847258535,0.9544288112247294,1.5236182485184855
1.123823515079118,0.9677870237006914,1.536885405647697
1.124168120991664,0.9802392736154798,1.5494216398888243
1.1243663263926469,0.9932044590452018,1.562220522223388
1.1243939441813682,1.0063601216518248,1.5754616450323335
1.1242463211413067,1.0196827743180688,1.5886883030147518
1.1239467821353017,1.032095501084761,1.6011799246004832
1.1234753855634458,1.0450118547390683,1.6139401423192101
1.1228249115396076,1.0581113184066064,1.6271395489395135
1.1219921421801013,1.0713703272542265,1.6403284788537629
1.1210558699766713,1.0837108622850569,1.6527788465307203
1.1199226341610184,1.0965507142531918,1.6655038300321712
1.1186016088281003,1.1095658698934958,1.6786691311100645
1.117090530951241,1.122732410872752,1.6918265397296244
1.1153834481137788,1.136038992808126,1.7052624626112662
1.1136543385392907,1.1482528357739725,1.7176204941531938
1.1116726762816251,1.161110177578777,1.7304823052434177
1.1094884949769486,1.1741316904037111,1.743774301814783
1.1071029285672458,1.1872865818567833,1.7570419300060027
1.1047197174403751,1.1995134423956457,1.7695786058275988
1.1020813898964008,1.2122090828305419,1.7823770279874271
1.0992351008920762,1.2250532028052785,1.795618769847002
1.0961817784276835,1.2380220586411195,1.8088447994851364
1.0931790838901247,1.2500696668066211,1.82133603293838
1.089898739142737,1.2625713758682526,1.8340971343368702
1.0864034589950466,1.2752124955818465,1.8472961117006232
1.0826951415054378,1.2879694301636133,1.8604864037151256
1.0790862582801997,1.2998076597816925,1.8729367496695664
1.0751760115096944,1.31208985858549,1.8856618592826448
1.0710443905218912,1.3245023868506398,1.898826351123584
1.0666945627753068,1.3370214881840008,1.9119827711634292
1.062123138038168,1.349634404947205,1.9254177014936364
1.05776882436878,1.361175729207217,1.9377765728954954
1.0530273152387601,1.373290115835532,1.950639572649276
1.0480518270673291,1.385520010873336,1.9639319625037466
1.042850637966201,1.3978359921320884,1.9772000524200217
1.0378546463978509,1.4092469951211908,1.9897356351487234
1.0325077919225947,1.4210602615340877,2.002534625221268
1.0269256918635965,1.4329730653534138,2.015774391954375
1.0211141424417325,1.4449623185685663,2.029001018738289
1.015552699859374,1.4560634932597885,2.0414921390501726
1.0096209459858794,1.4675467546456058,2.0542533391922833
1.0034491262959147,1.479119218310456,2.0674521781890562
0.9970444774225464,1.4907583466194299,2.0806417546264693
0.9909377568692885,1.5015227999348923,2.0930906563218477
0.984440131573298,1.512654876756772,2.1058181564801286
0.977697870425084,1.5238656819339087,2.118982050686489
0.9707191002248369,1.535132448653455,2.1321401937699767
0.963503093998627,1.5464423450887455,2.1455751256404105
0.956732982496199,1.5567538994734038,2.1579328061919036
0.9494601297769519,1.5675405837839411,2.1707961352651326
0.9419342310669222,1.5783889307251682,2.184085800685556
0.9341695743549482,1.5892721990414895,2.197354554726115
0.9268025397451247,1.599316990938929,2.2098905478329947
0.9190048587262243,1.609677246319622,2.222690555532042
0.9109556150398643,1.620083032612386,2.2359319165286236
0.9026656557369488,1.6305133261741418,2.2491584899781807
0.8948139826708801,1.6401318788862587,2.26164799354636
0.8865179609102651,1.650043128070368,2.274410509800514
0.8779682613504622,1.6599888454906957,2.2876065272801323
0.8691766357580811,1.6699486129109227,2.3007975856233256
0.8608663568237768,1.6791194667281992,2.3132473507414426
0.8520941218345708,1.6885635218037154,2.3259733580026323
0.8430660493244965,1.6980308810609201,2.3391384934347648
0.8337952691579139,1.7075016160959795,2.352295394770271
0.8242839514735569,1.7169629554219725,2.3657299752453573
0.8154255756977055,1.7255475751180798,2.3780876876713775
0.8059728072379899,1.7344858132667047,2.39095130742741
0.7962592668666373,1.7434286408725792,2.40424173198381
0.786305084718384,1.7523532241796882,2.417510313712097
0.7769220067521513,1.760546391756985,2.430045084804684
0.767050021254758,1.7689537488671645,2.442845439954673
0.7569226896575448,1.7773506847474851,2.4560845856746405
0.7465552720333894,1.78571927425627,2.4693118826878804
0.7367928381640685,1.7933913395694439,2.481802359099074
0.7265326485343271,1.8012514465886302,2.49456389857601
0.7160170885278122,1.8090897170014095,2.507762230063049
0.7052623638279341,1.8168887642995717,2.5209518891672773
0.6951498629499882,1.8240234176749306,2.533399904671998
0.6845272113813781,1.8313240461415978,2.5461268277796476
0.6736497679265623,1.8385918823561054,2.5592896868183637
0.6625346682010014,1.845809783145355,2.572447720001329
0.6511866399930043,1.8529655544137937,2.5858825997171517
0.640667061600068,1.859408155786439,2.5982409539578915
0.6294904553694799,1.8660659199925358,2.6111025225910014
0.6180583895019545,1.8726716491758455,2.624394225100307
0.6063955532368054,1.8792073021981293,2.6376615538905
0.5954499480464759,1.885153968375166,2.650196326889248
0.583980326473839,1.891202667446816,2.6629961030715736
0.5722636586148429,1.8971853433463788,2.6762360831514047
0.5603188961250141,1.9030876439033833,2.6894626660342866
0.549116519870392,1.9084424739666959,2.7019524417692034
0.5373875664911838,1.913872160352509,2.714713126541605
0.5254141078792083,1.9192251199999206,2.7279106990846986
0.5132158102109473,1.924487612888489,2.741100608402091
0.5017893209836959,1.9292417189738857,2.7535499469972264
0.4898284964033507,1.9340466028488774,2.7662758878909153
0.47762637834993293,1.9387633770173796,2.779440593931235
0.4652033208587228,1.9433796932803906,2.792597326215877
0.45256657681319346,1.9478846769294846,2.8060314008921945
0.44089400798594913,1.9518748587114352,2.8183889338917747
0.42853345568708245,1.9559312807693663,2.831250014676635
0.41593476618980196,1.9598812631596005,2.8445419803710505
0.40312604745673447,1.9637121096147039,2.857809729077483
0.39114586794888545,1.9671248324159343,2.8703459659383164
0.37863207373972557,1.970522887775395,2.8831447513582606
0.36589172447390794,1.9738025955825553,2.8963851633451516
0.3529462915811444,1.9769541048755095,2.909610769965472
0.34084498540266134,1.9797333424000227,2.9221006851693736
0.3282131795284564,1.9824709258655178,2.9348607629218995
0.3153597774259808,1.9850799910936996,2.9480592169823896
0.30230670912710234,1.9875516678007814,2.9612486739150574
0.29011778030145163,1.989695782078885,2.9736987146232736
0.27739653271841713,1.9917725419237207,2.986423325763371
0.2644588550792509,1.9937109595545233,2.9995879273982156
0.2513275035260788,1.9955030084436831,3.012744439178511
0.23801192829031556,1.9971398029779721,3.026179086671059
0.2257497755137214,1.9984847371130887,3.0385371572471267
0.21280172735285088,1.9997439922303226,3.051397529695465
0.19964446478342227,2.0008474027354355,3.0646895516349466
0.1863081167691206,2.0017888055332573,3.0779562279186004
0.1738717590092904,2.002503175725813,3.09049213267054
0.16091799155087982,2.003086655917533,3.103290309268049
0.1477689886822444,2.003505033243883,3.1165314231477974
0.13444785547832477,2.0037534403960158,3.1297573203906777
0.12203179527662393,2.003822884282718,-3.1409370599652084
0.10910708594518201,2.003735924909651,-3.1281778294278237
0.09599411786339654,2.0034753131216547,-3.114979606701122
0.08271624944263055,2.0030371641369014,-3.101791034939874
0.07035316466239441,2.0024681208246697,-3.0893413384442914
0.05748535687295259,2.001716870169598,-3.07661675872352
0.04443665843182612,2.0007831289644593,-3.063451132847368
0.03123094411815256,1.999664192334994,-3.050294482908772
0.017879342119480255,1.9983535733091937,-3.0368596553497698
0.005619550243631259,1.996988271387244,-3.024501680174218
-0.007291380556511418,1.9953899446556642,-3.011640992219798
-0.02037196009210814,1.9935936966111365,-2.998349466256427
-0.03359181623469025,1.9916003153209136,-2.9850825539208046
-0.045884035081591557,1.989581614808626,-2.972545996975892
-0.05865248522571737,1.9873219930812678,-2.95974813312645
-0.07157550726628732,1.9848587326183733,-2.946506810175402
-0.08462946917741175,1.9821922203875229,-2.9332814097347373
-0.09676118500942353,1.9795490196398646,-2.9207912733972665
-0.1093549039946292,1.9766418953826546,-2.908031293150056
-0.12209443553450476,1.9735240730356172,-2.8948332747604058
-0.13495601473086385,1.9701969038202578,-2.881643938458205
-0.14689632012050516,1.9669415956875933,-2.8691938920528814
-0.15928969429218492,1.9633985155574905,-2.856468890594534
-0.17181955438755755,1.959637958140918,-2.8433038790457985
-0.18446229028353175,1.9556625458067007,-2.8301476137084594
-0.1972054161958253,1.951467999002254,-2.816713204664634
-0.208870987820805,1.9474584749116726,-2.8043554709464207
-0.22112121077945315,1.9430791580754414,-2.791493715367901
-0.23349377850935482,1.9384696738767166,-2.7782023241453517
-0.24595923700088096,1.93363759733242,-2.764934891460511
-0.25751405036292996,1.928983582016054,-2.752399284948495
-0.2694809043475577,1.9239904909023078,-2.739600317157966
-0.2815541913718058,1.9187648420522077,-2.7263599876062945
-0.29371071629207546,1.9133120251745814,-2.713133695411457
-0.3049723575081232,1.9080830674221718,-2.700643521600506
-0.31662715036789385,1.9024957741693564,-2.687882597855075
-0.3283783426635028,1.896671262209716,-2.674685477941014
-0.34020305311566557,1.8906157285297478,-2.661496023909706
-0.3511441810335927,1.8848318814788831,-2.64904728415652
-0.36246467691441087,1.878668052946753,-2.6363209142379485
-0.3738708385757482,1.87226192165234,-2.623156900676691
-0.3853402394517484,1.8656214369465307,-2.6099992862345736
-0.39685985805387003,1.8587453353376115,-2.596564408806023
-0.4073685335391242,1.852285115839904,-2.5842073136244266
-0.4183665287532123,1.845336549597325,-2.5713448423671874
-0.42943401948700793,1.838136655457552,-2.5580559765512323
-0.4405433514496316,1.8306990507545384,-2.5447880643932037
-0.45080276829377125,1.8236339745650567,-2.5322533867050816
-0.4613903878168139,1.816147994612279,-2.519452881779288
-0.47203112576491174,1.8084119333878261,-2.506212634228561
-0.48270361982347043,1.8004361287305262,-2.4929858036544865
-0.49255154579980287,1.7928744121843212,-2.480496355567716
-0.5027052346715983,1.7848769591996012,-2.467735070578823
-0.512900804928522,1.776626752929518,-2.454538951872458
-0.5231175996392993,1.7681350653276169,-2.4413491553770803
-0.532531478744565,1.760101179999132,-2.428900280284829
-0.542232714019853,1.751613907300655,-2.4161737113239186
-0.5519648458541259,1.742871721595105,-2.4030102386708556
-0.5617075185630085,1.7338871409374348,-2.3898530329970047
-0.5714477063730772,1.7246616494071905,-2.376419037494058
-0.5802920290554744,1.7160625299913326,-2.3640614398331192
-0.589506977048828,1.706879727573423,-2.351200348046097
-0.5987347767168484,1.697436483861661,-2.337908438041398
-0.6079517347268082,1.6877522541605028,-2.3246411209507225
-0.6164210053037813,1.6786173430517124,-2.3121063597840767
-0.6251184968029824,1.6690002665290413,-2.299305892050404
-0.633813293738676,1.6591274450694125,-2.2860681607830546
-0.6424865519190431,1.6490136321794915,-2.2728413666187373
-0.6504455626939429,1.6394835841981328,-2.26035216740749
-0.6586075308709854,1.6294616465149205,-2.2475914361770997
-0.6667552065915506,1.61918386304837,-2.2343930355507924
-0.6748710390885557,1.6086660117595417,-2.2212037861839455
-0.6823035763247793,1.5987705478896175,-2.2087552392774015
-0.6899174083719626,1.5883699637760114,-2.1960284584699012
-0.6975056564889656,1.5777137181480674,-2.18286652339959
-0.7050510374072881,1.566818363461567,-2.169708885997793
-0.712541313636048,1.5556882748383163,-2.1562748632316246
-0.7192942627474661,1.545365255735656,-2.143917791865901
-0.7262818897920198,1.5343917227747224,-2.131056494097281
-0.733225228913884,1.5231613882247694,-2.1177659915276448
-0.7401051348877284,1.5116981604001456,-2.104498848002005
-0.7463750379282241,1.500934175335427,-2.0919640680182137
-0.752762253612887,1.489649924995779,-2.079164301038332
-0.7590910232272916,1.4781165386181625,-2.06592459242146
-0.76534625117863,1.4663527572672854,-2.052697883767906
-0.7710321188358513,1.4553149269866859,-2.040209171157788
-0.776808950023505,1.4437526035409187,-2.0274483757053905
-0.7825160726403272,1.4319438109180291,-2.014252195593421
-0.7881393983821351,1.4199075292909211,-2.0010631780677923
-0.7932316423514705,1.4086276339676236,-1.9886139429990903
-0.7983900939841928,1.396815344036741,-1.9758887127727494
-0.8034680916006456,1.3847590807099028,-1.962723944075183
-0.8084521496924821,1.372478980613441,-1.9495670177753988
-0.8133314001031064,1.3599818805800348,-1.9361327487087465
-0.8176672756551391,1.3484334945426362,-1.9237764200846499
-0.8220901437851619,1.3361988286292963,-1.9109157265022008
-0.8264133273639955,1.3237232185544778,-1.8976254433899635
-0.8306238291715194,1.3110341797855827,-1.8843587077770858
-0.8343918107207915,1.2991608659044336,-1.8718231119337252
-0.83816099070249,1.286753857808567,-1.8590243370285149
-0.8418187437135101,1.2741168934031721,-1.8457840023267633
-0.8453544713446264,1.2612711866984025,-1.832557966371516
-0.8484929290037738,1.2492581160254572,-1.820068477095498
-0.8516051777176163,1.2367133802580559,-1.8073093703432428
-0.8545955376042068,1.2239432599304445,-1.7941115208046907
-0.8574546768858555,1.210969428236379,-1.780923766322237
-0.8599609078052534,1.1988497699262153,-1.7684747976671884
-0.862415947131916,1.1861958425597987,-1.755750150716737
-0.8647389585933378,1.1733216740386134,-1.7425859538238029
-0.8669213619005861,1.16024959645969,-1.72942935551023
-0.8689537816298933,1.1469887186247119,-1.71599462630329
-0.8706628204805616,1.134772214233386,-1.7036370615220098
-0.8723069791779082,1.1218670479194137,-1.690777748802015
-0.8738018210367371,1.1087485240863766,-1.6774865119568394
-0.8751403858875101,1.0954463515417954,-1.6642210017398034
-0.876225280905827,1.0830366296496325,-1.6516858427738295
-0.8771942354167123,1.0701062160803643,-1.6388881740282752
-0.8780040511360275,1.05697546286289,-1.6256471132085075
-0.8786488488299009,1.0436675096820978,-1.6124211822086767
-0.8790880159313162,1.0312591137409424,-1.5999311077210976
-0.8793860383705243,1.0183374713396134,-1.5871716469772
-0.8795161846863007,1.0052225831604307,-1.5739744718234956
-0.8794737578741278,0.9919375566782419,-1.5607865830381062
-0.8792731808473502,0.9795631827069294,-1.5483370363383755
-0.8789055492708416,0.9666785729933869,-1.5356132995071208
-0.878360802246722,0.9536078601926838,-1.522447814998138
-0.8776357209966581,0.9403747037502833,-1.509291780433909
-0.8767234271125696,0.9269899624663988,-1.4958574162471605
-0.87572411277681,0.9146948332157268,-1.4835005494574334
-0.874511016663031,0.901742331020293,-1.4706401581546678
-0.8731054173157021,0.8886139961049223,-1.4573497785611709
-0.8715066671033541,0.8753406758490778,-1.4440831730051469
-0.8698551591422914,0.8629937600356236,-1.431547293475537
-0.8679769649440653,0.8501638605480584,-1.4187496800022745
-0.865900091860096,0.837173098640473,-1.4055089212055991
-0.863623742254994,0.824045452216175,-1.3922836340168148
-0.8613431646839904,0.8118402679158966,-1.3797939632269869
-0.8588123523198845,0.7991656371411496,-1.367034389467374
-0.8560753784205284,0.7863387939466823,-1.3538373022025096
-0.8531325755423548,0.7733837592729995,-1.3406487547947985
-0.8502345374066242,0.7613518281936172,-1.3281994731552136
-0.847062312242597,0.748858750115758,-1.3154749912945776
-0.8436770409853961,0.736222358581673,-1.3023107003569407
-0.8400801405198892,0.7234667521911187,-1.2891542387594048
-0.8362672274964909,0.7106041428595237,-1.275719966072072
-0.8326070154069053,0.6988240419760067,-1.263362229852356
-0.8285943964999657,0.6864489499563777,-1.250502124533735
-0.8243554702156833,0.6739443632015065,-1.2372117400756697
-0.8198969586708695,0.6613404222279099,-1.223945926762236
-0.8155894336474172,0.6496521298425761,-1.2114113176520052
-0.8109553664091562,0.6375416624706278,-1.1986120675767913
-0.8060920687792219,0.6253179763612065,-1.1853720460303547
-0.8010039966520822,0.613004371713039,-1.172145372678073
-0.7961130215845043,0.6015919539507181,-1.1596549134085752
-0.7908754219918855,0.589775961042706,-1.1468954992061926
-0.7854036292052894,0.5778563557449952,-1.1336993061854783
-0.7797031684383694,0.5658563566580679,-1.1205114777089742
-0.77424795030912,0.5547475183456392,-1.1080636359414828
-0.7684243371819599,0.5432482481376809,-1.0953375072946898
-0.7623611167816892,0.5316562923812885,-1.0821736608187589
-0.7560654186153719,0.5199941777541539,-1.0690159005753233
-0.749535664005594,0.508274821598585,-1.0555814001631372
-0.7433915955709977,0.4975784008724774,-1.043224289823922
-0.7367738702577074,0.4863778018065021,-1.03036335261543
-0.729907031020503,0.4751005954267863,-1.0170745903093077
-0.7228038800851455,0.4637743191097744,-1.0038077182261558
-0.7160478004180032,0.45330864649519326,-0.9912733557526393
-0.7088807910625635,0.44250270835586764,-0.9784741604590647
-0.701465421693373,0.4316361266590928,-0.9652346392346008
-0.6938113630392488,0.42073080685851655,-0.9520083076900349
-0.6865465837705984,0.4106617521941668,-0.9395196278117104
-0.6788554656668607,0.40027436807349864,-0.9267581779956766
-0.670912861117504,0.3898371875246205,-0.9135620681139178
-0.6627295756539766,0.37937170129479675,-0.9003729024722229
-0.6549800055357614,0.36972247447514045,-0.8879244368355301
-0.6467857029377584,0.35977258934643,-0.8751992419426765
-0.6383375091040544,0.34978430587131265,-0.8620367133387665
-0.6296473934519285,0.3397781351152394,-0.8488800162137726
-0.6207164860406746,0.3297671864701982,-0.8354465062348396
-0.6123850608603841,0.32067032715703037,-0.8230888809943842
-0.6034812024441648,0.311185543158377,-0.8102277198941418
-0.5943172891078298,0.3016802241527181,-0.7969368545745265
-0.5849121058398817,0.2921786779118411,-0.7836706593137414
-0.576033695078278,0.2834409023684032,-0.7711371577203697
-0.5666803082121973,0.2744605770796337,-0.7583373754152223
-0.5570712966122239,0.26547508181519613,-0.7450996586116241
-0.547220638665996,0.2565039688569849,-0.7318726671539083
-0.5379323483636033,0.24826448694259523,-0.7193833450065749
-0.5281582345196429,0.2398073579290013,-0.7066226216498617
-0.5181279741786033,0.23135686169390082,-0.6934260732424872
-0.5078568100389582,0.2229309982076812,-0.6802378653006274
-0.4981873397375336,0.2152065808481485,-0.6677904055218973
-0.4880184787144166,0.20728583779123927,-0.6550642905762349
-0.4775934082846193,0.19938296465033745,-0.6419018727580096
-0.4669280133399767,0.19151586817394892,-0.6287442878737647
-0.456026306034174,0.18369703774561463,-0.6153102719377541
-0.445909282821952,0.17663948981478877,-0.6029538405645156
-0.4351489849827186,0.16932765918741707,-0.5900925766211317
-0.42413065232119995,0.16205259688820822,-0.5768040753008561
-0.4128778018953457,0.15483371629479398,-0.5635374933629448
-0.402305751957809,0.14824549285326138,-0.55100318579921
-0.39121682217734566,0.14152421591295555,-0.5382042374191526
-0.379877346894078,0.13485429536291818,-0.5249639319474015
-0.36830544716507807,0.12825095053848454,-0.5117379986704165
-0.35744215226557907,0.12223831102720802,-0.49924942987440146
-0.34605749047222273,0.11611919905118817,-0.48648880622028967
-0.33442424639754714,0.11006238911072486,-0.4732939134524566
-0.3225610958016904,0.10408247139447085,-0.46010532598721615
-0.31143809874880607,0.09865619237924146,-0.4476572028819826
-0.2997847036662677,0.09314741805237386,-0.4349332027947932
-0.28788521198205896,0.08771210840551877,-0.42176854970956257
-0.2757592786995043,0.08236381544941536,-0.4086124623250941
-0.26341345223186974,0.07711383281062498,-0.39517832508504325
-0.2519996885744178,0.07243524711730348,-0.38282160234928986
-0.23990250689998813,0.06764930546637615,-0.36996085772420045
-0.2275614528967982,0.06295585282572635,-0.35667105229708
-0.21500373253349228,0.05836861962583756,-0.34340519011604287
-0.2032480426692771,0.05424796535627261,-0.33087130888228566
-0.19095917728111012,0.050110280974070213,-0.3180735250188389
-0.17843698281364698,0.04607705413608991,-0.304833870002676
-0.16570245874307232,0.04215966269559578,-0.2916083314287283
-0.15378825947074373,0.03866415737949792,-0.27911839442437697
-0.1413422290617773,0.03517898542809079,-0.266359203566454
-0.12866707960768692,0.03180869476320223,-0.253161990458073
-0.11578437715608968,0.028563658872996934,-0.23997438278505648
-0.1037447209886753,0.02569684871270962,-0.22752697639227284
-0.09116981788599991,0.022865423622502486,-0.21480321262746546
-0.07837053699931133,0.020159315288599832,-0.20163970277151871
-0.06536939251097429,0.017587761119273147,-0.18848359367756548
-0.05217513929815623,0.01516043909087311,-0.1750490553110437
-0.04001527644621975,0.013087266804354871,-0.1626918232391836
-0.027165071186769904,0.011058581799986584,-0.14983215527971105
-0.014097019237066608,0.009173083232841849,-0.13654158215960802
-0.0008406966608638612,0.00743830991886951,-0.12327662906514303
0.011531137875465216,0.005983653091548382,-0.1107423256584043
0.024426974618098816,0.004629022539902402,-0.09794525085677652
0.03752779113831504,0.0034273990884624997,-0.08470532603152878
0.050810528544803175,0.002385386754501257,-0.07147975752400317
0.06320045303778299,0.0015759806241521703,-0.05898997278195214
0.07610742156847634,0.0008924534648968053,-0.04623103331741269
0.0892125822342139,0.0003711725240241498,-0.033033735994573876
0.102492897148916,1.7169557767324262e-05,-0.019846364944853406
0.11486783221365232,-0.00015168901602688234,-0.0073974669467209864
0.12775747953909256,-0.00016899325326901352,0.005325759344659325
0.14083864406621177,-1.505072933792038e-05,0.018489762397387272
0.1540876067379189,0.00031447992659984226,0.031645462940740096
0.16749360112965886,0.0008268019990924464,0.04507938472743115
0.17981304280784316,0.0014588753920071061,0.057436341551849575
0.19279638479240685,0.0022848031782546374,0.07029563673973059
0.20596079926312674,0.0032982086996078733,0.08358650191999872
0.21927595770180305,0.004499968960561994,0.09685200745467731
0.23166664094377268,0.005782076085282558,0.10938731993470435
0.24454707175954798,0.007276063308326025,0.12218405811387258
0.25759400098460333,0.008963960836216702,0.135423962984026
0.27078371704471343,0.010847161254673734,0.14864875314951306
0.2830515702378462,0.012762398303685888,0.1611385278291217
0.29579608221457476,0.014913747623252406,0.17389718600007623
0.3086988509616849,0.017266755313220795,0.18709470594478553
0.32173601550291947,0.01982141776769473,0.20028238337453494
0.3338491849094218,0.022358811838384528,0.21273055033555496
0.34643169017892905,0.02515636502071403,0.22545470383061186
0.35916353883246965,0.028162763532775272,0.23861783419825078
0.37202088425003277,0.03137695444277552,0.2517737743978233
0.3849914674387431,0.03480396169360605,0.26520782042117474
0.39687530121268894,0.03811077186375027,0.2775653751883217
0.4093648573598074,0.041752044247323705,0.29042512725101644
0.42199031173543244,0.045615734986026994,0.30371607097890607
0.43472183523331615,0.0496958912859795,0.31698086860992686
0.44653374080152974,0.05365239798543465,0.3295152725871256
0.45877734617446103,0.0579225844103683,0.34231313228064614
0.4711408824792752,0.06241864402445813,0.3555521703122444
0.48360096226573773,0.06713655672198349,0.36877810588449117
0.49515419686941553,0.07168454294890515,0.38126833932703774
0.5071215291210689,0.0765668737722726,0.3940273311305914
0.5191991442684677,0.08168030418501498,0.40722404838117876
0.5313640241313824,0.08701976552041157,0.4204115806309115
0.5426310216323884,0.09214077371487847,0.43285910542143125
0.5542990504493795,0.0976181822550774,0.44558417321793253
0.5660671201580786,0.10333229154699917,0.4587471873372161
0.5779121084507577,0.10927666265744643,0.4719036807415072
0.5898212925874854,0.11545329904555171,0.4853374649639647
0.6006965414702005,0.1212751135082347,0.49769399935862957
0.6120896706077676,0.1275553426663171,0.5105555680696232
0.6235669924207221,0.13408226310526908,0.5238444715019107
0.6351003763534968,0.14084398132473108,0.5371110359066218
0.6457629813744065,0.14728447811288709,0.5496456741037128
0.6567784334379179,0.15412553175583865,0.5624436070310888
0.66786173297601,0.16121294723215673,0.5756827536657562
0.6789910382447427,0.1685376338345713,0.5889078976264073
0.6892727467787364,0.17549819861734897,0.6013961639857774
0.6998852621424015,0.18287547166787638,0.614157128062873
0.7105549401311807,0.19050267678236366,0.6273527783252093
0.7212601349237866,0.19836973245622885,0.6405418924523426
0.7311368283206884,0.2058276981888658,0.652989908281288
0.7413269381703947,0.21372094863824503,0.6657143581832413
0.7515634110698474,0.22186679807120116,0.6788769093108042
0.7618248819543488,0.23025408333449165,0.6920327369446956
0.7720981428626635,0.23888184998769596,0.7054656996474244
0.781439642048198,0.2469377772532309,0.7178225289628875
0.7911863884513107,0.25555426771790024,0.7306840511708135
0.8009613174006335,0.2644300887787261,0.7439736202616151
0.8107397799316064,0.2735471385552829,0.7572402190734269
0.8197388989414879,0.2821604637935278,0.769773487892476
0.8289950619721858,0.29124147521378624,0.7825726599162678
0.8382635227687331,0.30057777158496507,0.7958102750458119
0.8475248531125267,0.31015589711643243,0.8090362777435743
0.8560382650684212,0.319193817791301,0.8215251574186382
0.864783710335763,0.32871070904897465,0.8342857437250158
0.8735303770907101,0.3384838368438268,0.8474814501735685
0.8822596161274497,0.3484985017955658,0.860669460917572
0.8902696251910553,0.35793276562449333,0.8731161105964723
0.8984907006125624,0.3678605357853881,0.8858409451389503
0.90670137318789,0.3780450381178162,0.8990035304780144
0.9148835977150664,0.38847061286668777,0.9121600361368469
0.9230248936326779,0.39913364953202923,0.9255940087051597
0.9303820522189449,0.40903508341628464,0.9379503955499067
0.9380120728023518,0.4195717303882396,0.9508118866115977
0.9456134622177929,0.4303675548868523,0.9640994141806747
0.9531654275458415,0.4413996169691867,0.9773658583653346
0.9600666639835046,0.45177016401802783,0.9898990522671943
0.967116003572725,0.4626532588557574,1.00269667919869
0.9741218745806923,0.4737883926893242,1.0159365800025082
0.9810681977569146,0.4851578042478024,1.0291616985113698
0.9874030312879939,0.4958365633956449,1.041650515373284
0.993859765834491,0.5070331499756633,1.054411388786888
1.000261696762039,0.5184800525144153,1.0676063128845545
1.006593537342542,0.5301590429093365,1.0807948931982025
1.012349875043697,0.5411147889437153,1.0932419554425403
1.0182045456885602,0.5525983742600777,1.1059658546219369
1.023993197160998,0.5643300528546521,1.1191287722826504
1.0297016917512658,0.5762906435218582,1.132284128457238
1.0353184264560389,0.5884740057926737,1.14571741398963
1.0403360979606475,0.5997430054519773,1.158074249542094
1.0454813173382704,0.6116915133844136,1.17093480757008
1.0505416033682518,0.6238866693019524,1.1842252059195995
1.0555022515048231,0.6363016547105332,1.1974911169332083
1.059972598513769,0.6479287613867503,1.2100246252599056
1.0644760374342703,0.6600886625120977,1.2228217728858402
1.068881902315577,0.6724847639980142,1.2360596548692802
1.0731782713672962,0.6850965156738259,1.2492841470780403
1.0770283760895634,0.6969008711501626,1.2617734194592012
1.080884009791943,0.70923710706455,1.274532218163333
1.0846318085614959,0.7218057550137524,1.287729567095466
1.0882606516689084,0.734585627973836,1.3009176448204658
1.0914862504315843,0.7465340028066392,1.3133652387333294
1.0946926171314106,0.7590187516806581,1.326088552479435
1.0977802279381073,0.7717312510968495,1.339250882146109
1.100739211192324,0.7846498049784445,1.3524057654123076
1.103559899452708,0.7977657576796282,1.3658391803399832
1.1059958332703956,0.8098584352777698,1.3781957413499182
1.1084078646475213,0.822642129695986,1.3910553712846119
1.110683539375234,0.8356479789836444,1.4043454812184126
1.1128138474448153,0.8488465805890433,1.4176110266860367
1.1146377274763681,0.8611692115869064,1.4301450003301748
1.116377412276478,0.8740188710568482,1.4429419650953574
1.1179702475779452,0.8870777675483144,1.4561812439586241
1.1194090502978755,0.9003233431031249,1.4694056944048342
1.1205886540595207,0.9126835131738243,1.4818951356780776
1.1216577446908091,0.9255642038500312,1.494652882464457
1.1225708470829507,0.9386479329996937,1.507849712445682
1.1233218482720964,0.9519117915737654,1.521037067918002
1.1238607448042988,0.9642761094775257,1.5334855573434825
1.1242634395983617,0.9771596487028021,1.5462082908441215
1.124500643505754,0.9902395599012493,1.559372419760362
1.1245676309160137,1.0034924656198916,1.5725268616677652
1.1244567350524712,1.01690781512994,1.5859599970609681
1.1241937431202684,1.0292406927515252,1.5983163500923954
1.1237563699340096,1.0422425324679057,1.6111758479801783
1.1231372476467496,1.0554313860975948,1.6244661352123138
1.1223341042009718,1.0687765837478045,1.6377316213359063
1.1214232332057887,1.081200227469758,1.6502657924796724
1.120315095003676,1.0941195616867805,1.6630624830369183
1.119018182725502,1.1072111465679892,1.6763013867726835
1.1175303876640768,1.1204512714527324,1.6895254462667153
1.1159830200957033,1.132770755860838,1.702014974022888
1.1142139187259412,1.145574065272829,1.7147735733048262
1.112248062710847,1.1585414889918513,1.7279709982476648
1.1100846640590352,1.1716492800399683,1.7411583246934474
1.1079108058852025,1.1838329126348404,1.7536062183133985
1.1054907580526163,1.196493390945654,1.766328818215259
1.1028665485597506,1.2093096056622918,1.7794911981106936
1.1000382377550066,1.2222574037428156,1.7926463557871721
1.0970008525940917,1.2353247272108612,1.8060799054272016
1.0940511684279173,1.24730218702107,1.8184371857744441
1.090785358090303,1.259895017323296,1.8312966032560785
1.0873013585216775,1.2726304014750742,1.844587186418393
1.0836039871949616,1.2854782897459145,1.8578517174446096
1.0800026262688902,1.2974033337198014,1.870385538961477
1.0761003512441782,1.3097690321422828,1.8831826267085852
1.0719761318896155,1.322261606119059,1.8964211045946864
1.067633051218085,1.3348573486512243,1.9096461071998205
1.063432983326009,1.346541668453015,1.922135346831894
1.0589110547037779,1.3586495948380541,1.9348942661904973
1.0541614865683155,1.370874820784415,1.9480902339489992
1.0491884242543663,1.3831939854479711,1.961278062727045
1.044406907490631,1.3946091573500947,1.9737260510231456
1.0392808376072824,1.4064357269761865,1.9864499603890202
1.033921346904131,1.4183696082214314,1.9996127840732005
1.028334045141933,1.43038733070022,2.0127679041852526
1.0225165942690517,1.4424762020476984,2.026200542004903
1.0170229440335317,1.4535207713463205,2.0385562594380904
1.011086616623096,1.4650968262631883,2.0514178372116665
1.0049061319817845,1.4767642013341045,2.064706732760847
0.9984925427429394,1.4884945902300206,2.0779736684548324
0.9923740017981808,1.4993453086992532,2.0905081523427462
0.9858657544663229,1.5105603464347004,2.103305342154087
0.97911317643999,1.5218510414704067,2.116543319107241
0.9721248703388924,1.5331947126384886,2.129767305822013
0.9654750894301826,1.5436800439700589,2.1422549412912706
0.9584186899123761,1.5545087998437808,2.1550155453187148
0.9511142571346798,1.5654019117876279,2.168211004877966
0.9435711662225928,1.5763376632468944,2.181400051901381
0.9364123169621529,1.5864328888543895,2.193847840587058
0.928827650127814,1.5968549322139958,2.2065720296675098
0.9209919641335634,1.6073306591983754,2.2197337842209044
0.9129156786262945,1.617838591993418,2.232888857186488
0.9045991378863841,1.6283656063134397,2.2463212868588394
0.8968263034308341,1.6379441749093304,2.2586777158061095
0.8885054989556171,1.6479442496246577,2.271538720618146
0.8799263929829961,1.6579804879205737,2.2848274402030038
0.8711061948969051,1.6680274519922385,2.298093659921451
0.8627663930289903,1.6772802816322816,2.310626045308481
0.853966516122838,1.686804221906333,2.3234252845233856
0.8449117814729741,1.6963480746102781,2.3366627900841515
0.8356151353887724,1.7058920497217922,2.3498881612090967
0.8268360590570754,1.7146722571412134,2.362377135476078
0.8175853722193331,1.7236986574811815,2.37513607442102
0.8080787769469622,1.73273406975827,2.388331053744709
0.7983301425295756,1.7417592119880054,2.401518805377013
0.7891399130532605,1.7500481462063635,2.4139647567570264
0.7794628590133824,1.7585625676318843,2.4266901959045395
0.7695284608582211,1.767074408757358,2.439852312042771
0.7593522720719893,1.7755649930158959,2.4530082169261793
0.7489376319060015,1.784021852247968,2.466440992954519
0.7392611863078481,1.7916721371588586,2.478796502224812
0.728957706358877,1.7996146411439045,2.4916577557365587
0.7183944358550814,1.8075357674486157,2.504944972717864
0.7075935525783922,1.815414655745756,2.518211862699686
0.6974343341939842,1.8226233466127895,2.530744607090384
0.6867672282309721,1.8299954839980122,2.543542206796824
0.6758469954229399,1.837331796609985,2.5567804510334726
0.6646906803048366,1.844615552923236,2.570004710868078
0.6542064341197446,1.851267329776649,2.58249249611408
0.6432082817701003,1.8580563673376802,2.5952522157500644
0.6319581150683348,1.8647982365910212,2.6084473819390803
0.6204738815487517,1.8714768597135367,2.621635899714144
0.6096953530234874,1.8775587899730923,2.634083038901617
0.5983924043708604,1.8837548091389984,2.646807117376053
0.5868394227302429,1.8898922442247208,2.6599686013934303
0.5750551972096695,1.895956425289798,2.6731233343542398
0.5630454411708433,1.901935577892044,2.686555455729721
0.5519318904246315,1.907288519238572,2.6989118616953407
0.5401426242871175,1.9127894521126227,2.7117713437610886
0.5281045035319826,1.9182127565083513,2.7250619020095965
0.5158438161878396,1.923543073003523,2.73832713493552
0.504355746442875,1.9283597454955717,2.750860054461145
0.4923365800494703,1.9332251491933186,2.7636575912217665
0.48007812699966024,1.938000342357744,2.776894497595715
0.4676007212494553,1.9426725984475572,2.7901188600008737
0.4559169118084955,1.946874545643491,2.8026074192584165
0.443701446802206,1.9510982945421478,2.8153652593079497
0.43125059545104616,1.955220759297904,2.8285619384859353
0.41858520448621384,1.9592308231927351,2.8417492173533447
0.40673883274332473,1.9628129518354582,2.8541960816294445
0.39435609814056144,1.9663917102257313,2.8669201910757747
0.3817418941830339,1.9698588700073156,2.8800821523405573
0.36891794395964417,1.973203675031216,2.8932372171793634
0.3558924945290961,1.9764161687044053,2.906669614857808
0.34387813488900143,1.979213303060597,2.9190254872667576
0.3311724642237878,1.982007247207578,2.9318838178633584
0.3182403470637908,1.9846714704949464,2.9451737781268634
0.30511154940384877,1.9871964149895083,2.9584386166270438
0.29284909493947553,1.989388613079187,2.970972488511441
0.2800575198919262,1.9915122895707673,2.983769391316396
0.267052241571101,1.9934956179566583,2.9970082732577605
0.253855758713773,1.9953307619679046,3.010232228029968
0.24153645245116415,1.996880440300082,3.0227206518602294
0.22869359208788873,1.9983353338350316,3.0354782236785227
0.2156430162416509,1.9996400137555395,3.0486740899994067
0.20240758360638564,2.0007880457258485,3.061861046826103
0.19006494470994867,2.0016970322578342,3.0743089788019984
0.1771992346591721,2.002485686874641,3.087032003805263
0.16413232704193564,2.003114762015626,3.100195275455468
0.15088743767843593,2.0035789473447614,3.113349601974942
0.13747485898624842,2.0038702264850174,3.1267819991295176
0.12513969308285902,2.003976990249501,3.1391380106836713
0.11213057265537131,2.003929601798968,-3.1311886790681007
0.09892912098706963,2.0037059691480508,-3.117898538552376
0.08556586266834335,2.003303183568945,-3.104633758930766
0.07312054745561122,2.002764922076819,-3.092099606568634
0.06017377845351237,2.002044453063865,-3.079303465059984
0.047049050620831236,2.0011405480735376,-3.0660648888447084
0.03377018248356583,2.000050262065471,-3.0528414005808537
0.0214097737258782,1.9988728489170546,-3.0403524291069832
0.0085593216333054,1.9974883974227766,-3.027594662106118
-0.0044611996841864045,1.9959121180259654,-3.014398022337585
-0.01762788324279246,1.9941427035834094,-3.0012113282199753
-0.029871123843239696,1.9923350001347098,-2.988763507705065
-0.04259874990518883,1.9902957230231955,-2.976040918564316
-0.055487812531299176,1.9880566971176976,-2.962878278785307
-0.06851454693612591,1.985617694960545,-2.9497238938472536
-0.08166705512384143,1.9829731146180276,-2.9362911449043634
-0.09372765656645493,1.9803837465284584,-2.9239350716998875
-0.10641284901948568,1.9774971533255863,-2.911075926298211
-0.11924703422928275,1.9743967862438534,-2.8977866568885426
-0.1322000221069145,1.9710865117306526,-2.8845218368178016
-0.1442275992011041,1.9678443440464466,-2.871988024275832
-0.15670466686798457,1.9643144901765506,-2.859191427222281
-0.16931520883728912,1.9605663503828683,-2.845952386289004
-0.1820354581629181,1.9566026486163752,-2.8327284792188254
-0.19384062938786004,1.9527546569667595,-2.820240419091246
-0.20607882542527456,1.9485979748885178,-2.8074817811539896
-0.21844115116225724,1.9442172922432466,-2.794287142172003
-0.23090394868977876,1.9396161275149726,-2.781099514801136
-0.24245703061967938,1.935179060934056,-2.768651633263427
-0.2544321006294488,1.930410008569444,-2.7559278224675205
-0.266521094030956,1.925410569985842,-2.7427643413609855
-0.27870086747798123,1.9201859153140297,-2.729609802442368
-0.29095863558836654,1.9147333486933418,-2.716177627775094
-0.30216298401870995,1.909573319768936,-2.7038226480867857
-0.3139120655231424,1.9039869040696757,-2.6909621441609874
-0.32575975946114816,1.8981592342756455,-2.677674489530001
-0.33767739575757594,1.8921006431609635,-2.6644080289698815
-0.3487067242368076,1.886310324984952,-2.6518740391374496
-0.3601118195533424,1.8801412112007052,-2.63907714473222
-0.3715996336089015,1.8737302807121143,-2.6258386607939483
-0.3831476780531123,1.8670851639258692,-2.6126150946642896
-0.3938279470067878,1.8607528131988391,-2.600127598425536
-0.40486329485381206,1.854024482337541,-2.587368089452168
-0.4159708061562847,1.8470500329450048,-2.5741734541931716
-0.4271280275306753,1.8398383707653825,-2.5609852902887065
-0.4374335044379426,1.8329855126005103,-2.5485386874498372
-0.4480782931345355,1.825716860360145,-2.5358137953986573
-0.4587842643675352,1.8181987690546775,-2.5226529331965852
-0.4695296644444901,1.810441192531554,-2.509497535251572
-0.4803013149340555,1.802444040620571,-2.4960652890009993
-0.4901086724345203,1.794962125323041,-2.4837089336883524
-0.5003540591839539,1.786945058507413,-2.470849228170471
-0.5106433707772279,1.778671038772654,-2.4575608584296713
-0.5209505808650821,1.77015645079944,-2.444295310708698
-0.5304496483329211,1.7620977970536686,-2.4317633574317172
-0.5402330127127842,1.7535875153817495,-2.4189645013117915
-0.5500438692392678,1.7448229690899826,-2.4057277690653374
-0.5598622064823062,1.7358166106594815,-2.392502708108168
-0.5689017525481921,1.72730481227884,-2.3800144678330533
-0.5782018594036984,1.7183289878397308,-2.3672555655907663
-0.5875184900947578,1.7090977104616585,-2.3540606396975887
-0.5968322418297272,1.6996242874474798,-2.340873219341495
-0.6053931704102342,1.690687056974589,-2.32842707962344
-0.6141941917899181,1.6812697458299848,-2.3157021780219944
-0.6230002746557721,1.6715954570567502,-2.3025408564564764
-0.631792324306972,1.661678644507072,-2.2893853478630226
-0.6405577696087847,1.6515223235231755,-2.275953163499706
-0.6484950029699227,1.642079391018003,-2.2635986828941816
-0.6567428829915726,1.6320188155111515,-2.2507380707120928
-0.6649773953109852,1.6216979257982886,-2.237450294037202
-0.6731768569848116,1.6111383729410667,-2.224184229409119
-0.680687062331398,1.6012003073727534,-2.2116509989273485
-0.6883760786363102,1.5907592502189307,-2.1988532016010782
-0.6960366681177234,1.5800640373347898,-2.185615535530684
-0.7036518499546905,1.569131317795592,-2.1723914233435027
-0.7106151948636853,1.5588512461969763,-2.159905103806728
-0.7177311376821008,1.548061603179094,-2.147146035077122
-0.7248076024843573,1.5370188837075298,-2.13395124238186
-0.7318280147752727,1.5257402781335743,-2.120763323579513
-0.7382307772315542,1.5151491294269148,-2.1083156986242604
-0.7447630190302721,1.5040373887450593,-2.0955914621904577
-0.751244296175546,1.4926736570424017,-2.082429654886262
-0.7576592163841692,1.4810766186495035,-2.0692748394792675
-0.7639959743974506,1.4692516953141108,-2.055843484451929
-0.7696798899453834,1.4583038198195475,-2.0434880964924313
-0.7755321852182475,1.446684904896214,-2.03062924861572
-0.7813145095726896,1.4348149837792386,-2.0173398362007307
-0.7870105159063921,1.422719755184854,-2.004074798240671
-0.7921697453842033,1.4113815409228234,-1.9915413834099738
-0.7973936934951794,1.3995136823443912,-1.9787439550371189
-0.8025344425064345,1.387403918418518,-1.9655066302095743
-0.8075786647641088,1.3750722407324671,-1.9522822073861599
-0.8121292370814831,1.3635198854310124,-1.9397948409570525
-0.8167177598846855,1.3514366649702665,-1.9270370094573335
-0.8212124179485957,1.3391151828990124,-1.913841957499382
-0.8256010699013644,1.3265758229379645,-1.9006556134955859
-0.8295371240016217,1.3148423371194926,-1.8882086833317884
-0.8334858623384994,1.302572373978598,-1.8754857179332147
-0.8373297494551313,1.2900678815832993,-1.8623229762698321
-0.8410576228532104,1.2773500109249716,-1.8491679227060709
-0.844659468079776,1.2644268019551383,-1.8357351656323286
-0.8478161104889721,1.2525018759777913,-1.8233804626251382
-0.8509905010875359,1.2398857721674832,-1.8105219765554765
-0.8540419661664711,1.2270397199961598,-1.797234297089868
-0.8569597422030882,1.2139926384590394,-1.783970003763207
-0.8595189475828915,1.201801300426518,-1.7714367536881515
-0.8620254080337527,1.1890792595694442,-1.7586404935444049
-0.8643980371008213,1.1761392975939027,-1.745401000700404
-0.8666283171341004,1.1630036166092184,-1.732176957211093
-0.8685471801038118,1.1507366097463918,-1.719689021591295
-0.8703871020795366,1.1379431571999283,-1.7069313883321493
-0.8720831855937122,1.1249377178003435,-1.6937366975270634
-0.8736280114051937,1.1117428166786743,-1.680550697250332
-0.8749069548196851,1.0994330804361634,-1.668103379969749
-0.8760813399478491,1.0865968079959334,-1.6553811538367142
-0.8771023554372822,1.0735545810696323,-1.642217930693662
-0.8779638886431722,1.0603295341856231,-1.6290637150977694
-0.878657681725437,1.046931693627315,-1.6156312359967497
-0.8791346193252976,1.0346053833960447,-1.603275487470384
-0.8794778336334867,1.0216003714572095,-1.5904174753192153
-0.8796505572202753,1.008398145785139,-1.5771280742547562
-0.8796491779553307,0.9950288873648664,-1.563864266472728
-0.8794848312416277,0.982573050182556,-1.551330905879796
-0.8791535668126176,0.9696103184870276,-1.5385348386658273
-0.878644123638228,0.9564644037310668,-1.5252962808054635
-0.8779529522965497,0.9431588183483809,-1.512072707724951
-0.8771469824858864,0.9307686984595447,-1.4995839711290886
-0.8761487830435217,0.9178823476248757,-1.4868272536095082
-0.8749642142988978,0.9048204721023432,-1.4736312062294996
-0.8735910154458586,0.8916065709695646,-1.4604455050448635
-0.8721520844763829,0.8793143537253895,-1.447998123420213
-0.8704958780003944,0.8665316832145371,-1.4352757462177372
-0.8686450051652373,0.8535812460060285,-1.422113093631716
-0.8665980533368856,0.8404871077834424,-1.4089582868225952
-0.8643495561789525,0.827261103390247,-1.395525683341128
-0.8621234061500522,0.8151281346809273,-1.3831705548975932
-0.8596187945738167,0.8023621061757422,-1.370312449298321
-0.8569051689320373,0.7894405213976158,-1.3570244112075673
-0.8539853727033188,0.7763939514613877,-1.343760180979163
-0.8511058798336549,0.7642746256001186,-1.331226401131383
-0.8479523357784693,0.7516971337271269,-1.3184298091539182
-0.8445845695591808,0.7389798469396788,-1.3051902614974036
-0.8410046998695095,0.7261462979464332,-1.2919668858695221
-0.8375130274740774,0.7142310688877525,-1.2794786990282019
-0.8337256717105344,0.7018733251603685,-1.2667218905189892
-0.8297181524666207,0.6893849697430466,-1.2535276842061194
-0.8254933059419791,0.676789608122554,-1.2403414651148221
-0.8214052134807511,0.6651082247146103,-1.2278942297456905
-0.8169979209021972,0.6529955946700945,-1.2151707683010258
-0.8123639210250955,0.640761977356049,-1.2020074972160362
-0.8075074250529626,0.6284307983785437,-1.188852839728128
-0.8024256356672586,0.6160147993927413,-1.1754208858325546
-0.7976045980537346,0.6046605530172373,-1.1630656164413957
-0.7923733993056362,0.5927489888748594,-1.150206531928321
-0.7869040913964833,0.5807316112157732,-1.1369189001790594
-0.7812059736287678,0.5686374309704972,-1.1236541433250726
-0.7757495567550039,0.5574391201376684,-1.11112141224325
-0.7699260251387835,0.545853867746067,-1.098323823381114
-0.7638631816042986,0.5341786570718026,-1.0850865641851
-0.7575680490726817,0.5224363554826736,-1.0718621119632048
-0.7515593820951959,0.5115708995635376,-1.0593742462212572
-0.7451653447019376,0.5003384132452937,-1.0466153363363524
-0.7385276534765214,0.48902640119417184,-1.0334206799924406
-0.7316542803001179,0.4776573790362754,-1.020234112349102
-0.7251142329303878,0.46715066842378067,-1.0077884235868049
-0.7181686663123525,0.45629216132901734,-0.9950643466371086
-0.7109757016071916,0.4453652017519275,-0.9819040128433637
-0.7035444194916738,0.43439174241139256,-0.9687483414392112
-0.6958744269017427,0.4233848436747723,-0.9553160374568836
-0.6886904732531931,0.41335719198670484,-0.9429597633381114
-0.680984744311587,0.40287557440412625,-0.9301012642754042
-0.6730235568930192,0.39234237947304007,-0.9168137041356508
-0.6648223812502769,0.38178402519848637,-0.9035497431259468
-0.6570527235837755,0.37204708574050843,-0.8910185007445721
-0.6488402445393063,0.3620123261367558,-0.8782197764125571
-0.6403745348532789,0.351942415781617,-0.8649828334308741
-0.6316673231739145,0.34185793177084045,-0.8517576826829416
-0.6234310957831233,0.3325667359444388,-0.8392699988434038
-0.6147388360801661,0.3230013070837905,-0.8265115196470612
-0.6057916809846011,0.31341152300488695,-0.8133177353868006
-0.5966022616780713,0.30381746407631854,-0.8001313452309228
-0.5879260453429392,0.2949918460401641,-0.7876853000208448
-0.578777440845537,0.28591198555898784,-0.7749612395636782
-0.5693721441542637,0.2768191307721161,-0.7617996899674803
-0.5597242089164447,0.26773298126364414,-0.7486445289899205
-0.5498361458440466,0.2586661516052363,-0.7352129079679147
-0.5406362323285709,0.2504488825614464,-0.7228586252061648
-0.5308279514013078,0.24190222524640978,-0.709998115053915
-0.5207589645482467,0.23336134449441204,-0.6967111114342956
-0.5104503449656775,0.2248483558851014,-0.683445853105943
-0.5007421523590007,0.21704290332567946,-0.6709128749194553
-0.490536922879363,0.20904366402506888,-0.6581160907933272
-0.480076952238377,0.201065071843564,-0.6448790802282766
-0.4693781451648851,0.19312466478306053,-0.6316550827251304
-0.45931216672092656,0.1858554830046141,-0.6191687387320994
-0.4487412607986239,0.17841823747964572,-0.6064092179924023
-0.43791598859584546,0.17101338479347636,-0.5932153743929963
-0.42685334973595535,0.1636574103246583,-0.5800284575468653
-0.4164593845325376,0.1569393032140469,-0.5675823004845283
-0.40554898908053244,0.15007595164467105,-0.5548591107917563
-0.3943855092729327,0.14325578151340881,-0.5416979080219244
-0.38298673191587757,0.13649497744720263,-0.5285429822310133
-0.3713577109882676,0.1298055570546273,-0.5151111466499615
-0.3605855081444965,0.12379513632804677,-0.5027555013781058
-0.34914783150256784,0.11759655965669752,-0.4898973656070068
-0.33745694666481635,0.11146019517273023,-0.4766092304379876
-0.3255383475625996,0.10540322231252487,-0.46334533774370756
-0.31436014509650645,0.09990533430655191,-0.4508135683791967
-0.3026548326847138,0.09432692781455612,-0.438016486822389
-0.2907051759522839,0.08882433921190096,-0.4247787361681653
-0.2793543111651789,0.08377367918539028,-0.41240045630481226
-0.26827660114308544,0.079004661573686,-0.4003751738180297
-0.25762489686054574,0.07456767584382626,-0.3888494121074386
-0.2473944146417878,0.07044018543438611,-0.3778701186796799
-0.23757250869636704,0.06659976739283645,-0.3673510172456817
-0.2281462792429721,0.06302524823373815,-0.35731553822897877
-0.21910258315226902,0.05969694070629585,-0.3477141394146331
-0.21042823321574544,0.05659668755873724,-0.33854344013979565
-0.2021103826464662,0.05370780645933434,-0.32977647203413535
-0.1941363075802368,0.05101486212755321,-0.3213984102541199
-0.18649354312322772,0.04850342372661967,-0.31339090885580606
-0.17916999465613007,0.04616023230325662,-0.30573770525193944
-0.17215344207033118,0.04397284106422916,-0.2984230621366376
-0.16543244399743934,0.041930018611050876,-0.29143191825658993
-0.15899569403087274,0.040021469551433916,-0.284750042982097
-0.15283209621236377,0.038237800788737134,-0.2783636640326467
-0.1469307796917794,0.036570064807447074,-0.27226048389694507
-0.14128135189287191,0.035009975123162944,-0.26642718891941547
-0.1358736733891353,0.03354967325519168,-0.2608512844891775
-0.13069793392840004,0.032182171618228235,-0.2555219148643418
-0.12574470002582194,0.0309009833883342,-0.25042777844886777
-0.12100486377198919,0.029700109316077493,-0.24555855317883282
-0.11646967752427745,0.02857392237971915,-0.240904047682385
-0.1121306869793387,0.027517358705112748,-0.2364548188349628
-0.10797968813834351,0.026525791026869392,-0.23220171843912188
-0.1040088280500215,0.025594895044752444,-0.22813620677254873
-0.10021051808435441,0.02472047290503515,-0.22424988762457776
-0.09657757075384,0.023898555130659926,-0.22053477318107545
-0.09310294763033126,0.023125511467554417,-0.21698335196806798
-0.0897799117811796,0.022398188884008345,-0.21358859061737703
-0.08660189013156856,0.02171369397158802,-0.2103432993096299
-0.08356270324066864,0.021069292734359518,-0.20724078495697185
-0.08065650063904833,0.020462363135117203,-0.20427464859702354
-0.0778775464414471,0.01989049915908362,-0.20143912888263488
-0.07522038937778533,0.01935138316806225,-0.19872844371802137
-0.07267980987595153,0.018842840077358407,-0.1961371570894425
-0.07025079478906565,0.018362949305796315,-0.19365980606778913
-0.06792848968655457,0.01790994434810008,-0.19129162198833896
-0.06570817023926184,0.017482227719229082,-0.18902742818754226
-0.06358545332634769,0.017078204682125148,-0.18686267370696422
-0.05841707437872726,0.01611351052039772,-0.18073481967907976
-0.05437708758880564,0.015389448837918493,-0.17398356228882683
-0.051469934315310356,0.014886558664036074,-0.16788674821827562
-0.04969964650925496,0.014591545549690638,-0.1613207900987454
-0.048933100974548005,0.014468236049546154,-0.1559314656969697
-0.048731427776616945,0.014436122727189526,-0.15428735427154275
-0.04873180931016707,0.014436621372839702,-0.1545009450432192
-0.048733399124492496,0.014436812913237755,-0.15438334504404164
-0.04873517643447899,0.014437218973536795,-0.1544436199817191
-0.04873665708111784,0.014437483432495526,-0.1544153020383843
-0.048737289902829266,0.014437606269536694,-0.15442784001313073
-0.04873714612835423,0.014437552809244683,-0.15442250054898582
-0.04873641257982621,0.014437415833752836,-0.15442429401734528
-0.04873544162696097,0.014437267310289777,-0.1544235894799177
-0.048734591132108165,0.014437165693058317,-0.1544235896103055
-0.048734156962815384,0.014437121230339198,-0.1544235276541193
-0.048734222109225775,0.014437143436025398,-0.15442335551925712
-0.04873455176639582,0.014437197295769942,-0.15442329882624173
-0.04873506662177361,0.01443725635379844,-0.15442314461633458
-0.04873560041566405,0.014437284222442406,-0.15442301621291482
-0.04873589684492793,0.014437279878700233,-0.15442286636648309
-0.04873598628670234,0.014437309672314939,-0.15442276312141928
-0.048735747580101164,0.014437340163212275,-0.15442269272506112
-0.04873541850981364,0.014437342103502983,-0.15442260722656073
-0.04873516408453017,0.014437247505711645,-0.15442246169878426
-0.04873502807901446,0.014437160478332899,-0.15442230261666642
-0.04873502457080438,0.01443710218483771,-0.1544221555278088
-0.04873512251691861,0.014437097492772409,-0.15442202614753653
-0.04873523555988202,0.014437261851333616,-0.15442200604671097
-0.0487353786061363,0.014437421595636392,-0.15442197838888602
-0.04873546159062834,0.014437446000725586,-0.15442187257641626
-0.04873547493935567,0.014437341137435979,-0.15442169579430873
-0.04873540094664752,0.01443715426202448,-0.15442147538898313
-0.0487353248986366,0.014437074104579097,-0.1544213164466092
-0.0487352568573862,0.014437101311873084,-0.15442122548350246
-0.04873525181212196,0.014437187207860842,-0.1544211664571411
-0.04873529361703389,0.014437261529159518,-0.15442109530254175
-0.04873537104682563,0.014437320642719062,-0.15442101170294756
-0.04873544034514917,0.014437319751438768,-0.15442089088261596
-0.04873546792269156,0.014437310212211184,-0.15442076974897737
-0.0487354431615789,0.014437253417172119,-0.1544206280954881
-0.04873539755487144,0.01443722353800368,-0.15442049553168663
-0.0487354163572306,0.014437209821109319,-0.15442037605165668
-0.04873539406276778,0.014437234127936325,-0.15442027895947233
-0.04873538986749187,0.014437276774834626,-0.1544201946935085
-0.04873541670982337,0.014437348246252115,-0.15442012220862633
-0.04873536767545296,0.014437317634947565,-0.15442000051371027
-0.04873539145669557,0.01443726111800625,-0.15441984521115373
-0.048735391219663575,0.014437244906504129,-0.15441972490148456
-0.04873538262564347,0.01443723811066342,-0.15441961105060717
-0.0487353782818719,0.014437247057108936,-0.15441949803464425
-0.04873536245597144,0.014437293316963362,-0.15441941841216106
-0.04873521406065453,0.014437302209991914,-0.15441932824862561
-0.04873520108087788,0.014437262855953273,-0.154419195141716
-0.04873528057869127,0.01443719147731443,-0.15441902525673157
-0.048735401184141706,0.014437137130900671,-0.15441887127888365
-0.0487354759681576,0.014437190625033331,-0.15441878025734979
-0.048735510524154174,0.014437294730382324,-0.1544187348456467
-0.04873548248885865,0.014437366115027316,-0.15441866502508625
-0.04873543952822162,0.014437368962775542,-0.1544185624757611
-0.048735413742101434,0.01443730650150637,-0.15441840887391664
-0.04873543424293892,0.01443725600948121,-0.1544182660398034
-0.04873546206414737,0.014437240605793567,-0.15441814091909725
-0.048735506754702,0.014437251539482839,-0.15441803165524073
-0.0487354492748864,0.01443724093509053,-0.1544179227460506
-0.04873534380233426,0.014437277043295189,-0.1544178440421252
-0.048735289069861354,0.014437310687483189,-0.15441775586133566
-0.04873530147001197,0.014437344702099498,-0.15441766070601418
-0.04873529575429522,0.014437277493784276,-0.15441751419441427
-0.04873539154407454,0.014437207055953432,-0.15441734459411113
-0.04873552424945472,0.014437155182033786,-0.1544171917670256
-0.04873561462474205,0.014437210667075531,-0.15441710379637857
-0.04873559645385169,0.014437310527079552,-0.15441705694578683
-0.04873558893389267,0.014437427933345058,-0.15441701862927265
-0.0487355184101141,0.014437464575108524,-0.1544169367600859
-0.048735444563330815,0.014437344135938347,-0.15441676301608517
-0.04873541444797174,0.014437225012328962,-0.1544165742454545
-0.048735366246976,0.014437219824758079,-0.1544164666940925
-0.04873535887138617,0.01443726313552339,-0.15441638238440186
-0.04873539914255527,0.014437301644405516,-0.154416291014505
-0.04873546228273213,0.014437322767190728,-0.1544161888835479
-0.04873550363570181,0.01443729220499577,-0.15441605381383375
-0.048735535649964565,0.014437265920500332,-0.15441592094814136
-0.04873553753718692,0.014437261263498891,-0.15441580496773644
-0.048735554956013886,0.014437281097368356,-0.15441570521096773
-0.048735446180999155,0.01443727208699893,-0.15441560371733148
-0.04873535685462448,0.01443726043209244,-0.1544154932759561
-0.04873536703433339,0.014437264887123503,-0.15441538053225362
-0.04873533144181892,0.014437253933458256,-0.15441526863130725
-0.048735407172165075,0.014437257903578084,-0.15441515127291588
-0.048735525554707795,0.014437265534855016,-0.15441503553299535
-0.04873560556617292,0.014437297207480417,-0.1544149363747232
-0.048735598874214255,0.014437333842482383,-0.15441485136666688
-0.048735526425799765,0.014437292278923373,-0.15441472406153448
-0.0487354830198981,0.014437257233969257,-0.15441459121450354
-0.04873547021691824,0.014437226508756604,-0.1544144628502871
-0.048735503000038434,0.014437204324028782,-0.1544143357442582
-0.048735534296443145,0.01443721536495626,-0.15441422818304473
-0.04873555511636947,0.014437254815834126,-0.15441413973448825
-0.04873554967449519,0.014437325076948122,-0.15441407449934408
-0.04873554409502613,0.01443737523412049,-0.15441399459158212
-0.048735544106561654,0.014437363921292364,-0.1544138764928107
-0.04873556312509277,0.014437323082565973,-0.15441374200278643
-0.048735606050354,0.014437266035828863,-0.15441358828036358
-0.04873554528924366,0.0144371986414239,-0.15441344825064512
-0.04873547371412624,0.01443721170732354,-0.15441334982715704
-0.04873547129123515,0.014437265041373649,-0.1544132753154197
-0.04873551649043435,0.014437312208872075,-0.15441318846580965
-0.048735572122261636,0.014437333551093012,-0.15441309003129827
-0.04873560245572317,0.01443728189791089,-0.1544129464940933
-0.048735572092262654,0.014437213429385283,-0.15441279033844696
-0.04873552909990509,0.014437241385737183,-0.15441270159882303
-0.04873548320217905,0.014437319676411433,-0.15441264410006916
-0.04873548712759201,0.014437385566782408,-0.15441257412153897
-0.04873553598962475,0.014437439464523586,-0.15441249283255792
-0.04873559870995262,0.014437383937254234,-0.15441234703704484
-0.04873556897233364,0.014437248631556664,-0.1544121558791311
-0.04873550253998608,0.014437150820606589,-0.15441199157211802
-0.04873548649344387,0.01443716615505851,-0.15441189112677556
-0.04873549000346664,0.014437265935019476,-0.15441184375285716
-0.04873552588663087,0.01443736759631076,-0.1544117927623947
-0.04873558974816656,0.014437407134197357,-0.1544117049481523
-0.04873565845619906,0.014437330982781113,-0.15441153820608766
-0.04873559916165526,0.014437224182633225,-0.15441137173136107
-0.0487356205644345,0.014437146304458576,-0.15441121123691712
-0.04873557838988221,0.014437138460454869,-0.15441110008354772
-0.04873557535672455,0.014437215953926896,-0.15441104083173113
-0.048735565073217954,0.014437286786146126,-0.1544109780995431
-0.04873556481170602,0.014437334051019043,-0.15441089463990557
-0.048735568153296285,0.014437321930228314,-0.15441077625589264
-0.04873543716117575,0.014437282307228058,-0.15441065893449982
-0.04873540396039899,0.014437251266042584,-0.15441053241718875
-0.04873544993518195,0.014437236415481707,-0.15441040559095964
-0.04873554630685314,0.014437240781965392,-0.15441029273997495
-0.048735671283982325,0.01443724775845636,-0.1544101755633611
-0.04873575202734324,0.014437247940162132,-0.154410060305788
-0.048735775504614595,0.014437238262112257,-0.15440994206734576
-0.048735756961373874,0.01443725819577922,-0.15440984627068766
-0.04873559462577139,0.014437267567773648,-0.15440976427122163
-0.04873554207878505,0.014437287279982386,-0.1544096687561673
-0.048735537679419134,0.014437304358822697,-0.15440957250242687
