x,y,theta
0.06616322108406276,0.7932724726769802,0.14544847740483333
0.07485946038014614,0.7942583663587544,0.07832223560339101
0.08360214470478414,0.7946582496920094,0.011186003878555544
0.0923519694417721,0.7944710814841133,-0.05593231431168813
0.10106937984089917,0.7936977629312715,-0.12304708583382006
0.10971527178432236,0.7923415574513372,-0.19016539160910745
0.11825093824171551,0.7904093471377659,-0.25727887022355006
0.1266379466204653,0.7879091453191736,-0.32445979470408914
0.13483788178361714,0.7848501955491678,-0.391654229090409
0.1428139442588143,0.7812475675261944,-0.45877225343194256
0.15053061174774446,0.7771181799220155,-0.5259168431911959
0.1579530745446145,0.772480606849818,-0.5931030383678907
0.16504760432586607,0.7673556026448042,-0.6602607588137253
0.17178259988903366,0.7617665183236113,-0.7274090370205536
0.17812772552133602,0.7557380249689511,-0.7945708373506454
0.1840537272683534,0.749296993928294,-0.8617188378110751
0.18953372424199944,0.7424721844368863,-0.9288821482888748
0.19454318234937237,0.7352949297314288,-0.9960574921156569
0.1990601107547324,0.7277979297589783,-1.063186561765937
0.203065374573512,0.7200150310106368,-1.1302556166350728
0.20654077206026555,0.7119810996637997,-1.1973700380881693
0.2094690700252775,0.7037323540398112,-1.2645464887237345
0.21183601488630527,0.6953058917068706,-1.3316347052508268
0.21363065330532072,0.686739706171889,-1.3987243890186616
0.21484643300390574,0.6780723358034293,-1.4659135952194924
0.215476185221603,0.6693433096039372,-1.533062812428384
0.21551997515261345,0.6605915609128491,-1.60014564946202
0.21497743853648188,0.6518566188164885,-1.6672843097869172
0.2138500744697801,0.6431776079292827,-1.7344319565638195
0.21214455328340892,0.6345935143367218,-1.8015536774460414
0.20986600346219758,0.6261433141230109,-1.8687196736795617
0.20702868006247302,0.6178652717349399,-1.9358769591996865
0.20364060135202408,0.6097965411418109,-2.0029494129717422
0.19971894987264946,0.6019727678163513,-2.070050058112596
0.19528137870764709,0.5944296412427762,-2.1372112670803074
0.1903482043274692,0.5872009103502773,-2.204301212353064
0.18494180303371835,0.5803187280717063,-2.2713994743065604
0.17908553216472883,0.5738146973268584,-2.338578918522975
0.17280537356368578,0.5677189342620843,-2.4057297867979743
0.16613056181482533,0.5620581389717001,-2.472830664983631
0.1590911379740919,0.5568573760049292,-2.539986711864778
0.15171864885882388,0.5521404938121643,-2.607165298018712
0.14404624536740493,0.5479286983915362,-2.6743057418266187
0.1361086164957846,0.5442406706163192,-2.741450303796761
0.1279413588998563,0.5410936485810053,-2.8086077939295246
0.11958117859010814,0.5385027051287451,-2.8757376063707247
0.11106610614346928,0.5364790003179628,-2.942868899030791
0.10243454138261605,0.535031099892938,-3.010001713796011
0.09372542014154137,0.5341650014860502,-3.0771111113725307
0.08497782099439839,0.5338847001299568,3.1389656910051293
0.07623131931718619,0.5341916250788589,3.07183262312315
0.06752500146847495,0.5350845656919297,3.0047078143519492
0.058898429277984665,0.536560600707436,2.937579925069625
0.050390493942436866,0.5386124642162149,2.8704491007752653
0.042039361986176346,0.5412303329949784,2.8032708393245778
0.033882892426176515,0.5444030895142609,2.736096378727036
0.02595735424587036,0.5481157061828941,2.668976845706674
0.018298597473209693,0.5523508652527469,2.6018277335218087
0.010941058225925717,0.5570903906147043,2.5346432241665515
0.003918233902865856,0.5623133149970263,2.4674771516344856
-0.0027378906224227294,0.5679962634332677,2.4003202112442694
-0.008997516903586944,0.5741131232307404,2.3331445948900593
-0.014832687518591382,0.5806360671194636,2.2659870803269246
-0.020217511868369925,0.587535457943768,2.198868964155094
-0.025127770811237973,0.5947805238633413,2.131734858745324
-0.02954175944247806,0.6023386506769209,2.0645470865071407
-0.03343950358726202,0.6101758670979931,1.9974430905038296
-0.036804240743304184,0.618256804546929,1.9303815608672452
-0.039616288053601956,0.626545298566566,1.8631944876771922
-0.041864044485225245,0.6350036768756981,1.796024737301169
-0.043539219117022424,0.6435934651119888,1.7289779786540276
-0.0446353522122472,0.652276236008965,1.6618823798786757
-0.045147053541057545,0.6610131719381614,1.5946879824169622
-0.04507034530563923,0.6697647560818167,1.5275404396209251
-0.044406847576152944,0.6784916623699896,1.460429175568271
-0.04315944505878623,0.6871542641353439,1.3932824405947433
-0.04133245971685199,0.6957136475405351,1.326161540764776
-0.03893773962309771,0.704131617276439,1.2590042459211612
-0.03598571095677889,0.7123697921266758,1.1917945577416649
-0.03248743898733768,0.7203908395125596,1.1247341767706303
-0.02845842439810364,0.728159894567289,1.0577188121451362
-0.023917111885490335,0.7356416055825472,0.99053008312857
-0.018882895577201433,0.7428009083758669,0.923336123648889
-0.013379686298631644,0.7496063212983639,0.856278971185844
-0.007432890271920604,0.7560278301186933,0.7891658024906436
-0.0010687243069790733,0.7620362458433516,0.7219722055286951
0.005684192094780773,0.7676039505318224,0.6548359644783088
0.012795142073568962,0.7727068235100946,0.5877289140454802
0.020232532989860264,0.7773212828922191,0.520553791199384
0.02796325249245504,0.7814254202861849,0.45336926936091715
0.0359520609564893,0.7850007974453154,0.38622475928883704
0.04416250602847265,0.7880320190925966,0.31909096296483974
0.05255757655477623,0.7905059645737695,0.25196540529300626
0.06109959879836635,0.7924114783424299,0.18485244641907847
0.06975012005866897,0.7937401413790085,0.11771961168906314
0.07847033519440554,0.7944857795710965,0.05058635104792851
0.08722074247085002,0.7946440522146809,-0.01652967569199024
0.0959619629757978,0.7942139832815172,-0.08365467922112721
0.10465463280188624,0.7931983333776207,-0.15077874590065612
0.1132596166174128,0.7916022019725291,-0.21789400984088694
0.12173818462295757,0.7894333600274083,-0.2850345292064324
0.13005221055760127,0.786700972360141,-0.35221840620916006
0.13816432519996352,0.7834164040836046,-0.41936442849610894
0.14603801501486519,0.779595257823375,-0.48648727181736023
0.15363737066209723,0.7752538409785344,-0.5536627240497861
0.16092807229209372,0.7704118336332809,-0.6208478789184855
0.16787745884364674,0.7650915957255009,-0.6880020499081841
0.17523140151264333,0.758632251603854,-0.7557089970230073
0.18294144602186557,0.7508652429627002,-0.8243759555541456
0.19085629220705597,0.7417144261276577,-0.8926485269880576
0.19882428746270683,0.73112342864874,-0.9604787885517088
0.20668419182013792,0.7190458930698516,-1.0286697505815667
0.2142632392660744,0.7054506787464073,-1.0969856682752344
0.22139112547973294,0.6903261665902934,-1.1649583506897911
0.22762430689935179,0.6743862404319945,-1.2310411699706167
0.23283328160873937,0.6580909089359929,-1.29134842776766
0.2370949328485099,0.6415315907625263,-1.346250282394125
0.24046361438647051,0.6247737237269558,-1.3982835419422923
0.24297969233552183,0.6078720519198546,-1.4473185986875852
0.2446950445715233,0.590876482312422,-1.4926078405488423
0.24566555626497605,0.5738275392837877,-1.5347323973439333
0.24593818805616657,0.5567576276850894,-1.574398553524501
0.24555604999458852,0.539694228251825,-1.611603957165496
0.24456075006990827,0.5226597142274111,-1.6462732771880197
0.24299621372861666,0.5056717392445829,-1.678654485903052
0.24089834230522458,0.48874447721478154,-1.7091114209542897
0.23830174205646112,0.4718898012632225,-1.737742242815134
0.2352386307764972,0.4551165506749895,-1.7645781739607505
0.23174093518341451,0.4384312614854729,-1.7898412201455043
0.22783722084627095,0.4218389562361496,-1.8136442061766909
0.22355168068659656,0.4053429883946218,-1.8360741726340681
0.21890746068996747,0.38894647561879914,-1.8573059336705662
0.21392634102602118,0.37265131204892726,-1.877324961243637
0.20862958900944903,0.3564576586352498,-1.8962854284715114
0.20303509283950547,0.3403663690431472,-1.914347226671135
0.19715906878590408,0.324376933522117,-1.9314353282331123
0.19107485697428836,0.3086352851771096,-1.947744401904744
0.18489463578238724,0.2936362589930228,-1.982389494693424
0.17789664889491658,0.27883010475756725,-2.041810230794754
0.1703616279310485,0.2647064679816796,-2.077875987354496
0.16277727207619613,0.2513096586571865,-2.089494410241544
0.15546690215387393,0.23872612806733243,-2.1074772195110074
0.14832691754989394,0.22704998706690646,-2.131125615531915
0.14141386296510858,0.2161986810311684,-2.1430361416435244
0.13486500669340526,0.20607650764562374,-2.1466574167967933
0.12873289991611617,0.19667617898134643,-2.1512836099956973
0.1229736246134714,0.1879236559918199,-2.153340747676433
0.117482954571134,0.1795725350992109,-2.150918789216964
0.11225297153008822,0.17158197390712082,-2.1500710503680125
0.10725100076159025,0.16394788485460432,-2.151385063417544
0.10246570441096246,0.1566598027814925,-2.151418388157694
0.09789707755984015,0.1496973060717552,-2.150503323200603
0.09353196522748186,0.14304348960583052,-2.1504841785883775
0.08936099804696612,0.1366838854366658,-2.150834492545222
0.08537794406086593,0.13060921703191938,-2.150608629841034
0.08157507068628546,0.12480472803315187,-2.150284449304637
0.07794282607352004,0.11925800339294983,-2.150283537277018
0.07447283389729682,0.11395873610300486,-2.150269173152763
0.07115865058845632,0.10889576287963022,-2.150102611817053
0.06799345833778338,0.10405808311359736,-2.14998356812922
0.0649701729319925,0.0994358924611809,-2.149936806797143
0.06208247799002079,0.09501985130706266,-2.1498567135073645
0.059324511055802824,0.09080069516972747,-2.1497549157758793
0.05669042037138809,0.08676962783908976,-2.149682238356439
0.054174578362792755,0.0829184051232924,-2.1496218242202954
0.05177170903564219,0.07923910160371388,-2.1495521664524473
0.04783278920730041,0.07317272533082594,-2.1416943136786726
0.04402164070342814,0.06707096948750202,-2.1128705208860805
0.040674160342527056,0.061258609207430814,-2.070401046171201
0.03787994220326353,0.055868460133827715,-2.027561131488326
0.03556934269740559,0.05086040690038402,-1.9802327954566927
0.033748052607678776,0.04629506057183858,-1.9210771380524605
0.03241026192517523,0.04220427807321704,-1.854395166459712
0.03137337402133371,0.0381272025473042,-1.786392001630919
0.03061757115310807,0.034012073908130026,-1.7195601854791887
0.030137598726913455,0.029854959729460798,-1.6528041162388032
0.02993741883237416,0.025675188352797047,-1.585366184078657
0.030019097293361805,0.02149065589494094,-1.5180755053260429
0.03038077100903159,0.01732045689035191,-1.4511235880167213
0.031016223524091516,0.013211716316063946,-1.383988059932369
0.031936615254455875,0.009108574699783888,-1.3167177107926038
0.033116670484539444,0.005126930736530488,-1.2496125462927465
0.03458874478239734,0.0011662765901014139,-1.182563062572376
0.03629794120540242,-0.0026307488407341572,-1.115416817121924
0.038285888640210174,-0.006362451080304795,-1.0482352379930466
0.040478600866796874,-0.009892450719762635,-0.9811301817339733
0.042935843976139004,-0.013307810356712491,-0.9140202166629297
0.045567093234334756,-0.016488388573626105,-0.8468618163754847
0.04843506836291725,-0.019516008884223897,-0.7797151928904913
0.05152785492644773,-0.022370137946055,-0.7125852085657838
0.05482950004080468,-0.02502941332759555,-0.6454370412345064
0.05821814645363066,-0.027401232198344762,-0.5782771962318843
0.06177327683913061,-0.02954830569461884,-0.5111156403656504
0.06547643793320355,-0.03145714900567423,-0.44395147953312447
0.06930504607306401,-0.033114838600988204,-0.376789863774406
0.0732377807713844,-0.03451521642778516,-0.31146110048938813
0.07738619164482544,-0.035704948244314604,-0.25091157604796177
0.08145460778068647,-0.036618816280250516,-0.19480307510363734
0.08567069669972165,-0.03733182558398153,-0.14390011051827217
0.08989849925298377,-0.03783800817734994,-0.09733115696464543
0.09411549381522465,-0.03815100811700135,-0.05335318967932587
0.09830989670157803,-0.03828368978751584,-0.012346671819342889
0.1026834187172821,-0.03824402943785768,0.030103780947741805
0.10691637052972344,-0.03801758923294005,0.07311024950328839
0.11110949475738408,-0.03764598463455948,0.0998367161296282
0.11537337385453525,-0.037170748877991294,0.12164785529019072
0.1195667386029146,-0.03660112304822793,0.14776339411607897
0.123827858376482,-0.035911669545790684,0.170944942723293
0.12804078987689732,-0.035145061191099426,0.18767638209985163
0.13219967185910883,-0.03432042802197215,0.20348018589209832
0.13643562202521783,-0.03341075609616786,0.21877531319820503
0.14062481429463314,-0.03245200070337762,0.23032986501466202
0.14476315129894368,-0.03146036363584189,0.23979333625791144
0.14898329564420812,-0.030408703171016575,0.2483308299723636
0.15315840419308863,-0.029335429167591208,0.25453517802306524
0.15728563706751553,-0.028251185806416248,0.25920310714432454
0.1615005370551139,-0.02712503306244592,0.2627678873334832
0.16567497222915123,-0.0259978032931494,0.26443157884229357
0.16984813294670295,-0.024866081549262568,0.26495393986591237
0.1739943785541932,-0.02374104881655062,0.2647510544056991
0.17813989411143838,-0.02261890293236232,0.2635753858040489
0.1822947273297999,-0.021501743687239724,0.26125324589620796
0.1864671192027006,-0.020392109633812158,0.25801867349750424
0.19066483334234027,-0.019291753577313477,0.25401506744791763
0.19488186947823682,-0.01820589017623286,0.24923753862935882
0.19914597189096755,-0.01713106561400036,0.24374694942534145
0.20346473856464756,-0.016069118010414763,0.23756904584333527
0.2076082030390893,-0.015078117771454423,0.2312160767634809
0.21180848476149383,-0.014101062951429011,0.22509847733879593
0.2160759335074255,-0.01313735609157236,0.2181699883929829
0.22040976865586312,-0.012192317823240097,0.21045480827426646
0.22481431785700556,-0.011268345830556485,0.2026626588658921
0.22904206905831667,-0.010415600709086516,0.19505376082079648
0.23333588607171626,-0.009583269748965834,0.1875648966042944
0.23770503111588856,-0.008771451815724371,0.17960425472913344
0.24189904733149417,-0.008027480827554917,0.1716070981088889
0.24616813977613947,-0.0073045050038487765,0.16409960834213067
0.25052135649227875,-0.006601387913078509,0.15633734539511301
0.2549563009229133,-0.005921368627926213,0.14823847363089693
0.2592117898606721,-0.005303758822404307,0.1404767451315852
0.2635474215193388,-0.0047076303800161635,0.1331767634285683
0.26797215070717517,-0.004132340316115315,0.12568308147897359
0.2722175616084257,-0.0036128283509526283,0.11822161886658114
0.27654365778785084,-0.003114979809613461,0.11125245776052804
0.2809658364583602,-0.0026367695710158463,0.10435614720121898
0.28520835935905714,-0.0022075553679465347,0.09750008353841494
0.28953875771279824,-0.0017985353614108405,0.09101647692198438
0.29396509247684893,-0.0014088164803914534,0.08470203947780108
0.29849103530255017,-0.0010388613143542337,0.07845374636833166
0.3028317166015642,-0.000710689248670555,0.07248137549225532
0.30726262116127867,-0.00040132487150085694,0.06684886775028429
0.311792214662792,-0.00011020687902567242,0.06136510047790593
0.31613583607801876,0.00014542788771942263,0.05607030137212632
0.3205765515027593,0.0003842757018872796,0.05106201065070498
0.32483453433195913,0.0005924549447080437,0.04626853960675789
0.32919330714873646,0.0007851036774554679,0.041686188737070355
0.33366081152500515,0.0009625568085968151,0.037356874173331264
0.33794447135876954,0.0011146091787154002,0.03325894549464127
0.3423347517148293,0.0012527609566382453,0.029356547810464415
0.34683962105426763,0.0013773997667128935,0.025697349585167478
0.35115895778244455,0.0014816012375808373,0.022273282964953824
0.35558313509613393,0.0015734839235907927,0.01901870844187486
0.3601273810527246,0.0016535227635358983,0.01600245807044372
0.36448444387814966,0.001717635528016556,0.013208880310321367
0.3689517691623597,0.0017711400182165236,0.010550889387620532
0.3732347400219536,0.0018114135298451948,0.008071646701580932
0.37763828863882204,0.0018422236982303713,0.005767179228750291
0.38204228564463555,0.0018632799204684742,0.0036779058706318548
0.3863917615918361,0.0018753292589735627,0.0017525798624332275
0.39067142737521965,0.0018790370085151114,-6.384562724603422e-05
0.3949928704617919,0.0018834627826033845,0.005537489829527685
0.39930437265643287,0.0019324539118048456,0.016252323342765267
0.40366380219927733,0.0019824687708181357,-0.00019813370521363653
0.4080614284117252,0.0019097893876130168,-0.03800870591367328
0.41246203191039565,0.0016587494471620807,-0.08085734773950698
0.4168685746481069,0.0011961209736970082,-0.13673412184252745
0.42124492079996045,0.00045042848739777416,-0.20894279160022367
0.42551772027935214,-0.0006058605690914235,-0.2802733637058269
0.4297181393174496,-0.0019506635205782383,-0.3435402968719832
0.43384231676557394,-0.003567737293003525,-0.4095067921542091
0.437796268947551,-0.005439745493274961,-0.47921968185741864
0.44160799421408786,-0.007577630287151097,-0.5462401245790965
0.44526820059296224,-0.009962295338859506,-0.6120245551415809
0.44876392444915625,-0.012588542481370483,-0.6797222627950636
0.4520733825745936,-0.015447100004617851,-0.7475444181613264
0.4551818141496411,-0.01852061873537543,-0.814305482095517
0.45807826499739684,-0.02179584256098583,-0.8813059455447172
0.46074804664777175,-0.025260429139641785,-0.9487996904592509
0.4631778353987634,-0.02889709671760648,-1.016017934902694
0.4653580807399982,-0.0326883065825957,-1.0830370544913048
0.4672798906233768,-0.03661768997822961,-1.150241177639808
0.4689346257381278,-0.04066748556917729,-1.2174678050683074
0.4703144370061397,-0.044819132261997054,-1.2845328221581402
0.47142600124382456,-0.04911142425120511,-1.3516805559029195
0.4722482489450737,-0.05347687848682923,-1.418925607279731
0.47276792246576965,-0.057827175476209594,-1.4861326633603527
0.4729942652693262,-0.062208587133220555,-1.553289644606315
0.47292672920434653,-0.06659902104458905,-1.6204910417151153
0.4725661746548826,-0.07097737322805792,-1.6876987774950805
0.47191198138045426,-0.07532414629501427,-1.7548604932564775
0.4709632343318513,-0.07961845675367402,-1.8219945978336753
0.46972950314786505,-0.08384034824149587,-1.8891465155839733
0.46821539304178805,-0.08797142330515537,-1.9563310109188539
0.4664264921686066,-0.09199323236053124,-2.0234937687172185
0.4643691237109058,-0.09588841541887427,-2.0906010114099285
0.46205280578187935,-0.09964065121208926,-2.1577345349234296
0.4594639280588067,-0.10326512285265761,-2.2249244293813213
0.4566120023036643,-0.10673835267732747,-2.292104818534786
0.45350858966187263,-0.110037974156064,-2.359276772036977
0.45016744558912825,-0.1131427238960944,-2.4264471101746636
0.4466045328020972,-0.11603302984660865,-2.4936167492710446
0.44283741165366686,-0.11869060391835105,-2.5608068707142877
0.4388852671420518,-0.12109871758558581,-2.628005007494792
0.4347688133680314,-0.12324258468628965,-2.6951924222205745
0.4305100364752584,-0.1251090913727138,-2.7623722183062
0.4261319879527344,-0.12668746133364042,-2.8295368792544804
0.4216585924167967,-0.12796895439026473,-2.8967020384996087
0.4171144265735553,-0.12894677186899156,-2.9638707117588154
0.4125246240930285,-0.12961636073810268,-3.031025924410849
0.40791446294068046,-0.1299753911803346,-3.0981778832665237
0.4033093908710903,-0.1300243316414549,3.117834755025275
0.3987346762992409,-0.12976605951312883,3.050678752106245
0.39421496050560767,-0.12920649750749222,2.983505542089843
0.3897742264738857,-0.12835206725091078,2.9162909883890435
0.3854357238195689,-0.12721187412200866,2.849094160288105
0.3812215567266738,-0.12579670717389524,2.7819414699815392
0.3771529424340349,-0.12412084131981395,2.714817185581891
0.37322017337408303,-0.12218665652477412,2.649613139224943
0.3693748709913068,-0.11998756802860518,2.5910169360024664
0.3657281289200379,-0.11763224552116214,2.543471912839741
0.36217414036773504,-0.11512349081846547,2.5093432312296735
0.3587051669770281,-0.11251220940797362,2.481653617617654
0.35534007437746223,-0.10983622681916469,2.4566980073705857
0.3520289489198785,-0.10707710100957055,2.437237577104094
0.3487872204807143,-0.10428446159204874,2.4242917549665477
0.3455520912036576,-0.10143351296231606,2.414869200350046
0.3423488584302603,-0.09856458178704548,2.4086293653664437
0.339164855562522,-0.09568560968230863,2.4056638528747047
0.33598649501207195,-0.0928020200436238,2.405385916032772
0.33280324514095894,-0.08991546670520312,2.407323918764294
0.329655752988518,-0.08707193666925782,2.4109937922249216
0.32648186644590177,-0.08423717292255119,2.4159321885400127
0.3232765028319519,-0.08140796073757123,2.422676147878913
0.32003239159337826,-0.07858823154725422,2.4309950706837826
0.3167962899554456,-0.0758250165540262,2.4399801507452326
0.31351328524423466,-0.07307359771411226,2.449335711629355
0.31023374679115595,-0.07037955467722778,2.4594772561741474
0.3069009514520765,-0.06769969895607447,2.4700199164081384
0.3035675690947976,-0.06507787974595998,2.4807393386770658
0.30017759424088986,-0.06247050674820432,2.4915161875220084
0.296786546992808,-0.05992077870023099,2.5023828578245055
0.29333761408155173,-0.0573857921989214,2.513096398955283
0.289888538532471,-0.054906945095787835,2.5235930642201523
0.2865553586516266,-0.052521169077885066,2.5189231105974326
0.283282670989485,-0.050111314162848405,2.482188047842858
0.27986906888116314,-0.04731464691702747,2.4225388070136997
0.2765346171230962,-0.044210082688020264,2.3577572337989103
0.2731958884851779,-0.04066520260828508,2.290896804819741
0.2700279423641051,-0.03681035559770583,2.2226643825448305
0.26705761378068754,-0.03265395250671764,2.15562902798138
0.2643040762011168,-0.0282121900245975,2.089011950031167
0.261803122794883,-0.023493193473101567,2.0215991156355217
0.2595817368872533,-0.018512701230603345,1.9542026602525449
0.25766453775451337,-0.013293402430119151,1.8872815417518274
0.2560730082002063,-0.007857886958952736,1.8201764466088166
0.25482779719056686,-0.002230189482051119,1.7528205383052347
0.2539525740407145,0.003561958084316277,1.685651768217354
0.25345860297865386,0.009489403221125608,1.6186163802586186
0.2533641195564598,0.015521847855339391,1.5514598611808545
0.2536789053321287,0.021627354959587373,1.48426066393565
0.2544131434369553,0.027771946701330034,1.4171397434527053
0.2555716304347073,0.03392197647259829,1.3500309337868281
0.25715654787010345,0.04004250715452252,1.2828152689717818
0.25916570630707325,0.04609757933161551,1.2155570941955582
0.26159602041123203,0.05205166771182811,1.1484035687779235
0.26444050941418595,0.05787034697837874,1.081364147577643
0.26768983032227417,0.0635196127730622,1.014241330820634
0.27132904191083745,0.06896594531687304,0.9470107193001633
0.2753411826961433,0.07417646123845811,0.879858516423216
0.2797061877610795,0.07912093964344412,0.8127686246790498
0.28440217238817905,0.08377046480212429,0.7455932600186471
0.2894050132609211,0.08809735383108214,0.6783880378938439
0.2946855841319355,0.09208063070949798,0.6112205415379401
0.30021539331741026,0.09569606999794757,0.5440460986313304
0.3059617829779627,0.09892807127489665,0.4768495007670179
0.3118947040054317,0.10175603852678282,0.4096667355596007
0.317978212297394,0.10417051710589773,0.3425049321197726
0.32417856723750643,0.1061602327310561,0.2753595873526785
0.33045986956899637,0.10772008448841053,0.20820268820718354
0.3367863505254374,0.10884676691469593,0.1410459591179099
0.34312235723273304,0.10954026716021228,0.07390840413341943
0.3494325411525814,0.10980378489859235,0.006757412362872554
0.3556819995067271,0.10964455231286531,-0.06040758578156336
0.36183682990070143,0.10907273634821466,-0.12754926588692117
0.3678647469623884,0.10810155327870322,-0.19469096677995645
0.3737349709663237,0.10674755764597567,-0.2618720216366387
0.37941825401292706,0.10502765294543563,-0.32906894899588895
0.38488776852125484,0.10296290530950401,-0.3962316056212003
0.39011903804606507,0.10057573788790139,-0.4633912491283861
0.39508975510900796,0.09789053375986927,-0.5305860810014013
0.3997796950678688,0.0949336036928519,-0.5977853307012437
0.4041724243238191,0.09173245315762386,-0.6649716750855416
0.40825372517156655,0.08831610808100793,-0.7321625808339153
0.4120127334836491,0.08471406454676347,-0.7993537604608699
0.4154412330324714,0.08095622977440303,-0.8665204288296021
0.41853410771355837,0.07707216861210604,-0.9336716828803132
0.4212885514803781,0.07309189209819292,-1.0008588899864015
0.4237049675216617,0.06904454231623297,-1.0680540094522815
0.4257861905370257,0.06495883140811123,-1.1352024117300694
0.4275379755099117,0.06086240675388416,-1.2023198023489297
0.4289961344839712,0.056699666656967934,-1.2694745033061854
0.43017490583802365,0.05243719629269483,-1.3366758407281278
0.43105642654287146,0.04813134889369871,-1.4038426934046513
0.43165079548532914,0.04374847086436818,-1.4709606862296771
0.431948230669651,0.039354629308656776,-1.5380932696231122
0.4319510908726897,0.03496781920930203,-1.605258658067094
0.43165642812469596,0.0305470147358163,-1.6724157187124502
0.4310708807745246,0.026167733650212695,-1.7391003322510452
0.4301983814396374,0.021851137934048727,-1.804191409258124
0.42905797972851584,0.017613055977185925,-1.8673751788354773
0.4276570153066875,0.01346719283435539,-1.929135420135319
0.42601103636036936,0.009426266399876761,-1.98949024557101
0.4241030180648688,0.005442533686921532,-2.048534079886894
0.4219708746207886,0.001586854497119196,-2.1065913551376543
0.4196290214805609,-0.0021281871590589606,-2.1629016595573423
0.4170939127077811,-0.005695652600663365,-2.2173464973589256
0.41438115375836376,-0.009110136681561309,-2.2703815464155883
0.4114575264028117,-0.01241845659631109,-2.3222113673028613
0.4083796651703687,-0.015563768562398791,-2.3728050603419284
0.40516216366329033,-0.018540213990744337,-2.4216712784642977
0.4018197753861673,-0.021345808387941482,-2.468912360822697
0.39836495933553695,-0.023979366848466525,-2.514795353127836
0.3947517625229041,-0.026482786934714522,-2.5594231256942477
0.3910484200940817,-0.02881363348154754,-2.6028332809128343
0.3872689708245058,-0.030972634113208816,-2.644685664923415
0.3834248589083984,-0.03296335668800198,-2.6850643484515007
0.3794606346031537,-0.03481978553865392,-2.724305036641077
0.37544901725725105,-0.03651205316276798,-2.762457015839367
0.3714016730906031,-0.038043422068749,-2.799151105626016
0.36725839578936,-0.039442381333878056,-2.83459018308853
0.3630935912545437,-0.04068773232766671,-2.8690824791813454
0.35891516754333763,-0.04178075335274692,-2.90233232552663
0.3546623249461954,-0.04274805626023946,-2.934383676856181
0.35040871390254585,-0.04357440974408878,-2.965526053827144
0.34609066318312603,-0.044278270709256815,-2.9956579594089496
0.3417833573149371,-0.044850254869414484,-3.024787306756042
0.3374936198502161,-0.04529561433455531,-3.0528739524656032
0.3331526290299944,-0.04562518785281545,-3.080072943254861
0.3288349993410156,-0.045836395508487435,-3.1065181996823963
0.3244740318772543,-0.04593621903815482,-3.1320839660200006
0.3201440113979811,-0.04592624073199457,3.126338811716333
0.3158500172631575,-0.04581199249509958,3.1024075840329033
0.31152092847902507,-0.04559483873556752,3.0792103496859142
0.3072298374003772,-0.04528092945768316,3.0566146490714843
0.3029089291170228,-0.04486830434125985,3.0346968150334375
0.2986308786404742,-0.04436642752251004,3.013380367287901
0.2943273804981594,-0.04376951565163093,2.9926490650820248
0.2900702735272917,-0.04308973693140425,2.972428508339169
0.28579166953528484,-0.042318991112410144,2.9527368871906643
0.2815556812092545,-0.04147113258349683,2.9334778283873946
0.2773580003443595,-0.04055024555684285,2.9147419685681824
0.2731834439942878,-0.03955272790631055,2.8964949430423084
0.26901937571390305,-0.03847642787330974,2.878602348319249
0.2648602458121896,-0.037320262002749315,2.861036230519554
0.2606866857940945,-0.03608132543429308,2.843800387708406
0.25649335803590184,-0.03475752875169166,2.826836458654101
0.25238597718805883,-0.03338429570585271,2.8102511162390416
0.24824401288721323,-0.031923808179877146,2.7941317584573295
0.24418090938374054,-0.030417479841414352,2.778266191675962
0.2400645002040775,-0.0288171775028718,2.7627258859823263
0.2360145340156369,-0.02717035036070616,2.7474550503896413
0.23202807510094903,-0.02547726076338698,2.732650778706525
0.22810336936549735,-0.023742059573386237,2.7182996825422157
0.22409951334665712,-0.021903782398098995,2.704143828742165
0.22014164817004117,-0.02001684708716996,2.6900910974934256
0.21623351918450245,-0.01808865421835248,2.6765168613190182
0.2123741150103865,-0.01612144939698138,2.663388697495317
0.20855565782168814,-0.014112222166187596,2.6505059016406824
0.20477716276998664,-0.012062053390708675,2.6379127204954282
0.20103839317638894,-0.009973200957199838,2.6256851996504005
0.19733183864562936,-0.007843231259646505,2.613764946308763
0.19350736449615563,-0.005584750960561751,2.601979941370266
0.1897153811963339,-0.003285087660388042,2.5902678094301432
0.18596201306693252,-0.0009489529790540942,2.5789482280531666
0.18224675317846392,0.0014209954103569012,2.5679891361012257
0.1785683038081527,0.0038242720891652825,2.5572239422881378
0.17492616885238824,0.006259313599978819,2.5466947255692207
0.17131966892174566,0.008725442105595886,2.536458782562224
0.16774785691856184,0.011220860694276415,2.5264657530247474
0.16421004083998922,0.013745064015324318,2.516684675274828
0.1607054897376121,0.016297007896873977,2.5071342237137753
0.15723349626491334,0.01887566731162125,2.497806394482181
0.15379331865572457,0.021480265737631156,2.488681768860726
0.15038430365057218,0.02410999126056997,2.4797526845686875
0.1470058411048861,0.02676421439933793,2.4710154070811328
0.14365711459173197,0.02944211563836354,2.462457114432167
0.14033690174351046,0.03214290352417434,2.454068934186813
0.13704625127204048,0.03486632463774758,2.4458438836422607
0.13365078982362336,0.03772322541992154,2.4376583353566543
0.13028431606640925,0.040603753448406596,2.4294196023249253
0.12695237600868187,0.043501938396049,2.4213996112247327
0.12365417450674175,0.04641719888187384,2.4135927224213543
0.12038915821091811,0.04934900898732134,2.4058536077028916
0.11715644071688124,0.05229743829906835,2.398202937415473
0.1139548620000234,0.0552617706380497,2.3906956423865506
0.11078453131595466,0.05824198388303727,2.38329446295725
0.1076443802055603,0.061237608048423216,2.375972195076725
0.10453381456626018,0.06424856356781491,2.3687404461251216
0.10144722184304152,0.06727949368426774,2.3615960668522513
0.09838428645207763,0.07033044137638203,2.354512853738537
0.09534467750943343,0.07340093906919956,2.347489795913819
0.09232338217026165,0.07649603660664277,2.3405257135081636
0.08932020365596588,0.0796154149909849,2.3336046119131457
0.08633543843038861,0.08275887001610636,2.326723501163977
0.08336428912966086,0.08593113062086656,2.3198805371711657
0.0804071020272506,0.089132123211007,2.313062538818668
0.07746422978739997,0.09236116973464333,2.306265886123264
0.07453151095671039,0.09562339804137633,2.299492696930659
0.07160458048246665,0.09892355329983007,2.292727713361764
0.0686843906544181,0.1022614203468096,2.285961027613036
0.0657719097751976,0.10563605638034411,2.27920315279099
0.06300390149491347,0.10888717214263266,2.272607266595915
0.060239272640610866,0.11217686890398632,2.2662756463823146
0.057468056175704954,0.11551738257980539,2.2598232129769515
0.05469209432267482,0.11890859207971045,2.253237632862142
0.05191336160482453,0.12234893022377391,2.246715287420539
0.049128821064339516,0.1258429206015763,2.2402161199472195
0.04648278998064891,0.12920756331526875,2.2338078676257993
0.04383258426708815,0.13262130737473685,2.2276540340421938
0.04117326256265543,0.13609110720271134,2.2214013135597868
0.03850241437188364,0.1396218802719529,2.21500312945729
0.03582242382089693,0.14321227110752183,2.208643227587969
0.03327636537389169,0.1466684177086309,2.2024640861684954
0.03072295664118711,0.15017872267407747,2.1965000777297927
0.02815344523316622,0.1537563715400141,2.1903895343049395
0.025570252846029727,0.15740031845863395,2.1841502815221183
0.023116654258527804,0.16090726975094766,2.1781183686060612
0.020651987262799824,0.16447433032070852,2.172358859358829
0.018171773907999622,0.16810902084592572,2.1664195048579846
0.015678768826104,0.17181020333710664,2.1603339277157607
0.013311404736253972,0.17537091116294906,2.154472474228421
0.01093360361915863,0.17899163892563333,2.1488868578849996
0.008541206059884487,0.18268012822560353,2.1431127181448195
0.006136854693769706,0.18643505578641598,2.1371887660673456
0.0038541792912231694,0.19004638374455532,2.1314874534077584
0.0015620672466698034,0.19371775067324437,2.1260572878433512
-0.000743913299411067,0.19745689824115112,2.1204394127427553
-0.0030608629962891767,0.2012626822088164,2.1146645762783356
-0.005260157796034244,0.20492187743710572,2.1091013179350218
-0.0074681982282429026,0.20864114021694258,2.103807205516577
-0.009689223457803039,0.2124283038560562,2.0983247894534016
-0.011920472252783967,0.21628202955890136,2.092683635594178
-0.014037953139537257,0.2199864349410386,2.0872526692003954
-0.016163459783681996,0.22375087247682154,2.08208050981064
-0.018301097975035402,0.2275832269893245,2.076713561565182
-0.020447998851684395,0.23148211055758233,2.071185143198295
-0.022484684280204236,0.23522913943296986,2.0658625750958794
-0.02452874923728172,0.23903615620228988,2.060795521946832
-0.026583615908912842,0.24291128895977782,2.0555243756746626
-0.02864680702996036,0.2468529351663107,2.050079130192277
-0.030603361526486374,0.25064036763765857,2.0448379230515
-0.032566241286541245,0.2544878294873792,2.039850891323161
-0.03453895568178529,0.25840354985448166,2.0346549902313305
-0.03651893336675101,0.26238591381706683,2.029285665688769
-0.03839579055553727,0.2662118425648828,2.02411358891532
-0.04027805096687374,0.2700979088654551,2.019187365507164
-0.04216895033991814,0.27405234902771214,2.014050868742156
-0.04406585740608524,0.2780735759745476,2.0087419843551557
-0.045863171505959435,0.28193623788098243,2.0036250373792632
-0.0476647161202063,0.28585908530242604,1.998740089135188
-0.04947361122698132,0.2898504985715409,1.9936399201626744
-0.05128742677240197,0.2939086700589332,1.9883680321331632
-0.05310388381526339,0.2980310315976285,1.983137722888514
-0.054823871624055075,0.3019900260281585,1.9780327279844092
-0.05654537445685944,0.30600729459285475,1.9730771865320609
-0.05827120262805578,0.3100911168158068,1.9679587423654632
-0.05999914487667512,0.31423971345852114,1.962690188909751
-0.06163404357256852,0.31822340661846343,1.9575777564140822
-0.06326966886479812,0.3222655701273488,1.9527032336804584
-0.06490876249946656,0.3263746396679983,1.9476288014360148
-0.06654891137432345,0.3305490531956171,1.9423545659074253
-0.0680996083219453,0.33455697407499263,1.9372527940151607
-0.06964990226146087,0.3386235951741117,1.93240722070541
-0.07120271127815485,0.34275751417920464,1.9273445858637872
-0.07275535775348188,0.34695711818900865,1.9220799109167974
-0.07422210443287754,0.35098868800048294,1.9170000331238743
-0.07568757481670078,0.3550793596354142,1.9121679712481794
-0.07715414713048752,0.35923767286020836,1.9071089631505826
-0.07861938415252501,0.3634618955391486,1.9018522833578384
-0.08000225836713709,0.3675166941730567,1.8967881592953761
-0.08138265641220213,0.3716307610015664,1.8919634831507761
-0.08276290531981467,0.3758127720333321,1.8868971886717922
-0.08414059489045331,0.3800608143236751,1.8816360093209534
-0.0854394635938721,0.3841380241364547,1.8765724770651062
-0.0867347503939899,0.38827457456732595,1.871750292610705
-0.08802880709367904,0.3924791519623676,1.866693240137928
-0.08931900439836692,0.3967499452893666,1.8614376364000256
-0.09053404506077335,0.40084846040413963,1.85637049277412
-0.09174444383353816,0.4050064244317916,1.851546883397122
-0.09295219739881776,0.40923256072354014,1.8464916754810585
-0.09415503317480886,0.413525009830019,1.841239569621593
-0.09528621777340027,0.41764395914383295,1.836168826093034
-0.0964116503148082,0.4218225280614716,1.8313235648667792
-0.09753306076185783,0.42606947662838407,1.826225655136155
-0.09864808876513842,0.43038292762949426,1.8209072541476987
-0.09969477144992595,0.43452160877829865,1.815757890341147
-0.10073421112306052,0.43871999948119067,1.8108411213866529
-0.10176800584092749,0.44298697460323627,1.80562690277377
-0.10279328896388838,0.4473205924626884,1.8001270193382615
-0.10375296203347723,0.45147840584086785,1.7947875854934139
-0.10470346365841972,0.455695930590674,1.7897018645453093
-0.10564582955008948,0.45998210305206766,1.7842773166244665
-0.10657719911560068,0.464335071808145,1.7785103602720989
-0.10744561702453295,0.4685112437645131,1.7729006211393668
-0.10830244125506762,0.4727470353449567,1.7675694442425574
-0.10914861294234629,0.4770515552917153,1.7618676875516082
-0.10998113236597512,0.48142288484781576,1.7557979283074872
-0.11075361456885655,0.4856163284578609,1.749907513367833
-0.11151201805250598,0.48986927375114775,1.7443064917508246
-0.1122570579570019,0.4941910843538618,1.738300519917756
-0.11298559943167817,0.4985798355296164,1.7319028846914704
-0.11365700087214121,0.5027896375227306,1.7256920170990384
-0.1143115268716268,0.5070590740502566,1.7197773918799732
-0.11494958263935423,0.511397575810374,1.7133753029635868
-0.1155675182779036,0.5158031408427076,1.7064763297224497
-0.11613064392288001,0.5200287896720576,1.6997459531971697
-0.1166732683596813,0.5243138021653319,1.6933256769124518
-0.11718486348516557,0.5285800518958852,1.6864118160691621
-0.11767423981282786,0.5329217863175358,1.6791132917266771
-0.11812906042798152,0.5372421388121349,1.671725147796016
-0.11855104632944172,0.5415570467509672,1.6642985807779775
-0.11894158136184807,0.5458868956464468,1.6565752677140972
-0.11929991840049563,0.5502463098880438,1.6484129266249772
-0.11962492269394427,0.5546535098555697,1.6397607992398051
-0.11991424475903767,0.5591231151669871,1.6304524494881363
-0.12015089103667917,0.5634097313239219,1.620929179832003
-0.12034985710915763,0.5677508784640486,1.6116758251964414
-0.12050885940448527,0.5721559196325935,1.601257288471016
-0.12062029223420728,0.576621709766186,1.5894127048741418
-0.12067590223413746,0.5809034524212014,1.5775603391208493
-0.12068233737791395,0.5852347385914828,1.566235018050948
-0.12063618358711635,0.5896254560385279,1.5532184931140764
-0.12052749652863391,0.594072408428873,1.5383643663019733
-0.12034880780650088,0.598568123462224,1.522727442832969
-0.12010980887460905,0.6028753577183975,1.5070596313759237
-0.11980125687644595,0.6072214492489286,1.4916064089825019
-0.11941740583947058,0.6116151046195001,1.4741443096026805
-0.11894728106803083,0.6160505542688376,1.4546038374798342
-0.11838253024447187,0.6205193347588143,1.4340323313952046
-0.1177526339990293,0.6247937137215587,1.4134049753732305
-0.11702932213651675,0.6290898829609354,1.3931771664253496
-0.11620728700956766,0.6334152806294665,1.370593105339269
-0.11527227666801701,0.6377633472352277,1.345581055347986
-0.11421808160522817,0.6421230710047804,1.3195245473829238
-0.11309638844177734,0.646280077109973,1.293535577918634
-0.11186056251149498,0.650436052389476,1.2680797061462392
-0.11050181335549944,0.6545970585310354,1.239980561742982
-0.10900829419092824,0.6587526480182669,1.209182435946975
-0.10737342752643751,0.6628888671419049,1.1772699785997263
-0.10559269219142617,0.666996955565388,1.143949776260542
-0.10366118573928812,0.6710663416199738,1.1085246622466172
-0.10166616595414818,0.6749102894021058,1.0729802422822234
-0.09952773787668774,0.6786996372298012,1.038908423277881
-0.09724166093168578,0.6824394645523343,1.0020252687114906
-0.09479694268133534,0.6861153751433814,0.9619540107124241
-0.09218959124730174,0.6897096251042549,0.9209460866450182
-0.08942004798523974,0.6932101375535442,0.878761478109055
-0.08648629203538304,0.6966046660280397,0.8344150630717259
-0.08338794326544316,0.6998785822760294,0.7883141613748347
-0.08026087132064198,0.70289128391946,0.7427952116132729
-0.0769904785016886,0.7057729970328708,0.6990309259235264
-0.07357308953597365,0.7085222349014626,0.6522636715283995
-0.07000541176122628,0.7111185768496959,0.6024714000714213
-0.06629279532392414,0.7135455228736084,0.5521025434326454
-0.06244316521114747,0.7157919551930757,0.5006637596139679
-0.05846191167039218,0.7178439107604524,0.44717255929527494
-0.05435705698185976,0.7196851133165321,0.3922040571456849
-0.0501387957126237,0.721302699119527,0.3361908554524772
-0.04598314894593858,0.7226347374702983,0.2808236208571395
-0.041746410155394084,0.7237434823991525,0.2275537344035498
-0.037431044401059654,0.7246256418213375,0.1717048264612717
-0.033046928561577205,0.7252623104258986,0.1129485826334946
-0.02861129641384119,0.725640928447334,0.05375278672934927
-0.02414029013222614,0.725756118914601,-0.00613342301046003
-0.01964935283841041,0.7255992524237973,-0.06778638183927299
-0.015157156980738355,0.7251609916693929,-0.13077692197085908
-0.010496796546226856,0.7244051471316278,-0.19495911598246263
-0.006218292589200678,0.7234260475807069,-0.25843062556661045
-0.002000539252839147,0.722182887520892,-0.31850511336438764
0.0021568214647892316,0.7206774070823891,-0.3810250905627988
0.00623159292842378,0.7188975480864662,-0.446828901547144
0.010198772691154956,0.7168426714967223,-0.5126605642862533
0.014038789538636865,0.7145211850551659,-0.5787906542042978
0.017730887523945953,0.711937397417585,-0.6464044698034483
0.02125199902597333,0.7090992452081025,-0.7141413037174287
0.024475440497219635,0.7061236353283873,-0.7802910723588637
0.027508292529949328,0.7029319802683228,-0.8457433882190681
0.030336711435021882,0.6995292610555355,-0.9133920786173146
0.032938058008174495,0.6959266138085187,-0.9814937712925242
0.03529903001114557,0.6921431305139969,-1.0483216670831954
0.0374097661572664,0.6881964706978579,-1.115250967068355
0.03925635760647212,0.684102482394686,-1.1828576201498808
0.04082690972601328,0.6798800379387555,-1.2502234162608326
0.0420750146893796,0.6756813615992096,-1.3172610551733308
0.04304233046997377,0.6713930747347361,-1.3845118382577277
0.04372218906506863,0.6670303050032775,-1.451876890350665
0.04410864061498571,0.6626130700691649,-1.5190741475406222
0.04419801432126561,0.6581612665463991,-1.5862629131708166
0.04398708308714029,0.6536951972109091,-1.6535471595618565
0.04347383426601563,0.6492343516295614,-1.720823615691539
0.04265942532398235,0.6447989443453952,-1.7880762573289866
0.04157592619576521,0.6405367076763789,-1.8553543795234153
0.040200801693019796,0.6363356070341942,-1.9226167796655527
0.03853746362348269,0.6322116211416883,-1.9898436094137197
0.036588905862397346,0.6281828109570411,-2.057091391831437
0.034360245380063784,0.6242689184553347,-2.1243580397554958
0.03193155313066964,0.6206015152429146,-2.1916109894190448
0.029243003673764135,0.6170803079119337,-2.2588594705911174
0.02630036346321172,0.6137217178192601,-2.326116143077463
0.023112788273366706,0.6105426029605192,-2.39338015551013
0.01979461689364071,0.607650767865592,-2.460645390316934
0.016257346057634566,0.604964282694072,-2.527914241003531
0.012505540390163633,0.6024945306651275,-2.595187844409143
0.008682590719253687,0.6003315702548486,-2.6624690061594394
0.0046737000657760056,0.5984072217385618,-2.729750647599097
0.0004896386612212919,0.5967349504961716,-2.797014185153954
-0.003702814741048402,0.595378015782301,-2.864258573437666
-0.008036578839185318,0.5942908984202216,-2.9315100176260414
-0.0124985715204883,0.593485832847051,-2.998764797316651
-0.016905143797464137,0.5929932994472129,-3.0660113629988985
-0.02140241650646522,0.5927950378310298,-3.1332564424488196
-0.025800718635667994,0.5928973333236237,3.0826812858799904
-0.0302544444985858,0.5933019015223938,3.0154343519481537
-0.03474593964427761,0.59401775312191,2.9481904754431416
-0.03907746082668287,0.5950104552850848,2.880946388116053
-0.04340545961324935,0.5963144759994069,2.8137008571608306
-0.04753469696135995,0.5978702851318789,2.7464545814483468
-0.051622940183744796,0.5997334455625345,2.6791995468913647
-0.05547988947761645,0.6018140158374553,2.611925207882442
-0.05925870806024505,0.604191786631132,2.5446494477554995
-0.06293961976615453,0.6068675944078897,2.477374668900689
-0.06634366081336553,0.6097103992335323,2.410071090016714
-0.06960913600178045,0.6128330648568198,2.342770391226001
-0.07257634494841422,0.6160801172686755,2.275495775792512
-0.07537182212236203,0.6195849305802811,2.2082324698993516
-0.07797503157311113,0.6233418177804281,2.1409590131905794
-0.08025520650221546,0.6271561996401908,2.0736927179263427
-0.08231032710046052,0.6311870075693323,2.0064412325312566
-0.08403967037629269,0.6352244472651934,1.9399683804010042
-0.08552630948714862,0.6394395532172402,1.8751685343005273
-0.08676056887189282,0.643820300087787,1.8107352305406486
-0.08764932218242769,0.6479720076370026,1.7495999626009628
-0.08833009979147205,0.6524005102322072,1.6931545078997612
-0.0887601994061902,0.6569510868618855,1.6322215547273018
-0.08890348941333065,0.6613731342583709,1.5712497416532583
-0.08878686272187923,0.6658646845496953,1.5158635988372788
-0.0884175702737173,0.6704204851313864,1.4605808209509064
-0.08781486188886073,0.6747978419319317,1.4045343436203281
-0.08696113264973496,0.6792028605416472,1.3517116354927587
-0.08586077831299321,0.6836302803375484,1.2997527323764522
-0.08457767547195837,0.6878437792393606,1.2478893148711108
-0.08305901096793863,0.6920504489358771,1.1984940924508525
-0.08130790623096727,0.6962469678915467,1.1496356176661309
-0.07942371429780648,0.7002068193994758,1.1011982594771332
-0.07732157636001659,0.7041309577119637,1.0551076833669024
-0.07500414481631054,0.7080191673732231,1.0093828803269695
-0.07260214673661691,0.7116611676073934,0.9641402854811939
-0.0700013629759105,0.7152478270052658,0.921177745832378
-0.06720437052714397,0.7187785643197195,0.8785122883714844
-0.06436909914768589,0.7220616137949019,0.8362469017867736
-0.061355515342327326,0.7252723748582789,0.7961398176385016
-0.058163807093558124,0.7284130569416992,0.7563721427491406
-0.054795832265520206,0.7314729516889755,0.7163476347128424
-0.05144354093023319,0.7342863561068587,0.677838845661249
-0.04793758153167285,0.7370108218837803,0.6413851636838606
-0.04427653484563871,0.7396490089311865,0.604827400209733
-0.040665363127612715,0.7420559992736471,0.5688531648425007
-0.03691821248464414,0.7443687974060585,0.5349491944961388
-0.03303335920780677,0.746590597044004,0.5014104668466388
-0.029014565468739803,0.7487132372805446,0.46782643127615575
-0.0250878886831544,0.7506227194937342,0.4356716292366381
-0.0210471512947016,0.7524326904746257,0.4052335359072073
-0.016889752813628967,0.7541473356327917,0.3749493382179409
-0.012848056300061679,0.7556709520110432,0.3453381468946486
-0.008706714347866133,0.7570999841310565,0.3174266373973296
-0.004460717220095673,0.7584339743571711,0.29016389999104253
-0.00011534942906363187,0.7596710746040601,0.2632583919946853
0.004084709245160629,0.7607493242337707,0.2375460218944066
0.008368811354125575,0.7617358850409878,0.21320218152668066
0.012741920529053296,0.7626313617551864,0.1893898238760906
0.01719818081819714,0.7634356836932069,0.1661783844722067
0.02148878236583944,0.7641113605566834,0.14412293580192398
0.0258491399213289,0.7647027342136038,0.12319484254880901
0.03028563092319171,0.7652098683969931,0.10296511501523309
0.03479245614247385,0.7656348719032358,0.08360801361498171
0.03912017311435391,0.7659607442518782,0.06531930182234026
0.0435084313273635,0.7662116244158744,0.047937595588656776
0.0479625989250611,0.7663905832403972,0.03148653210084772
0.05247811357465009,0.7664994410945462,0.016131110897975167
0.056806607149866996,0.7665395898209014,0.0016850759779524927
0.061188292447947386,0.7665179165974751,-0.012056825288377785
0.06562846862626728,0.76643741953387,-0.02462568689269442
0.07012337826477108,0.76630211235299,-0.03586793050170256
0.0744284967946979,0.766125906110362,-0.046318392761026256
0.07878211931876336,0.7659031170415929,-0.05626176393286709
0.0831902896531819,0.7656361405577535,-0.06478598605556354
0.08764973694955326,0.7653292228495834,-0.07176262646059904
0.09191915479701132,0.7650081695071975,-0.0781099855042185
0.09623646789399024,0.7646566981680151,-0.08417114763911894
0.10060656686757426,0.7642765807417128,-0.08861733451586741
0.10502699000848463,0.7638753383753711,-0.09137148531846835
0.10949570372993121,0.7634610844032653,-0.09313423424537169
0.11377588091141902,0.7630585195319598,-0.09439559166331085
0.1181014308991516,0.762646446606969,-0.09530644391918562
0.12247783822458405,0.7622286599591432,-0.09458906091758612
0.12690327327202136,0.7618130332157721,-0.09225463786911628
0.13114366418643592,0.7614259354858036,-0.0896272050594089
0.13543174331714447,0.761045204030953,-0.0871161896775594
0.13977223297484925,0.7606734853558605,-0.08284355728260526
0.14416292977417636,0.7603208130036663,-0.07680452639246023
0.14860376357710486,0.7599926141993764,-0.07000235846701806
0.15286046316082916,0.7597080595290302,-0.06299600200025056
0.1571639435200089,0.7594503085242016,-0.05592913469469497
0.16151918343519556,0.7592229054884649,-0.04724644644651712
0.1659241262970009,0.7590351646186037,-0.0370103694942577
0.17037765440223449,0.7588928255339693,-0.026034035697594604
0.17464692996934306,0.7588037279542968,-0.014945686859647525
0.17896137352790029,0.7587611326212704,-0.004013445732324607
0.1833253127373259,0.7587684229678985,0.008462617103565022
0.18773579278942126,0.7588344217839386,0.022477072942236505
0.19196254389597803,0.7589572325745582,0.03632867622758469
0.19623426957948045,0.7591386097489431,0.04952278144073866
0.2005536117543367,0.7593819318864975,0.06440685030568949
0.2049165524735473,0.7596967968756425,0.0809636010647147
0.20932171626365367,0.7600891310688916,0.09797331693889613
0.21353900880945517,0.7605369831282609,0.11479833980157716
0.21779381179910617,0.7610601208824153,0.1312943879949374
0.2220886630540242,0.7616628946717099,0.14928327595103463
0.22641889293569514,0.7623535312625331,0.16869071601480182
0.23078175725602498,0.7631376854054766,0.18857246737586933
0.23495103388131075,0.7639726637020096,0.20823166826353737
0.23914804835580414,0.764897998253755,0.2273759344987055
0.2433741661500425,0.7659173818903269,0.2479518654045511
0.24762357581202996,0.7670390797375494,0.2699472231855287
0.25167661203706915,0.7682046199897247,0.2914478608578728
0.2557503992257225,0.7694689314743182,0.3119219024038099
0.2598446935266679,0.7708352030566462,0.33402096708258405
0.2639519862056762,0.7723112983027688,0.35770918740447427
0.26806839318619297,0.7739027903465837,0.3816298639821533
0.2719821911686083,0.7755238538777696,0.40509979046946176
0.2758998267136475,0.7772532919032658,0.4279789324083619
0.27982093233642447,0.7790955690643019,0.4523169336483101
0.28373736080912054,0.7810565085531629,0.4779857602987333
0.28744855930715657,0.7830349110440716,0.5029708151380428
0.2911526016859999,0.7851264736427114,0.5268234295402033
0.2948476208331498,0.7873342667701605,0.5523685844693828
0.2985239449791348,0.789664072935854,0.5794303209596907
0.3021758684713934,0.7921205312444028,0.606623219837965
0.3056181498210203,0.7945731097990048,0.6333113922305909
0.3090316399258685,0.797143610900655,0.6592957215733921
0.3124142505719434,0.7998341067161631,0.6867299781143067
0.3157557603576587,0.8026493277784619,0.7155080635921434
0.3188870804770738,0.8054448973822332,0.7435176115023169
0.32197613927209384,0.8083574074986255,0.7702366549587418
0.32501928768825494,0.8113887226605722,0.7986760206305183
0.32800477689411683,0.8145415160751037,0.8287140159408617
0.3309255711823361,0.8178190198109927,0.8588587011268572
0.33363673986009534,0.8210504696078579,0.8883884643083406
0.33628118772142457,0.8243952184625037,0.9171023167317186
0.3388551785241734,0.827854229210719,0.947329799808456
0.3413469101292888,0.8314288320979882,0.9789824361355762
0.34374854269690525,0.8351194494038241,1.0108837634082408
0.3459433454775637,0.8387376144627738,1.0421840216704064
0.34804755778011537,0.8424604758269353,1.0725096271814925
0.3500572952751978,0.8462871702002109,1.1043727347168348
0.35195988015958996,0.8502169055535531,1.137754968325803
0.35366268736312045,0.8540537775820364,1.1702225994392215
0.3552605888323168,0.8579853593849508,1.201124682811524
0.35674970725545574,0.8620083351961374,1.233877841841656
0.35811571402625564,0.866120996103341,1.2684316707935919
0.3593511177501247,0.8703209326930647,1.3030675977430768
0.3603999348459413,0.874398471367665,1.3369318017110878
0.3613215663614125,0.8785511449798052,1.369827950638441
0.3621120784696251,0.8827755401755679,1.404381265676597
0.3627588274089122,0.8870668867047323,1.4405130391505976
0.36325418185060515,0.8914210408910566,1.4769040699697193
0.3635786817403472,0.8956244613597655,1.512568688301684
0.36375833951999215,0.8998780306020606,1.5470868287242445
0.36378866991868025,0.9041777407374865,1.5832949963372793
0.3636579560090801,0.908515661413691,1.6212049774711361
0.3633590650496,0.9128859463108125,1.6593645701374318
0.36291176951770426,0.9170779410673592,1.6967104966084205
0.36230578030965804,0.9212905070436059,1.7328503922950487
0.3615381851411892,0.9255177005923247,1.770776495170628
0.3605984045399827,0.9297490755785826,1.8104633405761346
0.3594807240449541,0.933977272003807,1.8503645609161097
0.3582442401542497,0.9380021334881247,1.8894035560965945
0.3568420996789803,0.9420134629080864,1.9271959376494592
0.3552728099775075,0.9460035925058551,1.9668452051707226
0.3535278851817865,0.9499598736061439,2.008308470932368
0.3516037809461567,0.953872920668921,2.0499896596018066
0.34959582251199556,0.957562225001706,2.090774746051935
0.34742323709505024,0.9612000487388453,2.1302559385580535
0.3450861464020962,0.9647780582085904,2.171673374233133
0.34257909826948746,0.9682814616327534,2.214959138330878
0.3399002779584014,0.9717003242495559,2.258462780230064
0.33717884627305694,0.9748801085044583,2.3010431232509436
0.334303378323666,0.9779692477736682,2.3422550143323755
0.33127652261579804,0.9809590219351775,2.3854828235461856
0.3280964958941393,0.9838332681167421,2.43065033454363
0.3247640974852769,0.9865814344397018,2.476051271842339
0.3212856125695952,0.9891930818997217,2.5220778743965178
0.3178197651593812,0.9915534757698335,2.567847368671998
0.31422463762433905,0.993773563513117,2.611759042300556
0.3105075518707592,0.995846414649577,2.6574961497855325
0.3066726009649601,0.9977548833582656,2.7054790966460813
0.30272321550332787,0.9994877739558382,2.7537567669248
0.29866951956154536,1.0010369863758948,2.8025052806355215
0.29469070583591617,1.0023388644183993,2.8509528200955465
0.2906261658363569,1.0034583366969603,2.8974976206948018
0.28648673491719356,1.004390748111204,2.945838004321403
0.2822827625126893,1.005121489345448,2.9965185216484556
0.278021247841448,1.0056404975389164,3.047551640151779
0.27371472503112637,1.0059427042717433,3.0990210411958383
0.2695475554835131,1.0060200800848493,-3.1330801051389994
0.2653549534431317,1.0058882623345526,-3.0840191686933665
0.2611508043431984,1.0055472337458693,-3.033075857300757
0.2569507878284258,1.0049845189962205,-2.9796659536973977
0.2527656511665838,1.0041929198115205,-2.925915590807703
0.2486069681377279,1.00317127987901,-2.8717352877312172
0.24448070362622432,1.0019141421308646,-2.8162188173212335
0.24056538201615796,1.0004793460369843,-2.761577023227127
0.2366895012907794,0.9988206770337223,-2.709752977428835
0.2328630682683153,0.9969408205300809,-2.6563418349382295
0.22910263247174723,0.9948319230058207,-2.6010807265647857
0.2258446139379259,0.9927936280923536,-2.5675943305684545
0.22324216248054113,0.9911127173231203,-2.576081233560452
0.21968287322764324,0.9889461363571479,-2.6187744360336866
0.21591955146178105,0.986874059481672,-2.6544174096151147
0.21218001609886478,0.9849038408407846,-2.6549644724714017
0.20848499666231265,0.9829158879054148,-2.639831774969935
0.20482679151861757,0.9808722613796649,-2.622778592420141
0.20124530454089054,0.9787591268628821,-2.588949725338356
0.19779033850283706,0.9765118745228506,-2.534628225685062
0.1944803737570157,0.9740628086066594,-2.4692697850357566
0.1912965856970533,0.9713515436613028,-2.3992289423232713
0.1882225626744665,0.9683431331656611,-2.3320163220020675
0.1854220830755622,0.9652145867445692,-2.2662411182038267
0.1827721042880753,0.9618252864325075,-2.198474409479575
0.18042161129147147,0.9583570346724243,-2.1304819467340903
0.1782563895956527,0.954646925412874,-2.0636689708874028
0.1763958606820171,0.9509075133309726,-1.9966539133431456
0.17475307583023003,0.946960791841351,-1.9290405085909665
0.17346622889118807,0.9431781081232823,-1.864461053473169
0.17234671576778618,0.9390684296081895,-1.804822429152243
0.17145592460195683,0.9348026580136326,-1.7435855708214965
0.1708994014524947,0.9309776995296881,-1.6825825406593853
0.17053386438724386,0.9266794054237203,-1.6258034736653417
0.17040707107931474,0.9224896509626851,-1.5729482451253116
0.17050062026267543,0.9182151766993115,-1.5212933874920185
0.1708215839027614,0.9138673295526929,-1.4695289797465527
0.17132597160982416,0.9098533301057826,-1.4185872651506504
0.17207473650206587,0.9056285944510375,-1.369622653391985
0.17304246632859582,0.9013557012603284,-1.323861513681995
0.1741392688727698,0.8973614707185416,-1.2785685044368844
0.17546353623820524,0.8932731216055243,-1.2338264200762548
0.17699395299123155,0.8891700013514339,-1.1912939938271605
0.1786337277077954,0.885279436006011,-1.1501399227373075
0.18045913582712111,0.8813966903786666,-1.110100457079261
0.1824717631636123,0.8775261819760385,-1.0701849714419638
0.18455624278799718,0.8738786278581656,-1.0312215185565683
0.18681412408094653,0.8702547209934661,-0.994221279155925
0.18924290633934104,0.8666591699294994,-0.9571096418832625
0.19184345980253784,0.8631039509913259,-0.9195630507762584
0.19447168797558093,0.8597770232924831,-0.8834219661373928
0.19725630372957373,0.8564957450086135,-0.849149022338726
0.2001956280235718,0.8532644316411989,-0.8142697951260469
0.20312952675157903,0.8502576683704822,-0.7796360545591545
0.2062090190434246,0.8473068480568944,-0.7470280109938796
0.20943170058354083,0.8444137993816689,-0.7141666204055571
0.21279627637711065,0.8415902356371082,-0.6804355737302018
0.21612104034407206,0.8389841679737643,-0.6478905626839868
0.21957541796844426,0.8364481607683912,-0.6171117317205043
0.22315834721378142,0.8339851525269762,-0.5854816222523367
0.22686883611368885,0.8316063173685213,-0.5530868769822839
0.23050792920360527,0.8294340525372028,-0.5220113230004644
0.23426195296678873,0.8273440400212373,-0.4924828413185807
0.2381307751760428,0.8253388141331524,-0.46195482887178857
0.24211307902873666,0.8234287502740815,-0.4307084970219194
0.24599588852869023,0.821711379106827,-0.4007570985989376
0.24998101892912286,0.8200853850236488,-0.3722628141521273
0.25406599345016573,0.818554411691308,-0.3427855563980818
0.2582470326855475,0.8171286685055107,-0.3125079086248079
0.26230448802019335,0.8158790446600741,-0.28333002696905946
0.26644865919686506,0.8147303059087324,-0.25552828171758507
0.2706795813462321,0.813684963535556,-0.22658970215201166
0.27499522375196384,0.8127528601099309,-0.196698158987574
0.27916728251291034,0.8119799074490381,-0.16793685275253709
0.2834168239265983,0.8113148565706917,-0.14065000714453202
0.2877443613898456,0.8107596607420591,-0.11239114636856798
0.2921466195504114,0.8103232119059546,-0.08338074898484749
0.29638715476946575,0.8100247552249441,-0.05559110826574745
0.30069545340742876,0.8098385285601474,-0.029257254000463882
0.30507208974862493,0.8097650747160163,-0.0022307672162600054
0.30927528793083947,0.8098085118801743,0.02466659641504341
0.31354109892060517,0.8099644233672711,0.04988313167971541
0.3178712858795048,0.810230883374564,0.07509437199041498
0.32226011007146166,0.8106140612037986,0.10075719542836023
0.32646431054850233,0.8110881553610962,0.1253822927612523
0.3307208898155384,0.8116715664943045,0.14856156527217396
0.3350319878192197,0.8123642784203801,0.1718249238884476
0.3393918165764039,0.8131696501358834,0.195051383757731
0.3435592040266398,0.814038130200098,0.21711491303884156
0.3477695626902927,0.8150105158747717,0.2380142662256013
0.35202650454061046,0.8160873324116813,0.2587899718738234
0.35608959412254376,0.8172048309764767,0.279005793736037
0.36019355403928566,0.8184209468960757,0.2979854456980584
0.36434327814788475,0.8197354669997091,0.31635344384729697
0.3685337874274693,0.821147007165323,0.33423367958936895
0.37253046642290893,0.8225717225421724,0.3511789270489704
0.3765624269159526,0.8240840423148524,0.36717865109045766
0.3806356521395949,0.8256850528273454,0.38246858424414437
0.3847471020458457,0.8273724600930641,0.39691206347443775
0.38866721383693387,0.8290456396600108,0.4104833431592097
0.39262037892026685,0.8307951593404351,0.4233674837778715
0.3966137474999573,0.8326225795685741,0.43533289442073336
0.40064494913909393,0.8345232551924703,0.446239513313872
0.4044906853720169,0.8363861163777679,0.45643231478359636
0.4083698937889801,0.8383132682340744,0.46613787320434213
0.4122905659248521,0.8403064003986471,0.47475378891978004
0.4162521152366447,0.8423604501930853,0.4821959957296119
0.4200356008922213,0.8443564374282174,0.48910363890305575
0.4238549164177146,0.8464047106718346,0.4956855842732385
0.4277192534207303,0.8485073402908127,0.5010424958169897
0.43162859759227323,0.8506586652206456,0.5051802806251099
0.435367321556956,0.8527350650111776,0.5089462769191284
0.439146204331045,0.8548521056269176,0.5125269828794558
0.4429748864880036,0.8570126873790459,0.5148089641392383
0.44685381799986196,0.8592097363226123,0.5158567981524291
0.4505690128009336,0.8613183897944734,0.5166754508158884
0.45432950968641206,0.8634565503925705,0.5174451166971604
0.45814508861482345,0.8656277586782612,0.5168793577389713
0.4620168487273786,0.8678240311553592,0.5150773140056127
0.46573076195907503,0.8699215154105169,0.5131772950999647
0.46949521557403623,0.8720385691488163,0.5113484902834604
0.4733204493096513,0.8741779991619345,0.5081708585595264
0.4772075678838834,0.876332269999961,0.5037739922512651
0.48094144601881117,0.8783802415677304,0.49937918864592884
0.484730974843291,0.8804378303424506,0.4951714957074488
0.48858658427284934,0.8825077354948856,0.48962651544331504
0.4925092552484259,0.8845826824925414,0.48287257817555185
0.49649727382346054,0.8866565796456034,0.47567222201076714
0.500333383902263,0.8886164032869622,0.4683752090550427
0.5042293965375813,0.8905715685072834,0.46110225663537285
0.5081955041786962,0.8925234289258983,0.45269740041322853
0.5122321547628902,0.8944655707718139,0.44321905999879
0.5161181898515469,0.8962898383277874,0.4338378511282598
0.5200672580033368,0.8981001315932073,0.4248620248722306
0.5240900702267993,0.8998983815189076,0.41463541373487356
0.5281871249544857,0.90167657613012,0.40321433732191764
0.5321330737546199,0.9033359554002546,0.39203402644431995
0.5361443589087186,0.9049718681342428,0.3813926516754203
0.5402321413769907,0.9065859130127532,0.3694515855915312
0.5443965880696234,0.9081696853984306,0.35627967175891445
0.5486346085377184,0.9097168805687014,0.3428050495681038
0.5527166635354029,0.911145183702908,0.32947496248836894
0.5568647970700631,0.9125356194584171,0.3163982880858563
0.5610890565939668,0.913888164580196,0.3021974364093556
0.5653887478850109,0.9151951895797695,0.28691890104547063
0.5695293882230369,0.9163852277551698,0.27193736712428
0.5737353350511205,0.9175279403822607,0.2576359036093073
0.5780171915252803,0.9186235928424021,0.24206552008940851
0.5823739275477772,0.9196634036529152,0.22524300696925223
0.5865670648536612,0.9205900025803563,0.20886295268047744
0.5908237771063141,0.9214604424767201,0.1932870184014841
0.5951550487931659,0.9222733129763682,0.17635569847935634
0.5995588448920117,0.9230197501354452,0.15812860182645497
0.6040303289566245,0.9236938069477613,0.13969384132886137
0.608329476482723,0.9242606113111804,0.12156835986055047
0.6126868551214917,0.9247566284856924,0.1038586925873917
0.6171120976127473,0.9251788012980762,0.08496636604362498
0.6216024144166203,0.9255190279344273,0.0649499960116062
0.6259145717330803,0.9257590482703207,0.04539132726331319
0.6302795157844724,0.9259191036272011,0.026723466650759482
0.6347075386373647,0.9259960246092728,0.006697408005595829
0.6391948095084198,0.9259812575109018,-0.014671172910670906
0.6434976377722298,0.9258754463052425,-0.03543645580826638
0.6478466123687047,0.9256814638806883,-0.05518224008864094
0.652251988217647,0.9253946229815619,-0.07639992136693144
0.6567088562454843,0.9250067157738171,-0.09902563847163115
0.6609747646076777,0.924538342444154,-0.12096540157499462
0.6652788526675897,0.923973285125246,-0.14182530064118204
0.6696307071416746,0.923306023837662,-0.16422793176115974
0.6740245526798403,0.9225293084899249,-0.18808201461819482
0.6784519473447371,0.9216345494128027,-0.212077887115677
0.6826784210157627,0.9206770632310615,-0.23561609952585283
0.686929100320256,0.9196083884576572,-0.2585723796928574
0.6912102847428979,0.9184246748272387,-0.28285233683646244
0.6955151936084217,0.9171187894023584,-0.30839041576322274
0.6996128978131133,0.9157604631166519,-0.3333040821668638
0.7037219421872765,0.914285032607758,-0.35708139668695904
0.7078501917759613,0.9126906678285769,-0.38241523770190444
0.7119874925278072,0.9109653732712806,-0.4092640730850914
0.7159127680616039,0.9092052481564415,-0.43530903461517867
0.7198368441678955,0.9073247758537476,-0.4601009992585265
0.7237648308000029,0.9053174415828554,-0.4866219842328446
0.7276867168456301,0.903176531576481,-0.5146952859618779
0.7315927429330448,0.9008989815633655,-0.5428629675180199
0.7352797345461912,0.8986086583428176,-0.570500848957185
0.7389432521049412,0.8961921986100864,-0.5974422979746412
0.742585566349362,0.8936436156411864,-0.6258614737268259
0.7461959937829983,0.8909569076386514,-0.65563577516242
0.749584792997476,0.8882753481217853,-0.6846274542476293
0.7529332437022692,0.8854689441297092,-0.7123259527663578
0.7562436271301598,0.882530346435542,-0.7417955860140114
0.7595036321266412,0.8794538642312233,-0.7729001765809546
0.7627022523658894,0.8762409883127606,-0.8041209195461497
0.7656772247560748,0.8730615263054418,-0.8347367114641757
0.7685856927749313,0.8697593312573014,-0.8645367329314173
0.7714276436638711,0.8663273939105454,-0.895905630317779
0.774190538664743,0.8627641226794903,-0.9287439353622067
0.7767315917152048,0.8592563021950935,-0.9607189491265934
0.7791882028130095,0.8556331758590123,-0.9912375625025184
0.7815604892716632,0.8518879452209671,-1.023633052478019
0.7838338456156662,0.8480190721526147,-1.0578096795291254
0.7859968098456468,0.8440310208050116,-1.0921157002174604
0.7879434880256012,0.8401301149869344,-1.1257238395184312
0.7897788914592159,0.8361267959542138,-1.1584178467209587
0.7915000447279666,0.8320147560858218,-1.1927944482565482
0.7930934836257512,0.8277968046059989,-1.2287716079585302
0.7944790047740017,0.8236905771639079,-1.2638094132278122
0.7957362042832838,0.8194970162990963,-1.2972224249004287
0.7968634884613295,0.8152108618565029,-1.3326266815543013
0.7978451312228059,0.810835339090809,-1.3699810593876431
0.7986707327075075,0.8063788494905668,-1.4074680307649245
0.7993046810521358,0.8020675219768538,-1.4441496852215638
0.7997878746317699,0.7976937553412308,-1.4798130649317491
0.8001156657964883,0.7932534899210867,-1.517285293595086
0.8002742463872995,0.7887535758772932,-1.5564735195811064
0.8002582240106625,0.7844234124629325,-1.5946201825966035
0.8000800268319597,0.7800544710947546,-1.6309726313247814
0.799735728162233,0.7756425647471831,-1.6694640067331357
0.7992103839368524,0.771197137383115,-1.7100661185582329
0.7984964762746763,0.7667310272594076,-1.7507582856403219
0.7976369360355908,0.7624656662157453,-1.7905310079857006
0.7966015548843138,0.758196888752173,-1.8291984824678997
0.7953848195252955,0.7539232175249547,-1.869815947355322
0.7939764031828238,0.7496580497861381,-1.9122487618804394
0.7923716533158004,0.7454151446606369,-1.9549421255571915
0.7906550947275597,0.7414002027707446,-1.9967873872884312
0.7887582165384812,0.7374233673285396,-2.037334093033124
0.7866761431035766,0.7334847450902029,-2.0798532818268365
0.7844009237774588,0.7296002923693318,-2.124297256886783
0.7820474031139445,0.7259606490217669,-2.167480212913617
0.7795202203878815,0.7223905598965018,-2.208608800143375
0.7768152758195837,0.7188908107607834,-2.2521364489921947
0.7739253980680302,0.7154794003332248,-2.297916539555292
0.7708524252744267,0.7121723769280519,-2.3437059950188854
0.7677510153744426,0.7091246734181013,-2.38846994640041
0.7644898147343796,0.7061905126291305,-2.4319808621495156
0.7610651005790073,0.7033732703035949,-2.4775806148654578
0.7574759034841613,0.7006909880184152,-2.5250642371404126
0.7537277807201681,0.6981587636349766,-2.5727533228667583
0.7500043847601343,0.6958921183348152,-2.6194804713858155
0.7461476866048318,0.6937799915353587,-2.6647279123592456
0.742155543216561,0.6918266116381795,-2.711976972489458
0.7380656667213186,0.6900638976845238,-2.760655131150016
0.7339277657756821,0.6885122470347876,-2.8079354448191087
0.7297961522901513,0.6871781012819963,-2.8535355422096496
0.7257132317698629,0.6860602433694317,-2.898062528072994
0.7217449818257853,0.6851587378361182,-2.940843296198923
0.7179024395625423,0.684452500653504,-2.9812130600507607
0.7141913525766923,0.6839201865992276,-3.0197392327067125
0.7106142438695885,0.6835447020069474,-3.056800103131266
0.7071738212638786,0.6833088791751215,-3.0921824807242286
0.703870278628733,0.683197125555141,-3.1258823423061832
0.7007033184041725,0.6831943280552792,3.125044309504612
0.6976711164203537,0.683287538070001,3.0941508323573497
0.6947714523823426,0.6834646530666346,3.064641104800188
0.6920017608731639,0.6837141655828466,3.0364386269255994
0.6893581230913168,0.6840263622816658,3.009444653213347
0.6868373707145203,0.6843917080429397,2.9836191466217548
0.6844351464501542,0.6848023143342835,2.9589229488891347
0.682147317355269,0.6852505942245748,2.9352987780526036
0.6799697881022134,0.6857298856271358,2.912690061614259
0.6778039583234609,0.6862576634351646,2.890526572434631
0.6754847935861015,0.6868625504815563,2.889501887983138
0.6729601604431854,0.6874712557105033,2.9290205137705847
0.670506677278373,0.6879403828989558,2.980625012062145
0.6684829048991698,0.6882467209179454,3.0019929250443664
0.6670367753024709,0.6884473252879536,3.0099384234161066
0.666211957283471,0.6885536701473368,3.025999700970592
0.6659182782296741,0.688588289209984,3.0347587065555217
0.6659076663337202,0.6885893844166415,3.029124022480089
0.6659007255561046,0.6885904046705067,3.025844016222697
0.6659078646326145,0.688591039995378,3.029793805449453
0.6659103306640034,0.6885915752648054,3.030586410200835
0.6659069742501835,0.6885919148341768,3.028150815854491
0.6659085903077425,0.6885921620217077,3.028333203037544
0.6659122724052737,0.6885919938908056,3.029633340502906
0.665912850438416,0.6885918587706832,3.029166355555522
0.6659123560182965,0.6885914438097994,3.0285399740792083
0.6659134306818837,0.6885909424860795,3.0289499396991775
0.6659138287601828,0.6885903373969344,3.0291804590604414
0.6659128826636868,0.6885896555983901,3.0288828511502164
0.665911935765715,0.6885889194778148,3.0288305622952056
0.6659112446185154,0.6885881876840579,3.029012713205496
0.6659101022449545,0.6885873631007636,3.0289968918742263
0.6659090590609281,0.6885867973732754,3.0289021539696606
0.6659083074209283,0.6885860652658095,3.0289378064472903
0.6659078501898577,0.6885844173546602,3.0289825228852645
0.6659077287057827,0.6885827464658811,3.0289496894769825
0.6659077890057147,0.6885791844719571,3.028928444769821
0.6659084679343008,0.6885790580455015,3.028945631256825
0.6659087732364763,0.6885771719449996,3.028940949060099
0.6659094813433032,0.6885765988280331,3.028921656255934
0.6659101833471229,0.6885762057174315,3.0289156223493143
0.665910879590299,0.6885762649748105,3.0289141410786593
0.6659114955134992,0.6885766855769792,3.0289066433061613
0.6659115471529542,0.6885763853643313,3.02890962413678
0.6659116376215968,0.6885769724731912,3.0289207516661554
0.6659119000770898,0.6885785079031744,3.028925335723358
0.6659115939281263,0.6885818833943439,3.02892748554363
0.6659110765800567,0.6885831674761144,3.0289327587755723
0.6659104995463082,0.6885856671669037,3.028937615200707
0.6659099896776339,0.6885864905409897,3.028939802849126
0.6659096231897074,0.688587200772423,3.028941288234844
0.6659094533720914,0.6885879110441866,3.028943572383409
0.6659095000836605,0.6885886358357634,3.0289454320889226
0.6659097610628206,0.6885892836178746,3.028946709626386
0.6659101880586314,0.6885899054405435,3.02894788014866
0.6659107249054931,0.6885905002272984,3.02894903972525
0.6659113150143328,0.6885909719491297,3.0289504197970336
0.665911886281811,0.6885913997433444,3.028951544890319
0.6659123500516461,0.6885917528825405,3.028952321748072
0.6659126760147063,0.6885920241719418,3.028953505862957
0.6659128205062131,0.688592205894557,3.028954569761103
0.6659127874438174,0.688592364071675,3.0289555431639514
0.6659125764169377,0.6885924171863969,3.028957122608109
0.6659122311249048,0.6885924049512051,3.0289586763420817
0.665911809515507,0.688592296287716,3.0289598950293763
0.6659113979164359,0.6885921873845106,3.0289611382086
0.6659109913093613,0.6885919792200591,3.028962586191331
0.6659106901654449,0.6885917404214884,3.0289637876368505
0.6659104834231792,0.6885913998940523,3.0289643168986227
0.6659104415348707,0.6885911220256653,3.028965643585021
0.6659105233524898,0.6885907667748702,3.0289667115204995
0.665910716862861,0.6885904054303803,3.0289670573742615
0.6659109688050624,0.6885900022593962,3.0289679387854576
0.6659112747246552,0.6885897101909474,3.028968851940299
0.6659115489556569,0.6885894054894441,3.028969276309295
0.6659117536835958,0.6885891173274438,3.0289700385996876
0.6659118805569995,0.6885888558240202,3.028970824767529
0.6659119320151127,0.6885887117191181,3.0289716855537074
0.6659118606458317,0.6885885810364636,3.028972621071855
0.6659117151656642,0.6885885136913763,3.0289736597061534
0.6659114980085673,0.6885884945542604,3.0289748447456537
0.665911249950257,0.688588475378114,3.028976024114013
0.6659110285412714,0.6885885844971592,3.0289771021215186
0.6659108186249738,0.6885886538025352,3.0289782835714583
0.6659106955887046,0.6885888184899526,3.0289795694105965
0.665910623210475,0.6885889315388045,3.028980664049158
0.665910639715999,0.6885891381219285,3.0289817637054917
0.6659107400205032,0.6885893077577987,3.0289828978592865
0.6659108860398896,0.6885894715791573,3.0289840150184535
0.665911093001566,0.6885896632608997,3.0289847148519877
0.6659113190742855,0.688589848317032,3.0289854682205446
0.6659115078143685,0.68858999208209,3.0289869012166086
0.6659116957611692,0.6885901754729434,3.02898809507059
0.665911823484343,0.6885903297308275,3.0289887776978617
0.6659118713698687,0.6885904226925696,3.0289898241684914
0.6659118778775407,0.6885905869935239,3.0289912310508997
0.665911795396244,0.6885906636268598,3.028992189231444
0.6659116762102323,0.688590779658084,3.0289932650047002
0.6659115273543913,0.6885908013547641,3.028994418684417
0.6659114044718848,0.6885908735584778,3.028995480831879
0.6659112791803841,0.6885908890594071,3.0289967197296446
0.6659111982281622,0.6885908696051984,3.028997706277744
0.6659111377717316,0.6885908185636044,3.0289985990937467
0.6659111177969929,0.6885907457855045,3.028999201107048
0.6659111399954027,0.6885906860753916,3.029000212364437
0.6659111964967117,0.6885906244728565,3.0290016069136523
0.665911268433195,0.6885904702193038,3.0290028284694657
0.6659113878782514,0.6885904156320194,3.029003457413745
0.6659114805252905,0.6885903157782511,3.029003863911771
0.6659115711610883,0.688590199051879,3.029004952239493
0.6659116304793713,0.6885901107013571,3.0290062592131157
0.6659116433587916,0.6885900172251167,3.0290070508218303
0.6659116294591063,0.6885899367821072,3.029007853495422
0.6659115738094895,0.6885898724846495,3.0290088443710914
0.6659115122705213,0.6885898231891963,3.029009629687102
0.6659114348062816,0.6885897867622169,3.029010901632587
0.6659113567940659,0.6885897725282151,3.0290118727946775
0.66591128644855,0.6885897556310818,3.0290125369553245
0.6659112333431912,0.6885897023695099,3.029014047173673
0.6659112380691607,0.6885897631628034,3.029015227123425
0.6659112443146908,0.6885897650495972,3.0290158301387193
0.6659113076196038,0.6885898114246055,3.029016800196259
0.6659113538422939,0.688589841424324,3.0290176620082123
0.6659114110487218,0.6885898877934198,3.029018468218927
0.6659114574177776,0.6885899370977514,3.0290192349883975
0.6659114855370378,0.6885899826128534,3.0290202563271356
0.6659115202534679,0.6885900493392445,3.0290218937922284
0.6659115339713026,0.6885901093112856,3.029022975354015
0.6659115392952429,0.6885901311562227,3.0290235630066924
0.665911564770442,0.6885902263461523,3.029024596983284
0.6659115638700864,0.6885902777280165,3.0290258092124644
0.6659115477465382,0.6885903312452265,3.0290267152545503
0.6659115293607779,0.6885903247156737,3.0290275758273535
0.6659115265685207,0.6885904186867954,3.0290286305336696
0.665911487868595,0.6885904452008574,3.0290296283575318
0.6659114564002996,0.6885904801293469,3.029030091725828
0.6659114222690794,0.6885904484935025,3.0290314797447895
0.6659114261746725,0.6885905120702739,3.0290330707909017
0.6659114054936061,0.6885904999564252,3.029033465141708
0.6659114297243154,0.6885905149706308,3.0290343171897116
0.6659114362301205,0.6885905006763626,3.029035517004404
0.6659114789558369,0.6885905010607346,3.0290365991023243
0.6659115028797103,0.68859046930835,3.0290371882617237
0.6659115333282676,0.6885904445880415,3.029037910724542
0.6659115512867378,0.688590427255498,3.0290387001174626
0.6659115531385832,0.6885904019029377,3.0290398504827927
0.6659115432504976,0.6885903292887466,3.0290408016592862
0.6659115355762517,0.688590336306943,3.029041628680643
0.6659115236054755,0.6885903191592324,3.0290426161591006
0.6659115020924604,0.6885902996382058,3.0290436098652327
0.6659114703908718,0.6885902885769816,3.029044492603113
0.6659114351165062,0.6885902707627185,3.029045780800517
0.6659114236655073,0.6885902147746117,3.0290470782372356
0.6659114352560815,0.6885902455997283,3.0290477395833646
0.6659114356827466,0.6885902424028145,3.029048513120766
0.6659114583072369,0.6885901974776419,3.0290495919455793
0.6659114935333337,0.6885902379997272,3.0290504159182983
0.6659115305002835,0.6885902569360582,3.029051142636948
0.6659115383117931,0.6885902276621523,3.029051738059908
0.6659115475884987,0.6885902424197807,3.0290527972625014
0.6659115562970751,0.6885902776443859,3.029053900899319
0.6659115572655188,0.6885902965542698,3.029054758476515
0.6659115480663625,0.6885903201176592,3.02905564756464
0.6659115291402758,0.6885903515164918,3.029056634352701
0.6659114888785344,0.688590340535504,3.029057563345825
0.6659114742278821,0.6885903893604817,3.029058805025604
0.665911454022546,0.688590390959922,3.0290601595531714
0.665911472846392,0.6885904278205582,3.0290607385692865
0.6659114754283159,0.6885904511969675,3.0290614817966564
0.6659115004048917,0.6885904258691476,3.029062745742607
0.6659115368835725,0.6885904804148208,3.029063525544793
0.6659115743090466,0.6885905077933068,3.029064144747299
0.665911582475652,0.6885904820432482,3.029064792487022
0.6659115913401387,0.6885904949639625,3.029065849071214
0.6659115989438803,0.6885905238163702,3.02906689363436
0.6659115984277901,0.688590531910933,3.029067741048143
0.6659115873415173,0.688590540999431,3.029068623666
0.6659115661244163,0.6885905548531346,3.029069574660158
0.665911520965485,0.6885904910334111,3.029070473488205
0.6659115212821732,0.6885905484693162,3.0290719143451876
0.6659115081880289,0.6885905491092562,3.029073023101686
0.6659115054934425,0.6885904925158371,3.0290735210502246
0.6659115383712136,0.6885905404469906,3.0290744063660946
0.6659115576014639,0.6885905353340167,3.029075499734441
0.6659115825796488,0.6885905285350628,3.0290759004882877
0.6659115956549999,0.6885905279372562,3.0290764524802047
0.6659115999122374,0.6885905340768282,3.0290777145039733
0.6659115822720829,0.6885904960766223,3.029078692171562
0.6659115643083044,0.6885904968785013,3.0290793834458842
0.6659115458017932,0.6885905171493285,3.029080305864439
0.6659115349706477,0.6885904781929724,3.0290817455183983
0.6659115488392243,0.6885905176210916,3.0290829079281174
0.6659115501150206,0.6885905205284992,3.0290834025319935
0.665911580229595,0.6885905175306225,3.0290840546452107
0.66591158964891,0.6885905149615934,3.029085117142959
0.6659116068186957,0.6885905247550721,3.0290856804386226
0.6659116141156737,0.6885905313645113,3.029086399640727
0.6659116118597799,0.6885905449638787,3.029087511541953
0.6659115931983851,0.6885905546834928,3.0290884408461505
0.6659115630721614,0.6885905185724417,3.0290891921303547
0.6659115597309356,0.688590568706468,3.0290903960305466
0.6659115468166347,0.68859057292605,3.0290917973888627
0.6659115635142847,0.6885905784771013,3.0290923671389285
0.6659115884320609,0.6885905912388476,3.029093063739681
0.6659116030719829,0.6885905763411738,3.029093970555736
0.665911612040434,0.6885905885360649,3.0290943856556245
0.6659116205470643,0.6885906173928539,3.0290952490168457
0.6659116220874027,0.6885906279792003,3.0290964060770684
0.6659116126367557,0.6885906412144261,3.029097247437306
0.6659115894649906,0.6885906412873648,3.029097981089119
0.6659115899163539,0.6885906562525018,3.0290995073560203
0.6659115841665908,0.6885906603995154,3.029100540725702
0.6659116082037787,0.688590661965885,3.029100971763152
0.6659116155663485,0.6885906517726311,3.0291015361441023
0.6659116236838813,0.6885906764523344,3.029102218889644
0.6659116249168597,0.6885906828697048,3.0291032881485886
0.6659116154996356,0.6885906919318318,3.029104227698242
0.6659115997669455,0.688590690784865,3.029105357491532
0.6659116121548462,0.6885906996211657,3.029106318942777
0.6659116183737154,0.6885907008968424,3.0291071939571754
0.6659116340124627,0.6885906946076664,3.0291077665125705
0.6659116416681677,0.6885906810643282,3.0291085504978423
0.665911649584453,0.688590702694055,3.029109146514667
0.6659116505922615,0.6885907065521046,3.0291101005305183
0.6659116413308862,0.6885907135256283,3.0291111003102063
0.6659116182713638,0.6885907078884431,3.0291118664896857
0.6659116185192782,0.6885907177423451,3.029113255943078
0.665911612898841,0.6885907176593399,3.0291142670243496
0.6659116372278941,0.6885907156225297,3.0291147414463175
0.6659116448708806,0.6885907028872377,3.0291152707043154
0.6659116532803379,0.6885907256302674,3.029115904681103
0.6659116549892272,0.6885907310134943,3.029116969593671
0.6659116461369324,0.6885907398999067,3.0291179012383598
0.6659116191734743,0.6885907091443928,3.029118774283059
0.665911638473159,0.6885907501082937,3.0291201366622427
0.6659116454934696,0.6885907531377248,3.029120926272442
0.6659116614908311,0.6885907493558697,3.0291212174622193
0.6659116702332369,0.6885907388910198,3.029122090844815
0.6659116792860943,0.6885907636351584,3.029122791230495
0.6659116810701716,0.688590770936634,3.029123636470697
0.6659116726624916,0.6885907814586754,3.029124575900311
0.665911650715933,0.68859077940154,3.02912538783102
0.6659116519202711,0.688590792686145,3.029126766779733
0.6659116472040512,0.6885907960119201,3.0291277241924752
0.6659116734509314,0.6885908008982317,3.0291280458242396
0.6659116750412635,0.6885907874550009,3.02912880854789
0.6659116847006089,0.6885908125820254,3.0291295233494493
0.6659116866652757,0.6885908198759325,3.02913027138094
0.6659116785687906,0.6885908302856146,3.029131206588786
0.665911652707513,0.6885908008033004,3.029132221667771
0.6659116647042256,0.6885908386144465,3.029133366118224
0.6659116594966895,0.68859084262345,3.0291341168352424
0.6659116865107615,0.6885908464120555,3.0291347502760226
0.6659116884265617,0.688590831951815,3.02913552919076
0.6659116979290127,0.6885908558083838,3.0291360505118536
0.6659117001174016,0.6885908618130127,3.0291368225706243
0.6659116923770936,0.688590870942928,3.0291378409999776
0.6659116709713729,0.6885908672156473,3.029138641243495
0.6659116725138261,0.6885908786582821,3.0291399443967615
0.6659116682935328,0.688590880177318,3.0291408923255267
0.6659116939857214,0.6885908790746285,3.029141366556175
0.6659117029788245,0.6885908673325201,3.029141867841555
0.6659117125512878,0.6885908902746884,3.029142448595569
0.6659117154318326,0.6885908956735755,3.029143476595224
0.6659117077345028,0.6885909043182057,3.0291443805080207
0.6659116863438913,0.6885909002473097,3.0291450522092274
0.6659116882769132,0.6885909114322235,3.029146433929194
0.665911684429526,0.6885909129456098,3.029147415257204
0.6659117112471674,0.6885909157367249,3.029147679420507
0.6659117136074992,0.6885909007437756,3.029148393399425
0.6659117239943241,0.688590924063747,3.029149104554001
0.6659117266918069,0.6885909298226693,3.029149830108559
0.6659117193079946,0.6885909389387453,3.0291507216105895
0.6659116986088264,0.6885909354088099,3.0291515477184703
0.665911700848904,0.6885909471874627,3.0291528797581475
0.6659116972399198,0.6885909493521583,3.0291537724971525
0.665911724473087,0.6885909526723065,3.029154071621781
0.6659117272998699,0.6885909383587687,3.0291548098178613
0.6659117379801248,0.6885909621805585,3.02915548051886
0.6659117410053161,0.688590968427447,3.029156187688547
0.6659117340002763,0.6885909779865956,3.029157090399641
0.6659117136659879,0.688590974861507,3.029157907941263
0.6659117162109429,0.688590986920116,3.0291592193422074
0.6659117129508072,0.688590989369302,3.029160105778326
0.6659117404796908,0.6885909927928063,3.0291604022720797
0.6659117436376311,0.6885909786359142,3.02916112873737
0.6659117545924508,0.688591002407113,3.0291617883482247
0.6659117578978102,0.6885910085700795,3.029162489029033
0.6659117511624936,0.6885910179796816,3.029163383443807
0.6659117342011742,0.688591033831528,3.0291641910062586
0.6659117158623191,0.6885910307493797,3.0291652657881247
0.6659117117728159,0.6885909804470589,3.0291663899060928
0.6659117409755323,0.6885910347832833,3.029166938221252
0.6659117445487782,0.6885910187972455,3.0291674308539456
0.6659117553494972,0.6885910422811281,3.0291678548859147
0.665911759258333,0.6885910480947557,3.0291687281380395
0.6659117529722856,0.6885910572993201,3.029169688032408
0.6659117330241754,0.688591053685668,3.0291703690937632
0.6659117360736776,0.688591065163046,3.029171650754434
0.6659117335278175,0.688591067166715,3.0291725865130297
0.6659117615314988,0.6885910698786696,3.0291728550688863
0.6659117652248755,0.6885910552953347,3.0291735294703663
0.6659117767148948,0.6885910783645903,3.029174187509254
0.6659117805695881,0.6885910838995464,3.0291748850260523
0.6659117743331359,0.6885910927403165,3.0291757478434134
0.6659117578844426,0.6885911080738613,3.0291765329442835
0.6659117401621371,0.6885911044985241,3.029177597444286
0.6659117366690335,0.6885910539833955,3.029178702537627
0.6659117588361088,0.6885911093467476,3.0291791947750566
0.665911763723202,0.688591094789199,3.0291796098822563
0.665911776434823,0.6885911153364397,3.0291803517598286
0.6659117805289135,0.6885911208543224,3.0291809635918447
0.6659117745836721,0.688591129951095,3.029181779878311
0.6659117555919054,0.6885911263049688,3.0291826100823385
0.6659117593213689,0.6885911377991948,3.0291838988787165
0.6659117572621377,0.6885911399843911,3.0291847177522646
0.6659117858533887,0.688591142670302,3.029184981544668
0.6659117903391918,0.6885911283936262,3.0291856901227114
0.6659118024017394,0.6885911515201723,3.029186311710753
0.6659118068254622,0.6885911571897636,3.0291869686431068
0.6659118012309322,0.6885911661833848,3.0291878303586777
0.6659117854104785,0.688591181687327,3.0291886063108318
0.6659117538049081,0.6885911744005525,3.0291894309149967
0.665911757888379,0.6885911771665421,3.0291906823641477
0.6659117693740638,0.688591185674381,3.0291913882107275
0.6659117764587941,0.6885911705781457,3.029191799035996
0.665911810879668,0.6885911916926114,3.0291924291961636
0.665911824617923,0.688591203950422,3.029193182265182
0.6659118239647523,0.6885911625509267,3.0291935710442552
0.665911825676001,0.6885911983297913,3.029194381082806
0.6659118229052845,0.6885912090592503,3.029195327851143
0.665911809901339,0.6885912159247921,3.0291959975681992
0.6659117865129762,0.6885912285939063,3.029196635277424
0.6659117602356945,0.6885912313961718,3.029197797911981
0.6659117569082124,0.6885911937789967,3.02919888854502
0.6659117750867898,0.6885912358410841,3.029199314606436
0.6659117828617549,0.6885912423798883,3.029199901057832
0.665911812750185,0.6885912469005271,3.0292006348981246
0.6659118221009392,0.68859126053714,3.029200879330247
0.6659118115408914,0.6885912306240475,3.0292016244511757
0.6659118009574452,0.6885912386626839,3.0292026191756194
0.6659117884698071,0.6885912638896008,3.0292032968980176
0.6659117838091075,0.6885912306264369,3.0292043176195844
0.6659118033785754,0.6885912722632473,3.0292054056095714
0.6659118008908921,0.6885912404834829,3.029205690072842
0.6659118340996197,0.6885912820602529,3.029206235952903
0.6659118449667933,0.6885912961929274,3.029206852847448
0.6659118344903037,0.6885912660789085,3.0292074517310135
0.66591182381434,0.6885912738153463,3.0292082642429476
0.6659118117600704,0.688591298763216,3.029209051797216
0.6659118012077024,0.6885913044994956,3.0292097730686467
0.6659117852086084,0.6885913137906716,3.0292110417568896
0.6659117896983571,0.6885912765931816,3.0292117576984667
0.6659118159885254,0.6885913180395178,3.029212157072147
0.6659118210681189,0.6885912882367277,3.0292126783203126
0.6659118510931764,0.6885913236640221,3.029213515225182
0.6659118638894709,0.6885913282661382,3.0292138686228287
0.6659118667517362,0.6885913393635449,3.029214543252428
0.6659118543731092,0.6885913463090638,3.0292154535182525
0.6659118304456602,0.688591307535768,3.029216129073209
0.6659118077515325,0.688591345045508,3.0292167374445103
0.6659117989195591,0.68859136018772,3.0292177236587006
0.6659117869037697,0.6885913643630145,3.0292189703804833
0.665911784626734,0.6885913149183166,3.029219360907434
0.6659118163016287,0.6885913676942851,3.029219849512159
0.6659118235856358,0.6885913525473195,3.0292206235538237
0.6659118664045448,0.6885913810833106,3.029221315818447
0.6659118793742197,0.6885913872139021,3.0292216082259826
0.6659118806754797,0.6885913460724399,3.0292221740536793
0.6659118841567415,0.6885913813194731,3.0292231266024245
0.6659118824922909,0.6885913915142045,3.0292238629941646
0.6659118707679537,0.6885913979526204,3.0292244286356276
0.665911848979823,0.6885914102330134,3.0292251303776605
0.6659118090595089,0.6885913698727819,3.0292258686562166
0.6659118040718569,0.6885914165824526,3.0292271020255606
0.6659117888336511,0.6885914244419026,3.0292279048102766
0.6659117936285887,0.6885913876809986,3.0292282104253765
0.6659118214803122,0.6885914290498624,3.0292289288452507
0.6659118396922179,0.6885914286418752,3.0292297685091345
0.6659118641110958,0.68859143466462,3.0292299520517356
0.6659118778344211,0.6885914395312067,3.029230343127433
0.6659118823491142,0.6885914505570968,3.0292313749267925
0.6659118707671098,0.6885914575357951,3.0292321249250493
0.6659118474945105,0.6885914188582801,3.0292326001127545
0.665911825902246,0.6885914560825825,3.029233302969251
0.6659118180655286,0.688591470864764,3.0292343284913077
0.6659118068577041,0.6885914748951062,3.029235464378878
0.6659118055265539,0.6885914255102911,3.029235815941427
0.6659118380817137,0.6885914776809268,3.0292363299035494
0.6659118463404453,0.6885914625080384,3.0292370733399676
0.6659118604697386,0.6885914849667678,3.029237279187064
0.665911867632805,0.6885914900106431,3.0292378901339263
0.6659118650710357,0.6885914986135522,3.0292388461811757
0.6659118518528678,0.6885915137142249,3.029239487120499
0.6659118231795891,0.688591506206527,3.02924015595239
0.6659118300025539,0.6885915081190616,3.0292413746772535
0.6659118441792474,0.6885915158508147,3.02924203438466
0.6659118443094347,0.6885914696864818,3.0292421188091794
0.6659118637747677,0.6885915210517656,3.0292428311191664
0.6659118712404588,0.6885915257318613,3.029243365059794
0.6659118684305525,0.6885915342926856,3.0292440062869774
0.6659118557167063,0.6885915493738105,3.0292447554154576
0.6659118276893227,0.6885915418856651,3.0292455553195805
0.6659118346712005,0.6885915437795497,3.029246664490011
0.665911849066936,0.6885915514799935,3.0292472650796687
0.665911849687706,0.688591505443945,3.029247410621558
0.6659118694897422,0.6885915567409767,3.029248125063488
0.6659118772079365,0.6885915614148596,3.0292486106608925
0.6659118747277029,0.6885915699731585,3.029249248239964
0.6659118623771108,0.688591585063297,3.029250009970867
0.66591183470531,0.6885915776195717,3.0292507935258817
0.6659118419888685,0.6885915794885684,3.029251884169648
0.6659118567140098,0.6885915871607949,3.029252483426885
0.6659118577001094,0.6885915412252424,3.029252624953101
0.6659118777915238,0.688591592427927,3.0292533263775865
0.6659118858208398,0.6885915970724044,3.029253803118751
0.6659118836582488,0.6885916055951175,3.0292544355324837
0.6659118716163324,0.6885916206466812,3.029255188439738
0.665911844295519,0.6885916132055157,3.0292559618230404
0.6659118518849604,0.6885916150072767,3.029257044239059
0.6659118669143173,0.6885916225973575,3.029257636121898
0.6659118682424102,0.6885915767057335,3.0292577695025713
0.665911888615781,0.68859162776262,3.0292584622862444
0.6659118969440495,0.688591632329834,3.0292589312590033
0.665911895080196,0.6885916407685618,3.029259555915815
0.665911883333116,0.688591655736609,3.029260300062933
0.6659118493570798,0.6885915976278719,3.0292609036388307
0.6659118583820681,0.6885916546363413,3.0292620150892304
0.6659118558009277,0.6885916609963668,3.029262861957324
0.6659118733485548,0.6885916618537085,3.029262975272713
0.6659118780302254,0.6885916644789438,3.029263538143231
0.6659118871346359,0.6885916691156221,3.0292640558511743
0.6659118855159373,0.6885916776256296,3.0292645859595364
0.6659118741321564,0.6885916927213231,3.0292653115513275
0.6659118476721682,0.6885916849361388,3.0292661210352567
0.6659118559426311,0.6885916867802933,3.0292671805396045
0.6659118715966792,0.6885916944198855,3.029267730241507
0.6659118736903397,0.688591648429042,3.0292678582391885
0.6659118947243462,0.6885916995624681,3.029268547080181
0.6659119036995584,0.6885917039728036,3.0292689901581435
0.6659119024874114,0.6885917122682664,3.029269593746483
0.6659118914081376,0.6885917270988265,3.02927032816379
0.665911858195453,0.6885916690455147,3.0292709164549065
0.6659118678239441,0.6885917255931715,3.0292720123641828
0.665911865947435,0.6885917318770978,3.02927284661805
0.6659118841077073,0.6885917325081294,3.0292729440475794
0.6659118894910737,0.6885917350371996,3.0292734891765423
0.6659118992273014,0.6885917394938784,3.0292739890872
0.6659118982460972,0.6885917477907648,3.0292745034014614
0.6659118874996519,0.6885917626593082,3.029275214855015
0.6659118547929143,0.6885917046626716,3.0292758476211006
0.6659118647742063,0.6885917612150533,3.029276933416289
0.6659118632341802,0.6885917676357519,3.0292777326014164
0.665911872488962,0.6885917190997202,3.0292779809811026
0.6659118936396747,0.6885917705150669,3.02927832153779
0.6659119030982622,0.688591774782887,3.0292786622062096
0.6659119029358294,0.6885917830154187,3.029279453489966
0.6659118925556416,0.6885917977772028,3.0292801692654634
0.6659118599099406,0.688591739720418,3.029280634242022
0.6659118702215041,0.6885917962119171,3.029281751288892
0.6659118691691217,0.6885918024266997,3.02928262558312
0.6659118879111434,0.6885918029957295,3.029282675910326
0.6659118939685899,0.6885918055555948,3.029283183684633
0.6659119043980322,0.6885918100644691,3.029283691396642
0.6659119040816633,0.6885918181768076,3.0292841950785734
0.6659118939612501,0.6885918328031501,3.029284879245515
0.6659118620114572,0.6885917746519791,3.029285499949049
0.6659118726086045,0.6885918312316803,3.029286583229875
0.6659118717579481,0.6885918371875203,3.0292873673429654
0.6659118908799929,0.6885918378249529,3.029287447307437
0.6659118973737814,0.6885918402120306,3.029287983833228
0.6659119080856166,0.6885918449508275,3.029288456104822
0.6659119080740293,0.6885918529288182,3.0292889397571905
0.6659118983161697,0.6885918674014472,3.0292896356099868
0.6659118667554854,0.6885918091296503,3.029290252267175
0.6659118776371168,0.6885918657616455,3.029291318764431
0.6659118771403696,0.6885918713128293,3.029292098658495
0.6659118965818192,0.68859187215239,3.029292177779136
0.6659119034224666,0.6885918742796963,3.029292703678128
0.6659119144472894,0.6885918792938951,3.0292931660891598
0.665911914756104,0.6885918871228416,3.0292936431303437
0.6659119053206524,0.6885919014195687,3.029294334369292
0.6659118762086068,0.6885918739551644,3.0292949445108897
0.6659118702990398,0.6885919026850067,3.029295792138429
0.6659118604471945,0.6885918862043038,3.029296781330876
0.6659118870711637,0.6885919092093109,3.029297124550333
0.6659118945628554,0.6885919090730553,3.029297453341813
0.6659119236406836,0.6885919211092612,3.029298063634161
0.6659119310055327,0.6885918800190752,3.0292984571540753
0.6659119383787849,0.6885919125987373,3.029298779526447
0.6659119417371472,0.688591924712472,3.0292995406267584
0.6659119353460909,0.6885919307385971,3.029300245150562
0.6659119181697414,0.6885919418455755,3.0293006956567075
0.6659118859551886,0.688591949370828,3.029301219394646
0.6659118667471954,0.6885919505247374,3.0293022212681073
0.6659118510329919,0.6885919172899616,3.0293031778310118
0.665911870723203,0.6885919558770275,3.029303432251309
0.6659118808003255,0.688591959452433,3.0293038762787554
0.6659119016240201,0.6885919517709183,3.029304460975666
0.66591192660081,0.6885919636763634,3.029305030947713
0.6659119453869581,0.6885919689247675,3.029305181717972
0.6659119539631518,0.6885919782693931,3.029305684092741
0.6659119478117793,0.6885919838362426,3.0293064834058048
0.6659119301257734,0.6885919439412961,3.0293070359790724
0.6659119130275744,0.68859197799198,3.0293074944061416
0.6659118915373334,0.6885919927336704,3.0293081141778377
0.6659118676353756,0.6885919955017508,3.0293089222608076
0.6659118619688976,0.6885920059116168,3.029309993950216
0.6659118520640998,0.6885919874551426,3.029310311459213
0.665911879644684,0.6885920118966647,3.029310641979825
0.6659118889290639,0.6885920108236075,3.0293113126012043
0.6659119189561711,0.6885920240865784,3.0293118135833876
0.6659119270658173,0.6885919824984071,3.0293120034911647
0.6659119356571606,0.688592013903635,3.0293124193534675
0.6659119401844958,0.6885920271894493,3.0293132354116037
0.6659119346614092,0.6885920345050729,3.0293138341001242
0.6659119184739152,0.6885920451768968,3.02931425705495
0.6659118874365071,0.6885920520776448,3.0293148168619783
0.6659118692386253,0.6885920529255377,3.0293157879912367
0.6659118545605424,0.6885920188201392,3.029316701002804
0.6659118751843737,0.6885920583356202,3.0293169508685773
0.665911886332624,0.688592060450721,3.029317385464273
0.6659119081497398,0.6885920533187757,3.0293179478243397
0.665911934098979,0.6885920642402195,3.029318494124446
0.6659119538295202,0.6885920709894853,3.029318617850722
0.6659119634037429,0.6885920796858489,3.0293191233753607
0.6659119583038483,0.6885920843185058,3.0293199137353684
0.6659119416136368,0.6885920434921863,3.029320425939733
0.6659119254604419,0.6885920759858357,3.0293208713886712
0.6659119049236675,0.6885920916584444,3.0293214847870282
0.6659118822462984,0.6885920992590406,3.029322118602823
0.6659118591058779,0.6885921033180119,3.0293232135519617
0.665911847461748,0.6885920577474566,3.0293237539709534
0.6659118674164863,0.688592113739845,3.0293239891684607
0.6659118766595908,0.6885921123447911,3.0293245847317247
0.665911909079453,0.6885921250994668,3.029325256793764
0.6659119178347784,0.6885920824327292,3.029325176686477
0.6659119273471109,0.6885921129607203,3.029325533294191
0.6659119332479103,0.6885921270144142,3.0293265242998477
0.6659119286946047,0.6885921358544234,3.0293270630963836
0.6659119133511837,0.6885921466371513,3.029327376155552
0.6659118811056589,0.6885921041219997,3.029327970669295
0.6659118828144918,0.6885921513761051,3.0293291810288223
0.6659118748086208,0.6885921486721966,3.0293298028847375
0.6659118866526454,0.6885921167882056,3.0293299115597274
0.6659119100627682,0.6885921567030424,3.0293303414376505
0.6659119351485556,0.6885921756011689,3.029331003922996
0.6659119334346447,0.688592141980505,3.0293311222825086
0.6659119307179292,0.6885921452632278,3.029331613692283
0.6659119268498344,0.6885921693408126,3.029332395235998
0.665911915287907,0.6885921799936293,3.029332916816076
0.6659118932179793,0.6885921907100782,3.02933334046325
0.6659118672088151,0.6885921805717129,3.0293342826598826
0.6659118728229239,0.6885921898254146,3.02933519376853
0.6659118853046705,0.6885921989127731,3.0293354176264
0.6659118862491012,0.6885921489462358,3.0293356414930654
0.6659119178725635,0.6885922058568387,3.029336342731221
0.6659119291206732,0.6885922163094265,3.029336581442654
0.6659119246983605,0.6885922202668219,3.0293368952742705
0.6659119100220141,0.688592178199648,3.029337647124685
0.665911895680404,0.688592208785367,3.029338236542799
0.6659118867979882,0.6885922283781096,3.0293387236885487
0.6659118707411643,0.688592218253746,3.029339812264524
0.6659118838256678,0.6885922291487148,3.029340384961808
0.6659118920662929,0.6885922335418542,3.029340395615808
0.6659119112100317,0.6885922507383213,3.029340896730341
0.6659119075010096,0.6885922545785377,3.0293412634835377
0.6659118927959626,0.6885922121415208,3.029341761290582
0.6659118789168355,0.6885922421204976,3.029342374407286
0.6659118862665689,0.6885922724970793,3.029343347491006
0.6659118806545898,0.688592262485538,3.0293438880632264
0.6659118898143525,0.6885922455293975,3.0293443160861324
0.6659119127877173,0.6885922708334902,3.0293446653416702
0.6659119262642076,0.6885922823092482,3.0293450552541836
0.6659119225242833,0.6885922861017366,3.0293452930515437
0.6659119085260378,0.6885922431482746,3.0293459871677286
0.6659118949825636,0.6885922723728465,3.0293466096630026
0.6659118868221988,0.688592292966393,3.0293470900674824
0.665911871482156,0.6885922814635825,3.0293481392213977
0.665911885285909,0.6885922938404551,3.0293487068666427
0.6659118942851425,0.6885922968131876,3.0293487253417686
0.6659119141018204,0.6885923156901104,3.02934921191497
0.6659119110925964,0.6885923191848111,3.0293495396185453
0.6659118972020666,0.6885922760121976,3.0293500613624853
0.6659118840704865,0.6885923046432613,3.029350690157891
0.6659118840009326,0.6885923295122635,3.029351398536584
0.6659118815434004,0.6885923256245945,3.0293523503235344
0.6659118912733687,0.6885923094434344,3.0293526489885103
0.6659119145045727,0.6885923344084418,3.0293527721940765
0.665911928874292,0.6885923468771454,3.0293532828313867
0.665911926016922,0.688592350398374,3.0293535774859244
0.6659119126265354,0.6885923067472479,3.0293541900468406
0.665911899753941,0.688592334689708,3.029354801410446
0.6659118818170052,0.6885923522751787,3.0293552268886477
0.6659118644489673,0.6885923105255086,3.029356110923439
0.6659118804621728,0.6885923676953604,3.029356977029304
0.6659118844571938,0.6885923609271084,3.02935717188288
0.6659119091071041,0.6885923712702063,3.0293573810136523
0.6659119218755766,0.688592363375511,3.029358042470516
0.6659119376940431,0.6885923736130738,3.0293582931096386
0.6659119427571484,0.6885923861936464,3.0293585511111885
0.6659119385743038,0.6885923990947742,3.0293593108134886
0.6659119151851357,0.6885923662780385,3.029359895021394
0.665911889500132,0.6885923680900748,3.0293602191129994
0.6659118744316368,0.6885923989497991,3.0293608148788866
0.6659118527998429,0.688592378868303,3.0293619560776373
0.6659118667155126,0.6885924145544766,3.029362402370298
0.6659118740316559,0.6885924100965856,3.0293625448337598
0.6659118881117848,0.6885923767564944,3.029363123419264
0.6659119014264413,0.6885924007199665,3.029363380263802
0.6659119090989568,0.6885924159705576,3.0293635604327775
0.6659119079380503,0.6885924289378371,3.029364206251668
0.6659118966329606,0.6885924428795114,3.029364919285983
0.6659118676024478,0.688592398339978,3.029365284080361
0.6659118718705096,0.6885924440786573,3.0293662087524984
0.6659118674802342,0.6885924341367459,3.029366944607135
0.6659118828033559,0.6885924089714398,3.0293671071617196
0.6659118961189281,0.6885924335825636,3.029367299652392
0.6659119043693736,0.6885924479805431,3.0293675991464446
0.6659119034590624,0.6885924603908737,3.029368185712924
0.665911892304949,0.68859247516558,3.0293688040882034
0.6659118637944337,0.6885924305453304,3.029369253478277
0.6659118684167211,0.6885924757403612,3.0293701906317754
0.6659118642611888,0.6885924650783208,3.0293708610505155
0.665911879931321,0.6885924406558923,3.0293710255374706
0.6659118936456812,0.688592464666558,3.02937125662456
0.6659119022726816,0.6885924791856803,3.0293715806357584
0.6659119016306037,0.6885924909127465,3.0293721290472666
0.6659118906357611,0.6885925065579869,3.029372656978507
0.6659118625934908,0.6885924620224073,3.0293731684091045
0.6659118675974312,0.6885925067282476,3.0293741383090276
0.6659118636863616,0.6885924954306506,3.0293747507463142
0.6659118846587236,0.6885925135099226,3.0293747695753774
0.6659118877362099,0.6885924936623898,3.0293752054452803
0.6659118972180165,0.6885925106022976,3.0293756751839913
0.6659118965541987,0.6885925219750134,3.029375999777135
0.6659118857381525,0.6885925376565224,3.029376433817989
0.6659118600708375,0.6885925029915697,3.029377189899768
0.665911870014362,0.6885925362495925,3.0293780443908926
0.6659118656615651,0.6885925254787685,3.029378400416685
0.6659118874342985,0.6885925443993791,3.0293786787863706
0.6659118910688191,0.6885925236649203,3.029379183014076
0.6659119006450139,0.6885925409650248,3.029379508228187
0.6659119003541712,0.688592552604172,3.0293798481949157
0.6659118900127875,0.6885925680414903,3.0293803392564267
0.665911862766921,0.6885925242810146,3.0293808506453406
0.6659118685686405,0.6885925679583486,3.0293818740903946
0.6659118654184711,0.6885925556730238,3.0293824779911
0.6659118870080203,0.6885925754966493,3.02938245727438
0.6659118908670026,0.6885925540757928,3.029382896687972
0.6659119011785141,0.6885925720082589,3.029383436235873
0.6659119012773786,0.6885925839074216,3.0293837842863267
0.6659118910774043,0.6885925993320687,3.0293841636933356
0.6659118662845942,0.6885926046582709,3.029384632869807
0.6659118539121811,0.68859259489055,3.029385436302428
0.6659118456158705,0.68859256458209,3.0293863196863224
0.6659118716770137,0.6885926094775858,3.0293865205808683
0.6659118760244047,0.6885925861744617,3.029386744182968
0.6659118864058667,0.6885926051491681,3.0293871333612006
0.6659118872668843,0.6885926173014084,3.029387697257101
0.6659118775649667,0.688592632454959,3.029388128356341
0.665911852567455,0.6885925964425524,3.029388604837439
0.6659118632550399,0.6885926300581402,3.0293893296777434
0.6659118602697921,0.6885926185730574,3.0293898271084396
0.665911883067082,0.6885926396662908,3.0293901209628635
0.6659118876216643,0.6885926167997717,3.029390526851021
0.6659118984988104,0.6885926370091939,3.029391039815266
0.6659118995144,0.6885926489214195,3.029391540315644
0.6659118900009998,0.688592663369757,3.0293919405554086
0.665911865815154,0.6885926688968874,3.02939238304836
0.6659118538008949,0.6885926567043629,3.029393026415737
0.6659118456299852,0.6885926288279364,3.029393638001155
0.6659118665842516,0.6885926741790933,3.0293939603208018
0.6659118708548859,0.6885926501788776,3.0293942334731327
0.6659118829085741,0.688592670077884,3.029394820039757
0.6659118844987735,0.6885926825280705,3.029395447157295
0.6659118753152963,0.6885926959225236,3.0293958369774723
0.665911849307919,0.688592653567685,3.029396256231176
0.6659118554904131,0.6885926919934466,3.0293967936675763
0.6659118532808822,0.6885926798502336,3.0293972129441937
0.6659118767632757,0.6885927033428698,3.0293976136235563
0.665911882117638,0.6885926818532884,3.0293981144490854
0.6659118935874515,0.688592700347102,3.029398658847663
0.6659118951722144,0.6885927120287645,3.029399176935823
0.6659118861536146,0.6885927244230803,3.029399555425116
0.6659118624986672,0.6885927289371645,3.0293999830305154
0.665911837657863,0.6885927074412342,3.0294005000247655
0.6659118308875972,0.6885926916580747,3.0294008461364874
0.6659118452535082,0.6885927307511489,3.0294012772961634
0.6659118518317428,0.6885927111900734,3.029401806091203
0.6659118819437126,0.6885927386039475,3.029402307734004
0.6659118898196821,0.688592715034518,3.0294027255663494
0.6659118934571224,0.6885927119167041,3.029403248646574
0.6659118950167389,0.6885927317475231,3.0294037167862156
0.6659118892564447,0.6885927445397084,3.029404125589672
0.6659118732473267,0.688592757884506,3.0294045736940274
0.6659118454048133,0.6885927495329695,3.0294050436502453
0.6659118383252943,0.688592755228968,3.0294054447385945
0.6659118274243548,0.6885927391206353,3.0294058324593793
0.6659118460217907,0.6885927577593628,3.0294063425425732
0.665911860979065,0.6885927529741375,3.0294068685436244
0.665911885417961,0.6885927794689549,3.029407271890343
0.6659118879432906,0.6885927804064992,3.0294077738988343
0.6659118792987763,0.6885927385003068,3.0294082603095576
0.6659118706091227,0.6885927590744233,3.029408668412118
0.6659118572194672,0.6885927778177741,3.0294091069663223
0.6659118417408377,0.6885927904943685,3.0294095845282976
0.6659118253083405,0.6885927786743999,3.029409968342683
0.6659118212886781,0.6885927508650169,3.0294103467668454
0.6659118486212724,0.6885928006454909,3.029410871641808
0.6659118529203293,0.6885927688747032,3.0294113753774266
0.6659118813048698,0.6885928010014326,3.029411791400892
0.6659118916505553,0.6885928120310285,3.0294122916711257
0.6659118917199931,0.6885928230223838,3.029412759669207
0.6659118731794704,0.6885927929114758,3.0294131571570073
0.6659118525093014,0.68859279253778,3.029413599575318
0.665911829921819,0.6885928159743346,3.029414071560983
0.6659118159597238,0.6885927961568835,3.0294144556040563
0.6659118239772007,0.6885928335495327,3.0294148364908033
0.6659118237606445,0.6885928203701058,3.029415345646204
0.6659118442131756,0.6885928050313329,3.029415816986479
0.6659118622858976,0.6885928233576872,3.029416255730532
0.6659118752840218,0.6885928395181108,3.029416788571871
0.6659118784639851,0.688592851605252,3.0294172280871865
0.6659118711883311,0.6885928647685432,3.029417608134375
0.6659118494291189,0.6885928700921241,3.0294180562145585
0.6659118263615342,0.6885928468607436,3.0294185392807003
0.6659118213743854,0.6885928347738359,3.0294188578216055
0.6659118374120334,0.6885928713899563,3.0294192865468057
0.6659118458545669,0.6885928511154915,3.0294198051327266
0.6659118600111299,0.6885928717853914,3.029420301146873
0.6659118636204031,0.6885928835868043,3.029420773176585
0.6659118567380188,0.6885928965657412,3.029421163609579
0.6659118353092989,0.6885929017241673,3.0294215846979395
0.6659118256494536,0.6885928864655004,3.0294220327011447
0.6659118197737598,0.6885928622013996,3.029422372890116
0.6659118433813085,0.6885929069630439,3.0294228312267855
0.6659118510128497,0.6885928787808746,3.029423369261347
0.6659118653549246,0.6885928992394563,3.0294238027301104
0.6659118692488555,0.6885929109157745,3.029424264088908
0.6659118627363672,0.6885929238681996,3.029424685769439
0.6659118416348422,0.6885929290432964,3.029425099092284
0.6659118192171192,0.6885929044023804,3.029425554767876
0.6659118149689737,0.6885928930574385,3.0294258900945557
0.6659118316549444,0.6885929283947034,3.029426317648158
0.6659118299138783,0.6885928943212228,3.029426842142996
0.6659118496472695,0.6885929284549948,3.0294272863412237
0.6659118539821505,0.6885929402017977,3.0294277409789316
0.6659118479196294,0.6885929532309614,3.029428177242542
0.6659118272464458,0.688592958516591,3.0294285846247373
0.6659118182742824,0.6885929422886776,3.02942899965948
0.665911813202846,0.6885929180961831,3.0294293502514873
0.665911837517211,0.6885929626845341,3.029429812809898
0.6659118459106913,0.6885929342218967,3.029430332146151
0.6659118609640717,0.6885929546649967,3.0294307564916294
0.6659118655991718,0.6885929664936769,3.0294312170716693
0.6659118598211006,0.6885929797320286,3.029431633472294
0.6659118394870975,0.6885929851890557,3.029432038803396
0.665911808290602,0.6885929459788013,3.0294324753051307
0.6659118126538178,0.688592988855837,3.0294328583420267
0.665911809435491,0.6885929752426136,3.029433241372848
0.6659118128732782,0.6885929520764228,3.029433712956658
0.6659118438502103,0.688592987054693,3.029434199997831
0.6659118564495655,0.6885929734877981,3.0294345963318485
0.6659118634557453,0.6885929675226601,3.0294350716475074
0.6659118682667373,0.6885929873428459,3.029435537631758
0.6659118657455716,0.6885930007531353,3.029435921916455
0.6659118529351382,0.6885930152378946,3.029436326373741
0.6659118301009499,0.6885930300562061,3.0294367703855714
0.6659117939175622,0.6885929948638654,3.029437205903856
0.6659117899287249,0.6885930217156407,3.029437514507166
0.6659117944635955,0.6885930242657103,3.0294379473030597
0.665911797067714,0.6885930006245461,3.0294384406281525
0.6659118309245059,0.6885930428656053,3.029438854122194
0.6659118495562647,0.6885930163732071,3.0294392976400673
0.6659118740275219,0.6885930321803256,3.0294397481392794
0.6659118870847703,0.6885930434146992,3.029440230874294
0.6659118897498836,0.6885930551690134,3.0294406137467704
0.665911874226415,0.6885930244134502,3.029441001645981
0.6659118563544644,0.6885930210342616,3.029441450555944
0.6659118363664229,0.6885930436770736,3.0294418819221005
0.6659118092762513,0.6885930600304477,3.029442284007928
0.6659117791497238,0.6885930316305673,3.029442656041516
0.6659117850583791,0.6885930782150711,3.02944301378969
0.6659117831880267,0.6885930631568873,3.0294434992810246
0.6659117877682905,0.6885930395094161,3.0294439452632225
0.6659118268639215,0.688593085190797,3.0294443345867084
0.6659118394894137,0.6885930601919099,3.029444780549081
0.6659118476019454,0.6885930530978998,3.02944531272301
0.6659118533126549,0.6885930725639076,3.029445695574194
0.6659118517877034,0.6885930857464418,3.0294460535508936
0.6659118400947726,0.6885931001433182,3.029446494814945
0.665911818293863,0.6885931150466534,3.029446928800849
0.6659117831936026,0.6885930790291686,3.0294473296960134
0.6659117802289183,0.6885931072343879,3.0294476346114787
0.6659117857971453,0.6885931082593175,3.02944807012705
0.6659117894775246,0.6885930841317335,3.0294485493942322
0.6659118242679891,0.6885931264960313,3.029448948136071
0.6659118318618616,0.6885931307344008,3.029449415752849
0.6659118278502859,0.6885930864028273,3.0294498971754464
0.6659118234016281,0.6885931047093317,3.02945026106684
0.665911814201975,0.6885931231833022,3.0294506471841696
0.6659117956019383,0.6885931381266884,3.0294510880060126
0.665911772682034,0.6885931096784612,3.0294514637870456
0.6659117866005215,0.6885931533824786,3.0294517754449894
0.6659117958446737,0.6885931370590826,3.0294522557257295
0.6659118060763424,0.6885931197496379,3.0294527107023437
0.6659118339308543,0.6885931455554088,3.0294531249408374
0.665911848721213,0.6885931581517115,3.0294535565140657
0.6659118530269944,0.6885931700680423,3.0294540204918623
0.6659118391044254,0.6885931387874901,3.0294543971089256
0.665911822620325,0.6885931346017244,3.0294547838270693
0.6659118040896501,0.6885931569256116,3.0294552165295245
0.6659117873535314,0.6885931743947747,3.0294556353399473
0.6659117656139266,0.6885931601814044,3.0294559514675616
0.6659117649576939,0.6885931533358632,3.0294563192787334
0.6659117849135775,0.6885931851557275,3.0294568087489777
0.665911797361564,0.6885931624074622,3.029457228563096
0.6659118152651413,0.6885931820482659,3.029457659051827
0.6659118228226616,0.6885931937433725,3.0294581402622516
0.6659118198279175,0.6885932072237925,3.0294585071352436
0.6659118024213913,0.6885932127570119,3.0294588744560356
0.665911774231203,0.6885931713871056,3.0294593094251683
0.6659117812033769,0.6885932163776806,3.0294596643609295
0.6659117808667064,0.6885931998304426,3.029460013764509
0.6659117904744665,0.688593216461121,3.0294604694260547
0.6659118043415593,0.6885932091976046,3.029460942214612
0.6659118124364974,0.6885932220027771,3.0294613526292276
0.6659118099297484,0.6885932353704227,3.0294617733204787
0.6659117929822713,0.6885932407811716,3.0294621627698413
0.6659117745755337,0.688593213386177,3.0294625633882144
0.6659117787540423,0.6885932457324044,3.0294628842435016
0.6659117785877352,0.6885932269184911,3.029463315497837
0.6659117885113938,0.6885932437981588,3.0294637246707383
0.6659118026884749,0.6885932361226422,3.0294641587119204
0.6659118112233269,0.6885932488650405,3.0294646018611266
0.6659118091216059,0.6885932622130282,3.0294650315449547
0.6659117925313188,0.6885932675529622,3.029465396611889
0.6659117650744873,0.6885932261707459,3.0294657895898522
0.6659117727734899,0.6885932714604706,3.0294661431888126
0.6659117732580266,0.6885932544018523,3.0294665047045757
0.6659117836234214,0.6885932714695463,3.029466950334484
0.6659117982293926,0.6885932633975075,3.029467409761128
0.6659118070856609,0.6885932760843579,3.029467823577769
0.665911805334057,0.6885932893945259,3.029468242755602
0.6659117891598884,0.6885932946541782,3.02946862251583
0.6659117620915864,0.6885932532931766,3.029469013398319
0.6659117701117947,0.6885932987402241,3.0294693529084373
0.6659117709752456,0.6885932814331502,3.029469713597834
0.6659117817172789,0.6885932987171595,3.029470163423713
0.6659117966786106,0.6885932902492321,3.0294706176687414
0.6659118058871407,0.6885933028758837,3.0294710277720185
0.665911804494995,0.6885933161524335,3.02947144679445
0.6659117886945713,0.6885933213313219,3.0294718245776817
0.6659117619982386,0.6885932799905239,3.0294722119737028
0.6659117575767376,0.6885933187074548,3.029472589482368
0.6659117464823913,0.6885932988441464,3.0294728980598076
0.66591176443908,0.6885933262212428,3.0294733147163133
0.6659117801972931,0.6885933188220983,3.0294737751109317
0.6659117899139492,0.6885933313250859,3.0294742440269773
0.6659117888886419,0.68859334453244,3.029474641867353
0.6659117734377705,0.6885933495867546,3.0294749883633845
0.6659117471770766,0.6885933082022648,3.029475391094475
0.6659117559107138,0.6885933539318211,3.0294757327280144
0.6659117575128191,0.68859333609768,3.0294760751568695
0.6659117689935578,0.6885933537814215,3.029476520891141
0.665911784696564,0.688593344494032,3.0294769770941197
0.6659117946277646,0.6885933569801143,3.0294773834767725
0.6659117939501826,0.6885933701725013,3.029477794465428
0.6659117789046048,0.6885933751743082,3.02947816823542
0.6659117529683033,0.6885933338619441,3.029478552943584
0.6659117492199788,0.6885933726495823,3.0294789219413865
0.6659117388631963,0.6885933525123595,3.029479222334888
0.6659117587922957,0.6885933935589214,3.0294796361583662
0.6659117672569262,0.6885933681962002,3.029480133386531
0.6659117784450852,0.6885933852562347,3.029480516206585
0.6659117782093867,0.6885933983415012,3.029480937669113
0.6659117636179894,0.6885934032218748,3.0294813225094637
0.6659117380886067,0.6885933618528816,3.0294816942768814
0.665911747477574,0.6885934078707232,3.029482010741148
0.6659117498728216,0.6885933895360098,3.029482366808993
0.6659117621074835,0.6885934076398791,3.0294828158276426
0.6659117785153429,0.6885933975601911,3.0294832547085977
0.665911789165497,0.6885934099242124,3.0294836573433086
0.6659117892195194,0.6885934230497178,3.029484070202744
0.6659117749243368,0.68859342789259,3.0294844375693684
0.6659117497378335,0.6885933866266827,3.0294848148639995
0.6659117366105407,0.6885934142194607,3.029485218152803
0.665911720378265,0.688593392765196,3.0294855019003397
0.6659117383679503,0.6885934427479198,3.0294858619876845
0.6659117490270486,0.6885934226373951,3.029486328496376
0.6659117685531013,0.6885934371366932,3.029486750007556
0.6659117801540362,0.6885934091162396,3.029487120514695
0.6659117907496024,0.6885934273498062,3.029487580583206
0.6659117940568654,0.6885934397665967,3.029487969281149
0.6659117869246111,0.6885934536698488,3.0294883041041207
0.6659117697556328,0.6885934683330597,3.0294886939324135
0.6659117351424189,0.6885934387799065,3.0294891034824554
0.6659117208105506,0.6885934595426455,3.029489440717083
0.6659117038425294,0.6885934378589265,3.0294897195440034
0.6659117221961685,0.6885934837482807,3.0294901500412608
0.6659117360252456,0.6885934636992195,3.0294906040567477
0.6659117524936564,0.6885934855887226,3.029490959702224
0.6659117536683375,0.6885934414608554,3.029491446145149
0.6659117540818562,0.6885934584305232,3.029491850917955
0.6659117495186695,0.6885934756927911,3.0294921690922463
0.6659117355711078,0.6885934897879041,3.029492549901146
0.6659117176985272,0.6885934616571442,3.029492904641868
0.6659117360102729,0.6885935075987087,3.0294931880935754
0.6659117382392576,0.6885934843462073,3.0294936282724003
0.6659117606355593,0.6885935084709794,3.0294940911867827
0.6659117624820482,0.6885934660970883,3.0294944880824497
0.6659117632089326,0.6885934829690514,3.0294948990842587
0.6659117590414975,0.6885935001443342,3.0294952633225916
0.6659117453766406,0.6885935141752674,3.0294956256799828
0.6659117258560425,0.6885935326396178,3.029496012418581
0.6659117143404818,0.6885935137727904,3.0294963060362297
0.6659117060203935,0.6885934934367115,3.0294966372380148
0.6659117326622345,0.6885935411212165,3.0294970849589427
0.6659117419095699,0.6885935096148215,3.029497531627097
0.6659117696286112,0.6885935361016768,3.0294978714182617
0.6659117791443175,0.6885935472859804,3.0294983261593744
0.6659117708842726,0.6885935143469541,3.029498731389192
0.6659117595156638,0.6885935108119289,3.0294990602828635
0.6659117459343215,0.6885935315358827,3.0294994362687366
0.6659117253936894,0.6885935466215861,3.029499841154362
0.6659116963289902,0.6885935276791285,3.0295001819311596
0.6659116952758326,0.6885935604772507,3.0295004263275658
0.6659116878573318,0.6885935396839555,3.0295008401373575
0.6659117091989656,0.6885935676825985,3.0295012877130714
0.6659117280749371,0.6885935575078348,3.029501649732692
0.6659117528785105,0.6885935436223849,3.029502035378132
0.6659117680147493,0.6885935385557419,3.029502487383007
0.665911780285856,0.6885935561069968,3.0295029243131353
0.6659117851874747,0.6885935680188875,3.029503240012731
0.6659117798008479,0.6885935813777384,3.029503588956297
0.6659117643889032,0.6885935954735461,3.029503998187298
0.6659117316023105,0.6885935662313725,3.0295043779156625
0.6659116957646608,0.6885935659833379,3.0295047357909
0.6659116893815541,0.6885936116618773,3.0295050126140777
0.665911679578479,0.6885935944297349,3.0295053436390775
0.6659116726771691,0.6885935738537761,3.0295057908791407
0.6659117003317132,0.6885936212865198,3.0295061776166685
0.665911723507156,0.6885935991148564,3.0295065209966143
0.6659117455511556,0.6885936144347194,3.029506976054861
0.6659117561794704,0.6885936250731605,3.029507461943783
0.6659117489034966,0.688593592245498,3.029507760746036
0.6659117386224147,0.6885935889131718,3.029508089096069
0.6659117261954577,0.6885936092331583,3.0295085133619812
0.6659117066878708,0.6885936240069617,3.0295088959287417
0.6659116786950265,0.6885936053262005,3.0295092012282105
0.6659116786631654,0.6885936377449711,3.0295094511354383
0.6659116723745907,0.68859361697329,3.029509874271047
0.6659116947364363,0.6885936446696801,3.02951030674552
0.6659117146388857,0.6885936341813865,3.0295106585435754
0.6659117286776606,0.6885936454229525,3.0295111326709785
0.6659117320147966,0.6885936574601541,3.029511548412155
0.665911720991911,0.6885936608794556,3.02951184463441
0.6659116991813651,0.6885936219467591,3.0295122080327683
0.6659116892117725,0.6885936487475631,3.0295126154070484
0.6659116762644973,0.688593627430781,3.0295128480633533
0.665911697195559,0.6885936763750092,3.0295131825915442
0.6659116978553236,0.6885936429850491,3.0295136967501213
0.6659117203576734,0.6885936712838212,3.0295140704473154
0.6659117240736964,0.6885936832547122,3.029514467871992
0.6659117136014382,0.6885936864753921,3.0295148488256527
0.6659116921656424,0.6885936478005291,3.0295151973296224
0.6659116824804371,0.6885936744564647,3.029515558405915
0.6659116699544633,0.688593653166282,3.029515808224386
0.6659116912763946,0.6885937018773143,3.0295161606311294
0.6659116922987113,0.6885936685407007,3.0295166571329184
0.6659117151409569,0.6885936966537064,3.0295170220046823
0.6659117192394973,0.6885937085225955,3.029517427542106
0.6659117091509008,0.6885937115901801,3.029517807801952
0.6659116880853956,0.6885936731203558,3.02951814870168
0.6659116787543548,0.6885936996262894,3.029518508815736
0.6659116666138617,0.6885936783801868,3.0295187604199296
0.665911688270784,0.688593726856161,3.029519109795569
0.6659116896686209,0.688593693579825,3.029519602505072
0.6659117128535417,0.6885937215114415,3.0295199666177823
0.6659117173051226,0.6885937332847879,3.029520370640289
0.6659117075836165,0.688593736230245,3.029520748298395
0.6659116868878959,0.6885936979523504,3.0295210874395906
0.6659116654195265,0.6885937167345385,3.0295214517246993
0.6659116627301194,0.6885937429928063,3.0295217331437607
0.6659116689790574,0.688593739297618,3.029522033763538
0.6659116719223006,0.6885937199092719,3.029522469443316
0.6659116956695775,0.6885937480491088,3.0295228929547253
0.6659117005990419,0.6885937596918599,3.0295233369459904
0.6659116912033995,0.6885937624958677,3.029523668200622
0.6659116708829933,0.6885937243331562,3.0295239936550327
0.6659116623235752,0.6885937505209786,3.029524377946221
0.6659116509567621,0.6885937293469386,3.0295246264671474
0.6659116732756813,0.6885937773587905,3.029524957103797
0.665911675447883,0.688593744192174,3.029525449121449
0.6659116993425991,0.6885937717678984,3.0295258169324413
0.6659117045044162,0.688593783358177,3.0295262128314158
0.6659116955252236,0.6885937860662187,3.0295265837276704
0.6659116755859946,0.6885937481733292,3.029526922574718
0.6659116548221778,0.6885937667323221,3.0295272841474414
0.6659116528413815,0.6885937925550962,3.0295275608509797
0.6659116597902672,0.688593788971261,3.0295278585153516
0.6659116572793343,0.6885937578267562,3.0295283037950846
0.6659116816863092,0.6885937966497475,3.0295287187651336
0.66591168754522,0.6885938096958132,3.0295290944875677
0.6659116790320053,0.6885938122232277,3.0295294869268306
0.6659116595264379,0.6885937744348061,3.0295298284582954
0.6659116516117413,0.6885938003412296,3.029530168445923
0.665911641009698,0.6885937792587195,3.0295304141005888
0.6659116640579119,0.6885938268252497,3.0295307637816036
0.6659116669886104,0.6885937937962301,3.029531245487946
0.6659116915564816,0.6885938210337117,3.029531598761218
0.6659116974429733,0.6885938324522909,3.02953199658112
0.6659116892196644,0.688593834936704,3.0295323682931286
0.6659116700219818,0.6885937974350128,3.0295326994843785
0.6659116499563634,0.68859381577557,3.029533056132414
0.6659116423973127,0.6885938496627914,3.0295333807021807
0.6659116333664387,0.6885938324587704,3.0295336287374415
0.665911636432375,0.6885938076064632,3.029534017654671
0.665911661841963,0.6885938472353946,3.0295344433386253
0.6659116750315375,0.6885938186200081,3.0295348176515158
0.6659116917927749,0.6885938373958895,3.0295351897046277
0.665911700975517,0.6885938480810702,3.029535622082057
0.6659116996101833,0.6885938602469914,3.029535943259992
0.6659116880562654,0.6885938730886171,3.0295362585731644
0.6659116596047264,0.6885938444526276,3.0295366408558864
0.6659116278546314,0.6885938444267892,3.029537013198158
0.6659116252094178,0.6885938880575091,3.0295372510340797
0.6659116194779071,0.6885938708527027,3.0295375523848422
0.6659116167188035,0.6885938506933312,3.0295379925617847
0.6659116480519292,0.6885938957418798,3.029538361305251
0.6659116624826213,0.6885938644113657,3.029538721561037
0.6659116951075594,0.6885938882594569,3.029539081188057
0.6659117096320456,0.6885938979619253,3.0295395345555813
0.6659117066956703,0.6885938659581264,3.0295398819148933
0.6659117003186027,0.6885938626669054,3.02954018015461
0.6659116916180052,0.6885938816226275,3.029540549630769
0.6659116759444642,0.6885938953449522,3.0295409270447498
0.6659116499463268,0.6885939104005262,3.0295412591634805
0.6659116102459732,0.6885938764957336,3.0295415830336627
0.665911608967742,0.6885939255863769,3.029541819843646
0.6659116013497408,0.688593908164564,3.0295422023737006
0.6659116056524813,0.688593883324597,3.029542616736168
0.6659116393077656,0.6885939266764577,3.029542946643456
0.6659116526422065,0.6885938950132242,3.029543292555184
0.6659116702398958,0.6885939112969061,3.0295437901374926
0.6659116803667103,0.6885939217144389,3.029544153224129
0.6659116799309055,0.6885939335732422,3.029544410536638
0.6659116695024936,0.6885939461154109,3.0295447706724428
0.6659116422199028,0.6885939177214913,3.0295451671849842
0.6659116114594514,0.688593917624319,3.029545501700502
0.6659116097898234,0.6885939606608374,3.02954573320385
0.665911605164547,0.6885939434967687,3.0295460485732355
0.6659116034757827,0.6885939234671762,3.0295464791099804
0.6659116357486611,0.6885939678959978,3.0295468330441824
0.665911642027528,0.6885939233587527,3.0295472032247424
0.6659116493232049,0.6885939380878934,3.0295476641314925
0.6659116515135236,0.6885939531350483,3.029547983787992
0.6659116441544962,0.6885939653368525,3.0295482704538217
0.665911626677421,0.6885939792278238,3.0295486427258598
0.6659115956493077,0.6885939448788753,3.029549001250114
0.6659116024004229,0.6885939915012441,3.029549199048155
0.6659116059167397,0.6885939729587358,3.029549560754005
0.6659116159012782,0.6885939480931608,3.0295499932477807
0.6659116463853687,0.6885939828281213,3.02955036731328
0.6659116635138705,0.688593997539978,3.0295506959291836
0.6659116623170797,0.6885939656758704,3.029551132260394
0.6659116575180662,0.6885939622305729,3.0295514712959317
0.6659116501423895,0.6885939806891193,3.029551768432293
0.6659116358874279,0.6885939940061725,3.029552128841528
0.6659116113987158,0.6885940086760647,3.0295524923100463
0.6659115837224271,0.6885939866599858,3.0295527597857546
0.6659115856533977,0.6885940136614972,3.029553005409704
0.6659115960664302,0.6885940103631957,3.0295534321202378
0.6659116030654663,0.6885939912010645,3.0295538225739906
0.6659116304186419,0.6885940174362094,3.0295541504811325
0.6659116392560588,0.6885940280502545,3.0295546015829555
0.6659116339584595,0.6885940295737402,3.0295549471523517
0.6659116176374383,0.6885939934305597,3.0295552301773574
0.6659116003643538,0.6885940108466015,3.029555587926849
0.665911595547605,0.6885940435414792,3.029555915066159
0.6659115893797249,0.6885940263897333,3.0295561410199823
0.6659115967398757,0.6885940182011807,3.029556507067498
0.6659116165785478,0.6885940370272504,3.0295569701377314
0.665911626828786,0.6885940527161325,3.0295573052879865
0.665911621984558,0.6885940540103471,3.0295576827747057
0.6659116061819133,0.688594018003193,3.029558024573957
0.6659115892361294,0.6885940353012856,3.0295583465701763
0.6659115847489572,0.6885940678351987,3.0295586473968683
0.665911579020713,0.6885940506688615,3.0295588970458462
0.6659115853991942,0.6885940262983264,3.029559270836611
0.6659116137401072,0.6885940639246076,3.0295596704907037
0.6659116235578469,0.6885940759310124,3.0295600957591686
0.665911619022783,0.6885940771908432,3.0295604474748172
0.6659116034713007,0.6885940413943124,3.029560737583101
0.6659115868903143,0.6885940585928504,3.0295610839549942
0.6659115827583011,0.6885940910036429,3.0295614043464343
0.6659115773340425,0.6885940738683337,3.0295616332249535
0.6659115854237371,0.6885940656433828,3.0295619962667226
0.6659116059362168,0.6885940842513752,3.0295624517833537
0.6659116168709408,0.6885940997054301,3.0295627840711115
0.6659116127536392,0.6885941007826342,3.029563159374223
0.6659115976764318,0.6885940651509226,3.029563497213183
0.6659115814102327,0.6885940822424237,3.029563815356353
0.6659115775907877,0.6885941145037286,3.0295641137330698
0.6659115725736487,0.6885940973658601,3.0295643611786636
0.6659115810471408,0.6885940891195006,3.029564728618937
0.6659116018834796,0.6885941076123525,3.0295651694372636
0.6659116131650997,0.6885941229418724,3.029565499820988
0.6659116094290217,0.688594123904686,3.0295658801686858
0.665911594718995,0.6885940884511926,3.029566214731953
0.6659115787937359,0.6885941054338359,3.0295665279059816
0.6659115684449256,0.6885941258546646,3.029566867642477
0.6659115514757424,0.6885941092341374,3.029567102717844
0.6659115629965948,0.6885941349376968,3.0295674090206526
0.6659115828083211,0.688594132704278,3.0295678216867605
0.6659115926218586,0.6885940991829049,3.029568204401532
0.6659116163224007,0.6885941261489078,3.0295685179759375
0.6659116297215321,0.6885941357949589,3.0295689324609603
0.6659116326108707,0.6885941468663408,3.029569270090375
0.6659116252038793,0.6885941586396357,3.0295695540122907
0.6659116012101521,0.6885941309283035,3.0295698981508514
0.6659115736707143,0.6885941306423844,3.0295702601899297
0.6659115553396602,0.6885941545177913,3.0295705802265815
0.665911531069646,0.6885941373912762,3.0295707885517316
0.6659115408829563,0.6885941826526993,3.0295711139132457
0.6659115475137585,0.6885941640150285,3.029571533620665
0.6659115603262491,0.6885941394268351,3.0295718559118376
0.6659115935064425,0.6885941726285701,3.0295721989486526
0.6659116135195895,0.6885941862861831,3.0295725699996208
0.665911615359618,0.6885941550036794,3.0295729842088246
0.6659116133534388,0.6885941513473378,3.029573280731703
0.6659116087611677,0.6885941688382757,3.0295735763918428
0.6659115973063122,0.6885941814252126,3.0295739361614666
0.6659115755680394,0.6885941953786135,3.029574276422598
0.6659115429355508,0.6885941984774153,3.0295745871939994
0.6659115300703196,0.6885941973447697,3.0295748242630816
0.6659115146018323,0.6885941817122434,3.0295751303558536
0.6659115274385187,0.6885942066885113,3.0295755269183866
0.6659115482472642,0.6885942044667486,3.029575868116284
0.6659115678825032,0.68859418010009,3.029576166424885
0.6659115899938556,0.6885941968110549,3.029576598602211
0.6659116044463749,0.6885942061156921,3.029577009510873
0.6659116082287243,0.6885942169139261,3.029577256821644
0.665911601893877,0.6885942283975389,3.0295775566606524
0.6659115791068821,0.688594200908381,3.0295779375070953
0.6659115525820183,0.6885942005575505,3.0295782724970803
0.6659115352316695,0.6885942240574375,3.029578570297012
0.6659115120757593,0.6885942070433491,3.029578791909677
0.6659115228704862,0.6885942517180074,3.029579117906003
0.6659115305413554,0.6885942331093392,3.029579521076654
0.665911544424517,0.6885942086866266,3.029579838290482
0.6659115785815508,0.6885942413609385,3.0295801820836687
0.665911599577488,0.6885942546736643,3.029580546411601
0.6659116024979721,0.6885942236438263,3.029580951715363
0.6659116015076911,0.6885942199547876,3.029581245322894
0.6659115978992367,0.6885942371223125,3.029581537851639
0.6659115874268416,0.6885942494707319,3.029581891246036
0.6659115666700965,0.6885942631868046,3.029582226135735
0.6659115357742222,0.6885942775252918,3.0295825336148767
0.6659115063088921,0.6885942596340423,3.029582809631097
0.6659114905137457,0.6885942390867305,3.0295830564946615
0.6659115022590546,0.6885942701609642,3.0295834873333884
0.6659115046495321,0.6885942500551715,3.0295838267901645
0.6659115405046788,0.6885942917518707,3.0295840591853076
0.6659115513138758,0.6885942487346872,3.0295844647453807
0.6659115626366406,0.6885942620574309,3.029584934620699
0.6659115686958788,0.688594275745968,3.029585190858451
0.6659115652757894,0.6885942868275206,3.029585448062907
0.6659115517845626,0.6885942995925721,3.0295858220724288
0.6659115246878402,0.6885943030947912,3.029586169405214
0.6659115084799859,0.6885942932475128,3.0295864122231393
0.6659114970654125,0.6885942725674321,3.0295866410193986
0.6659115187144893,0.6885943145238848,3.0295870326053134
0.6659115215998266,0.6885942883764754,3.029587416330001
0.6659115527843465,0.6885943182156705,3.029587721705603
0.6659115564639251,0.6885942899704625,3.0295880865835763
0.6659115559219781,0.6885942861591305,3.0295884806712623
0.6659115525490751,0.6885943030233344,3.0295887626969056
0.6659115422111667,0.6885943151278983,3.0295890550315434
0.6659115217201182,0.6885943286024254,3.029589402889134
0.6659114983729393,0.6885943074806623,3.029589674695293
0.665911504251399,0.6885943314147116,3.029589893412168
0.6659115185587176,0.6885943288311659,3.0295902827098
0.6659115236635532,0.6885942993840298,3.029590667270251
0.6659115546543095,0.6885943334560652,3.029590973016957
0.665911567578721,0.6885943445053097,3.0295913323841694
0.6659115665197026,0.6885943445541594,3.029591712340806
0.6659115544068996,0.6885943109601899,3.0295919970874947
0.6659115409212839,0.6885943270251085,3.0295922946754237
0.6659115227768633,0.6885943434489274,3.0295926423868655
0.6659115025337827,0.6885943615661582,3.0295929616677726
0.6659114824848756,0.6885943468348785,3.0295931703058923
0.66591147515578,0.688594327624007,3.029593464159522
0.6659114965400197,0.6885943704393344,3.029593861141135
0.6659115099050865,0.6885943515417423,3.0295941868805487
0.6659115267493375,0.688594363914937,3.029594545330121
0.6659115324925536,0.6885943740783749,3.029594944408241
0.6659115278039741,0.6885943850313984,3.0295952180484425
0.6659115066609326,0.6885943580046184,3.02959550182324
0.6659114933689552,0.6885943675940119,3.0295958490376713
0.6659114861019527,0.6885943479934427,3.029596064731501
0.6659115075174581,0.6885943906350038,3.0295963574327844
0.6659115092550514,0.6885943590614985,3.0295967902447978
0.6659115324935118,0.6885943848106546,3.0295971162802227
0.6659115384728227,0.6885943950215847,3.029597463364431
0.6659115341741809,0.6885944059005668,3.029597784474367
0.6659115134033998,0.6885943789863812,3.0295980822103337
0.6659114888449802,0.6885943784792028,3.0295984036627868
0.6659114818126959,0.6885944119418548,3.029598686648325
0.6659114703767917,0.6885943965461397,3.0295989070092553
0.6659114795393892,0.6885943890054551,3.0295992558307985
0.6659114990842442,0.6885944093089099,3.0295996368421148
0.665911514177735,0.6885943823712737,3.0295999631131996
0.6659115277175632,0.6885943968769732,3.0296002984332016
0.665911536086925,0.6885944099019247,3.0296006820126378
0.6659115348227519,0.6885944204917114,3.0296009654032394
0.6659115232468411,0.6885944327589795,3.0296012450183674
0.665911498282361,0.6885944355982673,3.0296015842600568
0.6659114625645081,0.6885944060890193,3.0296019149613813
0.6659114600406584,0.6885944477775671,3.0296021231010255
0.6659114520593327,0.6885944320527763,3.0296023964516254
0.665911451048275,0.6885944126406177,3.02960278630809
0.6659114822931265,0.6885944545914603,3.0296031112897372
0.6659114941285527,0.6885944230131787,3.0296034319656124
0.665911526923712,0.6885944459356378,3.029603755646832
0.6659115413845326,0.6885944550704406,3.029604155967832
0.6659115419934296,0.6885944546159819,3.0296044597868796
0.6659115316474609,0.6885944218829307,3.029604726802541
0.6659115199168026,0.688594437430491,3.0296050567497015
0.6659115034404876,0.688594453359963,3.029605391998902
0.6659114775563365,0.6885944668237192,3.029605687073532
0.6659114401290633,0.688594437200243,3.0296059702627582
0.6659114373445523,0.6885944814954201,3.029606183347197
0.6659114250084202,0.6885944503534299,3.029606550396008
0.6659114482385032,0.688594489569413,3.029606925037862
0.6659114653940222,0.6885944706599079,3.029607165377345
0.6659114924452809,0.6885944941022973,3.029607477858973
0.6659114980585525,0.6885944641307218,3.02960795548881
0.6659114993207991,0.6885944603422858,3.029608251076709
0.6659114977166806,0.6885944764342682,3.0296084734756428
0.6659114893638919,0.6885944879784435,3.0296088136222354
0.6659114707740392,0.6885945009102669,3.029609160747525
0.665911439052262,0.6885944699839306,3.0296094281301817
0.665911444539136,0.6885945139178508,3.029609610830441
0.6659114445071556,0.6885944968104356,3.029609964645846
0.6659114577653772,0.6885944882787902,3.0296103379386565
0.6659114827675475,0.6885945049538968,3.0296106627722743
0.6659114983936809,0.6885945183343971,3.0296109656722474
0.6659114994262879,0.6885945175038788,3.029611357935655
0.6659114894134128,0.6885944851906757,3.0296116538584426
0.6659114777915895,0.6885945004880627,3.0296119197954976
0.6659114615162675,0.6885945161627026,3.029612247397048
0.6659114431864289,0.688594533655756,3.0296125674886074
0.6659114251520497,0.6885945190672002,3.029612768753846
0.6659114198228074,0.6885945002387652,3.0296130442892926
0.6659114429370816,0.6885945415269048,3.0296134278615936
