x,y,theta
0.24661002639247362,-0.0012335958027555611,0.8622673883226671
0.24660999352665994,-0.0012337232299935103,0.8622674932283947
0.24660994649504506,-0.0012337895062700284,0.8622675665548348
0.24660993135009995,-0.0012337253985279305,0.8622675979563651
0.24660992711607843,-0.0012336660337507088,0.8622676424413446
0.2466099382742755,-0.0012336246539762243,0.8622677019257179
0.24660997520484718,-0.0012336310957262783,0.8622677935119708
0.24661010578622122,-0.0012335332584739792,0.8622678804304853
0.24661010859190585,-0.001233576245646193,0.8622679706134778
0.24661008257407782,-0.001233651188068207,0.862268055382631
0.24661002573816485,-0.00123375817002147,0.8622681415197437
0.24660991097609206,-0.0012337820590965802,0.8622681659724865
0.24660979843024314,-0.001233744741356746,0.8622681665788742
0.24660975536620797,-0.0012336738344166697,0.8622681833046014
0.24660980544950992,-0.0012336376451497861,0.8622682631058263
0.24660997515353167,-0.0012336679507401799,0.8622684193665768
0.24661012702041163,-0.0012337414168013348,0.8622685966699922
0.24661017791719397,-0.0012337453113686711,0.8622686905569512
0.2466101197700634,-0.0012337127858197778,0.8622687214611777
0.2466099814057113,-0.001233636925166705,0.8622686948579629
0.2466098199612706,-0.0012336069982496812,0.8622686737989164
0.24660977538550083,-0.001233618914241438,0.8622687215956513
0.24660984437369504,-0.0012336684389381287,0.862268843635467
0.246609948047952,-0.0012337593610316224,0.8622689941763684
0.24661003287130925,-0.0012338226454714585,0.8622691341271148
0.24661002781170105,-0.001233769214930638,0.8622691779194094
0.2466099546910941,-0.0012336751140234264,0.8622691730704808
0.24660985908515698,-0.001233623464785979,0.8622691768591358
0.24660982780028562,-0.0012336170363477406,0.8622692240226493
0.24660988486588925,-0.001233680375053904,0.8622693499138991
0.24660997813599214,-0.0012337803751664238,0.8622695036687983
0.24661002610591606,-0.0012338589868945585,0.8622696260467381
0.24661001633426774,-0.0012338961715373268,0.8622697066727035
0.24660996106302863,-0.0012338164440261234,0.8622697148732765
0.24660986656763317,-0.0012337050889074212,0.8622696933804365
0.24660979620485696,-0.001233633017753775,0.8622696960454669
0.24660984019608054,-0.001233665151608703,0.8622697972153124
0.246609919996241,-0.0012337530257717354,0.8622699428478487
0.24660997377483013,-0.0012338235255712141,0.8622700624157975
0.24660998579586285,-0.0012338469902701435,0.8622701466831655
0.2466099359697895,-0.0012338210062856196,0.8622701836643235
0.24660985592383225,-0.0012337426452177505,0.8622701793101363
0.24660983771982176,-0.0012336909194102335,0.8622702178551797
0.24660989349642767,-0.0012336838363674668,0.8622703077526029
0.24660996819286465,-0.0012337225323445105,0.8622704328586885
0.24661003581667976,-0.001233755609408686,0.862270544885454
0.24661013228395806,-0.0012337165733359156,0.8622706427258524
0.2466100801186964,-0.0012337040284245674,0.8622706811918748
0.2466099838706924,-0.0012337524094030725,0.8622707219129812
0.24660990623887505,-0.001233797322604253,0.8622707700846507
0.24660983844289203,-0.0012338373758844846,0.862270826006515
0.246609823574626,-0.0012338326138220492,0.8622708846581794
0.2466098687670158,-0.001233835572988224,0.8622709737874312
0.24660993389648292,-0.0012338249934546258,0.8622710716641788
0.24660997394047204,-0.0012337237801496985,0.8622711160692262
0.24660994780309162,-0.0012336656131412206,0.8622711480891756
0.24660990239852754,-0.001233652379179676,0.862271189733607
0.24660983676755605,-0.0012336819379740916,0.8622712387889818
0.24660979559999108,-0.0012337286062217654,0.8622713029585797
0.24660982890241384,-0.0012337916545881462,0.8622714109155575
0.24660992947026547,-0.001233810533703883,0.8622715372893498
0.2466099961493582,-0.0012338380922266399,0.8622716491849223
0.24660996914744066,-0.0012338206908312406,0.8622717004471244
0.24660990439439237,-0.0012337637270127364,0.8622717134067038
0.24660982377627488,-0.0012337546018310708,0.862271740390863
0.2466097667469576,-0.001233784424147545,0.8622717904099572
0.24660976576623392,-0.0012338392611931702,0.862271881071338
0.2466098397045769,-0.0012339013915298144,0.8622720067937564
0.24660989597596386,-0.0012339243219407056,0.8622721146128185
0.2466099186486538,-0.0012338979426388418,0.8622721793585177
0.24660991512265396,-0.0012338687613862472,0.8622722336335196
0.24660986625881065,-0.0012338520080307591,0.8622722722843423
0.24660981517409403,-0.001233792712033618,0.8622722917352245
0.2466098074102425,-0.0012337606634775394,0.8622723406141265
0.24660981138231686,-0.001233767885522827,0.8622724132206308
0.24660986045197686,-0.0012338031821798499,0.8622725175782325
0.24660991822988027,-0.0012338754177425005,0.862272644640156
0.24660990436853067,-0.0012338403629568125,0.8622726930363364
0.2466098655881767,-0.0012337623753482776,0.8622727086241956
0.24660981466732831,-0.0012337254247612832,0.8622727417805448
0.2466118387953171,-0.0012310877963649263,0.8606796742028822
0.24661373406458353,-0.0012283626730976204,0.8588412225108146
0.24661568160413522,-0.001226060797109891,0.8572604610069121
0.24661958577289542,-0.0012210484901732477,0.8539017850776245
0.24662331033788285,-0.001215831733114902,0.8504114956448656
0.2466271659796327,-0.0012108667138512165,0.8471150343339857
0.24663095487251296,-0.0012055830438671632,0.8436672206850191
0.24663484053750828,-0.001200528169680358,0.8403166086607818
0.24663873053385912,-0.001195426273732959,0.8369100596882043
0.24664269712242712,-0.001190408883188513,0.8335334013182524
0.2466466930245828,-0.0011853582502990003,0.8301417760736608
0.24665073325025355,-0.0011802518178099244,0.8267572018905702
0.24665468433683765,-0.0011751637263646038,0.8233694479326485
0.24665861729400373,-0.0011701276818798856,0.819982984117995
0.24666254620369116,-0.0011651471127238579,0.8165960546055424
0.2466665377329518,-0.0011602037748633235,0.8132092985377918
0.24667063769064096,-0.0011553292398025245,0.8098225858950087
0.24667476317366505,-0.0011504348668755666,0.8064358562261928
0.2466788931844325,-0.0011454692840044134,0.8030490995119517
0.24668297991632293,-0.001140510553861778,0.7996623041346149
0.24668717834745607,-0.0011354807765820735,0.7962755181304041
0.2466913247969512,-0.0011305168241420463,0.7928887242714103
0.24669543409406355,-0.0011256611752111416,0.7895019533238663
0.24669953116035498,-0.0011208527514961716,0.7861151815417758
0.2467057799665052,-0.0011137660527191138,0.7811351022207073
0.24671201602695392,-0.0011063967901341976,0.7759101079095334
0.246718350537733,-0.0010993471781177212,0.7709424381968026
0.24672691374790834,-0.0010897065917297348,0.7641968045519268
0.2467354723548183,-0.001079969817975499,0.7573198058144315
0.24674418848021906,-0.0010705808994230538,0.7506366529782313
0.24675299176497908,-0.0010610756280048277,0.743802075367956
0.2467618104828075,-0.0010518119507324586,0.737064803692751
0.24677066244919693,-0.0010425471620358366,0.7302715292356002
0.2467795409967564,-0.00103338913028179,0.7235081175540523
0.24678845590409865,-0.0010242212053561623,0.7167297174433699
0.24679742181867187,-0.0010150806446849998,0.7099583589050191
0.24680646174746232,-0.0010059969611705417,0.7031838813211552
0.24681557154825537,-0.0009969844375376667,0.6964107023391933
0.24682481807495596,-0.000988095082443544,0.6896371031113973
0.24683422659023277,-0.0009792064107876297,0.6828636686523654
0.24684360630878321,-0.0009704345421647627,0.6760902031463134
0.24685298345295725,-0.0009617580172890986,0.6693167218522738
0.24686248088797053,-0.0009530660846104847,0.6625432392440926
0.2468719017577219,-0.0009444264777269072,0.6557696855425366
0.2468813211732298,-0.0009359133787406873,0.648996147328328
0.24689093254223005,-0.0009274514482154353,0.6422226435927162
0.2469006248574124,-0.0009190975413193369,0.6354491771642375
0.24691038310872554,-0.0009107810478271326,0.6286756952169622
0.24692015471763004,-0.0009024630994391496,0.6219021598797697
0.2469299603016344,-0.0008942222083986699,0.6151286160617009
0.24693985126013734,-0.0008860937017891871,0.6083551045151728
0.2469498040340243,-0.000878064550009705,0.6015816023085268
0.24695981597841282,-0.0008701049111563241,0.5948081051073282
0.2469698717400163,-0.0008621563453259395,0.5880345598545341
0.24697997560851517,-0.0008542823595173732,0.5812610148051967
0.2469901168452048,-0.0008464893864820888,0.574487460090376
0.24700043229331364,-0.0008386926086540797,0.5677139006867844
0.24701074895697298,-0.0008309989655743299,0.5609403354143297
0.24702102827567046,-0.0008234260845252215,0.5541667638322467
0.2470314107218226,-0.0008159255700461332,0.5473931938614339
0.24704184989918992,-0.0008085885610561531,0.5406196711860606
0.24705224946224366,-0.0008013569209790617,0.5338461250166054
0.2470626961448635,-0.0007941321039226754,0.5270725341379237
0.24707313780116316,-0.0007868796794584184,0.520298863466971
0.2470837425168864,-0.0007795745466809635,0.5135251449920853
0.24709441341467725,-0.0007723869084291794,0.5067514514877163
0.24710518907992762,-0.0007653616310917768,0.49997781503644584
0.24711601870938776,-0.0007584998409513858,0.4932042244302277
0.2471268647636577,-0.0007517306468705837,0.48643062356681055
0.24713770548764188,-0.0007450425594510968,0.4796569991647766
0.24714855081646192,-0.0007384277492412255,0.47288335456820557
0.2471593850235873,-0.0007317885830469972,0.4661096343641808
0.24717028943021005,-0.0007251463714861942,0.4593358559615884
0.2471813124340006,-0.0007185355584337415,0.4525620735319674
0.24719238814570063,-0.0007120962492194169,0.44578834106184173
0.24720356230244414,-0.0007057969290990081,0.4390146450566734
0.24721476292953834,-0.0006996565277596064,0.4322409951796429
0.2472259587236283,-0.0006936046634852483,0.4254673285337223
0.24723716985585098,-0.0006874986276762181,0.41869357810689145
0.24724837089765447,-0.0006813879334762127,0.4119197540305675
0.24725963378275473,-0.0006753816824747617,0.4051459486189604
0.24727096743976995,-0.0006695062002885302,0.39837218018378795
0.24728236636598214,-0.0006637524417563103,0.39159843770160585
0.24729382581687548,-0.0006581119875084824,0.38482471814900476
0.24730532599031763,-0.0006525446060354794,0.3780509981217102
0.24731684371631205,-0.0006469829352688584,0.37127722354667547
0.24732837684360276,-0.0006414495496700872,0.364503415024175
0.24733989542031534,-0.0006360214123412835,0.3577296091323942
0.24735159495030368,-0.0006306254208706044,0.35095580213676597
0.2473633184158583,-0.0006253745282652993,0.3441820358257315
0.2473750171345519,-0.0006202143982804228,0.33740827116883093
0.24738675074642894,-0.0006151277592754794,0.3306344974017611
0.24739863271384505,-0.0006100773252533984,0.32386072193205395
0.24741042333231614,-0.0006051786871742492,0.3170869697791572
0.24742220660067388,-0.000600376854895926,0.31031322416400825
0.2474339758721718,-0.0005956572123679692,0.30353947024853795
0.24744577358276074,-0.0005909711048754863,0.2967656935384509
0.24745764353892538,-0.000586333204018989,0.2899919045975476
0.24746958266000774,-0.0005817636622099545,0.28321812292554494
0.2474815894552458,-0.0005772628367992368,0.2764443438781891
0.24749366257955982,-0.0005728309539224718,0.2696705697928737
0.24750579234207953,-0.0005685131090770865,0.2628968229421512
0.24751789570432164,-0.0005642936502946757,0.25612308831181735
0.24752997985626446,-0.0005601591559707764,0.24934934846612375
0.247542116363951,-0.0005561321620953222,0.24257563298082846
0.24755427798763047,-0.0005521474730538903,0.23580190486569957
0.24756645991964918,-0.0005481868354926621,0.22902814063237925
0.2475786794509996,-0.0005443264031366302,0.2222543940497706
0.2475909212856409,-0.0005405657966580528,0.21548066791000875
0.2476031785885685,-0.0005368877368358532,0.20870694335674927
0.24761557868421444,-0.0005333165024524363,0.20193325275228197
0.24762802819630586,-0.0005298100032788421,0.19515956023830344
0.24764036356077504,-0.0005263448665600249,0.18838583843459508
0.24765265316978044,-0.000522915403477207,0.18161207348965533
0.24766492451277627,-0.0005195897530346702,0.17483832551240086
0.24767721671041276,-0.0005163885963700018,0.168064601980975
0.24768959171312593,-0.0005133601352997468,0.16129094412415568
0.2477020332609316,-0.0005104293378192681,0.15451730585675338
0.24771453389599998,-0.0005075143013138568,0.14774363337971902
0.24772717946984554,-0.0005046378184127493,0.14096993884133288
0.2477398171556395,-0.0005018434993544358,0.13419625017284623
0.24775234804014964,-0.0004990931091784532,0.12742253319824245
0.24776483986072612,-0.00049637804164465,0.12064877393368131
0.2477773070082148,-0.0004937721926889974,0.11387503108643605
0.24778976176472692,-0.0004913082629807652,0.10710131827368241
0.24780229422550484,-0.0004890401889802978,0.10032768140563149
0.24781496357926877,-0.0004868839370160073,0.09355406453137739
0.247827676062195,-0.0004848742262879384,0.08678048716530229
0.24784035381419903,-0.0004828579577906938,0.08000685719912133
0.24785298943199405,-0.0004808109796755658,0.07323314589756652
0.24786559551868775,-0.00047875216693972147,0.06645937321203559
0.2478782333185987,-0.0004767336391822783,0.059685566843413224
0.24789085016078902,-0.0004748423555191758,0.052911783601231506
0.24790347389036063,-0.0004732356405147471,0.0461381172137219
0.24791617206635466,-0.0004718417285779853,0.039364533482301234
0.24792898491919738,-0.0004704928704381104,0.032590922676026986
0.2479386076000464,-0.00046934262091212513,0.027409506485035085
0.24794806678300996,-0.00046838476018712263,0.022475872488697316
0.2479577119873505,-0.0004671624195078106,0.0172815849889932
0.2479639891034544,-0.0004663637232609022,0.013866561965122095
0.24796708189753985,-0.00046603874820343443,0.012176894076840519
0.24797018127641665,-0.0004660454155089342,0.010538549637006964
0.24797338287368256,-0.0004658483328895584,0.008793288975516355
0.2479733203760733,-0.0004657591163651104,0.008728731120244124
0.24797322272612818,-0.00046599028101875997,0.008853303398839493
0.2479733543278594,-0.00046576580141088837,0.008751525719767365
0.2479733798103276,-0.0004657821634727402,0.008818365261371907
0.2479734838400523,-0.00046575399707305174,0.008779430367672104
0.2479734573640365,-0.00046578297043655824,0.008800455402054189
0.2479734988933744,-0.0004658679588101538,0.008790003490342565
0.24797342311973533,-0.0004659824258187276,0.008795128473017295
0.24797336297744846,-0.0004660546782436047,0.00879299102492125
0.24797333728361534,-0.0004660028686337718,0.008793924952100398
0.24797328299256133,-0.0004658881922115028,0.008793561658701531
0.24797331255702923,-0.00046573384413596975,0.008793615649409349
0.2479733456591957,-0.00046566197264082083,0.008793602176901203
0.24797335786750382,-0.0004657015681896631,0.00879366922642737
0.24797339175515049,-0.0004658372507438052,0.008793811928685369
0.24797338784027334,-0.00046598040848827696,0.00879394187761445
0.24797333766992397,-0.0004661011635741818,0.008794068701689067
0.24797329092491577,-0.0004661003162425768,0.008794116620488224
0.24797324942316354,-0.0004659329746580773,0.008794057704356586
0.247973188371749,-0.0004657387991656404,0.008793982450477095
0.2481430718996357,-0.00046417649026030903,0.008794001969164708
0.2483130347757185,-0.0004627145177110931,0.008794037880772395
0.2484831151420884,-0.0004613377302366322,0.008794174830700595
0.24882307491291114,-0.00045848404758190234,0.008794296434036774
0.2491631089812343,-0.0004555563354879004,0.008794403119321649
0.2495031866666665,-0.00045250425914035225,0.00879440142601791
0.24984324783147135,-0.0004493714332598762,0.00879436438282471
0.2501832699273247,-0.0004462518928164007,0.008794327625458273
0.25052323960702655,-0.00044317830691173064,0.008794322359466296
0.2508631588927608,-0.0004402080383026205,0.008794380023676404
0.2512030823971778,-0.00043733622714343647,0.008794500633944139
0.2517128411396435,-0.00043298573378254177,0.00879461666431407
0.25222277015464956,-0.0004286114911722636,0.008794751508038625
0.2527327645516415,-0.00042415473072965354,0.008794799906909132
0.25341267220967545,-0.00041809260352918443,0.008794774843329658
0.25409266668812525,-0.00041201163151808077,0.008794813297158541
0.2547727352298905,-0.0004059958919111469,0.008794787417433668
0.2554528327672821,-0.000400055594719218,0.008794885085585414
0.25613290991077764,-0.00039415513506914113,0.00879496239564107
0.25681292502284847,-0.000388253795043851,0.008795065822431844
0.2574929093878515,-0.00038231728968537217,0.008795134175570186
0.2581728633123047,-0.00037628493182017224,0.008795148882960117
0.25902257974645787,-0.00036868586753573075,0.008795092691369103
0.25987245674471526,-0.0003611014930406369,0.008795109314045034
0.2607223865177206,-0.00035363063174260204,0.008795118878201905
0.2617421928051965,-0.0003447753410200731,0.008795264991800722
0.26276222554343676,-0.0003359063727390805,0.008795335099000894
0.2637822839627971,-0.0003269240928881433,0.008795405509117603
0.26480238182496457,-0.00031788513996071284,0.008795386766438838
0.26582259044973294,-0.00030886299842324,0.008795404283467973
0.26701241166143147,-0.000298360471837677,0.008795414107617089
0.2682022461963895,-0.00028787121312589154,0.008795458483060396
0.269392089544227,-0.0002774291451891938,0.008795498043443243
0.27075182261067693,-0.000265559395848863,0.008795591745445638
0.27211172062269656,-0.00025368448781894236,0.008795689283990566
0.2736415825598023,-0.00024023876251029943,0.008795743160972622
0.2751716093659763,-0.0002266975487628139,0.008795755416167516
0.2767017174031874,-0.00021318223120963747,0.008795723878720662
0.2784016663141742,-0.00019825042441353304,0.008795805741827445
0.28010166984847096,-0.0001833753072083791,0.008795868473198116
0.2819714814456759,-0.00016701447280245577,0.008795952331154646
0.28384137261748965,-0.00015056493560770777,0.008796041811271065
0.28571128546057634,-0.00013405514617423,0.008796009964242886
0.2877510080203771,-0.00011606747926482382,0.00879602770302099
0.2899608748554955,-9.661806508858712e-05,0.008796077213887704
0.2921708457814205,-7.722304909718231e-05,0.008796121337915441
0.2943808755707593,-5.784100959540277e-05,0.008796214956750453
0.29676072291101235,-3.6915449831993426e-05,0.00879624483746277
0.2991406615017535,-1.5950823549195657e-05,0.008796300304782758
0.3015205974340273,5.004941873169431e-06,0.00879630918402637
0.3039005320339382,2.5947965420524262e-05,0.008796361954938183
0.3062804197056711,4.6881046942928644e-05,0.008796400886892028
0.3086602975050551,6.77807109657074e-05,0.00879646700646715
0.3110401527833297,8.865372019436056e-05,0.008796555919571443
0.3134201547148505,0.00010952857584272695,0.008796633203721173
0.31580005522781224,0.00013040991872576284,0.008796718171168005
0.31817998186269814,0.00015133433515061924,0.0087967706833775
0.32055988646406286,0.000172278298692639,0.008796812538451689
0.32293976486897835,0.00019325234805360158,0.008796835881869972
0.32548953166236316,0.0002156839422810313,0.008796883188010076
0.3282092114212882,0.00023956407371805737,0.008796941407532562
0.33109888527768505,0.00026493892079284246,0.008797025793200849
0.3341586799832926,0.00029180830154909863,0.008797095605046412
0.3345053477504631,0.00029478750884755965,0.006801466395836413
0.3360051726522328,0.0003036386092674515,0.004496582276730698
0.3386597371399531,0.00031323545580888004,0.002517142940522622
0.3423669764933934,0.0003196925871391896,0.0009659180597856584
0.3464457439050496,0.0003231530448226635,0.0009964035872989199
0.35069547776351206,0.0003276451600206108,0.0010443419134687454
0.35511605754565817,0.0003321015924585138,0.0009925503801612259
0.359537278305479,0.0003365182512923385,0.0010321390354464165
0.3644678974860975,0.00034137974138576994,0.0010084567137526017
0.36956848482938753,0.0003463933239510063,0.0010210612311829749
0.37483870630653526,0.00035172456019585827,0.0010147641290144441
0.380278544244326,0.00035727755238014664,0.00101783289100483
0.3857182284519037,0.00036292293539028753,0.0010163947679470763
0.3911579092084302,0.0003685265020646088,0.0010169493568189887
0.39676755084092147,0.00037419666035576094,0.0010167592529592604
0.4023774412884212,0.00037980661012437176,0.0010169439179222284
0.4079875328733973,0.000385447725571197,0.0010170093856528663
0.41376756430264117,0.0003912728808959889,0.001017071595832859
0.4195478048909151,0.0003970927174369336,0.0010171768998231997
0.42532803959022314,0.0004029310089540733,0.0010172332385618864
0.43127799266602496,0.00040897595821217254,0.0010172818450601836
0.4372279895994121,0.0004150101646546239,0.0010173415456926544
0.44317792044943927,0.0004210382202290593,0.001017377931784548
0.44929764018743357,0.0004272036576999942,0.0010174506731117517
0.4554175670116083,0.0004333530080208611,0.0010175112369022465
0.461537556593497,0.0004395186261371444,0.001017577762073508
0.4678274634968901,0.00044595364365439385,0.0010175476084458592
0.4741175734935806,0.00045239602623837035,0.0010175992431550214
0.48040769128932637,0.00045878156517088856,0.0010175738985594813
0.486867728516297,0.00046526368091494617,0.0010176678701246985
0.49332783826978094,0.0004717518175420969,0.0010177477653645088
0.49978783900251117,0.0004782529950922983,0.0010178178527868508
0.506417602587534,0.000484973873645711,0.0010178619458506924
0.5130475277170694,0.0004917462697932491,0.0010179043450807752
0.5198472629706868,0.0004987183360180123,0.0010178856758606962
0.5266473696476643,0.0005056640256560963,0.0010179374971452835
0.5334474625565994,0.0005125354875064519,0.001017990695773656
0.5404174225493287,0.0005194771109165974,0.0010181334270377576
0.5473874683851833,0.0005264198931424972,0.001018250009207358
0.5543575561302767,0.0005334531269157623,0.0010183237347234102
0.5614974486360804,0.0005407434356099252,0.0010182982209018553
0.568637436901234,0.0005481155993922163,0.0010183137607765664
0.5757774463734215,0.0005554161945915272,0.0010182600852123255
0.5830872626931519,0.0005627911883093803,0.001018341150806731
0.5903972548139529,0.0005700742173477763,0.001018434739809343
0.5977072988615536,0.0005774240984695643,0.0010185275370969767
0.6051872289956602,0.0005850471470037274,0.0010185297417403556
0.6126672668787834,0.0005927346517908569,0.0010185620456495184
0.6201473611091631,0.0006004386695760575,0.0010185033474015518
0.6276274161314179,0.0006080591917174606,0.0010185639616396792
0.6351074659905029,0.0006155627880401382,0.0010186665406505591
0.6425874599341619,0.0006229771455527937,0.0010188386252523963
0.6500674078064316,0.0006304078937557659,0.0010189822869067905
0.6575473524871469,0.0006379683922355517,0.0010190455943799787
0.66502732047442,0.0006456499995018704,0.0010190218823126053
0.6725072749898088,0.0006533487573182144,0.0010189898952338832
0.6799872395673581,0.0006610286486416763,0.0010189616168578106
0.6874672513366357,0.0006686029074739593,0.001019000139262773
0.6949472374372914,0.0006761351796442267,0.001019076304485049
0.7024273250466304,0.0006836711058413645,0.0010191432010899918
0.7099074099208511,0.0006912826584583121,0.001019179949761391
0.7173874200829888,0.0006989156357391806,0.001019201755642395
0.7248673843381709,0.0007065278461521584,0.0010192484627798875
0.7323473038617511,0.0007141232989438458,0.001019307306821325
0.7398272474539839,0.0007216657940671766,0.0010193963247567045
0.7473072554416428,0.0007291959844627592,0.001019492434922596
0.7547872600215754,0.0007367331193615608,0.001019575113566377
0.7622672611217706,0.0007442806508136555,0.001019645285648733
0.7697473997542174,0.0007518340575766252,0.001019704195279618
0.7735250048272153,0.0007557081829465441,0.0010191478382629814
0.7761447839551978,0.0007583921823509157,0.001017297334846314
0.7776077161808461,0.0007598939330832682,0.0010170348194306717
0.7779134936107205,0.0007602152462116275,0.0010156026607502221
0.7779120308571679,0.0007602573989977786,0.001015814282361212
0.7779096785290863,0.0007602421673172386,0.0010156090896981586
0.7779075323310083,0.0007602130688549042,0.0010159422764166762
0.7779063375157138,0.0007601863594620043,0.0010158288133130865
0.7779062388110451,0.000760165047951916,0.0010159784904257868
0.7779070509617334,0.000760147772806754,0.0010159935380472593
0.7779082817212295,0.0007601344211585168,0.0010160811783414096
0.7779093991987276,0.0007601220409300009,0.0010161371266966498
0.7779101861096857,0.0007601054592901105,0.0010161998070617767
0.777910297115664,0.0007601437175617582,0.0010162266587402892
0.7779099214906129,0.0007601719025071952,0.0010162505320160506
0.7779092544323124,0.0007601918372696175,0.001016284476084765
0.7779085642325873,0.0007602026454067987,0.0010163189179676544
0.7779081475092746,0.0007602077586315768,0.0010163586011722543
0.7779080521952786,0.0007602112622253249,0.001016406585543477
0.7779082288381834,0.0007602119080814554,0.0010164548107221094
0.7779086224945713,0.0007602055056786863,0.0010165053571034603
0.7779089561124546,0.0007601984756197442,0.0010165607051879403
0.7780790142117048,0.000760360234687487,0.0010166067582821623
0.7782490253635649,0.0007605334527937606,0.0010166684496469465
0.7784189526847191,0.0007607392591965404,0.0010166838613773054
0.7787586421372786,0.000761071893942377,0.0010167427630127296
0.7790985017664618,0.0007613846443904671,0.0010168029066588821
0.7794384551869022,0.0007617045783789938,0.0010168709778765066
0.7797785148108284,0.0007620738663051746,0.0010169023569233115
0.7801186346638469,0.0007624716952126557,0.0010169174767017816
0.780458736998788,0.0007628521166362892,0.0010169370173829864
0.7807988234355194,0.0007631376659159707,0.0010170236727783347
0.7811388194334984,0.0007634284410744898,0.0010171018989956165
0.7814787699082387,0.0007637253622669587,0.00101717769801669
0.7818186753032954,0.0007640279929594707,0.0010172501776647034
0.7821586135051526,0.0007643777469766462,0.001017292723340692
0.782668482820961,0.0007649593330485995,0.001017296237700941
0.7833483181676797,0.0007657027423811488,0.0010173126534083888
0.7841981120296315,0.0007666082186233247,0.0010173246002164887
0.7852180175380391,0.0007676701301151267,0.0010173623717644076
0.7864079850825757,0.0007688459593647919,0.001017413988628724
0.7877679632559834,0.0007701968186336435,0.0010174870645281774
0.7892979662311208,0.000771721486938481,0.0010175489192954478
0.7899450809352261,0.0007723533292516317,0.0010166804428591877
0.7917465178082255,0.0007741509720404218,0.0010154500858630124
0.7939558548593708,0.0007763797526234576,0.0010156163650274007
0.7963353048117728,0.0007788147050143577,0.0010156366165942885
0.7988850805794184,0.0007814153529698018,0.0010156538885900603
0.8016051523049468,0.0007841817690608609,0.0010156992143618348
0.8044954478216914,0.000787115976031901,0.0010157321114848126
0.8070462635231566,0.0007897610718908967,0.0010157245966316802
0.8104460774625314,0.0007932416282056622,0.0010156176040353516
0.8140158930090106,0.0007968362877881304,0.0010157990098828827
0.8177556715568937,0.0008005399034086964,0.0010157781246171646
0.8216654595021152,0.0008044237760475361,0.0010159477607942396
0.8257452992603841,0.000808576837019945,0.0010159849393374235
0.829995268453587,0.0008128979686305529,0.001016036083539874
0.8344152988947395,0.000817382108168592,0.0010160671614999673
0.8381562754064685,0.0008211739045203757,0.0010161246091863196
0.8429155219602351,0.00082594170985545,0.0010160904123848748
0.8476756014942961,0.0008306923515582984,0.0010162255810041208
0.8526054077693336,0.0008356614509961972,0.0010162606577959557
0.8575353986457273,0.0008406404224987824,0.0010163637065813969
0.8624654791630277,0.0008456212314116625,0.0010163723082004322
0.8675654293712274,0.0008507753300504492,0.0010164341146731751
0.8726655148708663,0.0008559764909574764,0.0010164641065575958
0.8777655695952403,0.0008611713706975797,0.0010164683023066454
0.8830353918547602,0.0008665326817748063,0.0010164864305751526
0.8883054163623622,0.0008718790851141051,0.0010165330942754286
0.8935755059407818,0.0008771719087069268,0.001016574710626686
0.899015422459408,0.0008826414012650082,0.0010166410793036422
0.9044554640559127,0.0008881680341283929,0.0010166807655830658
0.9098954953483727,0.0008937235449315763,0.0010166829247250703
0.9155053456930622,0.0008994070468303514,0.0010167248504227243
0.9211153188598646,0.0009050824528614564,0.00101679441901971
0.926725355704423,0.0009107469054345398,0.001016843924005412
0.9325053303795583,0.00091657544296379,0.0010169100009117104
0.9382852931843577,0.0009224019032966813,0.0010170002377477524
0.9440653117226524,0.0009282498359750366,0.001017050642485262
0.9500152138769935,0.0009342941640907848,0.0010170930414755228
0.9559652337424083,0.0009403158008571791,0.0010171608170385098
0.961915277565966,0.0009462718334939855,0.0010172355164985393
0.9680351788240439,0.0009523746313184027,0.0010173415573370903
0.974155202307947,0.0009585422208944981,0.001017416769450119
0.9802752360956783,0.0009647894303324926,0.0010174172979821243
0.9865650797022834,0.0009712427176477127,0.0010174007892720244
0.9928551192677626,0.0009776311485339563,0.0010174269925175092
0.9991451453408597,0.0009839794738566413,0.0010174704068437338
1.0056051104007975,0.0009905089036466943,0.0010174937469467622
1.0120651030777885,0.000997083217205886,0.0010175741166079152
1.0185251256820846,0.001003654281677014,0.00101755839610344
1.0251550316441185,0.0010103539964110863,0.0010176346780291347
1.0317850258079255,0.0010170467170380383,0.001017712638167578
1.0384150974580415,0.0010237832271411105,0.0010177494405567793
1.0452149834192954,0.0010306417087101783,0.001017837759928996
1.0520149799519638,0.001037514410263153,0.001017895757701341
1.0588149576131454,0.0010444041676893182,0.001017969426426565
1.0657848115728905,0.0010514576510021996,0.0010180036422629028
1.0693920041304739,0.0010551148697490922,0.0010183470367347578
1.0718419011699274,0.0010575701670835571,0.0010174349178062698
1.0731354633289458,0.0010588430923487377,0.0010188363037306673
1.073271237072697,0.0010590436271625515,0.0010177313125357109
1.0732697054748717,0.0010590889451984648,0.0010180564664040545
1.0732673652831095,0.001059112316063929,0.0010180818798239946
1.073265236977251,0.0010591259091309712,0.0010180746395393504
1.073264003375866,0.0010590929594072155,0.0010181877529379538
1.0732638891369117,0.0010589906548259813,0.0010182627458114335
1.0732646244778679,0.0010588598909557962,0.001018410611112973
1.0732658030588527,0.0010588185804050532,0.001018488074766285
1.073266944442654,0.0010588740712335004,0.0010185115100874583
1.073267613159177,0.0010589756867585224,0.0010185005894549615
1.073267816877815,0.0010590264821854327,0.0010185123307922014
1.0732674956350334,0.001059029015582015,0.0010185607556754243
1.0732668806362893,0.0010590266825350487,0.0010186066451325089
1.073266263749486,0.001059019409323077,0.0010186566410142121
1.0732658119031224,0.0010590109056640964,0.0010187078739604563
1.0732657143112152,0.0010589991463502383,0.001018761374263864
1.073265905633707,0.0010589853358533691,0.0010188178932551992
1.0732661612588332,0.0010589723174471205,0.001018876404896128
1.0732664737273738,0.0010590029990663456,0.0010189074069395685
1.0732667623284566,0.0010590275379545433,0.0010189364399068842
1.0732668809643193,0.0010589932059120468,0.0010190099342696525
1.0732668115442507,0.0010589571958289428,0.0010190828359491048
1.0732666899232586,0.0010589555947289257,0.0010191315647130159
1.0732666052599922,0.0010589707755102385,0.0010191629081377784
1.073266440624476,0.0010590000687936197,0.0010191991145947744
1.0732663186257287,0.0010590561511152864,0.0010192082510139147
1.0732662385641238,0.0010590218419885761,0.0010192775679966342
1.0732662450800432,0.0010589230851753223,0.0010193881473266099
1.0732631423498302,0.0010588606406544796,0.0026119488163189363
1.0732599158296543,0.001058298002590497,0.004452095256703463
1.0732568777380078,0.0010582609758075848,0.006031646858226632
1.073250504873527,0.0010577401977847826,0.009390655280331815
1.0732440081011456,0.0010570346710649969,0.01288247236164776
1.0732376890421393,0.0010564787162697326,0.01617791555274767
1.0732312391912031,0.0010557623627113833,0.019627012802546875
1.0732249005446683,0.0010551534873512807,0.022977345693817843
1.0732184904397033,0.001054473303730625,0.026384459071526846
1.0732121573243607,0.0010537956842696793,0.02976132721498066
1.0732057972345646,0.0010530716990847574,0.03315331321088338
1.073199401392457,0.0010523248902291975,0.03653819488651002
1.0731930316210008,0.0010515950933672824,0.039926184863455866
1.0731866812891357,0.0010508041453961637,0.043312918987685634
1.073180348373392,0.001050007249191724,0.04670011669958308
1.0731709586692906,0.001048881654248234,0.051679398934996706
1.0731581818443967,0.0010472034012477395,0.05849917249170251
1.0731423559945092,0.0010450050307092187,0.06689873628669427
1.0732714875958524,0.001052942958065143,0.0706918791676217
1.0733861933334523,0.001060482287889623,0.08110105945868963
1.0733570340556449,0.0010549107662245307,0.09719659148220497
1.0733260400157578,0.001049489875421637,0.11357149946756287
1.0732912067362057,0.0010420860791908763,0.13247753187736247
1.0732538159281007,0.0010336756437851185,0.15262060869383945
1.0732132399594043,0.0010234837943057511,0.1746897007971246
1.073179253945516,0.0010137988071519893,0.1935516967844592
1.0731332103838167,0.001001656706866981,0.21821155716525342
1.0730869847669429,0.0009857811394612882,0.24446731912644926
1.0730389575704626,0.0009700549259419251,0.27083481031546
1.07299073270972,0.0009512479175746264,0.2984657634719102
1.0729435722218552,0.0009323958940304811,0.3252270053284736
1.0728937111771624,0.0009103939909206983,0.3541031939988726
1.072844653397418,0.000886896004559043,0.38293779569117914
1.0727963762137807,0.0008624037123932684,0.4116616686713452
1.0727458756994088,0.0008348985211506215,0.4420921597093737
1.0726962625704712,0.0008056454696138498,0.4726868662249428
1.0726477016821312,0.0007750171670534742,0.5030731742217218
1.0725973699500906,0.000740929006892456,0.535209687733888
1.07254817926862,0.0007050222723924257,0.5674916278435457
1.0725001661754416,0.0006678655461485783,0.599572546102551
1.0724507873627382,0.0006270272156344706,0.6334009808071931
1.0724028843472986,0.0005841661737643532,0.6673754758485873
1.072356498792424,0.0005401128524929657,0.7011495488058601
1.0723094499618488,0.0004920965055155371,0.7366709759408294
1.072264017419122,0.0004422706521867467,0.772338274730962
1.0722203168297284,0.0003911057147293873,0.8078057847202009
1.072176412566832,0.00033581114709902067,0.8450207589301347
1.0721348034780358,0.0002787127172679939,0.8823815154308045
1.072095170933316,0.00022049265242056552,0.9195426843301701
1.0720562114580705,0.00015809354553450542,0.958451015083185
1.0720196805083193,9.407980656807016e-05,0.9975049385390125
1.0719855382698942,2.8843825870861504e-05,1.0363586673956118
1.071952581099482,-4.079316451788375e-05,1.076959347278934
1.071922704221786,-0.00011184815191635935,1.117706026955424
1.0718955483695651,-0.00018381650442602661,1.158251365192393
1.0718702360278114,-0.0002600324732398231,1.2005441778913297
1.0718485996098528,-0.0003373212290119608,1.2429826734612084
1.0718299729514504,-0.00041512806158515344,1.2852200173948591
1.0718142519129614,-0.0004969022216458812,1.3292049912284205
1.0718026045377722,-0.0005791856308498635,1.3733363306524626
1.0717943178799878,-0.0006617132869854592,1.4172657923515672
1.071789846973912,-0.0007447343692901659,1.4613508271473614
1.0717889809703087,-0.000827770224820266,1.5053361478016667
1.0717918133962048,-0.0009108803009013395,1.5493783809116903
1.0717981949244637,-0.000993786915658677,1.5933899365222632
1.071808162671454,-0.0010764113660429002,1.6374163951523872
1.0718217297343278,-0.0011583195109781922,1.6814356190853985
1.0718388373852892,-0.0012396567051051667,1.7254578566036611
1.071859457560926,-0.001320260977682412,1.7694786189203997
1.071883572859729,-0.001399807019771904,1.813499999062387
1.0719110937207956,-0.001477907588881985,1.857520909008479
1.0719420772416315,-0.0015549535772245325,1.9015418434926665
1.0719764850212703,-0.0016306239179755947,1.9455625149911988
1.0720143145093333,-0.001704760869588234,1.989582807720827
1.0720540570569652,-0.0017741908468202742,2.0320101717967365
1.0720947853305263,-0.0018393016558766405,2.0725993522297896
1.072136370813573,-0.0019000770966370617,2.111608146457119
1.0721781160305763,-0.001956802122105698,2.148851714919987
1.0722047639780834,-0.001988909881172362,2.1717114492536567
1.0722381600593642,-0.002033030782859632,2.2000467825781875
1.0722782598015805,-0.0020767316975011606,2.232157998789118
1.0723139148785767,-0.002116320840372453,2.259919764356031
1.0723509200832608,-0.002152831533678596,2.2876380849944846
1.0723852096675621,-0.0021860936380707634,2.3127330839867795
1.0724186640763123,-0.002216387116749771,2.336623800136685
1.0724499018013771,-0.0022438477003422237,2.3585795480159764
1.0724879624060308,-0.0022765887237285684,2.384937833856983
1.0725161579287292,-0.002297800316710244,2.404510415443855
1.0725379404590292,-0.002315480669358879,2.4189298762571747
1.0725591313461984,-0.0023306786381014,2.4330395918090733
1.072576893228192,-0.00234386841971931,2.4446030148215954
1.0725927890432667,-0.0023549304576657,2.4549509403596206
1.0726057914328044,-0.0023640854907307986,2.4633559572274684
1.0726239230545946,-0.0023771362947950857,2.474988938467708
1.0726308930244188,-0.0023802065652335437,2.4796486684085557
1.072632256125404,-0.002382593765779704,2.4805238768070126
1.0726332298807284,-0.00238214929498439,2.481139429756735
1.0726300046730182,-0.002380494287148256,2.479106523245715
1.0726248717256304,-0.0023768787804746417,2.475944706034123
1.072616665912352,-0.0023715251104324763,2.4707822252015563
1.0726085740758167,-0.002366266065123494,2.465676477110696
1.0726006515161115,-0.0023608338454505565,2.46064016203239
1.0725902699853136,-0.002353323759050351,2.4539322591438593
1.0725796208011509,-0.0023460379378714017,2.4470377934266807
1.072569487878536,-0.0023384343817235125,2.440364062620074
1.0725566508728506,-0.0023288509815489414,2.4319329600490964
1.0725435424008416,-0.0023195222869463418,2.4233603045996945
1.0725284250120695,-0.002307706817838855,2.4133926324996224
1.0725127782587682,-0.0022961825220350527,2.403027471193467
1.0724978396680942,-0.002284202027789344,2.3930167112316147
1.0724803307557162,-0.0022699280200619947,2.3811725643575454
1.072462945268002,-0.0022556446660616327,2.3692272625577586
1.0724460213552913,-0.002241062709696295,2.3574598466873162
1.0724265757982445,-0.0022241391175750265,2.343955694987928
1.0724073449705298,-0.002207137377030641,2.3303009273564315
1.072388603475167,-0.0021898840968361155,2.316848085423598
1.0723676266566602,-0.0021701021738360633,2.3016473885832114
1.0723467743527395,-0.002150046814844537,2.2863008350673666
1.0723243697730345,-0.002127212226505631,2.269561238530548
1.0723018687884311,-0.0021040510860537466,2.2524236598339664
1.0722782460739066,-0.0020780645528917113,2.2340474595917024
1.0722543539137197,-0.0020517859771316885,2.215186630279413
1.0722315817460304,-0.002025092793395928,2.196725823457367
1.0722070442537746,-0.001995402900584514,2.176409174060721
1.0721829084494003,-0.0019654614358397887,2.1560021001106726
1.0721597929651239,-0.0019348459837366958,2.135768322275489
1.0721351526579221,-0.001901011445199843,2.1137999065001836
1.0721112279984006,-0.0018668002308928297,2.0916796380755667
1.0720883935670906,-0.0018321970363161023,2.0697623557985594
1.0720645602886179,-0.0017942018915725378,2.0460969904477913
1.0720413998219689,-0.0017557743099207532,2.0222850434442377
1.0720180745744095,-0.0017140483194706079,1.9970814563249186
1.071995059075063,-0.0016717804409513745,1.9714777814301303
1.07197388013799,-0.0016288565367097872,1.946230475313485
1.0719522566486896,-0.0015824281510271373,1.9191491057024017
1.0719317594207671,-0.0015356783040983146,1.8919659228481207
1.0719128698229707,-0.001488339387933084,1.8649620871177106
1.0718940345043013,-0.0014372895769125661,1.8362211463464437
1.0718765188548323,-0.001385843692100309,1.807328422655071
1.0718599600189078,-0.0013309545602304869,1.7770476260405883
1.071844405344731,-0.001275470645630754,1.746363772507367
1.0718311235769482,-0.00121970342295294,1.7160389050403209
1.071818655322702,-0.001160143974467095,1.683878757845272
1.071807842623045,-0.0011000632066437996,1.6516170623186814
1.0717989344498875,-0.0010367949415838488,1.6179436003564083
1.0717916616870706,-0.0009730825304249806,1.5838775433525947
1.0717870165780916,-0.0009095302190411435,1.550166255750948
1.0717843606152366,-0.0008424810709903586,1.5146212732677327
1.0717839030292378,-0.0007753652184080686,1.4789738014945257
1.0717862822583777,-0.0007084817846265238,1.443507217971124
1.0717913420967562,-0.0006383382779727392,1.4063023598268602
1.0717986176100767,-0.0005683025503930864,1.3689467842194014
1.0718088679806157,-0.000498795444274853,1.3317948935403974
1.0718216320087857,-0.00042929003751115806,1.2944869362867923
1.0718370976482876,-0.0003606230841597827,1.257278651091619
1.071855151504096,-0.00029251048254504657,1.2200134685278443
1.0718757967861607,-0.0002251413213190542,1.1827786106604543
1.0718988954462314,-0.00015855168481299978,1.1455286095281043
1.071922924828039,-9.57017340932271e-05,1.1098786057770245
1.0719480204103073,-3.6814469807648165e-05,1.0760625359661014
1.0719735767317606,1.8515215039909244e-05,1.0438280737426329
1.071999469727902,6.997307313653749e-05,1.0133580722287676
1.0720253599023828,0.00011785078046924554,0.9845395482764213
1.0720510449030662,0.0001621514307305142,0.9574361706768773
1.0720763656522199,0.0002031075525354753,0.9320143816356401
1.072071784229833,0.00020027410955923559,0.9351214506968702
1.0720746203825646,0.0001970796853379387,0.9380937160684697
1.0720831555322954,0.0002143218727127067,0.9268528434797224
1.07210160724375,0.00023871562950160492,0.9116487418185387
1.0721168165052242,0.00026446238061701634,0.8951060698225548
1.072131431629728,0.0002844709853497095,0.8823532560140044
1.0721439265181822,0.0003036824517852912,0.8700134773896435
1.072159147494835,0.00032372051701459856,0.8569882968384827
1.0721682117235558,0.0003374345455172076,0.8478982053858443
1.0721785839379174,0.00034889181205639564,0.8400640985788805
1.0721863751960203,0.0003596854640482657,0.8327455769241598
1.0721946646962832,0.00036902027854953317,0.8263917111730764
1.0722024544907252,0.0003795588665405581,0.8193548411319836
1.0722082582601664,0.00038708906705190685,0.8143279267803796
1.0722141464519224,0.0003946086009681489,0.8093121624420797
1.0722202314551483,0.0004021210641739894,0.8041618351383902
1.0722243767476405,0.0004069464831565555,0.800729039816784
1.0722286651370858,0.0004116455774937685,0.7974547100119372
1.072232871873634,0.0004166056834916685,0.7939753997852197
1.0722348553761898,0.0004190610518069068,0.7922449370457055
1.0722370021392356,0.00042129515421204073,0.7906596041824641
1.0722389334696851,0.0004239448347210761,0.7888746018731971
1.0722387124055204,0.0004240350054153369,0.7888369333492725
1.0722388670150946,0.0004238725703957138,0.7889444461382374
1.0722389320936203,0.0004240508021275477,0.788852343377197
1.072236678276844,0.00042169507314981317,0.7905076477623295
1.0722347705182242,0.00041901950029333174,0.7923081777298616
1.0722327461740795,0.00041675169413399267,0.793909230981856
1.0722285607736115,0.0004117814214541333,0.797257383279774
1.0722244475758025,0.0004066395038033532,0.8007510904434942
1.0722203012249385,0.00040174633793165637,0.8040451361010459
1.0722140627736212,0.0003942849576458749,0.8090861811872712
1.0722079863023164,0.0003866938397758294,0.8142729555463414
1.072201948033606,0.0003793446392138371,0.8192599847896221
1.072193954413803,0.00036938307200754683,0.8259938164565575
1.0721861514211275,0.00035922608372970305,0.8328739475150467
1.0721783224264245,0.0003492087174879298,0.8395539127399247
1.0721685201038562,0.0003364455572534135,0.8479810287148105
1.072159009981862,0.0003233638732167073,0.8565540085037588
1.0721494056954664,0.0003105867591971719,0.8649269338868188
1.072137926431081,0.0002950775473228643,0.8750470994073947
1.07212700276331,0.00027918048282857337,0.8853130640476744
1.0721160019650005,0.00026358705551713085,0.8953790690214394
1.0721033443926569,0.00024502096116140685,0.9071924235131821
1.0720911289370554,0.00022607580523701187,0.9191512681579733
1.0720790139244727,0.00020729173520719777,0.9309104328645263
1.0720653932785478,0.00018551224759785775,0.9444167333742178
1.0720521237713976,0.0001635197233724987,0.9580687460015542
1.0720390969304945,0.00014162167006274626,0.9715206549886031
1.0720247033804846,0.00011659705813625564,0.9867199426617054
1.072011074060572,9.107847447576266e-05,1.0020651904101905
1.0719974958044565,6.566938114038158e-05,1.0172100167765372
1.0719827883225612,3.704089974134136e-05,1.0341021351153075
1.0719688797286138,8.004711840961086e-06,1.051140409410791
1.0719551049893012,-2.085820738544457e-05,1.0679778743133503
1.0719421567588412,-5.0156011211564824e-05,1.0849698316294778
1.0719296591817133,-7.951365840386414e-05,1.1018632279236635
1.0719176234295313,-0.00010926682569361229,1.1188131298266413
1.0719059697250255,-0.0001391844018466177,1.1357328363067503
1.0718947677776551,-0.00016925820442389782,1.1526674673468338
1.0718840885606309,-0.000199529969194067,1.1695950012463063
1.0718739975217255,-0.00023000200119951102,1.1865256793439438
1.0718644840350133,-0.00026061905545159266,1.2034550810632971
1.0718555006956625,-0.00029139204720265126,1.2203849331749899
1.0718470153373967,-0.00032225186383336493,1.2373145983909353
1.0718390188955753,-0.00035325143058260663,1.2542442428440415
1.0718315383175476,-0.00038437803824527674,1.2711738848193317
1.0718246110742526,-0.0004156652801346286,1.2881035195893848
1.0718182047890958,-0.0004470565701484322,1.305033158740324
1.0718123872676295,-0.0004785097661780065,1.3219628079164834
1.0718071316787436,-0.0005100919991719949,1.338892489076397
1.0718024364478105,-0.0005416807929178955,1.3558221617651618
1.0717983261356665,-0.0005732021893172297,1.3727518479757403
1.071794749697897,-0.000604941141390887,1.3896815471954798
1.071791643896601,-0.0006367977058072976,1.4066112092731786
1.071789101555508,-0.0006687418396305618,1.4235408819447803
1.0717871028482426,-0.0007007415690043088,1.440470549161125
1.0717856218631991,-0.0007327303281234197,1.4574001884488001
1.071784718181653,-0.0007646570984846053,1.4743298339937907
1.0717844095471045,-0.000796442701680222,1.491259474696815
1.071787674577178,-0.0007677088834991391,1.4797058303526194
1.0717837742468153,-0.0007483867895735204,1.4672755865947293
1.0717860548704037,-0.0007504838774935125,1.469358504897315
1.0717845231902017,-0.0007489932773344883,1.4681310792669795
1.0717850160225926,-0.0007497187454927894,1.4687078341861035
1.0717848767014198,-0.0007494087520753187,1.4684551381052966
1.0717852032248576,-0.0007495683136065415,1.4685577633563949
1.0717853733717648,-0.0007495063808320296,1.4685212376778891
1.0717854592325389,-0.0007494935222392452,1.4685318462170793
1.0717853815572584,-0.0007494520225800218,1.4685307136307608
1.0717852331991269,-0.0007494558574775332,1.4685293402523723
1.071785151354492,-0.0007494757102213859,1.4685309540645828
1.0717851216432948,-0.0007494998214139508,1.4685298728049125
1.0717852365349738,-0.0007495492685746885,1.4685307604959454
1.0717853622760607,-0.0007494948584343731,1.4685305208179944
1.0717853968383086,-0.0007494328612229592,1.4685308435157127
1.0717853841645597,-0.0007494403664319845,1.468530823194314
1.071785361842546,-0.0007494543261200462,1.4685309511118485
1.0717852594426356,-0.000749439130178846,1.4685309590057432
1.0717851761640238,-0.0007494620318956595,1.468531011197358
1.0717851656447883,-0.0007494522741634448,1.4685310940849208
1.0717851761133093,-0.0007493293673060735,1.468531183152688
1.0717851806645462,-0.0007492997124596645,1.4685312792034615
1.0717852105628167,-0.000749336848205318,1.4685313932706956
1.0717852626216773,-0.0007493942493033121,1.468531522936867
1.07178530424469,-0.00074949566987916,1.468531646630652
1.0717853013402734,-0.000749579520324493,1.4685317427892692
1.071785263032691,-0.0007495473977155974,1.4685318084634473
1.0717852056470791,-0.0007495460924634812,1.468531864413454
1.0717852114325626,-0.0007495204886532032,1.4685319573612874
1.071785232384791,-0.0007494606764927692,1.4685320559333284
1.071785255697363,-0.0007493886131516643,1.4685321603826955
1.0717852660566034,-0.0007494140933344388,1.4685322643010439
1.0717852924756626,-0.0007493446741939576,1.4685323644187898
1.0717853237288595,-0.0007492488540930311,1.4685324686545689
1.0717852878166656,-0.0007492706283210287,1.4685325464943977
1.071785197504782,-0.0007493461002214527,1.4685325841175438
1.071785127456644,-0.0007494591466103246,1.4685326405806036
1.071785138017552,-0.0007495417211121455,1.468532742106531
1.0717851989593856,-0.0007495806400000408,1.468532875346484
1.0717852979588922,-0.0007495589903432253,1.4685330251129651
1.071785360258618,-0.0007495157792817754,1.4685331564011341
1.0717851527163051,-0.0007525905544522809,1.4701253839815762
1.0717851869166743,-0.0007557836994906818,1.4719647439694301
1.071784906400271,-0.0007588321240176326,1.4735439621291773
1.0717846999750549,-0.0007652914369056791,1.4769022756199712
1.0717849694533277,-0.0007718460989588347,1.4803922688069406
1.071784744690162,-0.0007782473405139307,1.483687022953929
1.0717848310453326,-0.0007848212165859995,1.487134680971583
1.0717847330814054,-0.0007912351808090982,1.4904839891219452
1.0717846960526034,-0.0007976266020795407,1.4938898806994625
1.0717846200248355,-0.0008039653901631131,1.4972655723433081
1.0717846766710928,-0.0008103143644894153,1.5006564153493915
1.071784853108766,-0.0008166493652304238,1.504040222396392
1.071784988142821,-0.0008229724559645661,1.5074271169562716
1.0717851368724896,-0.0008293786021836447,1.5108127331783343
1.0717852866470967,-0.0008357775107588288,1.5141988002470481
1.07178537491681,-0.0008421234872278083,1.5175846762809821
1.0717854778849463,-0.0008485069791433084,1.5209705743517608
1.0717855767671576,-0.0008549225211664271,1.52435646685022
1.07178573286911,-0.0008612109706191976,1.5277423557385796
1.0717859663748701,-0.0008676020335642097,1.5311282982471612
1.0717862389831168,-0.0008740510752180714,1.53451424496895
1.0717865545626535,-0.000880506099206412,1.537900205595671
1.071786931541715,-0.0008869191033836172,1.5412861906310902
1.071787321080565,-0.0008933229178647752,1.5446721735080746
1.071787684198266,-0.000899686445822358,1.548058123245377
1.0717880160820348,-0.0009060417688663505,1.5514440381983967
1.0717883671002033,-0.0009124488574015703,1.554829952130765
1.0717887519160583,-0.0009188692755882637,1.5582158709201581
1.0717892056126073,-0.0009251714352890592,1.5616018174802138
1.0717897122224467,-0.0009314336294179738,1.5649877838293211
1.0717902319255495,-0.0009377973371758572,1.5683737498201296
1.0717907422711932,-0.0009441960138205544,1.5717596945727377
1.0717911997667737,-0.0009506038839920569,1.5751455863421229
1.0717916947238115,-0.0009570830265066681,1.5785314908818535
1.0717922250343803,-0.0009635005471609585,1.5819174001212526
1.0717927878581965,-0.0009698989018797646,1.5853033234842808
1.071793382211724,-0.0009762802394192218,1.588689249088973
1.0717940618166037,-0.0009825461657479706,1.5920752127698994
1.0717947452091616,-0.000988851329027914,1.595461175609227
1.071794908920107,-0.0009816894504575755,1.5920547016008066
1.0717931574013402,-0.000981167490708974,1.5912185419137244
1.0717944968186204,-0.0009819384304458713,1.5920346771563614
1.0717935500104918,-0.0009814474869937072,1.591465178707689
1.0717941830064528,-0.0009818445617578299,1.5918102989311214
1.0717939478222975,-0.0009816130700573851,1.591619376007455
1.0717941183411193,-0.0009816789593925781,1.5917181603324093
1.0717939952798639,-0.0009815717852180827,1.5916701792244785
1.0717939412584967,-0.0009815615526914615,1.591692112514435
1.0717939146064508,-0.000981533914125429,1.5916828115660668
1.071790468143189,-0.0008117398747193411,1.5916865664507396
1.071787052500261,-0.0006418344416609265,1.5916854510055864
1.0717835668647824,-0.00047186849835109494,1.5916858709281458
1.0717763798987758,-0.000132118256892317,1.5916858414709731
1.071769108871425,0.00020784849980454807,1.5916857649380431
1.071761909834972,0.0005478648875432514,1.5916857915466474
1.0717548220617985,0.0008878515846663631,1.591685819691022
1.0717478492468584,0.0012278685112619397,1.591685979201857
1.0717372974553412,0.0017376268328177444,1.5916860580662224
1.0717266675750852,0.00224746496204113,1.5916861678129672
1.0717160049281882,0.0027573732796998215,1.59168618745312
1.071701727297227,0.0034371310954557353,1.5916861927721977
1.0716874216985128,0.004117011364822903,1.5916862241365386
1.0716731966469866,0.004796915141198555,1.5916862180867382
1.0716590366262317,0.005476815804064398,1.591686329042115
1.0716448767975617,0.006156855142200834,1.5916863924730151
1.0716307550712723,0.006836786079631239,1.5916865047892068
1.0716130548265004,0.007686395819906381,1.591686570704686
1.0715953086178072,0.00853608353467493,1.5916866652057058
1.0715774781270944,0.009385807302865739,1.5916866400342826
1.0715561172842136,0.01040536929461717,1.5916866623123895
1.071534770010107,0.011425152182630632,1.5916866937142775
1.0715135004269492,0.012445023048267707,1.5916867580461622
1.0714887324680065,0.01363474436876702,1.5916868636443362
1.0714639179525252,0.014824574473973758,1.591686953761124
1.0714390370416083,0.01601442165780548,1.5916869818101949
1.0714106084894386,0.017373985158460854,1.5916870116257347
1.0713821884401133,0.018733734474471485,1.5916870659905826
1.0713538026281924,0.020093433433305146,1.5916871088663633
1.0713219006354002,0.021622965497724543,1.5916871859618462
1.071289992066055,0.023152593898254976,1.5916872714609485
1.0712544873455432,0.024852165201486604,1.591687286269291
1.0712189793163651,0.026551763649243068,1.5916873762321346
1.0711834760712786,0.028251503710660018,1.5916873745989206
1.071147976227295,0.029951244303311773,1.5916874463698407
1.071112481505568,0.03165093434416299,1.591687479473373
1.0710769910873426,0.03335057722682794,1.5916875355682518
1.0710415038822574,0.03505017408061546,1.5916875822566514
1.0710060036283566,0.03674976864579921,1.5916876256588262
1.0709704718137767,0.03844940893128242,1.591687644623748
1.0709349462431796,0.04014905694410549,1.5916876763765733
1.0708994380029049,0.0418486825476621,1.5916877139270174
1.0708639790147614,0.04354830569525143,1.5916877846520752
1.0708249697816954,0.04541766391366994,1.5916878442011015
1.0707824097509955,0.04745703377213408,1.591687917388246
1.0707362908538354,0.049666519255896706,1.5916879720941703
1.0706865942888637,0.052045890629442294,1.5916880125839432
1.07063331142839,0.05459525917148363,1.5916880686043582
1.0706261223495281,0.0549375868391758,1.5917013091826437
1.0705948524715678,0.056432862602406396,1.5917163310414084
1.0705393959545568,0.05908297425998888,1.5917295740387691
1.0704682669259402,0.0624806881349191,1.5917309231997159
1.0703935589005311,0.06604910025691,1.5917295034718653
1.0703152405119225,0.06978818108525082,1.5917306339754596
1.0702333580932601,0.07369778193094378,1.5917299985528843
1.070147920412876,0.0777776928767297,1.5917304442538087
1.0700696133436007,0.08151806691890306,1.5917302600126517
1.0699735965236052,0.08610697140104982,1.591730449650387
1.0698740179076613,0.09086572470037117,1.5917305753202817
1.0697708887305957,0.09579423399592626,1.5917306456838958
1.0696677130348293,0.10072286996107373,1.5917307684067405
1.0695644839495329,0.10565163311652842,1.5917307805560363
1.069457653374271,0.11075033841295384,1.5917307816036426
1.0693509381120616,0.1158493807692483,1.591730849081868
1.069244345035512,0.1209484876114623,1.5917309558933388
1.0691341969078556,0.1262173477573382,1.591731072704498
1.0690239955208556,0.13148642762194257,1.5917311445225584
1.0689136986752172,0.13675543068883356,1.5917311437097337
1.0687996927508838,0.14219411513187016,1.5917310321584113
1.0686856777997435,0.14763280846621932,1.5917309836033837
1.0685718009279965,0.153071519970328,1.5917309173044771
1.068454474577651,0.15868007421164534,1.5917310358965249
1.0683371868628178,0.16428881904726644,1.5917311186143153
1.0682199228122267,0.16989766839026463,1.5917313022602297
1.0680990152857892,0.17567632565544028,1.5917313900219554
1.0679779815912847,0.18145515052768438,1.59173147067154
1.067856880707201,0.18723397148885826,1.5917314730343748
1.067732220785,0.19318263461870883,1.591731498673666
1.0676075887911227,0.1991313485163214,1.5917315293935856
1.0674831011838337,0.20508007872969825,1.5917316392424217
1.0673551339060834,0.21119860969517595,1.591731798576989
1.0672271943337044,0.21731725394420173,1.5917319290674312
1.0670991637960563,0.22343591909177254,1.5917320061124862
1.066967505736338,0.2297243901454637,1.5917319693043908
1.0668357522362413,0.23601305073555232,1.591731980651649
1.0667040311841753,0.24230172110680728,1.5917318618397287
1.0665688387769778,0.24876017264166694,1.591731909640186
1.0664336938350247,0.2552188828899661,1.5917318933739777
1.0662950665647009,0.2618473321692607,1.5917320088068416
1.066156386224613,0.2684759330132017,1.5917321182549968
1.0660140707269425,0.2752743387380414,1.591732156462549
1.0658716596684799,0.28207287086281047,1.591732241749769
1.0657292526127997,0.28887145221061283,1.5917322581988262
1.0655833097064866,0.2958398360314087,1.591732340526647
1.0654373977886369,0.30280835244075194,1.591732440784254
1.0652879907596167,0.3099466255941917,1.591732534840613
1.0651385916641667,0.31708510510575416,1.5917326580669562
1.0649892017709834,0.3242235904507866,1.5917327126930427
1.0648362214467004,0.33153182394748965,1.5917327203994105
1.064683231080775,0.33884029001523264,1.5917327708857085
1.064530247375782,0.3461487169714336,1.5917327150490286
1.0643737460722842,0.35362698802218917,1.5917327793106486
1.0642172506906937,0.36110547029098533,1.5917327519773345
1.0640607370934216,0.3685839161828783,1.5917328497969199
1.063904146575803,0.37606235547748634,1.5917328727863875
1.0637474698347364,0.38354075248701236,1.5917328856933102
1.06359079544374,0.39101911047875826,1.5917329164296508
1.0634341464360686,0.39849742167173763,1.5917329782581329
1.0632775710093052,0.4059757236018637,1.5917330796170548
1.0631211157306077,0.41345403302512673,1.5917332460214055
1.0629647275380054,0.42093235652941696,1.5917334245576833
1.0628082691971363,0.42841071368466327,1.5917335288233105
1.0626516660725707,0.43588907172115954,1.591733514373928
1.0624950127025625,0.4433674449762078,1.5917334431027914
1.0623384236331377,0.45084583766279945,1.5917334020564264
1.0621818682671713,0.45832421824819797,1.5917333877775015
1.0620253992474862,0.4658026493578817,1.5917334479745133
1.0618689056579067,0.47328102620074125,1.5917335273353561
1.0617123509160755,0.48075937866449997,1.5917335941828559
1.0615557223868877,0.4882377494543032,1.5917336362417507
1.0613991019825069,0.49571606702567883,1.5917337075907991
1.0612424957768636,0.5031943383746047,1.5917337981953608
1.0610859540061137,0.5106726344582826,1.591733922875414
1.0609294232789415,0.5181510733721034,1.591734036667159
1.0607728741288052,0.5256294678510133,1.5917341165673855
1.0606163066048064,0.5331078507948073,1.5917341502734015
1.060459753971379,0.5405862300224119,1.591734168431981
1.060303212086538,0.5480645641106018,1.5917341687052007
1.0601467133133777,0.5555429239243421,1.5917341863606178
1.059990215971559,0.5630212970647877,1.5917342169417557
1.0598336824574481,0.5704996683849406,1.5917342504795566
1.0596770904633284,0.577978019843664,1.591734268040632
1.059520495268207,0.5854565111292905,1.5917343124992185
1.0593638975339341,0.5929349488198641,1.5917343845544207
1.0592072698556543,0.6004132936897014,1.5917344613686308
1.0590506382339482,0.607891610626569,1.5917345367725249
1.0588940275874577,0.6153698815823827,1.59173462259261
1.058737468000526,0.6228481454281356,1.5917347161470194
1.0585809438343345,0.6303264166012783,1.5917348096259722
1.0584244289190254,0.6378047954225713,1.5917348763408994
1.0582679165378013,0.6452831692216792,1.5917349170642898
1.058111370262314,0.6527615676358425,1.5917349183329796
1.0579548011911017,0.6602400088506343,1.5917348949761987
1.0577982320898702,0.6677184816637898,1.5917348902584363
1.057641654573552,0.6751968537621458,1.5917349012971138
1.057485097236531,0.6826752178518567,1.5917349473770965
1.0573285412653324,0.6901536280509352,1.5917350264924104
1.057171942279527,0.6976319191916719,1.5917350985863947
1.0570153476490685,0.7051101647003644,1.591735195136405
1.0568587606776656,0.712588501846126,1.5917353024017986
1.056702182581617,0.7200668391401267,1.5917354103351105
1.056545617977483,0.7275452113999809,1.591735503615617
1.056389063017085,0.735023590551111,1.5917355788920518
1.056232521620989,0.7425019644550065,1.5917356305104948
1.0560759879960357,0.7499802931876184,1.5917356567461625
1.055919404688364,0.7574586377178459,1.59173563778011
1.0557628028708685,0.764936971657781,1.5917356018885802
1.0556062024993604,0.7724153246456944,1.5917355745862394
1.0554496510583882,0.7798936963580577,1.5917356061643413
1.0552931156431558,0.7873720349470181,1.5917356790114148
1.0551365648290156,0.7948505245554741,1.5917357614993823
1.0549799511826343,0.8023289499401975,1.5917358395028058
1.0548233328836965,0.8098073104415197,1.591735928324289
1.054666728609521,0.8172857650484555,1.5917360287751252
1.0545101392281262,0.8247640721562017,1.5917361294352992
1.054353566487307,0.8322423355831523,1.5917362152911632
1.0541969918907088,0.8397206021376143,1.5917362724846302
1.0540403964963865,0.8471988796613354,1.5917362861687028
1.0538838170711005,0.8546772002459141,1.5917362861708633
1.0537272469042671,0.8621555696666308,1.5917362770343653
1.053570712222645,0.8696340032676539,1.5917362850554322
1.053414235665374,0.8771124540601306,1.591736351118646
1.0532577425899445,0.8845908356665969,1.5917364262320814
1.053101155329501,0.892069266725136,1.5917364739098896
1.0529444805746626,0.8995476427259337,1.5917364879051858
1.0527878047845038,0.9070259668485994,1.5917365277758653
1.0526311583316807,0.9145042747252505,1.5917365992073422
1.052474577424354,0.9219825918382629,1.591736717459107
1.0523180478427399,0.9294609369735435,1.591736855230155
1.0521615188001372,0.9369392893327542,1.591736972432555
1.052004969791186,0.9444176668303694,1.59173704802375
1.0518484036081255,0.9518960248574102,1.5917370808503681
1.0516917613409256,0.9593744029117353,1.591737044613491
1.051535111756043,0.9668528977230729,1.5917369816719047
1.0513784831589084,0.9743312849567868,1.5917369451853067
1.0512219082859775,0.9818096286841255,1.5917369506280024
1.051065328480948,0.9892879274034339,1.591736978932452
1.0509087728327677,0.9967662230862876,1.591737045157966
1.0507522553855775,1.004244527267537,1.5917371680656172
1.0505957359613514,1.0117228547477741,1.5917373115411284
1.0504391182090211,1.0192012567832252,1.5917374096028774
1.0503670762947723,1.0226382602700759,1.591738231066338
1.0503192605232023,1.0249177636830562,1.5917368818161577
1.0502956897651297,1.0260405328552662,1.5917377035380367
1.0502957037171672,1.0260408228766467,1.5917369102355712
1.0502958547645485,1.0260383673992792,1.5917380339373468
1.0502959904933542,1.0260359115234234,1.5917375167345418
1.050296084154988,1.0260337835641316,1.5917377555032113
1.050296111483429,1.0260326675841074,1.591737660432127
1.0502960769207952,1.0260327101191273,1.591737728694581
1.050295977054485,1.026033639214457,1.5917377238783663
1.050295872462721,1.0260349613339823,1.5917377285863736
1.05029582229884,1.026036156394384,1.591737765626838
1.050295865834898,1.026036816482697,1.5917378574794967
1.0502959210341485,1.0260369465359929,1.591737938372546
1.0502959389628235,1.0260365568084964,1.5917379873468966
1.0502959557498361,1.0260358476040878,1.5917380320647831
1.0502959768713729,1.0260351170928732,1.5917380763600835
1.05029598256422,1.026034683072201,1.591738117633731
1.0502958940057787,1.0260345921565925,1.591738107248068
1.0502958199086914,1.026034822797602,1.591738110557618
1.0502958487980854,1.0260351907216476,1.591738183068822
1.0502958871590125,1.0260355251923774,1.5917382600554473
1.0502959239927419,1.0260357609417161,1.5917383333808246
1.050295947253827,1.0260358040911646,1.591738395006316
1.0502959290149427,1.0260356950035738,1.5917384343928564
1.050295921695465,1.0260355204890452,1.591738465120581
1.0502959188233565,1.026035466861532,1.5917385076130215
1.050295920529533,1.0260353776362703,1.5917385525200998
1.0502959227927209,1.026035298241937,1.5917386021685798
1.0502959300355716,1.026035279062797,1.5917386520516348
1.0502959389601347,1.0260352997320044,1.5917387031428947
1.050295947871682,1.0260353373768731,1.5917387571224084
1.050295958202723,1.0260353986930868,1.5917388131335457
1.050295971733581,1.0260354118391102,1.5917388667340302
1.050295986952256,1.0260353788289938,1.5917389222952825
1.050295976333399,1.0260353309808445,1.591738961093632
1.0502959743999531,1.0260321313735605,1.5933313235544218
1.0502966230832655,1.0260288261268837,1.595170528500108
1.050296759717072,1.026025747286459,1.596750043981441
1.0502975798960261,1.0260194367075792,1.6001082536341542
1.050298479246464,1.026013116791432,1.6035991057409018
1.0502990529309837,1.0260068835427456,1.6068937153689773
1.0502998160101782,1.0260004415980521,1.6103416207567507
1.0503004762642356,1.025994054725439,1.613691085627282
1.0503012527010875,1.0259875915681862,1.617097223669879
1.0503020174065631,1.0259811872645068,1.6204731611214047
1.050302871186266,1.0259748381947884,1.6238642227400493
1.0503037534803608,1.025968646666215,1.6272481985070832
1.050304606915113,1.0259624000221192,1.6306352709685314
1.0503054809426815,1.0259560918684598,1.6340210666985024
1.0503063387374847,1.0259497767477581,1.6374072994847915
1.0503074658399358,1.0259402424121937,1.642385820409904
1.050309020210775,1.0259337202485226,1.6460158601983956
1.0503108769949665,1.0259148855258302,1.6555138418545983
1.0503158136315731,1.0258921730816426,1.6680343978728571
1.0503197275885592,1.025867494819824,1.681055060950988
1.0503256926373685,1.0258389359445759,1.696580269918222
1.050332096155161,1.0258078105049255,1.7133136268177143
1.0503400625599453,1.025773445206438,1.7320054093992558
1.0503492393352034,1.025736247527065,1.7522544493446528
1.0503570155754824,1.0257116374576019,1.7663009137347068
1.0503660354615005,1.0256727232490808,1.7867223211146042
1.0503821309518386,1.0256261841622094,1.813093822614146
1.0503967975268476,1.0255811572005105,1.837954593077212
1.0504147182834878,1.025532992148149,1.8652164399532003
1.050433908508295,1.0254857803163773,1.8923171908884164
1.0504542766983829,1.025439013795068,1.9193517364642712
1.0504772506003963,1.0253897734302535,1.9480790962161163
1.0505019685864776,1.0253412433472133,1.976973515201364
1.0505277080016628,1.0252934041398623,2.0056598045860907
1.050556459088685,1.0252433907681004,2.036095333125725
1.0505871454366615,1.0251945408412797,2.066676966314609
1.0506188684612423,1.0251466677431256,2.0970569323200126
1.050654205203152,1.025096965666546,2.1291852943107914
1.0506913283442691,1.0250484551817867,2.1614581993239836
1.0507296853009178,1.0250011392386493,2.1935318911531394
1.0507717114346475,1.024952549118002,2.2273521702150356
1.0508155549300116,1.0249055237656255,2.2613173096071546
1.0508606190168241,1.024859855767033,2.2950840104309966
1.0509096005106926,1.0248136868654056,2.3305971506265846
1.0509603320549763,1.0247695290213001,2.3662551325615664
1.0510124445427143,1.024726929644113,2.401714744890232
1.0510686829650793,1.0246841797119606,2.438920776376421
1.0511265122127915,1.0246439713086497,2.4762720795838566
1.0511856788865546,1.024605617651038,2.5134234981908854
1.0512491559420267,1.0245677183393571,2.5523216284407773
1.0513143183366713,1.0245327551482888,2.5913653644934485
1.0513803884686694,1.0245001789641988,2.6302078897304777
1.051450600152005,1.0244690225589694,2.6707971883045394
1.0515222246318117,1.0244407838211462,2.7115325455424806
1.051594694818862,1.0244154542213526,2.7520663293079135
1.0516712986575893,1.024392166609773,2.7943474200970906
1.051748863613672,1.0243723986037963,2.836774518281357
1.0518270035696378,1.024355793900828,2.8790006201001854
1.0519090143747891,1.0243420239904963,2.9229743124746776
1.0519915159083701,1.024332302228362,2.967093890436793
1.0520740991310986,1.024325993102669,3.0110124778872436
1.0521604530774389,1.024323272870436,3.0566780663763513
1.0522468408202048,1.0243245490008124,3.102489971601668
1.0523329588795036,1.0243294771030833,-3.135085841717619
1.0523684750249809,1.0243359472784317,-3.1157661634203846
1.0523841162829906,1.0243346945668188,-3.108430602251972
1.052387868387518,1.02433648788798,-3.1054206155515462
1.0523867209946582,1.0243343203194346,-3.1067060358118317
1.052387459532207,1.0243346167487137,-3.105935007418226
1.0523868860312864,1.0243339653592296,-3.1063613584317564
1.0523870482499649,1.0243345015133072,-3.1061414781721286
1.0523869018269076,1.024334859134233,-3.1062477447782477
1.0523869780338346,1.024335202812187,-3.1061988913341314
1.052387043592607,1.0243352119158835,-3.106219496809966
1.0523871245422034,1.024334982894181,-3.106211610619226
1.052387130102871,1.0243347019632731,-3.1062143958129074
1.0523870996501856,1.0243345730527291,-3.106213819015901
1.0523870529867283,1.0243346368804653,-3.106213682223333
1.0523870161252593,1.0243348403716355,-3.106213699074219
1.0523870211384856,1.0243349919596025,-3.1062133857216443
1.0523870161290034,1.0243350196396686,-3.106213442056806
1.0523869865831712,1.0243349403025945,-3.1062133790426727
1.0523869472786371,1.024334790018194,-3.1062134680031988
1.0523869604352383,1.0243346654912355,-3.106213476814884
1.052386993200553,1.0243346096031478,-3.106213476873935
1.0523869985908618,1.0243346760672796,-3.1062133892447368
1.0523869767474547,1.0243348353308999,-3.1062132491817187
1.0523870061781413,1.0243349642740645,-3.106213119306826
1.0523870730369034,1.0243350207451467,-3.1062130413829774
1.052387083066606,1.0243349334964102,-3.1062130533609973
1.0522173365209553,1.0243287773082221,-3.1062131140702007
1.0520474850676194,1.0243226752998749,-3.1062130926858167
1.051877549930767,1.0243166659545786,-3.1062130759910658
1.0515378630136363,1.0243047501677636,-3.1062129301294696
1.0511980266110683,1.0242928228975863,-3.106212861064237
1.0508581438315772,1.024280794486597,-3.10621278015925
1.05051827178985,1.0242686996447985,-3.1062127940264217
1.0501784663558191,1.0242566165239935,-3.1062127763433813
1.0498387067850798,1.0242445491988472,-3.1062127603092504
1.0494989922740807,1.0242324959394278,-3.1062127320700204
1.0491592401255798,1.024220496115408,-3.1062126741363016
1.048819476770001,1.0242085469412594,-3.1062125812044465
1.0484796236724323,1.0241965955725256,-3.106212489064724
1.0481398137442324,1.0241846241702484,-3.106212405674992
1.047800014453906,1.0241726022023319,-3.1062123579283765
1.0472904912861543,1.0241544948517822,-3.106212378461447
1.0466111220802137,1.0241303676564024,-3.1062123316271677
1.046273477903674,1.0241182858983697,-3.1049673421211987
1.045085137035826,1.0240746652396877,-3.104776381909813
1.0437261100168047,1.0240247324186613,-3.1049802302089864
1.0421974136562375,1.023968717455988,-3.104833522844375
1.0404984283976182,1.0239062966526218,-3.104923741325747
1.038629560257465,1.0238377366308937,-3.104873216523115
1.036590709534816,1.023762825174753,-3.1048994672251626
1.0343821677495766,1.0236816484716875,-3.1048865996429966
1.0328522252887489,1.0236253734040759,-3.104895386639139
1.0301688744573168,1.0235268450062107,-3.1048960942039936
1.0272812784070628,1.0234209368210534,-3.1048970419411925
1.0242237292253764,1.0233088802813086,-3.1048964319253116
1.0209960668647036,1.0231905588142538,-3.1048964440144333
1.0175983159592523,1.023065922554298,-3.1048962559371596
1.0140305568914023,1.0229349799613692,-3.104896234085143
1.0110057110150297,1.0228238647295629,-3.1048990947121333
1.006928925990237,1.022674170425115,-3.1048996634865578
1.0026820463501374,1.0225182889517757,-3.1048990193489865
0.9982652767982283,1.022356189435993,-3.1048994190421
0.993678518273917,1.0221878519873928,-3.104899061140671
0.9890914336230767,1.0220194976369643,-3.1048991847936303
0.9845042183418865,1.0218511327516515,-3.1048990555794918
0.9797473051369998,1.0216765305984055,-3.10489906298533
0.9749903678897298,1.0215019167777528,-3.1048989835833343
0.9702334974201886,1.0213273010858837,-3.1048989638744082
0.9653070214528884,1.0211464574088505,-3.1048989218544802
0.9603804491646939,1.0209656074561817,-3.104898872467918
0.9554538665540342,1.0207847100718723,-3.104898867717329
0.9503575485475806,1.0205975939418688,-3.1048988490658154
0.9452608565695544,1.020410481550174,-3.10489880998351
0.9401641410138258,1.0202234266442045,-3.104898752553433
0.934897716805918,1.0200301104636202,-3.1048986989596
0.9296312132375716,1.0198368044615207,-3.1048986281034274
0.924364755495936,1.0196435130709731,-3.1048985966207203
0.9189285744408906,1.0194440126000117,-3.104898515621879
0.9134922351768667,1.019244554443046,-3.104898420203797
0.9080557909854586,1.0190451126290683,-3.1048983295990857
0.9024496893723135,1.0188394047970937,-3.1048982627941863
0.896843472706244,1.0186336511993743,-3.1048981697432274
0.89123719459271,1.0184278393801316,-3.1048981817194097
0.8854611790628895,1.0182157872433562,-3.1048981643839353
0.8796850464842514,1.018003747286969,-3.104898131399739
0.8737392062193394,1.0177855074176405,-3.1048981018995314
0.8677931732538415,1.0175672494105714,-3.1048980331108966
0.8618471146306765,1.0173489393152402,-3.104898030210565
0.8557313407205239,1.017124384482576,-3.1048980179352625
0.8496153557743661,1.0168998318035982,-3.1048979888129034
0.8434993443323757,1.016675298673351,-3.1048979659826146
0.8372137046675331,1.0164446040837947,-3.104897890287222
0.8309279773411423,1.0162138759230548,-3.104897839477335
0.8246422159742415,1.0159831087557443,-3.1048978012254485
0.8181866810322335,1.0157461426367196,-3.104897778080927
0.8117309858536352,1.0155092556325336,-3.1048976765208667
0.80527530008866,1.015272396732581,-3.104897585025249
0.7986498494071733,1.0150293308370872,-3.104897461530656
0.792024277776683,1.0147861919180055,-3.104897378591269
0.7853987299406856,1.0145429812346038,-3.104897355459562
0.7786034307157562,1.01429348672385,-3.1048973957795862
0.7718079000948733,1.014044008395219,-3.104897321285132
0.7650124187209907,1.0137946030189888,-3.1048973025835975
0.758047215352545,1.0135389632963387,-3.104897218639841
0.7510819268112232,1.0132832044846944,-3.1048971903577334
0.7441166362218559,1.0130274103402896,-3.1048972252548515
0.7369816157126724,1.0127654688019507,-3.104897185901903
0.7298463061884393,1.0125035457525036,-3.1048971298366115
0.7227111079485139,1.0122416520345896,-3.104897075198684
0.7154061287149062,1.0119735849248674,-3.104896964734421
0.7081010266395774,1.0117055531304906,-3.1048968762244686
0.7007958528023569,1.011437464806115,-3.104896784480482
0.6933209812079886,1.0111630901252375,-3.1048967620733303
0.685846006873408,1.010888698293989,-3.1048966965800164
0.6783710293878185,1.0106143036735555,-3.1048967113573323
0.6708960434310244,1.0103399416870846,-3.104896637114902
0.6634210495915417,1.0100655941104892,-3.1048965820866616
0.6559460601938448,1.0097911740553058,-3.1048965447354235
0.6484711141689624,1.009516745864889,-3.10489651976276
0.6409961682193805,1.0092422741727485,-3.1048965101508483
0.6335212404501788,1.0089678002455547,-3.1048965058123414
0.6260463041456727,1.0086933660703357,-3.104896482087616
0.618571349560267,1.0084190183426311,-3.1048964054057127
0.6110964161780845,1.0081447205932674,-3.104896301173713
0.6036213340255622,1.0078704311600548,-3.1048962042598265
0.5961462794608643,1.0075960861336164,-3.1048961368300274
0.5886712798878573,1.0073217335644036,-3.1048960780620933
0.5811963294985429,1.0070473474761636,-3.104896040729338
0.5737213078466034,1.0067729403802077,-3.10489602884764
0.5662463908442378,1.0064986083887446,-3.104895954495929
0.5587715196010761,1.0062242383431006,-3.1048959012957367
0.5512966418391944,1.00594979532845,-3.1048958847575743
0.5438217313116946,1.0056752728536344,-3.104895909186244
0.5363467788916279,1.0054007574607786,-3.1048959291527223
0.5288717903598489,1.0051262756691572,-3.10489592377124
0.5213967808607004,1.0048519230094064,-3.1048958470990726
0.5139217985250258,1.0045776127459891,-3.104895738429146
0.5064468279309075,1.0043033077439487,-3.104895642288617
0.49897187751087024,1.0040289735105996,-3.1048955647247922
0.4914969121942152,1.0037546085823204,-3.10489551145883
0.4840219414998498,1.003480230988687,-3.1048954705654164
0.47654697828966497,1.0032058530243817,-3.1048954270281004
0.4690719725137755,1.0029315079685324,-3.104895364518153
0.4615968520127085,1.0026571327853673,-3.104895313796766
0.4541218586271931,1.0023827337168263,-3.1048952670793852
0.44664695625832185,1.0021083226516285,-3.104895227535415
0.43917210107536747,1.0018339055003638,-3.1048951866778816
0.4316972272396075,1.00155941212847,-3.104895186998251
0.4242223328729105,1.0012848846095863,-3.1048952123274876
0.41674736846691024,1.0010103939908481,-3.1048952174370354
0.4092723660912824,1.0007360227057795,-3.1048951502769953
0.40179733042247634,1.0004617915800489,-3.104895005451212
0.3943223190615845,1.0001876080485033,-3.104894820854523
0.38684735905930745,0.999913270432531,-3.1048947493872534
0.3793724093417628,0.9996388258417656,-3.104894745881619
0.3718974722738862,0.9993643045101529,-3.104894793193477
0.36442249602720495,0.9990898661827077,-3.1048947927471753
0.35694756677456274,0.9988154932847523,-3.104894733151679
0.34947262728219486,0.9985411471797915,-3.104894658265632
0.34199762680814844,0.9982667855637214,-3.104894578393843
0.3345226355337145,0.9979923841894208,-3.104894516603127
0.32704765421395815,0.9977178528152247,-3.10489453738575
0.3195727323329792,0.9974433487011586,-3.1048945441296136
0.31209781779693563,0.9971689169436563,-3.1048945118577413
0.30462289217729915,0.9968945695748346,-3.1048944286103204
0.297147941806833,0.9966202644958387,-3.1048943247813767
0.289672873466963,0.996345932010686,-3.104894238815727
0.2821977929662227,0.9960715724209567,-3.104894180043871
0.2747228148371502,0.9957972034360343,-3.104894118523817
0.2672478429875123,0.9955227742017324,-3.1048941041374163
0.25977293928772294,0.9952483754624124,-3.104894072529102
0.2522980830759802,0.9949739788675801,-3.1048940260464133
0.24482319209032677,0.9946995626124376,-3.1048939952944594
0.23734824507192623,0.9944251303328778,-3.104893955673531
0.22987330388404706,0.9941506964334643,-3.1048939172292305
0.22239823020236119,0.9938762123428423,-3.1048939054853215
0.21492319800660728,0.9936017554712677,-3.1048938741261405
0.20744821525030802,0.993327334540256,-3.104893827626285
0.1999732778624792,0.993052947679812,-3.104893768228674
0.19249838352309956,0.9927785878594206,-3.104893697328879
0.18502346380526638,0.9925042404741758,-3.1048936232011606
0.17754851528913368,0.9922298938604118,-3.1048935469365704
0.17007354891304713,0.9919555888909013,-3.104893453418283
0.16259859434057108,0.9916812328588672,-3.104893388319031
0.15512362325790666,0.9914068008556255,-3.1048933702137913
0.1476486810195849,0.9911323252024911,-3.10489337007901
0.14017358580551556,0.990857839824057,-3.104893371879542
0.1326985414128642,0.9905834075078545,-3.104893329358628
0.12522356288068298,0.9903089769286546,-3.104893277606837
0.11774858896655695,0.990034533187634,-3.104893235877221
0.11027364496740925,0.9897600307504957,-3.104893238765062
0.10279878215606061,0.9894855742652482,-3.1048932163987195
0.09532390973261198,0.9892111763122216,-3.104893166397913
0.0878489948977374,0.988936866848369,-3.1048930635913092
0.08037399810863904,0.9886625854220582,-3.1048929399098895
0.07289895506335699,0.9883882900462991,-3.1048928324157345
0.06542396231315355,0.9881139253991019,-3.1048927623210254
0.05794896463360171,0.9878394790028309,-3.1048927544875617
0.05047401241309437,0.987565022931281,-3.1048927451183403
0.04299910552895616,0.9872905564344562,-3.1048927373299238
0.03552421283096229,0.9870161088314301,-3.1048927139771814
0.02804927841987811,0.9867416793267634,-3.1048926683632727
0.020574272565503555,0.9864672455015373,-3.1048926199113187
0.013099190273596325,0.9861928234670463,-3.1048925648525447
0.005624190539062411,0.9859183634404852,-3.104892526797086
-0.0018507860453441018,0.9856438842298041,-3.1048925167048855
-0.004776725797683665,0.985536414587887,-3.1048922360853126
-0.006545757915888372,0.9854714303180182,-3.104892773565756
-0.007158960330424554,0.9854489821693276,-3.104892745565751
-0.007157415960136947,0.9854491439968633,-3.1048919096540515
-0.007155120858806536,0.9854492999284088,-3.104892325557906
-0.007152323350257957,0.9854494478998366,-3.1048920903659285
-0.007150245425049664,0.9854494926702023,-3.1048923321734567
-0.007149426060495741,0.9854494653168537,-3.104892223688847
-0.007149807691779268,0.9854493586176918,-3.104892275171297
-0.007150992420781314,0.9854492387335633,-3.1048922482093704
-0.0071524123166850865,0.9854491529888693,-3.1048922222336315
-0.007153522748674072,0.9854492058043296,-3.104892110539713
-0.007154036031709023,0.985449343081482,-3.1048919559040455
-0.007153906007321891,0.9854494133934188,-3.1048918647094625
-0.007153293402190266,0.9854494017343204,-3.1048918440851594
-0.007149349535442244,0.9854495870986875,-3.1032997601350893
-0.007145437672394766,0.9854501045235161,-3.1014604539061987
-0.007142044636787858,0.9854502802196341,-3.0998811669939546
-0.007135688496939956,0.9854509181202936,-3.096523277836469
-0.007129587552035071,0.9854520319969764,-3.0930323888501943
-0.00712373260319505,0.9854527620774444,-3.0897381267022292
-0.007117658454531256,0.9854537199773136,-3.0862901989999205
-0.0071115169745647674,0.9854544818565831,-3.082940954227644
-0.007105147675344779,0.985455279939748,-3.079535033723296
-0.007098794142481135,0.9854559924301288,-3.0761593956555258
-0.007092261152409399,0.9854567843350408,-3.072768599565068
-0.007085728384728248,0.9854576699689872,-3.0693848846686316
-0.00707930724803099,0.9854587367906571,-3.0659979130166466
-0.007072932674698775,0.9854598391242305,-3.062612209525343
-0.007066694938276003,0.9854609366131227,-3.059226054066203
-0.007060330500806302,0.9854620364462839,-3.055839835105489
-0.007044679457423374,0.9854642356248429,-3.047676586387353
-0.00702555877359988,0.985467599812798,-3.0371819937321596
-0.007003756122579279,0.985471212548831,-3.025625767127887
-0.006978453698517751,0.985476448242782,-3.0119320110938723
-0.006950319768092784,0.9854825722834709,-2.9968161747637776
-0.006919028232293326,0.985490076069259,-2.97985668014281
-0.006897352738637637,0.9854962547978243,-2.9676567600639436
-0.006861183041671034,0.9855041374857407,-2.948756211706847
-0.006817478678011188,0.9855174374983239,-2.9242195478115685
-0.0067722596008318175,0.9855310334891607,-2.89937759030267
-0.006723684608121332,0.9855479784261816,-2.8720180940060414
-0.006673000832574511,0.9855669959365011,-2.8434166786823956
-0.006619694773218775,0.9855891287511707,-2.812892018344634
-0.0065730711800198694,0.9856105006897729,-2.785574186457622
-0.006513222194437009,0.9856383330507279,-2.7512990169167675
-0.00645048401709216,0.9856725530729051,-2.713230665566803
-0.0063868316662097305,0.9857084305701479,-2.674918994028975
-0.00632425546420098,0.9857485382109749,-2.6355422385888674
-0.006263614001367812,0.9857898051831411,-2.59687949517846
-0.006201875122634591,0.9858358849213463,-2.5562016756346493
-0.006142480750731903,0.985884423493989,-2.5155087130608114
-0.0060848139637922705,0.9859352018691857,-2.4749561025339433
-0.006026825590350638,0.9859905123737417,-2.4326818164460824
-0.005971199107785463,0.9860483882575107,-2.39025257572781
-0.00591803326441544,0.9861083011663414,-2.348026339327807
-0.005865436235448735,0.9861731243088201,-2.3040527865036484
-0.005815957018359438,0.9862404469755016,-2.259935732027402
-0.005769359688628347,0.9863095745317696,-2.2160170735230373
-0.005724126120048216,0.986383559128596,-2.170352606300853
-0.005682567371545427,0.9864597134540937,-2.1245441555848674
-0.005644433598958154,0.9865372115334582,-2.0789336571235077
-0.005608641966345473,0.9866194077232677,-2.0315776843794704
-0.005577214242649717,0.986703328216638,-1.9840758434648635
-0.005549515541334335,0.9867882632151596,-1.936774504666478
-0.005530790818065335,0.9868582674407937,-1.8977006543577162
-0.0055097495251092065,0.986942568922506,-1.8524796834976551
-0.005493298374120684,0.9870381224833326,-1.800645395900528
-0.005479567854150047,0.9871357214714995,-1.7488410199441489
-0.005472435549181333,0.9872351064100451,-1.6959431960025342
-0.0054696152641176285,0.9873339528083374,-1.643723999422625
-0.005472346087000212,0.9874364467841761,-1.5895312685902678
-0.005480961113464047,0.9875383253034085,-1.5352941551033616
-0.005494786933104069,0.9876396445718684,-1.4812167113927028
-0.005514818174298143,0.9877431281191054,-1.4254082531894798
-0.00554104078538719,0.9878453944060441,-1.369449709170878
-0.005573428979966177,0.9879489213758497,-1.3121016994154124
-0.005612400036549631,0.9880506283883222,-1.2543544523088759
-0.005656697720922858,0.9881498425054195,-1.1969633866137048
-0.0057083546293208165,0.9882494345449933,-1.1377382202437702
-0.00576589967515557,0.9883457891551956,-1.0784120884440491
-0.0058286747849067766,0.9884386216678496,-1.0192643001835835
-0.0058989387318450085,0.9885303783926364,-0.9583795772580872
-0.005975005220667898,0.9886173506557148,-0.897347643290886
-0.006055898603409751,0.9886996195035865,-0.8365167820790945
-0.006144286640994489,0.9887789883148149,-0.7739404189126552
-0.006237764969701238,0.9888524931917381,-0.7112224143621986
-0.006335220087900903,0.9889199338492596,-0.648701223199831
-0.006439529637452961,0.9889827815207409,-0.5844353062782673
-0.006547589448547114,0.9890383904883244,-0.5200252061021996
-0.0066586681916255405,0.9890871337771918,-0.455813892876521
-0.00677567880444784,0.989129632576018,-0.3898576786823852
-0.006895335664989618,0.9891644017936791,-0.323757106587444
-0.007016934725342143,0.9891915631993173,-0.2578580968798132
-0.007143472468851464,0.9892112131062086,-0.19021325850589682
-0.007271084433628782,0.9892221538018389,-0.12242381026695835
-0.007398952519722598,0.9892244651802173,-0.05483530776207522
-0.007526818596508695,0.9892176920349759,0.01290750073116533
-0.007653775189156725,0.9892019952548865,0.08055078042246057
-0.007779255934091244,0.989177524879196,0.14825012430557935
-0.007902882360415238,0.9891448226436969,0.21591835191232361
-0.008024095643188945,0.9891038670549993,0.28360169492698306
-0.008142454683519365,0.9890548752809725,0.3512785402992536
-0.008257230805721497,0.988998040986664,0.41895883654572935
-0.008367808263556095,0.9889335850936245,0.4866377466478377
-0.008473774851013575,0.988861691717677,0.554316325370883
-0.008574572209485324,0.9887826692324313,0.6219932955621337
-0.008669885354123113,0.988696770438734,0.6896686675378233
-0.008759107776934085,0.9886046173386841,0.7573428397170875
-0.008841784123369705,0.9885070048761394,0.8250164350156303
-0.00891780786565837,0.9884040651608512,0.892690243091561
-0.008987015547324742,0.9882963953708553,0.9603640417831845
-0.00904877589285765,0.9881845931602541,1.0280377279054975
-0.009102792697308931,0.9880689091946866,1.095711165216409
-0.009148877848305025,0.9879497521729899,1.1633834683938606
-0.009186914855326783,0.9878274600208456,1.2310548025773134
-0.009216539574723038,0.9877024957736836,1.2987252803499714
-0.009237518349904057,0.9875762173390318,1.3663951166732993
-0.009249788643105935,0.9874488034865407,1.4340645511839658
-0.009253573164902778,0.9873211151957418,1.5017333560771808
-0.009248509490465281,0.9871934659422139,1.5694018012190774
-0.009234689626060642,0.9870663815460071,1.6370697406029264
-0.00921230933996158,0.9869405687465036,1.7047374294459805
-0.009181644173535217,0.9868163843154963,1.7724048195942463
-0.009142713472217604,0.9866943822368766,1.8400720667507064
-0.00909566620728559,0.9865752899170296,1.9077393276009875
-0.009040598956691785,0.9864597107888594,1.9754057417047766
-0.008977651212229385,0.9863483078896581,2.0430710866828896
-0.008907021661484032,0.9862412526383133,2.110734985363443
-0.008829286650455487,0.9861392362922607,2.1783976462166343
-0.008744968057029819,0.9860427497821728,2.2460596588803434
-0.008654542870746398,0.9859522013045082,2.3137215253180234
-0.008558392015528523,0.9858677216139743,2.381383634585577
-0.008456946404488509,0.9857899391027265,2.4490460040666857
-0.008350510656800819,0.9857192669347222,2.5167083008756985
-0.008239485286887433,0.9856559193554192,2.584369682562596
-0.008124179007147308,0.9855999816831786,2.652030162688244
-0.008005238726443922,0.9855518488522668,2.71968947441988
-0.007883303830794825,0.9855118292994446,2.787348103093455
-0.007758989530253739,0.9854802413545929,2.8550063703114903
-0.0076329877176340285,0.9854573929069138,2.9226644275831246
-0.0075058642122467255,0.9854433318439348,2.990322125397654
-0.007378233839587872,0.9854379733446599,3.0579790958755138
-0.007250558199375393,0.9854413212278502,3.125635261779231
-0.007123308827694165,0.9854532916037847,-3.08989451997012
-0.006996923170872305,0.9854737910406556,-3.0222394307414464
-0.006872468228639397,0.9855026468305235,-2.954584288883392
-0.006750061621796734,0.9855399515269646,-2.886929360629957
-0.006630599782705443,0.9855854365652464,-2.819275326039981
-0.006514366736542061,0.9856391034430915,-2.751622357089283
-0.006401998507585129,0.9857006359643671,-2.6839707745664483
-0.006294236867675104,0.9857696650958286,-2.616320262697419
-0.006191278721309943,0.9858456896135035,-2.548670312030728
-0.006093526403562756,0.9859281784644947,-2.481020247805181
-0.006001555026663401,0.986017100290995,-2.413369285319638
-0.005915834171810286,0.9861119019651353,-2.3457176291478556
-0.0058365717493383,0.9862124819923168,-2.278066169635781
-0.0057641832598270245,0.9863182111143313,-2.2104155426908196
-0.005699014283336405,0.9864286824211215,-2.142765975062167
-0.005641483679014887,0.9865433514440427,-2.0751174307979916
-0.00559187929453794,0.9866616659653873,-2.0074698366220245
-0.005550535467777323,0.9867829596951804,-1.9398225083989606
-0.005517682015477736,0.9869066128637332,-1.8721753392049854
-0.005503912807993448,0.9869860963761621,-1.8279899103774035
-0.005490815079786761,0.9870484830010228,-1.7949382384024986
-0.005485018075902055,0.9870995062486148,-1.7667833029821725
-0.005479621620624441,0.987132965375224,-1.7488528834534294
-0.005478205509223826,0.9871532681279638,-1.7375933063974331
-0.005478011233361139,0.9871577749397761,-1.7350941571293343
-0.005478373364203994,0.9871577325791278,-1.7351503658130765
-0.005478572572879477,0.9871578608234606,-1.7351155920439536
-0.005478232377056671,0.9871578932537765,-1.735131670603612
-0.005477754194454004,0.9871578866980226,-1.7351253888454838
-0.005477432487259917,0.9871577940683978,-1.7351278626023696
-0.005477467671178607,0.9871577361489546,-1.7351270260894447
-0.005477790496366333,0.987157743639128,-1.7351267954470082
-0.005478137748957088,0.9871577582869797,-1.7351265262529456
-0.005478343493092699,0.987157741318085,-1.735126181424495
-0.005478285178950476,0.9871577616488798,-1.735126159999669
-0.005478066194264507,0.9871577243354537,-1.735126130200932
-0.005477776129510444,0.9871576585661593,-1.7351262162536811
-0.005477631879972638,0.9871576118626583,-1.7351261717613533
-0.0054776743607187995,0.9871576207155571,-1.7351260244962912
-0.0054778813553430904,0.9871576699823819,-1.735125761956245
-0.005478116189953787,0.9871577243612655,-1.7351254864283214
-0.005478216366929757,0.9871577541930895,-1.7351252949273634
-0.005478143042061171,0.9871577499734496,-1.7351252169076834
-0.005478016785376056,0.9871577212359418,-1.7351251728877433
-0.005505646303069668,0.9869901667219911,-1.735125169658211
-0.005533350661612796,0.9868224406857816,-1.7351250720677496
-0.005561181845198887,0.986654681294269,-1.735124998220507
-0.005616897356740329,0.9863193181984671,-1.7351248078372925
-0.005672618910232788,0.9859838858469764,-1.7351246400164209
-0.005728299285986628,0.9856483940505328,-1.7351245117511778
-0.005783926583914454,0.9853128886852179,-1.7351244095647982
-0.005839535701885589,0.9849774299359119,-1.7351243236971279
-0.005895143564727892,0.984642018497818,-1.7351242290664552
-0.005950744700125136,0.984306626770513,-1.735124141128013
-0.00600632021267691,0.9839712216782277,-1.735124069999311
-0.006061953875544518,0.9836358023431337,-1.735123965439651
-0.006117588650675206,0.9833003728662361,-1.7351238599969578
-0.006173227505868108,0.9829649432864186,-1.7351237538592315
-0.006256647034962944,0.9824620119961625,-1.7351236844097995
-0.006367896667826099,0.9817912399443041,-1.7351235645189147
-0.006506945670777955,0.9809528268547961,-1.7351234818939323
-0.006673782069438007,0.97994671758952,-1.7351234350995497
-0.006868393352737569,0.9787728788778536,-1.735123366399232
-0.007090841512847449,0.9774312304138377,-1.7351233492358955
-0.007341110606012449,0.97592185722724,-1.7351233041243903
-0.007396982918971248,0.9755850147253974,-1.73509698837087
-0.007641605192956353,0.9741095889656092,-1.7350673638180234
-0.008002885007509127,0.9719302307109867,-1.735067114141477
-0.008391990377867604,0.969582880183276,-1.7350682730553266
-0.008808952127737517,0.9670674798402756,-1.7350669324840249
-0.009253770480634436,0.9643840510347396,-1.7350677017762868
-0.009726439086660845,0.9615326478851958,-1.7350670146507357
-0.010226907561673665,0.9585135447032437,-1.7350671887203877
-0.010644082435659208,0.955996945511721,-1.7350669008420714
-0.011227764400738704,0.9524758109056306,-1.7350672221125147
-0.011839377256546038,0.9487864842974706,-1.7350664112526395
-0.012478768939223176,0.944929467609026,-1.73506623019138
-0.01314595228971167,0.9409046429579943,-1.735065743708621
-0.013840953569891392,0.9367119335628216,-1.7350653097051518
-0.014480481153145621,0.932853934383567,-1.7350651215831159
-0.015258887361771058,0.9281582734537986,-1.7350651690354648
-0.016065140394904493,0.9232947059583402,-1.7350644032104912
-0.016899190854172134,0.9182634637391113,-1.7350642174407296
-0.01776104880294817,0.9130644974213731,-1.735063861033286
-0.0186507357000092,0.9076976543207061,-1.7350637146074726
-0.01956821549514133,0.9021631349270017,-1.7350636072317078
-0.020513478246974318,0.8964609401340539,-1.7350636644266362
-0.021347660623388713,0.8914287725489899,-1.735064024735015
-0.02237055869432179,0.8852580054805549,-1.7350649928612956
-0.02342691589761839,0.8788853634548406,-1.7350647673455248
-0.024511052720479615,0.8723448906143687,-1.7350650804025078
-0.025623027272533485,0.865636533397985,-1.7350650525742914
-0.026762850883822662,0.8587602316363142,-1.7350648569009772
-0.027930530945673715,0.8517161582758996,-1.7350645885188556
-0.029009383693036652,0.845208204467719,-1.7350645492960397
-0.03023264118824189,0.8378292399085997,-1.7350643548530762
-0.03145593615852763,0.8304500282134509,-1.7350633515857816
-0.0326792036266635,0.8230707323897434,-1.7350630292267555
-0.033902485565375694,0.8156914080595589,-1.7350624574517637
-0.03512572463214168,0.8083120915498145,-1.7350623076373841
-0.03634898060150129,0.8009327728848181,-1.735062231990836
-0.037572263102035555,0.7935533985295213,-1.735062346487727
-0.03879547069751926,0.7861740682054261,-1.7350625745819117
-0.040018666881486656,0.7787946870374344,-1.7350628483524462
-0.04124189870817366,0.7714153561359588,-1.7350630153630358
-0.042465122544825484,0.7640361005476739,-1.7350630436070906
-0.04368834006933558,0.7566568940240921,-1.735062891045735
-0.044911558488792226,0.7492777310179143,-1.735062544201538
-0.04613475920274765,0.7418984140823855,-1.7350620676752768
-0.04735792865968221,0.7345191037084677,-1.7350615045432998
-0.04858115502286834,0.7271397652031444,-1.7350609058070132
-0.04980447267962016,0.7197604241161154,-1.7350603109938831
-0.051027800803575794,0.7123811212242616,-1.73505985911574
-0.05225110618809132,0.7050018367795915,-1.73505960891731
-0.053474344213844,0.6976225330202849,-1.7350595852425346
-0.05469752568558925,0.6902432055845705,-1.735059749575736
-0.05592070340236211,0.6828638772497335,-1.735059999960121
-0.057143946184754026,0.6754844579284651,-1.7350602249082692
-0.05836717785217883,0.6681050462692912,-1.7350603716989423
-0.059590376066790775,0.6607257909971135,-1.7350603759123524
-0.06081357137695506,0.6533465818321936,-1.7350602018524661
-0.0620367643176381,0.6459673983266967,-1.7350598364491052
-0.06325993137076939,0.6385881813013691,-1.7350593403866128
-0.06448309134341934,0.6312088971443608,-1.7350587658305332
-0.06570628092418684,0.6238295806410128,-1.7350581821591666
-0.06692956732746458,0.6164502494362054,-1.7350576188245084
-0.06815287683079141,0.6090709416580108,-1.7350571913624608
-0.06937613029815037,0.6016915984466031,-1.7350569959913271
-0.07059934482749672,0.5943122631472897,-1.7350570035320383
-0.0718225089299201,0.5869329586712652,-1.7350571776632624
-0.07304571327974294,0.5795536383418116,-1.7350574048346925
-0.07426891525485377,0.5721742923470498,-1.7350576257766048
-0.07549210654255258,0.564794946429631,-1.7350577590877216
-0.0767152785255693,0.5574156413355451,-1.7350577509544425
-0.07793841289168002,0.5500363498762956,-1.7350575822084304
-0.07916156008401881,0.5426571050671141,-1.7350572188251616
-0.08038473711134184,0.5352778181894051,-1.7350566981500557
-0.08160793852881804,0.5278985172198339,-1.7350560858494384
-0.08283115800339162,0.5205192243991821,-1.7350554788639014
-0.08405441741962995,0.5131397875582546,-1.7350549546100227
-0.0852776714905481,0.5057603967525696,-1.735054588892275
-0.08650089916682742,0.4983810983074008,-1.7350544135104322
-0.08772413333442494,0.4910017058454005,-1.7350544284626788
-0.08894732180688042,0.4836224602643319,-1.735054581332093
-0.0901704836480614,0.4762432630886727,-1.7350548108826491
-0.09139359395575117,0.46886403445800606,-1.7350550505537465
-0.09261669893171456,0.4614847894991242,-1.7350551984229716
-0.0938398186697553,0.45410550616171963,-1.7350551831775725
-0.0950629583361205,0.44672618030354433,-1.735054977338592
-0.09628612055390069,0.4393468322512352,-1.7350545813163076
-0.0975093569030459,0.4319674632519244,-1.7350540118989128
-0.09873259891253025,0.4245881493293979,-1.7350533656343237
-0.09995584207160418,0.4172088718853003,-1.7350527410712986
-0.10117904831705869,0.409829546561666,-1.7350522466501805
-0.1024021956179642,0.4024502398428198,-1.7350519510335989
-0.10362529251827873,0.3950709108196839,-1.7350518810368225
-0.10484844567447964,0.387691563013291,-1.7350519460340015
-0.10607164100668423,0.38031221451921793,-1.7350521078501313
-0.10729486838077307,0.3729328731105592,-1.7350522992503643
-0.108518061286009,0.3655535596600241,-1.7350524733875579
-0.10974119098293113,0.358174237372481,-1.7350525811465536
-0.1109642805539595,0.3507949418201011,-1.7350525495530609
-0.11218735157553199,0.34341562681743004,-1.735052347892803
-0.11341044591834845,0.33603633371910685,-1.7350519616135835
-0.11463362020782332,0.3286570372150999,-1.73505139722623
-0.11585685162326183,0.32127775318711443,-1.7350507444780217
-0.11708009313760365,0.31389843973616893,-1.7350501252322033
-0.11830329618388526,0.306519112284043,-1.7350496393155106
-0.11952650756335804,0.2991396378676364,-1.7350493494172987
-0.12074970221348888,0.29176021359658444,-1.7350492364921857
-0.1219728256438117,0.2843809133975037,-1.7350493173704502
-0.12319594463979679,0.27700161712820687,-1.7350495226921347
-0.12441907163142071,0.2696223706127881,-1.735049748375737
-0.1256421785225915,0.26224317681133047,-1.73504994075334
-0.12686524173779043,0.25486393786169037,-1.735050047395986
-0.1280883147280022,0.24748466990334606,-1.7350499882685229
-0.12931141216447992,0.24010535683373962,-1.7350497341741895
-0.13053454436100767,0.2327260175170407,-1.7350492971755385
-0.13175777491277982,0.2253466486033948,-1.7350486886251828
-0.13298103203218242,0.21796731425986704,-1.7350480148526386
-0.13420426346138514,0.2105879714626657,-1.735047410730896
-0.13542739453344596,0.20320856999468423,-1.7350469946839995
-0.13665042828553864,0.19582918738224506,-1.7350468107529156
-0.13787342812861136,0.18844985563562935,-1.7350468245938053
-0.13909650404523285,0.18107052398541107,-1.7350469531541042
-0.14031972551696886,0.1736912362905771,-1.7350470858678995
-0.14154297788094322,0.16631198236917571,-1.7350472173476914
-0.1427661745231888,0.15893265780725585,-1.735047341202423
-0.14398927870406122,0.1515533382233681,-1.7350474000445004
-0.14521235572124302,0.14417403258251457,-1.7350473053945852
-0.14643536613607097,0.13679466649113164,-1.7350470779113556
-0.1476583949537359,0.12941535242066363,-1.7350466677871255
-0.1488814948836087,0.12203606366429964,-1.7350461117414115
-0.15010469131409826,0.11465675902262104,-1.7350454682358718
-0.1513278860149031,0.10727749669544165,-1.7350448808130776
-0.15255105623893658,0.09989822768225694,-1.7350444412498798
-0.15377416642774125,0.09251889945287566,-1.7350442203925769
-0.15499727512783681,0.08513943141420569,-1.7350441986316425
-0.15622035748806395,0.07776007266876359,-1.7350443235661333
-0.1574434728295022,0.07038071039320028,-1.73504452833939
-0.15866657658236927,0.06300140947765374,-1.735044740411482
-0.1598896727760425,0.05562210512515209,-1.7350449013461193
-0.16111276064932709,0.048242798898028405,-1.7350449281154483
-0.16233584669472287,0.04086351079630101,-1.7350447881282818
-0.16355889458839656,0.033484209390577814,-1.735044494046338
-0.16478193569086377,0.026104914848214915,-1.7350440501218853
-0.1660049964625287,0.018725608432003913,-1.7350435066301404
-0.16722815857513268,0.011346286380938443,-1.7350428830361522
-0.16845135122847033,0.003966985709053697,-1.7350423023381647
-0.16967449761731176,-0.0034123533398030975,-1.7350418997565866
-0.17089764445261663,-0.010791733568555948,-1.735041681145354
-0.17193191998794025,-0.017031683309084365,-1.7350416694751882
-0.17277716412513708,-0.022131546146795293,-1.7350419874316796
-0.17343337971643832,-0.026090855921525248,-1.7350422392156568
-0.17390048188460158,-0.028909257269739037,-1.7350425266859462
-0.17417852271073225,-0.030586599070839236,-1.7350423171248532
-0.17426754483220167,-0.0311234407015423,-1.735042450454448
-0.17426745102863148,-0.031122585456552897,-1.7350423861045776
-0.17426710534105566,-0.031120937947214895,-1.7350424129577986
-0.17426678247227873,-0.031119384618344233,-1.7350423810487943
-0.17426658483678162,-0.031118466895341642,-1.7350421619526555
-0.17426652222817277,-0.03111829304928755,-1.7350420975376806
-0.174266578246837,-0.03111876620026434,-1.7350419468132887
-0.17426676056138055,-0.03111957063584786,-1.7350417919095524
-0.17426703233014218,-0.031120353739393838,-1.73504155315123
-0.17426721473191117,-0.031120924138559377,-1.735041360272277
-0.17426690054022173,-0.031118007251385266,-1.7334494071133164
-0.17426664266445052,-0.03111449936371936,-1.7316125311670916
-0.1742661000104048,-0.031111023496608416,-1.730033507577768
-0.17426540813061184,-0.03110413577965932,-1.7266775583264138
-0.1742651027556291,-0.031097302743107708,-1.7231898294532613
-0.17426466161470186,-0.031090884929986965,-1.7198971090396589
-0.17426436098864925,-0.03108453990799146,-1.7164518060617016
-0.17426396150659024,-0.031078435033115363,-1.7131046563502368
-0.17426361039055732,-0.031072299541890093,-1.7097010339509677
-0.17426319078013128,-0.031066116123074704,-1.7063275617758689
-0.1742627212117157,-0.031059908894838804,-1.7029390750467643
-0.17426227740292202,-0.0310535897340855,-1.6995576764549394
-0.17426194452938967,-0.03104708423519557,-1.6961730582801542
-0.17426164667686755,-0.031040523914316914,-1.6927897172919242
-0.17426139156437065,-0.031033956732366925,-1.6894058946628672
-0.17426081422807368,-0.031024280079054153,-1.6844304875707212
-0.17426048475218406,-0.031011399297542534,-1.6776179207884392
-0.1742608755572462,-0.03100495384512888,-1.6740067693730287
-0.17425933640424823,-0.030983902597155763,-1.6634302337864253
-0.17425999978080253,-0.030957703328645697,-1.6490581501127426
-0.1742594471524944,-0.030929602022562012,-1.634457913090123
-0.17426058870091948,-0.0308971673982491,-1.6171952506122154
-0.17426173271305367,-0.030862127173924527,-1.5988119966932002
-0.17426414684132693,-0.030823522253135463,-1.5784272564781154
-0.17426719367758492,-0.030795502109637315,-1.5633022309424616
-0.1742692972562148,-0.03075299408404836,-1.541524124465427
-0.174276543094508,-0.0307013847255066,-1.513595489319965
-0.17428374744761652,-0.03064820446725962,-1.4853770412770162
-0.17429413628232804,-0.03059130111194024,-1.4546678574562233
-0.17430645638531864,-0.030532015224047016,-1.4226906260007952
-0.17432172963731418,-0.030469803002072755,-1.38881111589517
-0.17433986189273398,-0.030405157733953966,-1.3533393323199592
-0.17435778851106887,-0.03035037882792731,-1.3225042509007408
-0.1743807105530793,-0.03028204118352959,-1.2850416881367548
-0.1744097099711042,-0.0302133097674537,-1.2450653465450456
-0.17443962222528514,-0.030143602865197995,-1.2053190357082793
-0.17447509992061117,-0.030074664420114347,-1.1641191499199184
-0.17451151815038007,-0.03000771991098458,-1.1238885830479561
-0.1745532843436138,-0.02993910738749592,-1.0814949120570498
-0.17459769144196444,-0.029872387519254615,-1.0391688931413636
-0.17464469394180065,-0.02980753499169826,-0.9969398099990817
-0.17469633524048872,-0.029742142356168785,-0.9530115546153943
-0.1747509262600057,-0.029679136559846,-0.9089177638181616
-0.17480803697327355,-0.02961860105485496,-0.8650314002299075
-0.17487023695721302,-0.02955832851549266,-0.8193961689331853
-0.17493548839059941,-0.029501199440748662,-0.7736172835706537
-0.17500290858233072,-0.0294469360901413,-0.728037373581215
-0.17507541393828516,-0.02939377265369297,-0.6807117949838345
-0.175150334371217,-0.029344306652173597,-0.633244335104549
-0.17522751624649638,-0.029298150063233504,-0.5859736896018649
-0.17527884581515898,-0.029271511148269456,-0.5544836158405572
-0.17531546281992408,-0.029252409738579926,-0.5330520783976053
-0.17534085352409834,-0.02924068979814757,-0.5177195534124848
-0.1753506524034836,-0.029235226392933973,-0.5117275015740783
-0.17535054600539185,-0.029235127808308583,-0.5113946615467906
-0.17534990400981887,-0.029234861739668414,-0.5117709799956893
-0.1753502132606967,-0.029234919898264933,-0.5114909583129602
-0.17535007004684555,-0.02923507641641972,-0.5116672479124252
-0.17535036084420844,-0.029235283314897272,-0.5115664076533836
-0.17535039989255446,-0.02923531594160876,-0.5116193220901655
-0.17535046563290677,-0.02923523790927568,-0.511592701066526
-0.1753503753179873,-0.02923506831284924,-0.5116050334161919
-0.1753502020140013,-0.029234982548039964,-0.511599468232553
-0.17520204004900328,-0.029318108220983782,-0.5116015336128416
-0.17505385448886399,-0.02940139588793194,-0.5116004681533651
-0.17490568130336695,-0.02948477327769116,-0.5116003866535154
-0.17460939475863888,-0.029651283681366294,-0.5116001062469582
-0.17431291096063545,-0.029817769165417986,-0.5115997589197615
-0.1740163369185011,-0.02998418350238285,-0.511599697605594
-0.17371973824732118,-0.030150555968172198,-0.5115995178050586
-0.17342320656402108,-0.03031691821906094,-0.5115994032124185
-0.17312669711976528,-0.030483323466416537,-0.5115992182133823
-0.17283022999870792,-0.03064984899173949,-0.5115989716946855
-0.1725338429541073,-0.030816365366172327,-0.511598692001772
-0.17223745135348037,-0.030982919572939208,-0.5115984050503035
-0.1719410304515848,-0.031149438038928744,-0.5115981339548272
-0.17164451638031675,-0.03131585142884921,-0.5115979531292151
-0.1713479672143681,-0.03148223520335451,-0.5115978017264196
-0.17090335178019453,-0.031731796031637054,-0.5115976394067272
-0.17060668195233653,-0.03189835006261733,-0.5115653926319245
-0.16971795963561329,-0.03239734085691146,-0.5115606481594659
-0.16868045717137714,-0.032979898374585065,-0.51156541233151
-0.16749466799862264,-0.0336456243622354,-0.5115614657820554
-0.16616048020008795,-0.034394659480025,-0.5115634607440736
-0.1646780108704544,-0.03522694631136662,-0.5115619630700886
-0.16304726803547193,-0.03614247878962191,-0.5115623520874907
-0.1618606763159533,-0.03680860430192252,-0.5115620938691195
-0.159785992710974,-0.03797331378936585,-0.5115625673658261
-0.15756258981317522,-0.03922154919394689,-0.5115619607630388
-0.15519109291249594,-0.04055295372249514,-0.5115618138870522
-0.152819412486965,-0.04188456310759122,-0.5115614637804289
-0.15044756736695467,-0.04321624619731465,-0.5115612414565132
-0.14792751957968867,-0.04463106797653678,-0.5115610119750366
-0.14540732150052002,-0.04604588092488575,-0.5115607944600556
-0.14288716090233172,-0.0474606658269657,-0.5115607066727776
-0.14021900775394947,-0.04895855898313926,-0.5115605934317861
-0.13755078118186667,-0.05045653769092816,-0.5115603925180805
-0.13488260016752895,-0.051954558176094276,-0.5115602969740372
-0.13206633407069243,-0.05353574574241818,-0.511560162757349
-0.12924983789938443,-0.05511699015021889,-0.5115599959785806
-0.12643332769233198,-0.05669824479144542,-0.5115599677325748
-0.1234686732859118,-0.05836259827261345,-0.5115599627466815
-0.12050377772081548,-0.06002709340585804,-0.5115598217037386
-0.11753899629970635,-0.06169157497581737,-0.5115598391205741
-0.11442613453250801,-0.06343924790361688,-0.5115596941207556
-0.11131320659722871,-0.06518696376723206,-0.511559571384968
-0.10805206079197252,-0.06701782443032532,-0.5115594793496855
-0.10479081390746024,-0.06884874086472918,-0.5115593255624848
-0.10152953885417396,-0.07067967805921806,-0.5115591891358807
-0.09812017282864886,-0.0725937593896538,-0.5115589993034441
-0.09471068772033567,-0.07450790490135084,-0.5115587256509309
-0.09130121846388899,-0.07642203792424586,-0.5115585167663459
-0.08892831946976422,-0.07775420105948669,-0.5115585431054688
-0.08554936668873907,-0.07965110132186706,-0.5115588954811453
-0.08184383159098767,-0.08173147993009533,-0.5115585927655355
-0.0779901858416195,-0.08389501868316133,-0.5115582435313237
-0.07413622937853448,-0.08605871502432434,-0.5115579321740693
-0.07028191814220727,-0.08822255923451776,-0.5115576313785585
-0.06627929232345021,-0.09046966073671296,-0.5115573519639822
-0.06227655959918624,-0.09271682289124075,-0.5115570648599156
-0.05827391312784411,-0.09496394449476271,-0.5115568754374016
-0.05412334746592338,-0.09729411884191345,-0.511556672524392
-0.049972796880681125,-0.09962429204312846,-0.5115565269293897
-0.045822300555350755,-0.10195444350468592,-0.5115564191430628
-0.04152374505600283,-0.10436768505283243,-0.5115564033431469
-0.037224897136773405,-0.1067810785533755,-0.5115563163996952
-0.03292598399141567,-0.1091945235370762,-0.511556354846593
-0.028478960473965816,-0.11169117114716705,-0.5115563049760091
-0.02388372523766135,-0.11427104918773813,-0.5115562599637632
-0.019140262466125584,-0.11693420075096823,-0.5115561337525909
-0.015136949866204218,-0.11918172623846719,-0.5115561486493512
-0.010126982950621529,-0.12199434382460102,-0.5115568140940083
-0.0047909362138260116,-0.12499000027393385,-0.5115561694763187
0.0005454470905530788,-0.12798585125012604,-0.5115561394939884
0.005882067925784409,-0.1309818455002262,-0.5115557898850532
0.011366899724497954,-0.13406114269343733,-0.5115554271896733
0.01685189828678783,-0.13714056133585892,-0.5115549669409343
0.02233686707197201,-0.14021993720120018,-0.5115546192559953
0.0279698585325344,-0.1433823324731571,-0.5115543607484131
0.03360290856058078,-0.14654471128595695,-0.5115541073384576
0.039235921756380195,-0.14970700713171323,-0.5115540524979716
0.045016899837176175,-0.15295241111493016,-0.5115540563861287
0.05079802766749919,-0.15619800167557576,-0.5115539647952752
0.05657921024821632,-0.15944370054917253,-0.5115539877351404
0.06250855698218107,-0.1627726211609629,-0.5115539277236996
0.06843806350117014,-0.1661016080326042,-0.5115538281522777
0.07436766479057719,-0.16943054756283596,-0.511553784889122
0.0804453386153581,-0.1728425625531734,-0.5115536988022023
0.08652317187525363,-0.17625463928384394,-0.5115533884904753
0.09260103402266288,-0.1796667736455928,-0.5115531645147852
0.09882693145126678,-0.18316205024132698,-0.5115527523141234
0.10431126679723807,-0.18623707684469717,-0.5099595235441187
0.11069083275808242,-0.18979718466158224,-0.5081280372266141
0.11707684019048567,-0.19334768009596273,-0.50654713996903
0.12361663696134388,-0.1969641789684905,-0.5031914804723079
0.13017005730014483,-0.20055665386026367,-0.49970561617995946
0.1367355816400725,-0.20412769409344955,-0.4964114271400415
0.14331319096514458,-0.20767637475808615,-0.49296727750708574
0.14990276757544185,-0.21120286074316919,-0.48961970927474024
0.1565041684847608,-0.2147070916521995,-0.48621642279546284
0.16311731772527024,-0.21818887702386258,-0.4828428351453548
0.1697421840559111,-0.221648195755301,-0.47945429240280985
0.17637863667210846,-0.22508493752158948,-0.47607276409316374
0.18302659798283555,-0.22849918013210346,-0.4726880382608184
0.18968614721289942,-0.2318909031758947,-0.46930454842201796
0.19635613029106042,-0.235255074444695,-0.46432815630755425
0.20304311290474505,-0.23857797889661164,-0.45751561150796155
0.2097521091454684,-0.24184921557650704,-0.44912340969248377
0.21648812191617978,-0.24505680454833603,-0.4389674747174627
0.22325592593347895,-0.24818917488636827,-0.42716122532017337
0.23005983115036913,-0.2512344706932436,-0.41364103432522
0.23690376915795888,-0.25418079740307903,-0.3984405826518188
0.24379972553360768,-0.2570451949371774,-0.3911012043646757
0.25070316420766314,-0.2598530223209376,-0.377601664534228
0.25764560747072635,-0.262520763983287,-0.35471699493802283
0.2646463508190243,-0.2650263543451391,-0.331450761084698
0.2717022003303075,-0.26736043866682013,-0.3059377933605993
0.2788160090266167,-0.26951198528226905,-0.2805411871381372
0.2859817972892184,-0.27148334489795445,-0.2552170481645076
0.29319325514295985,-0.2732670155813477,-0.22820598519007373
0.30045087680868954,-0.27485234930197344,-0.2010220913641369
0.3077487131150194,-0.2762417111050075,-0.17405077447564082
0.3150788051943829,-0.277428293938748,-0.1453285241284767
0.3224402442084663,-0.2784013495521222,-0.11646122991671508
0.3298267023487752,-0.2791631749623221,-0.08779533189104824
0.3372289838097729,-0.279707711713081,-0.057382611410298746
0.34464450121606127,-0.2800240447756062,-0.026823911887437685
0.3520663774343856,-0.2801150477947898,0.0035330996459783785
0.3594841877326196,-0.27997572649241037,0.035636815515434975
0.3668935092508599,-0.27959583818219613,0.06788718647521619
0.3742871857473829,-0.27897909316709724,0.09993560132723191
0.38165353649397193,-0.2781213297795346,0.133731105894316
0.38898607415657244,-0.2770125774000584,0.16767163421855177
0.39627716972769694,-0.2756571619634692,0.20141058187633498
0.40351394019969367,-0.2740522788867473,0.23689638271392244
0.41068847439794137,-0.2721889897718549,0.2725266713241789
0.41779296920450615,-0.2700728933900325,0.30795786201860026
0.4248132325066502,-0.2677031035146826,0.34513570584072645
0.4317396154941487,-0.2650714193756348,0.3824593050051514
0.4385592877517946,-0.262182455277483,0.4211752030738338
0.44525983112230255,-0.259027780030463,0.46028648752831325
0.451833316243174,-0.2556157516376275,0.499044271153963
0.4582639777190194,-0.25194874137996875,0.539634365059063
0.46453907982328074,-0.24802139352491348,0.5803227522244184
0.47065022195690653,-0.24384327649974627,0.6208372309624809
0.47658147268437956,-0.23941905423601637,0.6630868251069734
0.4823187696524743,-0.234746067165417,0.7054848590143638
0.48785428082316906,-0.2298354911804354,0.7476827406479312
0.49317190652979875,-0.22469472729779127,0.7916260925455944
0.4982565154958182,-0.21932343082686037,0.8357106081502276
0.5031007530534574,-0.21373421546854582,0.8795994667102522
0.5076888024852959,-0.20793716287327377,0.9252330246012513
0.5120054201106564,-0.2019348679882149,0.9710107024805028
0.5160443745105224,-0.19574215700619427,1.016590924129601
0.5197912482110814,-0.18937248292366546,1.0639149624420545
0.5232304446773279,-0.18283160759293085,1.1113820223290467
0.5263571468526652,-0.17613548066046178,1.1586505421521611
0.5291627627500783,-0.1692987794092123,1.2060711843395113
0.5316410693434441,-0.16233660935352037,1.2533942006886991
0.5337868461365683,-0.1552649322258795,1.300776217031728
0.535595750124385,-0.14809959975491954,1.3481242556477242
0.5370639380821923,-0.14085673347148692,1.3954892227899776
0.5381880214803961,-0.133552439186246,1.4428464045993916
0.538964908236009,-0.12620307560752905,1.4902053748658681
0.53939232440398,-0.11882530484435985,1.5375631822393827
0.5394697147797388,-0.11143557566954972,1.5849239057017488
0.539197480668891,-0.10405049810321754,1.6322812934869002
0.5385799995085566,-0.09668298584927619,1.6780500905876752
0.5376294515594255,-0.08935089077667187,1.7235738819413315
0.5363446003277046,-0.08207026694403077,1.7693555117583675
0.5347317024794532,-0.07485158371433373,1.8133577896338615
0.5328049941576514,-0.06771047274387984,1.8572322196143076
0.5305653855111644,-0.06066137226688628,1.9013000183658475
0.5280185277277529,-0.053717218634794145,1.945213970979296
0.5251690231846611,-0.046891717247833156,1.9892288666847446
0.5220221573997591,-0.04019802675941336,2.033186371516154
0.5185840546851362,-0.033649254604162376,2.0771744155363954
0.5148612100652503,-0.027258204513358208,2.121145421552755
0.5108609127593032,-0.021036842684510695,2.165123119230503
0.5065910845396606,-0.014997330424446046,2.209097110278512
0.5020598504786385,-0.009151297309908242,2.253073550921437
0.49727585061050755,-0.0035102660249431896,2.29704964406426
0.4922593324749066,0.001990597434686962,2.317117991784727
0.4871661988162472,0.007401382226318958,2.341007656768218
0.4819117316337444,0.012629593938476524,2.3777075481283627
0.4764741742229909,0.017669267291049787,2.4121675843337633
0.4708639148610587,0.022517977414740837,2.4466324575824068
0.4650928702222546,0.027181128689377308,2.478464283064194
0.4591767629357035,0.031663034607519805,2.5090936814326317
0.4531268609920913,0.03596861909370775,2.5377925094975127
0.4469574844490177,0.04009249177718336,2.568864270984043
0.44065716744863126,0.04404005304751572,2.593253230946288
0.4342708476799273,0.04785513498259809,2.6144867137692986
0.4278014023166246,0.0515315893361158,2.6353756175934526
0.4212583860323826,0.055084037553564044,2.6536496052220144
0.41465074109141886,0.058520372917115974,2.670786252765169
0.4079851963745777,0.06185084800191579,2.6859258378579236
0.40127402675989576,0.06506593511345525,2.705902271251243
0.39449010171384147,0.06816033503145037,2.719135872026171
0.3876705462593541,0.07119627766155003,2.726777566787358
0.3808259061861509,0.07418007347309107,2.734085937122233
0.37395981656169575,0.0771243612166369,2.738889582380088
0.36707871417927507,0.08004052008890128,2.7424478913375103
0.3601867064232516,0.0829397704676769,2.7440854206096663
0.35329333467603663,0.08581929629332027,2.7489341911728444
0.34637672408528203,0.0886810710837737,2.7468250115341473
0.339471574704322,0.09158374362637231,2.740929138491893
0.3325802943603087,0.09452387416855973,2.7347811898882295
0.32570810167226216,0.0975186905997121,2.725982816999248
0.31886276576542316,0.1005727857189265,2.717651075301852
0.3120429243832569,0.10368387287508879,2.709155887886591
0.3052487221515184,0.10685787939769757,2.699112843720237
0.2984879503150534,0.11010283005992977,2.6888237159817945
0.29176035366551817,0.11341559241074724,2.6787825348964307
0.28506572203298064,0.11680181098280135,2.6669732852219887
0.27841266487858307,0.12026915210274865,2.655028336599104
0.271800805268372,0.12381434906798641,2.6432792615960814
0.2652306180040534,0.12744282624161227,2.6297857068983252
0.25871137266449196,0.13116197195766813,2.616145555264376
0.25224281617996136,0.13496827433201652,2.602706788251877
0.24582579141312857,0.13886717032015294,2.5875210813963254
0.23947001941867369,0.14286542257046575,2.5721910058580044
0.23317548430995358,0.14695920468172924,2.557060470985587
0.22694362675174898,0.15115373623757242,2.5401837650683534
0.22078506304629167,0.15545512032998549,2.5231633971061456
0.21469967800270892,0.15985919070354307,2.5063406998098254
0.2086896295301476,0.1643709589222978,2.4877733012412677
0.20276606686549808,0.16899574075748103,2.4690607054460783
0.1969292329274035,0.1737291541700033,2.4505468492266522
0.1911817884068526,0.17857586888650265,2.430287319129649
0.18553529145521672,0.1835400342743976,2.4098832311841507
0.17999030643532596,0.188617070188062,2.389677453984843
0.1745500274056387,0.19381095000483387,2.367725933408593
0.16922709356569635,0.19912502173106286,2.34563120511583
0.16402240867521703,0.20455912225687614,2.3221410633801383
0.1589498584066294,0.21011711668328084,2.298257158887932
0.1540098475429082,0.21579276475527165,2.274725243357401
0.14920683106404817,0.22158916453050845,2.2493624074112515
0.1445544001101801,0.22750709718100842,2.223897204486151
0.1400529197524429,0.23354047153064295,2.1986118377939627
0.13570762189654592,0.23969128571232487,2.1715889721321613
0.13153203604563116,0.24595873037724303,2.1444164839549145
0.12752712716529765,0.2523362622095394,2.117447050060079
0.12369828852579134,0.2588248946018175,2.0887297231312925
0.12005987398839955,0.2654220481943774,2.059868517378726
0.11661216197160379,0.27212071659948583,2.031206635453788
0.11336087194563012,0.2789205743444191,2.0007991109362306
0.1103203847100131,0.28581731467644467,1.9702447192537684
0.10749040331623418,0.29280286292677377,1.9398923295320958
0.1048771483864144,0.29987587539395744,1.9077927874904574
0.10249480402665956,0.3070299525690786,1.8755488417560038
0.10034276045753769,0.31425643155779304,1.843505321626952
0.09842746345388487,0.3215526170915,1.8097162622783818
0.09676257265007902,0.3289100917985501,1.7757816888142686
0.09534672866455193,0.3363193470960286,1.74204738362497
0.09418614058578578,0.34377615240074116,1.7065667666986306
0.09329327135786318,0.3512698240373079,1.6709405596663802
0.09266617155141703,0.3587902207491644,1.6355153274287013
0.09231051390871395,0.36633169564008244,1.5983444078794664
0.09223803330253025,0.3738810124973014,1.561028793135922
0.09244576167169224,0.38142762567203803,1.5239139984185173
0.09293889160029568,0.3889642960853324,1.4850523766875838
0.093727459311427,0.3964761427749865,1.4460453933181943
0.09480650469675773,0.40395155916645187,1.4072375179082832
0.09618016128739618,0.41138176795336967,1.366683720302761
0.0978565062460361,0.4187495659528189,1.3259846381457299
0.09982931120036258,0.4260433410070346,1.285487000208008
0.10210164012494682,0.43325283823671806,1.243243065481034
0.1046792828460387,0.44035890225383023,1.2008558379362586
0.10755432474814251,0.44734980916675654,1.158666281419582
0.11072770999673491,0.45421412907541936,1.1147310958728318
0.11420199910469869,0.4609312323168594,1.0706509213503381
0.11796715609159159,0.4674894607074171,1.0267698376768113
0.12191151991410232,0.4738542878693696,1.0126396078723936
0.12589911117799057,0.48021036233150566,1.0036792319030154
0.13001810690193927,0.4865078114595356,0.9782092914295093
0.134306674352135,0.49270422558495763,0.9497765486336721
0.13881130380404577,0.4987667460019765,0.9105682895614324
0.14357713230296065,0.5046437978858722,0.8647629236488459
0.14863006363822467,0.5102876750907945,0.8136970871472454
0.15396610383987427,0.5156640004012489,0.7630080808527117
0.15956696677753218,0.5207640872118838,0.7123146644638639
0.16542427218464809,0.5255726177043495,0.6599454899933695
0.17152648189657368,0.5300664590619991,0.6074165800054749
0.17785493706258468,0.5342353649237273,0.555084222352682
0.18439831028849898,0.5380641411256544,0.5010125222864562
0.191140908133764,0.5415301758708209,0.4467928269937048
0.19806045762005192,0.5446268457510506,0.39277359441982285
0.20514207265938805,0.5473424308857211,0.3370111812053111
0.21236437010342005,0.5496578525589515,0.28110384146857686
0.21970826302393615,0.5515646984658471,0.22380648169573739
0.2271467423408535,0.5530463832563954,0.16770429170939002
0.2346553713813399,0.5541134789077695,0.11219887171740817
0.2422122413507984,0.5547585715262391,0.05618862909724585
0.2497901581042169,0.5549855788301993,0.0021093430548112173
0.2573691792063748,0.5548067600900739,-0.05192429710538309
0.2649273690745737,0.5542174209800899,-0.1061092905338165
0.27244249483981575,0.5532198932846699,-0.1601583659257406
0.2798926257458191,0.5518164982073522,-0.21430008557578453
0.2872556881701894,0.5500118860557248,-0.2683915082314483
0.29451077758932376,0.5478116678952986,-0.32250865375760446
0.30163641284681253,0.5452231060177316,-0.37661311052473484
0.30861181694805945,0.5422535812302874,-0.4307245331131857
0.3154164433777621,0.5389110418963406,-0.4848306219050457
0.32203009199862825,0.5352049150446333,-0.5389372587512287
0.32843315477181717,0.5311459060512306,-0.5930440500236772
0.3346068919050787,0.5267513641436322,-0.6455649882086048
0.34054386724157415,0.5220468368159313,-0.6962437108919455
0.3462368715104519,0.5170544120924471,-0.7453483649434259
0.35168060464887224,0.5117958564636963,-0.7926909242951692
0.3568713911682219,0.506291724554261,-0.8383790264340375
0.361805311406837,0.5005522380286218,-0.8855516886873761
0.36646397831157346,0.49460287414044685,-0.9267513423788789
0.3708878750403861,0.48848163065700034,-0.9650006461826509
0.3750720028530143,0.4821967315600727,-1.0027087291212984
0.37902365928927995,0.47576770267173524,-1.037939774269315
0.38274872951277067,0.46920787659935076,-1.0719529316553895
0.38625311746093893,0.4625314868227036,-1.1040118218912902
0.3895355152703294,0.4557328231239466,-1.140895436121544
0.3925668140348066,0.44883440336137453,-1.1710662362257864
0.39541433211864263,0.4418670261776834,-1.1955758988991863
0.39808871099087795,0.43483329274435617,-1.2198113808402646
0.4005998844182269,0.42774383865632803,-1.24151629528358
0.40295992537074726,0.4206056191010984,-1.2619888522227247
0.4051788233176403,0.4134259074710374,-1.2805356617186874
0.4072657757243454,0.4062066387362212,-1.299095051405859
0.40921715349302273,0.39894959113384804,-1.3177488014076961
0.4110367076544893,0.3916615259617503,-1.334719764136755
0.41273540934487063,0.3843443965135413,-1.3515091468113367
0.4143095825828382,0.37699927996622373,-1.3685183685317195
0.41576271455147684,0.36963256639224956,-1.38377269751012
0.4171060112271249,0.3622451285654444,-1.398883253193647
0.41833576085938023,0.35483778367377244,-1.4141954807908426
0.41945631847360365,0.34741642264754385,-1.4277621170527866
0.42047903060000186,0.33998104178850497,-1.441180567826796
0.4214039373461911,0.33253582443831375,-1.4532135194872828
0.4222433877529038,0.32508081145926054,-1.4648401873321317
0.42299376027357677,0.31761596095092254,-1.4768294968787543
0.42365941320626693,0.31014647548068947,-1.4869825091727347
0.424251786949721,0.3026709462937488,-1.4970344849454222
0.42476710496985404,0.2951895776053919,-1.507267505627672
0.425210558889473,0.28770692845255674,-1.515763489336605
0.4255933521552341,0.2802209325384241,-1.5241074634194305
0.4259120951648841,0.272731690705576,-1.5326576554149667
0.42617180906408153,0.26524348323369645,-1.539459709244038
0.42638322541811136,0.2577537679295211,-1.5461141326531795
0.42654327190848756,0.25026260253882787,-1.5529723694236544
0.4266567240618902,0.24277388065522848,-1.558083094641204
0.42673481745096875,0.23528476693670225,-1.5630470458528585
0.4267739672629711,0.22779524645696203,-1.5682135554452155
0.4267794049873742,0.22030899413049865,-1.5716333123612918
0.4267620874614185,0.21282278317705502,-1.5749056575522753
0.4267187332725941,0.2053365339140645,-1.578381480150488
0.42665423381556705,0.1978536521649536,-1.580110688811158
0.426579338117981,0.19037092893079088,-1.581691140817149
0.4264908279427307,0.18288811898759927,-1.5834770684533075
0.42639393518184787,0.17540880934031267,-1.5835145871893879
0.42629966492587396,0.16792947504273373,-1.583404373608526
0.42620464228430394,0.1604499714157858,-1.583498875547831
0.42611407982407584,0.15297374542199935,-1.5818451912491944
0.42603864573535805,0.14549738335581439,-1.5800448049389162
0.42597491410110644,0.1380207474371099,-1.578447036376701
0.4259281330907073,0.13054733298562993,-1.575102800552146
0.42590910436075013,0.12307380800273329,-1.5716105996925938
0.42591469158002865,0.11560013225453426,-1.5683221163421615
0.42594980738467814,0.10812985200187775,-1.563287122412303
0.4260249868327936,0.10065988856344145,-1.558103316756397
0.42613731662141974,0.09319025746860067,-1.553124481657295
0.42629157423509784,0.08572467674385303,-1.546397539271365
0.4264985915214834,0.07826040762102382,-1.5395229933727368
0.42675546395136343,0.0707974995015325,-1.532852918028125
0.42706694726769695,0.06333995113983708,-1.5244351211788167
0.4274441068998368,0.05588547919666763,-1.515869727552001
0.42788339495975514,0.04843426867519257,-1.507508098142674
0.4283898291294341,0.04099064700575197,-1.4974001710898428
0.42897412392194334,0.033552795380261416,-1.4871431737288268
0.42963318094353753,0.026120892268873572,-1.4770909084356114
0.4303714277703125,0.018699866630355118,-1.4652911989901367
0.43120005992004884,0.011288434332656822,-1.4533438329741015
0.4321155254350036,0.003887157683224639,-1.4416007368935202
0.4331222530940826,-0.003498899806892299,-1.4281100487058012
0.43423098574469227,-0.010870285549265682,-1.4144713556560564
0.43543855141801013,-0.018226288213823168,-1.4010368318776318
0.436749129467143,-0.02556128195920744,-1.3858546985524203
0.43817337811073737,-0.03287505117082934,-1.3705253575586798
0.4397114480435683,-0.04016267715170939,-1.353809367402728
0.4413751820044838,-0.047422335656480005,-1.336687938729405
0.44316079165762673,-0.054653326605771796,-1.3199282170567967
0.44506863523320545,-0.06185274545946171,-1.302923504863182
0.4470979941075179,-0.06901899694901506,-1.2860648327444242
0.44924805829352643,-0.0761498097224036,-1.2691261465583756
0.4515183575347808,-0.08324331930018161,-1.2522283118669297
0.4539082095935334,-0.09029746504990153,-1.235310962409377
0.4564170843620587,-0.09731018688947626,-1.218402877095389
0.4590442352236774,-0.10427951827175148,-1.2014910052256593
0.4617889447614332,-0.11120343168844236,-1.1845812230468749
0.4646504242779333,-0.11807991273264465,-1.1676709687412907
0.46762780486613564,-0.12490701681700396,-1.1507607423939814
0.4707202058229667,-0.13168283654188667,-1.1338503558060316
0.4739267198685648,-0.13840537592914395,-1.1169400218017715
0.4772442385049755,-0.1450774252201519,-1.1016208321136354
0.4806606428293601,-0.15169936809142684,-1.0865460556581228
0.4841780690766744,-0.15826800816542377,-1.0712131962825846
0.4877928842237059,-0.16478732241410365,-1.0576571548093183
0.4914933302223376,-0.17125837728163343,-1.0442303129059538
0.49528178314058735,-0.17767815866797512,-1.0306116703859574
0.49915656359724153,-0.18404634630197442,-1.017142993121547
0.5031171806847798,-0.19036140013103378,-1.0035776719042109
0.5071629351808408,-0.19662234643810103,-0.9900679730385481
0.5112929799208588,-0.20282799881068095,-0.9765286358630744
0.5155066357655408,-0.20897724183507857,-0.9630044790051824
0.5198031111955126,-0.2150689605517532,-0.949473347020964
0.5241816993443831,-0.22110196571840462,-0.935945379412333
0.5286414758078586,-0.22707518286395,-0.922416218685055
0.5331816360157456,-0.23298752486367863,-0.9088874881035114
0.5378012723907619,-0.23883789474040928,-0.8953587669689052
0.5424996110027712,-0.24462527921747487,-0.8818301466860745
0.5472758074788157,-0.2503485784857356,-0.8683013010481333
0.5521290051210407,-0.2560067282329346,-0.8547722692286774
0.5570583460542425,-0.2615986669802983,-0.8412430543310351
0.5620628884318938,-0.26712337886575066,-0.8277137847091933
0.567141766725716,-0.27257981365712886,-0.814184537301924
0.5722940781490494,-0.2779670038836111,-0.8006552850996634
0.5775186483162481,-0.2832839977697954,-0.7871257815370513
0.5828146385534926,-0.2885299174723757,-0.7735962389617007
0.5881810784752111,-0.2937037660530051,-0.7600665501434247
0.5936170263802895,-0.2988045597548718,-0.7465371493496933
0.5991215144806051,-0.30383132065435337,-0.7330080405907958
0.6046935895002767,-0.30878311037912914,-0.719478943122386
0.6103322188996267,-0.31365898183772023,-0.7059498941768425
0.6160363134459935,-0.31845813728237937,-0.6924208843358145
0.6218047506558458,-0.3231796956538355,-0.6788918360632995
0.6276366506967996,-0.3278228813785792,-0.6653628250153559
0.6335306411884697,-0.33238674053582834,-0.651833364642897
0.6394859002968569,-0.33687039098338695,-0.6383039792605426
0.6455012711772531,-0.3412730124417311,-0.624774198711286
0.6515755996367782,-0.34559384006813054,-0.6112444865052075
0.6577078062365811,-0.3498321097272988,-0.5977147646266235
0.6638967740606909,-0.35398705552616777,-0.5841850292150395
0.6701414349087655,-0.3580578694292333,-0.5706552720223779
0.6764406131495108,-0.36204381048078715,-0.5571255739191746
0.682793178869994,-0.3659441717846749,-0.5435958978563553
0.6891979577973669,-0.3697582767280008,-0.5300664318777755
0.6956537490503952,-0.37348532134080864,-0.5165370299204163
0.7021593693548679,-0.3771246899560393,-0.503007783278996
0.7087136321373951,-0.3806757649976689,-0.48947862642684764
0.715315336670715,-0.3841378971253461,-0.47594942304209914
0.7219632761667267,-0.3875104411855157,-0.462420233990102
0.7286562299927745,-0.39079274344121334,-0.44889098762437685
0.7353929738812595,-0.39398418819075176,-0.43536168679851034
0.7421723187419103,-0.3970841236826465,-0.42183229299552116
0.7489929820045365,-0.40009198453145234,-0.4083027769670892
0.7558537888797209,-0.4030071961756268,-0.39477312377056806
0.7627532856742846,-0.4058293335120939,-0.38124329701368465
0.7696902347254571,-0.40855788470058535,-0.36771334097225966
0.7766635160404366,-0.4111922872435283,-0.3541833757081835
0.7836718450879305,-0.4137321356125023,-0.3406533795152706
0.7907139005621352,-0.4161769813524825,-0.32712347966797817
0.7977883272457788,-0.4185265292314423,-0.3135937233361108
0.8048940311985804,-0.4207801209283273,-0.300063958503183
0.8120295626578395,-0.4229374193760473,-0.2865341783279408
0.8191935390709484,-0.42499791826531563,-0.2730047801080074
0.8263847667158444,-0.4269612222014431,-0.25947540354041626
0.8336019018395078,-0.42882708326558294,-0.24594621185231336
0.8408436269916576,-0.43059513212348494,-0.23241707911319434
0.8481086216134246,-0.43226503655538506,-0.21888772277652344
0.8553956066585003,-0.4338365025249906,-0.20535853932669196
0.862703102190187,-0.4353093812110763,-0.19182936841085374
0.8700299095871157,-0.4366832079908332,-0.1782998826592049
0.8773746058242251,-0.43795776384699836,-0.1647703182271381
0.8847358181766873,-0.43913287047037947,-0.15124063190487994
0.8921122678584049,-0.44020819898379054,-0.1377109042139245
0.8995026101948859,-0.44118349111866245,-0.12418111135474716
0.9069054745794434,-0.4420586318606335,-0.11065146360173106
0.9143195595689035,-0.4428335183310231,-0.09712174263786984
0.9217434652179433,-0.443508024769253,-0.08359213030032982
0.9291757786620828,-0.4440820850802307,-0.07006262887279564
0.936615126385085,-0.44455567308639937,-0.056533147090677215
0.944060173647347,-0.4449287218875648,-0.04300360343768191
0.9515095997364749,-0.4452010335539221,-0.029474161335281805
0.9589620361266775,-0.44537266086874827,-0.015944630195759552
0.9664161681244611,-0.4454433816444771,-0.0024152224033852964
0.9738705875317389,-0.44541322114540305,0.011114317186664844
0.9813239723529033,-0.4452821149324007,0.02464379927372874
0.9887748429972368,-0.4450501522261547,0.03817328729781929
0.9962218704506401,-0.44471738163752994,0.05170275157809363
1.0036636852498497,-0.4442838967444659,0.06523216942263514
1.011098952086336,-0.4437497351843311,0.0787616068417152
1.0185263144641021,-0.44311500366188505,0.09229100923316391
1.0259444205322101,-0.44237984527377194,0.10582040474103932
1.03335192859212,-0.44154440036871334,0.11934974740062182
1.040747468083075,-0.44060877261483883,0.13287909942220263
1.0481296842125474,-0.4395732301210113,0.14640850154014792
1.055497206895343,-0.43843793461734615,0.15993760955684141
1.0628486860518465,-0.4372030541506476,0.17346690608214949
1.0701828151721877,-0.4358688170481143,0.18699616309923497
1.0774981932599905,-0.4344355486382405,0.20052568031915402
1.0847935199348404,-0.4329035052187902,0.21405511445038472
1.0920673869370714,-0.4312728548932741,0.22758478636488233
1.0993184994130476,-0.4295439731763123,0.24111454278942668
1.1065455719848307,-0.42771720665420654,0.2546443847029859
1.113747290661283,-0.4257928833716997,0.2681744003319752
1.1209223388556235,-0.4237713311676107,0.2817043807759348
1.1280693803962776,-0.42165288994863664,0.2952341694788147
1.1351870983528154,-0.41943785005518097,0.30876379683495503
1.1422741955933005,-0.4171266599332849,0.32229331660389576
1.1493293939726181,-0.4147197162159251,0.33582265725569116
1.156351336698686,-0.4122174441565694,0.34935195930748797
1.1633388033920307,-0.40962037578503124,0.36288121742103563
1.1702905504594476,-0.40692899289570655,0.376410438275848
1.1772052849716221,-0.40414390740911565,0.38993982460336674
1.184081670197405,-0.4012655822037026,0.4034693237181908
1.1909185215539568,-0.39829471245006304,0.41699880694225444
1.197714526236991,-0.3952315715947351,0.43052837436901925
1.2044683632978563,-0.3920767308850988,0.4440579600878806
1.2111788597659272,-0.388830763502016,0.45758765788559586
1.2178448304136156,-0.3854942751965326,0.4711174093821888
1.2244651035478666,-0.38206783692762564,0.4846472774533546
1.2310384812287727,-0.3785521825139939,0.4981774294837368
1.2375636780715373,-0.374947935483809,0.5117075423523552
1.2440395191724432,-0.37125586873164074,0.5252376797333281
1.2504648029679064,-0.3674764248390034,0.5387678327097263
1.256838310256855,-0.36361043017538913,0.552297967013754
1.2631589496123825,-0.35965852302179707,0.5658278425146968
1.2694254830589955,-0.35562140871191616,0.5793575640868377
1.2756368283636028,-0.3514998210770095,0.5928871916421301
1.2817918808331312,-0.3472945370409978,0.6064166153252246
1.2878895292655173,-0.3430063763784709,0.6199461814415818
1.2939286192968567,-0.3386361957300457,0.6334756261910252
1.29990808295647,-0.3341847815454173,0.6470053286792458
1.3058268162292688,-0.329652805315317,0.6605353410554379
1.311683582024668,-0.3250412276364664,0.6740657161419616
1.317477291606838,-0.3203508265435182,0.6875960146562292
1.3232069188670803,-0.3155824127703159,0.7011261912675562
1.328871468602729,-0.31073691350379845,0.7146566060252906
1.3344700963150877,-0.3058152795275335,0.7281867209829986
1.3400018020378777,-0.30081835527543743,0.7417173020633333
1.345465390078392,-0.2957470991012993,0.7552474851687254
1.3508598467031783,-0.29060232977983114,0.7687777260527698
1.3561841406941817,-0.2853850327081745,0.7823075401004635
1.361437254161364,-0.28009608402882447,0.7958373804850787
1.3666183082638397,-0.274736535685318,0.8093671582618732
1.371726347783971,-0.269307284061025,0.8228970881530332
1.3767604605826642,-0.26380945102379644,0.836427146971813
1.381719828463592,-0.2582441095978006,0.8499570654663929
1.3866034968384549,-0.25261224267333776,0.8634872447831335
1.3914105681641686,-0.2469148732815132,0.8770177461152346
1.3961401735022374,-0.2411528845703225,0.8905482395389381
1.4007913050364194,-0.23532749649159831,0.9040790228360244
1.4053630784645603,-0.22943970527914534,0.9176096143755786
1.4098547109670196,-0.2234905512159427,0.9311401840505116
1.414265385479571,-0.21748113998640795,0.9446706941543138
1.4185943268701713,-0.21141257314729875,0.9582013904576321
1.42284079168298,-0.20528603024546907,0.9717320828504642
1.4270041075618083,-0.1991026392374284,0.9852628119000688
1.4310834753512414,-0.1928634928645995,0.9987933468346666
1.4350781109879618,-0.18656971816835266,1.0123232586495945
1.4389872076204284,-0.18022238738690763,1.0258533830368344
1.4428099957734262,-0.1738226801154343,1.0393836058742563
1.44654580449894,-0.16737183341949627,1.052913441468097
1.4501940073007231,-0.16087104194429577,1.066443344807494
1.4537539364665513,-0.154321560822856,1.0799731416611114
1.4572248803302443,-0.14772445693203934,1.0935031168878728
1.4606062097013304,-0.14108103132765995,1.107033382939761
1.4638973444487946,-0.1343924716470994,1.1205642236793953
1.4670976333571568,-0.1276600479033977,1.1340950630920388
1.4702065421851764,-0.12088492852705873,1.1476259766509465
1.473223557330235,-0.1140684420439786,1.1611569801187875
1.4761481107141028,-0.10721170821669737,1.1746878357813304
1.4789795848068323,-0.10031599544138704,1.1882190518117575
1.4817174597856724,-0.09338251420142245,1.2017500828370273
1.4843613335192638,-0.0864127081671482,1.2152808747885344
1.486910608426565,-0.07940777109119584,1.2288113125439124
1.4893648980471201,-0.07236900099680507,1.2423414966363593
1.4917237143764075,-0.0652976093387708,1.2558716439669273
1.4939867093232078,-0.05819497324297959,1.2694019043878153
1.4961534826014928,-0.05106236696324008,1.2829316673309636
1.4982235558926402,-0.043901038023477806,1.2964618368903025
1.500196557276699,-0.03671233914852295,1.3099919405886828
1.5020720784704569,-0.029497598395722593,1.3235220037965396
1.5038497660220287,-0.022258118116581568,1.3370525165376852
1.5055293367842186,-0.014995304126159242,1.350582916925969
1.5071104295433204,-0.007710435540153016,1.364113387923483
1.5085927801832393,-0.0004048868632090003,1.377643914006567
1.5099761220171741,0.006920020587950753,1.3911743582168887
1.5112601387534794,0.014262971679755591,1.4047049799351592
1.5124446771132602,0.02162260653376185,1.4182356785448935
1.5135295954099228,0.028997577718416965,1.4317662843350936
1.5145147168827122,0.03638657808179127,1.4452969077564746
1.5153998470362784,0.04378827390294317,1.458827547615206
1.5161847568908535,0.05120131526499274,1.4723580538210925
1.5168693421222623,0.05862436060902427,1.4858885287929944
1.5174534706311509,0.06605599059783478,1.4994189007926761
1.5179370189672237,0.07349481337423301,1.512949255157359
1.5183198704427463,0.0809394423919911,1.526479447063024
1.5186019281552918,0.08838851754143383,1.5400096363381006
1.5187831173599116,0.09584073445356954,1.5535398650981107
1.5188633764275883,0.10329473007971897,1.5670700883973263
1.5188426801464532,0.110749216630113,1.5806004298897947
1.5187212572977526,0.11820268768417011,1.5941307145040366
1.5184990685533537,0.12565378928611273,1.6076611594574468
1.5181761096343531,0.1331012196559063,1.6211915701844617
1.5177523405021398,0.14054363494989708,1.6347218658407916
1.5172278855980892,0.14797965817384232,1.6482520353185843
1.5166028430814666,0.15540790717436326,1.661782085330768
1.5158772840351562,0.16282703252900133,1.6753121409639946
1.5150513990218983,0.17023565921222497,1.68884228985628
1.514125321070676,0.17763246680147107,1.702372283788117
1.5130993579048162,0.18501597004643772,1.7159024365298965
1.5119737234261268,0.19238486687589904,1.7294327249344679
1.5107485758456078,0.19973785719099474,1.742963234821333
1.50942410914653,0.2070736236297335,1.7564937390782533
1.5080005526895879,0.21439082414072688,1.7700246944221174
1.5064780925405186,0.22168809021614766,1.7835550558967845
1.5048569538150405,0.2289640907377029,1.7970855892903062
1.503137443907929,0.23621748919286012,1.8106161031656194
1.5013198122732798,0.24344700798651206,1.8241466810352203
1.4994045494832131,0.2506512547834876,1.8376773018477262
1.4973919689752135,0.2578288830727552,1.8512077584078392
1.495282505346611,0.2649785944701001,1.8647377804870904
1.4930765267433315,0.27209913383918055,1.8782678269725297
1.4907744106905065,0.27918919712392876,1.8917981778976156
1.488376570512765,0.28624749462575555,1.905328147844918
1.4858834741955929,0.2932727145359945,1.9188580872914003
1.4832955616492558,0.30026357799874154,1.9323877205875113
1.4806133568760917,0.30721877702523775,1.9459175693147603
1.4778372717608599,0.3141370568781443,1.9594475145707204
1.4749678291061459,0.321017100635469,1.9729779134375791
1.4720055991753687,0.3278576918027286,1.9865085542542658
1.4689511572166625,0.334657551115489,2.000039422270354
1.4658049304658662,0.3414154210928594,2.013570291483924
1.4625675399392322,0.3481300817741757,2.027101029381435
1.4592395821109114,0.3548003119662389,2.0406321164155163
1.4558217129545816,0.36142492136416193,2.0541632250756567
1.4523145724230628,0.36800270719134687,2.0676940300861415
1.4487187633249412,0.37453247139725965,2.0812245231058384
1.4450348759359588,0.3810129798739019,2.094754833371573
1.4412635702133325,0.3874430629755564,2.1082852080991583
1.4374055894350586,0.3938215470920592,2.121815454642785
1.4334615567697213,0.4001472138945961,2.135345774870441
1.4294323068658825,0.4064189262683237,2.1488761177089546
1.4253186389735173,0.4126355514861242,2.1624062480515223
1.421121362685912,0.41879600896563085,2.1759365999352
1.4168411313996374,0.42489913893581,2.1894671737128024
1.412478730015534,0.4309437351590903,2.202997700899238
1.4080349061294521,0.4369287382871713,2.2165283145104353
1.4035104948395185,0.4428530388693198,2.2300587496032533
1.3989062779385346,0.4487155910268164,2.243589560870576
1.3942232324042794,0.4545153214669913,2.2571204205280724
1.3894621676724048,0.46025113556849123,2.270651512606918
1.3846239480348552,0.46592201858852933,2.2841826974174175
1.3797094056191708,0.4715268908188545,2.297713730785325
1.374719416104737,0.4770646751147311,2.3112446605419
1.369654950165797,0.48253446854577364,2.3247754896177746
1.364516947739449,0.4879352683893312,2.3383062142151703
1.3593062466417665,0.4932661569636602,2.351836811281069
1.354023967677943,0.4985261017593601,2.3653675976865447
1.3486710931677164,0.5037141053994487,2.378898015413807
1.3432484658445178,0.508829082035232,2.392428578264523
1.3377570753503154,0.5138701231913333,2.405959197725381
1.3321980198590346,0.5188364093137988,2.4194899941475274
1.3265723274742827,0.5237270780303244,2.433020916149831
1.3208809731613644,0.5285412889822164,2.446552176292508
1.3151249238145524,0.53327800315202,2.46008339949759
1.3093053392791068,0.5379363271627143,2.473614687170997
1.3034232782552344,0.5425154758808316,2.4871460334409763
1.2974797933190363,0.5470146465678164,2.5006772202221703
1.2914760140501327,0.5514329943566377,2.5142083718498234
1.285413005677303,0.555769743515237,2.5277392460591948
1.279291829118364,0.5600240393624415,2.5412700751987263
1.273113595534521,0.5641950990233016,2.5548007835806765
1.2668794812574145,0.5682821931359162,2.5683314530453036
1.260590635831802,0.572284602783614,2.5818621162645865
1.2542482200454135,0.5762015813839447,2.5953928721326536
1.2478533488596955,0.5800323505274921,2.608923666542341
1.2414071979821117,0.5837762429961314,2.6224546135684625
1.2349110639966612,0.587432586936819,2.635985684104632
1.2283661081966506,0.5910006640112474,2.6495168930892037
1.2217734854417006,0.594479797071157,2.663048136962276
1.2151343515312767,0.5978693894700898,2.676579544359675
1.2084499392105497,0.6011687762093015,2.6901109728981405
1.2017214771234617,0.6043774285307997,2.70364255505107
1.1949502883132352,0.607494769501913,2.717173904872928
1.1881375416006499,0.6105202602149803,2.730705317314216
1.1812844117002594,0.613453364085267,2.7442365837280143
1.1743922072467978,0.6162934676056167,2.75776776122014
1.1674621846424773,0.6190400042129082,2.771298738897667
1.160495645214367,0.6216925678401886,2.7848295734126833
1.1534938880029686,0.624250711617469,2.79836030216885
1.146458198712129,0.6267139612492842,2.811891171627286
1.1393898133046059,0.629081774315051,2.8254219210441947
1.1322899743919639,0.6313536663276456,2.838952765996463
1.1251600126852888,0.6335291974429987,2.8524835722797035
1.1180011847869564,0.635608014932473,2.866014522724943
1.1108149160885117,0.6375897708018845,2.8795455127417915
1.1036026025966508,0.6394741016012672,2.8930766660051086
1.0963654906440468,0.6412606837166782,2.9066080221620956
1.0891048400779373,0.6429490994277486,2.920139457819022
1.0818220353091041,0.6445391246334922,2.9336707134749322
1.074518334837283,0.6460304378933878,2.9472019757119696
1.0671951384185059,0.6474228365879184,2.9607333821454
1.059853776480566,0.6487160883204047,2.9742646325186204
1.0524955797871671,0.6499099498715823,2.9877958984276143
1.0451218802629967,0.6510041695226657,3.0013269839711008
1.037734060836667,0.651998494375689,3.0148579889859835
1.0303334409772533,0.6528927914149898,3.0283889212359054
1.0229213792946346,0.6536868481265812,3.0419197406651337
1.0154992549116586,0.6543805515539667,3.055450736504677
1.0080684326476201,0.654973824713462,3.068981613671577
1.0006302860152705,0.655466541708146,3.082512636220495
0.9931861394743399,0.6558585737836653,3.0960436234590616
0.9857373555887288,0.6561498405493685,3.109574710086677
0.9782853141821966,0.6563402146537513,3.1231057752032783
0.9708313660219464,0.6564296246546036,3.136636845153753
0.9633768982931598,0.6564180992229968,-3.133017487787624
0.9559232856051347,0.6563057137271237,-3.1194865468125594
0.9484718962907831,0.6560925319245072,-3.1059556049999704
0.9410240773857839,0.655778569099818,-3.092424652403333
0.933581175165003,0.6553638111810273,-3.07889379824522
0.9261445667118742,0.6548484280115177,-3.065362875141466
0.9187156109219102,0.6542325166833246,-3.051831977433545
0.9112956428549196,0.6535161665535444,-3.038300912337127
0.9038860037355131,0.6526994697231265,-3.024769779577083
0.896488168922921,0.6517827789582916,-3.0112387218399435
0.8891033696549787,0.6507661436468059,-2.9977075217758093
0.8817330413269356,0.6496496322262351,-2.984176303088476
0.8743785140344347,0.6484335011495976,-2.9706450410729635
0.867041100667274,0.647117886703894,-2.9571138627643405
0.8597221895599394,0.6457030733172661,-2.9435825485855407
0.8524230846604938,0.6441892363923939,-2.9300515043905753
0.8451451429526613,0.6425767630073455,-2.916520374897623
0.8378896801116306,0.6408659886159933,-2.9029893414769004
0.8306579789896101,0.6390573135421769,-2.8894582835394416
0.8234514128155735,0.6371509765695146,-2.875927408093475
0.8162712743326285,0.635147254756425,-2.8623966446902145
0.8091189044538133,0.6330465061495928,-2.848866003176861
0.8019956161187964,0.6308491221511701,-2.835335388383651
0.7949026905992795,0.6285555360898766,-2.8218046447611216
0.7878414570864873,0.6261662552512154,-2.808273784393523
0.7808132098294637,0.623681695210306,-2.794742673281938
0.773819261760395,0.6211023291897263,-2.781211407091617
0.7668608899792891,0.6184285582206022,-2.767680104689897
0.7599393609347603,0.6156608595769806,-2.754148525585472
0.7530559162304591,0.6127998293215702,-2.7406170070191505
0.7462117952978411,0.6098459941906338,-2.727085451886784
0.7394082429559526,0.6067998583632283,-2.713553946729853
0.7326465101985373,0.6036618824182369,-2.7000225639285667
0.7259278786142817,0.6004326202886605,-2.686491288232249
0.7192535639492514,0.5971126992956847,-2.672960140124314
0.7126247556790911,0.5937027373384226,-2.6594290737859088
0.7060426963110787,0.5902032829673791,-2.645897965436329
0.6995085926171787,0.5866151476752691,-2.632366854530249
0.6930236215361891,0.5829388800369025,-2.618835702333779
0.6865889810477251,0.5791753013067487,-2.605304644524271
0.6802058821081183,0.575325049014119,-2.591773595591865
0.6738754659188877,0.5713887680547173,-2.5782424332347103
0.6675988936948564,0.5673671645175339,-2.5647111959661815
0.6613772902877445,0.5632611487619968,-2.5511798375172976
0.6552118058675392,0.5590713224429035,-2.537648427663941
0.6491036275295696,0.5547984240638033,-2.5241168895523387
0.6430538696625745,0.5504432070313214,-2.5105853437495576
0.6370636303359576,0.5460064770056908,-2.497053695443337
0.6311339450876645,0.5414891250027742,-2.4835219476402655
0.6252659140604789,0.536891967683923,-2.469990194081818
0.6194605848746433,0.5322158475626907,-2.456458506456989
0.6137190276212334,0.5274616004195753,-2.4429269205323405
0.6080423242825314,0.5226300238418101,-2.42939543380687
0.6024315190425825,0.5177221009768563,-2.4158640392444046
0.596887626302401,0.5127387293956325,-2.4023328661828365
0.5914116742439135,0.5076807961973978,-2.3888016557657723
0.5860047137972108,0.5025492013224249,-2.3752704863153817
0.5806677204043026,0.49734482675836844,-2.361739091066305
0.5754016529714728,0.4920688622847858,-2.348207645546325
0.5702074324911696,0.4867221381143384,-2.33467581344906
0.5650860286707567,0.48130563068628157,-2.321143744910189
0.560038412523031,0.47582026028502383,-2.3076117143002484
0.5550654679142294,0.47026709259387484,-2.2940794919445495
0.5501681192985749,0.46464712217079174,-2.280547384804831
0.5453472282837982,0.45896143447518967,-2.267015203582401
0.540603663380255,0.45321109168743307,-2.253483296562382
0.5359383146035145,0.44739714863063335,-2.239951538343966
0.5313521065573541,0.4415205382438093,-2.22642006736292
0.5268459814170439,0.4355823453107888,-2.2128887584102945
0.5224206492001715,0.42958364509100655,-2.19935762695248
0.5180768998970231,0.4235255438905812,-2.1858263985292017
0.5138154672722304,0.41740920624468514,-2.1722948745501705
0.5096371014042822,0.4112358254527559,-2.158763528842234
0.5055425314515385,0.40500653276397197,-2.145231804029442
0.5015326500737317,0.39872240308839607,-2.131699802006472
0.49760819114089455,0.39238459332609255,-2.1181677022908736
0.4937698610263653,0.38599428421479764,-2.1046355506318903
0.49001840487732895,0.37955259176380257,-2.0911033047647734
0.48635451979135286,0.3730608093477854,-2.0775711426191115
0.48277897249219404,0.3665200486161269,-2.0640390217653817
0.479292293000569,0.35993146485076233,-2.050506881914609
0.47589503211308737,0.35329630883067625,-2.036974525930466
0.47258773126939635,0.34661583449348077,-2.0234422967219743
0.4693710436528953,0.3398911941503954,-2.009910440440049
0.46624560498107226,0.3331236053130917,-1.9963783508542163
0.46321203769415226,0.3263142672651377,-1.9828464545650484
0.4602709365817742,0.31946448107697484,-1.9693146944384636
0.4574227912123458,0.3125754865994049,-1.9557831783886863
0.45466808599814756,0.30564856940578017,-1.9422518170590084
0.45200736866261526,0.298685039382713,-1.9287204562144487
0.4494411334024954,0.2916861982354768,-1.9151891837040387
0.44696988510836627,0.2846533059794469,-1.901657830749008
0.44459411087235745,0.2775876350632226,-1.8881261456661884
0.44231424470154257,0.27049047194103376,-1.8745941938676622
0.44013062318985724,0.2633630921605538,-1.86106234685217
0.43804350167770734,0.2562068416561436,-1.8475300629684712
0.4360533492746282,0.24902298185384794,-1.833997471150691
0.434160518430374,0.24181279282772272,-1.8204648828494934
0.4323654953280543,0.2345777060596994,-1.8069323810193876
0.43066863294389424,0.22731900116297138,-1.7934002292992752
0.42907024809500893,0.22003799042168146,-1.7798682390685017
0.4275705652465592,0.21273600280511293,-1.7663365314240755
0.42616971719932367,0.2054144087758343,-1.7528048521703223
0.42486794364105973,0.1980745158283517,-1.7392732013507777
0.42366554916400634,0.19071770191122603,-1.7257414695878168
0.4225627777755817,0.18334524050902495,-1.7122098094017761
0.42155987709066295,0.17595850053000364,-1.6986781850276482
0.42065704077862237,0.16855886407250467,-1.6851464210258131
0.41985445352070466,0.16114766244192602,-1.6716145783416065
0.4191522159791496,0.15372632096327524,-1.6580828533631287
0.41855052468900134,0.1462961515415675,-1.6445511415944962
0.41804946508760943,0.13885855059642824,-1.631019349577214
0.41764912795894316,0.131414874988786,-1.6174876648538008
0.41734965937424207,0.12396646440124781,-1.603955908708826
0.41715104099926625,0.11651469112737532,-1.5904241245508768
0.41705321704328285,0.10906093810170303,-1.5768923845718072
0.41705619597221966,0.10160651801971926,-1.5633605703485633
0.4171599624107312,0.09415279813216673,-1.5498287337614596
0.417364516839954,0.08670113186464931,-1.5362969182777444
0.4176699254616862,0.07925287983098994,-1.5227652163388596
0.4180759965858148,0.07180942145908754,-1.5092333708978216
0.41858276449245013,0.06437217255780973,-1.495701703070333
0.41919014765129453,0.05694246231705536,-1.4821697744158153
0.41989799833819397,0.04952171069522811,-1.4686379515895063
0.4207062015080897,0.04211127476121367,-1.4551059901455112
0.42161465134976045,0.03471246251025082,-1.4415741365126218
0.4226231329140061,0.027326618787641508,-1.4280420776232965
0.4237314839688038,0.01995507293288769,-1.414510073594517
0.4249394604270419,0.012599178557941135,-1.4009780638644866
0.426246821907728,0.005260286552770184,-1.3874463584348355
0.42765342304728593,-0.0020602532860920955,-1.37391476989573
0.42915893473200517,-0.009361104932006896,-1.3603833385253055
0.43076321319577954,-0.01664099630931913,-1.3468518432949856
0.43246584004570465,-0.023898473451299695,-1.333320479365287
0.4339889396860216,-0.03029361921750488,-1.3501089699599842
0.4350548343650366,-0.035405641186755064,-1.3805115358986575
0.43578162192750236,-0.039398219510049765,-1.4029165189933726
0.43629635610298445,-0.04265399441476614,-1.427335917384605
0.4366619419565616,-0.045346449530844206,-1.4450729817604115
0.43691409136376097,-0.04745768439852289,-1.4601386938413694
0.4370770202258756,-0.04899247450600925,-1.470576062797046
0.4371701919217146,-0.0499447365697234,-1.4772696129337382
0.437205088756664,-0.05031556552352178,-1.4798563994748615
0.4372053830492714,-0.05031560707394595,-1.4798379088863203
0.43720538772178413,-0.050315604273476505,-1.4797811156335319
0.4372052717666025,-0.05031563755492871,-1.4798398899688654
0.4372048992197663,-0.050315609550029276,-1.4797970426230558
0.43720469448373733,-0.05031559846726563,-1.4798232085454923
0.4372045959582983,-0.05031549971481857,-1.4798083915876965
0.43720469900656,-0.05031543688180512,-1.4798161619467687
0.4372048714152991,-0.05031538396436898,-1.4798124810633733
0.4372050350602474,-0.05031539622816763,-1.4798143266220218
0.43720507213533194,-0.050315442022873566,-1.4798135911779855
0.4372049401283045,-0.05031550192487427,-1.4798138027908598
0.43720481398966005,-0.050315534725967115,-1.4798136113833085
0.4372048098163033,-0.05031556785362377,-1.4798136329094507
0.4372048386064571,-0.05031553226851404,-1.4798136467665584
0.43720489811700425,-0.05031551209575908,-1.4798136755770928
0.4372049320450522,-0.050315499981152104,-1.4798137027013656
0.4372048886989294,-0.050315503560419826,-1.479813663535609
0.43720486693494504,-0.05031551336761704,-1.4798136464855822
0.4372048610748271,-0.05031551529000669,-1.479813639020936
0.43720486326377594,-0.050315510921103535,-1.4798136333985175
0.43720491790217164,-0.05031560453205493,-1.4798136619426652
0.4372049615500028,-0.05031573543978226,-1.4798136778102622
0.4372049364777529,-0.05031574719340068,-1.4798136567177764
0.43720484722682035,-0.05031570465288542,-1.4798135951681708
0.43720476481554027,-0.05031561785736165,-1.479813547255243
0.4372047331866995,-0.05031550090469058,-1.4798135273414474
0.43720482237841696,-0.05031542078435298,-1.479813583494863
0.43720496996778363,-0.050315439858315346,-1.4798136745624206
0.43720500370279664,-0.05031550550672432,-1.4798136886543847
0.43720499920257166,-0.05031560808709353,-1.4798136723127742
0.43720494262197235,-0.050315648338794074,-1.479813629863091
0.43720487090996485,-0.050315634736694335,-1.4798135799045482
0.43720480367867703,-0.05031557569267737,-1.4798135389705673
0.43720477390664775,-0.05031550604061832,-1.4798135191375947
0.43720481338012923,-0.05031546529176676,-1.4798135411449922
0.4372048657613166,-0.050315526255695395,-1.4798135689750331
0.4372049031272981,-0.050315528535993075,-1.4798135846980978
0.43720490969986514,-0.05031553861124644,-1.4798135884940948
0.43720487640071837,-0.050315513464234664,-1.4798135602553972
0.43720485204773857,-0.050315614046239444,-1.4798135399047159
0.4372048763942336,-0.050315648432467885,-1.4798135428256307
0.4372049015157863,-0.050315642014810306,-1.4798135543829833
0.4372049247143379,-0.05031577768441744,-1.4798135595112492
0.4372049271902714,-0.05031572501560989,-1.4798135572685436
0.437204918578363,-0.05031563063361413,-1.479813554216824
0.4372049056610069,-0.05031556890661184,-1.4798135475883913
