[0.250s] DEBUG:colcon:Command line arguments: ['/usr/bin/colcon', 'build', '--parallel-workers', '2', '--executor', 'sequential', '--mixin', 'debug']
[0.250s] DEBUG:colcon:Parsed command line arguments: Namespace(log_base=None, log_level=None, verb_name='build', build_base='build', install_base='install', merge_install=False, symlink_install=False, test_result_base=None, continue_on_error=False, executor='sequential', parallel_workers=2, event_handlers=None, ignore_user_meta=False, metas=['./colcon.meta'], base_paths=['.'], packages_ignore=None, packages_ignore_regex=None, paths=None, packages_up_to=None, packages_up_to_regex=None, packages_above=None, packages_above_and_dependencies=None, packages_above_depth=None, packages_select_by_dep=None, packages_skip_by_dep=None, packages_skip_up_to=None, packages_select_build_failed=False, packages_skip_build_finished=False, packages_select_test_failures=False, packages_skip_test_passed=False, packages_select=None, packages_skip=None, packages_select_regex=None, packages_skip_regex=None, packages_start=None, packages_end=None, allow_overriding=[], cmake_args=['-DCMAKE_BUILD_TYPE=Debug'], cmake_target=None, cmake_target_skip_unavailable=False, cmake_clean_cache=False, cmake_clean_first=False, cmake_force_configure=False, ament_cmake_args=None, catkin_cmake_args=None, catkin_skip_building_tests=False, mixin_files=None, mixin=['debug'], verb_parser=<colcon_mixin.mixin.mixin_argument.MixinArgumentDecorator object at 0x7dd871c53580>, verb_extension=<colcon_core.verb.build.BuildVerb object at 0x7dd871d9c3a0>, main=<bound method BuildVerb.main of <colcon_core.verb.build.BuildVerb object at 0x7dd871d9c3a0>>, mixin_verb=('build',))
[0.460s] Level 1:colcon.colcon_core.package_discovery:discover_packages(colcon_meta) check parameters
[0.460s] Level 1:colcon.colcon_core.package_discovery:discover_packages(recursive) check parameters
[0.460s] Level 1:colcon.colcon_core.package_discovery:discover_packages(ignore) check parameters
[0.460s] Level 1:colcon.colcon_core.package_discovery:discover_packages(path) check parameters
[0.460s] Level 1:colcon.colcon_core.package_discovery:discover_packages(colcon_meta) discover
[0.460s] Level 1:colcon.colcon_core.package_discovery:discover_packages(recursive) discover
[0.460s] INFO:colcon.colcon_core.package_discovery:Crawling recursively for packages in '/home/jone/ws_moveit'
[0.460s] Level 1:colcon.colcon_core.package_identification:_identify(.) by extensions ['ignore', 'ignore_ament_install']
[0.460s] Level 1:colcon.colcon_core.package_identification:_identify(.) by extension 'ignore'
[0.460s] Level 1:colcon.colcon_core.package_identification:_identify(.) by extension 'ignore_ament_install'
[0.461s] Level 1:colcon.colcon_core.package_identification:_identify(.) by extensions ['colcon_pkg']
[0.461s] Level 1:colcon.colcon_core.package_identification:_identify(.) by extension 'colcon_pkg'
[0.461s] Level 1:colcon.colcon_core.package_identification:_identify(.) by extensions ['colcon_meta']
[0.461s] Level 1:colcon.colcon_core.package_identification:_identify(.) by extension 'colcon_meta'
[0.461s] Level 1:colcon.colcon_core.package_identification:_identify(.) by extensions ['ros']
[0.461s] Level 1:colcon.colcon_core.package_identification:_identify(.) by extension 'ros'
[0.470s] Level 1:colcon.colcon_core.package_identification:_identify(.) by extensions ['cmake', 'python']
[0.470s] Level 1:colcon.colcon_core.package_identification:_identify(.) by extension 'cmake'
[0.470s] Level 1:colcon.colcon_core.package_identification:_identify(.) by extension 'python'
[0.470s] Level 1:colcon.colcon_core.package_identification:_identify(.) by extensions ['python_setup_py']
[0.470s] Level 1:colcon.colcon_core.package_identification:_identify(.) by extension 'python_setup_py'
[0.470s] Level 1:colcon.colcon_core.package_identification:_identify(build) by extensions ['ignore', 'ignore_ament_install']
[0.470s] Level 1:colcon.colcon_core.package_identification:_identify(build) by extension 'ignore'
[0.470s] Level 1:colcon.colcon_core.package_identification:_identify(build) ignored
[0.470s] Level 1:colcon.colcon_core.package_identification:_identify(install) by extensions ['ignore', 'ignore_ament_install']
[0.470s] Level 1:colcon.colcon_core.package_identification:_identify(install) by extension 'ignore'
[0.470s] Level 1:colcon.colcon_core.package_identification:_identify(install) ignored
[0.470s] Level 1:colcon.colcon_core.package_identification:_identify(log) by extensions ['ignore', 'ignore_ament_install']
[0.470s] Level 1:colcon.colcon_core.package_identification:_identify(log) by extension 'ignore'
[0.471s] Level 1:colcon.colcon_core.package_identification:_identify(log) ignored
[0.471s] Level 1:colcon.colcon_core.package_identification:_identify(src) by extensions ['ignore', 'ignore_ament_install']
[0.471s] Level 1:colcon.colcon_core.package_identification:_identify(src) by extension 'ignore'
[0.471s] Level 1:colcon.colcon_core.package_identification:_identify(src) by extension 'ignore_ament_install'
[0.471s] Level 1:colcon.colcon_core.package_identification:_identify(src) by extensions ['colcon_pkg']
[0.471s] Level 1:colcon.colcon_core.package_identification:_identify(src) by extension 'colcon_pkg'
[0.471s] Level 1:colcon.colcon_core.package_identification:_identify(src) by extensions ['colcon_meta']
[0.471s] Level 1:colcon.colcon_core.package_identification:_identify(src) by extension 'colcon_meta'
[0.471s] Level 1:colcon.colcon_core.package_identification:_identify(src) by extensions ['ros']
[0.471s] Level 1:colcon.colcon_core.package_identification:_identify(src) by extension 'ros'
[0.471s] Level 1:colcon.colcon_core.package_identification:_identify(src) by extensions ['cmake', 'python']
[0.471s] Level 1:colcon.colcon_core.package_identification:_identify(src) by extension 'cmake'
[0.471s] Level 1:colcon.colcon_core.package_identification:_identify(src) by extension 'python'
[0.471s] Level 1:colcon.colcon_core.package_identification:_identify(src) by extensions ['python_setup_py']
[0.471s] Level 1:colcon.colcon_core.package_identification:_identify(src) by extension 'python_setup_py'
[0.471s] Level 1:colcon.colcon_core.package_identification:_identify(src/hello_moveit) by extensions ['ignore', 'ignore_ament_install']
[0.471s] Level 1:colcon.colcon_core.package_identification:_identify(src/hello_moveit) by extension 'ignore'
[0.471s] Level 1:colcon.colcon_core.package_identification:_identify(src/hello_moveit) by extension 'ignore_ament_install'
[0.471s] Level 1:colcon.colcon_core.package_identification:_identify(src/hello_moveit) by extensions ['colcon_pkg']
[0.472s] Level 1:colcon.colcon_core.package_identification:_identify(src/hello_moveit) by extension 'colcon_pkg'
[0.472s] Level 1:colcon.colcon_core.package_identification:_identify(src/hello_moveit) by extensions ['colcon_meta']
[0.472s] Level 1:colcon.colcon_core.package_identification:_identify(src/hello_moveit) by extension 'colcon_meta'
[0.472s] Level 1:colcon.colcon_core.package_identification:_identify(src/hello_moveit) by extensions ['ros']
[0.472s] Level 1:colcon.colcon_core.package_identification:_identify(src/hello_moveit) by extension 'ros'
[0.474s] DEBUG:colcon.colcon_core.package_identification:Package 'src/hello_moveit' with type 'ros.ament_cmake' and name 'hello_moveit'
[0.474s] Level 1:colcon.colcon_core.package_identification:_identify(src/launch_param_builder) by extensions ['ignore', 'ignore_ament_install']
[0.474s] Level 1:colcon.colcon_core.package_identification:_identify(src/launch_param_builder) by extension 'ignore'
[0.474s] Level 1:colcon.colcon_core.package_identification:_identify(src/launch_param_builder) by extension 'ignore_ament_install'
[0.474s] Level 1:colcon.colcon_core.package_identification:_identify(src/launch_param_builder) by extensions ['colcon_pkg']
[0.474s] Level 1:colcon.colcon_core.package_identification:_identify(src/launch_param_builder) by extension 'colcon_pkg'
[0.474s] Level 1:colcon.colcon_core.package_identification:_identify(src/launch_param_builder) by extensions ['colcon_meta']
[0.474s] Level 1:colcon.colcon_core.package_identification:_identify(src/launch_param_builder) by extension 'colcon_meta'
[0.474s] Level 1:colcon.colcon_core.package_identification:_identify(src/launch_param_builder) by extensions ['ros']
[0.474s] Level 1:colcon.colcon_core.package_identification:_identify(src/launch_param_builder) by extension 'ros'
[0.475s] DEBUG:colcon.colcon_core.package_identification:Package 'src/launch_param_builder' with type 'ros.ament_python' and name 'launch_param_builder'
[0.475s] Level 1:colcon.colcon_core.package_identification:_identify(src/moveit2) by extensions ['ignore', 'ignore_ament_install']
[0.475s] Level 1:colcon.colcon_core.package_identification:_identify(src/moveit2) by extension 'ignore'
[0.475s] Level 1:colcon.colcon_core.package_identification:_identify(src/moveit2) by extension 'ignore_ament_install'
[0.475s] Level 1:colcon.colcon_core.package_identification:_identify(src/moveit2) by extensions ['colcon_pkg']
[0.475s] Level 1:colcon.colcon_core.package_identification:_identify(src/moveit2) by extension 'colcon_pkg'
[0.475s] Level 1:colcon.colcon_core.package_identification:_identify(src/moveit2) by extensions ['colcon_meta']
[0.475s] Level 1:colcon.colcon_core.package_identification:_identify(src/moveit2) by extension 'colcon_meta'
[0.475s] Level 1:colcon.colcon_core.package_identification:_identify(src/moveit2) by extensions ['ros']
[0.475s] Level 1:colcon.colcon_core.package_identification:_identify(src/moveit2) by extension 'ros'
[0.475s] Level 1:colcon.colcon_core.package_identification:_identify(src/moveit2) by extensions ['cmake', 'python']
[0.475s] Level 1:colcon.colcon_core.package_identification:_identify(src/moveit2) by extension 'cmake'
[0.476s] Level 1:colcon.colcon_core.package_identification:_identify(src/moveit2) by extension 'python'
[0.476s] Level 1:colcon.colcon_core.package_identification:_identify(src/moveit2) by extensions ['python_setup_py']
[0.476s] Level 1:colcon.colcon_core.package_identification:_identify(src/moveit2) by extension 'python_setup_py'
[0.476s] Level 1:colcon.colcon_core.package_identification:_identify(src/moveit2/doc) by extensions ['ignore', 'ignore_ament_install']
[0.476s] Level 1:colcon.colcon_core.package_identification:_identify(src/moveit2/doc) by extension 'ignore'
[0.476s] Level 1:colcon.colcon_core.package_identification:_identify(src/moveit2/doc) by extension 'ignore_ament_install'
[0.476s] Level 1:colcon.colcon_core.package_identification:_identify(src/moveit2/doc) by extensions ['colcon_pkg']
[0.476s] Level 1:colcon.colcon_core.package_identification:_identify(src/moveit2/doc) by extension 'colcon_pkg'
[0.477s] Level 1:colcon.colcon_core.package_identification:_identify(src/moveit2/doc) by extensions ['colcon_meta']
[0.477s] Level 1:colcon.colcon_core.package_identification:_identify(src/moveit2/doc) by extension 'colcon_meta'
[0.477s] Level 1:colcon.colcon_core.package_identification:_identify(src/moveit2/doc) by extensions ['ros']
[0.477s] Level 1:colcon.colcon_core.package_identification:_identify(src/moveit2/doc) by extension 'ros'
[0.477s] Level 1:colcon.colcon_core.package_identification:_identify(src/moveit2/doc) by extensions ['cmake', 'python']
[0.477s] Level 1:colcon.colcon_core.package_identification:_identify(src/moveit2/doc) by extension 'cmake'
[0.477s] Level 1:colcon.colcon_core.package_identification:_identify(src/moveit2/doc) by extension 'python'
[0.477s] Level 1:colcon.colcon_core.package_identification:_identify(src/moveit2/doc) by extensions ['python_setup_py']
[0.477s] Level 1:colcon.colcon_core.package_identification:_identify(src/moveit2/doc) by extension 'python_setup_py'
[0.477s] Level 1:colcon.colcon_core.package_identification:_identify(src/moveit2/moveit) by extensions ['ignore', 'ignore_ament_install']
[0.477s] Level 1:colcon.colcon_core.package_identification:_identify(src/moveit2/moveit) by extension 'ignore'
[0.477s] Level 1:colcon.colcon_core.package_identification:_identify(src/moveit2/moveit) by extension 'ignore_ament_install'
[0.477s] Level 1:colcon.colcon_core.package_identification:_identify(src/moveit2/moveit) by extensions ['colcon_pkg']
[0.477s] Level 1:colcon.colcon_core.package_identification:_identify(src/moveit2/moveit) by extension 'colcon_pkg'
[0.477s] Level 1:colcon.colcon_core.package_identification:_identify(src/moveit2/moveit) by extensions ['colcon_meta']
[0.477s] Level 1:colcon.colcon_core.package_identification:_identify(src/moveit2/moveit) by extension 'colcon_meta'
[0.477s] Level 1:colcon.colcon_core.package_identification:_identify(src/moveit2/moveit) by extensions ['ros']
[0.477s] Level 1:colcon.colcon_core.package_identification:_identify(src/moveit2/moveit) by extension 'ros'
[0.478s] DEBUG:colcon.colcon_core.package_identification:Package 'src/moveit2/moveit' with type 'ros.ament_cmake' and name 'moveit'
[0.478s] Level 1:colcon.colcon_core.package_identification:_identify(src/moveit2/moveit_commander) by extensions ['ignore', 'ignore_ament_install']
[0.478s] Level 1:colcon.colcon_core.package_identification:_identify(src/moveit2/moveit_commander) by extension 'ignore'
[0.478s] Level 1:colcon.colcon_core.package_identification:_identify(src/moveit2/moveit_commander) ignored
[0.478s] Level 1:colcon.colcon_core.package_identification:_identify(src/moveit2/moveit_common) by extensions ['ignore', 'ignore_ament_install']
[0.478s] Level 1:colcon.colcon_core.package_identification:_identify(src/moveit2/moveit_common) by extension 'ignore'
[0.478s] Level 1:colcon.colcon_core.package_identification:_identify(src/moveit2/moveit_common) by extension 'ignore_ament_install'
[0.478s] Level 1:colcon.colcon_core.package_identification:_identify(src/moveit2/moveit_common) by extensions ['colcon_pkg']
[0.478s] Level 1:colcon.colcon_core.package_identification:_identify(src/moveit2/moveit_common) by extension 'colcon_pkg'
[0.479s] Level 1:colcon.colcon_core.package_identification:_identify(src/moveit2/moveit_common) by extensions ['colcon_meta']
[0.479s] Level 1:colcon.colcon_core.package_identification:_identify(src/moveit2/moveit_common) by extension 'colcon_meta'
[0.479s] Level 1:colcon.colcon_core.package_identification:_identify(src/moveit2/moveit_common) by extensions ['ros']
[0.479s] Level 1:colcon.colcon_core.package_identification:_identify(src/moveit2/moveit_common) by extension 'ros'
[0.479s] DEBUG:colcon.colcon_core.package_identification:Package 'src/moveit2/moveit_common' with type 'ros.ament_cmake' and name 'moveit_common'
[0.479s] Level 1:colcon.colcon_core.package_identification:_identify(src/moveit2/moveit_configs_utils) by extensions ['ignore', 'ignore_ament_install']
[0.479s] Level 1:colcon.colcon_core.package_identification:_identify(src/moveit2/moveit_configs_utils) by extension 'ignore'
[0.479s] Level 1:colcon.colcon_core.package_identification:_identify(src/moveit2/moveit_configs_utils) by extension 'ignore_ament_install'
[0.479s] Level 1:colcon.colcon_core.package_identification:_identify(src/moveit2/moveit_configs_utils) by extensions ['colcon_pkg']
[0.480s] Level 1:colcon.colcon_core.package_identification:_identify(src/moveit2/moveit_configs_utils) by extension 'colcon_pkg'
[0.480s] Level 1:colcon.colcon_core.package_identification:_identify(src/moveit2/moveit_configs_utils) by extensions ['colcon_meta']
[0.480s] Level 1:colcon.colcon_core.package_identification:_identify(src/moveit2/moveit_configs_utils) by extension 'colcon_meta'
[0.480s] Level 1:colcon.colcon_core.package_identification:_identify(src/moveit2/moveit_configs_utils) by extensions ['ros']
[0.480s] Level 1:colcon.colcon_core.package_identification:_identify(src/moveit2/moveit_configs_utils) by extension 'ros'
[0.480s] DEBUG:colcon.colcon_core.package_identification:Package 'src/moveit2/moveit_configs_utils' with type 'ros.ament_python' and name 'moveit_configs_utils'
[0.480s] Level 1:colcon.colcon_core.package_identification:_identify(src/moveit2/moveit_core) by extensions ['ignore', 'ignore_ament_install']
[0.480s] Level 1:colcon.colcon_core.package_identification:_identify(src/moveit2/moveit_core) by extension 'ignore'
[0.480s] Level 1:colcon.colcon_core.package_identification:_identify(src/moveit2/moveit_core) by extension 'ignore_ament_install'
[0.480s] Level 1:colcon.colcon_core.package_identification:_identify(src/moveit2/moveit_core) by extensions ['colcon_pkg']
[0.481s] Level 1:colcon.colcon_core.package_identification:_identify(src/moveit2/moveit_core) by extension 'colcon_pkg'
[0.481s] Level 1:colcon.colcon_core.package_identification:_identify(src/moveit2/moveit_core) by extensions ['colcon_meta']
[0.481s] Level 1:colcon.colcon_core.package_identification:_identify(src/moveit2/moveit_core) by extension 'colcon_meta'
[0.481s] Level 1:colcon.colcon_core.package_identification:_identify(src/moveit2/moveit_core) by extensions ['ros']
[0.481s] Level 1:colcon.colcon_core.package_identification:_identify(src/moveit2/moveit_core) by extension 'ros'
[0.484s] DEBUG:colcon.colcon_core.package_identification:Package 'src/moveit2/moveit_core' with type 'ros.ament_cmake' and name 'moveit_core'
[0.485s] Level 1:colcon.colcon_core.package_identification:_identify(src/moveit2/moveit_experimental) by extensions ['ignore', 'ignore_ament_install']
[0.485s] Level 1:colcon.colcon_core.package_identification:_identify(src/moveit2/moveit_experimental) by extension 'ignore'
[0.485s] Level 1:colcon.colcon_core.package_identification:_identify(src/moveit2/moveit_experimental) ignored
[0.485s] Level 1:colcon.colcon_core.package_identification:_identify(src/moveit2/moveit_kinematics) by extensions ['ignore', 'ignore_ament_install']
[0.485s] Level 1:colcon.colcon_core.package_identification:_identify(src/moveit2/moveit_kinematics) by extension 'ignore'
[0.485s] Level 1:colcon.colcon_core.package_identification:_identify(src/moveit2/moveit_kinematics) by extension 'ignore_ament_install'
[0.485s] Level 1:colcon.colcon_core.package_identification:_identify(src/moveit2/moveit_kinematics) by extensions ['colcon_pkg']
[0.486s] Level 1:colcon.colcon_core.package_identification:_identify(src/moveit2/moveit_kinematics) by extension 'colcon_pkg'
[0.486s] Level 1:colcon.colcon_core.package_identification:_identify(src/moveit2/moveit_kinematics) by extensions ['colcon_meta']
[0.486s] Level 1:colcon.colcon_core.package_identification:_identify(src/moveit2/moveit_kinematics) by extension 'colcon_meta'
[0.486s] Level 1:colcon.colcon_core.package_identification:_identify(src/moveit2/moveit_kinematics) by extensions ['ros']
[0.486s] Level 1:colcon.colcon_core.package_identification:_identify(src/moveit2/moveit_kinematics) by extension 'ros'
[0.493s] DEBUG:colcon.colcon_core.package_identification:Package 'src/moveit2/moveit_kinematics' with type 'ros.ament_cmake' and name 'moveit_kinematics'
[0.494s] Level 1:colcon.colcon_core.package_identification:_identify(src/moveit2/moveit_planners) by extensions ['ignore', 'ignore_ament_install']
[0.494s] Level 1:colcon.colcon_core.package_identification:_identify(src/moveit2/moveit_planners) by extension 'ignore'
[0.494s] Level 1:colcon.colcon_core.package_identification:_identify(src/moveit2/moveit_planners) by extension 'ignore_ament_install'
[0.494s] Level 1:colcon.colcon_core.package_identification:_identify(src/moveit2/moveit_planners) by extensions ['colcon_pkg']
[0.494s] Level 1:colcon.colcon_core.package_identification:_identify(src/moveit2/moveit_planners) by extension 'colcon_pkg'
[0.494s] Level 1:colcon.colcon_core.package_identification:_identify(src/moveit2/moveit_planners) by extensions ['colcon_meta']
[0.494s] Level 1:colcon.colcon_core.package_identification:_identify(src/moveit2/moveit_planners) by extension 'colcon_meta'
[0.494s] Level 1:colcon.colcon_core.package_identification:_identify(src/moveit2/moveit_planners) by extensions ['ros']
[0.494s] Level 1:colcon.colcon_core.package_identification:_identify(src/moveit2/moveit_planners) by extension 'ros'
[0.494s] Level 1:colcon.colcon_core.package_identification:_identify(src/moveit2/moveit_planners) by extensions ['cmake', 'python']
[0.494s] Level 1:colcon.colcon_core.package_identification:_identify(src/moveit2/moveit_planners) by extension 'cmake'
[0.494s] Level 1:colcon.colcon_core.package_identification:_identify(src/moveit2/moveit_planners) by extension 'python'
[0.494s] Level 1:colcon.colcon_core.package_identification:_identify(src/moveit2/moveit_planners) by extensions ['python_setup_py']
[0.494s] Level 1:colcon.colcon_core.package_identification:_identify(src/moveit2/moveit_planners) by extension 'python_setup_py'
[0.494s] Level 1:colcon.colcon_core.package_identification:_identify(src/moveit2/moveit_planners/chomp) by extensions ['ignore', 'ignore_ament_install']
[0.494s] Level 1:colcon.colcon_core.package_identification:_identify(src/moveit2/moveit_planners/chomp) by extension 'ignore'
[0.495s] Level 1:colcon.colcon_core.package_identification:_identify(src/moveit2/moveit_planners/chomp) by extension 'ignore_ament_install'
[0.495s] Level 1:colcon.colcon_core.package_identification:_identify(src/moveit2/moveit_planners/chomp) by extensions ['colcon_pkg']
[0.495s] Level 1:colcon.colcon_core.package_identification:_identify(src/moveit2/moveit_planners/chomp) by extension 'colcon_pkg'
[0.495s] Level 1:colcon.colcon_core.package_identification:_identify(src/moveit2/moveit_planners/chomp) by extensions ['colcon_meta']
[0.495s] Level 1:colcon.colcon_core.package_identification:_identify(src/moveit2/moveit_planners/chomp) by extension 'colcon_meta'
[0.495s] Level 1:colcon.colcon_core.package_identification:_identify(src/moveit2/moveit_planners/chomp) by extensions ['ros']
[0.495s] Level 1:colcon.colcon_core.package_identification:_identify(src/moveit2/moveit_planners/chomp) by extension 'ros'
[0.495s] Level 1:colcon.colcon_core.package_identification:_identify(src/moveit2/moveit_planners/chomp) by extensions ['cmake', 'python']
[0.495s] Level 1:colcon.colcon_core.package_identification:_identify(src/moveit2/moveit_planners/chomp) by extension 'cmake'
[0.495s] Level 1:colcon.colcon_core.package_identification:_identify(src/moveit2/moveit_planners/chomp) by extension 'python'
[0.495s] Level 1:colcon.colcon_core.package_identification:_identify(src/moveit2/moveit_planners/chomp) by extensions ['python_setup_py']
[0.495s] Level 1:colcon.colcon_core.package_identification:_identify(src/moveit2/moveit_planners/chomp) by extension 'python_setup_py'
[0.495s] Level 1:colcon.colcon_core.package_identification:_identify(src/moveit2/moveit_planners/chomp/chomp_interface) by extensions ['ignore', 'ignore_ament_install']
[0.495s] Level 1:colcon.colcon_core.package_identification:_identify(src/moveit2/moveit_planners/chomp/chomp_interface) by extension 'ignore'
[0.495s] Level 1:colcon.colcon_core.package_identification:_identify(src/moveit2/moveit_planners/chomp/chomp_interface) by extension 'ignore_ament_install'
[0.495s] Level 1:colcon.colcon_core.package_identification:_identify(src/moveit2/moveit_planners/chomp/chomp_interface) by extensions ['colcon_pkg']
[0.495s] Level 1:colcon.colcon_core.package_identification:_identify(src/moveit2/moveit_planners/chomp/chomp_interface) by extension 'colcon_pkg'
[0.495s] Level 1:colcon.colcon_core.package_identification:_identify(src/moveit2/moveit_planners/chomp/chomp_interface) by extensions ['colcon_meta']
[0.495s] Level 1:colcon.colcon_core.package_identification:_identify(src/moveit2/moveit_planners/chomp/chomp_interface) by extension 'colcon_meta'
[0.495s] Level 1:colcon.colcon_core.package_identification:_identify(src/moveit2/moveit_planners/chomp/chomp_interface) by extensions ['ros']
[0.495s] Level 1:colcon.colcon_core.package_identification:_identify(src/moveit2/moveit_planners/chomp/chomp_interface) by extension 'ros'
[0.496s] DEBUG:colcon.colcon_core.package_identification:Package 'src/moveit2/moveit_planners/chomp/chomp_interface' with type 'ros.ament_cmake' and name 'moveit_planners_chomp'
[0.496s] Level 1:colcon.colcon_core.package_identification:_identify(src/moveit2/moveit_planners/chomp/chomp_motion_planner) by extensions ['ignore', 'ignore_ament_install']
[0.496s] Level 1:colcon.colcon_core.package_identification:_identify(src/moveit2/moveit_planners/chomp/chomp_motion_planner) by extension 'ignore'
[0.496s] Level 1:colcon.colcon_core.package_identification:_identify(src/moveit2/moveit_planners/chomp/chomp_motion_planner) by extension 'ignore_ament_install'
[0.496s] Level 1:colcon.colcon_core.package_identification:_identify(src/moveit2/moveit_planners/chomp/chomp_motion_planner) by extensions ['colcon_pkg']
[0.496s] Level 1:colcon.colcon_core.package_identification:_identify(src/moveit2/moveit_planners/chomp/chomp_motion_planner) by extension 'colcon_pkg'
[0.496s] Level 1:colcon.colcon_core.package_identification:_identify(src/moveit2/moveit_planners/chomp/chomp_motion_planner) by extensions ['colcon_meta']
[0.496s] Level 1:colcon.colcon_core.package_identification:_identify(src/moveit2/moveit_planners/chomp/chomp_motion_planner) by extension 'colcon_meta'
[0.496s] Level 1:colcon.colcon_core.package_identification:_identify(src/moveit2/moveit_planners/chomp/chomp_motion_planner) by extensions ['ros']
[0.497s] Level 1:colcon.colcon_core.package_identification:_identify(src/moveit2/moveit_planners/chomp/chomp_motion_planner) by extension 'ros'
[0.497s] DEBUG:colcon.colcon_core.package_identification:Package 'src/moveit2/moveit_planners/chomp/chomp_motion_planner' with type 'ros.ament_cmake' and name 'chomp_motion_planner'
[0.497s] Level 1:colcon.colcon_core.package_identification:_identify(src/moveit2/moveit_planners/chomp/chomp_optimizer_adapter) by extensions ['ignore', 'ignore_ament_install']
[0.497s] Level 1:colcon.colcon_core.package_identification:_identify(src/moveit2/moveit_planners/chomp/chomp_optimizer_adapter) by extension 'ignore'
[0.497s] Level 1:colcon.colcon_core.package_identification:_identify(src/moveit2/moveit_planners/chomp/chomp_optimizer_adapter) by extension 'ignore_ament_install'
[0.497s] Level 1:colcon.colcon_core.package_identification:_identify(src/moveit2/moveit_planners/chomp/chomp_optimizer_adapter) by extensions ['colcon_pkg']
[0.497s] Level 1:colcon.colcon_core.package_identification:_identify(src/moveit2/moveit_planners/chomp/chomp_optimizer_adapter) by extension 'colcon_pkg'
[0.498s] Level 1:colcon.colcon_core.package_identification:_identify(src/moveit2/moveit_planners/chomp/chomp_optimizer_adapter) by extensions ['colcon_meta']
[0.498s] Level 1:colcon.colcon_core.package_identification:_identify(src/moveit2/moveit_planners/chomp/chomp_optimizer_adapter) by extension 'colcon_meta'
[0.498s] Level 1:colcon.colcon_core.package_identification:_identify(src/moveit2/moveit_planners/chomp/chomp_optimizer_adapter) by extensions ['ros']
[0.498s] Level 1:colcon.colcon_core.package_identification:_identify(src/moveit2/moveit_planners/chomp/chomp_optimizer_adapter) by extension 'ros'
[0.498s] DEBUG:colcon.colcon_core.package_identification:Package 'src/moveit2/moveit_planners/chomp/chomp_optimizer_adapter' with type 'ros.ament_cmake' and name 'moveit_chomp_optimizer_adapter'
[0.498s] Level 1:colcon.colcon_core.package_identification:_identify(src/moveit2/moveit_planners/moveit_planners) by extensions ['ignore', 'ignore_ament_install']
[0.498s] Level 1:colcon.colcon_core.package_identification:_identify(src/moveit2/moveit_planners/moveit_planners) by extension 'ignore'
[0.498s] Level 1:colcon.colcon_core.package_identification:_identify(src/moveit2/moveit_planners/moveit_planners) by extension 'ignore_ament_install'
[0.499s] Level 1:colcon.colcon_core.package_identification:_identify(src/moveit2/moveit_planners/moveit_planners) by extensions ['colcon_pkg']
[0.499s] Level 1:colcon.colcon_core.package_identification:_identify(src/moveit2/moveit_planners/moveit_planners) by extension 'colcon_pkg'
[0.499s] Level 1:colcon.colcon_core.package_identification:_identify(src/moveit2/moveit_planners/moveit_planners) by extensions ['colcon_meta']
[0.499s] Level 1:colcon.colcon_core.package_identification:_identify(src/moveit2/moveit_planners/moveit_planners) by extension 'colcon_meta'
[0.499s] Level 1:colcon.colcon_core.package_identification:_identify(src/moveit2/moveit_planners/moveit_planners) by extensions ['ros']
[0.499s] Level 1:colcon.colcon_core.package_identification:_identify(src/moveit2/moveit_planners/moveit_planners) by extension 'ros'
[0.499s] DEBUG:colcon.colcon_core.package_identification:Package 'src/moveit2/moveit_planners/moveit_planners' with type 'ros.ament_cmake' and name 'moveit_planners'
[0.499s] Level 1:colcon.colcon_core.package_identification:_identify(src/moveit2/moveit_planners/ompl) by extensions ['ignore', 'ignore_ament_install']
[0.499s] Level 1:colcon.colcon_core.package_identification:_identify(src/moveit2/moveit_planners/ompl) by extension 'ignore'
[0.499s] Level 1:colcon.colcon_core.package_identification:_identify(src/moveit2/moveit_planners/ompl) by extension 'ignore_ament_install'
[0.500s] Level 1:colcon.colcon_core.package_identification:_identify(src/moveit2/moveit_planners/ompl) by extensions ['colcon_pkg']
[0.500s] Level 1:colcon.colcon_core.package_identification:_identify(src/moveit2/moveit_planners/ompl) by extension 'colcon_pkg'
[0.500s] Level 1:colcon.colcon_core.package_identification:_identify(src/moveit2/moveit_planners/ompl) by extensions ['colcon_meta']
[0.500s] Level 1:colcon.colcon_core.package_identification:_identify(src/moveit2/moveit_planners/ompl) by extension 'colcon_meta'
[0.500s] Level 1:colcon.colcon_core.package_identification:_identify(src/moveit2/moveit_planners/ompl) by extensions ['ros']
[0.500s] Level 1:colcon.colcon_core.package_identification:_identify(src/moveit2/moveit_planners/ompl) by extension 'ros'
[0.501s] DEBUG:colcon.colcon_core.package_identification:Package 'src/moveit2/moveit_planners/ompl' with type 'ros.ament_cmake' and name 'moveit_planners_ompl'
[0.501s] Level 1:colcon.colcon_core.package_identification:_identify(src/moveit2/moveit_planners/pilz_industrial_motion_planner) by extensions ['ignore', 'ignore_ament_install']
[0.501s] Level 1:colcon.colcon_core.package_identification:_identify(src/moveit2/moveit_planners/pilz_industrial_motion_planner) by extension 'ignore'
[0.501s] Level 1:colcon.colcon_core.package_identification:_identify(src/moveit2/moveit_planners/pilz_industrial_motion_planner) by extension 'ignore_ament_install'
[0.501s] Level 1:colcon.colcon_core.package_identification:_identify(src/moveit2/moveit_planners/pilz_industrial_motion_planner) by extensions ['colcon_pkg']
[0.501s] Level 1:colcon.colcon_core.package_identification:_identify(src/moveit2/moveit_planners/pilz_industrial_motion_planner) by extension 'colcon_pkg'
[0.501s] Level 1:colcon.colcon_core.package_identification:_identify(src/moveit2/moveit_planners/pilz_industrial_motion_planner) by extensions ['colcon_meta']
[0.501s] Level 1:colcon.colcon_core.package_identification:_identify(src/moveit2/moveit_planners/pilz_industrial_motion_planner) by extension 'colcon_meta'
[0.501s] Level 1:colcon.colcon_core.package_identification:_identify(src/moveit2/moveit_planners/pilz_industrial_motion_planner) by extensions ['ros']
[0.501s] Level 1:colcon.colcon_core.package_identification:_identify(src/moveit2/moveit_planners/pilz_industrial_motion_planner) by extension 'ros'
[0.503s] DEBUG:colcon.colcon_core.package_identification:Package 'src/moveit2/moveit_planners/pilz_industrial_motion_planner' with type 'ros.ament_cmake' and name 'pilz_industrial_motion_planner'
[0.503s] Level 1:colcon.colcon_core.package_identification:_identify(src/moveit2/moveit_planners/pilz_industrial_motion_planner_testutils) by extensions ['ignore', 'ignore_ament_install']
[0.503s] Level 1:colcon.colcon_core.package_identification:_identify(src/moveit2/moveit_planners/pilz_industrial_motion_planner_testutils) by extension 'ignore'
[0.503s] Level 1:colcon.colcon_core.package_identification:_identify(src/moveit2/moveit_planners/pilz_industrial_motion_planner_testutils) by extension 'ignore_ament_install'
[0.503s] Level 1:colcon.colcon_core.package_identification:_identify(src/moveit2/moveit_planners/pilz_industrial_motion_planner_testutils) by extensions ['colcon_pkg']
[0.503s] Level 1:colcon.colcon_core.package_identification:_identify(src/moveit2/moveit_planners/pilz_industrial_motion_planner_testutils) by extension 'colcon_pkg'
[0.503s] Level 1:colcon.colcon_core.package_identification:_identify(src/moveit2/moveit_planners/pilz_industrial_motion_planner_testutils) by extensions ['colcon_meta']
[0.503s] Level 1:colcon.colcon_core.package_identification:_identify(src/moveit2/moveit_planners/pilz_industrial_motion_planner_testutils) by extension 'colcon_meta'
[0.503s] Level 1:colcon.colcon_core.package_identification:_identify(src/moveit2/moveit_planners/pilz_industrial_motion_planner_testutils) by extensions ['ros']
[0.504s] Level 1:colcon.colcon_core.package_identification:_identify(src/moveit2/moveit_planners/pilz_industrial_motion_planner_testutils) by extension 'ros'
[0.504s] DEBUG:colcon.colcon_core.package_identification:Package 'src/moveit2/moveit_planners/pilz_industrial_motion_planner_testutils' with type 'ros.ament_cmake' and name 'pilz_industrial_motion_planner_testutils'
[0.505s] Level 1:colcon.colcon_core.package_identification:_identify(src/moveit2/moveit_planners/test_configs) by extensions ['ignore', 'ignore_ament_install']
[0.505s] Level 1:colcon.colcon_core.package_identification:_identify(src/moveit2/moveit_planners/test_configs) by extension 'ignore'
[0.505s] Level 1:colcon.colcon_core.package_identification:_identify(src/moveit2/moveit_planners/test_configs) by extension 'ignore_ament_install'
[0.505s] Level 1:colcon.colcon_core.package_identification:_identify(src/moveit2/moveit_planners/test_configs) by extensions ['colcon_pkg']
[0.505s] Level 1:colcon.colcon_core.package_identification:_identify(src/moveit2/moveit_planners/test_configs) by extension 'colcon_pkg'
[0.505s] Level 1:colcon.colcon_core.package_identification:_identify(src/moveit2/moveit_planners/test_configs) by extensions ['colcon_meta']
[0.505s] Level 1:colcon.colcon_core.package_identification:_identify(src/moveit2/moveit_planners/test_configs) by extension 'colcon_meta'
[0.505s] Level 1:colcon.colcon_core.package_identification:_identify(src/moveit2/moveit_planners/test_configs) by extensions ['ros']
[0.505s] Level 1:colcon.colcon_core.package_identification:_identify(src/moveit2/moveit_planners/test_configs) by extension 'ros'
[0.505s] Level 1:colcon.colcon_core.package_identification:_identify(src/moveit2/moveit_planners/test_configs) by extensions ['cmake', 'python']
[0.505s] Level 1:colcon.colcon_core.package_identification:_identify(src/moveit2/moveit_planners/test_configs) by extension 'cmake'
[0.505s] Level 1:colcon.colcon_core.package_identification:_identify(src/moveit2/moveit_planners/test_configs) by extension 'python'
[0.505s] Level 1:colcon.colcon_core.package_identification:_identify(src/moveit2/moveit_planners/test_configs) by extensions ['python_setup_py']
[0.505s] Level 1:colcon.colcon_core.package_identification:_identify(src/moveit2/moveit_planners/test_configs) by extension 'python_setup_py'
[0.505s] Level 1:colcon.colcon_core.package_identification:_identify(src/moveit2/moveit_planners/test_configs/prbt_ikfast_manipulator_plugin) by extensions ['ignore', 'ignore_ament_install']
[0.505s] Level 1:colcon.colcon_core.package_identification:_identify(src/moveit2/moveit_planners/test_configs/prbt_ikfast_manipulator_plugin) by extension 'ignore'
[0.505s] Level 1:colcon.colcon_core.package_identification:_identify(src/moveit2/moveit_planners/test_configs/prbt_ikfast_manipulator_plugin) by extension 'ignore_ament_install'
[0.505s] Level 1:colcon.colcon_core.package_identification:_identify(src/moveit2/moveit_planners/test_configs/prbt_ikfast_manipulator_plugin) by extensions ['colcon_pkg']
[0.505s] Level 1:colcon.colcon_core.package_identification:_identify(src/moveit2/moveit_planners/test_configs/prbt_ikfast_manipulator_plugin) by extension 'colcon_pkg'
[0.505s] Level 1:colcon.colcon_core.package_identification:_identify(src/moveit2/moveit_planners/test_configs/prbt_ikfast_manipulator_plugin) by extensions ['colcon_meta']
[0.505s] Level 1:colcon.colcon_core.package_identification:_identify(src/moveit2/moveit_planners/test_configs/prbt_ikfast_manipulator_plugin) by extension 'colcon_meta'
[0.506s] Level 1:colcon.colcon_core.package_identification:_identify(src/moveit2/moveit_planners/test_configs/prbt_ikfast_manipulator_plugin) by extensions ['ros']
[0.506s] Level 1:colcon.colcon_core.package_identification:_identify(src/moveit2/moveit_planners/test_configs/prbt_ikfast_manipulator_plugin) by extension 'ros'
[0.506s] DEBUG:colcon.colcon_core.package_identification:Package 'src/moveit2/moveit_planners/test_configs/prbt_ikfast_manipulator_plugin' with type 'ros.ament_cmake' and name 'moveit_resources_prbt_ikfast_manipulator_plugin'
[0.506s] Level 1:colcon.colcon_core.package_identification:_identify(src/moveit2/moveit_planners/test_configs/prbt_moveit_config) by extensions ['ignore', 'ignore_ament_install']
[0.507s] Level 1:colcon.colcon_core.package_identification:_identify(src/moveit2/moveit_planners/test_configs/prbt_moveit_config) by extension 'ignore'
[0.507s] Level 1:colcon.colcon_core.package_identification:_identify(src/moveit2/moveit_planners/test_configs/prbt_moveit_config) by extension 'ignore_ament_install'
[0.507s] Level 1:colcon.colcon_core.package_identification:_identify(src/moveit2/moveit_planners/test_configs/prbt_moveit_config) by extensions ['colcon_pkg']
[0.507s] Level 1:colcon.colcon_core.package_identification:_identify(src/moveit2/moveit_planners/test_configs/prbt_moveit_config) by extension 'colcon_pkg'
[0.507s] Level 1:colcon.colcon_core.package_identification:_identify(src/moveit2/moveit_planners/test_configs/prbt_moveit_config) by extensions ['colcon_meta']
[0.507s] Level 1:colcon.colcon_core.package_identification:_identify(src/moveit2/moveit_planners/test_configs/prbt_moveit_config) by extension 'colcon_meta'
[0.507s] Level 1:colcon.colcon_core.package_identification:_identify(src/moveit2/moveit_planners/test_configs/prbt_moveit_config) by extensions ['ros']
[0.507s] Level 1:colcon.colcon_core.package_identification:_identify(src/moveit2/moveit_planners/test_configs/prbt_moveit_config) by extension 'ros'
[0.507s] DEBUG:colcon.colcon_core.package_identification:Package 'src/moveit2/moveit_planners/test_configs/prbt_moveit_config' with type 'ros.ament_cmake' and name 'moveit_resources_prbt_moveit_config'
[0.508s] Level 1:colcon.colcon_core.package_identification:_identify(src/moveit2/moveit_planners/test_configs/prbt_pg70_support) by extensions ['ignore', 'ignore_ament_install']
[0.508s] Level 1:colcon.colcon_core.package_identification:_identify(src/moveit2/moveit_planners/test_configs/prbt_pg70_support) by extension 'ignore'
[0.508s] Level 1:colcon.colcon_core.package_identification:_identify(src/moveit2/moveit_planners/test_configs/prbt_pg70_support) by extension 'ignore_ament_install'
[0.508s] Level 1:colcon.colcon_core.package_identification:_identify(src/moveit2/moveit_planners/test_configs/prbt_pg70_support) by extensions ['colcon_pkg']
[0.508s] Level 1:colcon.colcon_core.package_identification:_identify(src/moveit2/moveit_planners/test_configs/prbt_pg70_support) by extension 'colcon_pkg'
[0.508s] Level 1:colcon.colcon_core.package_identification:_identify(src/moveit2/moveit_planners/test_configs/prbt_pg70_support) by extensions ['colcon_meta']
[0.508s] Level 1:colcon.colcon_core.package_identification:_identify(src/moveit2/moveit_planners/test_configs/prbt_pg70_support) by extension 'colcon_meta'
[0.508s] Level 1:colcon.colcon_core.package_identification:_identify(src/moveit2/moveit_planners/test_configs/prbt_pg70_support) by extensions ['ros']
[0.508s] Level 1:colcon.colcon_core.package_identification:_identify(src/moveit2/moveit_planners/test_configs/prbt_pg70_support) by extension 'ros'
[0.509s] DEBUG:colcon.colcon_core.package_identification:Package 'src/moveit2/moveit_planners/test_configs/prbt_pg70_support' with type 'ros.ament_cmake' and name 'moveit_resources_prbt_pg70_support'
[0.509s] Level 1:colcon.colcon_core.package_identification:_identify(src/moveit2/moveit_planners/test_configs/prbt_support) by extensions ['ignore', 'ignore_ament_install']
[0.509s] Level 1:colcon.colcon_core.package_identification:_identify(src/moveit2/moveit_planners/test_configs/prbt_support) by extension 'ignore'
[0.509s] Level 1:colcon.colcon_core.package_identification:_identify(src/moveit2/moveit_planners/test_configs/prbt_support) by extension 'ignore_ament_install'
[0.509s] Level 1:colcon.colcon_core.package_identification:_identify(src/moveit2/moveit_planners/test_configs/prbt_support) by extensions ['colcon_pkg']
[0.509s] Level 1:colcon.colcon_core.package_identification:_identify(src/moveit2/moveit_planners/test_configs/prbt_support) by extension 'colcon_pkg'
[0.509s] Level 1:colcon.colcon_core.package_identification:_identify(src/moveit2/moveit_planners/test_configs/prbt_support) by extensions ['colcon_meta']
[0.509s] Level 1:colcon.colcon_core.package_identification:_identify(src/moveit2/moveit_planners/test_configs/prbt_support) by extension 'colcon_meta'
[0.509s] Level 1:colcon.colcon_core.package_identification:_identify(src/moveit2/moveit_planners/test_configs/prbt_support) by extensions ['ros']
[0.509s] Level 1:colcon.colcon_core.package_identification:_identify(src/moveit2/moveit_planners/test_configs/prbt_support) by extension 'ros'
[0.510s] DEBUG:colcon.colcon_core.package_identification:Package 'src/moveit2/moveit_planners/test_configs/prbt_support' with type 'ros.ament_cmake' and name 'moveit_resources_prbt_support'
[0.510s] Level 1:colcon.colcon_core.package_identification:_identify(src/moveit2/moveit_planners/trajopt) by extensions ['ignore', 'ignore_ament_install']
[0.510s] Level 1:colcon.colcon_core.package_identification:_identify(src/moveit2/moveit_planners/trajopt) by extension 'ignore'
[0.510s] Level 1:colcon.colcon_core.package_identification:_identify(src/moveit2/moveit_planners/trajopt) ignored
[0.510s] Level 1:colcon.colcon_core.package_identification:_identify(src/moveit2/moveit_plugins) by extensions ['ignore', 'ignore_ament_install']
[0.510s] Level 1:colcon.colcon_core.package_identification:_identify(src/moveit2/moveit_plugins) by extension 'ignore'
[0.510s] Level 1:colcon.colcon_core.package_identification:_identify(src/moveit2/moveit_plugins) by extension 'ignore_ament_install'
[0.510s] Level 1:colcon.colcon_core.package_identification:_identify(src/moveit2/moveit_plugins) by extensions ['colcon_pkg']
[0.510s] Level 1:colcon.colcon_core.package_identification:_identify(src/moveit2/moveit_plugins) by extension 'colcon_pkg'
[0.510s] Level 1:colcon.colcon_core.package_identification:_identify(src/moveit2/moveit_plugins) by extensions ['colcon_meta']
[0.510s] Level 1:colcon.colcon_core.package_identification:_identify(src/moveit2/moveit_plugins) by extension 'colcon_meta'
[0.510s] Level 1:colcon.colcon_core.package_identification:_identify(src/moveit2/moveit_plugins) by extensions ['ros']
[0.510s] Level 1:colcon.colcon_core.package_identification:_identify(src/moveit2/moveit_plugins) by extension 'ros'
[0.510s] Level 1:colcon.colcon_core.package_identification:_identify(src/moveit2/moveit_plugins) by extensions ['cmake', 'python']
[0.510s] Level 1:colcon.colcon_core.package_identification:_identify(src/moveit2/moveit_plugins) by extension 'cmake'
[0.510s] Level 1:colcon.colcon_core.package_identification:_identify(src/moveit2/moveit_plugins) by extension 'python'
[0.510s] Level 1:colcon.colcon_core.package_identification:_identify(src/moveit2/moveit_plugins) by extensions ['python_setup_py']
[0.510s] Level 1:colcon.colcon_core.package_identification:_identify(src/moveit2/moveit_plugins) by extension 'python_setup_py'
[0.511s] Level 1:colcon.colcon_core.package_identification:_identify(src/moveit2/moveit_plugins/moveit_plugins) by extensions ['ignore', 'ignore_ament_install']
[0.511s] Level 1:colcon.colcon_core.package_identification:_identify(src/moveit2/moveit_plugins/moveit_plugins) by extension 'ignore'
[0.511s] Level 1:colcon.colcon_core.package_identification:_identify(src/moveit2/moveit_plugins/moveit_plugins) by extension 'ignore_ament_install'
[0.511s] Level 1:colcon.colcon_core.package_identification:_identify(src/moveit2/moveit_plugins/moveit_plugins) by extensions ['colcon_pkg']
[0.511s] Level 1:colcon.colcon_core.package_identification:_identify(src/moveit2/moveit_plugins/moveit_plugins) by extension 'colcon_pkg'
[0.511s] Level 1:colcon.colcon_core.package_identification:_identify(src/moveit2/moveit_plugins/moveit_plugins) by extensions ['colcon_meta']
[0.511s] Level 1:colcon.colcon_core.package_identification:_identify(src/moveit2/moveit_plugins/moveit_plugins) by extension 'colcon_meta'
[0.511s] Level 1:colcon.colcon_core.package_identification:_identify(src/moveit2/moveit_plugins/moveit_plugins) by extensions ['ros']
[0.511s] Level 1:colcon.colcon_core.package_identification:_identify(src/moveit2/moveit_plugins/moveit_plugins) by extension 'ros'
[0.512s] DEBUG:colcon.colcon_core.package_identification:Package 'src/moveit2/moveit_plugins/moveit_plugins' with type 'ros.ament_cmake' and name 'moveit_plugins'
[0.512s] Level 1:colcon.colcon_core.package_identification:_identify(src/moveit2/moveit_plugins/moveit_ros_control_interface) by extensions ['ignore', 'ignore_ament_install']
[0.512s] Level 1:colcon.colcon_core.package_identification:_identify(src/moveit2/moveit_plugins/moveit_ros_control_interface) by extension 'ignore'
[0.512s] Level 1:colcon.colcon_core.package_identification:_identify(src/moveit2/moveit_plugins/moveit_ros_control_interface) by extension 'ignore_ament_install'
[0.512s] Level 1:colcon.colcon_core.package_identification:_identify(src/moveit2/moveit_plugins/moveit_ros_control_interface) by extensions ['colcon_pkg']
[0.512s] Level 1:colcon.colcon_core.package_identification:_identify(src/moveit2/moveit_plugins/moveit_ros_control_interface) by extension 'colcon_pkg'
[0.512s] Level 1:colcon.colcon_core.package_identification:_identify(src/moveit2/moveit_plugins/moveit_ros_control_interface) by extensions ['colcon_meta']
[0.512s] Level 1:colcon.colcon_core.package_identification:_identify(src/moveit2/moveit_plugins/moveit_ros_control_interface) by extension 'colcon_meta'
[0.512s] Level 1:colcon.colcon_core.package_identification:_identify(src/moveit2/moveit_plugins/moveit_ros_control_interface) by extensions ['ros']
[0.512s] Level 1:colcon.colcon_core.package_identification:_identify(src/moveit2/moveit_plugins/moveit_ros_control_interface) by extension 'ros'
[0.513s] DEBUG:colcon.colcon_core.package_identification:Package 'src/moveit2/moveit_plugins/moveit_ros_control_interface' with type 'ros.ament_cmake' and name 'moveit_ros_control_interface'
[0.513s] Level 1:colcon.colcon_core.package_identification:_identify(src/moveit2/moveit_plugins/moveit_simple_controller_manager) by extensions ['ignore', 'ignore_ament_install']
[0.513s] Level 1:colcon.colcon_core.package_identification:_identify(src/moveit2/moveit_plugins/moveit_simple_controller_manager) by extension 'ignore'
[0.513s] Level 1:colcon.colcon_core.package_identification:_identify(src/moveit2/moveit_plugins/moveit_simple_controller_manager) by extension 'ignore_ament_install'
[0.513s] Level 1:colcon.colcon_core.package_identification:_identify(src/moveit2/moveit_plugins/moveit_simple_controller_manager) by extensions ['colcon_pkg']
[0.513s] Level 1:colcon.colcon_core.package_identification:_identify(src/moveit2/moveit_plugins/moveit_simple_controller_manager) by extension 'colcon_pkg'
[0.513s] Level 1:colcon.colcon_core.package_identification:_identify(src/moveit2/moveit_plugins/moveit_simple_controller_manager) by extensions ['colcon_meta']
[0.513s] Level 1:colcon.colcon_core.package_identification:_identify(src/moveit2/moveit_plugins/moveit_simple_controller_manager) by extension 'colcon_meta'
[0.513s] Level 1:colcon.colcon_core.package_identification:_identify(src/moveit2/moveit_plugins/moveit_simple_controller_manager) by extensions ['ros']
[0.513s] Level 1:colcon.colcon_core.package_identification:_identify(src/moveit2/moveit_plugins/moveit_simple_controller_manager) by extension 'ros'
[0.514s] DEBUG:colcon.colcon_core.package_identification:Package 'src/moveit2/moveit_plugins/moveit_simple_controller_manager' with type 'ros.ament_cmake' and name 'moveit_simple_controller_manager'
[0.514s] Level 1:colcon.colcon_core.package_identification:_identify(src/moveit2/moveit_ros) by extensions ['ignore', 'ignore_ament_install']
[0.515s] Level 1:colcon.colcon_core.package_identification:_identify(src/moveit2/moveit_ros) by extension 'ignore'
[0.515s] Level 1:colcon.colcon_core.package_identification:_identify(src/moveit2/moveit_ros) by extension 'ignore_ament_install'
[0.515s] Level 1:colcon.colcon_core.package_identification:_identify(src/moveit2/moveit_ros) by extensions ['colcon_pkg']
[0.515s] Level 1:colcon.colcon_core.package_identification:_identify(src/moveit2/moveit_ros) by extension 'colcon_pkg'
[0.515s] Level 1:colcon.colcon_core.package_identification:_identify(src/moveit2/moveit_ros) by extensions ['colcon_meta']
[0.515s] Level 1:colcon.colcon_core.package_identification:_identify(src/moveit2/moveit_ros) by extension 'colcon_meta'
[0.515s] Level 1:colcon.colcon_core.package_identification:_identify(src/moveit2/moveit_ros) by extensions ['ros']
[0.515s] Level 1:colcon.colcon_core.package_identification:_identify(src/moveit2/moveit_ros) by extension 'ros'
[0.515s] Level 1:colcon.colcon_core.package_identification:_identify(src/moveit2/moveit_ros) by extensions ['cmake', 'python']
[0.515s] Level 1:colcon.colcon_core.package_identification:_identify(src/moveit2/moveit_ros) by extension 'cmake'
[0.515s] Level 1:colcon.colcon_core.package_identification:_identify(src/moveit2/moveit_ros) by extension 'python'
[0.515s] Level 1:colcon.colcon_core.package_identification:_identify(src/moveit2/moveit_ros) by extensions ['python_setup_py']
[0.515s] Level 1:colcon.colcon_core.package_identification:_identify(src/moveit2/moveit_ros) by extension 'python_setup_py'
[0.515s] Level 1:colcon.colcon_core.package_identification:_identify(src/moveit2/moveit_ros/benchmarks) by extensions ['ignore', 'ignore_ament_install']
[0.515s] Level 1:colcon.colcon_core.package_identification:_identify(src/moveit2/moveit_ros/benchmarks) by extension 'ignore'
[0.515s] Level 1:colcon.colcon_core.package_identification:_identify(src/moveit2/moveit_ros/benchmarks) by extension 'ignore_ament_install'
[0.515s] Level 1:colcon.colcon_core.package_identification:_identify(src/moveit2/moveit_ros/benchmarks) by extensions ['colcon_pkg']
[0.515s] Level 1:colcon.colcon_core.package_identification:_identify(src/moveit2/moveit_ros/benchmarks) by extension 'colcon_pkg'
[0.515s] Level 1:colcon.colcon_core.package_identification:_identify(src/moveit2/moveit_ros/benchmarks) by extensions ['colcon_meta']
[0.515s] Level 1:colcon.colcon_core.package_identification:_identify(src/moveit2/moveit_ros/benchmarks) by extension 'colcon_meta'
[0.515s] Level 1:colcon.colcon_core.package_identification:_identify(src/moveit2/moveit_ros/benchmarks) by extensions ['ros']
[0.515s] Level 1:colcon.colcon_core.package_identification:_identify(src/moveit2/moveit_ros/benchmarks) by extension 'ros'
[0.516s] DEBUG:colcon.colcon_core.package_identification:Package 'src/moveit2/moveit_ros/benchmarks' with type 'ros.ament_cmake' and name 'moveit_ros_benchmarks'
[0.516s] Level 1:colcon.colcon_core.package_identification:_identify(src/moveit2/moveit_ros/hybrid_planning) by extensions ['ignore', 'ignore_ament_install']
[0.516s] Level 1:colcon.colcon_core.package_identification:_identify(src/moveit2/moveit_ros/hybrid_planning) by extension 'ignore'
[0.517s] Level 1:colcon.colcon_core.package_identification:_identify(src/moveit2/moveit_ros/hybrid_planning) by extension 'ignore_ament_install'
[0.517s] Level 1:colcon.colcon_core.package_identification:_identify(src/moveit2/moveit_ros/hybrid_planning) by extensions ['colcon_pkg']
[0.517s] Level 1:colcon.colcon_core.package_identification:_identify(src/moveit2/moveit_ros/hybrid_planning) by extension 'colcon_pkg'
[0.517s] Level 1:colcon.colcon_core.package_identification:_identify(src/moveit2/moveit_ros/hybrid_planning) by extensions ['colcon_meta']
[0.517s] Level 1:colcon.colcon_core.package_identification:_identify(src/moveit2/moveit_ros/hybrid_planning) by extension 'colcon_meta'
[0.517s] Level 1:colcon.colcon_core.package_identification:_identify(src/moveit2/moveit_ros/hybrid_planning) by extensions ['ros']
[0.517s] Level 1:colcon.colcon_core.package_identification:_identify(src/moveit2/moveit_ros/hybrid_planning) by extension 'ros'
[0.518s] DEBUG:colcon.colcon_core.package_identification:Package 'src/moveit2/moveit_ros/hybrid_planning' with type 'ros.ament_cmake' and name 'moveit_hybrid_planning'
[0.518s] Level 1:colcon.colcon_core.package_identification:_identify(src/moveit2/moveit_ros/move_group) by extensions ['ignore', 'ignore_ament_install']
[0.518s] Level 1:colcon.colcon_core.package_identification:_identify(src/moveit2/moveit_ros/move_group) by extension 'ignore'
[0.518s] Level 1:colcon.colcon_core.package_identification:_identify(src/moveit2/moveit_ros/move_group) by extension 'ignore_ament_install'
[0.518s] Level 1:colcon.colcon_core.package_identification:_identify(src/moveit2/moveit_ros/move_group) by extensions ['colcon_pkg']
[0.518s] Level 1:colcon.colcon_core.package_identification:_identify(src/moveit2/moveit_ros/move_group) by extension 'colcon_pkg'
[0.518s] Level 1:colcon.colcon_core.package_identification:_identify(src/moveit2/moveit_ros/move_group) by extensions ['colcon_meta']
[0.518s] Level 1:colcon.colcon_core.package_identification:_identify(src/moveit2/moveit_ros/move_group) by extension 'colcon_meta'
[0.518s] Level 1:colcon.colcon_core.package_identification:_identify(src/moveit2/moveit_ros/move_group) by extensions ['ros']
[0.518s] Level 1:colcon.colcon_core.package_identification:_identify(src/moveit2/moveit_ros/move_group) by extension 'ros'
[0.520s] DEBUG:colcon.colcon_core.package_identification:Package 'src/moveit2/moveit_ros/move_group' with type 'ros.ament_cmake' and name 'moveit_ros_move_group'
[0.521s] Level 1:colcon.colcon_core.package_identification:_identify(src/moveit2/moveit_ros/moveit_ros) by extensions ['ignore', 'ignore_ament_install']
[0.521s] Level 1:colcon.colcon_core.package_identification:_identify(src/moveit2/moveit_ros/moveit_ros) by extension 'ignore'
[0.521s] Level 1:colcon.colcon_core.package_identification:_identify(src/moveit2/moveit_ros/moveit_ros) by extension 'ignore_ament_install'
[0.521s] Level 1:colcon.colcon_core.package_identification:_identify(src/moveit2/moveit_ros/moveit_ros) by extensions ['colcon_pkg']
[0.521s] Level 1:colcon.colcon_core.package_identification:_identify(src/moveit2/moveit_ros/moveit_ros) by extension 'colcon_pkg'
[0.521s] Level 1:colcon.colcon_core.package_identification:_identify(src/moveit2/moveit_ros/moveit_ros) by extensions ['colcon_meta']
[0.521s] Level 1:colcon.colcon_core.package_identification:_identify(src/moveit2/moveit_ros/moveit_ros) by extension 'colcon_meta'
[0.521s] Level 1:colcon.colcon_core.package_identification:_identify(src/moveit2/moveit_ros/moveit_ros) by extensions ['ros']
[0.521s] Level 1:colcon.colcon_core.package_identification:_identify(src/moveit2/moveit_ros/moveit_ros) by extension 'ros'
[0.522s] DEBUG:colcon.colcon_core.package_identification:Package 'src/moveit2/moveit_ros/moveit_ros' with type 'ros.ament_cmake' and name 'moveit_ros'
[0.522s] Level 1:colcon.colcon_core.package_identification:_identify(src/moveit2/moveit_ros/moveit_servo) by extensions ['ignore', 'ignore_ament_install']
[0.522s] Level 1:colcon.colcon_core.package_identification:_identify(src/moveit2/moveit_ros/moveit_servo) by extension 'ignore'
[0.522s] Level 1:colcon.colcon_core.package_identification:_identify(src/moveit2/moveit_ros/moveit_servo) by extension 'ignore_ament_install'
[0.522s] Level 1:colcon.colcon_core.package_identification:_identify(src/moveit2/moveit_ros/moveit_servo) by extensions ['colcon_pkg']
[0.522s] Level 1:colcon.colcon_core.package_identification:_identify(src/moveit2/moveit_ros/moveit_servo) by extension 'colcon_pkg'
[0.522s] Level 1:colcon.colcon_core.package_identification:_identify(src/moveit2/moveit_ros/moveit_servo) by extensions ['colcon_meta']
[0.522s] Level 1:colcon.colcon_core.package_identification:_identify(src/moveit2/moveit_ros/moveit_servo) by extension 'colcon_meta'
[0.522s] Level 1:colcon.colcon_core.package_identification:_identify(src/moveit2/moveit_ros/moveit_servo) by extensions ['ros']
[0.522s] Level 1:colcon.colcon_core.package_identification:_identify(src/moveit2/moveit_ros/moveit_servo) by extension 'ros'
[0.523s] DEBUG:colcon.colcon_core.package_identification:Package 'src/moveit2/moveit_ros/moveit_servo' with type 'ros.ament_cmake' and name 'moveit_servo'
[0.523s] Level 1:colcon.colcon_core.package_identification:_identify(src/moveit2/moveit_ros/occupancy_map_monitor) by extensions ['ignore', 'ignore_ament_install']
[0.524s] Level 1:colcon.colcon_core.package_identification:_identify(src/moveit2/moveit_ros/occupancy_map_monitor) by extension 'ignore'
[0.524s] Level 1:colcon.colcon_core.package_identification:_identify(src/moveit2/moveit_ros/occupancy_map_monitor) by extension 'ignore_ament_install'
[0.524s] Level 1:colcon.colcon_core.package_identification:_identify(src/moveit2/moveit_ros/occupancy_map_monitor) by extensions ['colcon_pkg']
[0.524s] Level 1:colcon.colcon_core.package_identification:_identify(src/moveit2/moveit_ros/occupancy_map_monitor) by extension 'colcon_pkg'
[0.524s] Level 1:colcon.colcon_core.package_identification:_identify(src/moveit2/moveit_ros/occupancy_map_monitor) by extensions ['colcon_meta']
[0.524s] Level 1:colcon.colcon_core.package_identification:_identify(src/moveit2/moveit_ros/occupancy_map_monitor) by extension 'colcon_meta'
[0.524s] Level 1:colcon.colcon_core.package_identification:_identify(src/moveit2/moveit_ros/occupancy_map_monitor) by extensions ['ros']
[0.524s] Level 1:colcon.colcon_core.package_identification:_identify(src/moveit2/moveit_ros/occupancy_map_monitor) by extension 'ros'
[0.525s] DEBUG:colcon.colcon_core.package_identification:Package 'src/moveit2/moveit_ros/occupancy_map_monitor' with type 'ros.ament_cmake' and name 'moveit_ros_occupancy_map_monitor'
[0.525s] Level 1:colcon.colcon_core.package_identification:_identify(src/moveit2/moveit_ros/perception) by extensions ['ignore', 'ignore_ament_install']
[0.525s] Level 1:colcon.colcon_core.package_identification:_identify(src/moveit2/moveit_ros/perception) by extension 'ignore'
[0.525s] Level 1:colcon.colcon_core.package_identification:_identify(src/moveit2/moveit_ros/perception) by extension 'ignore_ament_install'
[0.525s] Level 1:colcon.colcon_core.package_identification:_identify(src/moveit2/moveit_ros/perception) by extensions ['colcon_pkg']
[0.525s] Level 1:colcon.colcon_core.package_identification:_identify(src/moveit2/moveit_ros/perception) by extension 'colcon_pkg'
[0.525s] Level 1:colcon.colcon_core.package_identification:_identify(src/moveit2/moveit_ros/perception) by extensions ['colcon_meta']
[0.525s] Level 1:colcon.colcon_core.package_identification:_identify(src/moveit2/moveit_ros/perception) by extension 'colcon_meta'
[0.525s] Level 1:colcon.colcon_core.package_identification:_identify(src/moveit2/moveit_ros/perception) by extensions ['ros']
[0.525s] Level 1:colcon.colcon_core.package_identification:_identify(src/moveit2/moveit_ros/perception) by extension 'ros'
[0.527s] DEBUG:colcon.colcon_core.package_identification:Package 'src/moveit2/moveit_ros/perception' with type 'ros.ament_cmake' and name 'moveit_ros_perception'
[0.527s] Level 1:colcon.colcon_core.package_identification:_identify(src/moveit2/moveit_ros/planning) by extensions ['ignore', 'ignore_ament_install']
[0.527s] Level 1:colcon.colcon_core.package_identification:_identify(src/moveit2/moveit_ros/planning) by extension 'ignore'
[0.527s] Level 1:colcon.colcon_core.package_identification:_identify(src/moveit2/moveit_ros/planning) by extension 'ignore_ament_install'
[0.527s] Level 1:colcon.colcon_core.package_identification:_identify(src/moveit2/moveit_ros/planning) by extensions ['colcon_pkg']
[0.527s] Level 1:colcon.colcon_core.package_identification:_identify(src/moveit2/moveit_ros/planning) by extension 'colcon_pkg'
[0.527s] Level 1:colcon.colcon_core.package_identification:_identify(src/moveit2/moveit_ros/planning) by extensions ['colcon_meta']
[0.527s] Level 1:colcon.colcon_core.package_identification:_identify(src/moveit2/moveit_ros/planning) by extension 'colcon_meta'
[0.527s] Level 1:colcon.colcon_core.package_identification:_identify(src/moveit2/moveit_ros/planning) by extensions ['ros']
[0.527s] Level 1:colcon.colcon_core.package_identification:_identify(src/moveit2/moveit_ros/planning) by extension 'ros'
[0.529s] DEBUG:colcon.colcon_core.package_identification:Package 'src/moveit2/moveit_ros/planning' with type 'ros.ament_cmake' and name 'moveit_ros_planning'
[0.529s] Level 1:colcon.colcon_core.package_identification:_identify(src/moveit2/moveit_ros/planning_interface) by extensions ['ignore', 'ignore_ament_install']
[0.529s] Level 1:colcon.colcon_core.package_identification:_identify(src/moveit2/moveit_ros/planning_interface) by extension 'ignore'
[0.529s] Level 1:colcon.colcon_core.package_identification:_identify(src/moveit2/moveit_ros/planning_interface) by extension 'ignore_ament_install'
[0.529s] Level 1:colcon.colcon_core.package_identification:_identify(src/moveit2/moveit_ros/planning_interface) by extensions ['colcon_pkg']
[0.529s] Level 1:colcon.colcon_core.package_identification:_identify(src/moveit2/moveit_ros/planning_interface) by extension 'colcon_pkg'
[0.529s] Level 1:colcon.colcon_core.package_identification:_identify(src/moveit2/moveit_ros/planning_interface) by extensions ['colcon_meta']
[0.529s] Level 1:colcon.colcon_core.package_identification:_identify(src/moveit2/moveit_ros/planning_interface) by extension 'colcon_meta'
[0.529s] Level 1:colcon.colcon_core.package_identification:_identify(src/moveit2/moveit_ros/planning_interface) by extensions ['ros']
[0.529s] Level 1:colcon.colcon_core.package_identification:_identify(src/moveit2/moveit_ros/planning_interface) by extension 'ros'
[0.531s] DEBUG:colcon.colcon_core.package_identification:Package 'src/moveit2/moveit_ros/planning_interface' with type 'ros.ament_cmake' and name 'moveit_ros_planning_interface'
[0.531s] Level 1:colcon.colcon_core.package_identification:_identify(src/moveit2/moveit_ros/robot_interaction) by extensions ['ignore', 'ignore_ament_install']
[0.531s] Level 1:colcon.colcon_core.package_identification:_identify(src/moveit2/moveit_ros/robot_interaction) by extension 'ignore'
[0.531s] Level 1:colcon.colcon_core.package_identification:_identify(src/moveit2/moveit_ros/robot_interaction) by extension 'ignore_ament_install'
[0.531s] Level 1:colcon.colcon_core.package_identification:_identify(src/moveit2/moveit_ros/robot_interaction) by extensions ['colcon_pkg']
[0.531s] Level 1:colcon.colcon_core.package_identification:_identify(src/moveit2/moveit_ros/robot_interaction) by extension 'colcon_pkg'
[0.531s] Level 1:colcon.colcon_core.package_identification:_identify(src/moveit2/moveit_ros/robot_interaction) by extensions ['colcon_meta']
[0.531s] Level 1:colcon.colcon_core.package_identification:_identify(src/moveit2/moveit_ros/robot_interaction) by extension 'colcon_meta'
[0.531s] Level 1:colcon.colcon_core.package_identification:_identify(src/moveit2/moveit_ros/robot_interaction) by extensions ['ros']
[0.531s] Level 1:colcon.colcon_core.package_identification:_identify(src/moveit2/moveit_ros/robot_interaction) by extension 'ros'
[0.532s] DEBUG:colcon.colcon_core.package_identification:Package 'src/moveit2/moveit_ros/robot_interaction' with type 'ros.ament_cmake' and name 'moveit_ros_robot_interaction'
[0.532s] Level 1:colcon.colcon_core.package_identification:_identify(src/moveit2/moveit_ros/visualization) by extensions ['ignore', 'ignore_ament_install']
[0.532s] Level 1:colcon.colcon_core.package_identification:_identify(src/moveit2/moveit_ros/visualization) by extension 'ignore'
[0.533s] Level 1:colcon.colcon_core.package_identification:_identify(src/moveit2/moveit_ros/visualization) by extension 'ignore_ament_install'
[0.533s] Level 1:colcon.colcon_core.package_identification:_identify(src/moveit2/moveit_ros/visualization) by extensions ['colcon_pkg']
[0.533s] Level 1:colcon.colcon_core.package_identification:_identify(src/moveit2/moveit_ros/visualization) by extension 'colcon_pkg'
[0.533s] Level 1:colcon.colcon_core.package_identification:_identify(src/moveit2/moveit_ros/visualization) by extensions ['colcon_meta']
[0.533s] Level 1:colcon.colcon_core.package_identification:_identify(src/moveit2/moveit_ros/visualization) by extension 'colcon_meta'
[0.533s] Level 1:colcon.colcon_core.package_identification:_identify(src/moveit2/moveit_ros/visualization) by extensions ['ros']
[0.533s] Level 1:colcon.colcon_core.package_identification:_identify(src/moveit2/moveit_ros/visualization) by extension 'ros'
[0.534s] DEBUG:colcon.colcon_core.package_identification:Package 'src/moveit2/moveit_ros/visualization' with type 'ros.ament_cmake' and name 'moveit_ros_visualization'
[0.534s] Level 1:colcon.colcon_core.package_identification:_identify(src/moveit2/moveit_ros/warehouse) by extensions ['ignore', 'ignore_ament_install']
[0.534s] Level 1:colcon.colcon_core.package_identification:_identify(src/moveit2/moveit_ros/warehouse) by extension 'ignore'
[0.534s] Level 1:colcon.colcon_core.package_identification:_identify(src/moveit2/moveit_ros/warehouse) by extension 'ignore_ament_install'
[0.534s] Level 1:colcon.colcon_core.package_identification:_identify(src/moveit2/moveit_ros/warehouse) by extensions ['colcon_pkg']
[0.534s] Level 1:colcon.colcon_core.package_identification:_identify(src/moveit2/moveit_ros/warehouse) by extension 'colcon_pkg'
[0.534s] Level 1:colcon.colcon_core.package_identification:_identify(src/moveit2/moveit_ros/warehouse) by extensions ['colcon_meta']
[0.534s] Level 1:colcon.colcon_core.package_identification:_identify(src/moveit2/moveit_ros/warehouse) by extension 'colcon_meta'
[0.534s] Level 1:colcon.colcon_core.package_identification:_identify(src/moveit2/moveit_ros/warehouse) by extensions ['ros']
[0.534s] Level 1:colcon.colcon_core.package_identification:_identify(src/moveit2/moveit_ros/warehouse) by extension 'ros'
[0.535s] DEBUG:colcon.colcon_core.package_identification:Package 'src/moveit2/moveit_ros/warehouse' with type 'ros.ament_cmake' and name 'moveit_ros_warehouse'
[0.535s] Level 1:colcon.colcon_core.package_identification:_identify(src/moveit2/moveit_runtime) by extensions ['ignore', 'ignore_ament_install']
[0.535s] Level 1:colcon.colcon_core.package_identification:_identify(src/moveit2/moveit_runtime) by extension 'ignore'
[0.535s] Level 1:colcon.colcon_core.package_identification:_identify(src/moveit2/moveit_runtime) by extension 'ignore_ament_install'
[0.535s] Level 1:colcon.colcon_core.package_identification:_identify(src/moveit2/moveit_runtime) by extensions ['colcon_pkg']
[0.535s] Level 1:colcon.colcon_core.package_identification:_identify(src/moveit2/moveit_runtime) by extension 'colcon_pkg'
[0.536s] Level 1:colcon.colcon_core.package_identification:_identify(src/moveit2/moveit_runtime) by extensions ['colcon_meta']
[0.536s] Level 1:colcon.colcon_core.package_identification:_identify(src/moveit2/moveit_runtime) by extension 'colcon_meta'
[0.536s] Level 1:colcon.colcon_core.package_identification:_identify(src/moveit2/moveit_runtime) by extensions ['ros']
[0.536s] Level 1:colcon.colcon_core.package_identification:_identify(src/moveit2/moveit_runtime) by extension 'ros'
[0.536s] DEBUG:colcon.colcon_core.package_identification:Package 'src/moveit2/moveit_runtime' with type 'ros.ament_cmake' and name 'moveit_runtime'
[0.536s] Level 1:colcon.colcon_core.package_identification:_identify(src/moveit2/moveit_setup_assistant) by extensions ['ignore', 'ignore_ament_install']
[0.536s] Level 1:colcon.colcon_core.package_identification:_identify(src/moveit2/moveit_setup_assistant) by extension 'ignore'
[0.536s] Level 1:colcon.colcon_core.package_identification:_identify(src/moveit2/moveit_setup_assistant) by extension 'ignore_ament_install'
[0.536s] Level 1:colcon.colcon_core.package_identification:_identify(src/moveit2/moveit_setup_assistant) by extensions ['colcon_pkg']
[0.537s] Level 1:colcon.colcon_core.package_identification:_identify(src/moveit2/moveit_setup_assistant) by extension 'colcon_pkg'
[0.537s] Level 1:colcon.colcon_core.package_identification:_identify(src/moveit2/moveit_setup_assistant) by extensions ['colcon_meta']
[0.537s] Level 1:colcon.colcon_core.package_identification:_identify(src/moveit2/moveit_setup_assistant) by extension 'colcon_meta'
[0.537s] Level 1:colcon.colcon_core.package_identification:_identify(src/moveit2/moveit_setup_assistant) by extensions ['ros']
[0.537s] Level 1:colcon.colcon_core.package_identification:_identify(src/moveit2/moveit_setup_assistant) by extension 'ros'
[0.537s] Level 1:colcon.colcon_core.package_identification:_identify(src/moveit2/moveit_setup_assistant) by extensions ['cmake', 'python']
[0.537s] Level 1:colcon.colcon_core.package_identification:_identify(src/moveit2/moveit_setup_assistant) by extension 'cmake'
[0.537s] Level 1:colcon.colcon_core.package_identification:_identify(src/moveit2/moveit_setup_assistant) by extension 'python'
[0.537s] Level 1:colcon.colcon_core.package_identification:_identify(src/moveit2/moveit_setup_assistant) by extensions ['python_setup_py']
[0.537s] Level 1:colcon.colcon_core.package_identification:_identify(src/moveit2/moveit_setup_assistant) by extension 'python_setup_py'
[0.537s] Level 1:colcon.colcon_core.package_identification:_identify(src/moveit2/moveit_setup_assistant/graphics) by extensions ['ignore', 'ignore_ament_install']
[0.537s] Level 1:colcon.colcon_core.package_identification:_identify(src/moveit2/moveit_setup_assistant/graphics) by extension 'ignore'
[0.537s] Level 1:colcon.colcon_core.package_identification:_identify(src/moveit2/moveit_setup_assistant/graphics) by extension 'ignore_ament_install'
[0.537s] Level 1:colcon.colcon_core.package_identification:_identify(src/moveit2/moveit_setup_assistant/graphics) by extensions ['colcon_pkg']
[0.537s] Level 1:colcon.colcon_core.package_identification:_identify(src/moveit2/moveit_setup_assistant/graphics) by extension 'colcon_pkg'
[0.537s] Level 1:colcon.colcon_core.package_identification:_identify(src/moveit2/moveit_setup_assistant/graphics) by extensions ['colcon_meta']
[0.537s] Level 1:colcon.colcon_core.package_identification:_identify(src/moveit2/moveit_setup_assistant/graphics) by extension 'colcon_meta'
[0.537s] Level 1:colcon.colcon_core.package_identification:_identify(src/moveit2/moveit_setup_assistant/graphics) by extensions ['ros']
[0.537s] Level 1:colcon.colcon_core.package_identification:_identify(src/moveit2/moveit_setup_assistant/graphics) by extension 'ros'
[0.537s] Level 1:colcon.colcon_core.package_identification:_identify(src/moveit2/moveit_setup_assistant/graphics) by extensions ['cmake', 'python']
[0.537s] Level 1:colcon.colcon_core.package_identification:_identify(src/moveit2/moveit_setup_assistant/graphics) by extension 'cmake'
[0.537s] Level 1:colcon.colcon_core.package_identification:_identify(src/moveit2/moveit_setup_assistant/graphics) by extension 'python'
[0.538s] Level 1:colcon.colcon_core.package_identification:_identify(src/moveit2/moveit_setup_assistant/graphics) by extensions ['python_setup_py']
[0.538s] Level 1:colcon.colcon_core.package_identification:_identify(src/moveit2/moveit_setup_assistant/graphics) by extension 'python_setup_py'
[0.538s] Level 1:colcon.colcon_core.package_identification:_identify(src/moveit2/moveit_setup_assistant/graphics/source) by extensions ['ignore', 'ignore_ament_install']
[0.538s] Level 1:colcon.colcon_core.package_identification:_identify(src/moveit2/moveit_setup_assistant/graphics/source) by extension 'ignore'
[0.538s] Level 1:colcon.colcon_core.package_identification:_identify(src/moveit2/moveit_setup_assistant/graphics/source) by extension 'ignore_ament_install'
[0.538s] Level 1:colcon.colcon_core.package_identification:_identify(src/moveit2/moveit_setup_assistant/graphics/source) by extensions ['colcon_pkg']
[0.538s] Level 1:colcon.colcon_core.package_identification:_identify(src/moveit2/moveit_setup_assistant/graphics/source) by extension 'colcon_pkg'
[0.538s] Level 1:colcon.colcon_core.package_identification:_identify(src/moveit2/moveit_setup_assistant/graphics/source) by extensions ['colcon_meta']
[0.538s] Level 1:colcon.colcon_core.package_identification:_identify(src/moveit2/moveit_setup_assistant/graphics/source) by extension 'colcon_meta'
[0.538s] Level 1:colcon.colcon_core.package_identification:_identify(src/moveit2/moveit_setup_assistant/graphics/source) by extensions ['ros']
[0.538s] Level 1:colcon.colcon_core.package_identification:_identify(src/moveit2/moveit_setup_assistant/graphics/source) by extension 'ros'
[0.538s] Level 1:colcon.colcon_core.package_identification:_identify(src/moveit2/moveit_setup_assistant/graphics/source) by extensions ['cmake', 'python']
[0.538s] Level 1:colcon.colcon_core.package_identification:_identify(src/moveit2/moveit_setup_assistant/graphics/source) by extension 'cmake'
[0.538s] Level 1:colcon.colcon_core.package_identification:_identify(src/moveit2/moveit_setup_assistant/graphics/source) by extension 'python'
[0.538s] Level 1:colcon.colcon_core.package_identification:_identify(src/moveit2/moveit_setup_assistant/graphics/source) by extensions ['python_setup_py']
[0.538s] Level 1:colcon.colcon_core.package_identification:_identify(src/moveit2/moveit_setup_assistant/graphics/source) by extension 'python_setup_py'
[0.538s] Level 1:colcon.colcon_core.package_identification:_identify(src/moveit2/moveit_setup_assistant/moveit_setup_app_plugins) by extensions ['ignore', 'ignore_ament_install']
[0.538s] Level 1:colcon.colcon_core.package_identification:_identify(src/moveit2/moveit_setup_assistant/moveit_setup_app_plugins) by extension 'ignore'
[0.538s] Level 1:colcon.colcon_core.package_identification:_identify(src/moveit2/moveit_setup_assistant/moveit_setup_app_plugins) by extension 'ignore_ament_install'
[0.539s] Level 1:colcon.colcon_core.package_identification:_identify(src/moveit2/moveit_setup_assistant/moveit_setup_app_plugins) by extensions ['colcon_pkg']
[0.539s] Level 1:colcon.colcon_core.package_identification:_identify(src/moveit2/moveit_setup_assistant/moveit_setup_app_plugins) by extension 'colcon_pkg'
[0.539s] Level 1:colcon.colcon_core.package_identification:_identify(src/moveit2/moveit_setup_assistant/moveit_setup_app_plugins) by extensions ['colcon_meta']
[0.539s] Level 1:colcon.colcon_core.package_identification:_identify(src/moveit2/moveit_setup_assistant/moveit_setup_app_plugins) by extension 'colcon_meta'
[0.539s] Level 1:colcon.colcon_core.package_identification:_identify(src/moveit2/moveit_setup_assistant/moveit_setup_app_plugins) by extensions ['ros']
[0.539s] Level 1:colcon.colcon_core.package_identification:_identify(src/moveit2/moveit_setup_assistant/moveit_setup_app_plugins) by extension 'ros'
[0.540s] DEBUG:colcon.colcon_core.package_identification:Package 'src/moveit2/moveit_setup_assistant/moveit_setup_app_plugins' with type 'ros.ament_cmake' and name 'moveit_setup_app_plugins'
[0.540s] Level 1:colcon.colcon_core.package_identification:_identify(src/moveit2/moveit_setup_assistant/moveit_setup_assistant) by extensions ['ignore', 'ignore_ament_install']
[0.540s] Level 1:colcon.colcon_core.package_identification:_identify(src/moveit2/moveit_setup_assistant/moveit_setup_assistant) by extension 'ignore'
[0.540s] Level 1:colcon.colcon_core.package_identification:_identify(src/moveit2/moveit_setup_assistant/moveit_setup_assistant) by extension 'ignore_ament_install'
[0.540s] Level 1:colcon.colcon_core.package_identification:_identify(src/moveit2/moveit_setup_assistant/moveit_setup_assistant) by extensions ['colcon_pkg']
[0.540s] Level 1:colcon.colcon_core.package_identification:_identify(src/moveit2/moveit_setup_assistant/moveit_setup_assistant) by extension 'colcon_pkg'
[0.540s] Level 1:colcon.colcon_core.package_identification:_identify(src/moveit2/moveit_setup_assistant/moveit_setup_assistant) by extensions ['colcon_meta']
[0.540s] Level 1:colcon.colcon_core.package_identification:_identify(src/moveit2/moveit_setup_assistant/moveit_setup_assistant) by extension 'colcon_meta'
[0.540s] Level 1:colcon.colcon_core.package_identification:_identify(src/moveit2/moveit_setup_assistant/moveit_setup_assistant) by extensions ['ros']
[0.540s] Level 1:colcon.colcon_core.package_identification:_identify(src/moveit2/moveit_setup_assistant/moveit_setup_assistant) by extension 'ros'
[0.541s] DEBUG:colcon.colcon_core.package_identification:Package 'src/moveit2/moveit_setup_assistant/moveit_setup_assistant' with type 'ros.ament_cmake' and name 'moveit_setup_assistant'
[0.541s] Level 1:colcon.colcon_core.package_identification:_identify(src/moveit2/moveit_setup_assistant/moveit_setup_controllers) by extensions ['ignore', 'ignore_ament_install']
[0.541s] Level 1:colcon.colcon_core.package_identification:_identify(src/moveit2/moveit_setup_assistant/moveit_setup_controllers) by extension 'ignore'
[0.541s] Level 1:colcon.colcon_core.package_identification:_identify(src/moveit2/moveit_setup_assistant/moveit_setup_controllers) by extension 'ignore_ament_install'
[0.541s] Level 1:colcon.colcon_core.package_identification:_identify(src/moveit2/moveit_setup_assistant/moveit_setup_controllers) by extensions ['colcon_pkg']
[0.541s] Level 1:colcon.colcon_core.package_identification:_identify(src/moveit2/moveit_setup_assistant/moveit_setup_controllers) by extension 'colcon_pkg'
[0.541s] Level 1:colcon.colcon_core.package_identification:_identify(src/moveit2/moveit_setup_assistant/moveit_setup_controllers) by extensions ['colcon_meta']
[0.541s] Level 1:colcon.colcon_core.package_identification:_identify(src/moveit2/moveit_setup_assistant/moveit_setup_controllers) by extension 'colcon_meta'
[0.541s] Level 1:colcon.colcon_core.package_identification:_identify(src/moveit2/moveit_setup_assistant/moveit_setup_controllers) by extensions ['ros']
[0.541s] Level 1:colcon.colcon_core.package_identification:_identify(src/moveit2/moveit_setup_assistant/moveit_setup_controllers) by extension 'ros'
[0.542s] DEBUG:colcon.colcon_core.package_identification:Package 'src/moveit2/moveit_setup_assistant/moveit_setup_controllers' with type 'ros.ament_cmake' and name 'moveit_setup_controllers'
[0.542s] Level 1:colcon.colcon_core.package_identification:_identify(src/moveit2/moveit_setup_assistant/moveit_setup_core_plugins) by extensions ['ignore', 'ignore_ament_install']
[0.542s] Level 1:colcon.colcon_core.package_identification:_identify(src/moveit2/moveit_setup_assistant/moveit_setup_core_plugins) by extension 'ignore'
[0.542s] Level 1:colcon.colcon_core.package_identification:_identify(src/moveit2/moveit_setup_assistant/moveit_setup_core_plugins) by extension 'ignore_ament_install'
[0.542s] Level 1:colcon.colcon_core.package_identification:_identify(src/moveit2/moveit_setup_assistant/moveit_setup_core_plugins) by extensions ['colcon_pkg']
[0.542s] Level 1:colcon.colcon_core.package_identification:_identify(src/moveit2/moveit_setup_assistant/moveit_setup_core_plugins) by extension 'colcon_pkg'
[0.542s] Level 1:colcon.colcon_core.package_identification:_identify(src/moveit2/moveit_setup_assistant/moveit_setup_core_plugins) by extensions ['colcon_meta']
[0.542s] Level 1:colcon.colcon_core.package_identification:_identify(src/moveit2/moveit_setup_assistant/moveit_setup_core_plugins) by extension 'colcon_meta'
[0.543s] Level 1:colcon.colcon_core.package_identification:_identify(src/moveit2/moveit_setup_assistant/moveit_setup_core_plugins) by extensions ['ros']
[0.543s] Level 1:colcon.colcon_core.package_identification:_identify(src/moveit2/moveit_setup_assistant/moveit_setup_core_plugins) by extension 'ros'
[0.543s] DEBUG:colcon.colcon_core.package_identification:Package 'src/moveit2/moveit_setup_assistant/moveit_setup_core_plugins' with type 'ros.ament_cmake' and name 'moveit_setup_core_plugins'
[0.544s] Level 1:colcon.colcon_core.package_identification:_identify(src/moveit2/moveit_setup_assistant/moveit_setup_framework) by extensions ['ignore', 'ignore_ament_install']
[0.544s] Level 1:colcon.colcon_core.package_identification:_identify(src/moveit2/moveit_setup_assistant/moveit_setup_framework) by extension 'ignore'
[0.544s] Level 1:colcon.colcon_core.package_identification:_identify(src/moveit2/moveit_setup_assistant/moveit_setup_framework) by extension 'ignore_ament_install'
[0.544s] Level 1:colcon.colcon_core.package_identification:_identify(src/moveit2/moveit_setup_assistant/moveit_setup_framework) by extensions ['colcon_pkg']
[0.544s] Level 1:colcon.colcon_core.package_identification:_identify(src/moveit2/moveit_setup_assistant/moveit_setup_framework) by extension 'colcon_pkg'
[0.544s] Level 1:colcon.colcon_core.package_identification:_identify(src/moveit2/moveit_setup_assistant/moveit_setup_framework) by extensions ['colcon_meta']
[0.544s] Level 1:colcon.colcon_core.package_identification:_identify(src/moveit2/moveit_setup_assistant/moveit_setup_framework) by extension 'colcon_meta'
[0.544s] Level 1:colcon.colcon_core.package_identification:_identify(src/moveit2/moveit_setup_assistant/moveit_setup_framework) by extensions ['ros']
[0.544s] Level 1:colcon.colcon_core.package_identification:_identify(src/moveit2/moveit_setup_assistant/moveit_setup_framework) by extension 'ros'
[0.545s] DEBUG:colcon.colcon_core.package_identification:Package 'src/moveit2/moveit_setup_assistant/moveit_setup_framework' with type 'ros.ament_cmake' and name 'moveit_setup_framework'
[0.545s] Level 1:colcon.colcon_core.package_identification:_identify(src/moveit2/moveit_setup_assistant/moveit_setup_simulation) by extensions ['ignore', 'ignore_ament_install']
[0.545s] Level 1:colcon.colcon_core.package_identification:_identify(src/moveit2/moveit_setup_assistant/moveit_setup_simulation) by extension 'ignore'
[0.545s] Level 1:colcon.colcon_core.package_identification:_identify(src/moveit2/moveit_setup_assistant/moveit_setup_simulation) ignored
[0.545s] Level 1:colcon.colcon_core.package_identification:_identify(src/moveit2/moveit_setup_assistant/moveit_setup_srdf_plugins) by extensions ['ignore', 'ignore_ament_install']
[0.545s] Level 1:colcon.colcon_core.package_identification:_identify(src/moveit2/moveit_setup_assistant/moveit_setup_srdf_plugins) by extension 'ignore'
[0.545s] Level 1:colcon.colcon_core.package_identification:_identify(src/moveit2/moveit_setup_assistant/moveit_setup_srdf_plugins) by extension 'ignore_ament_install'
[0.545s] Level 1:colcon.colcon_core.package_identification:_identify(src/moveit2/moveit_setup_assistant/moveit_setup_srdf_plugins) by extensions ['colcon_pkg']
[0.545s] Level 1:colcon.colcon_core.package_identification:_identify(src/moveit2/moveit_setup_assistant/moveit_setup_srdf_plugins) by extension 'colcon_pkg'
[0.545s] Level 1:colcon.colcon_core.package_identification:_identify(src/moveit2/moveit_setup_assistant/moveit_setup_srdf_plugins) by extensions ['colcon_meta']
[0.545s] Level 1:colcon.colcon_core.package_identification:_identify(src/moveit2/moveit_setup_assistant/moveit_setup_srdf_plugins) by extension 'colcon_meta'
[0.546s] Level 1:colcon.colcon_core.package_identification:_identify(src/moveit2/moveit_setup_assistant/moveit_setup_srdf_plugins) by extensions ['ros']
[0.546s] Level 1:colcon.colcon_core.package_identification:_identify(src/moveit2/moveit_setup_assistant/moveit_setup_srdf_plugins) by extension 'ros'
[0.546s] DEBUG:colcon.colcon_core.package_identification:Package 'src/moveit2/moveit_setup_assistant/moveit_setup_srdf_plugins' with type 'ros.ament_cmake' and name 'moveit_setup_srdf_plugins'
[0.546s] Level 1:colcon.colcon_core.package_identification:_identify(src/moveit2/moveit_setup_assistant/unported_templates) by extensions ['ignore', 'ignore_ament_install']
[0.546s] Level 1:colcon.colcon_core.package_identification:_identify(src/moveit2/moveit_setup_assistant/unported_templates) by extension 'ignore'
[0.546s] Level 1:colcon.colcon_core.package_identification:_identify(src/moveit2/moveit_setup_assistant/unported_templates) by extension 'ignore_ament_install'
[0.546s] Level 1:colcon.colcon_core.package_identification:_identify(src/moveit2/moveit_setup_assistant/unported_templates) by extensions ['colcon_pkg']
[0.546s] Level 1:colcon.colcon_core.package_identification:_identify(src/moveit2/moveit_setup_assistant/unported_templates) by extension 'colcon_pkg'
[0.547s] Level 1:colcon.colcon_core.package_identification:_identify(src/moveit2/moveit_setup_assistant/unported_templates) by extensions ['colcon_meta']
[0.547s] Level 1:colcon.colcon_core.package_identification:_identify(src/moveit2/moveit_setup_assistant/unported_templates) by extension 'colcon_meta'
[0.547s] Level 1:colcon.colcon_core.package_identification:_identify(src/moveit2/moveit_setup_assistant/unported_templates) by extensions ['ros']
[0.547s] Level 1:colcon.colcon_core.package_identification:_identify(src/moveit2/moveit_setup_assistant/unported_templates) by extension 'ros'
[0.547s] Level 1:colcon.colcon_core.package_identification:_identify(src/moveit2/moveit_setup_assistant/unported_templates) by extensions ['cmake', 'python']
[0.547s] Level 1:colcon.colcon_core.package_identification:_identify(src/moveit2/moveit_setup_assistant/unported_templates) by extension 'cmake'
[0.547s] Level 1:colcon.colcon_core.package_identification:_identify(src/moveit2/moveit_setup_assistant/unported_templates) by extension 'python'
[0.547s] Level 1:colcon.colcon_core.package_identification:_identify(src/moveit2/moveit_setup_assistant/unported_templates) by extensions ['python_setup_py']
[0.547s] Level 1:colcon.colcon_core.package_identification:_identify(src/moveit2/moveit_setup_assistant/unported_templates) by extension 'python_setup_py'
[0.547s] Level 1:colcon.colcon_core.package_identification:_identify(src/moveit2_tutorials) by extensions ['ignore', 'ignore_ament_install']
[0.547s] Level 1:colcon.colcon_core.package_identification:_identify(src/moveit2_tutorials) by extension 'ignore'
[0.547s] Level 1:colcon.colcon_core.package_identification:_identify(src/moveit2_tutorials) by extension 'ignore_ament_install'
[0.547s] Level 1:colcon.colcon_core.package_identification:_identify(src/moveit2_tutorials) by extensions ['colcon_pkg']
[0.547s] Level 1:colcon.colcon_core.package_identification:_identify(src/moveit2_tutorials) by extension 'colcon_pkg'
[0.547s] Level 1:colcon.colcon_core.package_identification:_identify(src/moveit2_tutorials) by extensions ['colcon_meta']
[0.547s] Level 1:colcon.colcon_core.package_identification:_identify(src/moveit2_tutorials) by extension 'colcon_meta'
[0.547s] Level 1:colcon.colcon_core.package_identification:_identify(src/moveit2_tutorials) by extensions ['ros']
[0.547s] Level 1:colcon.colcon_core.package_identification:_identify(src/moveit2_tutorials) by extension 'ros'
[0.549s] DEBUG:colcon.colcon_core.package_identification:Package 'src/moveit2_tutorials' with type 'ros.ament_cmake' and name 'moveit2_tutorials'
[0.550s] Level 1:colcon.colcon_core.package_identification:_identify(src/moveit_resources) by extensions ['ignore', 'ignore_ament_install']
[0.550s] Level 1:colcon.colcon_core.package_identification:_identify(src/moveit_resources) by extension 'ignore'
[0.550s] Level 1:colcon.colcon_core.package_identification:_identify(src/moveit_resources) by extension 'ignore_ament_install'
[0.550s] Level 1:colcon.colcon_core.package_identification:_identify(src/moveit_resources) by extensions ['colcon_pkg']
[0.550s] Level 1:colcon.colcon_core.package_identification:_identify(src/moveit_resources) by extension 'colcon_pkg'
[0.550s] Level 1:colcon.colcon_core.package_identification:_identify(src/moveit_resources) by extensions ['colcon_meta']
[0.550s] Level 1:colcon.colcon_core.package_identification:_identify(src/moveit_resources) by extension 'colcon_meta'
[0.550s] Level 1:colcon.colcon_core.package_identification:_identify(src/moveit_resources) by extensions ['ros']
[0.550s] Level 1:colcon.colcon_core.package_identification:_identify(src/moveit_resources) by extension 'ros'
[0.550s] Level 1:colcon.colcon_core.package_identification:_identify(src/moveit_resources) by extensions ['cmake', 'python']
[0.550s] Level 1:colcon.colcon_core.package_identification:_identify(src/moveit_resources) by extension 'cmake'
[0.550s] Level 1:colcon.colcon_core.package_identification:_identify(src/moveit_resources) by extension 'python'
[0.550s] Level 1:colcon.colcon_core.package_identification:_identify(src/moveit_resources) by extensions ['python_setup_py']
[0.550s] Level 1:colcon.colcon_core.package_identification:_identify(src/moveit_resources) by extension 'python_setup_py'
[0.551s] Level 1:colcon.colcon_core.package_identification:_identify(src/moveit_resources/fanuc_description) by extensions ['ignore', 'ignore_ament_install']
[0.551s] Level 1:colcon.colcon_core.package_identification:_identify(src/moveit_resources/fanuc_description) by extension 'ignore'
[0.551s] Level 1:colcon.colcon_core.package_identification:_identify(src/moveit_resources/fanuc_description) by extension 'ignore_ament_install'
[0.551s] Level 1:colcon.colcon_core.package_identification:_identify(src/moveit_resources/fanuc_description) by extensions ['colcon_pkg']
[0.551s] Level 1:colcon.colcon_core.package_identification:_identify(src/moveit_resources/fanuc_description) by extension 'colcon_pkg'
[0.551s] Level 1:colcon.colcon_core.package_identification:_identify(src/moveit_resources/fanuc_description) by extensions ['colcon_meta']
[0.551s] Level 1:colcon.colcon_core.package_identification:_identify(src/moveit_resources/fanuc_description) by extension 'colcon_meta'
[0.551s] Level 1:colcon.colcon_core.package_identification:_identify(src/moveit_resources/fanuc_description) by extensions ['ros']
[0.551s] Level 1:colcon.colcon_core.package_identification:_identify(src/moveit_resources/fanuc_description) by extension 'ros'
[0.552s] DEBUG:colcon.colcon_core.package_identification:Package 'src/moveit_resources/fanuc_description' with type 'ros.ament_cmake' and name 'moveit_resources_fanuc_description'
[0.552s] Level 1:colcon.colcon_core.package_identification:_identify(src/moveit_resources/fanuc_moveit_config) by extensions ['ignore', 'ignore_ament_install']
[0.552s] Level 1:colcon.colcon_core.package_identification:_identify(src/moveit_resources/fanuc_moveit_config) by extension 'ignore'
[0.552s] Level 1:colcon.colcon_core.package_identification:_identify(src/moveit_resources/fanuc_moveit_config) by extension 'ignore_ament_install'
[0.552s] Level 1:colcon.colcon_core.package_identification:_identify(src/moveit_resources/fanuc_moveit_config) by extensions ['colcon_pkg']
[0.552s] Level 1:colcon.colcon_core.package_identification:_identify(src/moveit_resources/fanuc_moveit_config) by extension 'colcon_pkg'
[0.552s] Level 1:colcon.colcon_core.package_identification:_identify(src/moveit_resources/fanuc_moveit_config) by extensions ['colcon_meta']
[0.552s] Level 1:colcon.colcon_core.package_identification:_identify(src/moveit_resources/fanuc_moveit_config) by extension 'colcon_meta'
[0.552s] Level 1:colcon.colcon_core.package_identification:_identify(src/moveit_resources/fanuc_moveit_config) by extensions ['ros']
[0.552s] Level 1:colcon.colcon_core.package_identification:_identify(src/moveit_resources/fanuc_moveit_config) by extension 'ros'
[0.553s] DEBUG:colcon.colcon_core.package_identification:Package 'src/moveit_resources/fanuc_moveit_config' with type 'ros.ament_cmake' and name 'moveit_resources_fanuc_moveit_config'
[0.553s] Level 1:colcon.colcon_core.package_identification:_identify(src/moveit_resources/moveit_resources) by extensions ['ignore', 'ignore_ament_install']
[0.553s] Level 1:colcon.colcon_core.package_identification:_identify(src/moveit_resources/moveit_resources) by extension 'ignore'
[0.553s] Level 1:colcon.colcon_core.package_identification:_identify(src/moveit_resources/moveit_resources) by extension 'ignore_ament_install'
[0.553s] Level 1:colcon.colcon_core.package_identification:_identify(src/moveit_resources/moveit_resources) by extensions ['colcon_pkg']
[0.553s] Level 1:colcon.colcon_core.package_identification:_identify(src/moveit_resources/moveit_resources) by extension 'colcon_pkg'
[0.553s] Level 1:colcon.colcon_core.package_identification:_identify(src/moveit_resources/moveit_resources) by extensions ['colcon_meta']
[0.553s] Level 1:colcon.colcon_core.package_identification:_identify(src/moveit_resources/moveit_resources) by extension 'colcon_meta'
[0.553s] Level 1:colcon.colcon_core.package_identification:_identify(src/moveit_resources/moveit_resources) by extensions ['ros']
[0.553s] Level 1:colcon.colcon_core.package_identification:_identify(src/moveit_resources/moveit_resources) by extension 'ros'
[0.554s] DEBUG:colcon.colcon_core.package_identification:Package 'src/moveit_resources/moveit_resources' with type 'ros.ament_cmake' and name 'moveit_resources'
[0.554s] Level 1:colcon.colcon_core.package_identification:_identify(src/moveit_resources/panda_description) by extensions ['ignore', 'ignore_ament_install']
[0.554s] Level 1:colcon.colcon_core.package_identification:_identify(src/moveit_resources/panda_description) by extension 'ignore'
[0.554s] Level 1:colcon.colcon_core.package_identification:_identify(src/moveit_resources/panda_description) by extension 'ignore_ament_install'
[0.554s] Level 1:colcon.colcon_core.package_identification:_identify(src/moveit_resources/panda_description) by extensions ['colcon_pkg']
[0.554s] Level 1:colcon.colcon_core.package_identification:_identify(src/moveit_resources/panda_description) by extension 'colcon_pkg'
[0.554s] Level 1:colcon.colcon_core.package_identification:_identify(src/moveit_resources/panda_description) by extensions ['colcon_meta']
[0.554s] Level 1:colcon.colcon_core.package_identification:_identify(src/moveit_resources/panda_description) by extension 'colcon_meta'
[0.554s] Level 1:colcon.colcon_core.package_identification:_identify(src/moveit_resources/panda_description) by extensions ['ros']
[0.554s] Level 1:colcon.colcon_core.package_identification:_identify(src/moveit_resources/panda_description) by extension 'ros'
[0.555s] DEBUG:colcon.colcon_core.package_identification:Package 'src/moveit_resources/panda_description' with type 'ros.ament_cmake' and name 'moveit_resources_panda_description'
[0.555s] Level 1:colcon.colcon_core.package_identification:_identify(src/moveit_resources/panda_moveit_config) by extensions ['ignore', 'ignore_ament_install']
[0.555s] Level 1:colcon.colcon_core.package_identification:_identify(src/moveit_resources/panda_moveit_config) by extension 'ignore'
[0.555s] Level 1:colcon.colcon_core.package_identification:_identify(src/moveit_resources/panda_moveit_config) by extension 'ignore_ament_install'
[0.555s] Level 1:colcon.colcon_core.package_identification:_identify(src/moveit_resources/panda_moveit_config) by extensions ['colcon_pkg']
[0.555s] Level 1:colcon.colcon_core.package_identification:_identify(src/moveit_resources/panda_moveit_config) by extension 'colcon_pkg'
[0.555s] Level 1:colcon.colcon_core.package_identification:_identify(src/moveit_resources/panda_moveit_config) by extensions ['colcon_meta']
[0.555s] Level 1:colcon.colcon_core.package_identification:_identify(src/moveit_resources/panda_moveit_config) by extension 'colcon_meta'
[0.555s] Level 1:colcon.colcon_core.package_identification:_identify(src/moveit_resources/panda_moveit_config) by extensions ['ros']
[0.555s] Level 1:colcon.colcon_core.package_identification:_identify(src/moveit_resources/panda_moveit_config) by extension 'ros'
[0.556s] DEBUG:colcon.colcon_core.package_identification:Package 'src/moveit_resources/panda_moveit_config' with type 'ros.ament_cmake' and name 'moveit_resources_panda_moveit_config'
[0.556s] Level 1:colcon.colcon_core.package_identification:_identify(src/moveit_resources/pr2_description) by extensions ['ignore', 'ignore_ament_install']
[0.556s] Level 1:colcon.colcon_core.package_identification:_identify(src/moveit_resources/pr2_description) by extension 'ignore'
[0.556s] Level 1:colcon.colcon_core.package_identification:_identify(src/moveit_resources/pr2_description) by extension 'ignore_ament_install'
[0.556s] Level 1:colcon.colcon_core.package_identification:_identify(src/moveit_resources/pr2_description) by extensions ['colcon_pkg']
[0.556s] Level 1:colcon.colcon_core.package_identification:_identify(src/moveit_resources/pr2_description) by extension 'colcon_pkg'
[0.556s] Level 1:colcon.colcon_core.package_identification:_identify(src/moveit_resources/pr2_description) by extensions ['colcon_meta']
[0.556s] Level 1:colcon.colcon_core.package_identification:_identify(src/moveit_resources/pr2_description) by extension 'colcon_meta'
[0.556s] Level 1:colcon.colcon_core.package_identification:_identify(src/moveit_resources/pr2_description) by extensions ['ros']
[0.556s] Level 1:colcon.colcon_core.package_identification:_identify(src/moveit_resources/pr2_description) by extension 'ros'
[0.557s] DEBUG:colcon.colcon_core.package_identification:Package 'src/moveit_resources/pr2_description' with type 'ros.ament_cmake' and name 'moveit_resources_pr2_description'
[0.557s] Level 1:colcon.colcon_core.package_identification:_identify(src/moveit_task_constructor) by extensions ['ignore', 'ignore_ament_install']
[0.557s] Level 1:colcon.colcon_core.package_identification:_identify(src/moveit_task_constructor) by extension 'ignore'
[0.557s] Level 1:colcon.colcon_core.package_identification:_identify(src/moveit_task_constructor) by extension 'ignore_ament_install'
[0.557s] Level 1:colcon.colcon_core.package_identification:_identify(src/moveit_task_constructor) by extensions ['colcon_pkg']
[0.557s] Level 1:colcon.colcon_core.package_identification:_identify(src/moveit_task_constructor) by extension 'colcon_pkg'
[0.557s] Level 1:colcon.colcon_core.package_identification:_identify(src/moveit_task_constructor) by extensions ['colcon_meta']
[0.557s] Level 1:colcon.colcon_core.package_identification:_identify(src/moveit_task_constructor) by extension 'colcon_meta'
[0.557s] Level 1:colcon.colcon_core.package_identification:_identify(src/moveit_task_constructor) by extensions ['ros']
[0.557s] Level 1:colcon.colcon_core.package_identification:_identify(src/moveit_task_constructor) by extension 'ros'
[0.558s] Level 1:colcon.colcon_core.package_identification:_identify(src/moveit_task_constructor) by extensions ['cmake', 'python']
[0.558s] Level 1:colcon.colcon_core.package_identification:_identify(src/moveit_task_constructor) by extension 'cmake'
[0.558s] Level 1:colcon.colcon_core.package_identification:_identify(src/moveit_task_constructor) by extension 'python'
[0.558s] Level 1:colcon.colcon_core.package_identification:_identify(src/moveit_task_constructor) by extensions ['python_setup_py']
[0.558s] Level 1:colcon.colcon_core.package_identification:_identify(src/moveit_task_constructor) by extension 'python_setup_py'
[0.558s] Level 1:colcon.colcon_core.package_identification:_identify(src/moveit_task_constructor/capabilities) by extensions ['ignore', 'ignore_ament_install']
[0.558s] Level 1:colcon.colcon_core.package_identification:_identify(src/moveit_task_constructor/capabilities) by extension 'ignore'
[0.558s] Level 1:colcon.colcon_core.package_identification:_identify(src/moveit_task_constructor/capabilities) by extension 'ignore_ament_install'
[0.558s] Level 1:colcon.colcon_core.package_identification:_identify(src/moveit_task_constructor/capabilities) by extensions ['colcon_pkg']
[0.558s] Level 1:colcon.colcon_core.package_identification:_identify(src/moveit_task_constructor/capabilities) by extension 'colcon_pkg'
[0.558s] Level 1:colcon.colcon_core.package_identification:_identify(src/moveit_task_constructor/capabilities) by extensions ['colcon_meta']
[0.558s] Level 1:colcon.colcon_core.package_identification:_identify(src/moveit_task_constructor/capabilities) by extension 'colcon_meta'
[0.558s] Level 1:colcon.colcon_core.package_identification:_identify(src/moveit_task_constructor/capabilities) by extensions ['ros']
[0.558s] Level 1:colcon.colcon_core.package_identification:_identify(src/moveit_task_constructor/capabilities) by extension 'ros'
[0.559s] DEBUG:colcon.colcon_core.package_identification:Package 'src/moveit_task_constructor/capabilities' with type 'ros.ament_cmake' and name 'moveit_task_constructor_capabilities'
[0.559s] Level 1:colcon.colcon_core.package_identification:_identify(src/moveit_task_constructor/core) by extensions ['ignore', 'ignore_ament_install']
[0.559s] Level 1:colcon.colcon_core.package_identification:_identify(src/moveit_task_constructor/core) by extension 'ignore'
[0.559s] Level 1:colcon.colcon_core.package_identification:_identify(src/moveit_task_constructor/core) by extension 'ignore_ament_install'
[0.559s] Level 1:colcon.colcon_core.package_identification:_identify(src/moveit_task_constructor/core) by extensions ['colcon_pkg']
[0.559s] Level 1:colcon.colcon_core.package_identification:_identify(src/moveit_task_constructor/core) by extension 'colcon_pkg'
[0.559s] Level 1:colcon.colcon_core.package_identification:_identify(src/moveit_task_constructor/core) by extensions ['colcon_meta']
[0.560s] Level 1:colcon.colcon_core.package_identification:_identify(src/moveit_task_constructor/core) by extension 'colcon_meta'
[0.560s] Level 1:colcon.colcon_core.package_identification:_identify(src/moveit_task_constructor/core) by extensions ['ros']
[0.560s] Level 1:colcon.colcon_core.package_identification:_identify(src/moveit_task_constructor/core) by extension 'ros'
[0.561s] DEBUG:colcon.colcon_core.package_identification:Package 'src/moveit_task_constructor/core' with type 'ros.ament_cmake' and name 'moveit_task_constructor_core'
[0.561s] Level 1:colcon.colcon_core.package_identification:_identify(src/moveit_task_constructor/demo) by extensions ['ignore', 'ignore_ament_install']
[0.562s] Level 1:colcon.colcon_core.package_identification:_identify(src/moveit_task_constructor/demo) by extension 'ignore'
[0.562s] Level 1:colcon.colcon_core.package_identification:_identify(src/moveit_task_constructor/demo) by extension 'ignore_ament_install'
[0.562s] Level 1:colcon.colcon_core.package_identification:_identify(src/moveit_task_constructor/demo) by extensions ['colcon_pkg']
[0.562s] Level 1:colcon.colcon_core.package_identification:_identify(src/moveit_task_constructor/demo) by extension 'colcon_pkg'
[0.562s] Level 1:colcon.colcon_core.package_identification:_identify(src/moveit_task_constructor/demo) by extensions ['colcon_meta']
[0.562s] Level 1:colcon.colcon_core.package_identification:_identify(src/moveit_task_constructor/demo) by extension 'colcon_meta'
[0.562s] Level 1:colcon.colcon_core.package_identification:_identify(src/moveit_task_constructor/demo) by extensions ['ros']
[0.562s] Level 1:colcon.colcon_core.package_identification:_identify(src/moveit_task_constructor/demo) by extension 'ros'
[0.562s] DEBUG:colcon.colcon_core.package_identification:Package 'src/moveit_task_constructor/demo' with type 'ros.ament_cmake' and name 'moveit_task_constructor_demo'
[0.563s] Level 1:colcon.colcon_core.package_identification:_identify(src/moveit_task_constructor/msgs) by extensions ['ignore', 'ignore_ament_install']
[0.563s] Level 1:colcon.colcon_core.package_identification:_identify(src/moveit_task_constructor/msgs) by extension 'ignore'
[0.563s] Level 1:colcon.colcon_core.package_identification:_identify(src/moveit_task_constructor/msgs) by extension 'ignore_ament_install'
[0.563s] Level 1:colcon.colcon_core.package_identification:_identify(src/moveit_task_constructor/msgs) by extensions ['colcon_pkg']
[0.563s] Level 1:colcon.colcon_core.package_identification:_identify(src/moveit_task_constructor/msgs) by extension 'colcon_pkg'
[0.563s] Level 1:colcon.colcon_core.package_identification:_identify(src/moveit_task_constructor/msgs) by extensions ['colcon_meta']
[0.563s] Level 1:colcon.colcon_core.package_identification:_identify(src/moveit_task_constructor/msgs) by extension 'colcon_meta'
[0.563s] Level 1:colcon.colcon_core.package_identification:_identify(src/moveit_task_constructor/msgs) by extensions ['ros']
[0.563s] Level 1:colcon.colcon_core.package_identification:_identify(src/moveit_task_constructor/msgs) by extension 'ros'
[0.563s] DEBUG:colcon.colcon_core.package_identification:Package 'src/moveit_task_constructor/msgs' with type 'ros.ament_cmake' and name 'moveit_task_constructor_msgs'
[0.564s] Level 1:colcon.colcon_core.package_identification:_identify(src/moveit_task_constructor/rviz_marker_tools) by extensions ['ignore', 'ignore_ament_install']
[0.564s] Level 1:colcon.colcon_core.package_identification:_identify(src/moveit_task_constructor/rviz_marker_tools) by extension 'ignore'
[0.564s] Level 1:colcon.colcon_core.package_identification:_identify(src/moveit_task_constructor/rviz_marker_tools) by extension 'ignore_ament_install'
[0.564s] Level 1:colcon.colcon_core.package_identification:_identify(src/moveit_task_constructor/rviz_marker_tools) by extensions ['colcon_pkg']
[0.564s] Level 1:colcon.colcon_core.package_identification:_identify(src/moveit_task_constructor/rviz_marker_tools) by extension 'colcon_pkg'
[0.564s] Level 1:colcon.colcon_core.package_identification:_identify(src/moveit_task_constructor/rviz_marker_tools) by extensions ['colcon_meta']
[0.564s] Level 1:colcon.colcon_core.package_identification:_identify(src/moveit_task_constructor/rviz_marker_tools) by extension 'colcon_meta'
[0.564s] Level 1:colcon.colcon_core.package_identification:_identify(src/moveit_task_constructor/rviz_marker_tools) by extensions ['ros']
[0.564s] Level 1:colcon.colcon_core.package_identification:_identify(src/moveit_task_constructor/rviz_marker_tools) by extension 'ros'
[0.565s] DEBUG:colcon.colcon_core.package_identification:Package 'src/moveit_task_constructor/rviz_marker_tools' with type 'ros.ament_cmake' and name 'rviz_marker_tools'
[0.565s] Level 1:colcon.colcon_core.package_identification:_identify(src/moveit_task_constructor/visualization) by extensions ['ignore', 'ignore_ament_install']
[0.565s] Level 1:colcon.colcon_core.package_identification:_identify(src/moveit_task_constructor/visualization) by extension 'ignore'
[0.565s] Level 1:colcon.colcon_core.package_identification:_identify(src/moveit_task_constructor/visualization) by extension 'ignore_ament_install'
[0.565s] Level 1:colcon.colcon_core.package_identification:_identify(src/moveit_task_constructor/visualization) by extensions ['colcon_pkg']
[0.565s] Level 1:colcon.colcon_core.package_identification:_identify(src/moveit_task_constructor/visualization) by extension 'colcon_pkg'
[0.565s] Level 1:colcon.colcon_core.package_identification:_identify(src/moveit_task_constructor/visualization) by extensions ['colcon_meta']
[0.565s] Level 1:colcon.colcon_core.package_identification:_identify(src/moveit_task_constructor/visualization) by extension 'colcon_meta'
[0.565s] Level 1:colcon.colcon_core.package_identification:_identify(src/moveit_task_constructor/visualization) by extensions ['ros']
[0.565s] Level 1:colcon.colcon_core.package_identification:_identify(src/moveit_task_constructor/visualization) by extension 'ros'
[0.566s] DEBUG:colcon.colcon_core.package_identification:Package 'src/moveit_task_constructor/visualization' with type 'ros.ament_cmake' and name 'moveit_task_constructor_visualization'
[0.566s] Level 1:colcon.colcon_core.package_identification:_identify(src/moveit_visual_tools) by extensions ['ignore', 'ignore_ament_install']
[0.566s] Level 1:colcon.colcon_core.package_identification:_identify(src/moveit_visual_tools) by extension 'ignore'
[0.566s] Level 1:colcon.colcon_core.package_identification:_identify(src/moveit_visual_tools) by extension 'ignore_ament_install'
[0.566s] Level 1:colcon.colcon_core.package_identification:_identify(src/moveit_visual_tools) by extensions ['colcon_pkg']
[0.566s] Level 1:colcon.colcon_core.package_identification:_identify(src/moveit_visual_tools) by extension 'colcon_pkg'
[0.566s] Level 1:colcon.colcon_core.package_identification:_identify(src/moveit_visual_tools) by extensions ['colcon_meta']
[0.566s] Level 1:colcon.colcon_core.package_identification:_identify(src/moveit_visual_tools) by extension 'colcon_meta'
[0.566s] Level 1:colcon.colcon_core.package_identification:_identify(src/moveit_visual_tools) by extensions ['ros']
[0.566s] Level 1:colcon.colcon_core.package_identification:_identify(src/moveit_visual_tools) by extension 'ros'
[0.567s] DEBUG:colcon.colcon_core.package_identification:Package 'src/moveit_visual_tools' with type 'ros.ament_cmake' and name 'moveit_visual_tools'
[0.567s] Level 1:colcon.colcon_core.package_identification:_identify(src/rosparam_shortcuts) by extensions ['ignore', 'ignore_ament_install']
[0.568s] Level 1:colcon.colcon_core.package_identification:_identify(src/rosparam_shortcuts) by extension 'ignore'
[0.568s] Level 1:colcon.colcon_core.package_identification:_identify(src/rosparam_shortcuts) by extension 'ignore_ament_install'
[0.568s] Level 1:colcon.colcon_core.package_identification:_identify(src/rosparam_shortcuts) by extensions ['colcon_pkg']
[0.568s] Level 1:colcon.colcon_core.package_identification:_identify(src/rosparam_shortcuts) by extension 'colcon_pkg'
[0.568s] Level 1:colcon.colcon_core.package_identification:_identify(src/rosparam_shortcuts) by extensions ['colcon_meta']
[0.568s] Level 1:colcon.colcon_core.package_identification:_identify(src/rosparam_shortcuts) by extension 'colcon_meta'
[0.568s] Level 1:colcon.colcon_core.package_identification:_identify(src/rosparam_shortcuts) by extensions ['ros']
[0.568s] Level 1:colcon.colcon_core.package_identification:_identify(src/rosparam_shortcuts) by extension 'ros'
[0.568s] DEBUG:colcon.colcon_core.package_identification:Package 'src/rosparam_shortcuts' with type 'ros.ament_cmake' and name 'rosparam_shortcuts'
[0.569s] Level 1:colcon.colcon_core.package_identification:_identify(src/srdfdom) by extensions ['ignore', 'ignore_ament_install']
[0.569s] Level 1:colcon.colcon_core.package_identification:_identify(src/srdfdom) by extension 'ignore'
[0.569s] Level 1:colcon.colcon_core.package_identification:_identify(src/srdfdom) by extension 'ignore_ament_install'
[0.569s] Level 1:colcon.colcon_core.package_identification:_identify(src/srdfdom) by extensions ['colcon_pkg']
[0.569s] Level 1:colcon.colcon_core.package_identification:_identify(src/srdfdom) by extension 'colcon_pkg'
[0.569s] Level 1:colcon.colcon_core.package_identification:_identify(src/srdfdom) by extensions ['colcon_meta']
[0.569s] Level 1:colcon.colcon_core.package_identification:_identify(src/srdfdom) by extension 'colcon_meta'
[0.569s] Level 1:colcon.colcon_core.package_identification:_identify(src/srdfdom) by extensions ['ros']
[0.569s] Level 1:colcon.colcon_core.package_identification:_identify(src/srdfdom) by extension 'ros'
[0.569s] DEBUG:colcon.colcon_core.package_identification:Package 'src/srdfdom' with type 'ros.ament_cmake' and name 'srdfdom'
[0.569s] Level 1:colcon.colcon_core.package_discovery:discover_packages(recursive) using defaults
[0.570s] Level 1:colcon.colcon_core.package_discovery:discover_packages(ignore) discover
[0.570s] Level 1:colcon.colcon_core.package_discovery:discover_packages(ignore) using defaults
[0.570s] Level 1:colcon.colcon_core.package_discovery:discover_packages(path) discover
[0.570s] Level 1:colcon.colcon_core.package_discovery:discover_packages(path) using defaults
[0.629s] Level 1:colcon.colcon_core.package_discovery:discover_packages(prefix_path) check parameters
[0.629s] Level 1:colcon.colcon_core.package_discovery:discover_packages(prefix_path) discover
[0.635s] DEBUG:colcon.colcon_installed_package_information.package_discovery:Found 55 installed packages in /home/jone/ws_moveit/install
[0.636s] DEBUG:colcon.colcon_installed_package_information.package_discovery:Found 413 installed packages in /opt/ros/humble
[0.638s] Level 1:colcon.colcon_core.package_discovery:discover_packages(prefix_path) using defaults
[0.707s] Level 5:colcon.colcon_core.verb:set package 'launch_param_builder' build argument 'cmake_args' from command line to '['-DCMAKE_BUILD_TYPE=Debug']'
[0.707s] Level 5:colcon.colcon_core.verb:set package 'launch_param_builder' build argument 'cmake_target' from command line to 'None'
[0.707s] Level 5:colcon.colcon_core.verb:set package 'launch_param_builder' build argument 'cmake_target_skip_unavailable' from command line to 'False'
[0.707s] Level 5:colcon.colcon_core.verb:set package 'launch_param_builder' build argument 'cmake_clean_cache' from command line to 'False'
[0.708s] Level 5:colcon.colcon_core.verb:set package 'launch_param_builder' build argument 'cmake_clean_first' from command line to 'False'
[0.708s] Level 5:colcon.colcon_core.verb:set package 'launch_param_builder' build argument 'cmake_force_configure' from command line to 'False'
[0.708s] Level 5:colcon.colcon_core.verb:set package 'launch_param_builder' build argument 'ament_cmake_args' from command line to 'None'
[0.708s] Level 5:colcon.colcon_core.verb:set package 'launch_param_builder' build argument 'catkin_cmake_args' from command line to 'None'
[0.708s] Level 5:colcon.colcon_core.verb:set package 'launch_param_builder' build argument 'catkin_skip_building_tests' from command line to 'False'
[0.708s] DEBUG:colcon.colcon_core.verb:Building package 'launch_param_builder' with the following arguments: {'ament_cmake_args': None, 'build_base': '/home/jone/ws_moveit/build/launch_param_builder', 'catkin_cmake_args': None, 'catkin_skip_building_tests': False, 'cmake_args': ['-DCMAKE_BUILD_TYPE=Debug'], 'cmake_clean_cache': False, 'cmake_clean_first': False, 'cmake_force_configure': False, 'cmake_target': None, 'cmake_target_skip_unavailable': False, 'install_base': '/home/jone/ws_moveit/install/launch_param_builder', 'merge_install': False, 'path': '/home/jone/ws_moveit/src/launch_param_builder', 'symlink_install': False, 'test_result_base': None}
[0.708s] Level 5:colcon.colcon_core.verb:set package 'moveit_common' build argument 'cmake_args' from command line to '['-DCMAKE_BUILD_TYPE=Debug']'
[0.708s] Level 5:colcon.colcon_core.verb:set package 'moveit_common' build argument 'cmake_target' from command line to 'None'
[0.708s] Level 5:colcon.colcon_core.verb:set package 'moveit_common' build argument 'cmake_target_skip_unavailable' from command line to 'False'
[0.708s] Level 5:colcon.colcon_core.verb:set package 'moveit_common' build argument 'cmake_clean_cache' from command line to 'False'
[0.708s] Level 5:colcon.colcon_core.verb:set package 'moveit_common' build argument 'cmake_clean_first' from command line to 'False'
[0.708s] Level 5:colcon.colcon_core.verb:set package 'moveit_common' build argument 'cmake_force_configure' from command line to 'False'
[0.708s] Level 5:colcon.colcon_core.verb:set package 'moveit_common' build argument 'ament_cmake_args' from command line to 'None'
[0.708s] Level 5:colcon.colcon_core.verb:set package 'moveit_common' build argument 'catkin_cmake_args' from command line to 'None'
[0.708s] Level 5:colcon.colcon_core.verb:set package 'moveit_common' build argument 'catkin_skip_building_tests' from command line to 'False'
[0.708s] DEBUG:colcon.colcon_core.verb:Building package 'moveit_common' with the following arguments: {'ament_cmake_args': None, 'build_base': '/home/jone/ws_moveit/build/moveit_common', 'catkin_cmake_args': None, 'catkin_skip_building_tests': False, 'cmake_args': ['-DCMAKE_BUILD_TYPE=Debug'], 'cmake_clean_cache': False, 'cmake_clean_first': False, 'cmake_force_configure': False, 'cmake_target': None, 'cmake_target_skip_unavailable': False, 'install_base': '/home/jone/ws_moveit/install/moveit_common', 'merge_install': False, 'path': '/home/jone/ws_moveit/src/moveit2/moveit_common', 'symlink_install': False, 'test_result_base': None}
[0.708s] Level 5:colcon.colcon_core.verb:set package 'moveit_resources_fanuc_description' build argument 'cmake_args' from command line to '['-DCMAKE_BUILD_TYPE=Debug']'
[0.708s] Level 5:colcon.colcon_core.verb:set package 'moveit_resources_fanuc_description' build argument 'cmake_target' from command line to 'None'
[0.708s] Level 5:colcon.colcon_core.verb:set package 'moveit_resources_fanuc_description' build argument 'cmake_target_skip_unavailable' from command line to 'False'
[0.708s] Level 5:colcon.colcon_core.verb:set package 'moveit_resources_fanuc_description' build argument 'cmake_clean_cache' from command line to 'False'
[0.708s] Level 5:colcon.colcon_core.verb:set package 'moveit_resources_fanuc_description' build argument 'cmake_clean_first' from command line to 'False'
[0.708s] Level 5:colcon.colcon_core.verb:set package 'moveit_resources_fanuc_description' build argument 'cmake_force_configure' from command line to 'False'
[0.708s] Level 5:colcon.colcon_core.verb:set package 'moveit_resources_fanuc_description' build argument 'ament_cmake_args' from command line to 'None'
[0.708s] Level 5:colcon.colcon_core.verb:set package 'moveit_resources_fanuc_description' build argument 'catkin_cmake_args' from command line to 'None'
[0.708s] Level 5:colcon.colcon_core.verb:set package 'moveit_resources_fanuc_description' build argument 'catkin_skip_building_tests' from command line to 'False'
[0.708s] DEBUG:colcon.colcon_core.verb:Building package 'moveit_resources_fanuc_description' with the following arguments: {'ament_cmake_args': None, 'build_base': '/home/jone/ws_moveit/build/moveit_resources_fanuc_description', 'catkin_cmake_args': None, 'catkin_skip_building_tests': False, 'cmake_args': ['-DCMAKE_BUILD_TYPE=Debug'], 'cmake_clean_cache': False, 'cmake_clean_first': False, 'cmake_force_configure': False, 'cmake_target': None, 'cmake_target_skip_unavailable': False, 'install_base': '/home/jone/ws_moveit/install/moveit_resources_fanuc_description', 'merge_install': False, 'path': '/home/jone/ws_moveit/src/moveit_resources/fanuc_description', 'symlink_install': False, 'test_result_base': None}
[0.709s] Level 5:colcon.colcon_core.verb:set package 'moveit_resources_panda_description' build argument 'cmake_args' from command line to '['-DCMAKE_BUILD_TYPE=Debug']'
[0.709s] Level 5:colcon.colcon_core.verb:set package 'moveit_resources_panda_description' build argument 'cmake_target' from command line to 'None'
[0.709s] Level 5:colcon.colcon_core.verb:set package 'moveit_resources_panda_description' build argument 'cmake_target_skip_unavailable' from command line to 'False'
[0.709s] Level 5:colcon.colcon_core.verb:set package 'moveit_resources_panda_description' build argument 'cmake_clean_cache' from command line to 'False'
[0.709s] Level 5:colcon.colcon_core.verb:set package 'moveit_resources_panda_description' build argument 'cmake_clean_first' from command line to 'False'
[0.709s] Level 5:colcon.colcon_core.verb:set package 'moveit_resources_panda_description' build argument 'cmake_force_configure' from command line to 'False'
[0.709s] Level 5:colcon.colcon_core.verb:set package 'moveit_resources_panda_description' build argument 'ament_cmake_args' from command line to 'None'
[0.709s] Level 5:colcon.colcon_core.verb:set package 'moveit_resources_panda_description' build argument 'catkin_cmake_args' from command line to 'None'
[0.709s] Level 5:colcon.colcon_core.verb:set package 'moveit_resources_panda_description' build argument 'catkin_skip_building_tests' from command line to 'False'
[0.709s] DEBUG:colcon.colcon_core.verb:Building package 'moveit_resources_panda_description' with the following arguments: {'ament_cmake_args': None, 'build_base': '/home/jone/ws_moveit/build/moveit_resources_panda_description', 'catkin_cmake_args': None, 'catkin_skip_building_tests': False, 'cmake_args': ['-DCMAKE_BUILD_TYPE=Debug'], 'cmake_clean_cache': False, 'cmake_clean_first': False, 'cmake_force_configure': False, 'cmake_target': None, 'cmake_target_skip_unavailable': False, 'install_base': '/home/jone/ws_moveit/install/moveit_resources_panda_description', 'merge_install': False, 'path': '/home/jone/ws_moveit/src/moveit_resources/panda_description', 'symlink_install': False, 'test_result_base': None}
[0.709s] Level 5:colcon.colcon_core.verb:set package 'moveit_resources_pr2_description' build argument 'cmake_args' from command line to '['-DCMAKE_BUILD_TYPE=Debug']'
[0.709s] Level 5:colcon.colcon_core.verb:set package 'moveit_resources_pr2_description' build argument 'cmake_target' from command line to 'None'
[0.709s] Level 5:colcon.colcon_core.verb:set package 'moveit_resources_pr2_description' build argument 'cmake_target_skip_unavailable' from command line to 'False'
[0.709s] Level 5:colcon.colcon_core.verb:set package 'moveit_resources_pr2_description' build argument 'cmake_clean_cache' from command line to 'False'
[0.709s] Level 5:colcon.colcon_core.verb:set package 'moveit_resources_pr2_description' build argument 'cmake_clean_first' from command line to 'False'
[0.709s] Level 5:colcon.colcon_core.verb:set package 'moveit_resources_pr2_description' build argument 'cmake_force_configure' from command line to 'False'
[0.709s] Level 5:colcon.colcon_core.verb:set package 'moveit_resources_pr2_description' build argument 'ament_cmake_args' from command line to 'None'
[0.709s] Level 5:colcon.colcon_core.verb:set package 'moveit_resources_pr2_description' build argument 'catkin_cmake_args' from command line to 'None'
[0.709s] Level 5:colcon.colcon_core.verb:set package 'moveit_resources_pr2_description' build argument 'catkin_skip_building_tests' from command line to 'False'
[0.709s] DEBUG:colcon.colcon_core.verb:Building package 'moveit_resources_pr2_description' with the following arguments: {'ament_cmake_args': None, 'build_base': '/home/jone/ws_moveit/build/moveit_resources_pr2_description', 'catkin_cmake_args': None, 'catkin_skip_building_tests': False, 'cmake_args': ['-DCMAKE_BUILD_TYPE=Debug'], 'cmake_clean_cache': False, 'cmake_clean_first': False, 'cmake_force_configure': False, 'cmake_target': None, 'cmake_target_skip_unavailable': False, 'install_base': '/home/jone/ws_moveit/install/moveit_resources_pr2_description', 'merge_install': False, 'path': '/home/jone/ws_moveit/src/moveit_resources/pr2_description', 'symlink_install': False, 'test_result_base': None}
[0.709s] Level 5:colcon.colcon_core.verb:set package 'moveit_resources_prbt_support' build argument 'cmake_args' from command line to '['-DCMAKE_BUILD_TYPE=Debug']'
[0.709s] Level 5:colcon.colcon_core.verb:set package 'moveit_resources_prbt_support' build argument 'cmake_target' from command line to 'None'
[0.710s] Level 5:colcon.colcon_core.verb:set package 'moveit_resources_prbt_support' build argument 'cmake_target_skip_unavailable' from command line to 'False'
[0.710s] Level 5:colcon.colcon_core.verb:set package 'moveit_resources_prbt_support' build argument 'cmake_clean_cache' from command line to 'False'
[0.710s] Level 5:colcon.colcon_core.verb:set package 'moveit_resources_prbt_support' build argument 'cmake_clean_first' from command line to 'False'
[0.710s] Level 5:colcon.colcon_core.verb:set package 'moveit_resources_prbt_support' build argument 'cmake_force_configure' from command line to 'False'
[0.710s] Level 5:colcon.colcon_core.verb:set package 'moveit_resources_prbt_support' build argument 'ament_cmake_args' from command line to 'None'
[0.710s] Level 5:colcon.colcon_core.verb:set package 'moveit_resources_prbt_support' build argument 'catkin_cmake_args' from command line to 'None'
[0.710s] Level 5:colcon.colcon_core.verb:set package 'moveit_resources_prbt_support' build argument 'catkin_skip_building_tests' from command line to 'False'
[0.710s] DEBUG:colcon.colcon_core.verb:Building package 'moveit_resources_prbt_support' with the following arguments: {'ament_cmake_args': None, 'build_base': '/home/jone/ws_moveit/build/moveit_resources_prbt_support', 'catkin_cmake_args': None, 'catkin_skip_building_tests': False, 'cmake_args': ['-DCMAKE_BUILD_TYPE=Debug'], 'cmake_clean_cache': False, 'cmake_clean_first': False, 'cmake_force_configure': False, 'cmake_target': None, 'cmake_target_skip_unavailable': False, 'install_base': '/home/jone/ws_moveit/install/moveit_resources_prbt_support', 'merge_install': False, 'path': '/home/jone/ws_moveit/src/moveit2/moveit_planners/test_configs/prbt_support', 'symlink_install': False, 'test_result_base': None}
[0.710s] Level 5:colcon.colcon_core.verb:set package 'moveit_task_constructor_msgs' build argument 'cmake_args' from command line to '['-DCMAKE_BUILD_TYPE=Debug']'
[0.710s] Level 5:colcon.colcon_core.verb:set package 'moveit_task_constructor_msgs' build argument 'cmake_target' from command line to 'None'
[0.710s] Level 5:colcon.colcon_core.verb:set package 'moveit_task_constructor_msgs' build argument 'cmake_target_skip_unavailable' from command line to 'False'
[0.710s] Level 5:colcon.colcon_core.verb:set package 'moveit_task_constructor_msgs' build argument 'cmake_clean_cache' from command line to 'False'
[0.710s] Level 5:colcon.colcon_core.verb:set package 'moveit_task_constructor_msgs' build argument 'cmake_clean_first' from command line to 'False'
[0.710s] Level 5:colcon.colcon_core.verb:set package 'moveit_task_constructor_msgs' build argument 'cmake_force_configure' from command line to 'False'
[0.710s] Level 5:colcon.colcon_core.verb:set package 'moveit_task_constructor_msgs' build argument 'ament_cmake_args' from command line to 'None'
[0.710s] Level 5:colcon.colcon_core.verb:set package 'moveit_task_constructor_msgs' build argument 'catkin_cmake_args' from command line to 'None'
[0.710s] Level 5:colcon.colcon_core.verb:set package 'moveit_task_constructor_msgs' build argument 'catkin_skip_building_tests' from command line to 'False'
[0.710s] DEBUG:colcon.colcon_core.verb:Building package 'moveit_task_constructor_msgs' with the following arguments: {'ament_cmake_args': None, 'build_base': '/home/jone/ws_moveit/build/moveit_task_constructor_msgs', 'catkin_cmake_args': None, 'catkin_skip_building_tests': False, 'cmake_args': ['-DCMAKE_BUILD_TYPE=Debug'], 'cmake_clean_cache': False, 'cmake_clean_first': False, 'cmake_force_configure': False, 'cmake_target': None, 'cmake_target_skip_unavailable': False, 'install_base': '/home/jone/ws_moveit/install/moveit_task_constructor_msgs', 'merge_install': False, 'path': '/home/jone/ws_moveit/src/moveit_task_constructor/msgs', 'symlink_install': False, 'test_result_base': None}
[0.710s] Level 5:colcon.colcon_core.verb:set package 'rosparam_shortcuts' build argument 'cmake_args' from command line to '['-DCMAKE_BUILD_TYPE=Debug']'
[0.710s] Level 5:colcon.colcon_core.verb:set package 'rosparam_shortcuts' build argument 'cmake_target' from command line to 'None'
[0.710s] Level 5:colcon.colcon_core.verb:set package 'rosparam_shortcuts' build argument 'cmake_target_skip_unavailable' from command line to 'False'
[0.710s] Level 5:colcon.colcon_core.verb:set package 'rosparam_shortcuts' build argument 'cmake_clean_cache' from command line to 'False'
[0.710s] Level 5:colcon.colcon_core.verb:set package 'rosparam_shortcuts' build argument 'cmake_clean_first' from command line to 'False'
[0.710s] Level 5:colcon.colcon_core.verb:set package 'rosparam_shortcuts' build argument 'cmake_force_configure' from command line to 'False'
[0.710s] Level 5:colcon.colcon_core.verb:set package 'rosparam_shortcuts' build argument 'ament_cmake_args' from command line to 'None'
[0.710s] Level 5:colcon.colcon_core.verb:set package 'rosparam_shortcuts' build argument 'catkin_cmake_args' from command line to 'None'
[0.710s] Level 5:colcon.colcon_core.verb:set package 'rosparam_shortcuts' build argument 'catkin_skip_building_tests' from command line to 'False'
[0.710s] DEBUG:colcon.colcon_core.verb:Building package 'rosparam_shortcuts' with the following arguments: {'ament_cmake_args': None, 'build_base': '/home/jone/ws_moveit/build/rosparam_shortcuts', 'catkin_cmake_args': None, 'catkin_skip_building_tests': False, 'cmake_args': ['-DCMAKE_BUILD_TYPE=Debug'], 'cmake_clean_cache': False, 'cmake_clean_first': False, 'cmake_force_configure': False, 'cmake_target': None, 'cmake_target_skip_unavailable': False, 'install_base': '/home/jone/ws_moveit/install/rosparam_shortcuts', 'merge_install': False, 'path': '/home/jone/ws_moveit/src/rosparam_shortcuts', 'symlink_install': False, 'test_result_base': None}
[0.711s] Level 5:colcon.colcon_core.verb:set package 'srdfdom' build argument 'cmake_args' from command line to '['-DCMAKE_BUILD_TYPE=Debug']'
[0.711s] Level 5:colcon.colcon_core.verb:set package 'srdfdom' build argument 'cmake_target' from command line to 'None'
[0.711s] Level 5:colcon.colcon_core.verb:set package 'srdfdom' build argument 'cmake_target_skip_unavailable' from command line to 'False'
[0.711s] Level 5:colcon.colcon_core.verb:set package 'srdfdom' build argument 'cmake_clean_cache' from command line to 'False'
[0.711s] Level 5:colcon.colcon_core.verb:set package 'srdfdom' build argument 'cmake_clean_first' from command line to 'False'
[0.711s] Level 5:colcon.colcon_core.verb:set package 'srdfdom' build argument 'cmake_force_configure' from command line to 'False'
[0.711s] Level 5:colcon.colcon_core.verb:set package 'srdfdom' build argument 'ament_cmake_args' from command line to 'None'
[0.711s] Level 5:colcon.colcon_core.verb:set package 'srdfdom' build argument 'catkin_cmake_args' from command line to 'None'
[0.711s] Level 5:colcon.colcon_core.verb:set package 'srdfdom' build argument 'catkin_skip_building_tests' from command line to 'False'
[0.711s] DEBUG:colcon.colcon_core.verb:Building package 'srdfdom' with the following arguments: {'ament_cmake_args': None, 'build_base': '/home/jone/ws_moveit/build/srdfdom', 'catkin_cmake_args': None, 'catkin_skip_building_tests': False, 'cmake_args': ['-DCMAKE_BUILD_TYPE=Debug'], 'cmake_clean_cache': False, 'cmake_clean_first': False, 'cmake_force_configure': False, 'cmake_target': None, 'cmake_target_skip_unavailable': False, 'install_base': '/home/jone/ws_moveit/install/srdfdom', 'merge_install': False, 'path': '/home/jone/ws_moveit/src/srdfdom', 'symlink_install': False, 'test_result_base': None}
[0.711s] Level 5:colcon.colcon_core.verb:set package 'moveit_configs_utils' build argument 'cmake_args' from command line to '['-DCMAKE_BUILD_TYPE=Debug']'
[0.711s] Level 5:colcon.colcon_core.verb:set package 'moveit_configs_utils' build argument 'cmake_target' from command line to 'None'
[0.711s] Level 5:colcon.colcon_core.verb:set package 'moveit_configs_utils' build argument 'cmake_target_skip_unavailable' from command line to 'False'
[0.711s] Level 5:colcon.colcon_core.verb:set package 'moveit_configs_utils' build argument 'cmake_clean_cache' from command line to 'False'
[0.711s] Level 5:colcon.colcon_core.verb:set package 'moveit_configs_utils' build argument 'cmake_clean_first' from command line to 'False'
[0.711s] Level 5:colcon.colcon_core.verb:set package 'moveit_configs_utils' build argument 'cmake_force_configure' from command line to 'False'
[0.711s] Level 5:colcon.colcon_core.verb:set package 'moveit_configs_utils' build argument 'ament_cmake_args' from command line to 'None'
[0.711s] Level 5:colcon.colcon_core.verb:set package 'moveit_configs_utils' build argument 'catkin_cmake_args' from command line to 'None'
[0.711s] Level 5:colcon.colcon_core.verb:set package 'moveit_configs_utils' build argument 'catkin_skip_building_tests' from command line to 'False'
[0.711s] DEBUG:colcon.colcon_core.verb:Building package 'moveit_configs_utils' with the following arguments: {'ament_cmake_args': None, 'build_base': '/home/jone/ws_moveit/build/moveit_configs_utils', 'catkin_cmake_args': None, 'catkin_skip_building_tests': False, 'cmake_args': ['-DCMAKE_BUILD_TYPE=Debug'], 'cmake_clean_cache': False, 'cmake_clean_first': False, 'cmake_force_configure': False, 'cmake_target': None, 'cmake_target_skip_unavailable': False, 'install_base': '/home/jone/ws_moveit/install/moveit_configs_utils', 'merge_install': False, 'path': '/home/jone/ws_moveit/src/moveit2/moveit_configs_utils', 'symlink_install': False, 'test_result_base': None}
[0.711s] Level 5:colcon.colcon_core.verb:set package 'moveit_resources_fanuc_moveit_config' build argument 'cmake_args' from command line to '['-DCMAKE_BUILD_TYPE=Debug']'
[0.711s] Level 5:colcon.colcon_core.verb:set package 'moveit_resources_fanuc_moveit_config' build argument 'cmake_target' from command line to 'None'
[0.711s] Level 5:colcon.colcon_core.verb:set package 'moveit_resources_fanuc_moveit_config' build argument 'cmake_target_skip_unavailable' from command line to 'False'
[0.711s] Level 5:colcon.colcon_core.verb:set package 'moveit_resources_fanuc_moveit_config' build argument 'cmake_clean_cache' from command line to 'False'
[0.712s] Level 5:colcon.colcon_core.verb:set package 'moveit_resources_fanuc_moveit_config' build argument 'cmake_clean_first' from command line to 'False'
[0.712s] Level 5:colcon.colcon_core.verb:set package 'moveit_resources_fanuc_moveit_config' build argument 'cmake_force_configure' from command line to 'False'
[0.712s] Level 5:colcon.colcon_core.verb:set package 'moveit_resources_fanuc_moveit_config' build argument 'ament_cmake_args' from command line to 'None'
[0.712s] Level 5:colcon.colcon_core.verb:set package 'moveit_resources_fanuc_moveit_config' build argument 'catkin_cmake_args' from command line to 'None'
[0.712s] Level 5:colcon.colcon_core.verb:set package 'moveit_resources_fanuc_moveit_config' build argument 'catkin_skip_building_tests' from command line to 'False'
[0.712s] DEBUG:colcon.colcon_core.verb:Building package 'moveit_resources_fanuc_moveit_config' with the following arguments: {'ament_cmake_args': None, 'build_base': '/home/jone/ws_moveit/build/moveit_resources_fanuc_moveit_config', 'catkin_cmake_args': None, 'catkin_skip_building_tests': False, 'cmake_args': ['-DCMAKE_BUILD_TYPE=Debug'], 'cmake_clean_cache': False, 'cmake_clean_first': False, 'cmake_force_configure': False, 'cmake_target': None, 'cmake_target_skip_unavailable': False, 'install_base': '/home/jone/ws_moveit/install/moveit_resources_fanuc_moveit_config', 'merge_install': False, 'path': '/home/jone/ws_moveit/src/moveit_resources/fanuc_moveit_config', 'symlink_install': False, 'test_result_base': None}
[0.712s] Level 5:colcon.colcon_core.verb:set package 'moveit_resources_panda_moveit_config' build argument 'cmake_args' from command line to '['-DCMAKE_BUILD_TYPE=Debug']'
[0.712s] Level 5:colcon.colcon_core.verb:set package 'moveit_resources_panda_moveit_config' build argument 'cmake_target' from command line to 'None'
[0.712s] Level 5:colcon.colcon_core.verb:set package 'moveit_resources_panda_moveit_config' build argument 'cmake_target_skip_unavailable' from command line to 'False'
[0.712s] Level 5:colcon.colcon_core.verb:set package 'moveit_resources_panda_moveit_config' build argument 'cmake_clean_cache' from command line to 'False'
[0.712s] Level 5:colcon.colcon_core.verb:set package 'moveit_resources_panda_moveit_config' build argument 'cmake_clean_first' from command line to 'False'
[0.712s] Level 5:colcon.colcon_core.verb:set package 'moveit_resources_panda_moveit_config' build argument 'cmake_force_configure' from command line to 'False'
[0.712s] Level 5:colcon.colcon_core.verb:set package 'moveit_resources_panda_moveit_config' build argument 'ament_cmake_args' from command line to 'None'
[0.712s] Level 5:colcon.colcon_core.verb:set package 'moveit_resources_panda_moveit_config' build argument 'catkin_cmake_args' from command line to 'None'
[0.712s] Level 5:colcon.colcon_core.verb:set package 'moveit_resources_panda_moveit_config' build argument 'catkin_skip_building_tests' from command line to 'False'
[0.712s] DEBUG:colcon.colcon_core.verb:Building package 'moveit_resources_panda_moveit_config' with the following arguments: {'ament_cmake_args': None, 'build_base': '/home/jone/ws_moveit/build/moveit_resources_panda_moveit_config', 'catkin_cmake_args': None, 'catkin_skip_building_tests': False, 'cmake_args': ['-DCMAKE_BUILD_TYPE=Debug'], 'cmake_clean_cache': False, 'cmake_clean_first': False, 'cmake_force_configure': False, 'cmake_target': None, 'cmake_target_skip_unavailable': False, 'install_base': '/home/jone/ws_moveit/install/moveit_resources_panda_moveit_config', 'merge_install': False, 'path': '/home/jone/ws_moveit/src/moveit_resources/panda_moveit_config', 'symlink_install': False, 'test_result_base': None}
[0.712s] Level 5:colcon.colcon_core.verb:set package 'rviz_marker_tools' build argument 'cmake_args' from command line to '['-DCMAKE_BUILD_TYPE=Debug']'
[0.712s] Level 5:colcon.colcon_core.verb:set package 'rviz_marker_tools' build argument 'cmake_target' from command line to 'None'
[0.712s] Level 5:colcon.colcon_core.verb:set package 'rviz_marker_tools' build argument 'cmake_target_skip_unavailable' from command line to 'False'
[0.712s] Level 5:colcon.colcon_core.verb:set package 'rviz_marker_tools' build argument 'cmake_clean_cache' from command line to 'False'
[0.712s] Level 5:colcon.colcon_core.verb:set package 'rviz_marker_tools' build argument 'cmake_clean_first' from command line to 'False'
[0.712s] Level 5:colcon.colcon_core.verb:set package 'rviz_marker_tools' build argument 'cmake_force_configure' from command line to 'False'
[0.712s] Level 5:colcon.colcon_core.verb:set package 'rviz_marker_tools' build argument 'ament_cmake_args' from command line to 'None'
[0.712s] Level 5:colcon.colcon_core.verb:set package 'rviz_marker_tools' build argument 'catkin_cmake_args' from command line to 'None'
[0.712s] Level 5:colcon.colcon_core.verb:set package 'rviz_marker_tools' build argument 'catkin_skip_building_tests' from command line to 'False'
[0.712s] DEBUG:colcon.colcon_core.verb:Building package 'rviz_marker_tools' with the following arguments: {'ament_cmake_args': None, 'build_base': '/home/jone/ws_moveit/build/rviz_marker_tools', 'catkin_cmake_args': None, 'catkin_skip_building_tests': False, 'cmake_args': ['-DCMAKE_BUILD_TYPE=Debug'], 'cmake_clean_cache': False, 'cmake_clean_first': False, 'cmake_force_configure': False, 'cmake_target': None, 'cmake_target_skip_unavailable': False, 'install_base': '/home/jone/ws_moveit/install/rviz_marker_tools', 'merge_install': False, 'path': '/home/jone/ws_moveit/src/moveit_task_constructor/rviz_marker_tools', 'symlink_install': False, 'test_result_base': None}
[0.713s] Level 5:colcon.colcon_core.verb:set package 'moveit_core' build argument 'cmake_args' from command line to '['-DCMAKE_BUILD_TYPE=Debug']'
[0.713s] Level 5:colcon.colcon_core.verb:set package 'moveit_core' build argument 'cmake_target' from command line to 'None'
[0.713s] Level 5:colcon.colcon_core.verb:set package 'moveit_core' build argument 'cmake_target_skip_unavailable' from command line to 'False'
[0.713s] Level 5:colcon.colcon_core.verb:set package 'moveit_core' build argument 'cmake_clean_cache' from command line to 'False'
[0.713s] Level 5:colcon.colcon_core.verb:set package 'moveit_core' build argument 'cmake_clean_first' from command line to 'False'
[0.713s] Level 5:colcon.colcon_core.verb:set package 'moveit_core' build argument 'cmake_force_configure' from command line to 'False'
[0.713s] Level 5:colcon.colcon_core.verb:set package 'moveit_core' build argument 'ament_cmake_args' from command line to 'None'
[0.713s] Level 5:colcon.colcon_core.verb:set package 'moveit_core' build argument 'catkin_cmake_args' from command line to 'None'
[0.713s] Level 5:colcon.colcon_core.verb:set package 'moveit_core' build argument 'catkin_skip_building_tests' from command line to 'False'
[0.713s] DEBUG:colcon.colcon_core.verb:Building package 'moveit_core' with the following arguments: {'ament_cmake_args': None, 'build_base': '/home/jone/ws_moveit/build/moveit_core', 'catkin_cmake_args': None, 'catkin_skip_building_tests': False, 'cmake_args': ['-DCMAKE_BUILD_TYPE=Debug'], 'cmake_clean_cache': False, 'cmake_clean_first': False, 'cmake_force_configure': False, 'cmake_target': None, 'cmake_target_skip_unavailable': False, 'install_base': '/home/jone/ws_moveit/install/moveit_core', 'merge_install': False, 'path': '/home/jone/ws_moveit/src/moveit2/moveit_core', 'symlink_install': False, 'test_result_base': None}
[0.713s] Level 5:colcon.colcon_core.verb:set package 'moveit_resources' build argument 'cmake_args' from command line to '['-DCMAKE_BUILD_TYPE=Debug']'
[0.713s] Level 5:colcon.colcon_core.verb:set package 'moveit_resources' build argument 'cmake_target' from command line to 'None'
[0.713s] Level 5:colcon.colcon_core.verb:set package 'moveit_resources' build argument 'cmake_target_skip_unavailable' from command line to 'False'
[0.713s] Level 5:colcon.colcon_core.verb:set package 'moveit_resources' build argument 'cmake_clean_cache' from command line to 'False'
[0.713s] Level 5:colcon.colcon_core.verb:set package 'moveit_resources' build argument 'cmake_clean_first' from command line to 'False'
[0.713s] Level 5:colcon.colcon_core.verb:set package 'moveit_resources' build argument 'cmake_force_configure' from command line to 'False'
[0.713s] Level 5:colcon.colcon_core.verb:set package 'moveit_resources' build argument 'ament_cmake_args' from command line to 'None'
[0.713s] Level 5:colcon.colcon_core.verb:set package 'moveit_resources' build argument 'catkin_cmake_args' from command line to 'None'
[0.713s] Level 5:colcon.colcon_core.verb:set package 'moveit_resources' build argument 'catkin_skip_building_tests' from command line to 'False'
[0.713s] DEBUG:colcon.colcon_core.verb:Building package 'moveit_resources' with the following arguments: {'ament_cmake_args': None, 'build_base': '/home/jone/ws_moveit/build/moveit_resources', 'catkin_cmake_args': None, 'catkin_skip_building_tests': False, 'cmake_args': ['-DCMAKE_BUILD_TYPE=Debug'], 'cmake_clean_cache': False, 'cmake_clean_first': False, 'cmake_force_configure': False, 'cmake_target': None, 'cmake_target_skip_unavailable': False, 'install_base': '/home/jone/ws_moveit/install/moveit_resources', 'merge_install': False, 'path': '/home/jone/ws_moveit/src/moveit_resources/moveit_resources', 'symlink_install': False, 'test_result_base': None}
[0.713s] Level 5:colcon.colcon_core.verb:set package 'chomp_motion_planner' build argument 'cmake_args' from command line to '['-DCMAKE_BUILD_TYPE=Debug']'
[0.713s] Level 5:colcon.colcon_core.verb:set package 'chomp_motion_planner' build argument 'cmake_target' from command line to 'None'
[0.713s] Level 5:colcon.colcon_core.verb:set package 'chomp_motion_planner' build argument 'cmake_target_skip_unavailable' from command line to 'False'
[0.713s] Level 5:colcon.colcon_core.verb:set package 'chomp_motion_planner' build argument 'cmake_clean_cache' from command line to 'False'
[0.713s] Level 5:colcon.colcon_core.verb:set package 'chomp_motion_planner' build argument 'cmake_clean_first' from command line to 'False'
[0.713s] Level 5:colcon.colcon_core.verb:set package 'chomp_motion_planner' build argument 'cmake_force_configure' from command line to 'False'
[0.714s] Level 5:colcon.colcon_core.verb:set package 'chomp_motion_planner' build argument 'ament_cmake_args' from command line to 'None'
[0.714s] Level 5:colcon.colcon_core.verb:set package 'chomp_motion_planner' build argument 'catkin_cmake_args' from command line to 'None'
[0.714s] Level 5:colcon.colcon_core.verb:set package 'chomp_motion_planner' build argument 'catkin_skip_building_tests' from command line to 'False'
[0.714s] DEBUG:colcon.colcon_core.verb:Building package 'chomp_motion_planner' with the following arguments: {'ament_cmake_args': None, 'build_base': '/home/jone/ws_moveit/build/chomp_motion_planner', 'catkin_cmake_args': None, 'catkin_skip_building_tests': False, 'cmake_args': ['-DCMAKE_BUILD_TYPE=Debug'], 'cmake_clean_cache': False, 'cmake_clean_first': False, 'cmake_force_configure': False, 'cmake_target': None, 'cmake_target_skip_unavailable': False, 'install_base': '/home/jone/ws_moveit/install/chomp_motion_planner', 'merge_install': False, 'path': '/home/jone/ws_moveit/src/moveit2/moveit_planners/chomp/chomp_motion_planner', 'symlink_install': False, 'test_result_base': None}
[0.714s] Level 5:colcon.colcon_core.verb:set package 'moveit_resources_prbt_ikfast_manipulator_plugin' build argument 'cmake_args' from command line to '['-DCMAKE_BUILD_TYPE=Debug']'
[0.714s] Level 5:colcon.colcon_core.verb:set package 'moveit_resources_prbt_ikfast_manipulator_plugin' build argument 'cmake_target' from command line to 'None'
[0.714s] Level 5:colcon.colcon_core.verb:set package 'moveit_resources_prbt_ikfast_manipulator_plugin' build argument 'cmake_target_skip_unavailable' from command line to 'False'
[0.714s] Level 5:colcon.colcon_core.verb:set package 'moveit_resources_prbt_ikfast_manipulator_plugin' build argument 'cmake_clean_cache' from command line to 'False'
[0.714s] Level 5:colcon.colcon_core.verb:set package 'moveit_resources_prbt_ikfast_manipulator_plugin' build argument 'cmake_clean_first' from command line to 'False'
[0.714s] Level 5:colcon.colcon_core.verb:set package 'moveit_resources_prbt_ikfast_manipulator_plugin' build argument 'cmake_force_configure' from command line to 'False'
[0.714s] Level 5:colcon.colcon_core.verb:set package 'moveit_resources_prbt_ikfast_manipulator_plugin' build argument 'ament_cmake_args' from command line to 'None'
[0.714s] Level 5:colcon.colcon_core.verb:set package 'moveit_resources_prbt_ikfast_manipulator_plugin' build argument 'catkin_cmake_args' from command line to 'None'
[0.714s] Level 5:colcon.colcon_core.verb:set package 'moveit_resources_prbt_ikfast_manipulator_plugin' build argument 'catkin_skip_building_tests' from command line to 'False'
[0.714s] DEBUG:colcon.colcon_core.verb:Building package 'moveit_resources_prbt_ikfast_manipulator_plugin' with the following arguments: {'ament_cmake_args': None, 'build_base': '/home/jone/ws_moveit/build/moveit_resources_prbt_ikfast_manipulator_plugin', 'catkin_cmake_args': None, 'catkin_skip_building_tests': False, 'cmake_args': ['-DCMAKE_BUILD_TYPE=Debug'], 'cmake_clean_cache': False, 'cmake_clean_first': False, 'cmake_force_configure': False, 'cmake_target': None, 'cmake_target_skip_unavailable': False, 'install_base': '/home/jone/ws_moveit/install/moveit_resources_prbt_ikfast_manipulator_plugin', 'merge_install': False, 'path': '/home/jone/ws_moveit/src/moveit2/moveit_planners/test_configs/prbt_ikfast_manipulator_plugin', 'symlink_install': False, 'test_result_base': None}
[0.714s] Level 5:colcon.colcon_core.verb:set package 'moveit_ros_occupancy_map_monitor' build argument 'cmake_args' from command line to '['-DCMAKE_BUILD_TYPE=Debug']'
[0.714s] Level 5:colcon.colcon_core.verb:set package 'moveit_ros_occupancy_map_monitor' build argument 'cmake_target' from command line to 'None'
[0.714s] Level 5:colcon.colcon_core.verb:set package 'moveit_ros_occupancy_map_monitor' build argument 'cmake_target_skip_unavailable' from command line to 'False'
[0.714s] Level 5:colcon.colcon_core.verb:set package 'moveit_ros_occupancy_map_monitor' build argument 'cmake_clean_cache' from command line to 'False'
[0.714s] Level 5:colcon.colcon_core.verb:set package 'moveit_ros_occupancy_map_monitor' build argument 'cmake_clean_first' from command line to 'False'
[0.714s] Level 5:colcon.colcon_core.verb:set package 'moveit_ros_occupancy_map_monitor' build argument 'cmake_force_configure' from command line to 'False'
[0.714s] Level 5:colcon.colcon_core.verb:set package 'moveit_ros_occupancy_map_monitor' build argument 'ament_cmake_args' from command line to 'None'
[0.714s] Level 5:colcon.colcon_core.verb:set package 'moveit_ros_occupancy_map_monitor' build argument 'catkin_cmake_args' from command line to 'None'
[0.714s] Level 5:colcon.colcon_core.verb:set package 'moveit_ros_occupancy_map_monitor' build argument 'catkin_skip_building_tests' from command line to 'False'
[0.714s] DEBUG:colcon.colcon_core.verb:Building package 'moveit_ros_occupancy_map_monitor' with the following arguments: {'ament_cmake_args': None, 'build_base': '/home/jone/ws_moveit/build/moveit_ros_occupancy_map_monitor', 'catkin_cmake_args': None, 'catkin_skip_building_tests': False, 'cmake_args': ['-DCMAKE_BUILD_TYPE=Debug'], 'cmake_clean_cache': False, 'cmake_clean_first': False, 'cmake_force_configure': False, 'cmake_target': None, 'cmake_target_skip_unavailable': False, 'install_base': '/home/jone/ws_moveit/install/moveit_ros_occupancy_map_monitor', 'merge_install': False, 'path': '/home/jone/ws_moveit/src/moveit2/moveit_ros/occupancy_map_monitor', 'symlink_install': False, 'test_result_base': None}
[0.715s] Level 5:colcon.colcon_core.verb:set package 'moveit_simple_controller_manager' build argument 'cmake_args' from command line to '['-DCMAKE_BUILD_TYPE=Debug']'
[0.715s] Level 5:colcon.colcon_core.verb:set package 'moveit_simple_controller_manager' build argument 'cmake_target' from command line to 'None'
[0.715s] Level 5:colcon.colcon_core.verb:set package 'moveit_simple_controller_manager' build argument 'cmake_target_skip_unavailable' from command line to 'False'
[0.715s] Level 5:colcon.colcon_core.verb:set package 'moveit_simple_controller_manager' build argument 'cmake_clean_cache' from command line to 'False'
[0.715s] Level 5:colcon.colcon_core.verb:set package 'moveit_simple_controller_manager' build argument 'cmake_clean_first' from command line to 'False'
[0.715s] Level 5:colcon.colcon_core.verb:set package 'moveit_simple_controller_manager' build argument 'cmake_force_configure' from command line to 'False'
[0.715s] Level 5:colcon.colcon_core.verb:set package 'moveit_simple_controller_manager' build argument 'ament_cmake_args' from command line to 'None'
[0.715s] Level 5:colcon.colcon_core.verb:set package 'moveit_simple_controller_manager' build argument 'catkin_cmake_args' from command line to 'None'
[0.715s] Level 5:colcon.colcon_core.verb:set package 'moveit_simple_controller_manager' build argument 'catkin_skip_building_tests' from command line to 'False'
[0.715s] DEBUG:colcon.colcon_core.verb:Building package 'moveit_simple_controller_manager' with the following arguments: {'ament_cmake_args': None, 'build_base': '/home/jone/ws_moveit/build/moveit_simple_controller_manager', 'catkin_cmake_args': None, 'catkin_skip_building_tests': False, 'cmake_args': ['-DCMAKE_BUILD_TYPE=Debug'], 'cmake_clean_cache': False, 'cmake_clean_first': False, 'cmake_force_configure': False, 'cmake_target': None, 'cmake_target_skip_unavailable': False, 'install_base': '/home/jone/ws_moveit/install/moveit_simple_controller_manager', 'merge_install': False, 'path': '/home/jone/ws_moveit/src/moveit2/moveit_plugins/moveit_simple_controller_manager', 'symlink_install': False, 'test_result_base': None}
[0.715s] Level 5:colcon.colcon_core.verb:set package 'pilz_industrial_motion_planner_testutils' build argument 'cmake_args' from command line to '['-DCMAKE_BUILD_TYPE=Debug']'
[0.715s] Level 5:colcon.colcon_core.verb:set package 'pilz_industrial_motion_planner_testutils' build argument 'cmake_target' from command line to 'None'
[0.715s] Level 5:colcon.colcon_core.verb:set package 'pilz_industrial_motion_planner_testutils' build argument 'cmake_target_skip_unavailable' from command line to 'False'
[0.715s] Level 5:colcon.colcon_core.verb:set package 'pilz_industrial_motion_planner_testutils' build argument 'cmake_clean_cache' from command line to 'False'
[0.715s] Level 5:colcon.colcon_core.verb:set package 'pilz_industrial_motion_planner_testutils' build argument 'cmake_clean_first' from command line to 'False'
[0.715s] Level 5:colcon.colcon_core.verb:set package 'pilz_industrial_motion_planner_testutils' build argument 'cmake_force_configure' from command line to 'False'
[0.715s] Level 5:colcon.colcon_core.verb:set package 'pilz_industrial_motion_planner_testutils' build argument 'ament_cmake_args' from command line to 'None'
[0.715s] Level 5:colcon.colcon_core.verb:set package 'pilz_industrial_motion_planner_testutils' build argument 'catkin_cmake_args' from command line to 'None'
[0.715s] Level 5:colcon.colcon_core.verb:set package 'pilz_industrial_motion_planner_testutils' build argument 'catkin_skip_building_tests' from command line to 'False'
[0.715s] DEBUG:colcon.colcon_core.verb:Building package 'pilz_industrial_motion_planner_testutils' with the following arguments: {'ament_cmake_args': None, 'build_base': '/home/jone/ws_moveit/build/pilz_industrial_motion_planner_testutils', 'catkin_cmake_args': None, 'catkin_skip_building_tests': False, 'cmake_args': ['-DCMAKE_BUILD_TYPE=Debug'], 'cmake_clean_cache': False, 'cmake_clean_first': False, 'cmake_force_configure': False, 'cmake_target': None, 'cmake_target_skip_unavailable': False, 'install_base': '/home/jone/ws_moveit/install/pilz_industrial_motion_planner_testutils', 'merge_install': False, 'path': '/home/jone/ws_moveit/src/moveit2/moveit_planners/pilz_industrial_motion_planner_testutils', 'symlink_install': False, 'test_result_base': None}
[0.715s] Level 5:colcon.colcon_core.verb:set package 'moveit_chomp_optimizer_adapter' build argument 'cmake_args' from command line to '['-DCMAKE_BUILD_TYPE=Debug']'
[0.715s] Level 5:colcon.colcon_core.verb:set package 'moveit_chomp_optimizer_adapter' build argument 'cmake_target' from command line to 'None'
[0.715s] Level 5:colcon.colcon_core.verb:set package 'moveit_chomp_optimizer_adapter' build argument 'cmake_target_skip_unavailable' from command line to 'False'
[0.715s] Level 5:colcon.colcon_core.verb:set package 'moveit_chomp_optimizer_adapter' build argument 'cmake_clean_cache' from command line to 'False'
[0.715s] Level 5:colcon.colcon_core.verb:set package 'moveit_chomp_optimizer_adapter' build argument 'cmake_clean_first' from command line to 'False'
[0.715s] Level 5:colcon.colcon_core.verb:set package 'moveit_chomp_optimizer_adapter' build argument 'cmake_force_configure' from command line to 'False'
[0.715s] Level 5:colcon.colcon_core.verb:set package 'moveit_chomp_optimizer_adapter' build argument 'ament_cmake_args' from command line to 'None'
[0.715s] Level 5:colcon.colcon_core.verb:set package 'moveit_chomp_optimizer_adapter' build argument 'catkin_cmake_args' from command line to 'None'
[0.715s] Level 5:colcon.colcon_core.verb:set package 'moveit_chomp_optimizer_adapter' build argument 'catkin_skip_building_tests' from command line to 'False'
[0.716s] DEBUG:colcon.colcon_core.verb:Building package 'moveit_chomp_optimizer_adapter' with the following arguments: {'ament_cmake_args': None, 'build_base': '/home/jone/ws_moveit/build/moveit_chomp_optimizer_adapter', 'catkin_cmake_args': None, 'catkin_skip_building_tests': False, 'cmake_args': ['-DCMAKE_BUILD_TYPE=Debug'], 'cmake_clean_cache': False, 'cmake_clean_first': False, 'cmake_force_configure': False, 'cmake_target': None, 'cmake_target_skip_unavailable': False, 'install_base': '/home/jone/ws_moveit/install/moveit_chomp_optimizer_adapter', 'merge_install': False, 'path': '/home/jone/ws_moveit/src/moveit2/moveit_planners/chomp/chomp_optimizer_adapter', 'symlink_install': False, 'test_result_base': None}
[0.716s] Level 5:colcon.colcon_core.verb:set package 'moveit_planners_chomp' build argument 'cmake_args' from command line to '['-DCMAKE_BUILD_TYPE=Debug']'
[0.716s] Level 5:colcon.colcon_core.verb:set package 'moveit_planners_chomp' build argument 'cmake_target' from command line to 'None'
[0.716s] Level 5:colcon.colcon_core.verb:set package 'moveit_planners_chomp' build argument 'cmake_target_skip_unavailable' from command line to 'False'
[0.716s] Level 5:colcon.colcon_core.verb:set package 'moveit_planners_chomp' build argument 'cmake_clean_cache' from command line to 'False'
[0.716s] Level 5:colcon.colcon_core.verb:set package 'moveit_planners_chomp' build argument 'cmake_clean_first' from command line to 'False'
[0.716s] Level 5:colcon.colcon_core.verb:set package 'moveit_planners_chomp' build argument 'cmake_force_configure' from command line to 'False'
[0.716s] Level 5:colcon.colcon_core.verb:set package 'moveit_planners_chomp' build argument 'ament_cmake_args' from command line to 'None'
[0.716s] Level 5:colcon.colcon_core.verb:set package 'moveit_planners_chomp' build argument 'catkin_cmake_args' from command line to 'None'
[0.716s] Level 5:colcon.colcon_core.verb:set package 'moveit_planners_chomp' build argument 'catkin_skip_building_tests' from command line to 'False'
[0.716s] DEBUG:colcon.colcon_core.verb:Building package 'moveit_planners_chomp' with the following arguments: {'ament_cmake_args': None, 'build_base': '/home/jone/ws_moveit/build/moveit_planners_chomp', 'catkin_cmake_args': None, 'catkin_skip_building_tests': False, 'cmake_args': ['-DCMAKE_BUILD_TYPE=Debug'], 'cmake_clean_cache': False, 'cmake_clean_first': False, 'cmake_force_configure': False, 'cmake_target': None, 'cmake_target_skip_unavailable': False, 'install_base': '/home/jone/ws_moveit/install/moveit_planners_chomp', 'merge_install': False, 'path': '/home/jone/ws_moveit/src/moveit2/moveit_planners/chomp/chomp_interface', 'symlink_install': False, 'test_result_base': None}
[0.716s] Level 5:colcon.colcon_core.verb:set package 'moveit_plugins' build argument 'cmake_args' from command line to '['-DCMAKE_BUILD_TYPE=Debug']'
[0.716s] Level 5:colcon.colcon_core.verb:set package 'moveit_plugins' build argument 'cmake_target' from command line to 'None'
[0.716s] Level 5:colcon.colcon_core.verb:set package 'moveit_plugins' build argument 'cmake_target_skip_unavailable' from command line to 'False'
[0.716s] Level 5:colcon.colcon_core.verb:set package 'moveit_plugins' build argument 'cmake_clean_cache' from command line to 'False'
[0.716s] Level 5:colcon.colcon_core.verb:set package 'moveit_plugins' build argument 'cmake_clean_first' from command line to 'False'
[0.716s] Level 5:colcon.colcon_core.verb:set package 'moveit_plugins' build argument 'cmake_force_configure' from command line to 'False'
[0.716s] Level 5:colcon.colcon_core.verb:set package 'moveit_plugins' build argument 'ament_cmake_args' from command line to 'None'
[0.716s] Level 5:colcon.colcon_core.verb:set package 'moveit_plugins' build argument 'catkin_cmake_args' from command line to 'None'
[0.716s] Level 5:colcon.colcon_core.verb:set package 'moveit_plugins' build argument 'catkin_skip_building_tests' from command line to 'False'
[0.716s] DEBUG:colcon.colcon_core.verb:Building package 'moveit_plugins' with the following arguments: {'ament_cmake_args': None, 'build_base': '/home/jone/ws_moveit/build/moveit_plugins', 'catkin_cmake_args': None, 'catkin_skip_building_tests': False, 'cmake_args': ['-DCMAKE_BUILD_TYPE=Debug'], 'cmake_clean_cache': False, 'cmake_clean_first': False, 'cmake_force_configure': False, 'cmake_target': None, 'cmake_target_skip_unavailable': False, 'install_base': '/home/jone/ws_moveit/install/moveit_plugins', 'merge_install': False, 'path': '/home/jone/ws_moveit/src/moveit2/moveit_plugins/moveit_plugins', 'symlink_install': False, 'test_result_base': None}
[0.717s] Level 5:colcon.colcon_core.verb:set package 'moveit_ros_control_interface' build argument 'cmake_args' from command line to '['-DCMAKE_BUILD_TYPE=Debug']'
[0.717s] Level 5:colcon.colcon_core.verb:set package 'moveit_ros_control_interface' build argument 'cmake_target' from command line to 'None'
[0.717s] Level 5:colcon.colcon_core.verb:set package 'moveit_ros_control_interface' build argument 'cmake_target_skip_unavailable' from command line to 'False'
[0.717s] Level 5:colcon.colcon_core.verb:set package 'moveit_ros_control_interface' build argument 'cmake_clean_cache' from command line to 'False'
[0.717s] Level 5:colcon.colcon_core.verb:set package 'moveit_ros_control_interface' build argument 'cmake_clean_first' from command line to 'False'
[0.717s] Level 5:colcon.colcon_core.verb:set package 'moveit_ros_control_interface' build argument 'cmake_force_configure' from command line to 'False'
[0.717s] Level 5:colcon.colcon_core.verb:set package 'moveit_ros_control_interface' build argument 'ament_cmake_args' from command line to 'None'
[0.717s] Level 5:colcon.colcon_core.verb:set package 'moveit_ros_control_interface' build argument 'catkin_cmake_args' from command line to 'None'
[0.717s] Level 5:colcon.colcon_core.verb:set package 'moveit_ros_control_interface' build argument 'catkin_skip_building_tests' from command line to 'False'
[0.717s] DEBUG:colcon.colcon_core.verb:Building package 'moveit_ros_control_interface' with the following arguments: {'ament_cmake_args': None, 'build_base': '/home/jone/ws_moveit/build/moveit_ros_control_interface', 'catkin_cmake_args': None, 'catkin_skip_building_tests': False, 'cmake_args': ['-DCMAKE_BUILD_TYPE=Debug'], 'cmake_clean_cache': False, 'cmake_clean_first': False, 'cmake_force_configure': False, 'cmake_target': None, 'cmake_target_skip_unavailable': False, 'install_base': '/home/jone/ws_moveit/install/moveit_ros_control_interface', 'merge_install': False, 'path': '/home/jone/ws_moveit/src/moveit2/moveit_plugins/moveit_ros_control_interface', 'symlink_install': False, 'test_result_base': None}
[0.717s] Level 5:colcon.colcon_core.verb:set package 'moveit_ros_planning' build argument 'cmake_args' from command line to '['-DCMAKE_BUILD_TYPE=Debug']'
[0.717s] Level 5:colcon.colcon_core.verb:set package 'moveit_ros_planning' build argument 'cmake_target' from command line to 'None'
[0.717s] Level 5:colcon.colcon_core.verb:set package 'moveit_ros_planning' build argument 'cmake_target_skip_unavailable' from command line to 'False'
[0.717s] Level 5:colcon.colcon_core.verb:set package 'moveit_ros_planning' build argument 'cmake_clean_cache' from command line to 'False'
[0.717s] Level 5:colcon.colcon_core.verb:set package 'moveit_ros_planning' build argument 'cmake_clean_first' from command line to 'False'
[0.717s] Level 5:colcon.colcon_core.verb:set package 'moveit_ros_planning' build argument 'cmake_force_configure' from command line to 'False'
[0.717s] Level 5:colcon.colcon_core.verb:set package 'moveit_ros_planning' build argument 'ament_cmake_args' from command line to 'None'
[0.717s] Level 5:colcon.colcon_core.verb:set package 'moveit_ros_planning' build argument 'catkin_cmake_args' from command line to 'None'
[0.717s] Level 5:colcon.colcon_core.verb:set package 'moveit_ros_planning' build argument 'catkin_skip_building_tests' from command line to 'False'
[0.717s] DEBUG:colcon.colcon_core.verb:Building package 'moveit_ros_planning' with the following arguments: {'ament_cmake_args': None, 'build_base': '/home/jone/ws_moveit/build/moveit_ros_planning', 'catkin_cmake_args': None, 'catkin_skip_building_tests': False, 'cmake_args': ['-DCMAKE_BUILD_TYPE=Debug'], 'cmake_clean_cache': False, 'cmake_clean_first': False, 'cmake_force_configure': False, 'cmake_target': None, 'cmake_target_skip_unavailable': False, 'install_base': '/home/jone/ws_moveit/install/moveit_ros_planning', 'merge_install': False, 'path': '/home/jone/ws_moveit/src/moveit2/moveit_ros/planning', 'symlink_install': False, 'test_result_base': None}
[0.717s] Level 5:colcon.colcon_core.verb:set package 'moveit_kinematics' build argument 'cmake_args' from command line to '['-DCMAKE_BUILD_TYPE=Debug']'
[0.717s] Level 5:colcon.colcon_core.verb:set package 'moveit_kinematics' build argument 'cmake_target' from command line to 'None'
[0.717s] Level 5:colcon.colcon_core.verb:set package 'moveit_kinematics' build argument 'cmake_target_skip_unavailable' from command line to 'False'
[0.717s] Level 5:colcon.colcon_core.verb:set package 'moveit_kinematics' build argument 'cmake_clean_cache' from command line to 'False'
[0.717s] Level 5:colcon.colcon_core.verb:set package 'moveit_kinematics' build argument 'cmake_clean_first' from command line to 'False'
[0.717s] Level 5:colcon.colcon_core.verb:set package 'moveit_kinematics' build argument 'cmake_force_configure' from command line to 'False'
[0.717s] Level 5:colcon.colcon_core.verb:set package 'moveit_kinematics' build argument 'ament_cmake_args' from command line to 'None'
[0.717s] Level 5:colcon.colcon_core.verb:set package 'moveit_kinematics' build argument 'catkin_cmake_args' from command line to 'None'
[0.717s] Level 5:colcon.colcon_core.verb:set package 'moveit_kinematics' build argument 'catkin_skip_building_tests' from command line to 'False'
[0.718s] DEBUG:colcon.colcon_core.verb:Building package 'moveit_kinematics' with the following arguments: {'ament_cmake_args': None, 'build_base': '/home/jone/ws_moveit/build/moveit_kinematics', 'catkin_cmake_args': None, 'catkin_skip_building_tests': False, 'cmake_args': ['-DCMAKE_BUILD_TYPE=Debug'], 'cmake_clean_cache': False, 'cmake_clean_first': False, 'cmake_force_configure': False, 'cmake_target': None, 'cmake_target_skip_unavailable': False, 'install_base': '/home/jone/ws_moveit/install/moveit_kinematics', 'merge_install': False, 'path': '/home/jone/ws_moveit/src/moveit2/moveit_kinematics', 'symlink_install': False, 'test_result_base': None}
[0.718s] Level 5:colcon.colcon_core.verb:set package 'moveit_planners_ompl' build argument 'cmake_args' from command line to '['-DCMAKE_BUILD_TYPE=Debug']'
[0.718s] Level 5:colcon.colcon_core.verb:set package 'moveit_planners_ompl' build argument 'cmake_target' from command line to 'None'
[0.718s] Level 5:colcon.colcon_core.verb:set package 'moveit_planners_ompl' build argument 'cmake_target_skip_unavailable' from command line to 'False'
[0.718s] Level 5:colcon.colcon_core.verb:set package 'moveit_planners_ompl' build argument 'cmake_clean_cache' from command line to 'False'
[0.718s] Level 5:colcon.colcon_core.verb:set package 'moveit_planners_ompl' build argument 'cmake_clean_first' from command line to 'False'
[0.718s] Level 5:colcon.colcon_core.verb:set package 'moveit_planners_ompl' build argument 'cmake_force_configure' from command line to 'False'
[0.718s] Level 5:colcon.colcon_core.verb:set package 'moveit_planners_ompl' build argument 'ament_cmake_args' from command line to 'None'
[0.718s] Level 5:colcon.colcon_core.verb:set package 'moveit_planners_ompl' build argument 'catkin_cmake_args' from command line to 'None'
[0.718s] Level 5:colcon.colcon_core.verb:set package 'moveit_planners_ompl' build argument 'catkin_skip_building_tests' from command line to 'False'
[0.718s] DEBUG:colcon.colcon_core.verb:Building package 'moveit_planners_ompl' with the following arguments: {'ament_cmake_args': None, 'build_base': '/home/jone/ws_moveit/build/moveit_planners_ompl', 'catkin_cmake_args': None, 'catkin_skip_building_tests': False, 'cmake_args': ['-DCMAKE_BUILD_TYPE=Debug'], 'cmake_clean_cache': False, 'cmake_clean_first': False, 'cmake_force_configure': False, 'cmake_target': None, 'cmake_target_skip_unavailable': False, 'install_base': '/home/jone/ws_moveit/install/moveit_planners_ompl', 'merge_install': False, 'path': '/home/jone/ws_moveit/src/moveit2/moveit_planners/ompl', 'symlink_install': False, 'test_result_base': None}
[0.718s] Level 5:colcon.colcon_core.verb:set package 'moveit_ros_perception' build argument 'cmake_args' from command line to '['-DCMAKE_BUILD_TYPE=Debug']'
[0.718s] Level 5:colcon.colcon_core.verb:set package 'moveit_ros_perception' build argument 'cmake_target' from command line to 'None'
[0.718s] Level 5:colcon.colcon_core.verb:set package 'moveit_ros_perception' build argument 'cmake_target_skip_unavailable' from command line to 'False'
[0.718s] Level 5:colcon.colcon_core.verb:set package 'moveit_ros_perception' build argument 'cmake_clean_cache' from command line to 'False'
[0.718s] Level 5:colcon.colcon_core.verb:set package 'moveit_ros_perception' build argument 'cmake_clean_first' from command line to 'False'
[0.718s] Level 5:colcon.colcon_core.verb:set package 'moveit_ros_perception' build argument 'cmake_force_configure' from command line to 'False'
[0.718s] Level 5:colcon.colcon_core.verb:set package 'moveit_ros_perception' build argument 'ament_cmake_args' from command line to 'None'
[0.718s] Level 5:colcon.colcon_core.verb:set package 'moveit_ros_perception' build argument 'catkin_cmake_args' from command line to 'None'
[0.718s] Level 5:colcon.colcon_core.verb:set package 'moveit_ros_perception' build argument 'catkin_skip_building_tests' from command line to 'False'
[0.718s] DEBUG:colcon.colcon_core.verb:Building package 'moveit_ros_perception' with the following arguments: {'ament_cmake_args': None, 'build_base': '/home/jone/ws_moveit/build/moveit_ros_perception', 'catkin_cmake_args': None, 'catkin_skip_building_tests': False, 'cmake_args': ['-DCMAKE_BUILD_TYPE=Debug'], 'cmake_clean_cache': False, 'cmake_clean_first': False, 'cmake_force_configure': False, 'cmake_target': None, 'cmake_target_skip_unavailable': False, 'install_base': '/home/jone/ws_moveit/install/moveit_ros_perception', 'merge_install': False, 'path': '/home/jone/ws_moveit/src/moveit2/moveit_ros/perception', 'symlink_install': False, 'test_result_base': None}
[0.719s] Level 5:colcon.colcon_core.verb:set package 'moveit_ros_robot_interaction' build argument 'cmake_args' from command line to '['-DCMAKE_BUILD_TYPE=Debug']'
[0.719s] Level 5:colcon.colcon_core.verb:set package 'moveit_ros_robot_interaction' build argument 'cmake_target' from command line to 'None'
[0.719s] Level 5:colcon.colcon_core.verb:set package 'moveit_ros_robot_interaction' build argument 'cmake_target_skip_unavailable' from command line to 'False'
[0.719s] Level 5:colcon.colcon_core.verb:set package 'moveit_ros_robot_interaction' build argument 'cmake_clean_cache' from command line to 'False'
[0.719s] Level 5:colcon.colcon_core.verb:set package 'moveit_ros_robot_interaction' build argument 'cmake_clean_first' from command line to 'False'
[0.719s] Level 5:colcon.colcon_core.verb:set package 'moveit_ros_robot_interaction' build argument 'cmake_force_configure' from command line to 'False'
[0.719s] Level 5:colcon.colcon_core.verb:set package 'moveit_ros_robot_interaction' build argument 'ament_cmake_args' from command line to 'None'
[0.719s] Level 5:colcon.colcon_core.verb:set package 'moveit_ros_robot_interaction' build argument 'catkin_cmake_args' from command line to 'None'
[0.719s] Level 5:colcon.colcon_core.verb:set package 'moveit_ros_robot_interaction' build argument 'catkin_skip_building_tests' from command line to 'False'
[0.719s] DEBUG:colcon.colcon_core.verb:Building package 'moveit_ros_robot_interaction' with the following arguments: {'ament_cmake_args': None, 'build_base': '/home/jone/ws_moveit/build/moveit_ros_robot_interaction', 'catkin_cmake_args': None, 'catkin_skip_building_tests': False, 'cmake_args': ['-DCMAKE_BUILD_TYPE=Debug'], 'cmake_clean_cache': False, 'cmake_clean_first': False, 'cmake_force_configure': False, 'cmake_target': None, 'cmake_target_skip_unavailable': False, 'install_base': '/home/jone/ws_moveit/install/moveit_ros_robot_interaction', 'merge_install': False, 'path': '/home/jone/ws_moveit/src/moveit2/moveit_ros/robot_interaction', 'symlink_install': False, 'test_result_base': None}
[0.719s] Level 5:colcon.colcon_core.verb:set package 'moveit_ros_warehouse' build argument 'cmake_args' from command line to '['-DCMAKE_BUILD_TYPE=Debug']'
[0.719s] Level 5:colcon.colcon_core.verb:set package 'moveit_ros_warehouse' build argument 'cmake_target' from command line to 'None'
[0.719s] Level 5:colcon.colcon_core.verb:set package 'moveit_ros_warehouse' build argument 'cmake_target_skip_unavailable' from command line to 'False'
[0.719s] Level 5:colcon.colcon_core.verb:set package 'moveit_ros_warehouse' build argument 'cmake_clean_cache' from command line to 'False'
[0.719s] Level 5:colcon.colcon_core.verb:set package 'moveit_ros_warehouse' build argument 'cmake_clean_first' from command line to 'False'
[0.719s] Level 5:colcon.colcon_core.verb:set package 'moveit_ros_warehouse' build argument 'cmake_force_configure' from command line to 'False'
[0.719s] Level 5:colcon.colcon_core.verb:set package 'moveit_ros_warehouse' build argument 'ament_cmake_args' from command line to 'None'
[0.719s] Level 5:colcon.colcon_core.verb:set package 'moveit_ros_warehouse' build argument 'catkin_cmake_args' from command line to 'None'
[0.719s] Level 5:colcon.colcon_core.verb:set package 'moveit_ros_warehouse' build argument 'catkin_skip_building_tests' from command line to 'False'
[0.719s] DEBUG:colcon.colcon_core.verb:Building package 'moveit_ros_warehouse' with the following arguments: {'ament_cmake_args': None, 'build_base': '/home/jone/ws_moveit/build/moveit_ros_warehouse', 'catkin_cmake_args': None, 'catkin_skip_building_tests': False, 'cmake_args': ['-DCMAKE_BUILD_TYPE=Debug'], 'cmake_clean_cache': False, 'cmake_clean_first': False, 'cmake_force_configure': False, 'cmake_target': None, 'cmake_target_skip_unavailable': False, 'install_base': '/home/jone/ws_moveit/install/moveit_ros_warehouse', 'merge_install': False, 'path': '/home/jone/ws_moveit/src/moveit2/moveit_ros/warehouse', 'symlink_install': False, 'test_result_base': None}
[0.719s] Level 5:colcon.colcon_core.verb:set package 'moveit_visual_tools' build argument 'cmake_args' from command line to '['-DCMAKE_BUILD_TYPE=Debug']'
[0.719s] Level 5:colcon.colcon_core.verb:set package 'moveit_visual_tools' build argument 'cmake_target' from command line to 'None'
[0.719s] Level 5:colcon.colcon_core.verb:set package 'moveit_visual_tools' build argument 'cmake_target_skip_unavailable' from command line to 'False'
[0.719s] Level 5:colcon.colcon_core.verb:set package 'moveit_visual_tools' build argument 'cmake_clean_cache' from command line to 'False'
[0.719s] Level 5:colcon.colcon_core.verb:set package 'moveit_visual_tools' build argument 'cmake_clean_first' from command line to 'False'
[0.719s] Level 5:colcon.colcon_core.verb:set package 'moveit_visual_tools' build argument 'cmake_force_configure' from command line to 'False'
[0.719s] Level 5:colcon.colcon_core.verb:set package 'moveit_visual_tools' build argument 'ament_cmake_args' from command line to 'None'
[0.719s] Level 5:colcon.colcon_core.verb:set package 'moveit_visual_tools' build argument 'catkin_cmake_args' from command line to 'None'
[0.719s] Level 5:colcon.colcon_core.verb:set package 'moveit_visual_tools' build argument 'catkin_skip_building_tests' from command line to 'False'
[0.719s] DEBUG:colcon.colcon_core.verb:Building package 'moveit_visual_tools' with the following arguments: {'ament_cmake_args': None, 'build_base': '/home/jone/ws_moveit/build/moveit_visual_tools', 'catkin_cmake_args': None, 'catkin_skip_building_tests': False, 'cmake_args': ['-DCMAKE_BUILD_TYPE=Debug'], 'cmake_clean_cache': False, 'cmake_clean_first': False, 'cmake_force_configure': False, 'cmake_target': None, 'cmake_target_skip_unavailable': False, 'install_base': '/home/jone/ws_moveit/install/moveit_visual_tools', 'merge_install': False, 'path': '/home/jone/ws_moveit/src/moveit_visual_tools', 'symlink_install': False, 'test_result_base': None}
[0.720s] Level 5:colcon.colcon_core.verb:set package 'moveit_ros_benchmarks' build argument 'cmake_args' from command line to '['-DCMAKE_BUILD_TYPE=Debug']'
[0.720s] Level 5:colcon.colcon_core.verb:set package 'moveit_ros_benchmarks' build argument 'cmake_target' from command line to 'None'
[0.720s] Level 5:colcon.colcon_core.verb:set package 'moveit_ros_benchmarks' build argument 'cmake_target_skip_unavailable' from command line to 'False'
[0.720s] Level 5:colcon.colcon_core.verb:set package 'moveit_ros_benchmarks' build argument 'cmake_clean_cache' from command line to 'False'
[0.720s] Level 5:colcon.colcon_core.verb:set package 'moveit_ros_benchmarks' build argument 'cmake_clean_first' from command line to 'False'
[0.720s] Level 5:colcon.colcon_core.verb:set package 'moveit_ros_benchmarks' build argument 'cmake_force_configure' from command line to 'False'
[0.720s] Level 5:colcon.colcon_core.verb:set package 'moveit_ros_benchmarks' build argument 'ament_cmake_args' from command line to 'None'
[0.720s] Level 5:colcon.colcon_core.verb:set package 'moveit_ros_benchmarks' build argument 'catkin_cmake_args' from command line to 'None'
[0.720s] Level 5:colcon.colcon_core.verb:set package 'moveit_ros_benchmarks' build argument 'catkin_skip_building_tests' from command line to 'False'
[0.720s] DEBUG:colcon.colcon_core.verb:Building package 'moveit_ros_benchmarks' with the following arguments: {'ament_cmake_args': None, 'build_base': '/home/jone/ws_moveit/build/moveit_ros_benchmarks', 'catkin_cmake_args': None, 'catkin_skip_building_tests': False, 'cmake_args': ['-DCMAKE_BUILD_TYPE=Debug'], 'cmake_clean_cache': False, 'cmake_clean_first': False, 'cmake_force_configure': False, 'cmake_target': None, 'cmake_target_skip_unavailable': False, 'install_base': '/home/jone/ws_moveit/install/moveit_ros_benchmarks', 'merge_install': False, 'path': '/home/jone/ws_moveit/src/moveit2/moveit_ros/benchmarks', 'symlink_install': False, 'test_result_base': None}
[0.720s] Level 5:colcon.colcon_core.verb:set package 'moveit_ros_move_group' build argument 'cmake_args' from command line to '['-DCMAKE_BUILD_TYPE=Debug']'
[0.720s] Level 5:colcon.colcon_core.verb:set package 'moveit_ros_move_group' build argument 'cmake_target' from command line to 'None'
[0.720s] Level 5:colcon.colcon_core.verb:set package 'moveit_ros_move_group' build argument 'cmake_target_skip_unavailable' from command line to 'False'
[0.720s] Level 5:colcon.colcon_core.verb:set package 'moveit_ros_move_group' build argument 'cmake_clean_cache' from command line to 'False'
[0.720s] Level 5:colcon.colcon_core.verb:set package 'moveit_ros_move_group' build argument 'cmake_clean_first' from command line to 'False'
[0.720s] Level 5:colcon.colcon_core.verb:set package 'moveit_ros_move_group' build argument 'cmake_force_configure' from command line to 'False'
[0.720s] Level 5:colcon.colcon_core.verb:set package 'moveit_ros_move_group' build argument 'ament_cmake_args' from command line to 'None'
[0.720s] Level 5:colcon.colcon_core.verb:set package 'moveit_ros_move_group' build argument 'catkin_cmake_args' from command line to 'None'
[0.720s] Level 5:colcon.colcon_core.verb:set package 'moveit_ros_move_group' build argument 'catkin_skip_building_tests' from command line to 'False'
[0.720s] DEBUG:colcon.colcon_core.verb:Building package 'moveit_ros_move_group' with the following arguments: {'ament_cmake_args': None, 'build_base': '/home/jone/ws_moveit/build/moveit_ros_move_group', 'catkin_cmake_args': None, 'catkin_skip_building_tests': False, 'cmake_args': ['-DCMAKE_BUILD_TYPE=Debug'], 'cmake_clean_cache': False, 'cmake_clean_first': False, 'cmake_force_configure': False, 'cmake_target': None, 'cmake_target_skip_unavailable': False, 'install_base': '/home/jone/ws_moveit/install/moveit_ros_move_group', 'merge_install': False, 'path': '/home/jone/ws_moveit/src/moveit2/moveit_ros/move_group', 'symlink_install': False, 'test_result_base': None}
[0.720s] Level 5:colcon.colcon_core.verb:set package 'moveit_resources_prbt_moveit_config' build argument 'cmake_args' from command line to '['-DCMAKE_BUILD_TYPE=Debug']'
[0.720s] Level 5:colcon.colcon_core.verb:set package 'moveit_resources_prbt_moveit_config' build argument 'cmake_target' from command line to 'None'
[0.721s] Level 5:colcon.colcon_core.verb:set package 'moveit_resources_prbt_moveit_config' build argument 'cmake_target_skip_unavailable' from command line to 'False'
[0.721s] Level 5:colcon.colcon_core.verb:set package 'moveit_resources_prbt_moveit_config' build argument 'cmake_clean_cache' from command line to 'False'
[0.721s] Level 5:colcon.colcon_core.verb:set package 'moveit_resources_prbt_moveit_config' build argument 'cmake_clean_first' from command line to 'False'
[0.721s] Level 5:colcon.colcon_core.verb:set package 'moveit_resources_prbt_moveit_config' build argument 'cmake_force_configure' from command line to 'False'
[0.721s] Level 5:colcon.colcon_core.verb:set package 'moveit_resources_prbt_moveit_config' build argument 'ament_cmake_args' from command line to 'None'
[0.721s] Level 5:colcon.colcon_core.verb:set package 'moveit_resources_prbt_moveit_config' build argument 'catkin_cmake_args' from command line to 'None'
[0.721s] Level 5:colcon.colcon_core.verb:set package 'moveit_resources_prbt_moveit_config' build argument 'catkin_skip_building_tests' from command line to 'False'
[0.721s] DEBUG:colcon.colcon_core.verb:Building package 'moveit_resources_prbt_moveit_config' with the following arguments: {'ament_cmake_args': None, 'build_base': '/home/jone/ws_moveit/build/moveit_resources_prbt_moveit_config', 'catkin_cmake_args': None, 'catkin_skip_building_tests': False, 'cmake_args': ['-DCMAKE_BUILD_TYPE=Debug'], 'cmake_clean_cache': False, 'cmake_clean_first': False, 'cmake_force_configure': False, 'cmake_target': None, 'cmake_target_skip_unavailable': False, 'install_base': '/home/jone/ws_moveit/install/moveit_resources_prbt_moveit_config', 'merge_install': False, 'path': '/home/jone/ws_moveit/src/moveit2/moveit_planners/test_configs/prbt_moveit_config', 'symlink_install': False, 'test_result_base': None}
[0.721s] Level 5:colcon.colcon_core.verb:set package 'moveit_ros_planning_interface' build argument 'cmake_args' from command line to '['-DCMAKE_BUILD_TYPE=Debug']'
[0.721s] Level 5:colcon.colcon_core.verb:set package 'moveit_ros_planning_interface' build argument 'cmake_target' from command line to 'None'
[0.721s] Level 5:colcon.colcon_core.verb:set package 'moveit_ros_planning_interface' build argument 'cmake_target_skip_unavailable' from command line to 'False'
[0.721s] Level 5:colcon.colcon_core.verb:set package 'moveit_ros_planning_interface' build argument 'cmake_clean_cache' from command line to 'False'
[0.721s] Level 5:colcon.colcon_core.verb:set package 'moveit_ros_planning_interface' build argument 'cmake_clean_first' from command line to 'False'
[0.721s] Level 5:colcon.colcon_core.verb:set package 'moveit_ros_planning_interface' build argument 'cmake_force_configure' from command line to 'False'
[0.721s] Level 5:colcon.colcon_core.verb:set package 'moveit_ros_planning_interface' build argument 'ament_cmake_args' from command line to 'None'
[0.721s] Level 5:colcon.colcon_core.verb:set package 'moveit_ros_planning_interface' build argument 'catkin_cmake_args' from command line to 'None'
[0.721s] Level 5:colcon.colcon_core.verb:set package 'moveit_ros_planning_interface' build argument 'catkin_skip_building_tests' from command line to 'False'
[0.721s] DEBUG:colcon.colcon_core.verb:Building package 'moveit_ros_planning_interface' with the following arguments: {'ament_cmake_args': None, 'build_base': '/home/jone/ws_moveit/build/moveit_ros_planning_interface', 'catkin_cmake_args': None, 'catkin_skip_building_tests': False, 'cmake_args': ['-DCMAKE_BUILD_TYPE=Debug'], 'cmake_clean_cache': False, 'cmake_clean_first': False, 'cmake_force_configure': False, 'cmake_target': None, 'cmake_target_skip_unavailable': False, 'install_base': '/home/jone/ws_moveit/install/moveit_ros_planning_interface', 'merge_install': False, 'path': '/home/jone/ws_moveit/src/moveit2/moveit_ros/planning_interface', 'symlink_install': False, 'test_result_base': None}
[0.721s] Level 5:colcon.colcon_core.verb:set package 'hello_moveit' build argument 'cmake_args' from command line to '['-DCMAKE_BUILD_TYPE=Debug']'
[0.721s] Level 5:colcon.colcon_core.verb:set package 'hello_moveit' build argument 'cmake_target' from command line to 'None'
[0.721s] Level 5:colcon.colcon_core.verb:set package 'hello_moveit' build argument 'cmake_target_skip_unavailable' from command line to 'False'
[0.721s] Level 5:colcon.colcon_core.verb:set package 'hello_moveit' build argument 'cmake_clean_cache' from command line to 'False'
[0.721s] Level 5:colcon.colcon_core.verb:set package 'hello_moveit' build argument 'cmake_clean_first' from command line to 'False'
[0.721s] Level 5:colcon.colcon_core.verb:set package 'hello_moveit' build argument 'cmake_force_configure' from command line to 'False'
[0.721s] Level 5:colcon.colcon_core.verb:set package 'hello_moveit' build argument 'ament_cmake_args' from command line to 'None'
[0.721s] Level 5:colcon.colcon_core.verb:set package 'hello_moveit' build argument 'catkin_cmake_args' from command line to 'None'
[0.721s] Level 5:colcon.colcon_core.verb:set package 'hello_moveit' build argument 'catkin_skip_building_tests' from command line to 'False'
[0.721s] DEBUG:colcon.colcon_core.verb:Building package 'hello_moveit' with the following arguments: {'ament_cmake_args': None, 'build_base': '/home/jone/ws_moveit/build/hello_moveit', 'catkin_cmake_args': None, 'catkin_skip_building_tests': False, 'cmake_args': ['-DCMAKE_BUILD_TYPE=Debug'], 'cmake_clean_cache': False, 'cmake_clean_first': False, 'cmake_force_configure': False, 'cmake_target': None, 'cmake_target_skip_unavailable': False, 'install_base': '/home/jone/ws_moveit/install/hello_moveit', 'merge_install': False, 'path': '/home/jone/ws_moveit/src/hello_moveit', 'symlink_install': False, 'test_result_base': None}
[0.722s] Level 5:colcon.colcon_core.verb:set package 'moveit_hybrid_planning' build argument 'cmake_args' from command line to '['-DCMAKE_BUILD_TYPE=Debug']'
[0.722s] Level 5:colcon.colcon_core.verb:set package 'moveit_hybrid_planning' build argument 'cmake_target' from command line to 'None'
[0.722s] Level 5:colcon.colcon_core.verb:set package 'moveit_hybrid_planning' build argument 'cmake_target_skip_unavailable' from command line to 'False'
[0.722s] Level 5:colcon.colcon_core.verb:set package 'moveit_hybrid_planning' build argument 'cmake_clean_cache' from command line to 'False'
[0.722s] Level 5:colcon.colcon_core.verb:set package 'moveit_hybrid_planning' build argument 'cmake_clean_first' from command line to 'False'
[0.722s] Level 5:colcon.colcon_core.verb:set package 'moveit_hybrid_planning' build argument 'cmake_force_configure' from command line to 'False'
[0.722s] Level 5:colcon.colcon_core.verb:set package 'moveit_hybrid_planning' build argument 'ament_cmake_args' from command line to 'None'
[0.722s] Level 5:colcon.colcon_core.verb:set package 'moveit_hybrid_planning' build argument 'catkin_cmake_args' from command line to 'None'
[0.722s] Level 5:colcon.colcon_core.verb:set package 'moveit_hybrid_planning' build argument 'catkin_skip_building_tests' from command line to 'False'
[0.722s] DEBUG:colcon.colcon_core.verb:Building package 'moveit_hybrid_planning' with the following arguments: {'ament_cmake_args': None, 'build_base': '/home/jone/ws_moveit/build/moveit_hybrid_planning', 'catkin_cmake_args': None, 'catkin_skip_building_tests': False, 'cmake_args': ['-DCMAKE_BUILD_TYPE=Debug'], 'cmake_clean_cache': False, 'cmake_clean_first': False, 'cmake_force_configure': False, 'cmake_target': None, 'cmake_target_skip_unavailable': False, 'install_base': '/home/jone/ws_moveit/install/moveit_hybrid_planning', 'merge_install': False, 'path': '/home/jone/ws_moveit/src/moveit2/moveit_ros/hybrid_planning', 'symlink_install': False, 'test_result_base': None}
[0.722s] Level 5:colcon.colcon_core.verb:set package 'moveit_resources_prbt_pg70_support' build argument 'cmake_args' from command line to '['-DCMAKE_BUILD_TYPE=Debug']'
[0.722s] Level 5:colcon.colcon_core.verb:set package 'moveit_resources_prbt_pg70_support' build argument 'cmake_target' from command line to 'None'
[0.722s] Level 5:colcon.colcon_core.verb:set package 'moveit_resources_prbt_pg70_support' build argument 'cmake_target_skip_unavailable' from command line to 'False'
[0.722s] Level 5:colcon.colcon_core.verb:set package 'moveit_resources_prbt_pg70_support' build argument 'cmake_clean_cache' from command line to 'False'
[0.722s] Level 5:colcon.colcon_core.verb:set package 'moveit_resources_prbt_pg70_support' build argument 'cmake_clean_first' from command line to 'False'
[0.722s] Level 5:colcon.colcon_core.verb:set package 'moveit_resources_prbt_pg70_support' build argument 'cmake_force_configure' from command line to 'False'
[0.722s] Level 5:colcon.colcon_core.verb:set package 'moveit_resources_prbt_pg70_support' build argument 'ament_cmake_args' from command line to 'None'
[0.722s] Level 5:colcon.colcon_core.verb:set package 'moveit_resources_prbt_pg70_support' build argument 'catkin_cmake_args' from command line to 'None'
[0.722s] Level 5:colcon.colcon_core.verb:set package 'moveit_resources_prbt_pg70_support' build argument 'catkin_skip_building_tests' from command line to 'False'
[0.722s] DEBUG:colcon.colcon_core.verb:Building package 'moveit_resources_prbt_pg70_support' with the following arguments: {'ament_cmake_args': None, 'build_base': '/home/jone/ws_moveit/build/moveit_resources_prbt_pg70_support', 'catkin_cmake_args': None, 'catkin_skip_building_tests': False, 'cmake_args': ['-DCMAKE_BUILD_TYPE=Debug'], 'cmake_clean_cache': False, 'cmake_clean_first': False, 'cmake_force_configure': False, 'cmake_target': None, 'cmake_target_skip_unavailable': False, 'install_base': '/home/jone/ws_moveit/install/moveit_resources_prbt_pg70_support', 'merge_install': False, 'path': '/home/jone/ws_moveit/src/moveit2/moveit_planners/test_configs/prbt_pg70_support', 'symlink_install': False, 'test_result_base': None}
[0.722s] Level 5:colcon.colcon_core.verb:set package 'moveit_ros_visualization' build argument 'cmake_args' from command line to '['-DCMAKE_BUILD_TYPE=Debug']'
[0.722s] Level 5:colcon.colcon_core.verb:set package 'moveit_ros_visualization' build argument 'cmake_target' from command line to 'None'
[0.722s] Level 5:colcon.colcon_core.verb:set package 'moveit_ros_visualization' build argument 'cmake_target_skip_unavailable' from command line to 'False'
[0.722s] Level 5:colcon.colcon_core.verb:set package 'moveit_ros_visualization' build argument 'cmake_clean_cache' from command line to 'False'
[0.722s] Level 5:colcon.colcon_core.verb:set package 'moveit_ros_visualization' build argument 'cmake_clean_first' from command line to 'False'
[0.723s] Level 5:colcon.colcon_core.verb:set package 'moveit_ros_visualization' build argument 'cmake_force_configure' from command line to 'False'
[0.723s] Level 5:colcon.colcon_core.verb:set package 'moveit_ros_visualization' build argument 'ament_cmake_args' from command line to 'None'
[0.723s] Level 5:colcon.colcon_core.verb:set package 'moveit_ros_visualization' build argument 'catkin_cmake_args' from command line to 'None'
[0.723s] Level 5:colcon.colcon_core.verb:set package 'moveit_ros_visualization' build argument 'catkin_skip_building_tests' from command line to 'False'
[0.723s] DEBUG:colcon.colcon_core.verb:Building package 'moveit_ros_visualization' with the following arguments: {'ament_cmake_args': None, 'build_base': '/home/jone/ws_moveit/build/moveit_ros_visualization', 'catkin_cmake_args': None, 'catkin_skip_building_tests': False, 'cmake_args': ['-DCMAKE_BUILD_TYPE=Debug'], 'cmake_clean_cache': False, 'cmake_clean_first': False, 'cmake_force_configure': False, 'cmake_target': None, 'cmake_target_skip_unavailable': False, 'install_base': '/home/jone/ws_moveit/install/moveit_ros_visualization', 'merge_install': False, 'path': '/home/jone/ws_moveit/src/moveit2/moveit_ros/visualization', 'symlink_install': False, 'test_result_base': None}
[0.723s] Level 5:colcon.colcon_core.verb:set package 'moveit_servo' build argument 'cmake_args' from command line to '['-DCMAKE_BUILD_TYPE=Debug']'
[0.723s] Level 5:colcon.colcon_core.verb:set package 'moveit_servo' build argument 'cmake_target' from command line to 'None'
[0.723s] Level 5:colcon.colcon_core.verb:set package 'moveit_servo' build argument 'cmake_target_skip_unavailable' from command line to 'False'
[0.723s] Level 5:colcon.colcon_core.verb:set package 'moveit_servo' build argument 'cmake_clean_cache' from command line to 'False'
[0.723s] Level 5:colcon.colcon_core.verb:set package 'moveit_servo' build argument 'cmake_clean_first' from command line to 'False'
[0.723s] Level 5:colcon.colcon_core.verb:set package 'moveit_servo' build argument 'cmake_force_configure' from command line to 'False'
[0.723s] Level 5:colcon.colcon_core.verb:set package 'moveit_servo' build argument 'ament_cmake_args' from command line to 'None'
[0.723s] Level 5:colcon.colcon_core.verb:set package 'moveit_servo' build argument 'catkin_cmake_args' from command line to 'None'
[0.723s] Level 5:colcon.colcon_core.verb:set package 'moveit_servo' build argument 'catkin_skip_building_tests' from command line to 'False'
[0.723s] DEBUG:colcon.colcon_core.verb:Building package 'moveit_servo' with the following arguments: {'ament_cmake_args': None, 'build_base': '/home/jone/ws_moveit/build/moveit_servo', 'catkin_cmake_args': None, 'catkin_skip_building_tests': False, 'cmake_args': ['-DCMAKE_BUILD_TYPE=Debug'], 'cmake_clean_cache': False, 'cmake_clean_first': False, 'cmake_force_configure': False, 'cmake_target': None, 'cmake_target_skip_unavailable': False, 'install_base': '/home/jone/ws_moveit/install/moveit_servo', 'merge_install': False, 'path': '/home/jone/ws_moveit/src/moveit2/moveit_ros/moveit_servo', 'symlink_install': False, 'test_result_base': None}
[0.723s] Level 5:colcon.colcon_core.verb:set package 'moveit_ros' build argument 'cmake_args' from command line to '['-DCMAKE_BUILD_TYPE=Debug']'
[0.723s] Level 5:colcon.colcon_core.verb:set package 'moveit_ros' build argument 'cmake_target' from command line to 'None'
[0.723s] Level 5:colcon.colcon_core.verb:set package 'moveit_ros' build argument 'cmake_target_skip_unavailable' from command line to 'False'
[0.723s] Level 5:colcon.colcon_core.verb:set package 'moveit_ros' build argument 'cmake_clean_cache' from command line to 'False'
[0.723s] Level 5:colcon.colcon_core.verb:set package 'moveit_ros' build argument 'cmake_clean_first' from command line to 'False'
[0.723s] Level 5:colcon.colcon_core.verb:set package 'moveit_ros' build argument 'cmake_force_configure' from command line to 'False'
[0.723s] Level 5:colcon.colcon_core.verb:set package 'moveit_ros' build argument 'ament_cmake_args' from command line to 'None'
[0.723s] Level 5:colcon.colcon_core.verb:set package 'moveit_ros' build argument 'catkin_cmake_args' from command line to 'None'
[0.723s] Level 5:colcon.colcon_core.verb:set package 'moveit_ros' build argument 'catkin_skip_building_tests' from command line to 'False'
[0.723s] DEBUG:colcon.colcon_core.verb:Building package 'moveit_ros' with the following arguments: {'ament_cmake_args': None, 'build_base': '/home/jone/ws_moveit/build/moveit_ros', 'catkin_cmake_args': None, 'catkin_skip_building_tests': False, 'cmake_args': ['-DCMAKE_BUILD_TYPE=Debug'], 'cmake_clean_cache': False, 'cmake_clean_first': False, 'cmake_force_configure': False, 'cmake_target': None, 'cmake_target_skip_unavailable': False, 'install_base': '/home/jone/ws_moveit/install/moveit_ros', 'merge_install': False, 'path': '/home/jone/ws_moveit/src/moveit2/moveit_ros/moveit_ros', 'symlink_install': False, 'test_result_base': None}
[0.724s] Level 5:colcon.colcon_core.verb:set package 'moveit_setup_framework' build argument 'cmake_args' from command line to '['-DCMAKE_BUILD_TYPE=Debug']'
[0.724s] Level 5:colcon.colcon_core.verb:set package 'moveit_setup_framework' build argument 'cmake_target' from command line to 'None'
[0.724s] Level 5:colcon.colcon_core.verb:set package 'moveit_setup_framework' build argument 'cmake_target_skip_unavailable' from command line to 'False'
[0.724s] Level 5:colcon.colcon_core.verb:set package 'moveit_setup_framework' build argument 'cmake_clean_cache' from command line to 'False'
[0.724s] Level 5:colcon.colcon_core.verb:set package 'moveit_setup_framework' build argument 'cmake_clean_first' from command line to 'False'
[0.724s] Level 5:colcon.colcon_core.verb:set package 'moveit_setup_framework' build argument 'cmake_force_configure' from command line to 'False'
[0.724s] Level 5:colcon.colcon_core.verb:set package 'moveit_setup_framework' build argument 'ament_cmake_args' from command line to 'None'
[0.724s] Level 5:colcon.colcon_core.verb:set package 'moveit_setup_framework' build argument 'catkin_cmake_args' from command line to 'None'
[0.724s] Level 5:colcon.colcon_core.verb:set package 'moveit_setup_framework' build argument 'catkin_skip_building_tests' from command line to 'False'
[0.724s] DEBUG:colcon.colcon_core.verb:Building package 'moveit_setup_framework' with the following arguments: {'ament_cmake_args': None, 'build_base': '/home/jone/ws_moveit/build/moveit_setup_framework', 'catkin_cmake_args': None, 'catkin_skip_building_tests': False, 'cmake_args': ['-DCMAKE_BUILD_TYPE=Debug'], 'cmake_clean_cache': False, 'cmake_clean_first': False, 'cmake_force_configure': False, 'cmake_target': None, 'cmake_target_skip_unavailable': False, 'install_base': '/home/jone/ws_moveit/install/moveit_setup_framework', 'merge_install': False, 'path': '/home/jone/ws_moveit/src/moveit2/moveit_setup_assistant/moveit_setup_framework', 'symlink_install': False, 'test_result_base': None}
[0.724s] Level 5:colcon.colcon_core.verb:set package 'pilz_industrial_motion_planner' build argument 'cmake_args' from command line to '['-DCMAKE_BUILD_TYPE=Debug']'
[0.724s] Level 5:colcon.colcon_core.verb:set package 'pilz_industrial_motion_planner' build argument 'cmake_target' from command line to 'None'
[0.724s] Level 5:colcon.colcon_core.verb:set package 'pilz_industrial_motion_planner' build argument 'cmake_target_skip_unavailable' from command line to 'False'
[0.724s] Level 5:colcon.colcon_core.verb:set package 'pilz_industrial_motion_planner' build argument 'cmake_clean_cache' from command line to 'False'
[0.724s] Level 5:colcon.colcon_core.verb:set package 'pilz_industrial_motion_planner' build argument 'cmake_clean_first' from command line to 'False'
[0.724s] Level 5:colcon.colcon_core.verb:set package 'pilz_industrial_motion_planner' build argument 'cmake_force_configure' from command line to 'False'
[0.724s] Level 5:colcon.colcon_core.verb:set package 'pilz_industrial_motion_planner' build argument 'ament_cmake_args' from command line to 'None'
[0.724s] Level 5:colcon.colcon_core.verb:set package 'pilz_industrial_motion_planner' build argument 'catkin_cmake_args' from command line to 'None'
[0.724s] Level 5:colcon.colcon_core.verb:set package 'pilz_industrial_motion_planner' build argument 'catkin_skip_building_tests' from command line to 'False'
[0.724s] DEBUG:colcon.colcon_core.verb:Building package 'pilz_industrial_motion_planner' with the following arguments: {'ament_cmake_args': None, 'build_base': '/home/jone/ws_moveit/build/pilz_industrial_motion_planner', 'catkin_cmake_args': None, 'catkin_skip_building_tests': False, 'cmake_args': ['-DCMAKE_BUILD_TYPE=Debug'], 'cmake_clean_cache': False, 'cmake_clean_first': False, 'cmake_force_configure': False, 'cmake_target': None, 'cmake_target_skip_unavailable': False, 'install_base': '/home/jone/ws_moveit/install/pilz_industrial_motion_planner', 'merge_install': False, 'path': '/home/jone/ws_moveit/src/moveit2/moveit_planners/pilz_industrial_motion_planner', 'symlink_install': False, 'test_result_base': None}
[0.724s] Level 5:colcon.colcon_core.verb:set package 'moveit_planners' build argument 'cmake_args' from command line to '['-DCMAKE_BUILD_TYPE=Debug']'
[0.724s] Level 5:colcon.colcon_core.verb:set package 'moveit_planners' build argument 'cmake_target' from command line to 'None'
[0.724s] Level 5:colcon.colcon_core.verb:set package 'moveit_planners' build argument 'cmake_target_skip_unavailable' from command line to 'False'
[0.724s] Level 5:colcon.colcon_core.verb:set package 'moveit_planners' build argument 'cmake_clean_cache' from command line to 'False'
[0.724s] Level 5:colcon.colcon_core.verb:set package 'moveit_planners' build argument 'cmake_clean_first' from command line to 'False'
[0.724s] Level 5:colcon.colcon_core.verb:set package 'moveit_planners' build argument 'cmake_force_configure' from command line to 'False'
[0.724s] Level 5:colcon.colcon_core.verb:set package 'moveit_planners' build argument 'ament_cmake_args' from command line to 'None'
[0.724s] Level 5:colcon.colcon_core.verb:set package 'moveit_planners' build argument 'catkin_cmake_args' from command line to 'None'
[0.724s] Level 5:colcon.colcon_core.verb:set package 'moveit_planners' build argument 'catkin_skip_building_tests' from command line to 'False'
[0.725s] DEBUG:colcon.colcon_core.verb:Building package 'moveit_planners' with the following arguments: {'ament_cmake_args': None, 'build_base': '/home/jone/ws_moveit/build/moveit_planners', 'catkin_cmake_args': None, 'catkin_skip_building_tests': False, 'cmake_args': ['-DCMAKE_BUILD_TYPE=Debug'], 'cmake_clean_cache': False, 'cmake_clean_first': False, 'cmake_force_configure': False, 'cmake_target': None, 'cmake_target_skip_unavailable': False, 'install_base': '/home/jone/ws_moveit/install/moveit_planners', 'merge_install': False, 'path': '/home/jone/ws_moveit/src/moveit2/moveit_planners/moveit_planners', 'symlink_install': False, 'test_result_base': None}
[0.725s] Level 5:colcon.colcon_core.verb:set package 'moveit_setup_app_plugins' build argument 'cmake_args' from command line to '['-DCMAKE_BUILD_TYPE=Debug']'
[0.725s] Level 5:colcon.colcon_core.verb:set package 'moveit_setup_app_plugins' build argument 'cmake_target' from command line to 'None'
[0.725s] Level 5:colcon.colcon_core.verb:set package 'moveit_setup_app_plugins' build argument 'cmake_target_skip_unavailable' from command line to 'False'
[0.725s] Level 5:colcon.colcon_core.verb:set package 'moveit_setup_app_plugins' build argument 'cmake_clean_cache' from command line to 'False'
[0.725s] Level 5:colcon.colcon_core.verb:set package 'moveit_setup_app_plugins' build argument 'cmake_clean_first' from command line to 'False'
[0.725s] Level 5:colcon.colcon_core.verb:set package 'moveit_setup_app_plugins' build argument 'cmake_force_configure' from command line to 'False'
[0.725s] Level 5:colcon.colcon_core.verb:set package 'moveit_setup_app_plugins' build argument 'ament_cmake_args' from command line to 'None'
[0.725s] Level 5:colcon.colcon_core.verb:set package 'moveit_setup_app_plugins' build argument 'catkin_cmake_args' from command line to 'None'
[0.725s] Level 5:colcon.colcon_core.verb:set package 'moveit_setup_app_plugins' build argument 'catkin_skip_building_tests' from command line to 'False'
[0.725s] DEBUG:colcon.colcon_core.verb:Building package 'moveit_setup_app_plugins' with the following arguments: {'ament_cmake_args': None, 'build_base': '/home/jone/ws_moveit/build/moveit_setup_app_plugins', 'catkin_cmake_args': None, 'catkin_skip_building_tests': False, 'cmake_args': ['-DCMAKE_BUILD_TYPE=Debug'], 'cmake_clean_cache': False, 'cmake_clean_first': False, 'cmake_force_configure': False, 'cmake_target': None, 'cmake_target_skip_unavailable': False, 'install_base': '/home/jone/ws_moveit/install/moveit_setup_app_plugins', 'merge_install': False, 'path': '/home/jone/ws_moveit/src/moveit2/moveit_setup_assistant/moveit_setup_app_plugins', 'symlink_install': False, 'test_result_base': None}
[0.725s] Level 5:colcon.colcon_core.verb:set package 'moveit_setup_controllers' build argument 'cmake_args' from command line to '['-DCMAKE_BUILD_TYPE=Debug']'
[0.725s] Level 5:colcon.colcon_core.verb:set package 'moveit_setup_controllers' build argument 'cmake_target' from command line to 'None'
[0.725s] Level 5:colcon.colcon_core.verb:set package 'moveit_setup_controllers' build argument 'cmake_target_skip_unavailable' from command line to 'False'
[0.725s] Level 5:colcon.colcon_core.verb:set package 'moveit_setup_controllers' build argument 'cmake_clean_cache' from command line to 'False'
[0.725s] Level 5:colcon.colcon_core.verb:set package 'moveit_setup_controllers' build argument 'cmake_clean_first' from command line to 'False'
[0.725s] Level 5:colcon.colcon_core.verb:set package 'moveit_setup_controllers' build argument 'cmake_force_configure' from command line to 'False'
[0.725s] Level 5:colcon.colcon_core.verb:set package 'moveit_setup_controllers' build argument 'ament_cmake_args' from command line to 'None'
[0.725s] Level 5:colcon.colcon_core.verb:set package 'moveit_setup_controllers' build argument 'catkin_cmake_args' from command line to 'None'
[0.725s] Level 5:colcon.colcon_core.verb:set package 'moveit_setup_controllers' build argument 'catkin_skip_building_tests' from command line to 'False'
[0.725s] DEBUG:colcon.colcon_core.verb:Building package 'moveit_setup_controllers' with the following arguments: {'ament_cmake_args': None, 'build_base': '/home/jone/ws_moveit/build/moveit_setup_controllers', 'catkin_cmake_args': None, 'catkin_skip_building_tests': False, 'cmake_args': ['-DCMAKE_BUILD_TYPE=Debug'], 'cmake_clean_cache': False, 'cmake_clean_first': False, 'cmake_force_configure': False, 'cmake_target': None, 'cmake_target_skip_unavailable': False, 'install_base': '/home/jone/ws_moveit/install/moveit_setup_controllers', 'merge_install': False, 'path': '/home/jone/ws_moveit/src/moveit2/moveit_setup_assistant/moveit_setup_controllers', 'symlink_install': False, 'test_result_base': None}
[0.726s] Level 5:colcon.colcon_core.verb:set package 'moveit_setup_core_plugins' build argument 'cmake_args' from command line to '['-DCMAKE_BUILD_TYPE=Debug']'
[0.726s] Level 5:colcon.colcon_core.verb:set package 'moveit_setup_core_plugins' build argument 'cmake_target' from command line to 'None'
[0.726s] Level 5:colcon.colcon_core.verb:set package 'moveit_setup_core_plugins' build argument 'cmake_target_skip_unavailable' from command line to 'False'
[0.726s] Level 5:colcon.colcon_core.verb:set package 'moveit_setup_core_plugins' build argument 'cmake_clean_cache' from command line to 'False'
[0.726s] Level 5:colcon.colcon_core.verb:set package 'moveit_setup_core_plugins' build argument 'cmake_clean_first' from command line to 'False'
[0.726s] Level 5:colcon.colcon_core.verb:set package 'moveit_setup_core_plugins' build argument 'cmake_force_configure' from command line to 'False'
[0.726s] Level 5:colcon.colcon_core.verb:set package 'moveit_setup_core_plugins' build argument 'ament_cmake_args' from command line to 'None'
[0.726s] Level 5:colcon.colcon_core.verb:set package 'moveit_setup_core_plugins' build argument 'catkin_cmake_args' from command line to 'None'
[0.726s] Level 5:colcon.colcon_core.verb:set package 'moveit_setup_core_plugins' build argument 'catkin_skip_building_tests' from command line to 'False'
[0.726s] DEBUG:colcon.colcon_core.verb:Building package 'moveit_setup_core_plugins' with the following arguments: {'ament_cmake_args': None, 'build_base': '/home/jone/ws_moveit/build/moveit_setup_core_plugins', 'catkin_cmake_args': None, 'catkin_skip_building_tests': False, 'cmake_args': ['-DCMAKE_BUILD_TYPE=Debug'], 'cmake_clean_cache': False, 'cmake_clean_first': False, 'cmake_force_configure': False, 'cmake_target': None, 'cmake_target_skip_unavailable': False, 'install_base': '/home/jone/ws_moveit/install/moveit_setup_core_plugins', 'merge_install': False, 'path': '/home/jone/ws_moveit/src/moveit2/moveit_setup_assistant/moveit_setup_core_plugins', 'symlink_install': False, 'test_result_base': None}
[0.726s] Level 5:colcon.colcon_core.verb:set package 'moveit_setup_srdf_plugins' build argument 'cmake_args' from command line to '['-DCMAKE_BUILD_TYPE=Debug']'
[0.726s] Level 5:colcon.colcon_core.verb:set package 'moveit_setup_srdf_plugins' build argument 'cmake_target' from command line to 'None'
[0.726s] Level 5:colcon.colcon_core.verb:set package 'moveit_setup_srdf_plugins' build argument 'cmake_target_skip_unavailable' from command line to 'False'
[0.726s] Level 5:colcon.colcon_core.verb:set package 'moveit_setup_srdf_plugins' build argument 'cmake_clean_cache' from command line to 'False'
[0.726s] Level 5:colcon.colcon_core.verb:set package 'moveit_setup_srdf_plugins' build argument 'cmake_clean_first' from command line to 'False'
[0.726s] Level 5:colcon.colcon_core.verb:set package 'moveit_setup_srdf_plugins' build argument 'cmake_force_configure' from command line to 'False'
[0.726s] Level 5:colcon.colcon_core.verb:set package 'moveit_setup_srdf_plugins' build argument 'ament_cmake_args' from command line to 'None'
[0.726s] Level 5:colcon.colcon_core.verb:set package 'moveit_setup_srdf_plugins' build argument 'catkin_cmake_args' from command line to 'None'
[0.726s] Level 5:colcon.colcon_core.verb:set package 'moveit_setup_srdf_plugins' build argument 'catkin_skip_building_tests' from command line to 'False'
[0.726s] DEBUG:colcon.colcon_core.verb:Building package 'moveit_setup_srdf_plugins' with the following arguments: {'ament_cmake_args': None, 'build_base': '/home/jone/ws_moveit/build/moveit_setup_srdf_plugins', 'catkin_cmake_args': None, 'catkin_skip_building_tests': False, 'cmake_args': ['-DCMAKE_BUILD_TYPE=Debug'], 'cmake_clean_cache': False, 'cmake_clean_first': False, 'cmake_force_configure': False, 'cmake_target': None, 'cmake_target_skip_unavailable': False, 'install_base': '/home/jone/ws_moveit/install/moveit_setup_srdf_plugins', 'merge_install': False, 'path': '/home/jone/ws_moveit/src/moveit2/moveit_setup_assistant/moveit_setup_srdf_plugins', 'symlink_install': False, 'test_result_base': None}
[0.726s] Level 5:colcon.colcon_core.verb:set package 'moveit_runtime' build argument 'cmake_args' from command line to '['-DCMAKE_BUILD_TYPE=Debug']'
[0.726s] Level 5:colcon.colcon_core.verb:set package 'moveit_runtime' build argument 'cmake_target' from command line to 'None'
[0.726s] Level 5:colcon.colcon_core.verb:set package 'moveit_runtime' build argument 'cmake_target_skip_unavailable' from command line to 'False'
[0.726s] Level 5:colcon.colcon_core.verb:set package 'moveit_runtime' build argument 'cmake_clean_cache' from command line to 'False'
[0.726s] Level 5:colcon.colcon_core.verb:set package 'moveit_runtime' build argument 'cmake_clean_first' from command line to 'False'
[0.726s] Level 5:colcon.colcon_core.verb:set package 'moveit_runtime' build argument 'cmake_force_configure' from command line to 'False'
[0.726s] Level 5:colcon.colcon_core.verb:set package 'moveit_runtime' build argument 'ament_cmake_args' from command line to 'None'
[0.726s] Level 5:colcon.colcon_core.verb:set package 'moveit_runtime' build argument 'catkin_cmake_args' from command line to 'None'
[0.726s] Level 5:colcon.colcon_core.verb:set package 'moveit_runtime' build argument 'catkin_skip_building_tests' from command line to 'False'
[0.726s] DEBUG:colcon.colcon_core.verb:Building package 'moveit_runtime' with the following arguments: {'ament_cmake_args': None, 'build_base': '/home/jone/ws_moveit/build/moveit_runtime', 'catkin_cmake_args': None, 'catkin_skip_building_tests': False, 'cmake_args': ['-DCMAKE_BUILD_TYPE=Debug'], 'cmake_clean_cache': False, 'cmake_clean_first': False, 'cmake_force_configure': False, 'cmake_target': None, 'cmake_target_skip_unavailable': False, 'install_base': '/home/jone/ws_moveit/install/moveit_runtime', 'merge_install': False, 'path': '/home/jone/ws_moveit/src/moveit2/moveit_runtime', 'symlink_install': False, 'test_result_base': None}
[0.727s] Level 5:colcon.colcon_core.verb:set package 'moveit_setup_assistant' build argument 'cmake_args' from command line to '['-DCMAKE_BUILD_TYPE=Debug']'
[0.727s] Level 5:colcon.colcon_core.verb:set package 'moveit_setup_assistant' build argument 'cmake_target' from command line to 'None'
[0.727s] Level 5:colcon.colcon_core.verb:set package 'moveit_setup_assistant' build argument 'cmake_target_skip_unavailable' from command line to 'False'
[0.727s] Level 5:colcon.colcon_core.verb:set package 'moveit_setup_assistant' build argument 'cmake_clean_cache' from command line to 'False'
[0.727s] Level 5:colcon.colcon_core.verb:set package 'moveit_setup_assistant' build argument 'cmake_clean_first' from command line to 'False'
[0.727s] Level 5:colcon.colcon_core.verb:set package 'moveit_setup_assistant' build argument 'cmake_force_configure' from command line to 'False'
[0.727s] Level 5:colcon.colcon_core.verb:set package 'moveit_setup_assistant' build argument 'ament_cmake_args' from command line to 'None'
[0.727s] Level 5:colcon.colcon_core.verb:set package 'moveit_setup_assistant' build argument 'catkin_cmake_args' from command line to 'None'
[0.727s] Level 5:colcon.colcon_core.verb:set package 'moveit_setup_assistant' build argument 'catkin_skip_building_tests' from command line to 'False'
[0.727s] DEBUG:colcon.colcon_core.verb:Building package 'moveit_setup_assistant' with the following arguments: {'ament_cmake_args': None, 'build_base': '/home/jone/ws_moveit/build/moveit_setup_assistant', 'catkin_cmake_args': None, 'catkin_skip_building_tests': False, 'cmake_args': ['-DCMAKE_BUILD_TYPE=Debug'], 'cmake_clean_cache': False, 'cmake_clean_first': False, 'cmake_force_configure': False, 'cmake_target': None, 'cmake_target_skip_unavailable': False, 'install_base': '/home/jone/ws_moveit/install/moveit_setup_assistant', 'merge_install': False, 'path': '/home/jone/ws_moveit/src/moveit2/moveit_setup_assistant/moveit_setup_assistant', 'symlink_install': False, 'test_result_base': None}
[0.727s] Level 5:colcon.colcon_core.verb:set package 'moveit_task_constructor_core' build argument 'cmake_args' from command line to '['-DCMAKE_BUILD_TYPE=Debug']'
[0.727s] Level 5:colcon.colcon_core.verb:set package 'moveit_task_constructor_core' build argument 'cmake_target' from command line to 'None'
[0.727s] Level 5:colcon.colcon_core.verb:set package 'moveit_task_constructor_core' build argument 'cmake_target_skip_unavailable' from command line to 'False'
[0.727s] Level 5:colcon.colcon_core.verb:set package 'moveit_task_constructor_core' build argument 'cmake_clean_cache' from command line to 'False'
[0.727s] Level 5:colcon.colcon_core.verb:set package 'moveit_task_constructor_core' build argument 'cmake_clean_first' from command line to 'False'
[0.727s] Level 5:colcon.colcon_core.verb:set package 'moveit_task_constructor_core' build argument 'cmake_force_configure' from command line to 'False'
[0.727s] Level 5:colcon.colcon_core.verb:set package 'moveit_task_constructor_core' build argument 'ament_cmake_args' from command line to 'None'
[0.727s] Level 5:colcon.colcon_core.verb:set package 'moveit_task_constructor_core' build argument 'catkin_cmake_args' from command line to 'None'
[0.727s] Level 5:colcon.colcon_core.verb:set package 'moveit_task_constructor_core' build argument 'catkin_skip_building_tests' from command line to 'False'
[0.727s] DEBUG:colcon.colcon_core.verb:Building package 'moveit_task_constructor_core' with the following arguments: {'ament_cmake_args': None, 'build_base': '/home/jone/ws_moveit/build/moveit_task_constructor_core', 'catkin_cmake_args': None, 'catkin_skip_building_tests': False, 'cmake_args': ['-DCMAKE_BUILD_TYPE=Debug'], 'cmake_clean_cache': False, 'cmake_clean_first': False, 'cmake_force_configure': False, 'cmake_target': None, 'cmake_target_skip_unavailable': False, 'install_base': '/home/jone/ws_moveit/install/moveit_task_constructor_core', 'merge_install': False, 'path': '/home/jone/ws_moveit/src/moveit_task_constructor/core', 'symlink_install': False, 'test_result_base': None}
[0.728s] Level 5:colcon.colcon_core.verb:set package 'moveit' build argument 'cmake_args' from command line to '['-DCMAKE_BUILD_TYPE=Debug']'
[0.728s] Level 5:colcon.colcon_core.verb:set package 'moveit' build argument 'cmake_target' from command line to 'None'
[0.728s] Level 5:colcon.colcon_core.verb:set package 'moveit' build argument 'cmake_target_skip_unavailable' from command line to 'False'
[0.728s] Level 5:colcon.colcon_core.verb:set package 'moveit' build argument 'cmake_clean_cache' from command line to 'False'
[0.728s] Level 5:colcon.colcon_core.verb:set package 'moveit' build argument 'cmake_clean_first' from command line to 'False'
[0.728s] Level 5:colcon.colcon_core.verb:set package 'moveit' build argument 'cmake_force_configure' from command line to 'False'
[0.728s] Level 5:colcon.colcon_core.verb:set package 'moveit' build argument 'ament_cmake_args' from command line to 'None'
[0.728s] Level 5:colcon.colcon_core.verb:set package 'moveit' build argument 'catkin_cmake_args' from command line to 'None'
[0.728s] Level 5:colcon.colcon_core.verb:set package 'moveit' build argument 'catkin_skip_building_tests' from command line to 'False'
[0.728s] DEBUG:colcon.colcon_core.verb:Building package 'moveit' with the following arguments: {'ament_cmake_args': None, 'build_base': '/home/jone/ws_moveit/build/moveit', 'catkin_cmake_args': None, 'catkin_skip_building_tests': False, 'cmake_args': ['-DCMAKE_BUILD_TYPE=Debug'], 'cmake_clean_cache': False, 'cmake_clean_first': False, 'cmake_force_configure': False, 'cmake_target': None, 'cmake_target_skip_unavailable': False, 'install_base': '/home/jone/ws_moveit/install/moveit', 'merge_install': False, 'path': '/home/jone/ws_moveit/src/moveit2/moveit', 'symlink_install': False, 'test_result_base': None}
[0.728s] Level 5:colcon.colcon_core.verb:set package 'moveit_task_constructor_capabilities' build argument 'cmake_args' from command line to '['-DCMAKE_BUILD_TYPE=Debug']'
[0.728s] Level 5:colcon.colcon_core.verb:set package 'moveit_task_constructor_capabilities' build argument 'cmake_target' from command line to 'None'
[0.728s] Level 5:colcon.colcon_core.verb:set package 'moveit_task_constructor_capabilities' build argument 'cmake_target_skip_unavailable' from command line to 'False'
[0.728s] Level 5:colcon.colcon_core.verb:set package 'moveit_task_constructor_capabilities' build argument 'cmake_clean_cache' from command line to 'False'
[0.728s] Level 5:colcon.colcon_core.verb:set package 'moveit_task_constructor_capabilities' build argument 'cmake_clean_first' from command line to 'False'
[0.728s] Level 5:colcon.colcon_core.verb:set package 'moveit_task_constructor_capabilities' build argument 'cmake_force_configure' from command line to 'False'
[0.728s] Level 5:colcon.colcon_core.verb:set package 'moveit_task_constructor_capabilities' build argument 'ament_cmake_args' from command line to 'None'
[0.728s] Level 5:colcon.colcon_core.verb:set package 'moveit_task_constructor_capabilities' build argument 'catkin_cmake_args' from command line to 'None'
[0.728s] Level 5:colcon.colcon_core.verb:set package 'moveit_task_constructor_capabilities' build argument 'catkin_skip_building_tests' from command line to 'False'
[0.728s] DEBUG:colcon.colcon_core.verb:Building package 'moveit_task_constructor_capabilities' with the following arguments: {'ament_cmake_args': None, 'build_base': '/home/jone/ws_moveit/build/moveit_task_constructor_capabilities', 'catkin_cmake_args': None, 'catkin_skip_building_tests': False, 'cmake_args': ['-DCMAKE_BUILD_TYPE=Debug'], 'cmake_clean_cache': False, 'cmake_clean_first': False, 'cmake_force_configure': False, 'cmake_target': None, 'cmake_target_skip_unavailable': False, 'install_base': '/home/jone/ws_moveit/install/moveit_task_constructor_capabilities', 'merge_install': False, 'path': '/home/jone/ws_moveit/src/moveit_task_constructor/capabilities', 'symlink_install': False, 'test_result_base': None}
[0.728s] Level 5:colcon.colcon_core.verb:set package 'moveit_task_constructor_visualization' build argument 'cmake_args' from command line to '['-DCMAKE_BUILD_TYPE=Debug']'
[0.728s] Level 5:colcon.colcon_core.verb:set package 'moveit_task_constructor_visualization' build argument 'cmake_target' from command line to 'None'
[0.728s] Level 5:colcon.colcon_core.verb:set package 'moveit_task_constructor_visualization' build argument 'cmake_target_skip_unavailable' from command line to 'False'
[0.728s] Level 5:colcon.colcon_core.verb:set package 'moveit_task_constructor_visualization' build argument 'cmake_clean_cache' from command line to 'False'
[0.728s] Level 5:colcon.colcon_core.verb:set package 'moveit_task_constructor_visualization' build argument 'cmake_clean_first' from command line to 'False'
[0.728s] Level 5:colcon.colcon_core.verb:set package 'moveit_task_constructor_visualization' build argument 'cmake_force_configure' from command line to 'False'
[0.728s] Level 5:colcon.colcon_core.verb:set package 'moveit_task_constructor_visualization' build argument 'ament_cmake_args' from command line to 'None'
[0.728s] Level 5:colcon.colcon_core.verb:set package 'moveit_task_constructor_visualization' build argument 'catkin_cmake_args' from command line to 'None'
[0.728s] Level 5:colcon.colcon_core.verb:set package 'moveit_task_constructor_visualization' build argument 'catkin_skip_building_tests' from command line to 'False'
[0.729s] DEBUG:colcon.colcon_core.verb:Building package 'moveit_task_constructor_visualization' with the following arguments: {'ament_cmake_args': None, 'build_base': '/home/jone/ws_moveit/build/moveit_task_constructor_visualization', 'catkin_cmake_args': None, 'catkin_skip_building_tests': False, 'cmake_args': ['-DCMAKE_BUILD_TYPE=Debug'], 'cmake_clean_cache': False, 'cmake_clean_first': False, 'cmake_force_configure': False, 'cmake_target': None, 'cmake_target_skip_unavailable': False, 'install_base': '/home/jone/ws_moveit/install/moveit_task_constructor_visualization', 'merge_install': False, 'path': '/home/jone/ws_moveit/src/moveit_task_constructor/visualization', 'symlink_install': False, 'test_result_base': None}
[0.729s] Level 5:colcon.colcon_core.verb:set package 'moveit2_tutorials' build argument 'cmake_args' from command line to '['-DCMAKE_BUILD_TYPE=Debug']'
[0.729s] Level 5:colcon.colcon_core.verb:set package 'moveit2_tutorials' build argument 'cmake_target' from command line to 'None'
[0.729s] Level 5:colcon.colcon_core.verb:set package 'moveit2_tutorials' build argument 'cmake_target_skip_unavailable' from command line to 'False'
[0.729s] Level 5:colcon.colcon_core.verb:set package 'moveit2_tutorials' build argument 'cmake_clean_cache' from command line to 'False'
[0.729s] Level 5:colcon.colcon_core.verb:set package 'moveit2_tutorials' build argument 'cmake_clean_first' from command line to 'False'
[0.729s] Level 5:colcon.colcon_core.verb:set package 'moveit2_tutorials' build argument 'cmake_force_configure' from command line to 'False'
[0.729s] Level 5:colcon.colcon_core.verb:set package 'moveit2_tutorials' build argument 'ament_cmake_args' from command line to 'None'
[0.729s] Level 5:colcon.colcon_core.verb:set package 'moveit2_tutorials' build argument 'catkin_cmake_args' from command line to 'None'
[0.729s] Level 5:colcon.colcon_core.verb:set package 'moveit2_tutorials' build argument 'catkin_skip_building_tests' from command line to 'False'
[0.729s] DEBUG:colcon.colcon_core.verb:Building package 'moveit2_tutorials' with the following arguments: {'ament_cmake_args': None, 'build_base': '/home/jone/ws_moveit/build/moveit2_tutorials', 'catkin_cmake_args': None, 'catkin_skip_building_tests': False, 'cmake_args': ['-DCMAKE_BUILD_TYPE=Debug'], 'cmake_clean_cache': False, 'cmake_clean_first': False, 'cmake_force_configure': False, 'cmake_target': None, 'cmake_target_skip_unavailable': False, 'install_base': '/home/jone/ws_moveit/install/moveit2_tutorials', 'merge_install': False, 'path': '/home/jone/ws_moveit/src/moveit2_tutorials', 'symlink_install': False, 'test_result_base': None}
[0.729s] Level 5:colcon.colcon_core.verb:set package 'moveit_task_constructor_demo' build argument 'cmake_args' from command line to '['-DCMAKE_BUILD_TYPE=Debug']'
[0.729s] Level 5:colcon.colcon_core.verb:set package 'moveit_task_constructor_demo' build argument 'cmake_target' from command line to 'None'
[0.729s] Level 5:colcon.colcon_core.verb:set package 'moveit_task_constructor_demo' build argument 'cmake_target_skip_unavailable' from command line to 'False'
[0.729s] Level 5:colcon.colcon_core.verb:set package 'moveit_task_constructor_demo' build argument 'cmake_clean_cache' from command line to 'False'
[0.729s] Level 5:colcon.colcon_core.verb:set package 'moveit_task_constructor_demo' build argument 'cmake_clean_first' from command line to 'False'
[0.729s] Level 5:colcon.colcon_core.verb:set package 'moveit_task_constructor_demo' build argument 'cmake_force_configure' from command line to 'False'
[0.729s] Level 5:colcon.colcon_core.verb:set package 'moveit_task_constructor_demo' build argument 'ament_cmake_args' from command line to 'None'
[0.729s] Level 5:colcon.colcon_core.verb:set package 'moveit_task_constructor_demo' build argument 'catkin_cmake_args' from command line to 'None'
[0.729s] Level 5:colcon.colcon_core.verb:set package 'moveit_task_constructor_demo' build argument 'catkin_skip_building_tests' from command line to 'False'
[0.729s] DEBUG:colcon.colcon_core.verb:Building package 'moveit_task_constructor_demo' with the following arguments: {'ament_cmake_args': None, 'build_base': '/home/jone/ws_moveit/build/moveit_task_constructor_demo', 'catkin_cmake_args': None, 'catkin_skip_building_tests': False, 'cmake_args': ['-DCMAKE_BUILD_TYPE=Debug'], 'cmake_clean_cache': False, 'cmake_clean_first': False, 'cmake_force_configure': False, 'cmake_target': None, 'cmake_target_skip_unavailable': False, 'install_base': '/home/jone/ws_moveit/install/moveit_task_constructor_demo', 'merge_install': False, 'path': '/home/jone/ws_moveit/src/moveit_task_constructor/demo', 'symlink_install': False, 'test_result_base': None}
[0.729s] INFO:colcon.colcon_core.executor:Executing jobs using 'sequential' executor
[0.730s] DEBUG:colcon.colcon_core.executor.sequential:run_until_complete 'launch_param_builder'
[0.730s] INFO:colcon.colcon_ros.task.ament_python.build:Building ROS package in '/home/jone/ws_moveit/src/launch_param_builder' with build type 'ament_python'
[0.730s] Level 1:colcon.colcon_core.shell:create_environment_hook('launch_param_builder', 'ament_prefix_path')
[0.737s] INFO:colcon.colcon_core.plugin_system:Skipping extension 'colcon_core.shell.bat': Not used on non-Windows systems
[0.737s] INFO:colcon.colcon_core.shell:Creating environment hook '/home/jone/ws_moveit/install/launch_param_builder/share/launch_param_builder/hook/ament_prefix_path.ps1'
[0.738s] INFO:colcon.colcon_core.shell:Creating environment descriptor '/home/jone/ws_moveit/install/launch_param_builder/share/launch_param_builder/hook/ament_prefix_path.dsv'
[0.738s] INFO:colcon.colcon_core.shell:Creating environment hook '/home/jone/ws_moveit/install/launch_param_builder/share/launch_param_builder/hook/ament_prefix_path.sh'
[0.739s] INFO:colcon.colcon_core.shell:Skip shell extension 'powershell' for command environment: Not usable outside of PowerShell
[0.739s] DEBUG:colcon.colcon_core.shell:Skip shell extension 'dsv' for command environment
[0.937s] INFO:colcon.colcon_core.task.python.build:Building Python package in '/home/jone/ws_moveit/src/launch_param_builder'
[0.937s] INFO:colcon.colcon_core.shell:Skip shell extension 'powershell' for command environment: Not usable outside of PowerShell
[0.938s] DEBUG:colcon.colcon_core.shell:Skip shell extension 'dsv' for command environment
[1.322s] DEBUG:colcon.colcon_core.event_handler.log_command:Invoking command in '/home/jone/ws_moveit/src/launch_param_builder': PYTHONPATH=/home/jone/ws_moveit/build/launch_param_builder/prefix_override:/usr/lib/python3/dist-packages/colcon_core/task/python/colcon_distutils_commands:/home/jone/ws_moveit/install/launch_param_builder/lib/python3.10/site-packages:${PYTHONPATH} /usr/bin/python3 -W ignore:setup.py install is deprecated -W ignore:easy_install command is deprecated setup.py egg_info --egg-base ../../build/launch_param_builder build --build-base /home/jone/ws_moveit/build/launch_param_builder/build install --record /home/jone/ws_moveit/build/launch_param_builder/install.log --single-version-externally-managed install_data
[1.542s] DEBUG:colcon.colcon_core.event_handler.log_command:Invoked command in '/home/jone/ws_moveit/src/launch_param_builder' returned '0': PYTHONPATH=/home/jone/ws_moveit/build/launch_param_builder/prefix_override:/usr/lib/python3/dist-packages/colcon_core/task/python/colcon_distutils_commands:/home/jone/ws_moveit/install/launch_param_builder/lib/python3.10/site-packages:${PYTHONPATH} /usr/bin/python3 -W ignore:setup.py install is deprecated -W ignore:easy_install command is deprecated setup.py egg_info --egg-base ../../build/launch_param_builder build --build-base /home/jone/ws_moveit/build/launch_param_builder/build install --record /home/jone/ws_moveit/build/launch_param_builder/install.log --single-version-externally-managed install_data
[1.548s] Level 1:colcon.colcon_core.environment:checking '/home/jone/ws_moveit/install/launch_param_builder' for CMake module files
[1.548s] Level 1:colcon.colcon_core.environment:checking '/home/jone/ws_moveit/install/launch_param_builder' for CMake config files
[1.549s] Level 1:colcon.colcon_core.environment:checking '/home/jone/ws_moveit/install/launch_param_builder/lib'
[1.549s] Level 1:colcon.colcon_core.environment:checking '/home/jone/ws_moveit/install/launch_param_builder/bin'
[1.549s] Level 1:colcon.colcon_core.environment:checking '/home/jone/ws_moveit/install/launch_param_builder/lib/pkgconfig/launch_param_builder.pc'
[1.549s] Level 1:colcon.colcon_core.environment:checking '/home/jone/ws_moveit/install/launch_param_builder/lib/python3.10/site-packages'
[1.549s] Level 1:colcon.colcon_core.shell:create_environment_hook('launch_param_builder', 'pythonpath')
[1.549s] INFO:colcon.colcon_core.shell:Creating environment hook '/home/jone/ws_moveit/install/launch_param_builder/share/launch_param_builder/hook/pythonpath.ps1'
[1.550s] INFO:colcon.colcon_core.shell:Creating environment descriptor '/home/jone/ws_moveit/install/launch_param_builder/share/launch_param_builder/hook/pythonpath.dsv'
[1.550s] INFO:colcon.colcon_core.shell:Creating environment hook '/home/jone/ws_moveit/install/launch_param_builder/share/launch_param_builder/hook/pythonpath.sh'
[1.550s] Level 1:colcon.colcon_core.environment:checking '/home/jone/ws_moveit/install/launch_param_builder/bin'
[1.550s] Level 1:colcon.colcon_core.environment:create_environment_scripts_only(launch_param_builder)
[1.551s] INFO:colcon.colcon_core.shell:Creating package script '/home/jone/ws_moveit/install/launch_param_builder/share/launch_param_builder/package.ps1'
[1.551s] INFO:colcon.colcon_core.shell:Creating package descriptor '/home/jone/ws_moveit/install/launch_param_builder/share/launch_param_builder/package.dsv'
[1.552s] INFO:colcon.colcon_core.shell:Creating package script '/home/jone/ws_moveit/install/launch_param_builder/share/launch_param_builder/package.sh'
[1.552s] INFO:colcon.colcon_core.shell:Creating package script '/home/jone/ws_moveit/install/launch_param_builder/share/launch_param_builder/package.bash'
[1.553s] INFO:colcon.colcon_core.shell:Creating package script '/home/jone/ws_moveit/install/launch_param_builder/share/launch_param_builder/package.zsh'
[1.554s] Level 1:colcon.colcon_core.environment:create_file_with_runtime_dependencies(/home/jone/ws_moveit/install/launch_param_builder/share/colcon-core/packages/launch_param_builder)
[1.554s] DEBUG:colcon.colcon_core.executor.sequential:run_until_complete 'launch_param_builder' finished with '0'
[1.554s] DEBUG:colcon.colcon_core.executor.sequential:run_until_complete 'moveit_common'
[1.554s] INFO:colcon.colcon_ros.task.ament_cmake.build:Building ROS package in '/home/jone/ws_moveit/src/moveit2/moveit_common' with build type 'ament_cmake'
[1.554s] INFO:colcon.colcon_cmake.task.cmake.build:Building CMake package in '/home/jone/ws_moveit/src/moveit2/moveit_common'
[1.554s] INFO:colcon.colcon_core.shell:Skip shell extension 'powershell' for command environment: Not usable outside of PowerShell
[1.554s] DEBUG:colcon.colcon_core.shell:Skip shell extension 'dsv' for command environment
[1.567s] DEBUG:colcon.colcon_core.event_handler.log_command:Invoking command in '/home/jone/ws_moveit/build/moveit_common': CMAKE_PREFIX_PATH=${CMAKE_PREFIX_PATH}:/home/jone/ws_moveit/install/moveit_configs_utils:/home/jone/ws_moveit/install/launch_param_builder:/opt/ros/humble /usr/bin/cmake --build /home/jone/ws_moveit/build/moveit_common -- -j16 -l16
[1.651s] DEBUG:colcon.colcon_core.event_handler.log_command:Invoked command in '/home/jone/ws_moveit/build/moveit_common' returned '0': CMAKE_PREFIX_PATH=${CMAKE_PREFIX_PATH}:/home/jone/ws_moveit/install/moveit_configs_utils:/home/jone/ws_moveit/install/launch_param_builder:/opt/ros/humble /usr/bin/cmake --build /home/jone/ws_moveit/build/moveit_common -- -j16 -l16
[1.665s] DEBUG:colcon.colcon_core.event_handler.log_command:Invoking command in '/home/jone/ws_moveit/build/moveit_common': CMAKE_PREFIX_PATH=${CMAKE_PREFIX_PATH}:/home/jone/ws_moveit/install/moveit_configs_utils:/home/jone/ws_moveit/install/launch_param_builder:/opt/ros/humble /usr/bin/cmake --install /home/jone/ws_moveit/build/moveit_common
[1.678s] Level 1:colcon.colcon_core.environment:create_environment_scripts_only(moveit_common)
[1.679s] Level 1:colcon.colcon_core.environment:checking '/home/jone/ws_moveit/install/moveit_common' for CMake module files
[1.679s] DEBUG:colcon.colcon_core.event_handler.log_command:Invoked command in '/home/jone/ws_moveit/build/moveit_common' returned '0': CMAKE_PREFIX_PATH=${CMAKE_PREFIX_PATH}:/home/jone/ws_moveit/install/moveit_configs_utils:/home/jone/ws_moveit/install/launch_param_builder:/opt/ros/humble /usr/bin/cmake --install /home/jone/ws_moveit/build/moveit_common
[1.679s] Level 1:colcon.colcon_core.environment:checking '/home/jone/ws_moveit/install/moveit_common' for CMake config files
[1.680s] Level 1:colcon.colcon_core.shell:create_environment_hook('moveit_common', 'cmake_prefix_path')
[1.680s] INFO:colcon.colcon_core.shell:Creating environment hook '/home/jone/ws_moveit/install/moveit_common/share/moveit_common/hook/cmake_prefix_path.ps1'
[1.680s] INFO:colcon.colcon_core.shell:Creating environment descriptor '/home/jone/ws_moveit/install/moveit_common/share/moveit_common/hook/cmake_prefix_path.dsv'
[1.680s] INFO:colcon.colcon_core.shell:Creating environment hook '/home/jone/ws_moveit/install/moveit_common/share/moveit_common/hook/cmake_prefix_path.sh'
[1.681s] Level 1:colcon.colcon_core.environment:checking '/home/jone/ws_moveit/install/moveit_common/bin'
[1.681s] Level 1:colcon.colcon_core.environment:checking '/home/jone/ws_moveit/install/moveit_common/lib/pkgconfig/moveit_common.pc'
[1.681s] Level 1:colcon.colcon_core.environment:checking '/home/jone/ws_moveit/install/moveit_common/lib/python3.10/site-packages'
[1.681s] Level 1:colcon.colcon_core.environment:checking '/home/jone/ws_moveit/install/moveit_common/bin'
[1.681s] INFO:colcon.colcon_core.shell:Creating package script '/home/jone/ws_moveit/install/moveit_common/share/moveit_common/package.ps1'
[1.682s] INFO:colcon.colcon_core.shell:Creating package descriptor '/home/jone/ws_moveit/install/moveit_common/share/moveit_common/package.dsv'
[1.682s] INFO:colcon.colcon_core.shell:Creating package script '/home/jone/ws_moveit/install/moveit_common/share/moveit_common/package.sh'
[1.682s] INFO:colcon.colcon_core.shell:Creating package script '/home/jone/ws_moveit/install/moveit_common/share/moveit_common/package.bash'
[1.683s] INFO:colcon.colcon_core.shell:Creating package script '/home/jone/ws_moveit/install/moveit_common/share/moveit_common/package.zsh'
[1.683s] Level 1:colcon.colcon_core.environment:create_file_with_runtime_dependencies(/home/jone/ws_moveit/install/moveit_common/share/colcon-core/packages/moveit_common)
[1.683s] Level 1:colcon.colcon_core.environment:create_environment_scripts_only(moveit_common)
[1.684s] Level 1:colcon.colcon_core.environment:checking '/home/jone/ws_moveit/install/moveit_common' for CMake module files
[1.684s] Level 1:colcon.colcon_core.environment:checking '/home/jone/ws_moveit/install/moveit_common' for CMake config files
[1.684s] Level 1:colcon.colcon_core.shell:create_environment_hook('moveit_common', 'cmake_prefix_path')
[1.684s] INFO:colcon.colcon_core.shell:Creating environment hook '/home/jone/ws_moveit/install/moveit_common/share/moveit_common/hook/cmake_prefix_path.ps1'
[1.684s] INFO:colcon.colcon_core.shell:Creating environment descriptor '/home/jone/ws_moveit/install/moveit_common/share/moveit_common/hook/cmake_prefix_path.dsv'
[1.685s] INFO:colcon.colcon_core.shell:Creating environment hook '/home/jone/ws_moveit/install/moveit_common/share/moveit_common/hook/cmake_prefix_path.sh'
[1.685s] Level 1:colcon.colcon_core.environment:checking '/home/jone/ws_moveit/install/moveit_common/bin'
[1.685s] Level 1:colcon.colcon_core.environment:checking '/home/jone/ws_moveit/install/moveit_common/lib/pkgconfig/moveit_common.pc'
[1.685s] Level 1:colcon.colcon_core.environment:checking '/home/jone/ws_moveit/install/moveit_common/lib/python3.10/site-packages'
[1.685s] Level 1:colcon.colcon_core.environment:checking '/home/jone/ws_moveit/install/moveit_common/bin'
[1.686s] INFO:colcon.colcon_core.shell:Creating package script '/home/jone/ws_moveit/install/moveit_common/share/moveit_common/package.ps1'
[1.686s] INFO:colcon.colcon_core.shell:Creating package descriptor '/home/jone/ws_moveit/install/moveit_common/share/moveit_common/package.dsv'
[1.687s] INFO:colcon.colcon_core.shell:Creating package script '/home/jone/ws_moveit/install/moveit_common/share/moveit_common/package.sh'
[1.687s] INFO:colcon.colcon_core.shell:Creating package script '/home/jone/ws_moveit/install/moveit_common/share/moveit_common/package.bash'
[1.687s] INFO:colcon.colcon_core.shell:Creating package script '/home/jone/ws_moveit/install/moveit_common/share/moveit_common/package.zsh'
[1.687s] Level 1:colcon.colcon_core.environment:create_file_with_runtime_dependencies(/home/jone/ws_moveit/install/moveit_common/share/colcon-core/packages/moveit_common)
[1.688s] DEBUG:colcon.colcon_core.executor.sequential:run_until_complete 'moveit_common' finished with '0'
[1.688s] DEBUG:colcon.colcon_core.executor.sequential:run_until_complete 'moveit_resources_fanuc_description'
[1.688s] INFO:colcon.colcon_ros.task.ament_cmake.build:Building ROS package in '/home/jone/ws_moveit/src/moveit_resources/fanuc_description' with build type 'ament_cmake'
[1.688s] INFO:colcon.colcon_cmake.task.cmake.build:Building CMake package in '/home/jone/ws_moveit/src/moveit_resources/fanuc_description'
[1.688s] INFO:colcon.colcon_core.shell:Skip shell extension 'powershell' for command environment: Not usable outside of PowerShell
[1.688s] DEBUG:colcon.colcon_core.shell:Skip shell extension 'dsv' for command environment
[1.700s] DEBUG:colcon.colcon_core.event_handler.log_command:Invoking command in '/home/jone/ws_moveit/build/moveit_resources_fanuc_description': CMAKE_PREFIX_PATH=${CMAKE_PREFIX_PATH}:/home/jone/ws_moveit/install/moveit_configs_utils:/home/jone/ws_moveit/install/launch_param_builder:/opt/ros/humble /usr/bin/cmake --build /home/jone/ws_moveit/build/moveit_resources_fanuc_description -- -j16 -l16
[1.755s] DEBUG:colcon.colcon_core.event_handler.log_command:Invoked command in '/home/jone/ws_moveit/build/moveit_resources_fanuc_description' returned '0': CMAKE_PREFIX_PATH=${CMAKE_PREFIX_PATH}:/home/jone/ws_moveit/install/moveit_configs_utils:/home/jone/ws_moveit/install/launch_param_builder:/opt/ros/humble /usr/bin/cmake --build /home/jone/ws_moveit/build/moveit_resources_fanuc_description -- -j16 -l16
[1.757s] DEBUG:colcon.colcon_core.event_handler.log_command:Invoking command in '/home/jone/ws_moveit/build/moveit_resources_fanuc_description': CMAKE_PREFIX_PATH=${CMAKE_PREFIX_PATH}:/home/jone/ws_moveit/install/moveit_configs_utils:/home/jone/ws_moveit/install/launch_param_builder:/opt/ros/humble /usr/bin/cmake --install /home/jone/ws_moveit/build/moveit_resources_fanuc_description
[1.772s] Level 1:colcon.colcon_core.environment:create_environment_scripts_only(moveit_resources_fanuc_description)
[1.772s] Level 1:colcon.colcon_core.environment:checking '/home/jone/ws_moveit/install/moveit_resources_fanuc_description' for CMake module files
[1.773s] DEBUG:colcon.colcon_core.event_handler.log_command:Invoked command in '/home/jone/ws_moveit/build/moveit_resources_fanuc_description' returned '0': CMAKE_PREFIX_PATH=${CMAKE_PREFIX_PATH}:/home/jone/ws_moveit/install/moveit_configs_utils:/home/jone/ws_moveit/install/launch_param_builder:/opt/ros/humble /usr/bin/cmake --install /home/jone/ws_moveit/build/moveit_resources_fanuc_description
[1.773s] Level 1:colcon.colcon_core.environment:checking '/home/jone/ws_moveit/install/moveit_resources_fanuc_description' for CMake config files
[1.773s] Level 1:colcon.colcon_core.shell:create_environment_hook('moveit_resources_fanuc_description', 'cmake_prefix_path')
[1.773s] INFO:colcon.colcon_core.shell:Creating environment hook '/home/jone/ws_moveit/install/moveit_resources_fanuc_description/share/moveit_resources_fanuc_description/hook/cmake_prefix_path.ps1'
[1.774s] INFO:colcon.colcon_core.shell:Creating environment descriptor '/home/jone/ws_moveit/install/moveit_resources_fanuc_description/share/moveit_resources_fanuc_description/hook/cmake_prefix_path.dsv'
[1.774s] INFO:colcon.colcon_core.shell:Creating environment hook '/home/jone/ws_moveit/install/moveit_resources_fanuc_description/share/moveit_resources_fanuc_description/hook/cmake_prefix_path.sh'
[1.774s] Level 1:colcon.colcon_core.environment:checking '/home/jone/ws_moveit/install/moveit_resources_fanuc_description/bin'
[1.774s] Level 1:colcon.colcon_core.environment:checking '/home/jone/ws_moveit/install/moveit_resources_fanuc_description/lib/pkgconfig/moveit_resources_fanuc_description.pc'
[1.775s] Level 1:colcon.colcon_core.environment:checking '/home/jone/ws_moveit/install/moveit_resources_fanuc_description/lib/python3.10/site-packages'
[1.775s] Level 1:colcon.colcon_core.environment:checking '/home/jone/ws_moveit/install/moveit_resources_fanuc_description/bin'
[1.775s] INFO:colcon.colcon_core.shell:Creating package script '/home/jone/ws_moveit/install/moveit_resources_fanuc_description/share/moveit_resources_fanuc_description/package.ps1'
[1.775s] INFO:colcon.colcon_core.shell:Creating package descriptor '/home/jone/ws_moveit/install/moveit_resources_fanuc_description/share/moveit_resources_fanuc_description/package.dsv'
[1.776s] INFO:colcon.colcon_core.shell:Creating package script '/home/jone/ws_moveit/install/moveit_resources_fanuc_description/share/moveit_resources_fanuc_description/package.sh'
[1.776s] INFO:colcon.colcon_core.shell:Creating package script '/home/jone/ws_moveit/install/moveit_resources_fanuc_description/share/moveit_resources_fanuc_description/package.bash'
[1.776s] INFO:colcon.colcon_core.shell:Creating package script '/home/jone/ws_moveit/install/moveit_resources_fanuc_description/share/moveit_resources_fanuc_description/package.zsh'
[1.776s] Level 1:colcon.colcon_core.environment:create_file_with_runtime_dependencies(/home/jone/ws_moveit/install/moveit_resources_fanuc_description/share/colcon-core/packages/moveit_resources_fanuc_description)
[1.777s] Level 1:colcon.colcon_core.environment:create_environment_scripts_only(moveit_resources_fanuc_description)
[1.777s] Level 1:colcon.colcon_core.environment:checking '/home/jone/ws_moveit/install/moveit_resources_fanuc_description' for CMake module files
[1.777s] Level 1:colcon.colcon_core.environment:checking '/home/jone/ws_moveit/install/moveit_resources_fanuc_description' for CMake config files
[1.778s] Level 1:colcon.colcon_core.shell:create_environment_hook('moveit_resources_fanuc_description', 'cmake_prefix_path')
[1.778s] INFO:colcon.colcon_core.shell:Creating environment hook '/home/jone/ws_moveit/install/moveit_resources_fanuc_description/share/moveit_resources_fanuc_description/hook/cmake_prefix_path.ps1'
[1.778s] INFO:colcon.colcon_core.shell:Creating environment descriptor '/home/jone/ws_moveit/install/moveit_resources_fanuc_description/share/moveit_resources_fanuc_description/hook/cmake_prefix_path.dsv'
[1.778s] INFO:colcon.colcon_core.shell:Creating environment hook '/home/jone/ws_moveit/install/moveit_resources_fanuc_description/share/moveit_resources_fanuc_description/hook/cmake_prefix_path.sh'
[1.779s] Level 1:colcon.colcon_core.environment:checking '/home/jone/ws_moveit/install/moveit_resources_fanuc_description/bin'
[1.779s] Level 1:colcon.colcon_core.environment:checking '/home/jone/ws_moveit/install/moveit_resources_fanuc_description/lib/pkgconfig/moveit_resources_fanuc_description.pc'
[1.779s] Level 1:colcon.colcon_core.environment:checking '/home/jone/ws_moveit/install/moveit_resources_fanuc_description/lib/python3.10/site-packages'
[1.779s] Level 1:colcon.colcon_core.environment:checking '/home/jone/ws_moveit/install/moveit_resources_fanuc_description/bin'
[1.779s] INFO:colcon.colcon_core.shell:Creating package script '/home/jone/ws_moveit/install/moveit_resources_fanuc_description/share/moveit_resources_fanuc_description/package.ps1'
[1.780s] INFO:colcon.colcon_core.shell:Creating package descriptor '/home/jone/ws_moveit/install/moveit_resources_fanuc_description/share/moveit_resources_fanuc_description/package.dsv'
[1.780s] INFO:colcon.colcon_core.shell:Creating package script '/home/jone/ws_moveit/install/moveit_resources_fanuc_description/share/moveit_resources_fanuc_description/package.sh'
[1.780s] INFO:colcon.colcon_core.shell:Creating package script '/home/jone/ws_moveit/install/moveit_resources_fanuc_description/share/moveit_resources_fanuc_description/package.bash'
[1.781s] INFO:colcon.colcon_core.shell:Creating package script '/home/jone/ws_moveit/install/moveit_resources_fanuc_description/share/moveit_resources_fanuc_description/package.zsh'
[1.781s] Level 1:colcon.colcon_core.environment:create_file_with_runtime_dependencies(/home/jone/ws_moveit/install/moveit_resources_fanuc_description/share/colcon-core/packages/moveit_resources_fanuc_description)
[1.781s] DEBUG:colcon.colcon_core.executor.sequential:run_until_complete 'moveit_resources_fanuc_description' finished with '0'
[1.781s] DEBUG:colcon.colcon_core.executor.sequential:run_until_complete 'moveit_resources_panda_description'
[1.781s] INFO:colcon.colcon_ros.task.ament_cmake.build:Building ROS package in '/home/jone/ws_moveit/src/moveit_resources/panda_description' with build type 'ament_cmake'
[1.781s] INFO:colcon.colcon_cmake.task.cmake.build:Building CMake package in '/home/jone/ws_moveit/src/moveit_resources/panda_description'
[1.781s] INFO:colcon.colcon_core.shell:Skip shell extension 'powershell' for command environment: Not usable outside of PowerShell
[1.781s] DEBUG:colcon.colcon_core.shell:Skip shell extension 'dsv' for command environment
[1.793s] DEBUG:colcon.colcon_core.event_handler.log_command:Invoking command in '/home/jone/ws_moveit/build/moveit_resources_panda_description': CMAKE_PREFIX_PATH=${CMAKE_PREFIX_PATH}:/home/jone/ws_moveit/install/moveit_configs_utils:/home/jone/ws_moveit/install/launch_param_builder:/opt/ros/humble /usr/bin/cmake --build /home/jone/ws_moveit/build/moveit_resources_panda_description -- -j16 -l16
[1.850s] DEBUG:colcon.colcon_core.event_handler.log_command:Invoked command in '/home/jone/ws_moveit/build/moveit_resources_panda_description' returned '0': CMAKE_PREFIX_PATH=${CMAKE_PREFIX_PATH}:/home/jone/ws_moveit/install/moveit_configs_utils:/home/jone/ws_moveit/install/launch_param_builder:/opt/ros/humble /usr/bin/cmake --build /home/jone/ws_moveit/build/moveit_resources_panda_description -- -j16 -l16
[1.852s] DEBUG:colcon.colcon_core.event_handler.log_command:Invoking command in '/home/jone/ws_moveit/build/moveit_resources_panda_description': CMAKE_PREFIX_PATH=${CMAKE_PREFIX_PATH}:/home/jone/ws_moveit/install/moveit_configs_utils:/home/jone/ws_moveit/install/launch_param_builder:/opt/ros/humble /usr/bin/cmake --install /home/jone/ws_moveit/build/moveit_resources_panda_description
[1.869s] Level 1:colcon.colcon_core.environment:create_environment_scripts_only(moveit_resources_panda_description)
[1.870s] Level 1:colcon.colcon_core.environment:checking '/home/jone/ws_moveit/install/moveit_resources_panda_description' for CMake module files
[1.870s] DEBUG:colcon.colcon_core.event_handler.log_command:Invoked command in '/home/jone/ws_moveit/build/moveit_resources_panda_description' returned '0': CMAKE_PREFIX_PATH=${CMAKE_PREFIX_PATH}:/home/jone/ws_moveit/install/moveit_configs_utils:/home/jone/ws_moveit/install/launch_param_builder:/opt/ros/humble /usr/bin/cmake --install /home/jone/ws_moveit/build/moveit_resources_panda_description
[1.871s] Level 1:colcon.colcon_core.environment:checking '/home/jone/ws_moveit/install/moveit_resources_panda_description' for CMake config files
[1.871s] Level 1:colcon.colcon_core.shell:create_environment_hook('moveit_resources_panda_description', 'cmake_prefix_path')
[1.872s] INFO:colcon.colcon_core.shell:Creating environment hook '/home/jone/ws_moveit/install/moveit_resources_panda_description/share/moveit_resources_panda_description/hook/cmake_prefix_path.ps1'
[1.872s] INFO:colcon.colcon_core.shell:Creating environment descriptor '/home/jone/ws_moveit/install/moveit_resources_panda_description/share/moveit_resources_panda_description/hook/cmake_prefix_path.dsv'
[1.873s] INFO:colcon.colcon_core.shell:Creating environment hook '/home/jone/ws_moveit/install/moveit_resources_panda_description/share/moveit_resources_panda_description/hook/cmake_prefix_path.sh'
[1.873s] Level 1:colcon.colcon_core.environment:checking '/home/jone/ws_moveit/install/moveit_resources_panda_description/bin'
[1.873s] Level 1:colcon.colcon_core.environment:checking '/home/jone/ws_moveit/install/moveit_resources_panda_description/lib/pkgconfig/moveit_resources_panda_description.pc'
[1.873s] Level 1:colcon.colcon_core.environment:checking '/home/jone/ws_moveit/install/moveit_resources_panda_description/lib/python3.10/site-packages'
[1.874s] Level 1:colcon.colcon_core.environment:checking '/home/jone/ws_moveit/install/moveit_resources_panda_description/bin'
[1.874s] INFO:colcon.colcon_core.shell:Creating package script '/home/jone/ws_moveit/install/moveit_resources_panda_description/share/moveit_resources_panda_description/package.ps1'
[1.874s] INFO:colcon.colcon_core.shell:Creating package descriptor '/home/jone/ws_moveit/install/moveit_resources_panda_description/share/moveit_resources_panda_description/package.dsv'
[1.875s] INFO:colcon.colcon_core.shell:Creating package script '/home/jone/ws_moveit/install/moveit_resources_panda_description/share/moveit_resources_panda_description/package.sh'
[1.875s] INFO:colcon.colcon_core.shell:Creating package script '/home/jone/ws_moveit/install/moveit_resources_panda_description/share/moveit_resources_panda_description/package.bash'
[1.876s] INFO:colcon.colcon_core.shell:Creating package script '/home/jone/ws_moveit/install/moveit_resources_panda_description/share/moveit_resources_panda_description/package.zsh'
[1.876s] Level 1:colcon.colcon_core.environment:create_file_with_runtime_dependencies(/home/jone/ws_moveit/install/moveit_resources_panda_description/share/colcon-core/packages/moveit_resources_panda_description)
[1.876s] Level 1:colcon.colcon_core.environment:create_environment_scripts_only(moveit_resources_panda_description)
[1.876s] Level 1:colcon.colcon_core.environment:checking '/home/jone/ws_moveit/install/moveit_resources_panda_description' for CMake module files
[1.877s] Level 1:colcon.colcon_core.environment:checking '/home/jone/ws_moveit/install/moveit_resources_panda_description' for CMake config files
[1.877s] Level 1:colcon.colcon_core.shell:create_environment_hook('moveit_resources_panda_description', 'cmake_prefix_path')
[1.877s] INFO:colcon.colcon_core.shell:Creating environment hook '/home/jone/ws_moveit/install/moveit_resources_panda_description/share/moveit_resources_panda_description/hook/cmake_prefix_path.ps1'
[1.878s] INFO:colcon.colcon_core.shell:Creating environment descriptor '/home/jone/ws_moveit/install/moveit_resources_panda_description/share/moveit_resources_panda_description/hook/cmake_prefix_path.dsv'
[1.878s] INFO:colcon.colcon_core.shell:Creating environment hook '/home/jone/ws_moveit/install/moveit_resources_panda_description/share/moveit_resources_panda_description/hook/cmake_prefix_path.sh'
[1.878s] Level 1:colcon.colcon_core.environment:checking '/home/jone/ws_moveit/install/moveit_resources_panda_description/bin'
[1.878s] Level 1:colcon.colcon_core.environment:checking '/home/jone/ws_moveit/install/moveit_resources_panda_description/lib/pkgconfig/moveit_resources_panda_description.pc'
[1.879s] Level 1:colcon.colcon_core.environment:checking '/home/jone/ws_moveit/install/moveit_resources_panda_description/lib/python3.10/site-packages'
[1.879s] Level 1:colcon.colcon_core.environment:checking '/home/jone/ws_moveit/install/moveit_resources_panda_description/bin'
[1.879s] INFO:colcon.colcon_core.shell:Creating package script '/home/jone/ws_moveit/install/moveit_resources_panda_description/share/moveit_resources_panda_description/package.ps1'
[1.879s] INFO:colcon.colcon_core.shell:Creating package descriptor '/home/jone/ws_moveit/install/moveit_resources_panda_description/share/moveit_resources_panda_description/package.dsv'
[1.880s] INFO:colcon.colcon_core.shell:Creating package script '/home/jone/ws_moveit/install/moveit_resources_panda_description/share/moveit_resources_panda_description/package.sh'
[1.880s] INFO:colcon.colcon_core.shell:Creating package script '/home/jone/ws_moveit/install/moveit_resources_panda_description/share/moveit_resources_panda_description/package.bash'
[1.880s] INFO:colcon.colcon_core.shell:Creating package script '/home/jone/ws_moveit/install/moveit_resources_panda_description/share/moveit_resources_panda_description/package.zsh'
[1.881s] Level 1:colcon.colcon_core.environment:create_file_with_runtime_dependencies(/home/jone/ws_moveit/install/moveit_resources_panda_description/share/colcon-core/packages/moveit_resources_panda_description)
[1.881s] DEBUG:colcon.colcon_core.executor.sequential:run_until_complete 'moveit_resources_panda_description' finished with '0'
[1.881s] DEBUG:colcon.colcon_core.executor.sequential:run_until_complete 'moveit_resources_pr2_description'
[1.881s] INFO:colcon.colcon_ros.task.ament_cmake.build:Building ROS package in '/home/jone/ws_moveit/src/moveit_resources/pr2_description' with build type 'ament_cmake'
[1.881s] INFO:colcon.colcon_cmake.task.cmake.build:Building CMake package in '/home/jone/ws_moveit/src/moveit_resources/pr2_description'
[1.881s] INFO:colcon.colcon_core.shell:Skip shell extension 'powershell' for command environment: Not usable outside of PowerShell
[1.881s] DEBUG:colcon.colcon_core.shell:Skip shell extension 'dsv' for command environment
[1.894s] DEBUG:colcon.colcon_core.event_handler.log_command:Invoking command in '/home/jone/ws_moveit/build/moveit_resources_pr2_description': CMAKE_PREFIX_PATH=${CMAKE_PREFIX_PATH}:/home/jone/ws_moveit/install/moveit_configs_utils:/home/jone/ws_moveit/install/launch_param_builder:/opt/ros/humble /usr/bin/cmake --build /home/jone/ws_moveit/build/moveit_resources_pr2_description -- -j16 -l16
[1.955s] DEBUG:colcon.colcon_core.event_handler.log_command:Invoked command in '/home/jone/ws_moveit/build/moveit_resources_pr2_description' returned '0': CMAKE_PREFIX_PATH=${CMAKE_PREFIX_PATH}:/home/jone/ws_moveit/install/moveit_configs_utils:/home/jone/ws_moveit/install/launch_param_builder:/opt/ros/humble /usr/bin/cmake --build /home/jone/ws_moveit/build/moveit_resources_pr2_description -- -j16 -l16
[1.957s] DEBUG:colcon.colcon_core.event_handler.log_command:Invoking command in '/home/jone/ws_moveit/build/moveit_resources_pr2_description': CMAKE_PREFIX_PATH=${CMAKE_PREFIX_PATH}:/home/jone/ws_moveit/install/moveit_configs_utils:/home/jone/ws_moveit/install/launch_param_builder:/opt/ros/humble /usr/bin/cmake --install /home/jone/ws_moveit/build/moveit_resources_pr2_description
[1.989s] Level 1:colcon.colcon_core.environment:create_environment_scripts_only(moveit_resources_pr2_description)
[1.989s] Level 1:colcon.colcon_core.environment:checking '/home/jone/ws_moveit/install/moveit_resources_pr2_description' for CMake module files
[1.990s] DEBUG:colcon.colcon_core.event_handler.log_command:Invoked command in '/home/jone/ws_moveit/build/moveit_resources_pr2_description' returned '0': CMAKE_PREFIX_PATH=${CMAKE_PREFIX_PATH}:/home/jone/ws_moveit/install/moveit_configs_utils:/home/jone/ws_moveit/install/launch_param_builder:/opt/ros/humble /usr/bin/cmake --install /home/jone/ws_moveit/build/moveit_resources_pr2_description
[1.990s] Level 1:colcon.colcon_core.environment:checking '/home/jone/ws_moveit/install/moveit_resources_pr2_description' for CMake config files
[1.991s] Level 1:colcon.colcon_core.shell:create_environment_hook('moveit_resources_pr2_description', 'cmake_prefix_path')
[1.991s] INFO:colcon.colcon_core.shell:Creating environment hook '/home/jone/ws_moveit/install/moveit_resources_pr2_description/share/moveit_resources_pr2_description/hook/cmake_prefix_path.ps1'
[1.992s] INFO:colcon.colcon_core.shell:Creating environment descriptor '/home/jone/ws_moveit/install/moveit_resources_pr2_description/share/moveit_resources_pr2_description/hook/cmake_prefix_path.dsv'
[1.992s] INFO:colcon.colcon_core.shell:Creating environment hook '/home/jone/ws_moveit/install/moveit_resources_pr2_description/share/moveit_resources_pr2_description/hook/cmake_prefix_path.sh'
[1.993s] Level 1:colcon.colcon_core.environment:checking '/home/jone/ws_moveit/install/moveit_resources_pr2_description/bin'
[1.993s] Level 1:colcon.colcon_core.environment:checking '/home/jone/ws_moveit/install/moveit_resources_pr2_description/lib/pkgconfig/moveit_resources_pr2_description.pc'
[1.993s] Level 1:colcon.colcon_core.environment:checking '/home/jone/ws_moveit/install/moveit_resources_pr2_description/lib/python3.10/site-packages'
[1.993s] Level 1:colcon.colcon_core.environment:checking '/home/jone/ws_moveit/install/moveit_resources_pr2_description/bin'
[1.993s] INFO:colcon.colcon_core.shell:Creating package script '/home/jone/ws_moveit/install/moveit_resources_pr2_description/share/moveit_resources_pr2_description/package.ps1'
[1.994s] INFO:colcon.colcon_core.shell:Creating package descriptor '/home/jone/ws_moveit/install/moveit_resources_pr2_description/share/moveit_resources_pr2_description/package.dsv'
[1.994s] INFO:colcon.colcon_core.shell:Creating package script '/home/jone/ws_moveit/install/moveit_resources_pr2_description/share/moveit_resources_pr2_description/package.sh'
[1.994s] INFO:colcon.colcon_core.shell:Creating package script '/home/jone/ws_moveit/install/moveit_resources_pr2_description/share/moveit_resources_pr2_description/package.bash'
[1.994s] INFO:colcon.colcon_core.shell:Creating package script '/home/jone/ws_moveit/install/moveit_resources_pr2_description/share/moveit_resources_pr2_description/package.zsh'
[1.995s] Level 1:colcon.colcon_core.environment:create_file_with_runtime_dependencies(/home/jone/ws_moveit/install/moveit_resources_pr2_description/share/colcon-core/packages/moveit_resources_pr2_description)
[1.995s] Level 1:colcon.colcon_core.environment:create_environment_scripts_only(moveit_resources_pr2_description)
[1.995s] Level 1:colcon.colcon_core.environment:checking '/home/jone/ws_moveit/install/moveit_resources_pr2_description' for CMake module files
[1.996s] Level 1:colcon.colcon_core.environment:checking '/home/jone/ws_moveit/install/moveit_resources_pr2_description' for CMake config files
[1.996s] Level 1:colcon.colcon_core.shell:create_environment_hook('moveit_resources_pr2_description', 'cmake_prefix_path')
[1.996s] INFO:colcon.colcon_core.shell:Creating environment hook '/home/jone/ws_moveit/install/moveit_resources_pr2_description/share/moveit_resources_pr2_description/hook/cmake_prefix_path.ps1'
[1.997s] INFO:colcon.colcon_core.shell:Creating environment descriptor '/home/jone/ws_moveit/install/moveit_resources_pr2_description/share/moveit_resources_pr2_description/hook/cmake_prefix_path.dsv'
[1.997s] INFO:colcon.colcon_core.shell:Creating environment hook '/home/jone/ws_moveit/install/moveit_resources_pr2_description/share/moveit_resources_pr2_description/hook/cmake_prefix_path.sh'
[1.997s] Level 1:colcon.colcon_core.environment:checking '/home/jone/ws_moveit/install/moveit_resources_pr2_description/bin'
[1.997s] Level 1:colcon.colcon_core.environment:checking '/home/jone/ws_moveit/install/moveit_resources_pr2_description/lib/pkgconfig/moveit_resources_pr2_description.pc'
[1.998s] Level 1:colcon.colcon_core.environment:checking '/home/jone/ws_moveit/install/moveit_resources_pr2_description/lib/python3.10/site-packages'
[1.998s] Level 1:colcon.colcon_core.environment:checking '/home/jone/ws_moveit/install/moveit_resources_pr2_description/bin'
[1.998s] INFO:colcon.colcon_core.shell:Creating package script '/home/jone/ws_moveit/install/moveit_resources_pr2_description/share/moveit_resources_pr2_description/package.ps1'
[1.998s] INFO:colcon.colcon_core.shell:Creating package descriptor '/home/jone/ws_moveit/install/moveit_resources_pr2_description/share/moveit_resources_pr2_description/package.dsv'
[1.999s] INFO:colcon.colcon_core.shell:Creating package script '/home/jone/ws_moveit/install/moveit_resources_pr2_description/share/moveit_resources_pr2_description/package.sh'
[1.999s] INFO:colcon.colcon_core.shell:Creating package script '/home/jone/ws_moveit/install/moveit_resources_pr2_description/share/moveit_resources_pr2_description/package.bash'
[1.999s] INFO:colcon.colcon_core.shell:Creating package script '/home/jone/ws_moveit/install/moveit_resources_pr2_description/share/moveit_resources_pr2_description/package.zsh'
[2.000s] Level 1:colcon.colcon_core.environment:create_file_with_runtime_dependencies(/home/jone/ws_moveit/install/moveit_resources_pr2_description/share/colcon-core/packages/moveit_resources_pr2_description)
[2.000s] DEBUG:colcon.colcon_core.executor.sequential:run_until_complete 'moveit_resources_pr2_description' finished with '0'
[2.000s] DEBUG:colcon.colcon_core.executor.sequential:run_until_complete 'moveit_resources_prbt_support'
[2.000s] INFO:colcon.colcon_ros.task.ament_cmake.build:Building ROS package in '/home/jone/ws_moveit/src/moveit2/moveit_planners/test_configs/prbt_support' with build type 'ament_cmake'
[2.000s] INFO:colcon.colcon_cmake.task.cmake.build:Building CMake package in '/home/jone/ws_moveit/src/moveit2/moveit_planners/test_configs/prbt_support'
[2.000s] INFO:colcon.colcon_core.shell:Skip shell extension 'powershell' for command environment: Not usable outside of PowerShell
[2.000s] DEBUG:colcon.colcon_core.shell:Skip shell extension 'dsv' for command environment
[2.013s] DEBUG:colcon.colcon_core.event_handler.log_command:Invoking command in '/home/jone/ws_moveit/build/moveit_resources_prbt_support': CMAKE_PREFIX_PATH=${CMAKE_PREFIX_PATH}:/home/jone/ws_moveit/install/moveit_configs_utils:/home/jone/ws_moveit/install/launch_param_builder:/opt/ros/humble /usr/bin/cmake --build /home/jone/ws_moveit/build/moveit_resources_prbt_support -- -j16 -l16
[2.072s] DEBUG:colcon.colcon_core.event_handler.log_command:Invoked command in '/home/jone/ws_moveit/build/moveit_resources_prbt_support' returned '0': CMAKE_PREFIX_PATH=${CMAKE_PREFIX_PATH}:/home/jone/ws_moveit/install/moveit_configs_utils:/home/jone/ws_moveit/install/launch_param_builder:/opt/ros/humble /usr/bin/cmake --build /home/jone/ws_moveit/build/moveit_resources_prbt_support -- -j16 -l16
[2.074s] DEBUG:colcon.colcon_core.event_handler.log_command:Invoking command in '/home/jone/ws_moveit/build/moveit_resources_prbt_support': CMAKE_PREFIX_PATH=${CMAKE_PREFIX_PATH}:/home/jone/ws_moveit/install/moveit_configs_utils:/home/jone/ws_moveit/install/launch_param_builder:/opt/ros/humble /usr/bin/cmake --install /home/jone/ws_moveit/build/moveit_resources_prbt_support
[2.089s] Level 1:colcon.colcon_core.environment:create_environment_scripts_only(moveit_resources_prbt_support)
[2.089s] Level 1:colcon.colcon_core.environment:checking '/home/jone/ws_moveit/install/moveit_resources_prbt_support' for CMake module files
[2.089s] DEBUG:colcon.colcon_core.event_handler.log_command:Invoked command in '/home/jone/ws_moveit/build/moveit_resources_prbt_support' returned '0': CMAKE_PREFIX_PATH=${CMAKE_PREFIX_PATH}:/home/jone/ws_moveit/install/moveit_configs_utils:/home/jone/ws_moveit/install/launch_param_builder:/opt/ros/humble /usr/bin/cmake --install /home/jone/ws_moveit/build/moveit_resources_prbt_support
[2.090s] Level 1:colcon.colcon_core.environment:checking '/home/jone/ws_moveit/install/moveit_resources_prbt_support' for CMake config files
[2.090s] Level 1:colcon.colcon_core.shell:create_environment_hook('moveit_resources_prbt_support', 'cmake_prefix_path')
[2.090s] INFO:colcon.colcon_core.shell:Creating environment hook '/home/jone/ws_moveit/install/moveit_resources_prbt_support/share/moveit_resources_prbt_support/hook/cmake_prefix_path.ps1'
[2.091s] INFO:colcon.colcon_core.shell:Creating environment descriptor '/home/jone/ws_moveit/install/moveit_resources_prbt_support/share/moveit_resources_prbt_support/hook/cmake_prefix_path.dsv'
[2.091s] INFO:colcon.colcon_core.shell:Creating environment hook '/home/jone/ws_moveit/install/moveit_resources_prbt_support/share/moveit_resources_prbt_support/hook/cmake_prefix_path.sh'
[2.091s] Level 1:colcon.colcon_core.environment:checking '/home/jone/ws_moveit/install/moveit_resources_prbt_support/bin'
[2.091s] Level 1:colcon.colcon_core.environment:checking '/home/jone/ws_moveit/install/moveit_resources_prbt_support/lib/pkgconfig/moveit_resources_prbt_support.pc'
[2.092s] Level 1:colcon.colcon_core.environment:checking '/home/jone/ws_moveit/install/moveit_resources_prbt_support/lib/python3.10/site-packages'
[2.092s] Level 1:colcon.colcon_core.environment:checking '/home/jone/ws_moveit/install/moveit_resources_prbt_support/bin'
[2.092s] INFO:colcon.colcon_core.shell:Creating package script '/home/jone/ws_moveit/install/moveit_resources_prbt_support/share/moveit_resources_prbt_support/package.ps1'
[2.092s] INFO:colcon.colcon_core.shell:Creating package descriptor '/home/jone/ws_moveit/install/moveit_resources_prbt_support/share/moveit_resources_prbt_support/package.dsv'
[2.093s] INFO:colcon.colcon_core.shell:Creating package script '/home/jone/ws_moveit/install/moveit_resources_prbt_support/share/moveit_resources_prbt_support/package.sh'
[2.093s] INFO:colcon.colcon_core.shell:Creating package script '/home/jone/ws_moveit/install/moveit_resources_prbt_support/share/moveit_resources_prbt_support/package.bash'
[2.093s] INFO:colcon.colcon_core.shell:Creating package script '/home/jone/ws_moveit/install/moveit_resources_prbt_support/share/moveit_resources_prbt_support/package.zsh'
[2.093s] Level 1:colcon.colcon_core.environment:create_file_with_runtime_dependencies(/home/jone/ws_moveit/install/moveit_resources_prbt_support/share/colcon-core/packages/moveit_resources_prbt_support)
[2.094s] Level 1:colcon.colcon_core.environment:create_environment_scripts_only(moveit_resources_prbt_support)
[2.094s] Level 1:colcon.colcon_core.environment:checking '/home/jone/ws_moveit/install/moveit_resources_prbt_support' for CMake module files
[2.094s] Level 1:colcon.colcon_core.environment:checking '/home/jone/ws_moveit/install/moveit_resources_prbt_support' for CMake config files
[2.095s] Level 1:colcon.colcon_core.shell:create_environment_hook('moveit_resources_prbt_support', 'cmake_prefix_path')
[2.095s] INFO:colcon.colcon_core.shell:Creating environment hook '/home/jone/ws_moveit/install/moveit_resources_prbt_support/share/moveit_resources_prbt_support/hook/cmake_prefix_path.ps1'
[2.095s] INFO:colcon.colcon_core.shell:Creating environment descriptor '/home/jone/ws_moveit/install/moveit_resources_prbt_support/share/moveit_resources_prbt_support/hook/cmake_prefix_path.dsv'
[2.095s] INFO:colcon.colcon_core.shell:Creating environment hook '/home/jone/ws_moveit/install/moveit_resources_prbt_support/share/moveit_resources_prbt_support/hook/cmake_prefix_path.sh'
[2.096s] Level 1:colcon.colcon_core.environment:checking '/home/jone/ws_moveit/install/moveit_resources_prbt_support/bin'
[2.096s] Level 1:colcon.colcon_core.environment:checking '/home/jone/ws_moveit/install/moveit_resources_prbt_support/lib/pkgconfig/moveit_resources_prbt_support.pc'
[2.096s] Level 1:colcon.colcon_core.environment:checking '/home/jone/ws_moveit/install/moveit_resources_prbt_support/lib/python3.10/site-packages'
[2.096s] Level 1:colcon.colcon_core.environment:checking '/home/jone/ws_moveit/install/moveit_resources_prbt_support/bin'
[2.096s] INFO:colcon.colcon_core.shell:Creating package script '/home/jone/ws_moveit/install/moveit_resources_prbt_support/share/moveit_resources_prbt_support/package.ps1'
[2.097s] INFO:colcon.colcon_core.shell:Creating package descriptor '/home/jone/ws_moveit/install/moveit_resources_prbt_support/share/moveit_resources_prbt_support/package.dsv'
[2.097s] INFO:colcon.colcon_core.shell:Creating package script '/home/jone/ws_moveit/install/moveit_resources_prbt_support/share/moveit_resources_prbt_support/package.sh'
[2.097s] INFO:colcon.colcon_core.shell:Creating package script '/home/jone/ws_moveit/install/moveit_resources_prbt_support/share/moveit_resources_prbt_support/package.bash'
[2.098s] INFO:colcon.colcon_core.shell:Creating package script '/home/jone/ws_moveit/install/moveit_resources_prbt_support/share/moveit_resources_prbt_support/package.zsh'
[2.098s] Level 1:colcon.colcon_core.environment:create_file_with_runtime_dependencies(/home/jone/ws_moveit/install/moveit_resources_prbt_support/share/colcon-core/packages/moveit_resources_prbt_support)
[2.098s] DEBUG:colcon.colcon_core.executor.sequential:run_until_complete 'moveit_resources_prbt_support' finished with '0'
[2.098s] DEBUG:colcon.colcon_core.executor.sequential:run_until_complete 'moveit_task_constructor_msgs'
[2.098s] INFO:colcon.colcon_ros.task.ament_cmake.build:Building ROS package in '/home/jone/ws_moveit/src/moveit_task_constructor/msgs' with build type 'ament_cmake'
[2.098s] INFO:colcon.colcon_cmake.task.cmake.build:Building CMake package in '/home/jone/ws_moveit/src/moveit_task_constructor/msgs'
[2.098s] INFO:colcon.colcon_core.shell:Skip shell extension 'powershell' for command environment: Not usable outside of PowerShell
[2.098s] DEBUG:colcon.colcon_core.shell:Skip shell extension 'dsv' for command environment
[2.111s] DEBUG:colcon.colcon_core.event_handler.log_command:Invoking command in '/home/jone/ws_moveit/build/moveit_task_constructor_msgs': CMAKE_PREFIX_PATH=${CMAKE_PREFIX_PATH}:/home/jone/ws_moveit/install/moveit_configs_utils:/home/jone/ws_moveit/install/launch_param_builder:/opt/ros/humble /usr/bin/cmake --build /home/jone/ws_moveit/build/moveit_task_constructor_msgs -- -j16 -l16
[2.496s] DEBUG:colcon.colcon_core.event_handler.log_command:Invoked command in '/home/jone/ws_moveit/build/moveit_task_constructor_msgs' returned '0': CMAKE_PREFIX_PATH=${CMAKE_PREFIX_PATH}:/home/jone/ws_moveit/install/moveit_configs_utils:/home/jone/ws_moveit/install/launch_param_builder:/opt/ros/humble /usr/bin/cmake --build /home/jone/ws_moveit/build/moveit_task_constructor_msgs -- -j16 -l16
[2.498s] DEBUG:colcon.colcon_core.event_handler.log_command:Invoking command in '/home/jone/ws_moveit/build/moveit_task_constructor_msgs': CMAKE_PREFIX_PATH=${CMAKE_PREFIX_PATH}:/home/jone/ws_moveit/install/moveit_configs_utils:/home/jone/ws_moveit/install/launch_param_builder:/opt/ros/humble /usr/bin/cmake --install /home/jone/ws_moveit/build/moveit_task_constructor_msgs
[2.575s] Level 1:colcon.colcon_core.environment:create_environment_scripts_only(moveit_task_constructor_msgs)
[2.576s] Level 1:colcon.colcon_core.environment:checking '/home/jone/ws_moveit/install/moveit_task_constructor_msgs' for CMake module files
[2.576s] DEBUG:colcon.colcon_core.event_handler.log_command:Invoked command in '/home/jone/ws_moveit/build/moveit_task_constructor_msgs' returned '0': CMAKE_PREFIX_PATH=${CMAKE_PREFIX_PATH}:/home/jone/ws_moveit/install/moveit_configs_utils:/home/jone/ws_moveit/install/launch_param_builder:/opt/ros/humble /usr/bin/cmake --install /home/jone/ws_moveit/build/moveit_task_constructor_msgs
[2.576s] Level 1:colcon.colcon_core.environment:checking '/home/jone/ws_moveit/install/moveit_task_constructor_msgs' for CMake config files
[2.578s] Level 1:colcon.colcon_core.shell:create_environment_hook('moveit_task_constructor_msgs', 'cmake_prefix_path')
[2.578s] INFO:colcon.colcon_core.shell:Creating environment hook '/home/jone/ws_moveit/install/moveit_task_constructor_msgs/share/moveit_task_constructor_msgs/hook/cmake_prefix_path.ps1'
[2.579s] INFO:colcon.colcon_core.shell:Creating environment descriptor '/home/jone/ws_moveit/install/moveit_task_constructor_msgs/share/moveit_task_constructor_msgs/hook/cmake_prefix_path.dsv'
[2.579s] INFO:colcon.colcon_core.shell:Creating environment hook '/home/jone/ws_moveit/install/moveit_task_constructor_msgs/share/moveit_task_constructor_msgs/hook/cmake_prefix_path.sh'
[2.579s] Level 1:colcon.colcon_core.environment:checking '/home/jone/ws_moveit/install/moveit_task_constructor_msgs/lib'
[2.579s] Level 1:colcon.colcon_core.shell:create_environment_hook('moveit_task_constructor_msgs', 'ld_library_path_lib')
[2.579s] INFO:colcon.colcon_core.shell:Creating environment hook '/home/jone/ws_moveit/install/moveit_task_constructor_msgs/share/moveit_task_constructor_msgs/hook/ld_library_path_lib.ps1'
[2.580s] INFO:colcon.colcon_core.shell:Creating environment descriptor '/home/jone/ws_moveit/install/moveit_task_constructor_msgs/share/moveit_task_constructor_msgs/hook/ld_library_path_lib.dsv'
[2.580s] INFO:colcon.colcon_core.shell:Creating environment hook '/home/jone/ws_moveit/install/moveit_task_constructor_msgs/share/moveit_task_constructor_msgs/hook/ld_library_path_lib.sh'
[2.580s] Level 1:colcon.colcon_core.environment:checking '/home/jone/ws_moveit/install/moveit_task_constructor_msgs/bin'
[2.580s] Level 1:colcon.colcon_core.environment:checking '/home/jone/ws_moveit/install/moveit_task_constructor_msgs/lib/pkgconfig/moveit_task_constructor_msgs.pc'
[2.581s] Level 1:colcon.colcon_core.environment:checking '/home/jone/ws_moveit/install/moveit_task_constructor_msgs/lib/python3.10/site-packages'
[2.581s] Level 1:colcon.colcon_core.environment:checking '/home/jone/ws_moveit/install/moveit_task_constructor_msgs/bin'
[2.581s] INFO:colcon.colcon_core.shell:Creating package script '/home/jone/ws_moveit/install/moveit_task_constructor_msgs/share/moveit_task_constructor_msgs/package.ps1'
[2.582s] INFO:colcon.colcon_core.shell:Creating package descriptor '/home/jone/ws_moveit/install/moveit_task_constructor_msgs/share/moveit_task_constructor_msgs/package.dsv'
[2.582s] INFO:colcon.colcon_core.shell:Creating package script '/home/jone/ws_moveit/install/moveit_task_constructor_msgs/share/moveit_task_constructor_msgs/package.sh'
[2.582s] INFO:colcon.colcon_core.shell:Creating package script '/home/jone/ws_moveit/install/moveit_task_constructor_msgs/share/moveit_task_constructor_msgs/package.bash'
[2.583s] INFO:colcon.colcon_core.shell:Creating package script '/home/jone/ws_moveit/install/moveit_task_constructor_msgs/share/moveit_task_constructor_msgs/package.zsh'
[2.583s] Level 1:colcon.colcon_core.environment:create_file_with_runtime_dependencies(/home/jone/ws_moveit/install/moveit_task_constructor_msgs/share/colcon-core/packages/moveit_task_constructor_msgs)
[2.583s] Level 1:colcon.colcon_core.environment:create_environment_scripts_only(moveit_task_constructor_msgs)
[2.583s] Level 1:colcon.colcon_core.environment:checking '/home/jone/ws_moveit/install/moveit_task_constructor_msgs' for CMake module files
[2.584s] Level 1:colcon.colcon_core.environment:checking '/home/jone/ws_moveit/install/moveit_task_constructor_msgs' for CMake config files
[2.585s] Level 1:colcon.colcon_core.shell:create_environment_hook('moveit_task_constructor_msgs', 'cmake_prefix_path')
[2.585s] INFO:colcon.colcon_core.shell:Creating environment hook '/home/jone/ws_moveit/install/moveit_task_constructor_msgs/share/moveit_task_constructor_msgs/hook/cmake_prefix_path.ps1'
[2.585s] INFO:colcon.colcon_core.shell:Creating environment descriptor '/home/jone/ws_moveit/install/moveit_task_constructor_msgs/share/moveit_task_constructor_msgs/hook/cmake_prefix_path.dsv'
[2.585s] INFO:colcon.colcon_core.shell:Creating environment hook '/home/jone/ws_moveit/install/moveit_task_constructor_msgs/share/moveit_task_constructor_msgs/hook/cmake_prefix_path.sh'
[2.586s] Level 1:colcon.colcon_core.environment:checking '/home/jone/ws_moveit/install/moveit_task_constructor_msgs/lib'
[2.586s] Level 1:colcon.colcon_core.shell:create_environment_hook('moveit_task_constructor_msgs', 'ld_library_path_lib')
[2.586s] INFO:colcon.colcon_core.shell:Creating environment hook '/home/jone/ws_moveit/install/moveit_task_constructor_msgs/share/moveit_task_constructor_msgs/hook/ld_library_path_lib.ps1'
[2.586s] INFO:colcon.colcon_core.shell:Creating environment descriptor '/home/jone/ws_moveit/install/moveit_task_constructor_msgs/share/moveit_task_constructor_msgs/hook/ld_library_path_lib.dsv'
[2.587s] INFO:colcon.colcon_core.shell:Creating environment hook '/home/jone/ws_moveit/install/moveit_task_constructor_msgs/share/moveit_task_constructor_msgs/hook/ld_library_path_lib.sh'
[2.587s] Level 1:colcon.colcon_core.environment:checking '/home/jone/ws_moveit/install/moveit_task_constructor_msgs/bin'
[2.587s] Level 1:colcon.colcon_core.environment:checking '/home/jone/ws_moveit/install/moveit_task_constructor_msgs/lib/pkgconfig/moveit_task_constructor_msgs.pc'
[2.587s] Level 1:colcon.colcon_core.environment:checking '/home/jone/ws_moveit/install/moveit_task_constructor_msgs/lib/python3.10/site-packages'
[2.587s] Level 1:colcon.colcon_core.environment:checking '/home/jone/ws_moveit/install/moveit_task_constructor_msgs/bin'
[2.588s] INFO:colcon.colcon_core.shell:Creating package script '/home/jone/ws_moveit/install/moveit_task_constructor_msgs/share/moveit_task_constructor_msgs/package.ps1'
[2.588s] INFO:colcon.colcon_core.shell:Creating package descriptor '/home/jone/ws_moveit/install/moveit_task_constructor_msgs/share/moveit_task_constructor_msgs/package.dsv'
[2.588s] INFO:colcon.colcon_core.shell:Creating package script '/home/jone/ws_moveit/install/moveit_task_constructor_msgs/share/moveit_task_constructor_msgs/package.sh'
[2.589s] INFO:colcon.colcon_core.shell:Creating package script '/home/jone/ws_moveit/install/moveit_task_constructor_msgs/share/moveit_task_constructor_msgs/package.bash'
[2.590s] INFO:colcon.colcon_core.shell:Creating package script '/home/jone/ws_moveit/install/moveit_task_constructor_msgs/share/moveit_task_constructor_msgs/package.zsh'
[2.591s] Level 1:colcon.colcon_core.environment:create_file_with_runtime_dependencies(/home/jone/ws_moveit/install/moveit_task_constructor_msgs/share/colcon-core/packages/moveit_task_constructor_msgs)
[2.591s] DEBUG:colcon.colcon_core.executor.sequential:run_until_complete 'moveit_task_constructor_msgs' finished with '0'
[2.591s] DEBUG:colcon.colcon_core.executor.sequential:run_until_complete 'rosparam_shortcuts'
[2.591s] INFO:colcon.colcon_ros.task.ament_cmake.build:Building ROS package in '/home/jone/ws_moveit/src/rosparam_shortcuts' with build type 'ament_cmake'
[2.591s] INFO:colcon.colcon_cmake.task.cmake.build:Building CMake package in '/home/jone/ws_moveit/src/rosparam_shortcuts'
[2.591s] INFO:colcon.colcon_core.shell:Skip shell extension 'powershell' for command environment: Not usable outside of PowerShell
[2.591s] DEBUG:colcon.colcon_core.shell:Skip shell extension 'dsv' for command environment
[2.605s] DEBUG:colcon.colcon_core.event_handler.log_command:Invoking command in '/home/jone/ws_moveit/build/rosparam_shortcuts': CMAKE_PREFIX_PATH=${CMAKE_PREFIX_PATH}:/home/jone/ws_moveit/install/moveit_configs_utils:/home/jone/ws_moveit/install/launch_param_builder:/opt/ros/humble /usr/bin/cmake --build /home/jone/ws_moveit/build/rosparam_shortcuts -- -j16 -l16
[2.776s] DEBUG:colcon.colcon_core.event_handler.log_command:Invoked command in '/home/jone/ws_moveit/build/rosparam_shortcuts' returned '0': CMAKE_PREFIX_PATH=${CMAKE_PREFIX_PATH}:/home/jone/ws_moveit/install/moveit_configs_utils:/home/jone/ws_moveit/install/launch_param_builder:/opt/ros/humble /usr/bin/cmake --build /home/jone/ws_moveit/build/rosparam_shortcuts -- -j16 -l16
[2.779s] DEBUG:colcon.colcon_core.event_handler.log_command:Invoking command in '/home/jone/ws_moveit/build/rosparam_shortcuts': CMAKE_PREFIX_PATH=${CMAKE_PREFIX_PATH}:/home/jone/ws_moveit/install/moveit_configs_utils:/home/jone/ws_moveit/install/launch_param_builder:/opt/ros/humble /usr/bin/cmake --install /home/jone/ws_moveit/build/rosparam_shortcuts
[2.798s] Level 1:colcon.colcon_core.environment:create_environment_scripts_only(rosparam_shortcuts)
[2.798s] DEBUG:colcon.colcon_core.event_handler.log_command:Invoked command in '/home/jone/ws_moveit/build/rosparam_shortcuts' returned '0': CMAKE_PREFIX_PATH=${CMAKE_PREFIX_PATH}:/home/jone/ws_moveit/install/moveit_configs_utils:/home/jone/ws_moveit/install/launch_param_builder:/opt/ros/humble /usr/bin/cmake --install /home/jone/ws_moveit/build/rosparam_shortcuts
[2.798s] Level 1:colcon.colcon_core.environment:checking '/home/jone/ws_moveit/install/rosparam_shortcuts' for CMake module files
[2.799s] Level 1:colcon.colcon_core.environment:checking '/home/jone/ws_moveit/install/rosparam_shortcuts' for CMake config files
[2.799s] Level 1:colcon.colcon_core.shell:create_environment_hook('rosparam_shortcuts', 'cmake_prefix_path')
[2.799s] INFO:colcon.colcon_core.shell:Creating environment hook '/home/jone/ws_moveit/install/rosparam_shortcuts/share/rosparam_shortcuts/hook/cmake_prefix_path.ps1'
[2.800s] INFO:colcon.colcon_core.shell:Creating environment descriptor '/home/jone/ws_moveit/install/rosparam_shortcuts/share/rosparam_shortcuts/hook/cmake_prefix_path.dsv'
[2.800s] INFO:colcon.colcon_core.shell:Creating environment hook '/home/jone/ws_moveit/install/rosparam_shortcuts/share/rosparam_shortcuts/hook/cmake_prefix_path.sh'
[2.800s] Level 1:colcon.colcon_core.environment:checking '/home/jone/ws_moveit/install/rosparam_shortcuts/lib'
[2.801s] Level 1:colcon.colcon_core.shell:create_environment_hook('rosparam_shortcuts', 'ld_library_path_lib')
[2.801s] INFO:colcon.colcon_core.shell:Creating environment hook '/home/jone/ws_moveit/install/rosparam_shortcuts/share/rosparam_shortcuts/hook/ld_library_path_lib.ps1'
[2.801s] INFO:colcon.colcon_core.shell:Creating environment descriptor '/home/jone/ws_moveit/install/rosparam_shortcuts/share/rosparam_shortcuts/hook/ld_library_path_lib.dsv'
[2.801s] INFO:colcon.colcon_core.shell:Creating environment hook '/home/jone/ws_moveit/install/rosparam_shortcuts/share/rosparam_shortcuts/hook/ld_library_path_lib.sh'
[2.801s] Level 1:colcon.colcon_core.environment:checking '/home/jone/ws_moveit/install/rosparam_shortcuts/bin'
[2.802s] Level 1:colcon.colcon_core.environment:checking '/home/jone/ws_moveit/install/rosparam_shortcuts/lib/pkgconfig/rosparam_shortcuts.pc'
[2.802s] Level 1:colcon.colcon_core.environment:checking '/home/jone/ws_moveit/install/rosparam_shortcuts/lib/python3.10/site-packages'
[2.802s] Level 1:colcon.colcon_core.environment:checking '/home/jone/ws_moveit/install/rosparam_shortcuts/bin'
[2.802s] INFO:colcon.colcon_core.shell:Creating package script '/home/jone/ws_moveit/install/rosparam_shortcuts/share/rosparam_shortcuts/package.ps1'
[2.802s] INFO:colcon.colcon_core.shell:Creating package descriptor '/home/jone/ws_moveit/install/rosparam_shortcuts/share/rosparam_shortcuts/package.dsv'
[2.803s] INFO:colcon.colcon_core.shell:Creating package script '/home/jone/ws_moveit/install/rosparam_shortcuts/share/rosparam_shortcuts/package.sh'
[2.803s] INFO:colcon.colcon_core.shell:Creating package script '/home/jone/ws_moveit/install/rosparam_shortcuts/share/rosparam_shortcuts/package.bash'
[2.803s] INFO:colcon.colcon_core.shell:Creating package script '/home/jone/ws_moveit/install/rosparam_shortcuts/share/rosparam_shortcuts/package.zsh'
[2.804s] Level 1:colcon.colcon_core.environment:create_file_with_runtime_dependencies(/home/jone/ws_moveit/install/rosparam_shortcuts/share/colcon-core/packages/rosparam_shortcuts)
[2.804s] Level 1:colcon.colcon_core.environment:create_environment_scripts_only(rosparam_shortcuts)
[2.804s] Level 1:colcon.colcon_core.environment:checking '/home/jone/ws_moveit/install/rosparam_shortcuts' for CMake module files
[2.805s] Level 1:colcon.colcon_core.environment:checking '/home/jone/ws_moveit/install/rosparam_shortcuts' for CMake config files
[2.805s] Level 1:colcon.colcon_core.shell:create_environment_hook('rosparam_shortcuts', 'cmake_prefix_path')
[2.805s] INFO:colcon.colcon_core.shell:Creating environment hook '/home/jone/ws_moveit/install/rosparam_shortcuts/share/rosparam_shortcuts/hook/cmake_prefix_path.ps1'
[2.805s] INFO:colcon.colcon_core.shell:Creating environment descriptor '/home/jone/ws_moveit/install/rosparam_shortcuts/share/rosparam_shortcuts/hook/cmake_prefix_path.dsv'
[2.805s] INFO:colcon.colcon_core.shell:Creating environment hook '/home/jone/ws_moveit/install/rosparam_shortcuts/share/rosparam_shortcuts/hook/cmake_prefix_path.sh'
[2.806s] Level 1:colcon.colcon_core.environment:checking '/home/jone/ws_moveit/install/rosparam_shortcuts/lib'
[2.806s] Level 1:colcon.colcon_core.shell:create_environment_hook('rosparam_shortcuts', 'ld_library_path_lib')
[2.806s] INFO:colcon.colcon_core.shell:Creating environment hook '/home/jone/ws_moveit/install/rosparam_shortcuts/share/rosparam_shortcuts/hook/ld_library_path_lib.ps1'
[2.806s] INFO:colcon.colcon_core.shell:Creating environment descriptor '/home/jone/ws_moveit/install/rosparam_shortcuts/share/rosparam_shortcuts/hook/ld_library_path_lib.dsv'
[2.807s] INFO:colcon.colcon_core.shell:Creating environment hook '/home/jone/ws_moveit/install/rosparam_shortcuts/share/rosparam_shortcuts/hook/ld_library_path_lib.sh'
[2.807s] Level 1:colcon.colcon_core.environment:checking '/home/jone/ws_moveit/install/rosparam_shortcuts/bin'
[2.807s] Level 1:colcon.colcon_core.environment:checking '/home/jone/ws_moveit/install/rosparam_shortcuts/lib/pkgconfig/rosparam_shortcuts.pc'
[2.807s] Level 1:colcon.colcon_core.environment:checking '/home/jone/ws_moveit/install/rosparam_shortcuts/lib/python3.10/site-packages'
[2.807s] Level 1:colcon.colcon_core.environment:checking '/home/jone/ws_moveit/install/rosparam_shortcuts/bin'
[2.807s] INFO:colcon.colcon_core.shell:Creating package script '/home/jone/ws_moveit/install/rosparam_shortcuts/share/rosparam_shortcuts/package.ps1'
[2.808s] INFO:colcon.colcon_core.shell:Creating package descriptor '/home/jone/ws_moveit/install/rosparam_shortcuts/share/rosparam_shortcuts/package.dsv'
[2.809s] INFO:colcon.colcon_core.shell:Creating package script '/home/jone/ws_moveit/install/rosparam_shortcuts/share/rosparam_shortcuts/package.sh'
[2.809s] INFO:colcon.colcon_core.shell:Creating package script '/home/jone/ws_moveit/install/rosparam_shortcuts/share/rosparam_shortcuts/package.bash'
[2.809s] INFO:colcon.colcon_core.shell:Creating package script '/home/jone/ws_moveit/install/rosparam_shortcuts/share/rosparam_shortcuts/package.zsh'
[2.810s] Level 1:colcon.colcon_core.environment:create_file_with_runtime_dependencies(/home/jone/ws_moveit/install/rosparam_shortcuts/share/colcon-core/packages/rosparam_shortcuts)
[2.810s] DEBUG:colcon.colcon_core.executor.sequential:run_until_complete 'rosparam_shortcuts' finished with '0'
[2.810s] DEBUG:colcon.colcon_core.executor.sequential:run_until_complete 'srdfdom'
[2.810s] INFO:colcon.colcon_ros.task.ament_cmake.build:Building ROS package in '/home/jone/ws_moveit/src/srdfdom' with build type 'ament_cmake'
[2.810s] INFO:colcon.colcon_cmake.task.cmake.build:Building CMake package in '/home/jone/ws_moveit/src/srdfdom'
[2.810s] INFO:colcon.colcon_core.shell:Skip shell extension 'powershell' for command environment: Not usable outside of PowerShell
[2.810s] DEBUG:colcon.colcon_core.shell:Skip shell extension 'dsv' for command environment
[2.823s] DEBUG:colcon.colcon_core.event_handler.log_command:Invoking command in '/home/jone/ws_moveit/build/srdfdom': CMAKE_PREFIX_PATH=${CMAKE_PREFIX_PATH}:/home/jone/ws_moveit/install/moveit_configs_utils:/home/jone/ws_moveit/install/launch_param_builder:/opt/ros/humble /usr/bin/cmake --build /home/jone/ws_moveit/build/srdfdom -- -j16 -l16
[3.171s] DEBUG:colcon.colcon_core.event_handler.log_command:Invoked command in '/home/jone/ws_moveit/build/srdfdom' returned '0': CMAKE_PREFIX_PATH=${CMAKE_PREFIX_PATH}:/home/jone/ws_moveit/install/moveit_configs_utils:/home/jone/ws_moveit/install/launch_param_builder:/opt/ros/humble /usr/bin/cmake --build /home/jone/ws_moveit/build/srdfdom -- -j16 -l16
[3.174s] DEBUG:colcon.colcon_core.event_handler.log_command:Invoking command in '/home/jone/ws_moveit/build/srdfdom': CMAKE_PREFIX_PATH=${CMAKE_PREFIX_PATH}:/home/jone/ws_moveit/install/moveit_configs_utils:/home/jone/ws_moveit/install/launch_param_builder:/opt/ros/humble /usr/bin/cmake --install /home/jone/ws_moveit/build/srdfdom
[3.221s] Level 1:colcon.colcon_core.environment:create_environment_scripts_only(srdfdom)
[3.222s] Level 1:colcon.colcon_core.environment:checking '/home/jone/ws_moveit/install/srdfdom' for CMake module files
[3.222s] DEBUG:colcon.colcon_core.event_handler.log_command:Invoked command in '/home/jone/ws_moveit/build/srdfdom' returned '0': CMAKE_PREFIX_PATH=${CMAKE_PREFIX_PATH}:/home/jone/ws_moveit/install/moveit_configs_utils:/home/jone/ws_moveit/install/launch_param_builder:/opt/ros/humble /usr/bin/cmake --install /home/jone/ws_moveit/build/srdfdom
[3.222s] Level 1:colcon.colcon_core.environment:checking '/home/jone/ws_moveit/install/srdfdom' for CMake config files
[3.223s] Level 1:colcon.colcon_core.shell:create_environment_hook('srdfdom', 'cmake_prefix_path')
[3.223s] INFO:colcon.colcon_core.shell:Creating environment hook '/home/jone/ws_moveit/install/srdfdom/share/srdfdom/hook/cmake_prefix_path.ps1'
[3.223s] INFO:colcon.colcon_core.shell:Creating environment descriptor '/home/jone/ws_moveit/install/srdfdom/share/srdfdom/hook/cmake_prefix_path.dsv'
[3.223s] INFO:colcon.colcon_core.shell:Creating environment hook '/home/jone/ws_moveit/install/srdfdom/share/srdfdom/hook/cmake_prefix_path.sh'
[3.224s] Level 1:colcon.colcon_core.environment:checking '/home/jone/ws_moveit/install/srdfdom/lib'
[3.224s] Level 1:colcon.colcon_core.shell:create_environment_hook('srdfdom', 'ld_library_path_lib')
[3.224s] INFO:colcon.colcon_core.shell:Creating environment hook '/home/jone/ws_moveit/install/srdfdom/share/srdfdom/hook/ld_library_path_lib.ps1'
[3.224s] INFO:colcon.colcon_core.shell:Creating environment descriptor '/home/jone/ws_moveit/install/srdfdom/share/srdfdom/hook/ld_library_path_lib.dsv'
[3.225s] INFO:colcon.colcon_core.shell:Creating environment hook '/home/jone/ws_moveit/install/srdfdom/share/srdfdom/hook/ld_library_path_lib.sh'
[3.225s] Level 1:colcon.colcon_core.environment:checking '/home/jone/ws_moveit/install/srdfdom/bin'
[3.225s] Level 1:colcon.colcon_core.environment:checking '/home/jone/ws_moveit/install/srdfdom/lib/pkgconfig/srdfdom.pc'
[3.225s] Level 1:colcon.colcon_core.environment:checking '/home/jone/ws_moveit/install/srdfdom/lib/python3.10/site-packages'
[3.225s] Level 1:colcon.colcon_core.environment:checking '/home/jone/ws_moveit/install/srdfdom/bin'
[3.225s] INFO:colcon.colcon_core.shell:Creating package script '/home/jone/ws_moveit/install/srdfdom/share/srdfdom/package.ps1'
[3.226s] INFO:colcon.colcon_core.shell:Creating package descriptor '/home/jone/ws_moveit/install/srdfdom/share/srdfdom/package.dsv'
[3.226s] INFO:colcon.colcon_core.shell:Creating package script '/home/jone/ws_moveit/install/srdfdom/share/srdfdom/package.sh'
[3.226s] INFO:colcon.colcon_core.shell:Creating package script '/home/jone/ws_moveit/install/srdfdom/share/srdfdom/package.bash'
[3.227s] INFO:colcon.colcon_core.shell:Creating package script '/home/jone/ws_moveit/install/srdfdom/share/srdfdom/package.zsh'
[3.227s] Level 1:colcon.colcon_core.environment:create_file_with_runtime_dependencies(/home/jone/ws_moveit/install/srdfdom/share/colcon-core/packages/srdfdom)
[3.227s] Level 1:colcon.colcon_core.environment:create_environment_scripts_only(srdfdom)
[3.227s] Level 1:colcon.colcon_core.environment:checking '/home/jone/ws_moveit/install/srdfdom' for CMake module files
[3.228s] Level 1:colcon.colcon_core.environment:checking '/home/jone/ws_moveit/install/srdfdom' for CMake config files
[3.228s] Level 1:colcon.colcon_core.shell:create_environment_hook('srdfdom', 'cmake_prefix_path')
[3.228s] INFO:colcon.colcon_core.shell:Creating environment hook '/home/jone/ws_moveit/install/srdfdom/share/srdfdom/hook/cmake_prefix_path.ps1'
[3.228s] INFO:colcon.colcon_core.shell:Creating environment descriptor '/home/jone/ws_moveit/install/srdfdom/share/srdfdom/hook/cmake_prefix_path.dsv'
[3.229s] INFO:colcon.colcon_core.shell:Creating environment hook '/home/jone/ws_moveit/install/srdfdom/share/srdfdom/hook/cmake_prefix_path.sh'
[3.229s] Level 1:colcon.colcon_core.environment:checking '/home/jone/ws_moveit/install/srdfdom/lib'
[3.229s] Level 1:colcon.colcon_core.shell:create_environment_hook('srdfdom', 'ld_library_path_lib')
[3.229s] INFO:colcon.colcon_core.shell:Creating environment hook '/home/jone/ws_moveit/install/srdfdom/share/srdfdom/hook/ld_library_path_lib.ps1'
[3.230s] INFO:colcon.colcon_core.shell:Creating environment descriptor '/home/jone/ws_moveit/install/srdfdom/share/srdfdom/hook/ld_library_path_lib.dsv'
[3.230s] INFO:colcon.colcon_core.shell:Creating environment hook '/home/jone/ws_moveit/install/srdfdom/share/srdfdom/hook/ld_library_path_lib.sh'
[3.230s] Level 1:colcon.colcon_core.environment:checking '/home/jone/ws_moveit/install/srdfdom/bin'
[3.230s] Level 1:colcon.colcon_core.environment:checking '/home/jone/ws_moveit/install/srdfdom/lib/pkgconfig/srdfdom.pc'
[3.230s] Level 1:colcon.colcon_core.environment:checking '/home/jone/ws_moveit/install/srdfdom/lib/python3.10/site-packages'
[3.230s] Level 1:colcon.colcon_core.environment:checking '/home/jone/ws_moveit/install/srdfdom/bin'
[3.231s] INFO:colcon.colcon_core.shell:Creating package script '/home/jone/ws_moveit/install/srdfdom/share/srdfdom/package.ps1'
[3.231s] INFO:colcon.colcon_core.shell:Creating package descriptor '/home/jone/ws_moveit/install/srdfdom/share/srdfdom/package.dsv'
[3.231s] INFO:colcon.colcon_core.shell:Creating package script '/home/jone/ws_moveit/install/srdfdom/share/srdfdom/package.sh'
[3.232s] INFO:colcon.colcon_core.shell:Creating package script '/home/jone/ws_moveit/install/srdfdom/share/srdfdom/package.bash'
[3.232s] INFO:colcon.colcon_core.shell:Creating package script '/home/jone/ws_moveit/install/srdfdom/share/srdfdom/package.zsh'
[3.232s] Level 1:colcon.colcon_core.environment:create_file_with_runtime_dependencies(/home/jone/ws_moveit/install/srdfdom/share/colcon-core/packages/srdfdom)
[3.232s] DEBUG:colcon.colcon_core.executor.sequential:run_until_complete 'srdfdom' finished with '0'
[3.233s] DEBUG:colcon.colcon_core.executor.sequential:run_until_complete 'moveit_configs_utils'
[3.233s] INFO:colcon.colcon_ros.task.ament_python.build:Building ROS package in '/home/jone/ws_moveit/src/moveit2/moveit_configs_utils' with build type 'ament_python'
[3.233s] Level 1:colcon.colcon_core.shell:create_environment_hook('moveit_configs_utils', 'ament_prefix_path')
[3.233s] INFO:colcon.colcon_core.shell:Creating environment hook '/home/jone/ws_moveit/install/moveit_configs_utils/share/moveit_configs_utils/hook/ament_prefix_path.ps1'
[3.233s] INFO:colcon.colcon_core.shell:Creating environment descriptor '/home/jone/ws_moveit/install/moveit_configs_utils/share/moveit_configs_utils/hook/ament_prefix_path.dsv'
[3.234s] INFO:colcon.colcon_core.shell:Creating environment hook '/home/jone/ws_moveit/install/moveit_configs_utils/share/moveit_configs_utils/hook/ament_prefix_path.sh'
[3.234s] INFO:colcon.colcon_core.shell:Skip shell extension 'powershell' for command environment: Not usable outside of PowerShell
[3.234s] DEBUG:colcon.colcon_core.shell:Skip shell extension 'dsv' for command environment
[3.440s] INFO:colcon.colcon_core.task.python.build:Building Python package in '/home/jone/ws_moveit/src/moveit2/moveit_configs_utils'
[3.440s] INFO:colcon.colcon_core.shell:Skip shell extension 'powershell' for command environment: Not usable outside of PowerShell
[3.440s] DEBUG:colcon.colcon_core.shell:Skip shell extension 'dsv' for command environment
[3.713s] DEBUG:colcon.colcon_core.event_handler.log_command:Invoking command in '/home/jone/ws_moveit/src/moveit2/moveit_configs_utils': AMENT_PREFIX_PATH=/home/jone/ws_moveit/install/launch_param_builder:/home/jone/ws_moveit/install/pilz_industrial_motion_planner_testutils:/home/jone/ws_moveit/install/moveit_runtime:/home/jone/ws_moveit/install/moveit2_tutorials:/home/jone/ws_moveit/install/moveit:/home/jone/ws_moveit/install/moveit_planners:/home/jone/ws_moveit/install/pilz_industrial_motion_planner:/home/jone/ws_moveit/install/moveit_visual_tools:/home/jone/ws_moveit/install/moveit_task_constructor_visualization:/home/jone/ws_moveit/install/moveit_task_constructor_demo:/home/jone/ws_moveit/install/moveit_task_constructor_capabilities:/home/jone/ws_moveit/install/moveit_task_constructor_core:/home/jone/ws_moveit/install/moveit_ros_control_interface:/home/jone/ws_moveit/install/moveit_plugins:/home/jone/ws_moveit/install/moveit_simple_controller_manager:/home/jone/ws_moveit/install/moveit_setup_assistant:/home/jone/ws_moveit/install/moveit_setup_srdf_plugins:/home/jone/ws_moveit/install/moveit_setup_core_plugins:/home/jone/ws_moveit/install/moveit_setup_controllers:/home/jone/ws_moveit/install/moveit_setup_app_plugins:/home/jone/ws_moveit/install/moveit_setup_framework:/home/jone/ws_moveit/install/moveit_servo:/home/jone/ws_moveit/install/moveit_ros:/home/jone/ws_moveit/install/moveit_ros_visualization:/home/jone/ws_moveit/install/moveit_hybrid_planning:/home/jone/ws_moveit/install/moveit_ros_planning_interface:/home/jone/ws_moveit/install/moveit_ros_benchmarks:/home/jone/ws_moveit/install/moveit_ros_warehouse:/home/jone/ws_moveit/install/moveit_ros_robot_interaction:/home/jone/ws_moveit/install/moveit_ros_perception:/home/jone/ws_moveit/install/moveit_resources_prbt_pg70_support:/home/jone/ws_moveit/install/moveit_resources_prbt_moveit_config:/home/jone/ws_moveit/install/moveit_ros_move_group:/home/jone/ws_moveit/install/moveit_planners_ompl:/home/jone/ws_moveit/install/moveit_ros_planning:/home/jone/ws_moveit/install/moveit_ros_occupancy_map_monitor:/home/jone/ws_moveit/install/moveit_resources_prbt_ikfast_manipulator_plugin:/home/jone/ws_moveit/install/moveit_planners_chomp:/home/jone/ws_moveit/install/moveit_kinematics:/home/jone/ws_moveit/install/moveit_chomp_optimizer_adapter:/home/jone/ws_moveit/install/chomp_motion_planner:/home/jone/ws_moveit/install/moveit_core:/home/jone/ws_moveit/install/moveit_configs_utils:/home/jone/ws_moveit/install/srdfdom:/home/jone/ws_moveit/install/rviz_marker_tools:/home/jone/ws_moveit/install/rosparam_shortcuts:/home/jone/ws_moveit/install/moveit_task_constructor_msgs:/home/jone/ws_moveit/install/moveit_resources_prbt_support:/home/jone/ws_moveit/install/moveit_resources:/home/jone/ws_moveit/install/moveit_resources_pr2_description:/home/jone/ws_moveit/install/moveit_resources_panda_moveit_config:/home/jone/ws_moveit/install/moveit_resources_panda_description:/home/jone/ws_moveit/install/moveit_resources_fanuc_moveit_config:/home/jone/ws_moveit/install/moveit_resources_fanuc_description:/home/jone/ws_moveit/install/moveit_common:/opt/ros/humble CMAKE_PREFIX_PATH=/home/jone/ws_moveit/install/srdfdom:/home/jone/ws_moveit/install/pilz_industrial_motion_planner_testutils:/home/jone/ws_moveit/install/moveit_runtime:/home/jone/ws_moveit/install/moveit2_tutorials:/home/jone/ws_moveit/install/moveit:/home/jone/ws_moveit/install/moveit_planners:/home/jone/ws_moveit/install/pilz_industrial_motion_planner:/home/jone/ws_moveit/install/moveit_visual_tools:/home/jone/ws_moveit/install/moveit_task_constructor_visualization:/home/jone/ws_moveit/install/moveit_task_constructor_demo:/home/jone/ws_moveit/install/moveit_task_constructor_capabilities:/home/jone/ws_moveit/install/moveit_task_constructor_core:/home/jone/ws_moveit/install/moveit_ros_control_interface:/home/jone/ws_moveit/install/moveit_plugins:/home/jone/ws_moveit/install/moveit_simple_controller_manager:/home/jone/ws_moveit/install/moveit_setup_assistant:/home/jone/ws_moveit/install/moveit_setup_srdf_plugins:/home/jone/ws_moveit/install/moveit_setup_core_plugins:/home/jone/ws_moveit/install/moveit_setup_controllers:/home/jone/ws_moveit/install/moveit_setup_app_plugins:/home/jone/ws_moveit/install/moveit_setup_framework:/home/jone/ws_moveit/install/moveit_servo:/home/jone/ws_moveit/install/moveit_ros:/home/jone/ws_moveit/install/moveit_ros_visualization:/home/jone/ws_moveit/install/moveit_hybrid_planning:/home/jone/ws_moveit/install/moveit_ros_planning_interface:/home/jone/ws_moveit/install/moveit_ros_benchmarks:/home/jone/ws_moveit/install/moveit_ros_warehouse:/home/jone/ws_moveit/install/moveit_ros_robot_interaction:/home/jone/ws_moveit/install/moveit_ros_perception:/home/jone/ws_moveit/install/moveit_resources_prbt_pg70_support:/home/jone/ws_moveit/install/moveit_resources_prbt_moveit_config:/home/jone/ws_moveit/install/moveit_ros_move_group:/home/jone/ws_moveit/install/moveit_planners_ompl:/home/jone/ws_moveit/install/moveit_ros_planning:/home/jone/ws_moveit/install/moveit_ros_occupancy_map_monitor:/home/jone/ws_moveit/install/moveit_resources_prbt_ikfast_manipulator_plugin:/home/jone/ws_moveit/install/moveit_planners_chomp:/home/jone/ws_moveit/install/moveit_kinematics:/home/jone/ws_moveit/install/moveit_chomp_optimizer_adapter:/home/jone/ws_moveit/install/chomp_motion_planner:/home/jone/ws_moveit/install/moveit_core:/home/jone/ws_moveit/install/rviz_marker_tools:/home/jone/ws_moveit/install/rosparam_shortcuts:/home/jone/ws_moveit/install/moveit_task_constructor_msgs:/home/jone/ws_moveit/install/moveit_resources_prbt_support:/home/jone/ws_moveit/install/moveit_resources:/home/jone/ws_moveit/install/moveit_resources_pr2_description:/home/jone/ws_moveit/install/moveit_resources_panda_moveit_config:/home/jone/ws_moveit/install/moveit_resources_panda_description:/home/jone/ws_moveit/install/moveit_resources_fanuc_moveit_config:/home/jone/ws_moveit/install/moveit_resources_fanuc_description:/home/jone/ws_moveit/install/moveit_common LD_LIBRARY_PATH=/home/jone/ws_moveit/install/srdfdom/lib:/home/jone/ws_moveit/install/pilz_industrial_motion_planner_testutils/lib:/home/jone/ws_moveit/install/pilz_industrial_motion_planner/lib:/home/jone/ws_moveit/install/moveit_visual_tools/lib:/home/jone/ws_moveit/install/moveit_task_constructor_visualization/lib:/home/jone/ws_moveit/install/moveit_task_constructor_demo/lib:/home/jone/ws_moveit/install/moveit_task_constructor_capabilities/lib:/home/jone/ws_moveit/install/moveit_task_constructor_core/lib:/home/jone/ws_moveit/install/moveit_ros_control_interface/lib:/home/jone/ws_moveit/install/moveit_simple_controller_manager/lib:/home/jone/ws_moveit/install/moveit_setup_assistant/lib:/home/jone/ws_moveit/install/moveit_setup_srdf_plugins/lib:/home/jone/ws_moveit/install/moveit_setup_core_plugins/lib:/home/jone/ws_moveit/install/moveit_setup_controllers/lib:/home/jone/ws_moveit/install/moveit_setup_app_plugins/lib:/home/jone/ws_moveit/install/moveit_setup_framework/lib:/home/jone/ws_moveit/install/moveit_servo/lib:/home/jone/ws_moveit/install/moveit_ros_visualization/lib:/home/jone/ws_moveit/install/moveit_hybrid_planning/lib:/home/jone/ws_moveit/install/moveit_ros_planning_interface/lib:/home/jone/ws_moveit/install/moveit_ros_benchmarks/lib:/home/jone/ws_moveit/install/moveit_ros_warehouse/lib:/home/jone/ws_moveit/install/moveit_ros_robot_interaction/lib:/home/jone/ws_moveit/install/moveit_ros_perception/lib:/home/jone/ws_moveit/install/moveit_ros_move_group/lib:/home/jone/ws_moveit/install/moveit_planners_ompl/lib:/home/jone/ws_moveit/install/moveit_ros_planning/lib:/home/jone/ws_moveit/install/moveit_ros_occupancy_map_monitor/lib:/home/jone/ws_moveit/install/moveit_resources_prbt_ikfast_manipulator_plugin/lib:/home/jone/ws_moveit/install/moveit_planners_chomp/lib:/home/jone/ws_moveit/install/moveit_kinematics/lib:/home/jone/ws_moveit/install/moveit_chomp_optimizer_adapter/lib:/home/jone/ws_moveit/install/chomp_motion_planner/lib:/home/jone/ws_moveit/install/moveit_core/lib:/home/jone/ws_moveit/install/rviz_marker_tools/lib:/home/jone/ws_moveit/install/rosparam_shortcuts/lib:/home/jone/ws_moveit/install/moveit_task_constructor_msgs/lib:/opt/ros/humble/opt/rviz_ogre_vendor/lib:/opt/ros/humble/lib/x86_64-linux-gnu:/opt/ros/humble/lib:/usr/lib/x86_64-linux-gnu/gazebo-11/plugins:/usr/lib/x86_64-linux-gnu/gazebo-11/plugins:/usr/lib/x86_64-linux-gnu/gazebo-11/plugins PYTHONPATH=/home/jone/ws_moveit/build/moveit_configs_utils/prefix_override:/usr/lib/python3/dist-packages/colcon_core/task/python/colcon_distutils_commands:/home/jone/ws_moveit/install/moveit_configs_utils/lib/python3.10/site-packages:/home/jone/ws_moveit/install/launch_param_builder/lib/python3.10/site-packages:/home/jone/ws_moveit/install/moveit_task_constructor_core/local/lib/python3.10/dist-packages:/home/jone/ws_moveit/install/moveit_configs_utils/lib/python3.10/site-packages:/home/jone/ws_moveit/install/srdfdom/local/lib/python3.10/dist-packages:/home/jone/ws_moveit/install/moveit_task_constructor_msgs/local/lib/python3.10/dist-packages:/opt/ros/humble/lib/python3.10/site-packages:/opt/ros/humble/local/lib/python3.10/dist-packages /usr/bin/python3 -W ignore:setup.py install is deprecated -W ignore:easy_install command is deprecated setup.py egg_info --egg-base ../../../build/moveit_configs_utils build --build-base /home/jone/ws_moveit/build/moveit_configs_utils/build install --record /home/jone/ws_moveit/build/moveit_configs_utils/install.log --single-version-externally-managed install_data
[3.927s] Level 1:colcon.colcon_core.environment:checking '/home/jone/ws_moveit/install/moveit_configs_utils' for CMake module files
[3.928s] DEBUG:colcon.colcon_core.event_handler.log_command:Invoked command in '/home/jone/ws_moveit/src/moveit2/moveit_configs_utils' returned '0': AMENT_PREFIX_PATH=/home/jone/ws_moveit/install/launch_param_builder:/home/jone/ws_moveit/install/pilz_industrial_motion_planner_testutils:/home/jone/ws_moveit/install/moveit_runtime:/home/jone/ws_moveit/install/moveit2_tutorials:/home/jone/ws_moveit/install/moveit:/home/jone/ws_moveit/install/moveit_planners:/home/jone/ws_moveit/install/pilz_industrial_motion_planner:/home/jone/ws_moveit/install/moveit_visual_tools:/home/jone/ws_moveit/install/moveit_task_constructor_visualization:/home/jone/ws_moveit/install/moveit_task_constructor_demo:/home/jone/ws_moveit/install/moveit_task_constructor_capabilities:/home/jone/ws_moveit/install/moveit_task_constructor_core:/home/jone/ws_moveit/install/moveit_ros_control_interface:/home/jone/ws_moveit/install/moveit_plugins:/home/jone/ws_moveit/install/moveit_simple_controller_manager:/home/jone/ws_moveit/install/moveit_setup_assistant:/home/jone/ws_moveit/install/moveit_setup_srdf_plugins:/home/jone/ws_moveit/install/moveit_setup_core_plugins:/home/jone/ws_moveit/install/moveit_setup_controllers:/home/jone/ws_moveit/install/moveit_setup_app_plugins:/home/jone/ws_moveit/install/moveit_setup_framework:/home/jone/ws_moveit/install/moveit_servo:/home/jone/ws_moveit/install/moveit_ros:/home/jone/ws_moveit/install/moveit_ros_visualization:/home/jone/ws_moveit/install/moveit_hybrid_planning:/home/jone/ws_moveit/install/moveit_ros_planning_interface:/home/jone/ws_moveit/install/moveit_ros_benchmarks:/home/jone/ws_moveit/install/moveit_ros_warehouse:/home/jone/ws_moveit/install/moveit_ros_robot_interaction:/home/jone/ws_moveit/install/moveit_ros_perception:/home/jone/ws_moveit/install/moveit_resources_prbt_pg70_support:/home/jone/ws_moveit/install/moveit_resources_prbt_moveit_config:/home/jone/ws_moveit/install/moveit_ros_move_group:/home/jone/ws_moveit/install/moveit_planners_ompl:/home/jone/ws_moveit/install/moveit_ros_planning:/home/jone/ws_moveit/install/moveit_ros_occupancy_map_monitor:/home/jone/ws_moveit/install/moveit_resources_prbt_ikfast_manipulator_plugin:/home/jone/ws_moveit/install/moveit_planners_chomp:/home/jone/ws_moveit/install/moveit_kinematics:/home/jone/ws_moveit/install/moveit_chomp_optimizer_adapter:/home/jone/ws_moveit/install/chomp_motion_planner:/home/jone/ws_moveit/install/moveit_core:/home/jone/ws_moveit/install/moveit_configs_utils:/home/jone/ws_moveit/install/srdfdom:/home/jone/ws_moveit/install/rviz_marker_tools:/home/jone/ws_moveit/install/rosparam_shortcuts:/home/jone/ws_moveit/install/moveit_task_constructor_msgs:/home/jone/ws_moveit/install/moveit_resources_prbt_support:/home/jone/ws_moveit/install/moveit_resources:/home/jone/ws_moveit/install/moveit_resources_pr2_description:/home/jone/ws_moveit/install/moveit_resources_panda_moveit_config:/home/jone/ws_moveit/install/moveit_resources_panda_description:/home/jone/ws_moveit/install/moveit_resources_fanuc_moveit_config:/home/jone/ws_moveit/install/moveit_resources_fanuc_description:/home/jone/ws_moveit/install/moveit_common:/opt/ros/humble CMAKE_PREFIX_PATH=/home/jone/ws_moveit/install/srdfdom:/home/jone/ws_moveit/install/pilz_industrial_motion_planner_testutils:/home/jone/ws_moveit/install/moveit_runtime:/home/jone/ws_moveit/install/moveit2_tutorials:/home/jone/ws_moveit/install/moveit:/home/jone/ws_moveit/install/moveit_planners:/home/jone/ws_moveit/install/pilz_industrial_motion_planner:/home/jone/ws_moveit/install/moveit_visual_tools:/home/jone/ws_moveit/install/moveit_task_constructor_visualization:/home/jone/ws_moveit/install/moveit_task_constructor_demo:/home/jone/ws_moveit/install/moveit_task_constructor_capabilities:/home/jone/ws_moveit/install/moveit_task_constructor_core:/home/jone/ws_moveit/install/moveit_ros_control_interface:/home/jone/ws_moveit/install/moveit_plugins:/home/jone/ws_moveit/install/moveit_simple_controller_manager:/home/jone/ws_moveit/install/moveit_setup_assistant:/home/jone/ws_moveit/install/moveit_setup_srdf_plugins:/home/jone/ws_moveit/install/moveit_setup_core_plugins:/home/jone/ws_moveit/install/moveit_setup_controllers:/home/jone/ws_moveit/install/moveit_setup_app_plugins:/home/jone/ws_moveit/install/moveit_setup_framework:/home/jone/ws_moveit/install/moveit_servo:/home/jone/ws_moveit/install/moveit_ros:/home/jone/ws_moveit/install/moveit_ros_visualization:/home/jone/ws_moveit/install/moveit_hybrid_planning:/home/jone/ws_moveit/install/moveit_ros_planning_interface:/home/jone/ws_moveit/install/moveit_ros_benchmarks:/home/jone/ws_moveit/install/moveit_ros_warehouse:/home/jone/ws_moveit/install/moveit_ros_robot_interaction:/home/jone/ws_moveit/install/moveit_ros_perception:/home/jone/ws_moveit/install/moveit_resources_prbt_pg70_support:/home/jone/ws_moveit/install/moveit_resources_prbt_moveit_config:/home/jone/ws_moveit/install/moveit_ros_move_group:/home/jone/ws_moveit/install/moveit_planners_ompl:/home/jone/ws_moveit/install/moveit_ros_planning:/home/jone/ws_moveit/install/moveit_ros_occupancy_map_monitor:/home/jone/ws_moveit/install/moveit_resources_prbt_ikfast_manipulator_plugin:/home/jone/ws_moveit/install/moveit_planners_chomp:/home/jone/ws_moveit/install/moveit_kinematics:/home/jone/ws_moveit/install/moveit_chomp_optimizer_adapter:/home/jone/ws_moveit/install/chomp_motion_planner:/home/jone/ws_moveit/install/moveit_core:/home/jone/ws_moveit/install/rviz_marker_tools:/home/jone/ws_moveit/install/rosparam_shortcuts:/home/jone/ws_moveit/install/moveit_task_constructor_msgs:/home/jone/ws_moveit/install/moveit_resources_prbt_support:/home/jone/ws_moveit/install/moveit_resources:/home/jone/ws_moveit/install/moveit_resources_pr2_description:/home/jone/ws_moveit/install/moveit_resources_panda_moveit_config:/home/jone/ws_moveit/install/moveit_resources_panda_description:/home/jone/ws_moveit/install/moveit_resources_fanuc_moveit_config:/home/jone/ws_moveit/install/moveit_resources_fanuc_description:/home/jone/ws_moveit/install/moveit_common LD_LIBRARY_PATH=/home/jone/ws_moveit/install/srdfdom/lib:/home/jone/ws_moveit/install/pilz_industrial_motion_planner_testutils/lib:/home/jone/ws_moveit/install/pilz_industrial_motion_planner/lib:/home/jone/ws_moveit/install/moveit_visual_tools/lib:/home/jone/ws_moveit/install/moveit_task_constructor_visualization/lib:/home/jone/ws_moveit/install/moveit_task_constructor_demo/lib:/home/jone/ws_moveit/install/moveit_task_constructor_capabilities/lib:/home/jone/ws_moveit/install/moveit_task_constructor_core/lib:/home/jone/ws_moveit/install/moveit_ros_control_interface/lib:/home/jone/ws_moveit/install/moveit_simple_controller_manager/lib:/home/jone/ws_moveit/install/moveit_setup_assistant/lib:/home/jone/ws_moveit/install/moveit_setup_srdf_plugins/lib:/home/jone/ws_moveit/install/moveit_setup_core_plugins/lib:/home/jone/ws_moveit/install/moveit_setup_controllers/lib:/home/jone/ws_moveit/install/moveit_setup_app_plugins/lib:/home/jone/ws_moveit/install/moveit_setup_framework/lib:/home/jone/ws_moveit/install/moveit_servo/lib:/home/jone/ws_moveit/install/moveit_ros_visualization/lib:/home/jone/ws_moveit/install/moveit_hybrid_planning/lib:/home/jone/ws_moveit/install/moveit_ros_planning_interface/lib:/home/jone/ws_moveit/install/moveit_ros_benchmarks/lib:/home/jone/ws_moveit/install/moveit_ros_warehouse/lib:/home/jone/ws_moveit/install/moveit_ros_robot_interaction/lib:/home/jone/ws_moveit/install/moveit_ros_perception/lib:/home/jone/ws_moveit/install/moveit_ros_move_group/lib:/home/jone/ws_moveit/install/moveit_planners_ompl/lib:/home/jone/ws_moveit/install/moveit_ros_planning/lib:/home/jone/ws_moveit/install/moveit_ros_occupancy_map_monitor/lib:/home/jone/ws_moveit/install/moveit_resources_prbt_ikfast_manipulator_plugin/lib:/home/jone/ws_moveit/install/moveit_planners_chomp/lib:/home/jone/ws_moveit/install/moveit_kinematics/lib:/home/jone/ws_moveit/install/moveit_chomp_optimizer_adapter/lib:/home/jone/ws_moveit/install/chomp_motion_planner/lib:/home/jone/ws_moveit/install/moveit_core/lib:/home/jone/ws_moveit/install/rviz_marker_tools/lib:/home/jone/ws_moveit/install/rosparam_shortcuts/lib:/home/jone/ws_moveit/install/moveit_task_constructor_msgs/lib:/opt/ros/humble/opt/rviz_ogre_vendor/lib:/opt/ros/humble/lib/x86_64-linux-gnu:/opt/ros/humble/lib:/usr/lib/x86_64-linux-gnu/gazebo-11/plugins:/usr/lib/x86_64-linux-gnu/gazebo-11/plugins:/usr/lib/x86_64-linux-gnu/gazebo-11/plugins PYTHONPATH=/home/jone/ws_moveit/build/moveit_configs_utils/prefix_override:/usr/lib/python3/dist-packages/colcon_core/task/python/colcon_distutils_commands:/home/jone/ws_moveit/install/moveit_configs_utils/lib/python3.10/site-packages:/home/jone/ws_moveit/install/launch_param_builder/lib/python3.10/site-packages:/home/jone/ws_moveit/install/moveit_task_constructor_core/local/lib/python3.10/dist-packages:/home/jone/ws_moveit/install/moveit_configs_utils/lib/python3.10/site-packages:/home/jone/ws_moveit/install/srdfdom/local/lib/python3.10/dist-packages:/home/jone/ws_moveit/install/moveit_task_constructor_msgs/local/lib/python3.10/dist-packages:/opt/ros/humble/lib/python3.10/site-packages:/opt/ros/humble/local/lib/python3.10/dist-packages /usr/bin/python3 -W ignore:setup.py install is deprecated -W ignore:easy_install command is deprecated setup.py egg_info --egg-base ../../../build/moveit_configs_utils build --build-base /home/jone/ws_moveit/build/moveit_configs_utils/build install --record /home/jone/ws_moveit/build/moveit_configs_utils/install.log --single-version-externally-managed install_data
[3.928s] Level 1:colcon.colcon_core.environment:checking '/home/jone/ws_moveit/install/moveit_configs_utils' for CMake config files
[3.928s] Level 1:colcon.colcon_core.environment:checking '/home/jone/ws_moveit/install/moveit_configs_utils/lib'
[3.928s] Level 1:colcon.colcon_core.environment:checking '/home/jone/ws_moveit/install/moveit_configs_utils/bin'
[3.928s] Level 1:colcon.colcon_core.environment:checking '/home/jone/ws_moveit/install/moveit_configs_utils/lib/pkgconfig/moveit_configs_utils.pc'
[3.929s] Level 1:colcon.colcon_core.environment:checking '/home/jone/ws_moveit/install/moveit_configs_utils/lib/python3.10/site-packages'
[3.929s] Level 1:colcon.colcon_core.shell:create_environment_hook('moveit_configs_utils', 'pythonpath')
[3.929s] INFO:colcon.colcon_core.shell:Creating environment hook '/home/jone/ws_moveit/install/moveit_configs_utils/share/moveit_configs_utils/hook/pythonpath.ps1'
[3.929s] INFO:colcon.colcon_core.shell:Creating environment descriptor '/home/jone/ws_moveit/install/moveit_configs_utils/share/moveit_configs_utils/hook/pythonpath.dsv'
[3.929s] INFO:colcon.colcon_core.shell:Creating environment hook '/home/jone/ws_moveit/install/moveit_configs_utils/share/moveit_configs_utils/hook/pythonpath.sh'
[3.930s] Level 1:colcon.colcon_core.environment:checking '/home/jone/ws_moveit/install/moveit_configs_utils/bin'
[3.930s] Level 1:colcon.colcon_core.environment:create_environment_scripts_only(moveit_configs_utils)
[3.930s] INFO:colcon.colcon_core.shell:Creating package script '/home/jone/ws_moveit/install/moveit_configs_utils/share/moveit_configs_utils/package.ps1'
[3.931s] INFO:colcon.colcon_core.shell:Creating package descriptor '/home/jone/ws_moveit/install/moveit_configs_utils/share/moveit_configs_utils/package.dsv'
[3.931s] INFO:colcon.colcon_core.shell:Creating package script '/home/jone/ws_moveit/install/moveit_configs_utils/share/moveit_configs_utils/package.sh'
[3.931s] INFO:colcon.colcon_core.shell:Creating package script '/home/jone/ws_moveit/install/moveit_configs_utils/share/moveit_configs_utils/package.bash'
[3.931s] INFO:colcon.colcon_core.shell:Creating package script '/home/jone/ws_moveit/install/moveit_configs_utils/share/moveit_configs_utils/package.zsh'
[3.932s] Level 1:colcon.colcon_core.environment:create_file_with_runtime_dependencies(/home/jone/ws_moveit/install/moveit_configs_utils/share/colcon-core/packages/moveit_configs_utils)
[3.932s] DEBUG:colcon.colcon_core.executor.sequential:run_until_complete 'moveit_configs_utils' finished with '0'
[3.932s] DEBUG:colcon.colcon_core.executor.sequential:run_until_complete 'moveit_resources_fanuc_moveit_config'
[3.932s] INFO:colcon.colcon_ros.task.ament_cmake.build:Building ROS package in '/home/jone/ws_moveit/src/moveit_resources/fanuc_moveit_config' with build type 'ament_cmake'
[3.932s] INFO:colcon.colcon_cmake.task.cmake.build:Building CMake package in '/home/jone/ws_moveit/src/moveit_resources/fanuc_moveit_config'
[3.932s] INFO:colcon.colcon_core.shell:Skip shell extension 'powershell' for command environment: Not usable outside of PowerShell
[3.932s] DEBUG:colcon.colcon_core.shell:Skip shell extension 'dsv' for command environment
[3.946s] DEBUG:colcon.colcon_core.event_handler.log_command:Invoking command in '/home/jone/ws_moveit/build/moveit_resources_fanuc_moveit_config': CMAKE_PREFIX_PATH=/home/jone/ws_moveit/install/moveit_resources_fanuc_description:/home/jone/ws_moveit/install/pilz_industrial_motion_planner_testutils:/home/jone/ws_moveit/install/moveit_runtime:/home/jone/ws_moveit/install/moveit2_tutorials:/home/jone/ws_moveit/install/moveit:/home/jone/ws_moveit/install/moveit_planners:/home/jone/ws_moveit/install/pilz_industrial_motion_planner:/home/jone/ws_moveit/install/moveit_visual_tools:/home/jone/ws_moveit/install/moveit_task_constructor_visualization:/home/jone/ws_moveit/install/moveit_task_constructor_demo:/home/jone/ws_moveit/install/moveit_task_constructor_capabilities:/home/jone/ws_moveit/install/moveit_task_constructor_core:/home/jone/ws_moveit/install/moveit_ros_control_interface:/home/jone/ws_moveit/install/moveit_plugins:/home/jone/ws_moveit/install/moveit_simple_controller_manager:/home/jone/ws_moveit/install/moveit_setup_assistant:/home/jone/ws_moveit/install/moveit_setup_srdf_plugins:/home/jone/ws_moveit/install/moveit_setup_core_plugins:/home/jone/ws_moveit/install/moveit_setup_controllers:/home/jone/ws_moveit/install/moveit_setup_app_plugins:/home/jone/ws_moveit/install/moveit_setup_framework:/home/jone/ws_moveit/install/moveit_servo:/home/jone/ws_moveit/install/moveit_ros:/home/jone/ws_moveit/install/moveit_ros_visualization:/home/jone/ws_moveit/install/moveit_hybrid_planning:/home/jone/ws_moveit/install/moveit_ros_planning_interface:/home/jone/ws_moveit/install/moveit_ros_benchmarks:/home/jone/ws_moveit/install/moveit_ros_warehouse:/home/jone/ws_moveit/install/moveit_ros_robot_interaction:/home/jone/ws_moveit/install/moveit_ros_perception:/home/jone/ws_moveit/install/moveit_resources_prbt_pg70_support:/home/jone/ws_moveit/install/moveit_resources_prbt_moveit_config:/home/jone/ws_moveit/install/moveit_ros_move_group:/home/jone/ws_moveit/install/moveit_planners_ompl:/home/jone/ws_moveit/install/moveit_ros_planning:/home/jone/ws_moveit/install/moveit_ros_occupancy_map_monitor:/home/jone/ws_moveit/install/moveit_resources_prbt_ikfast_manipulator_plugin:/home/jone/ws_moveit/install/moveit_planners_chomp:/home/jone/ws_moveit/install/moveit_kinematics:/home/jone/ws_moveit/install/moveit_chomp_optimizer_adapter:/home/jone/ws_moveit/install/chomp_motion_planner:/home/jone/ws_moveit/install/moveit_core:/home/jone/ws_moveit/install/srdfdom:/home/jone/ws_moveit/install/rviz_marker_tools:/home/jone/ws_moveit/install/rosparam_shortcuts:/home/jone/ws_moveit/install/moveit_task_constructor_msgs:/home/jone/ws_moveit/install/moveit_resources_prbt_support:/home/jone/ws_moveit/install/moveit_resources:/home/jone/ws_moveit/install/moveit_resources_pr2_description:/home/jone/ws_moveit/install/moveit_resources_panda_moveit_config:/home/jone/ws_moveit/install/moveit_resources_panda_description:/home/jone/ws_moveit/install/moveit_resources_fanuc_moveit_config:/home/jone/ws_moveit/install/moveit_common:/home/jone/ws_moveit/install/moveit_configs_utils:/home/jone/ws_moveit/install/launch_param_builder:/opt/ros/humble /usr/bin/cmake --build /home/jone/ws_moveit/build/moveit_resources_fanuc_moveit_config -- -j16 -l16
[3.999s] DEBUG:colcon.colcon_core.event_handler.log_command:Invoked command in '/home/jone/ws_moveit/build/moveit_resources_fanuc_moveit_config' returned '0': CMAKE_PREFIX_PATH=/home/jone/ws_moveit/install/moveit_resources_fanuc_description:/home/jone/ws_moveit/install/pilz_industrial_motion_planner_testutils:/home/jone/ws_moveit/install/moveit_runtime:/home/jone/ws_moveit/install/moveit2_tutorials:/home/jone/ws_moveit/install/moveit:/home/jone/ws_moveit/install/moveit_planners:/home/jone/ws_moveit/install/pilz_industrial_motion_planner:/home/jone/ws_moveit/install/moveit_visual_tools:/home/jone/ws_moveit/install/moveit_task_constructor_visualization:/home/jone/ws_moveit/install/moveit_task_constructor_demo:/home/jone/ws_moveit/install/moveit_task_constructor_capabilities:/home/jone/ws_moveit/install/moveit_task_constructor_core:/home/jone/ws_moveit/install/moveit_ros_control_interface:/home/jone/ws_moveit/install/moveit_plugins:/home/jone/ws_moveit/install/moveit_simple_controller_manager:/home/jone/ws_moveit/install/moveit_setup_assistant:/home/jone/ws_moveit/install/moveit_setup_srdf_plugins:/home/jone/ws_moveit/install/moveit_setup_core_plugins:/home/jone/ws_moveit/install/moveit_setup_controllers:/home/jone/ws_moveit/install/moveit_setup_app_plugins:/home/jone/ws_moveit/install/moveit_setup_framework:/home/jone/ws_moveit/install/moveit_servo:/home/jone/ws_moveit/install/moveit_ros:/home/jone/ws_moveit/install/moveit_ros_visualization:/home/jone/ws_moveit/install/moveit_hybrid_planning:/home/jone/ws_moveit/install/moveit_ros_planning_interface:/home/jone/ws_moveit/install/moveit_ros_benchmarks:/home/jone/ws_moveit/install/moveit_ros_warehouse:/home/jone/ws_moveit/install/moveit_ros_robot_interaction:/home/jone/ws_moveit/install/moveit_ros_perception:/home/jone/ws_moveit/install/moveit_resources_prbt_pg70_support:/home/jone/ws_moveit/install/moveit_resources_prbt_moveit_config:/home/jone/ws_moveit/install/moveit_ros_move_group:/home/jone/ws_moveit/install/moveit_planners_ompl:/home/jone/ws_moveit/install/moveit_ros_planning:/home/jone/ws_moveit/install/moveit_ros_occupancy_map_monitor:/home/jone/ws_moveit/install/moveit_resources_prbt_ikfast_manipulator_plugin:/home/jone/ws_moveit/install/moveit_planners_chomp:/home/jone/ws_moveit/install/moveit_kinematics:/home/jone/ws_moveit/install/moveit_chomp_optimizer_adapter:/home/jone/ws_moveit/install/chomp_motion_planner:/home/jone/ws_moveit/install/moveit_core:/home/jone/ws_moveit/install/srdfdom:/home/jone/ws_moveit/install/rviz_marker_tools:/home/jone/ws_moveit/install/rosparam_shortcuts:/home/jone/ws_moveit/install/moveit_task_constructor_msgs:/home/jone/ws_moveit/install/moveit_resources_prbt_support:/home/jone/ws_moveit/install/moveit_resources:/home/jone/ws_moveit/install/moveit_resources_pr2_description:/home/jone/ws_moveit/install/moveit_resources_panda_moveit_config:/home/jone/ws_moveit/install/moveit_resources_panda_description:/home/jone/ws_moveit/install/moveit_resources_fanuc_moveit_config:/home/jone/ws_moveit/install/moveit_common:/home/jone/ws_moveit/install/moveit_configs_utils:/home/jone/ws_moveit/install/launch_param_builder:/opt/ros/humble /usr/bin/cmake --build /home/jone/ws_moveit/build/moveit_resources_fanuc_moveit_config -- -j16 -l16
[4.001s] DEBUG:colcon.colcon_core.event_handler.log_command:Invoking command in '/home/jone/ws_moveit/build/moveit_resources_fanuc_moveit_config': CMAKE_PREFIX_PATH=/home/jone/ws_moveit/install/moveit_resources_fanuc_description:/home/jone/ws_moveit/install/pilz_industrial_motion_planner_testutils:/home/jone/ws_moveit/install/moveit_runtime:/home/jone/ws_moveit/install/moveit2_tutorials:/home/jone/ws_moveit/install/moveit:/home/jone/ws_moveit/install/moveit_planners:/home/jone/ws_moveit/install/pilz_industrial_motion_planner:/home/jone/ws_moveit/install/moveit_visual_tools:/home/jone/ws_moveit/install/moveit_task_constructor_visualization:/home/jone/ws_moveit/install/moveit_task_constructor_demo:/home/jone/ws_moveit/install/moveit_task_constructor_capabilities:/home/jone/ws_moveit/install/moveit_task_constructor_core:/home/jone/ws_moveit/install/moveit_ros_control_interface:/home/jone/ws_moveit/install/moveit_plugins:/home/jone/ws_moveit/install/moveit_simple_controller_manager:/home/jone/ws_moveit/install/moveit_setup_assistant:/home/jone/ws_moveit/install/moveit_setup_srdf_plugins:/home/jone/ws_moveit/install/moveit_setup_core_plugins:/home/jone/ws_moveit/install/moveit_setup_controllers:/home/jone/ws_moveit/install/moveit_setup_app_plugins:/home/jone/ws_moveit/install/moveit_setup_framework:/home/jone/ws_moveit/install/moveit_servo:/home/jone/ws_moveit/install/moveit_ros:/home/jone/ws_moveit/install/moveit_ros_visualization:/home/jone/ws_moveit/install/moveit_hybrid_planning:/home/jone/ws_moveit/install/moveit_ros_planning_interface:/home/jone/ws_moveit/install/moveit_ros_benchmarks:/home/jone/ws_moveit/install/moveit_ros_warehouse:/home/jone/ws_moveit/install/moveit_ros_robot_interaction:/home/jone/ws_moveit/install/moveit_ros_perception:/home/jone/ws_moveit/install/moveit_resources_prbt_pg70_support:/home/jone/ws_moveit/install/moveit_resources_prbt_moveit_config:/home/jone/ws_moveit/install/moveit_ros_move_group:/home/jone/ws_moveit/install/moveit_planners_ompl:/home/jone/ws_moveit/install/moveit_ros_planning:/home/jone/ws_moveit/install/moveit_ros_occupancy_map_monitor:/home/jone/ws_moveit/install/moveit_resources_prbt_ikfast_manipulator_plugin:/home/jone/ws_moveit/install/moveit_planners_chomp:/home/jone/ws_moveit/install/moveit_kinematics:/home/jone/ws_moveit/install/moveit_chomp_optimizer_adapter:/home/jone/ws_moveit/install/chomp_motion_planner:/home/jone/ws_moveit/install/moveit_core:/home/jone/ws_moveit/install/srdfdom:/home/jone/ws_moveit/install/rviz_marker_tools:/home/jone/ws_moveit/install/rosparam_shortcuts:/home/jone/ws_moveit/install/moveit_task_constructor_msgs:/home/jone/ws_moveit/install/moveit_resources_prbt_support:/home/jone/ws_moveit/install/moveit_resources:/home/jone/ws_moveit/install/moveit_resources_pr2_description:/home/jone/ws_moveit/install/moveit_resources_panda_moveit_config:/home/jone/ws_moveit/install/moveit_resources_panda_description:/home/jone/ws_moveit/install/moveit_resources_fanuc_moveit_config:/home/jone/ws_moveit/install/moveit_common:/home/jone/ws_moveit/install/moveit_configs_utils:/home/jone/ws_moveit/install/launch_param_builder:/opt/ros/humble /usr/bin/cmake --install /home/jone/ws_moveit/build/moveit_resources_fanuc_moveit_config
[4.015s] Level 1:colcon.colcon_core.environment:create_environment_scripts_only(moveit_resources_fanuc_moveit_config)
[4.016s] Level 1:colcon.colcon_core.environment:checking '/home/jone/ws_moveit/install/moveit_resources_fanuc_moveit_config' for CMake module files
[4.016s] DEBUG:colcon.colcon_core.event_handler.log_command:Invoked command in '/home/jone/ws_moveit/build/moveit_resources_fanuc_moveit_config' returned '0': CMAKE_PREFIX_PATH=/home/jone/ws_moveit/install/moveit_resources_fanuc_description:/home/jone/ws_moveit/install/pilz_industrial_motion_planner_testutils:/home/jone/ws_moveit/install/moveit_runtime:/home/jone/ws_moveit/install/moveit2_tutorials:/home/jone/ws_moveit/install/moveit:/home/jone/ws_moveit/install/moveit_planners:/home/jone/ws_moveit/install/pilz_industrial_motion_planner:/home/jone/ws_moveit/install/moveit_visual_tools:/home/jone/ws_moveit/install/moveit_task_constructor_visualization:/home/jone/ws_moveit/install/moveit_task_constructor_demo:/home/jone/ws_moveit/install/moveit_task_constructor_capabilities:/home/jone/ws_moveit/install/moveit_task_constructor_core:/home/jone/ws_moveit/install/moveit_ros_control_interface:/home/jone/ws_moveit/install/moveit_plugins:/home/jone/ws_moveit/install/moveit_simple_controller_manager:/home/jone/ws_moveit/install/moveit_setup_assistant:/home/jone/ws_moveit/install/moveit_setup_srdf_plugins:/home/jone/ws_moveit/install/moveit_setup_core_plugins:/home/jone/ws_moveit/install/moveit_setup_controllers:/home/jone/ws_moveit/install/moveit_setup_app_plugins:/home/jone/ws_moveit/install/moveit_setup_framework:/home/jone/ws_moveit/install/moveit_servo:/home/jone/ws_moveit/install/moveit_ros:/home/jone/ws_moveit/install/moveit_ros_visualization:/home/jone/ws_moveit/install/moveit_hybrid_planning:/home/jone/ws_moveit/install/moveit_ros_planning_interface:/home/jone/ws_moveit/install/moveit_ros_benchmarks:/home/jone/ws_moveit/install/moveit_ros_warehouse:/home/jone/ws_moveit/install/moveit_ros_robot_interaction:/home/jone/ws_moveit/install/moveit_ros_perception:/home/jone/ws_moveit/install/moveit_resources_prbt_pg70_support:/home/jone/ws_moveit/install/moveit_resources_prbt_moveit_config:/home/jone/ws_moveit/install/moveit_ros_move_group:/home/jone/ws_moveit/install/moveit_planners_ompl:/home/jone/ws_moveit/install/moveit_ros_planning:/home/jone/ws_moveit/install/moveit_ros_occupancy_map_monitor:/home/jone/ws_moveit/install/moveit_resources_prbt_ikfast_manipulator_plugin:/home/jone/ws_moveit/install/moveit_planners_chomp:/home/jone/ws_moveit/install/moveit_kinematics:/home/jone/ws_moveit/install/moveit_chomp_optimizer_adapter:/home/jone/ws_moveit/install/chomp_motion_planner:/home/jone/ws_moveit/install/moveit_core:/home/jone/ws_moveit/install/srdfdom:/home/jone/ws_moveit/install/rviz_marker_tools:/home/jone/ws_moveit/install/rosparam_shortcuts:/home/jone/ws_moveit/install/moveit_task_constructor_msgs:/home/jone/ws_moveit/install/moveit_resources_prbt_support:/home/jone/ws_moveit/install/moveit_resources:/home/jone/ws_moveit/install/moveit_resources_pr2_description:/home/jone/ws_moveit/install/moveit_resources_panda_moveit_config:/home/jone/ws_moveit/install/moveit_resources_panda_description:/home/jone/ws_moveit/install/moveit_resources_fanuc_moveit_config:/home/jone/ws_moveit/install/moveit_common:/home/jone/ws_moveit/install/moveit_configs_utils:/home/jone/ws_moveit/install/launch_param_builder:/opt/ros/humble /usr/bin/cmake --install /home/jone/ws_moveit/build/moveit_resources_fanuc_moveit_config
[4.016s] Level 1:colcon.colcon_core.environment:checking '/home/jone/ws_moveit/install/moveit_resources_fanuc_moveit_config' for CMake config files
[4.016s] Level 1:colcon.colcon_core.shell:create_environment_hook('moveit_resources_fanuc_moveit_config', 'cmake_prefix_path')
[4.016s] INFO:colcon.colcon_core.shell:Creating environment hook '/home/jone/ws_moveit/install/moveit_resources_fanuc_moveit_config/share/moveit_resources_fanuc_moveit_config/hook/cmake_prefix_path.ps1'
[4.017s] INFO:colcon.colcon_core.shell:Creating environment descriptor '/home/jone/ws_moveit/install/moveit_resources_fanuc_moveit_config/share/moveit_resources_fanuc_moveit_config/hook/cmake_prefix_path.dsv'
[4.017s] INFO:colcon.colcon_core.shell:Creating environment hook '/home/jone/ws_moveit/install/moveit_resources_fanuc_moveit_config/share/moveit_resources_fanuc_moveit_config/hook/cmake_prefix_path.sh'
[4.017s] Level 1:colcon.colcon_core.environment:checking '/home/jone/ws_moveit/install/moveit_resources_fanuc_moveit_config/bin'
[4.017s] Level 1:colcon.colcon_core.environment:checking '/home/jone/ws_moveit/install/moveit_resources_fanuc_moveit_config/lib/pkgconfig/moveit_resources_fanuc_moveit_config.pc'
[4.018s] Level 1:colcon.colcon_core.environment:checking '/home/jone/ws_moveit/install/moveit_resources_fanuc_moveit_config/lib/python3.10/site-packages'
[4.018s] Level 1:colcon.colcon_core.environment:checking '/home/jone/ws_moveit/install/moveit_resources_fanuc_moveit_config/bin'
[4.018s] INFO:colcon.colcon_core.shell:Creating package script '/home/jone/ws_moveit/install/moveit_resources_fanuc_moveit_config/share/moveit_resources_fanuc_moveit_config/package.ps1'
[4.018s] INFO:colcon.colcon_core.shell:Creating package descriptor '/home/jone/ws_moveit/install/moveit_resources_fanuc_moveit_config/share/moveit_resources_fanuc_moveit_config/package.dsv'
[4.019s] INFO:colcon.colcon_core.shell:Creating package script '/home/jone/ws_moveit/install/moveit_resources_fanuc_moveit_config/share/moveit_resources_fanuc_moveit_config/package.sh'
[4.019s] INFO:colcon.colcon_core.shell:Creating package script '/home/jone/ws_moveit/install/moveit_resources_fanuc_moveit_config/share/moveit_resources_fanuc_moveit_config/package.bash'
[4.019s] INFO:colcon.colcon_core.shell:Creating package script '/home/jone/ws_moveit/install/moveit_resources_fanuc_moveit_config/share/moveit_resources_fanuc_moveit_config/package.zsh'
[4.019s] Level 1:colcon.colcon_core.environment:create_file_with_runtime_dependencies(/home/jone/ws_moveit/install/moveit_resources_fanuc_moveit_config/share/colcon-core/packages/moveit_resources_fanuc_moveit_config)
[4.020s] Level 1:colcon.colcon_core.environment:create_environment_scripts_only(moveit_resources_fanuc_moveit_config)
[4.020s] Level 1:colcon.colcon_core.environment:checking '/home/jone/ws_moveit/install/moveit_resources_fanuc_moveit_config' for CMake module files
[4.020s] Level 1:colcon.colcon_core.environment:checking '/home/jone/ws_moveit/install/moveit_resources_fanuc_moveit_config' for CMake config files
[4.020s] Level 1:colcon.colcon_core.shell:create_environment_hook('moveit_resources_fanuc_moveit_config', 'cmake_prefix_path')
[4.020s] INFO:colcon.colcon_core.shell:Creating environment hook '/home/jone/ws_moveit/install/moveit_resources_fanuc_moveit_config/share/moveit_resources_fanuc_moveit_config/hook/cmake_prefix_path.ps1'
[4.021s] INFO:colcon.colcon_core.shell:Creating environment descriptor '/home/jone/ws_moveit/install/moveit_resources_fanuc_moveit_config/share/moveit_resources_fanuc_moveit_config/hook/cmake_prefix_path.dsv'
[4.021s] INFO:colcon.colcon_core.shell:Creating environment hook '/home/jone/ws_moveit/install/moveit_resources_fanuc_moveit_config/share/moveit_resources_fanuc_moveit_config/hook/cmake_prefix_path.sh'
[4.021s] Level 1:colcon.colcon_core.environment:checking '/home/jone/ws_moveit/install/moveit_resources_fanuc_moveit_config/bin'
[4.021s] Level 1:colcon.colcon_core.environment:checking '/home/jone/ws_moveit/install/moveit_resources_fanuc_moveit_config/lib/pkgconfig/moveit_resources_fanuc_moveit_config.pc'
[4.021s] Level 1:colcon.colcon_core.environment:checking '/home/jone/ws_moveit/install/moveit_resources_fanuc_moveit_config/lib/python3.10/site-packages'
[4.022s] Level 1:colcon.colcon_core.environment:checking '/home/jone/ws_moveit/install/moveit_resources_fanuc_moveit_config/bin'
[4.022s] INFO:colcon.colcon_core.shell:Creating package script '/home/jone/ws_moveit/install/moveit_resources_fanuc_moveit_config/share/moveit_resources_fanuc_moveit_config/package.ps1'
[4.022s] INFO:colcon.colcon_core.shell:Creating package descriptor '/home/jone/ws_moveit/install/moveit_resources_fanuc_moveit_config/share/moveit_resources_fanuc_moveit_config/package.dsv'
[4.022s] INFO:colcon.colcon_core.shell:Creating package script '/home/jone/ws_moveit/install/moveit_resources_fanuc_moveit_config/share/moveit_resources_fanuc_moveit_config/package.sh'
[4.023s] INFO:colcon.colcon_core.shell:Creating package script '/home/jone/ws_moveit/install/moveit_resources_fanuc_moveit_config/share/moveit_resources_fanuc_moveit_config/package.bash'
[4.023s] INFO:colcon.colcon_core.shell:Creating package script '/home/jone/ws_moveit/install/moveit_resources_fanuc_moveit_config/share/moveit_resources_fanuc_moveit_config/package.zsh'
[4.023s] Level 1:colcon.colcon_core.environment:create_file_with_runtime_dependencies(/home/jone/ws_moveit/install/moveit_resources_fanuc_moveit_config/share/colcon-core/packages/moveit_resources_fanuc_moveit_config)
[4.024s] DEBUG:colcon.colcon_core.executor.sequential:run_until_complete 'moveit_resources_fanuc_moveit_config' finished with '0'
[4.024s] DEBUG:colcon.colcon_core.executor.sequential:run_until_complete 'moveit_resources_panda_moveit_config'
[4.024s] INFO:colcon.colcon_ros.task.ament_cmake.build:Building ROS package in '/home/jone/ws_moveit/src/moveit_resources/panda_moveit_config' with build type 'ament_cmake'
[4.024s] INFO:colcon.colcon_cmake.task.cmake.build:Building CMake package in '/home/jone/ws_moveit/src/moveit_resources/panda_moveit_config'
[4.024s] INFO:colcon.colcon_core.shell:Skip shell extension 'powershell' for command environment: Not usable outside of PowerShell
[4.024s] DEBUG:colcon.colcon_core.shell:Skip shell extension 'dsv' for command environment
[4.037s] DEBUG:colcon.colcon_core.event_handler.log_command:Invoking command in '/home/jone/ws_moveit/build/moveit_resources_panda_moveit_config': CMAKE_PREFIX_PATH=/home/jone/ws_moveit/install/moveit_resources_panda_description:/home/jone/ws_moveit/install/pilz_industrial_motion_planner_testutils:/home/jone/ws_moveit/install/moveit_runtime:/home/jone/ws_moveit/install/moveit2_tutorials:/home/jone/ws_moveit/install/moveit:/home/jone/ws_moveit/install/moveit_planners:/home/jone/ws_moveit/install/pilz_industrial_motion_planner:/home/jone/ws_moveit/install/moveit_visual_tools:/home/jone/ws_moveit/install/moveit_task_constructor_visualization:/home/jone/ws_moveit/install/moveit_task_constructor_demo:/home/jone/ws_moveit/install/moveit_task_constructor_capabilities:/home/jone/ws_moveit/install/moveit_task_constructor_core:/home/jone/ws_moveit/install/moveit_ros_control_interface:/home/jone/ws_moveit/install/moveit_plugins:/home/jone/ws_moveit/install/moveit_simple_controller_manager:/home/jone/ws_moveit/install/moveit_setup_assistant:/home/jone/ws_moveit/install/moveit_setup_srdf_plugins:/home/jone/ws_moveit/install/moveit_setup_core_plugins:/home/jone/ws_moveit/install/moveit_setup_controllers:/home/jone/ws_moveit/install/moveit_setup_app_plugins:/home/jone/ws_moveit/install/moveit_setup_framework:/home/jone/ws_moveit/install/moveit_servo:/home/jone/ws_moveit/install/moveit_ros:/home/jone/ws_moveit/install/moveit_ros_visualization:/home/jone/ws_moveit/install/moveit_hybrid_planning:/home/jone/ws_moveit/install/moveit_ros_planning_interface:/home/jone/ws_moveit/install/moveit_ros_benchmarks:/home/jone/ws_moveit/install/moveit_ros_warehouse:/home/jone/ws_moveit/install/moveit_ros_robot_interaction:/home/jone/ws_moveit/install/moveit_ros_perception:/home/jone/ws_moveit/install/moveit_resources_prbt_pg70_support:/home/jone/ws_moveit/install/moveit_resources_prbt_moveit_config:/home/jone/ws_moveit/install/moveit_ros_move_group:/home/jone/ws_moveit/install/moveit_planners_ompl:/home/jone/ws_moveit/install/moveit_ros_planning:/home/jone/ws_moveit/install/moveit_ros_occupancy_map_monitor:/home/jone/ws_moveit/install/moveit_resources_prbt_ikfast_manipulator_plugin:/home/jone/ws_moveit/install/moveit_planners_chomp:/home/jone/ws_moveit/install/moveit_kinematics:/home/jone/ws_moveit/install/moveit_chomp_optimizer_adapter:/home/jone/ws_moveit/install/chomp_motion_planner:/home/jone/ws_moveit/install/moveit_core:/home/jone/ws_moveit/install/srdfdom:/home/jone/ws_moveit/install/rviz_marker_tools:/home/jone/ws_moveit/install/rosparam_shortcuts:/home/jone/ws_moveit/install/moveit_task_constructor_msgs:/home/jone/ws_moveit/install/moveit_resources_prbt_support:/home/jone/ws_moveit/install/moveit_resources:/home/jone/ws_moveit/install/moveit_resources_pr2_description:/home/jone/ws_moveit/install/moveit_resources_panda_moveit_config:/home/jone/ws_moveit/install/moveit_resources_fanuc_moveit_config:/home/jone/ws_moveit/install/moveit_resources_fanuc_description:/home/jone/ws_moveit/install/moveit_common:/home/jone/ws_moveit/install/moveit_configs_utils:/home/jone/ws_moveit/install/launch_param_builder:/opt/ros/humble /usr/bin/cmake --build /home/jone/ws_moveit/build/moveit_resources_panda_moveit_config -- -j16 -l16
[4.092s] DEBUG:colcon.colcon_core.event_handler.log_command:Invoked command in '/home/jone/ws_moveit/build/moveit_resources_panda_moveit_config' returned '0': CMAKE_PREFIX_PATH=/home/jone/ws_moveit/install/moveit_resources_panda_description:/home/jone/ws_moveit/install/pilz_industrial_motion_planner_testutils:/home/jone/ws_moveit/install/moveit_runtime:/home/jone/ws_moveit/install/moveit2_tutorials:/home/jone/ws_moveit/install/moveit:/home/jone/ws_moveit/install/moveit_planners:/home/jone/ws_moveit/install/pilz_industrial_motion_planner:/home/jone/ws_moveit/install/moveit_visual_tools:/home/jone/ws_moveit/install/moveit_task_constructor_visualization:/home/jone/ws_moveit/install/moveit_task_constructor_demo:/home/jone/ws_moveit/install/moveit_task_constructor_capabilities:/home/jone/ws_moveit/install/moveit_task_constructor_core:/home/jone/ws_moveit/install/moveit_ros_control_interface:/home/jone/ws_moveit/install/moveit_plugins:/home/jone/ws_moveit/install/moveit_simple_controller_manager:/home/jone/ws_moveit/install/moveit_setup_assistant:/home/jone/ws_moveit/install/moveit_setup_srdf_plugins:/home/jone/ws_moveit/install/moveit_setup_core_plugins:/home/jone/ws_moveit/install/moveit_setup_controllers:/home/jone/ws_moveit/install/moveit_setup_app_plugins:/home/jone/ws_moveit/install/moveit_setup_framework:/home/jone/ws_moveit/install/moveit_servo:/home/jone/ws_moveit/install/moveit_ros:/home/jone/ws_moveit/install/moveit_ros_visualization:/home/jone/ws_moveit/install/moveit_hybrid_planning:/home/jone/ws_moveit/install/moveit_ros_planning_interface:/home/jone/ws_moveit/install/moveit_ros_benchmarks:/home/jone/ws_moveit/install/moveit_ros_warehouse:/home/jone/ws_moveit/install/moveit_ros_robot_interaction:/home/jone/ws_moveit/install/moveit_ros_perception:/home/jone/ws_moveit/install/moveit_resources_prbt_pg70_support:/home/jone/ws_moveit/install/moveit_resources_prbt_moveit_config:/home/jone/ws_moveit/install/moveit_ros_move_group:/home/jone/ws_moveit/install/moveit_planners_ompl:/home/jone/ws_moveit/install/moveit_ros_planning:/home/jone/ws_moveit/install/moveit_ros_occupancy_map_monitor:/home/jone/ws_moveit/install/moveit_resources_prbt_ikfast_manipulator_plugin:/home/jone/ws_moveit/install/moveit_planners_chomp:/home/jone/ws_moveit/install/moveit_kinematics:/home/jone/ws_moveit/install/moveit_chomp_optimizer_adapter:/home/jone/ws_moveit/install/chomp_motion_planner:/home/jone/ws_moveit/install/moveit_core:/home/jone/ws_moveit/install/srdfdom:/home/jone/ws_moveit/install/rviz_marker_tools:/home/jone/ws_moveit/install/rosparam_shortcuts:/home/jone/ws_moveit/install/moveit_task_constructor_msgs:/home/jone/ws_moveit/install/moveit_resources_prbt_support:/home/jone/ws_moveit/install/moveit_resources:/home/jone/ws_moveit/install/moveit_resources_pr2_description:/home/jone/ws_moveit/install/moveit_resources_panda_moveit_config:/home/jone/ws_moveit/install/moveit_resources_fanuc_moveit_config:/home/jone/ws_moveit/install/moveit_resources_fanuc_description:/home/jone/ws_moveit/install/moveit_common:/home/jone/ws_moveit/install/moveit_configs_utils:/home/jone/ws_moveit/install/launch_param_builder:/opt/ros/humble /usr/bin/cmake --build /home/jone/ws_moveit/build/moveit_resources_panda_moveit_config -- -j16 -l16
[4.095s] DEBUG:colcon.colcon_core.event_handler.log_command:Invoking command in '/home/jone/ws_moveit/build/moveit_resources_panda_moveit_config': CMAKE_PREFIX_PATH=/home/jone/ws_moveit/install/moveit_resources_panda_description:/home/jone/ws_moveit/install/pilz_industrial_motion_planner_testutils:/home/jone/ws_moveit/install/moveit_runtime:/home/jone/ws_moveit/install/moveit2_tutorials:/home/jone/ws_moveit/install/moveit:/home/jone/ws_moveit/install/moveit_planners:/home/jone/ws_moveit/install/pilz_industrial_motion_planner:/home/jone/ws_moveit/install/moveit_visual_tools:/home/jone/ws_moveit/install/moveit_task_constructor_visualization:/home/jone/ws_moveit/install/moveit_task_constructor_demo:/home/jone/ws_moveit/install/moveit_task_constructor_capabilities:/home/jone/ws_moveit/install/moveit_task_constructor_core:/home/jone/ws_moveit/install/moveit_ros_control_interface:/home/jone/ws_moveit/install/moveit_plugins:/home/jone/ws_moveit/install/moveit_simple_controller_manager:/home/jone/ws_moveit/install/moveit_setup_assistant:/home/jone/ws_moveit/install/moveit_setup_srdf_plugins:/home/jone/ws_moveit/install/moveit_setup_core_plugins:/home/jone/ws_moveit/install/moveit_setup_controllers:/home/jone/ws_moveit/install/moveit_setup_app_plugins:/home/jone/ws_moveit/install/moveit_setup_framework:/home/jone/ws_moveit/install/moveit_servo:/home/jone/ws_moveit/install/moveit_ros:/home/jone/ws_moveit/install/moveit_ros_visualization:/home/jone/ws_moveit/install/moveit_hybrid_planning:/home/jone/ws_moveit/install/moveit_ros_planning_interface:/home/jone/ws_moveit/install/moveit_ros_benchmarks:/home/jone/ws_moveit/install/moveit_ros_warehouse:/home/jone/ws_moveit/install/moveit_ros_robot_interaction:/home/jone/ws_moveit/install/moveit_ros_perception:/home/jone/ws_moveit/install/moveit_resources_prbt_pg70_support:/home/jone/ws_moveit/install/moveit_resources_prbt_moveit_config:/home/jone/ws_moveit/install/moveit_ros_move_group:/home/jone/ws_moveit/install/moveit_planners_ompl:/home/jone/ws_moveit/install/moveit_ros_planning:/home/jone/ws_moveit/install/moveit_ros_occupancy_map_monitor:/home/jone/ws_moveit/install/moveit_resources_prbt_ikfast_manipulator_plugin:/home/jone/ws_moveit/install/moveit_planners_chomp:/home/jone/ws_moveit/install/moveit_kinematics:/home/jone/ws_moveit/install/moveit_chomp_optimizer_adapter:/home/jone/ws_moveit/install/chomp_motion_planner:/home/jone/ws_moveit/install/moveit_core:/home/jone/ws_moveit/install/srdfdom:/home/jone/ws_moveit/install/rviz_marker_tools:/home/jone/ws_moveit/install/rosparam_shortcuts:/home/jone/ws_moveit/install/moveit_task_constructor_msgs:/home/jone/ws_moveit/install/moveit_resources_prbt_support:/home/jone/ws_moveit/install/moveit_resources:/home/jone/ws_moveit/install/moveit_resources_pr2_description:/home/jone/ws_moveit/install/moveit_resources_panda_moveit_config:/home/jone/ws_moveit/install/moveit_resources_fanuc_moveit_config:/home/jone/ws_moveit/install/moveit_resources_fanuc_description:/home/jone/ws_moveit/install/moveit_common:/home/jone/ws_moveit/install/moveit_configs_utils:/home/jone/ws_moveit/install/launch_param_builder:/opt/ros/humble /usr/bin/cmake --install /home/jone/ws_moveit/build/moveit_resources_panda_moveit_config
[4.109s] Level 1:colcon.colcon_core.environment:create_environment_scripts_only(moveit_resources_panda_moveit_config)
[4.110s] Level 1:colcon.colcon_core.environment:checking '/home/jone/ws_moveit/install/moveit_resources_panda_moveit_config' for CMake module files
[4.110s] DEBUG:colcon.colcon_core.event_handler.log_command:Invoked command in '/home/jone/ws_moveit/build/moveit_resources_panda_moveit_config' returned '0': CMAKE_PREFIX_PATH=/home/jone/ws_moveit/install/moveit_resources_panda_description:/home/jone/ws_moveit/install/pilz_industrial_motion_planner_testutils:/home/jone/ws_moveit/install/moveit_runtime:/home/jone/ws_moveit/install/moveit2_tutorials:/home/jone/ws_moveit/install/moveit:/home/jone/ws_moveit/install/moveit_planners:/home/jone/ws_moveit/install/pilz_industrial_motion_planner:/home/jone/ws_moveit/install/moveit_visual_tools:/home/jone/ws_moveit/install/moveit_task_constructor_visualization:/home/jone/ws_moveit/install/moveit_task_constructor_demo:/home/jone/ws_moveit/install/moveit_task_constructor_capabilities:/home/jone/ws_moveit/install/moveit_task_constructor_core:/home/jone/ws_moveit/install/moveit_ros_control_interface:/home/jone/ws_moveit/install/moveit_plugins:/home/jone/ws_moveit/install/moveit_simple_controller_manager:/home/jone/ws_moveit/install/moveit_setup_assistant:/home/jone/ws_moveit/install/moveit_setup_srdf_plugins:/home/jone/ws_moveit/install/moveit_setup_core_plugins:/home/jone/ws_moveit/install/moveit_setup_controllers:/home/jone/ws_moveit/install/moveit_setup_app_plugins:/home/jone/ws_moveit/install/moveit_setup_framework:/home/jone/ws_moveit/install/moveit_servo:/home/jone/ws_moveit/install/moveit_ros:/home/jone/ws_moveit/install/moveit_ros_visualization:/home/jone/ws_moveit/install/moveit_hybrid_planning:/home/jone/ws_moveit/install/moveit_ros_planning_interface:/home/jone/ws_moveit/install/moveit_ros_benchmarks:/home/jone/ws_moveit/install/moveit_ros_warehouse:/home/jone/ws_moveit/install/moveit_ros_robot_interaction:/home/jone/ws_moveit/install/moveit_ros_perception:/home/jone/ws_moveit/install/moveit_resources_prbt_pg70_support:/home/jone/ws_moveit/install/moveit_resources_prbt_moveit_config:/home/jone/ws_moveit/install/moveit_ros_move_group:/home/jone/ws_moveit/install/moveit_planners_ompl:/home/jone/ws_moveit/install/moveit_ros_planning:/home/jone/ws_moveit/install/moveit_ros_occupancy_map_monitor:/home/jone/ws_moveit/install/moveit_resources_prbt_ikfast_manipulator_plugin:/home/jone/ws_moveit/install/moveit_planners_chomp:/home/jone/ws_moveit/install/moveit_kinematics:/home/jone/ws_moveit/install/moveit_chomp_optimizer_adapter:/home/jone/ws_moveit/install/chomp_motion_planner:/home/jone/ws_moveit/install/moveit_core:/home/jone/ws_moveit/install/srdfdom:/home/jone/ws_moveit/install/rviz_marker_tools:/home/jone/ws_moveit/install/rosparam_shortcuts:/home/jone/ws_moveit/install/moveit_task_constructor_msgs:/home/jone/ws_moveit/install/moveit_resources_prbt_support:/home/jone/ws_moveit/install/moveit_resources:/home/jone/ws_moveit/install/moveit_resources_pr2_description:/home/jone/ws_moveit/install/moveit_resources_panda_moveit_config:/home/jone/ws_moveit/install/moveit_resources_fanuc_moveit_config:/home/jone/ws_moveit/install/moveit_resources_fanuc_description:/home/jone/ws_moveit/install/moveit_common:/home/jone/ws_moveit/install/moveit_configs_utils:/home/jone/ws_moveit/install/launch_param_builder:/opt/ros/humble /usr/bin/cmake --install /home/jone/ws_moveit/build/moveit_resources_panda_moveit_config
[4.110s] Level 1:colcon.colcon_core.environment:checking '/home/jone/ws_moveit/install/moveit_resources_panda_moveit_config' for CMake config files
[4.110s] Level 1:colcon.colcon_core.shell:create_environment_hook('moveit_resources_panda_moveit_config', 'cmake_prefix_path')
[4.110s] INFO:colcon.colcon_core.shell:Creating environment hook '/home/jone/ws_moveit/install/moveit_resources_panda_moveit_config/share/moveit_resources_panda_moveit_config/hook/cmake_prefix_path.ps1'
[4.111s] INFO:colcon.colcon_core.shell:Creating environment descriptor '/home/jone/ws_moveit/install/moveit_resources_panda_moveit_config/share/moveit_resources_panda_moveit_config/hook/cmake_prefix_path.dsv'
[4.111s] INFO:colcon.colcon_core.shell:Creating environment hook '/home/jone/ws_moveit/install/moveit_resources_panda_moveit_config/share/moveit_resources_panda_moveit_config/hook/cmake_prefix_path.sh'
[4.112s] Level 1:colcon.colcon_core.environment:checking '/home/jone/ws_moveit/install/moveit_resources_panda_moveit_config/bin'
[4.112s] Level 1:colcon.colcon_core.environment:checking '/home/jone/ws_moveit/install/moveit_resources_panda_moveit_config/lib/pkgconfig/moveit_resources_panda_moveit_config.pc'
[4.112s] Level 1:colcon.colcon_core.environment:checking '/home/jone/ws_moveit/install/moveit_resources_panda_moveit_config/lib/python3.10/site-packages'
[4.112s] Level 1:colcon.colcon_core.environment:checking '/home/jone/ws_moveit/install/moveit_resources_panda_moveit_config/bin'
[4.112s] INFO:colcon.colcon_core.shell:Creating package script '/home/jone/ws_moveit/install/moveit_resources_panda_moveit_config/share/moveit_resources_panda_moveit_config/package.ps1'
[4.112s] INFO:colcon.colcon_core.shell:Creating package descriptor '/home/jone/ws_moveit/install/moveit_resources_panda_moveit_config/share/moveit_resources_panda_moveit_config/package.dsv'
[4.113s] INFO:colcon.colcon_core.shell:Creating package script '/home/jone/ws_moveit/install/moveit_resources_panda_moveit_config/share/moveit_resources_panda_moveit_config/package.sh'
[4.113s] INFO:colcon.colcon_core.shell:Creating package script '/home/jone/ws_moveit/install/moveit_resources_panda_moveit_config/share/moveit_resources_panda_moveit_config/package.bash'
[4.113s] INFO:colcon.colcon_core.shell:Creating package script '/home/jone/ws_moveit/install/moveit_resources_panda_moveit_config/share/moveit_resources_panda_moveit_config/package.zsh'
[4.114s] Level 1:colcon.colcon_core.environment:create_file_with_runtime_dependencies(/home/jone/ws_moveit/install/moveit_resources_panda_moveit_config/share/colcon-core/packages/moveit_resources_panda_moveit_config)
[4.114s] Level 1:colcon.colcon_core.environment:create_environment_scripts_only(moveit_resources_panda_moveit_config)
[4.114s] Level 1:colcon.colcon_core.environment:checking '/home/jone/ws_moveit/install/moveit_resources_panda_moveit_config' for CMake module files
[4.115s] Level 1:colcon.colcon_core.environment:checking '/home/jone/ws_moveit/install/moveit_resources_panda_moveit_config' for CMake config files
[4.115s] Level 1:colcon.colcon_core.shell:create_environment_hook('moveit_resources_panda_moveit_config', 'cmake_prefix_path')
[4.115s] INFO:colcon.colcon_core.shell:Creating environment hook '/home/jone/ws_moveit/install/moveit_resources_panda_moveit_config/share/moveit_resources_panda_moveit_config/hook/cmake_prefix_path.ps1'
[4.115s] INFO:colcon.colcon_core.shell:Creating environment descriptor '/home/jone/ws_moveit/install/moveit_resources_panda_moveit_config/share/moveit_resources_panda_moveit_config/hook/cmake_prefix_path.dsv'
[4.115s] INFO:colcon.colcon_core.shell:Creating environment hook '/home/jone/ws_moveit/install/moveit_resources_panda_moveit_config/share/moveit_resources_panda_moveit_config/hook/cmake_prefix_path.sh'
[4.116s] Level 1:colcon.colcon_core.environment:checking '/home/jone/ws_moveit/install/moveit_resources_panda_moveit_config/bin'
[4.116s] Level 1:colcon.colcon_core.environment:checking '/home/jone/ws_moveit/install/moveit_resources_panda_moveit_config/lib/pkgconfig/moveit_resources_panda_moveit_config.pc'
[4.116s] Level 1:colcon.colcon_core.environment:checking '/home/jone/ws_moveit/install/moveit_resources_panda_moveit_config/lib/python3.10/site-packages'
[4.116s] Level 1:colcon.colcon_core.environment:checking '/home/jone/ws_moveit/install/moveit_resources_panda_moveit_config/bin'
[4.116s] INFO:colcon.colcon_core.shell:Creating package script '/home/jone/ws_moveit/install/moveit_resources_panda_moveit_config/share/moveit_resources_panda_moveit_config/package.ps1'
[4.117s] INFO:colcon.colcon_core.shell:Creating package descriptor '/home/jone/ws_moveit/install/moveit_resources_panda_moveit_config/share/moveit_resources_panda_moveit_config/package.dsv'
[4.117s] INFO:colcon.colcon_core.shell:Creating package script '/home/jone/ws_moveit/install/moveit_resources_panda_moveit_config/share/moveit_resources_panda_moveit_config/package.sh'
[4.117s] INFO:colcon.colcon_core.shell:Creating package script '/home/jone/ws_moveit/install/moveit_resources_panda_moveit_config/share/moveit_resources_panda_moveit_config/package.bash'
[4.118s] INFO:colcon.colcon_core.shell:Creating package script '/home/jone/ws_moveit/install/moveit_resources_panda_moveit_config/share/moveit_resources_panda_moveit_config/package.zsh'
[4.118s] Level 1:colcon.colcon_core.environment:create_file_with_runtime_dependencies(/home/jone/ws_moveit/install/moveit_resources_panda_moveit_config/share/colcon-core/packages/moveit_resources_panda_moveit_config)
[4.118s] DEBUG:colcon.colcon_core.executor.sequential:run_until_complete 'moveit_resources_panda_moveit_config' finished with '0'
[4.118s] DEBUG:colcon.colcon_core.executor.sequential:run_until_complete 'rviz_marker_tools'
[4.118s] INFO:colcon.colcon_ros.task.ament_cmake.build:Building ROS package in '/home/jone/ws_moveit/src/moveit_task_constructor/rviz_marker_tools' with build type 'ament_cmake'
[4.118s] INFO:colcon.colcon_cmake.task.cmake.build:Building CMake package in '/home/jone/ws_moveit/src/moveit_task_constructor/rviz_marker_tools'
[4.118s] INFO:colcon.colcon_core.shell:Skip shell extension 'powershell' for command environment: Not usable outside of PowerShell
[4.119s] DEBUG:colcon.colcon_core.shell:Skip shell extension 'dsv' for command environment
[4.132s] DEBUG:colcon.colcon_core.event_handler.log_command:Invoking command in '/home/jone/ws_moveit/build/rviz_marker_tools': CMAKE_PREFIX_PATH=/home/jone/ws_moveit/install/moveit_common:/home/jone/ws_moveit/install/pilz_industrial_motion_planner_testutils:/home/jone/ws_moveit/install/moveit_runtime:/home/jone/ws_moveit/install/moveit2_tutorials:/home/jone/ws_moveit/install/moveit:/home/jone/ws_moveit/install/moveit_planners:/home/jone/ws_moveit/install/pilz_industrial_motion_planner:/home/jone/ws_moveit/install/moveit_visual_tools:/home/jone/ws_moveit/install/moveit_task_constructor_visualization:/home/jone/ws_moveit/install/moveit_task_constructor_demo:/home/jone/ws_moveit/install/moveit_task_constructor_capabilities:/home/jone/ws_moveit/install/moveit_task_constructor_core:/home/jone/ws_moveit/install/moveit_ros_control_interface:/home/jone/ws_moveit/install/moveit_plugins:/home/jone/ws_moveit/install/moveit_simple_controller_manager:/home/jone/ws_moveit/install/moveit_setup_assistant:/home/jone/ws_moveit/install/moveit_setup_srdf_plugins:/home/jone/ws_moveit/install/moveit_setup_core_plugins:/home/jone/ws_moveit/install/moveit_setup_controllers:/home/jone/ws_moveit/install/moveit_setup_app_plugins:/home/jone/ws_moveit/install/moveit_setup_framework:/home/jone/ws_moveit/install/moveit_servo:/home/jone/ws_moveit/install/moveit_ros:/home/jone/ws_moveit/install/moveit_ros_visualization:/home/jone/ws_moveit/install/moveit_hybrid_planning:/home/jone/ws_moveit/install/moveit_ros_planning_interface:/home/jone/ws_moveit/install/moveit_ros_benchmarks:/home/jone/ws_moveit/install/moveit_ros_warehouse:/home/jone/ws_moveit/install/moveit_ros_robot_interaction:/home/jone/ws_moveit/install/moveit_ros_perception:/home/jone/ws_moveit/install/moveit_resources_prbt_pg70_support:/home/jone/ws_moveit/install/moveit_resources_prbt_moveit_config:/home/jone/ws_moveit/install/moveit_ros_move_group:/home/jone/ws_moveit/install/moveit_planners_ompl:/home/jone/ws_moveit/install/moveit_ros_planning:/home/jone/ws_moveit/install/moveit_ros_occupancy_map_monitor:/home/jone/ws_moveit/install/moveit_resources_prbt_ikfast_manipulator_plugin:/home/jone/ws_moveit/install/moveit_planners_chomp:/home/jone/ws_moveit/install/moveit_kinematics:/home/jone/ws_moveit/install/moveit_chomp_optimizer_adapter:/home/jone/ws_moveit/install/chomp_motion_planner:/home/jone/ws_moveit/install/moveit_core:/home/jone/ws_moveit/install/srdfdom:/home/jone/ws_moveit/install/rviz_marker_tools:/home/jone/ws_moveit/install/rosparam_shortcuts:/home/jone/ws_moveit/install/moveit_task_constructor_msgs:/home/jone/ws_moveit/install/moveit_resources_prbt_support:/home/jone/ws_moveit/install/moveit_resources:/home/jone/ws_moveit/install/moveit_resources_pr2_description:/home/jone/ws_moveit/install/moveit_resources_panda_moveit_config:/home/jone/ws_moveit/install/moveit_resources_panda_description:/home/jone/ws_moveit/install/moveit_resources_fanuc_moveit_config:/home/jone/ws_moveit/install/moveit_resources_fanuc_description:/home/jone/ws_moveit/install/moveit_configs_utils:/home/jone/ws_moveit/install/launch_param_builder:/opt/ros/humble /usr/bin/cmake --build /home/jone/ws_moveit/build/rviz_marker_tools -- -j16 -l16
[4.228s] DEBUG:colcon.colcon_core.event_handler.log_command:Invoked command in '/home/jone/ws_moveit/build/rviz_marker_tools' returned '0': CMAKE_PREFIX_PATH=/home/jone/ws_moveit/install/moveit_common:/home/jone/ws_moveit/install/pilz_industrial_motion_planner_testutils:/home/jone/ws_moveit/install/moveit_runtime:/home/jone/ws_moveit/install/moveit2_tutorials:/home/jone/ws_moveit/install/moveit:/home/jone/ws_moveit/install/moveit_planners:/home/jone/ws_moveit/install/pilz_industrial_motion_planner:/home/jone/ws_moveit/install/moveit_visual_tools:/home/jone/ws_moveit/install/moveit_task_constructor_visualization:/home/jone/ws_moveit/install/moveit_task_constructor_demo:/home/jone/ws_moveit/install/moveit_task_constructor_capabilities:/home/jone/ws_moveit/install/moveit_task_constructor_core:/home/jone/ws_moveit/install/moveit_ros_control_interface:/home/jone/ws_moveit/install/moveit_plugins:/home/jone/ws_moveit/install/moveit_simple_controller_manager:/home/jone/ws_moveit/install/moveit_setup_assistant:/home/jone/ws_moveit/install/moveit_setup_srdf_plugins:/home/jone/ws_moveit/install/moveit_setup_core_plugins:/home/jone/ws_moveit/install/moveit_setup_controllers:/home/jone/ws_moveit/install/moveit_setup_app_plugins:/home/jone/ws_moveit/install/moveit_setup_framework:/home/jone/ws_moveit/install/moveit_servo:/home/jone/ws_moveit/install/moveit_ros:/home/jone/ws_moveit/install/moveit_ros_visualization:/home/jone/ws_moveit/install/moveit_hybrid_planning:/home/jone/ws_moveit/install/moveit_ros_planning_interface:/home/jone/ws_moveit/install/moveit_ros_benchmarks:/home/jone/ws_moveit/install/moveit_ros_warehouse:/home/jone/ws_moveit/install/moveit_ros_robot_interaction:/home/jone/ws_moveit/install/moveit_ros_perception:/home/jone/ws_moveit/install/moveit_resources_prbt_pg70_support:/home/jone/ws_moveit/install/moveit_resources_prbt_moveit_config:/home/jone/ws_moveit/install/moveit_ros_move_group:/home/jone/ws_moveit/install/moveit_planners_ompl:/home/jone/ws_moveit/install/moveit_ros_planning:/home/jone/ws_moveit/install/moveit_ros_occupancy_map_monitor:/home/jone/ws_moveit/install/moveit_resources_prbt_ikfast_manipulator_plugin:/home/jone/ws_moveit/install/moveit_planners_chomp:/home/jone/ws_moveit/install/moveit_kinematics:/home/jone/ws_moveit/install/moveit_chomp_optimizer_adapter:/home/jone/ws_moveit/install/chomp_motion_planner:/home/jone/ws_moveit/install/moveit_core:/home/jone/ws_moveit/install/srdfdom:/home/jone/ws_moveit/install/rviz_marker_tools:/home/jone/ws_moveit/install/rosparam_shortcuts:/home/jone/ws_moveit/install/moveit_task_constructor_msgs:/home/jone/ws_moveit/install/moveit_resources_prbt_support:/home/jone/ws_moveit/install/moveit_resources:/home/jone/ws_moveit/install/moveit_resources_pr2_description:/home/jone/ws_moveit/install/moveit_resources_panda_moveit_config:/home/jone/ws_moveit/install/moveit_resources_panda_description:/home/jone/ws_moveit/install/moveit_resources_fanuc_moveit_config:/home/jone/ws_moveit/install/moveit_resources_fanuc_description:/home/jone/ws_moveit/install/moveit_configs_utils:/home/jone/ws_moveit/install/launch_param_builder:/opt/ros/humble /usr/bin/cmake --build /home/jone/ws_moveit/build/rviz_marker_tools -- -j16 -l16
[4.231s] DEBUG:colcon.colcon_core.event_handler.log_command:Invoking command in '/home/jone/ws_moveit/build/rviz_marker_tools': CMAKE_PREFIX_PATH=/home/jone/ws_moveit/install/moveit_common:/home/jone/ws_moveit/install/pilz_industrial_motion_planner_testutils:/home/jone/ws_moveit/install/moveit_runtime:/home/jone/ws_moveit/install/moveit2_tutorials:/home/jone/ws_moveit/install/moveit:/home/jone/ws_moveit/install/moveit_planners:/home/jone/ws_moveit/install/pilz_industrial_motion_planner:/home/jone/ws_moveit/install/moveit_visual_tools:/home/jone/ws_moveit/install/moveit_task_constructor_visualization:/home/jone/ws_moveit/install/moveit_task_constructor_demo:/home/jone/ws_moveit/install/moveit_task_constructor_capabilities:/home/jone/ws_moveit/install/moveit_task_constructor_core:/home/jone/ws_moveit/install/moveit_ros_control_interface:/home/jone/ws_moveit/install/moveit_plugins:/home/jone/ws_moveit/install/moveit_simple_controller_manager:/home/jone/ws_moveit/install/moveit_setup_assistant:/home/jone/ws_moveit/install/moveit_setup_srdf_plugins:/home/jone/ws_moveit/install/moveit_setup_core_plugins:/home/jone/ws_moveit/install/moveit_setup_controllers:/home/jone/ws_moveit/install/moveit_setup_app_plugins:/home/jone/ws_moveit/install/moveit_setup_framework:/home/jone/ws_moveit/install/moveit_servo:/home/jone/ws_moveit/install/moveit_ros:/home/jone/ws_moveit/install/moveit_ros_visualization:/home/jone/ws_moveit/install/moveit_hybrid_planning:/home/jone/ws_moveit/install/moveit_ros_planning_interface:/home/jone/ws_moveit/install/moveit_ros_benchmarks:/home/jone/ws_moveit/install/moveit_ros_warehouse:/home/jone/ws_moveit/install/moveit_ros_robot_interaction:/home/jone/ws_moveit/install/moveit_ros_perception:/home/jone/ws_moveit/install/moveit_resources_prbt_pg70_support:/home/jone/ws_moveit/install/moveit_resources_prbt_moveit_config:/home/jone/ws_moveit/install/moveit_ros_move_group:/home/jone/ws_moveit/install/moveit_planners_ompl:/home/jone/ws_moveit/install/moveit_ros_planning:/home/jone/ws_moveit/install/moveit_ros_occupancy_map_monitor:/home/jone/ws_moveit/install/moveit_resources_prbt_ikfast_manipulator_plugin:/home/jone/ws_moveit/install/moveit_planners_chomp:/home/jone/ws_moveit/install/moveit_kinematics:/home/jone/ws_moveit/install/moveit_chomp_optimizer_adapter:/home/jone/ws_moveit/install/chomp_motion_planner:/home/jone/ws_moveit/install/moveit_core:/home/jone/ws_moveit/install/srdfdom:/home/jone/ws_moveit/install/rviz_marker_tools:/home/jone/ws_moveit/install/rosparam_shortcuts:/home/jone/ws_moveit/install/moveit_task_constructor_msgs:/home/jone/ws_moveit/install/moveit_resources_prbt_support:/home/jone/ws_moveit/install/moveit_resources:/home/jone/ws_moveit/install/moveit_resources_pr2_description:/home/jone/ws_moveit/install/moveit_resources_panda_moveit_config:/home/jone/ws_moveit/install/moveit_resources_panda_description:/home/jone/ws_moveit/install/moveit_resources_fanuc_moveit_config:/home/jone/ws_moveit/install/moveit_resources_fanuc_description:/home/jone/ws_moveit/install/moveit_configs_utils:/home/jone/ws_moveit/install/launch_param_builder:/opt/ros/humble /usr/bin/cmake --install /home/jone/ws_moveit/build/rviz_marker_tools
[4.247s] Level 1:colcon.colcon_core.environment:create_environment_scripts_only(rviz_marker_tools)
[4.247s] Level 1:colcon.colcon_core.environment:checking '/home/jone/ws_moveit/install/rviz_marker_tools' for CMake module files
[4.247s] DEBUG:colcon.colcon_core.event_handler.log_command:Invoked command in '/home/jone/ws_moveit/build/rviz_marker_tools' returned '0': CMAKE_PREFIX_PATH=/home/jone/ws_moveit/install/moveit_common:/home/jone/ws_moveit/install/pilz_industrial_motion_planner_testutils:/home/jone/ws_moveit/install/moveit_runtime:/home/jone/ws_moveit/install/moveit2_tutorials:/home/jone/ws_moveit/install/moveit:/home/jone/ws_moveit/install/moveit_planners:/home/jone/ws_moveit/install/pilz_industrial_motion_planner:/home/jone/ws_moveit/install/moveit_visual_tools:/home/jone/ws_moveit/install/moveit_task_constructor_visualization:/home/jone/ws_moveit/install/moveit_task_constructor_demo:/home/jone/ws_moveit/install/moveit_task_constructor_capabilities:/home/jone/ws_moveit/install/moveit_task_constructor_core:/home/jone/ws_moveit/install/moveit_ros_control_interface:/home/jone/ws_moveit/install/moveit_plugins:/home/jone/ws_moveit/install/moveit_simple_controller_manager:/home/jone/ws_moveit/install/moveit_setup_assistant:/home/jone/ws_moveit/install/moveit_setup_srdf_plugins:/home/jone/ws_moveit/install/moveit_setup_core_plugins:/home/jone/ws_moveit/install/moveit_setup_controllers:/home/jone/ws_moveit/install/moveit_setup_app_plugins:/home/jone/ws_moveit/install/moveit_setup_framework:/home/jone/ws_moveit/install/moveit_servo:/home/jone/ws_moveit/install/moveit_ros:/home/jone/ws_moveit/install/moveit_ros_visualization:/home/jone/ws_moveit/install/moveit_hybrid_planning:/home/jone/ws_moveit/install/moveit_ros_planning_interface:/home/jone/ws_moveit/install/moveit_ros_benchmarks:/home/jone/ws_moveit/install/moveit_ros_warehouse:/home/jone/ws_moveit/install/moveit_ros_robot_interaction:/home/jone/ws_moveit/install/moveit_ros_perception:/home/jone/ws_moveit/install/moveit_resources_prbt_pg70_support:/home/jone/ws_moveit/install/moveit_resources_prbt_moveit_config:/home/jone/ws_moveit/install/moveit_ros_move_group:/home/jone/ws_moveit/install/moveit_planners_ompl:/home/jone/ws_moveit/install/moveit_ros_planning:/home/jone/ws_moveit/install/moveit_ros_occupancy_map_monitor:/home/jone/ws_moveit/install/moveit_resources_prbt_ikfast_manipulator_plugin:/home/jone/ws_moveit/install/moveit_planners_chomp:/home/jone/ws_moveit/install/moveit_kinematics:/home/jone/ws_moveit/install/moveit_chomp_optimizer_adapter:/home/jone/ws_moveit/install/chomp_motion_planner:/home/jone/ws_moveit/install/moveit_core:/home/jone/ws_moveit/install/srdfdom:/home/jone/ws_moveit/install/rviz_marker_tools:/home/jone/ws_moveit/install/rosparam_shortcuts:/home/jone/ws_moveit/install/moveit_task_constructor_msgs:/home/jone/ws_moveit/install/moveit_resources_prbt_support:/home/jone/ws_moveit/install/moveit_resources:/home/jone/ws_moveit/install/moveit_resources_pr2_description:/home/jone/ws_moveit/install/moveit_resources_panda_moveit_config:/home/jone/ws_moveit/install/moveit_resources_panda_description:/home/jone/ws_moveit/install/moveit_resources_fanuc_moveit_config:/home/jone/ws_moveit/install/moveit_resources_fanuc_description:/home/jone/ws_moveit/install/moveit_configs_utils:/home/jone/ws_moveit/install/launch_param_builder:/opt/ros/humble /usr/bin/cmake --install /home/jone/ws_moveit/build/rviz_marker_tools
[4.248s] Level 1:colcon.colcon_core.environment:checking '/home/jone/ws_moveit/install/rviz_marker_tools' for CMake config files
[4.248s] Level 1:colcon.colcon_core.shell:create_environment_hook('rviz_marker_tools', 'cmake_prefix_path')
[4.248s] INFO:colcon.colcon_core.shell:Creating environment hook '/home/jone/ws_moveit/install/rviz_marker_tools/share/rviz_marker_tools/hook/cmake_prefix_path.ps1'
[4.248s] INFO:colcon.colcon_core.shell:Creating environment descriptor '/home/jone/ws_moveit/install/rviz_marker_tools/share/rviz_marker_tools/hook/cmake_prefix_path.dsv'
[4.249s] INFO:colcon.colcon_core.shell:Creating environment hook '/home/jone/ws_moveit/install/rviz_marker_tools/share/rviz_marker_tools/hook/cmake_prefix_path.sh'
[4.249s] Level 1:colcon.colcon_core.environment:checking '/home/jone/ws_moveit/install/rviz_marker_tools/lib'
[4.249s] Level 1:colcon.colcon_core.shell:create_environment_hook('rviz_marker_tools', 'ld_library_path_lib')
[4.249s] INFO:colcon.colcon_core.shell:Creating environment hook '/home/jone/ws_moveit/install/rviz_marker_tools/share/rviz_marker_tools/hook/ld_library_path_lib.ps1'
[4.250s] INFO:colcon.colcon_core.shell:Creating environment descriptor '/home/jone/ws_moveit/install/rviz_marker_tools/share/rviz_marker_tools/hook/ld_library_path_lib.dsv'
[4.250s] INFO:colcon.colcon_core.shell:Creating environment hook '/home/jone/ws_moveit/install/rviz_marker_tools/share/rviz_marker_tools/hook/ld_library_path_lib.sh'
[4.250s] Level 1:colcon.colcon_core.environment:checking '/home/jone/ws_moveit/install/rviz_marker_tools/bin'
[4.250s] Level 1:colcon.colcon_core.environment:checking '/home/jone/ws_moveit/install/rviz_marker_tools/lib/pkgconfig/rviz_marker_tools.pc'
[4.250s] Level 1:colcon.colcon_core.environment:checking '/home/jone/ws_moveit/install/rviz_marker_tools/lib/python3.10/site-packages'
[4.251s] Level 1:colcon.colcon_core.environment:checking '/home/jone/ws_moveit/install/rviz_marker_tools/bin'
[4.251s] INFO:colcon.colcon_core.shell:Creating package script '/home/jone/ws_moveit/install/rviz_marker_tools/share/rviz_marker_tools/package.ps1'
[4.251s] INFO:colcon.colcon_core.shell:Creating package descriptor '/home/jone/ws_moveit/install/rviz_marker_tools/share/rviz_marker_tools/package.dsv'
[4.251s] INFO:colcon.colcon_core.shell:Creating package script '/home/jone/ws_moveit/install/rviz_marker_tools/share/rviz_marker_tools/package.sh'
[4.252s] INFO:colcon.colcon_core.shell:Creating package script '/home/jone/ws_moveit/install/rviz_marker_tools/share/rviz_marker_tools/package.bash'
[4.252s] INFO:colcon.colcon_core.shell:Creating package script '/home/jone/ws_moveit/install/rviz_marker_tools/share/rviz_marker_tools/package.zsh'
[4.252s] Level 1:colcon.colcon_core.environment:create_file_with_runtime_dependencies(/home/jone/ws_moveit/install/rviz_marker_tools/share/colcon-core/packages/rviz_marker_tools)
[4.253s] Level 1:colcon.colcon_core.environment:create_environment_scripts_only(rviz_marker_tools)
[4.253s] Level 1:colcon.colcon_core.environment:checking '/home/jone/ws_moveit/install/rviz_marker_tools' for CMake module files
[4.253s] Level 1:colcon.colcon_core.environment:checking '/home/jone/ws_moveit/install/rviz_marker_tools' for CMake config files
[4.253s] Level 1:colcon.colcon_core.shell:create_environment_hook('rviz_marker_tools', 'cmake_prefix_path')
[4.254s] INFO:colcon.colcon_core.shell:Creating environment hook '/home/jone/ws_moveit/install/rviz_marker_tools/share/rviz_marker_tools/hook/cmake_prefix_path.ps1'
[4.254s] INFO:colcon.colcon_core.shell:Creating environment descriptor '/home/jone/ws_moveit/install/rviz_marker_tools/share/rviz_marker_tools/hook/cmake_prefix_path.dsv'
[4.254s] INFO:colcon.colcon_core.shell:Creating environment hook '/home/jone/ws_moveit/install/rviz_marker_tools/share/rviz_marker_tools/hook/cmake_prefix_path.sh'
[4.254s] Level 1:colcon.colcon_core.environment:checking '/home/jone/ws_moveit/install/rviz_marker_tools/lib'
[4.254s] Level 1:colcon.colcon_core.shell:create_environment_hook('rviz_marker_tools', 'ld_library_path_lib')
[4.255s] INFO:colcon.colcon_core.shell:Creating environment hook '/home/jone/ws_moveit/install/rviz_marker_tools/share/rviz_marker_tools/hook/ld_library_path_lib.ps1'
[4.255s] INFO:colcon.colcon_core.shell:Creating environment descriptor '/home/jone/ws_moveit/install/rviz_marker_tools/share/rviz_marker_tools/hook/ld_library_path_lib.dsv'
[4.255s] INFO:colcon.colcon_core.shell:Creating environment hook '/home/jone/ws_moveit/install/rviz_marker_tools/share/rviz_marker_tools/hook/ld_library_path_lib.sh'
[4.255s] Level 1:colcon.colcon_core.environment:checking '/home/jone/ws_moveit/install/rviz_marker_tools/bin'
[4.255s] Level 1:colcon.colcon_core.environment:checking '/home/jone/ws_moveit/install/rviz_marker_tools/lib/pkgconfig/rviz_marker_tools.pc'
[4.256s] Level 1:colcon.colcon_core.environment:checking '/home/jone/ws_moveit/install/rviz_marker_tools/lib/python3.10/site-packages'
[4.256s] Level 1:colcon.colcon_core.environment:checking '/home/jone/ws_moveit/install/rviz_marker_tools/bin'
[4.256s] INFO:colcon.colcon_core.shell:Creating package script '/home/jone/ws_moveit/install/rviz_marker_tools/share/rviz_marker_tools/package.ps1'
[4.256s] INFO:colcon.colcon_core.shell:Creating package descriptor '/home/jone/ws_moveit/install/rviz_marker_tools/share/rviz_marker_tools/package.dsv'
[4.257s] INFO:colcon.colcon_core.shell:Creating package script '/home/jone/ws_moveit/install/rviz_marker_tools/share/rviz_marker_tools/package.sh'
[4.257s] INFO:colcon.colcon_core.shell:Creating package script '/home/jone/ws_moveit/install/rviz_marker_tools/share/rviz_marker_tools/package.bash'
[4.257s] INFO:colcon.colcon_core.shell:Creating package script '/home/jone/ws_moveit/install/rviz_marker_tools/share/rviz_marker_tools/package.zsh'
[4.258s] Level 1:colcon.colcon_core.environment:create_file_with_runtime_dependencies(/home/jone/ws_moveit/install/rviz_marker_tools/share/colcon-core/packages/rviz_marker_tools)
[4.258s] DEBUG:colcon.colcon_core.executor.sequential:run_until_complete 'rviz_marker_tools' finished with '0'
[4.258s] DEBUG:colcon.colcon_core.executor.sequential:run_until_complete 'moveit_core'
[4.258s] INFO:colcon.colcon_ros.task.ament_cmake.build:Building ROS package in '/home/jone/ws_moveit/src/moveit2/moveit_core' with build type 'ament_cmake'
[4.258s] INFO:colcon.colcon_cmake.task.cmake.build:Building CMake package in '/home/jone/ws_moveit/src/moveit2/moveit_core'
[4.258s] INFO:colcon.colcon_core.shell:Skip shell extension 'powershell' for command environment: Not usable outside of PowerShell
[4.258s] DEBUG:colcon.colcon_core.shell:Skip shell extension 'dsv' for command environment
[4.278s] DEBUG:colcon.colcon_core.event_handler.log_command:Invoking command in '/home/jone/ws_moveit/build/moveit_core': CMAKE_PREFIX_PATH=/home/jone/ws_moveit/install/moveit_resources_panda_moveit_config:/home/jone/ws_moveit/install/srdfdom:/home/jone/ws_moveit/install/moveit_resources_pr2_description:/home/jone/ws_moveit/install/moveit_resources_panda_description:/home/jone/ws_moveit/install/moveit_common:/home/jone/ws_moveit/install/pilz_industrial_motion_planner_testutils:/home/jone/ws_moveit/install/moveit_runtime:/home/jone/ws_moveit/install/moveit2_tutorials:/home/jone/ws_moveit/install/moveit:/home/jone/ws_moveit/install/moveit_planners:/home/jone/ws_moveit/install/pilz_industrial_motion_planner:/home/jone/ws_moveit/install/moveit_visual_tools:/home/jone/ws_moveit/install/moveit_task_constructor_visualization:/home/jone/ws_moveit/install/moveit_task_constructor_demo:/home/jone/ws_moveit/install/moveit_task_constructor_capabilities:/home/jone/ws_moveit/install/moveit_task_constructor_core:/home/jone/ws_moveit/install/moveit_ros_control_interface:/home/jone/ws_moveit/install/moveit_plugins:/home/jone/ws_moveit/install/moveit_simple_controller_manager:/home/jone/ws_moveit/install/moveit_setup_assistant:/home/jone/ws_moveit/install/moveit_setup_srdf_plugins:/home/jone/ws_moveit/install/moveit_setup_core_plugins:/home/jone/ws_moveit/install/moveit_setup_controllers:/home/jone/ws_moveit/install/moveit_setup_app_plugins:/home/jone/ws_moveit/install/moveit_setup_framework:/home/jone/ws_moveit/install/moveit_servo:/home/jone/ws_moveit/install/moveit_ros:/home/jone/ws_moveit/install/moveit_ros_visualization:/home/jone/ws_moveit/install/moveit_hybrid_planning:/home/jone/ws_moveit/install/moveit_ros_planning_interface:/home/jone/ws_moveit/install/moveit_ros_benchmarks:/home/jone/ws_moveit/install/moveit_ros_warehouse:/home/jone/ws_moveit/install/moveit_ros_robot_interaction:/home/jone/ws_moveit/install/moveit_ros_perception:/home/jone/ws_moveit/install/moveit_resources_prbt_pg70_support:/home/jone/ws_moveit/install/moveit_resources_prbt_moveit_config:/home/jone/ws_moveit/install/moveit_ros_move_group:/home/jone/ws_moveit/install/moveit_planners_ompl:/home/jone/ws_moveit/install/moveit_ros_planning:/home/jone/ws_moveit/install/moveit_ros_occupancy_map_monitor:/home/jone/ws_moveit/install/moveit_resources_prbt_ikfast_manipulator_plugin:/home/jone/ws_moveit/install/moveit_planners_chomp:/home/jone/ws_moveit/install/moveit_kinematics:/home/jone/ws_moveit/install/moveit_chomp_optimizer_adapter:/home/jone/ws_moveit/install/chomp_motion_planner:/home/jone/ws_moveit/install/moveit_core:/home/jone/ws_moveit/install/rviz_marker_tools:/home/jone/ws_moveit/install/rosparam_shortcuts:/home/jone/ws_moveit/install/moveit_task_constructor_msgs:/home/jone/ws_moveit/install/moveit_resources_prbt_support:/home/jone/ws_moveit/install/moveit_resources:/home/jone/ws_moveit/install/moveit_resources_fanuc_moveit_config:/home/jone/ws_moveit/install/moveit_resources_fanuc_description:/home/jone/ws_moveit/install/moveit_configs_utils:/home/jone/ws_moveit/install/launch_param_builder:/opt/ros/humble LD_LIBRARY_PATH=/home/jone/ws_moveit/install/srdfdom/lib:/home/jone/ws_moveit/install/pilz_industrial_motion_planner_testutils/lib:/home/jone/ws_moveit/install/pilz_industrial_motion_planner/lib:/home/jone/ws_moveit/install/moveit_visual_tools/lib:/home/jone/ws_moveit/install/moveit_task_constructor_visualization/lib:/home/jone/ws_moveit/install/moveit_task_constructor_demo/lib:/home/jone/ws_moveit/install/moveit_task_constructor_capabilities/lib:/home/jone/ws_moveit/install/moveit_task_constructor_core/lib:/home/jone/ws_moveit/install/moveit_ros_control_interface/lib:/home/jone/ws_moveit/install/moveit_simple_controller_manager/lib:/home/jone/ws_moveit/install/moveit_setup_assistant/lib:/home/jone/ws_moveit/install/moveit_setup_srdf_plugins/lib:/home/jone/ws_moveit/install/moveit_setup_core_plugins/lib:/home/jone/ws_moveit/install/moveit_setup_controllers/lib:/home/jone/ws_moveit/install/moveit_setup_app_plugins/lib:/home/jone/ws_moveit/install/moveit_setup_framework/lib:/home/jone/ws_moveit/install/moveit_servo/lib:/home/jone/ws_moveit/install/moveit_ros_visualization/lib:/home/jone/ws_moveit/install/moveit_hybrid_planning/lib:/home/jone/ws_moveit/install/moveit_ros_planning_interface/lib:/home/jone/ws_moveit/install/moveit_ros_benchmarks/lib:/home/jone/ws_moveit/install/moveit_ros_warehouse/lib:/home/jone/ws_moveit/install/moveit_ros_robot_interaction/lib:/home/jone/ws_moveit/install/moveit_ros_perception/lib:/home/jone/ws_moveit/install/moveit_ros_move_group/lib:/home/jone/ws_moveit/install/moveit_planners_ompl/lib:/home/jone/ws_moveit/install/moveit_ros_planning/lib:/home/jone/ws_moveit/install/moveit_ros_occupancy_map_monitor/lib:/home/jone/ws_moveit/install/moveit_resources_prbt_ikfast_manipulator_plugin/lib:/home/jone/ws_moveit/install/moveit_planners_chomp/lib:/home/jone/ws_moveit/install/moveit_kinematics/lib:/home/jone/ws_moveit/install/moveit_chomp_optimizer_adapter/lib:/home/jone/ws_moveit/install/chomp_motion_planner/lib:/home/jone/ws_moveit/install/moveit_core/lib:/home/jone/ws_moveit/install/rviz_marker_tools/lib:/home/jone/ws_moveit/install/rosparam_shortcuts/lib:/home/jone/ws_moveit/install/moveit_task_constructor_msgs/lib:/opt/ros/humble/opt/rviz_ogre_vendor/lib:/opt/ros/humble/lib/x86_64-linux-gnu:/opt/ros/humble/lib:/usr/lib/x86_64-linux-gnu/gazebo-11/plugins:/usr/lib/x86_64-linux-gnu/gazebo-11/plugins:/usr/lib/x86_64-linux-gnu/gazebo-11/plugins /usr/bin/cmake --build /home/jone/ws_moveit/build/moveit_core -- -j16 -l16
[4.904s] DEBUG:colcon.colcon_core.event_handler.log_command:Invoked command in '/home/jone/ws_moveit/build/moveit_core' returned '0': CMAKE_PREFIX_PATH=/home/jone/ws_moveit/install/moveit_resources_panda_moveit_config:/home/jone/ws_moveit/install/srdfdom:/home/jone/ws_moveit/install/moveit_resources_pr2_description:/home/jone/ws_moveit/install/moveit_resources_panda_description:/home/jone/ws_moveit/install/moveit_common:/home/jone/ws_moveit/install/pilz_industrial_motion_planner_testutils:/home/jone/ws_moveit/install/moveit_runtime:/home/jone/ws_moveit/install/moveit2_tutorials:/home/jone/ws_moveit/install/moveit:/home/jone/ws_moveit/install/moveit_planners:/home/jone/ws_moveit/install/pilz_industrial_motion_planner:/home/jone/ws_moveit/install/moveit_visual_tools:/home/jone/ws_moveit/install/moveit_task_constructor_visualization:/home/jone/ws_moveit/install/moveit_task_constructor_demo:/home/jone/ws_moveit/install/moveit_task_constructor_capabilities:/home/jone/ws_moveit/install/moveit_task_constructor_core:/home/jone/ws_moveit/install/moveit_ros_control_interface:/home/jone/ws_moveit/install/moveit_plugins:/home/jone/ws_moveit/install/moveit_simple_controller_manager:/home/jone/ws_moveit/install/moveit_setup_assistant:/home/jone/ws_moveit/install/moveit_setup_srdf_plugins:/home/jone/ws_moveit/install/moveit_setup_core_plugins:/home/jone/ws_moveit/install/moveit_setup_controllers:/home/jone/ws_moveit/install/moveit_setup_app_plugins:/home/jone/ws_moveit/install/moveit_setup_framework:/home/jone/ws_moveit/install/moveit_servo:/home/jone/ws_moveit/install/moveit_ros:/home/jone/ws_moveit/install/moveit_ros_visualization:/home/jone/ws_moveit/install/moveit_hybrid_planning:/home/jone/ws_moveit/install/moveit_ros_planning_interface:/home/jone/ws_moveit/install/moveit_ros_benchmarks:/home/jone/ws_moveit/install/moveit_ros_warehouse:/home/jone/ws_moveit/install/moveit_ros_robot_interaction:/home/jone/ws_moveit/install/moveit_ros_perception:/home/jone/ws_moveit/install/moveit_resources_prbt_pg70_support:/home/jone/ws_moveit/install/moveit_resources_prbt_moveit_config:/home/jone/ws_moveit/install/moveit_ros_move_group:/home/jone/ws_moveit/install/moveit_planners_ompl:/home/jone/ws_moveit/install/moveit_ros_planning:/home/jone/ws_moveit/install/moveit_ros_occupancy_map_monitor:/home/jone/ws_moveit/install/moveit_resources_prbt_ikfast_manipulator_plugin:/home/jone/ws_moveit/install/moveit_planners_chomp:/home/jone/ws_moveit/install/moveit_kinematics:/home/jone/ws_moveit/install/moveit_chomp_optimizer_adapter:/home/jone/ws_moveit/install/chomp_motion_planner:/home/jone/ws_moveit/install/moveit_core:/home/jone/ws_moveit/install/rviz_marker_tools:/home/jone/ws_moveit/install/rosparam_shortcuts:/home/jone/ws_moveit/install/moveit_task_constructor_msgs:/home/jone/ws_moveit/install/moveit_resources_prbt_support:/home/jone/ws_moveit/install/moveit_resources:/home/jone/ws_moveit/install/moveit_resources_fanuc_moveit_config:/home/jone/ws_moveit/install/moveit_resources_fanuc_description:/home/jone/ws_moveit/install/moveit_configs_utils:/home/jone/ws_moveit/install/launch_param_builder:/opt/ros/humble LD_LIBRARY_PATH=/home/jone/ws_moveit/install/srdfdom/lib:/home/jone/ws_moveit/install/pilz_industrial_motion_planner_testutils/lib:/home/jone/ws_moveit/install/pilz_industrial_motion_planner/lib:/home/jone/ws_moveit/install/moveit_visual_tools/lib:/home/jone/ws_moveit/install/moveit_task_constructor_visualization/lib:/home/jone/ws_moveit/install/moveit_task_constructor_demo/lib:/home/jone/ws_moveit/install/moveit_task_constructor_capabilities/lib:/home/jone/ws_moveit/install/moveit_task_constructor_core/lib:/home/jone/ws_moveit/install/moveit_ros_control_interface/lib:/home/jone/ws_moveit/install/moveit_simple_controller_manager/lib:/home/jone/ws_moveit/install/moveit_setup_assistant/lib:/home/jone/ws_moveit/install/moveit_setup_srdf_plugins/lib:/home/jone/ws_moveit/install/moveit_setup_core_plugins/lib:/home/jone/ws_moveit/install/moveit_setup_controllers/lib:/home/jone/ws_moveit/install/moveit_setup_app_plugins/lib:/home/jone/ws_moveit/install/moveit_setup_framework/lib:/home/jone/ws_moveit/install/moveit_servo/lib:/home/jone/ws_moveit/install/moveit_ros_visualization/lib:/home/jone/ws_moveit/install/moveit_hybrid_planning/lib:/home/jone/ws_moveit/install/moveit_ros_planning_interface/lib:/home/jone/ws_moveit/install/moveit_ros_benchmarks/lib:/home/jone/ws_moveit/install/moveit_ros_warehouse/lib:/home/jone/ws_moveit/install/moveit_ros_robot_interaction/lib:/home/jone/ws_moveit/install/moveit_ros_perception/lib:/home/jone/ws_moveit/install/moveit_ros_move_group/lib:/home/jone/ws_moveit/install/moveit_planners_ompl/lib:/home/jone/ws_moveit/install/moveit_ros_planning/lib:/home/jone/ws_moveit/install/moveit_ros_occupancy_map_monitor/lib:/home/jone/ws_moveit/install/moveit_resources_prbt_ikfast_manipulator_plugin/lib:/home/jone/ws_moveit/install/moveit_planners_chomp/lib:/home/jone/ws_moveit/install/moveit_kinematics/lib:/home/jone/ws_moveit/install/moveit_chomp_optimizer_adapter/lib:/home/jone/ws_moveit/install/chomp_motion_planner/lib:/home/jone/ws_moveit/install/moveit_core/lib:/home/jone/ws_moveit/install/rviz_marker_tools/lib:/home/jone/ws_moveit/install/rosparam_shortcuts/lib:/home/jone/ws_moveit/install/moveit_task_constructor_msgs/lib:/opt/ros/humble/opt/rviz_ogre_vendor/lib:/opt/ros/humble/lib/x86_64-linux-gnu:/opt/ros/humble/lib:/usr/lib/x86_64-linux-gnu/gazebo-11/plugins:/usr/lib/x86_64-linux-gnu/gazebo-11/plugins:/usr/lib/x86_64-linux-gnu/gazebo-11/plugins /usr/bin/cmake --build /home/jone/ws_moveit/build/moveit_core -- -j16 -l16
[4.907s] DEBUG:colcon.colcon_core.event_handler.log_command:Invoking command in '/home/jone/ws_moveit/build/moveit_core': CMAKE_PREFIX_PATH=/home/jone/ws_moveit/install/moveit_resources_panda_moveit_config:/home/jone/ws_moveit/install/srdfdom:/home/jone/ws_moveit/install/moveit_resources_pr2_description:/home/jone/ws_moveit/install/moveit_resources_panda_description:/home/jone/ws_moveit/install/moveit_common:/home/jone/ws_moveit/install/pilz_industrial_motion_planner_testutils:/home/jone/ws_moveit/install/moveit_runtime:/home/jone/ws_moveit/install/moveit2_tutorials:/home/jone/ws_moveit/install/moveit:/home/jone/ws_moveit/install/moveit_planners:/home/jone/ws_moveit/install/pilz_industrial_motion_planner:/home/jone/ws_moveit/install/moveit_visual_tools:/home/jone/ws_moveit/install/moveit_task_constructor_visualization:/home/jone/ws_moveit/install/moveit_task_constructor_demo:/home/jone/ws_moveit/install/moveit_task_constructor_capabilities:/home/jone/ws_moveit/install/moveit_task_constructor_core:/home/jone/ws_moveit/install/moveit_ros_control_interface:/home/jone/ws_moveit/install/moveit_plugins:/home/jone/ws_moveit/install/moveit_simple_controller_manager:/home/jone/ws_moveit/install/moveit_setup_assistant:/home/jone/ws_moveit/install/moveit_setup_srdf_plugins:/home/jone/ws_moveit/install/moveit_setup_core_plugins:/home/jone/ws_moveit/install/moveit_setup_controllers:/home/jone/ws_moveit/install/moveit_setup_app_plugins:/home/jone/ws_moveit/install/moveit_setup_framework:/home/jone/ws_moveit/install/moveit_servo:/home/jone/ws_moveit/install/moveit_ros:/home/jone/ws_moveit/install/moveit_ros_visualization:/home/jone/ws_moveit/install/moveit_hybrid_planning:/home/jone/ws_moveit/install/moveit_ros_planning_interface:/home/jone/ws_moveit/install/moveit_ros_benchmarks:/home/jone/ws_moveit/install/moveit_ros_warehouse:/home/jone/ws_moveit/install/moveit_ros_robot_interaction:/home/jone/ws_moveit/install/moveit_ros_perception:/home/jone/ws_moveit/install/moveit_resources_prbt_pg70_support:/home/jone/ws_moveit/install/moveit_resources_prbt_moveit_config:/home/jone/ws_moveit/install/moveit_ros_move_group:/home/jone/ws_moveit/install/moveit_planners_ompl:/home/jone/ws_moveit/install/moveit_ros_planning:/home/jone/ws_moveit/install/moveit_ros_occupancy_map_monitor:/home/jone/ws_moveit/install/moveit_resources_prbt_ikfast_manipulator_plugin:/home/jone/ws_moveit/install/moveit_planners_chomp:/home/jone/ws_moveit/install/moveit_kinematics:/home/jone/ws_moveit/install/moveit_chomp_optimizer_adapter:/home/jone/ws_moveit/install/chomp_motion_planner:/home/jone/ws_moveit/install/moveit_core:/home/jone/ws_moveit/install/rviz_marker_tools:/home/jone/ws_moveit/install/rosparam_shortcuts:/home/jone/ws_moveit/install/moveit_task_constructor_msgs:/home/jone/ws_moveit/install/moveit_resources_prbt_support:/home/jone/ws_moveit/install/moveit_resources:/home/jone/ws_moveit/install/moveit_resources_fanuc_moveit_config:/home/jone/ws_moveit/install/moveit_resources_fanuc_description:/home/jone/ws_moveit/install/moveit_configs_utils:/home/jone/ws_moveit/install/launch_param_builder:/opt/ros/humble LD_LIBRARY_PATH=/home/jone/ws_moveit/install/srdfdom/lib:/home/jone/ws_moveit/install/pilz_industrial_motion_planner_testutils/lib:/home/jone/ws_moveit/install/pilz_industrial_motion_planner/lib:/home/jone/ws_moveit/install/moveit_visual_tools/lib:/home/jone/ws_moveit/install/moveit_task_constructor_visualization/lib:/home/jone/ws_moveit/install/moveit_task_constructor_demo/lib:/home/jone/ws_moveit/install/moveit_task_constructor_capabilities/lib:/home/jone/ws_moveit/install/moveit_task_constructor_core/lib:/home/jone/ws_moveit/install/moveit_ros_control_interface/lib:/home/jone/ws_moveit/install/moveit_simple_controller_manager/lib:/home/jone/ws_moveit/install/moveit_setup_assistant/lib:/home/jone/ws_moveit/install/moveit_setup_srdf_plugins/lib:/home/jone/ws_moveit/install/moveit_setup_core_plugins/lib:/home/jone/ws_moveit/install/moveit_setup_controllers/lib:/home/jone/ws_moveit/install/moveit_setup_app_plugins/lib:/home/jone/ws_moveit/install/moveit_setup_framework/lib:/home/jone/ws_moveit/install/moveit_servo/lib:/home/jone/ws_moveit/install/moveit_ros_visualization/lib:/home/jone/ws_moveit/install/moveit_hybrid_planning/lib:/home/jone/ws_moveit/install/moveit_ros_planning_interface/lib:/home/jone/ws_moveit/install/moveit_ros_benchmarks/lib:/home/jone/ws_moveit/install/moveit_ros_warehouse/lib:/home/jone/ws_moveit/install/moveit_ros_robot_interaction/lib:/home/jone/ws_moveit/install/moveit_ros_perception/lib:/home/jone/ws_moveit/install/moveit_ros_move_group/lib:/home/jone/ws_moveit/install/moveit_planners_ompl/lib:/home/jone/ws_moveit/install/moveit_ros_planning/lib:/home/jone/ws_moveit/install/moveit_ros_occupancy_map_monitor/lib:/home/jone/ws_moveit/install/moveit_resources_prbt_ikfast_manipulator_plugin/lib:/home/jone/ws_moveit/install/moveit_planners_chomp/lib:/home/jone/ws_moveit/install/moveit_kinematics/lib:/home/jone/ws_moveit/install/moveit_chomp_optimizer_adapter/lib:/home/jone/ws_moveit/install/chomp_motion_planner/lib:/home/jone/ws_moveit/install/moveit_core/lib:/home/jone/ws_moveit/install/rviz_marker_tools/lib:/home/jone/ws_moveit/install/rosparam_shortcuts/lib:/home/jone/ws_moveit/install/moveit_task_constructor_msgs/lib:/opt/ros/humble/opt/rviz_ogre_vendor/lib:/opt/ros/humble/lib/x86_64-linux-gnu:/opt/ros/humble/lib:/usr/lib/x86_64-linux-gnu/gazebo-11/plugins:/usr/lib/x86_64-linux-gnu/gazebo-11/plugins:/usr/lib/x86_64-linux-gnu/gazebo-11/plugins /usr/bin/cmake --install /home/jone/ws_moveit/build/moveit_core
[4.959s] Level 1:colcon.colcon_core.environment:create_environment_scripts_only(moveit_core)
[4.959s] Level 1:colcon.colcon_core.environment:checking '/home/jone/ws_moveit/install/moveit_core' for CMake module files
[4.960s] DEBUG:colcon.colcon_core.event_handler.log_command:Invoked command in '/home/jone/ws_moveit/build/moveit_core' returned '0': CMAKE_PREFIX_PATH=/home/jone/ws_moveit/install/moveit_resources_panda_moveit_config:/home/jone/ws_moveit/install/srdfdom:/home/jone/ws_moveit/install/moveit_resources_pr2_description:/home/jone/ws_moveit/install/moveit_resources_panda_description:/home/jone/ws_moveit/install/moveit_common:/home/jone/ws_moveit/install/pilz_industrial_motion_planner_testutils:/home/jone/ws_moveit/install/moveit_runtime:/home/jone/ws_moveit/install/moveit2_tutorials:/home/jone/ws_moveit/install/moveit:/home/jone/ws_moveit/install/moveit_planners:/home/jone/ws_moveit/install/pilz_industrial_motion_planner:/home/jone/ws_moveit/install/moveit_visual_tools:/home/jone/ws_moveit/install/moveit_task_constructor_visualization:/home/jone/ws_moveit/install/moveit_task_constructor_demo:/home/jone/ws_moveit/install/moveit_task_constructor_capabilities:/home/jone/ws_moveit/install/moveit_task_constructor_core:/home/jone/ws_moveit/install/moveit_ros_control_interface:/home/jone/ws_moveit/install/moveit_plugins:/home/jone/ws_moveit/install/moveit_simple_controller_manager:/home/jone/ws_moveit/install/moveit_setup_assistant:/home/jone/ws_moveit/install/moveit_setup_srdf_plugins:/home/jone/ws_moveit/install/moveit_setup_core_plugins:/home/jone/ws_moveit/install/moveit_setup_controllers:/home/jone/ws_moveit/install/moveit_setup_app_plugins:/home/jone/ws_moveit/install/moveit_setup_framework:/home/jone/ws_moveit/install/moveit_servo:/home/jone/ws_moveit/install/moveit_ros:/home/jone/ws_moveit/install/moveit_ros_visualization:/home/jone/ws_moveit/install/moveit_hybrid_planning:/home/jone/ws_moveit/install/moveit_ros_planning_interface:/home/jone/ws_moveit/install/moveit_ros_benchmarks:/home/jone/ws_moveit/install/moveit_ros_warehouse:/home/jone/ws_moveit/install/moveit_ros_robot_interaction:/home/jone/ws_moveit/install/moveit_ros_perception:/home/jone/ws_moveit/install/moveit_resources_prbt_pg70_support:/home/jone/ws_moveit/install/moveit_resources_prbt_moveit_config:/home/jone/ws_moveit/install/moveit_ros_move_group:/home/jone/ws_moveit/install/moveit_planners_ompl:/home/jone/ws_moveit/install/moveit_ros_planning:/home/jone/ws_moveit/install/moveit_ros_occupancy_map_monitor:/home/jone/ws_moveit/install/moveit_resources_prbt_ikfast_manipulator_plugin:/home/jone/ws_moveit/install/moveit_planners_chomp:/home/jone/ws_moveit/install/moveit_kinematics:/home/jone/ws_moveit/install/moveit_chomp_optimizer_adapter:/home/jone/ws_moveit/install/chomp_motion_planner:/home/jone/ws_moveit/install/moveit_core:/home/jone/ws_moveit/install/rviz_marker_tools:/home/jone/ws_moveit/install/rosparam_shortcuts:/home/jone/ws_moveit/install/moveit_task_constructor_msgs:/home/jone/ws_moveit/install/moveit_resources_prbt_support:/home/jone/ws_moveit/install/moveit_resources:/home/jone/ws_moveit/install/moveit_resources_fanuc_moveit_config:/home/jone/ws_moveit/install/moveit_resources_fanuc_description:/home/jone/ws_moveit/install/moveit_configs_utils:/home/jone/ws_moveit/install/launch_param_builder:/opt/ros/humble LD_LIBRARY_PATH=/home/jone/ws_moveit/install/srdfdom/lib:/home/jone/ws_moveit/install/pilz_industrial_motion_planner_testutils/lib:/home/jone/ws_moveit/install/pilz_industrial_motion_planner/lib:/home/jone/ws_moveit/install/moveit_visual_tools/lib:/home/jone/ws_moveit/install/moveit_task_constructor_visualization/lib:/home/jone/ws_moveit/install/moveit_task_constructor_demo/lib:/home/jone/ws_moveit/install/moveit_task_constructor_capabilities/lib:/home/jone/ws_moveit/install/moveit_task_constructor_core/lib:/home/jone/ws_moveit/install/moveit_ros_control_interface/lib:/home/jone/ws_moveit/install/moveit_simple_controller_manager/lib:/home/jone/ws_moveit/install/moveit_setup_assistant/lib:/home/jone/ws_moveit/install/moveit_setup_srdf_plugins/lib:/home/jone/ws_moveit/install/moveit_setup_core_plugins/lib:/home/jone/ws_moveit/install/moveit_setup_controllers/lib:/home/jone/ws_moveit/install/moveit_setup_app_plugins/lib:/home/jone/ws_moveit/install/moveit_setup_framework/lib:/home/jone/ws_moveit/install/moveit_servo/lib:/home/jone/ws_moveit/install/moveit_ros_visualization/lib:/home/jone/ws_moveit/install/moveit_hybrid_planning/lib:/home/jone/ws_moveit/install/moveit_ros_planning_interface/lib:/home/jone/ws_moveit/install/moveit_ros_benchmarks/lib:/home/jone/ws_moveit/install/moveit_ros_warehouse/lib:/home/jone/ws_moveit/install/moveit_ros_robot_interaction/lib:/home/jone/ws_moveit/install/moveit_ros_perception/lib:/home/jone/ws_moveit/install/moveit_ros_move_group/lib:/home/jone/ws_moveit/install/moveit_planners_ompl/lib:/home/jone/ws_moveit/install/moveit_ros_planning/lib:/home/jone/ws_moveit/install/moveit_ros_occupancy_map_monitor/lib:/home/jone/ws_moveit/install/moveit_resources_prbt_ikfast_manipulator_plugin/lib:/home/jone/ws_moveit/install/moveit_planners_chomp/lib:/home/jone/ws_moveit/install/moveit_kinematics/lib:/home/jone/ws_moveit/install/moveit_chomp_optimizer_adapter/lib:/home/jone/ws_moveit/install/chomp_motion_planner/lib:/home/jone/ws_moveit/install/moveit_core/lib:/home/jone/ws_moveit/install/rviz_marker_tools/lib:/home/jone/ws_moveit/install/rosparam_shortcuts/lib:/home/jone/ws_moveit/install/moveit_task_constructor_msgs/lib:/opt/ros/humble/opt/rviz_ogre_vendor/lib:/opt/ros/humble/lib/x86_64-linux-gnu:/opt/ros/humble/lib:/usr/lib/x86_64-linux-gnu/gazebo-11/plugins:/usr/lib/x86_64-linux-gnu/gazebo-11/plugins:/usr/lib/x86_64-linux-gnu/gazebo-11/plugins /usr/bin/cmake --install /home/jone/ws_moveit/build/moveit_core
[4.960s] Level 1:colcon.colcon_core.environment:checking '/home/jone/ws_moveit/install/moveit_core' for CMake config files
[4.961s] Level 1:colcon.colcon_core.shell:create_environment_hook('moveit_core', 'cmake_prefix_path')
[4.961s] INFO:colcon.colcon_core.shell:Creating environment hook '/home/jone/ws_moveit/install/moveit_core/share/moveit_core/hook/cmake_prefix_path.ps1'
[4.961s] INFO:colcon.colcon_core.shell:Creating environment descriptor '/home/jone/ws_moveit/install/moveit_core/share/moveit_core/hook/cmake_prefix_path.dsv'
[4.962s] INFO:colcon.colcon_core.shell:Creating environment hook '/home/jone/ws_moveit/install/moveit_core/share/moveit_core/hook/cmake_prefix_path.sh'
[4.962s] Level 1:colcon.colcon_core.environment:checking '/home/jone/ws_moveit/install/moveit_core/lib'
[4.962s] Level 1:colcon.colcon_core.shell:create_environment_hook('moveit_core', 'ld_library_path_lib')
[4.962s] INFO:colcon.colcon_core.shell:Creating environment hook '/home/jone/ws_moveit/install/moveit_core/share/moveit_core/hook/ld_library_path_lib.ps1'
[4.963s] INFO:colcon.colcon_core.shell:Creating environment descriptor '/home/jone/ws_moveit/install/moveit_core/share/moveit_core/hook/ld_library_path_lib.dsv'
[4.963s] INFO:colcon.colcon_core.shell:Creating environment hook '/home/jone/ws_moveit/install/moveit_core/share/moveit_core/hook/ld_library_path_lib.sh'
[4.963s] Level 1:colcon.colcon_core.environment:checking '/home/jone/ws_moveit/install/moveit_core/bin'
[4.963s] Level 1:colcon.colcon_core.shell:create_environment_hook('moveit_core', 'path')
[4.963s] INFO:colcon.colcon_core.shell:Creating environment hook '/home/jone/ws_moveit/install/moveit_core/share/moveit_core/hook/path.ps1'
[4.964s] INFO:colcon.colcon_core.shell:Creating environment descriptor '/home/jone/ws_moveit/install/moveit_core/share/moveit_core/hook/path.dsv'
[4.964s] INFO:colcon.colcon_core.shell:Creating environment hook '/home/jone/ws_moveit/install/moveit_core/share/moveit_core/hook/path.sh'
[4.964s] Level 1:colcon.colcon_core.environment:checking '/home/jone/ws_moveit/install/moveit_core/lib/pkgconfig/moveit_core.pc'
[4.964s] Level 1:colcon.colcon_core.environment:checking '/home/jone/ws_moveit/install/moveit_core/lib/python3.10/site-packages'
[4.965s] Level 1:colcon.colcon_core.environment:checking '/home/jone/ws_moveit/install/moveit_core/bin'
[4.965s] Level 1:colcon.colcon_core.shell:create_environment_hook('moveit_core', 'pythonscriptspath')
[4.965s] INFO:colcon.colcon_core.shell:Creating environment hook '/home/jone/ws_moveit/install/moveit_core/share/moveit_core/hook/pythonscriptspath.ps1'
[4.965s] INFO:colcon.colcon_core.shell:Creating environment descriptor '/home/jone/ws_moveit/install/moveit_core/share/moveit_core/hook/pythonscriptspath.dsv'
[4.965s] INFO:colcon.colcon_core.shell:Creating environment hook '/home/jone/ws_moveit/install/moveit_core/share/moveit_core/hook/pythonscriptspath.sh'
[4.966s] INFO:colcon.colcon_core.shell:Creating package script '/home/jone/ws_moveit/install/moveit_core/share/moveit_core/package.ps1'
[4.966s] INFO:colcon.colcon_core.shell:Creating package descriptor '/home/jone/ws_moveit/install/moveit_core/share/moveit_core/package.dsv'
[4.966s] INFO:colcon.colcon_core.shell:Creating package script '/home/jone/ws_moveit/install/moveit_core/share/moveit_core/package.sh'
[4.967s] INFO:colcon.colcon_core.shell:Creating package script '/home/jone/ws_moveit/install/moveit_core/share/moveit_core/package.bash'
[4.967s] INFO:colcon.colcon_core.shell:Creating package script '/home/jone/ws_moveit/install/moveit_core/share/moveit_core/package.zsh'
[4.967s] Level 1:colcon.colcon_core.environment:create_file_with_runtime_dependencies(/home/jone/ws_moveit/install/moveit_core/share/colcon-core/packages/moveit_core)
[4.968s] Level 1:colcon.colcon_core.environment:create_environment_scripts_only(moveit_core)
[4.968s] Level 1:colcon.colcon_core.environment:checking '/home/jone/ws_moveit/install/moveit_core' for CMake module files
[4.968s] Level 1:colcon.colcon_core.environment:checking '/home/jone/ws_moveit/install/moveit_core' for CMake config files
[4.969s] Level 1:colcon.colcon_core.shell:create_environment_hook('moveit_core', 'cmake_prefix_path')
[4.969s] INFO:colcon.colcon_core.shell:Creating environment hook '/home/jone/ws_moveit/install/moveit_core/share/moveit_core/hook/cmake_prefix_path.ps1'
[4.969s] INFO:colcon.colcon_core.shell:Creating environment descriptor '/home/jone/ws_moveit/install/moveit_core/share/moveit_core/hook/cmake_prefix_path.dsv'
[4.970s] INFO:colcon.colcon_core.shell:Creating environment hook '/home/jone/ws_moveit/install/moveit_core/share/moveit_core/hook/cmake_prefix_path.sh'
[4.970s] Level 1:colcon.colcon_core.environment:checking '/home/jone/ws_moveit/install/moveit_core/lib'
[4.970s] Level 1:colcon.colcon_core.shell:create_environment_hook('moveit_core', 'ld_library_path_lib')
[4.970s] INFO:colcon.colcon_core.shell:Creating environment hook '/home/jone/ws_moveit/install/moveit_core/share/moveit_core/hook/ld_library_path_lib.ps1'
[4.970s] INFO:colcon.colcon_core.shell:Creating environment descriptor '/home/jone/ws_moveit/install/moveit_core/share/moveit_core/hook/ld_library_path_lib.dsv'
[4.971s] INFO:colcon.colcon_core.shell:Creating environment hook '/home/jone/ws_moveit/install/moveit_core/share/moveit_core/hook/ld_library_path_lib.sh'
[4.971s] Level 1:colcon.colcon_core.environment:checking '/home/jone/ws_moveit/install/moveit_core/bin'
[4.971s] Level 1:colcon.colcon_core.shell:create_environment_hook('moveit_core', 'path')
[4.971s] INFO:colcon.colcon_core.shell:Creating environment hook '/home/jone/ws_moveit/install/moveit_core/share/moveit_core/hook/path.ps1'
[4.971s] INFO:colcon.colcon_core.shell:Creating environment descriptor '/home/jone/ws_moveit/install/moveit_core/share/moveit_core/hook/path.dsv'
[4.972s] INFO:colcon.colcon_core.shell:Creating environment hook '/home/jone/ws_moveit/install/moveit_core/share/moveit_core/hook/path.sh'
[4.972s] Level 1:colcon.colcon_core.environment:checking '/home/jone/ws_moveit/install/moveit_core/lib/pkgconfig/moveit_core.pc'
[4.972s] Level 1:colcon.colcon_core.environment:checking '/home/jone/ws_moveit/install/moveit_core/lib/python3.10/site-packages'
[4.972s] Level 1:colcon.colcon_core.environment:checking '/home/jone/ws_moveit/install/moveit_core/bin'
[4.972s] Level 1:colcon.colcon_core.shell:create_environment_hook('moveit_core', 'pythonscriptspath')
[4.973s] INFO:colcon.colcon_core.shell:Creating environment hook '/home/jone/ws_moveit/install/moveit_core/share/moveit_core/hook/pythonscriptspath.ps1'
[4.973s] INFO:colcon.colcon_core.shell:Creating environment descriptor '/home/jone/ws_moveit/install/moveit_core/share/moveit_core/hook/pythonscriptspath.dsv'
[4.973s] INFO:colcon.colcon_core.shell:Creating environment hook '/home/jone/ws_moveit/install/moveit_core/share/moveit_core/hook/pythonscriptspath.sh'
[4.974s] INFO:colcon.colcon_core.shell:Creating package script '/home/jone/ws_moveit/install/moveit_core/share/moveit_core/package.ps1'
[4.974s] INFO:colcon.colcon_core.shell:Creating package descriptor '/home/jone/ws_moveit/install/moveit_core/share/moveit_core/package.dsv'
[4.974s] INFO:colcon.colcon_core.shell:Creating package script '/home/jone/ws_moveit/install/moveit_core/share/moveit_core/package.sh'
[4.975s] INFO:colcon.colcon_core.shell:Creating package script '/home/jone/ws_moveit/install/moveit_core/share/moveit_core/package.bash'
[4.975s] INFO:colcon.colcon_core.shell:Creating package script '/home/jone/ws_moveit/install/moveit_core/share/moveit_core/package.zsh'
[4.975s] Level 1:colcon.colcon_core.environment:create_file_with_runtime_dependencies(/home/jone/ws_moveit/install/moveit_core/share/colcon-core/packages/moveit_core)
[4.975s] DEBUG:colcon.colcon_core.executor.sequential:run_until_complete 'moveit_core' finished with '0'
[4.976s] DEBUG:colcon.colcon_core.executor.sequential:run_until_complete 'moveit_resources'
[4.976s] INFO:colcon.colcon_ros.task.ament_cmake.build:Building ROS package in '/home/jone/ws_moveit/src/moveit_resources/moveit_resources' with build type 'ament_cmake'
[4.976s] INFO:colcon.colcon_cmake.task.cmake.build:Building CMake package in '/home/jone/ws_moveit/src/moveit_resources/moveit_resources'
[4.976s] INFO:colcon.colcon_core.shell:Skip shell extension 'powershell' for command environment: Not usable outside of PowerShell
[4.976s] DEBUG:colcon.colcon_core.shell:Skip shell extension 'dsv' for command environment
[4.993s] DEBUG:colcon.colcon_core.event_handler.log_command:Invoking command in '/home/jone/ws_moveit/build/moveit_resources': CMAKE_PREFIX_PATH=/home/jone/ws_moveit/install/moveit_resources_panda_moveit_config:/home/jone/ws_moveit/install/moveit_resources_fanuc_moveit_config:/home/jone/ws_moveit/install/moveit_resources_pr2_description:/home/jone/ws_moveit/install/moveit_resources_panda_description:/home/jone/ws_moveit/install/moveit_resources_fanuc_description:/home/jone/ws_moveit/install/pilz_industrial_motion_planner_testutils:/home/jone/ws_moveit/install/moveit_runtime:/home/jone/ws_moveit/install/moveit2_tutorials:/home/jone/ws_moveit/install/moveit:/home/jone/ws_moveit/install/moveit_planners:/home/jone/ws_moveit/install/pilz_industrial_motion_planner:/home/jone/ws_moveit/install/moveit_visual_tools:/home/jone/ws_moveit/install/moveit_task_constructor_visualization:/home/jone/ws_moveit/install/moveit_task_constructor_demo:/home/jone/ws_moveit/install/moveit_task_constructor_capabilities:/home/jone/ws_moveit/install/moveit_task_constructor_core:/home/jone/ws_moveit/install/moveit_ros_control_interface:/home/jone/ws_moveit/install/moveit_plugins:/home/jone/ws_moveit/install/moveit_simple_controller_manager:/home/jone/ws_moveit/install/moveit_setup_assistant:/home/jone/ws_moveit/install/moveit_setup_srdf_plugins:/home/jone/ws_moveit/install/moveit_setup_core_plugins:/home/jone/ws_moveit/install/moveit_setup_controllers:/home/jone/ws_moveit/install/moveit_setup_app_plugins:/home/jone/ws_moveit/install/moveit_setup_framework:/home/jone/ws_moveit/install/moveit_servo:/home/jone/ws_moveit/install/moveit_ros:/home/jone/ws_moveit/install/moveit_ros_visualization:/home/jone/ws_moveit/install/moveit_hybrid_planning:/home/jone/ws_moveit/install/moveit_ros_planning_interface:/home/jone/ws_moveit/install/moveit_ros_benchmarks:/home/jone/ws_moveit/install/moveit_ros_warehouse:/home/jone/ws_moveit/install/moveit_ros_robot_interaction:/home/jone/ws_moveit/install/moveit_ros_perception:/home/jone/ws_moveit/install/moveit_resources_prbt_pg70_support:/home/jone/ws_moveit/install/moveit_resources_prbt_moveit_config:/home/jone/ws_moveit/install/moveit_ros_move_group:/home/jone/ws_moveit/install/moveit_planners_ompl:/home/jone/ws_moveit/install/moveit_ros_planning:/home/jone/ws_moveit/install/moveit_ros_occupancy_map_monitor:/home/jone/ws_moveit/install/moveit_resources_prbt_ikfast_manipulator_plugin:/home/jone/ws_moveit/install/moveit_planners_chomp:/home/jone/ws_moveit/install/moveit_kinematics:/home/jone/ws_moveit/install/moveit_chomp_optimizer_adapter:/home/jone/ws_moveit/install/chomp_motion_planner:/home/jone/ws_moveit/install/moveit_core:/home/jone/ws_moveit/install/srdfdom:/home/jone/ws_moveit/install/rviz_marker_tools:/home/jone/ws_moveit/install/rosparam_shortcuts:/home/jone/ws_moveit/install/moveit_task_constructor_msgs:/home/jone/ws_moveit/install/moveit_resources_prbt_support:/home/jone/ws_moveit/install/moveit_resources:/home/jone/ws_moveit/install/moveit_common:/home/jone/ws_moveit/install/moveit_configs_utils:/home/jone/ws_moveit/install/launch_param_builder:/opt/ros/humble /usr/bin/cmake --build /home/jone/ws_moveit/build/moveit_resources -- -j16 -l16
[5.049s] DEBUG:colcon.colcon_core.event_handler.log_command:Invoked command in '/home/jone/ws_moveit/build/moveit_resources' returned '0': CMAKE_PREFIX_PATH=/home/jone/ws_moveit/install/moveit_resources_panda_moveit_config:/home/jone/ws_moveit/install/moveit_resources_fanuc_moveit_config:/home/jone/ws_moveit/install/moveit_resources_pr2_description:/home/jone/ws_moveit/install/moveit_resources_panda_description:/home/jone/ws_moveit/install/moveit_resources_fanuc_description:/home/jone/ws_moveit/install/pilz_industrial_motion_planner_testutils:/home/jone/ws_moveit/install/moveit_runtime:/home/jone/ws_moveit/install/moveit2_tutorials:/home/jone/ws_moveit/install/moveit:/home/jone/ws_moveit/install/moveit_planners:/home/jone/ws_moveit/install/pilz_industrial_motion_planner:/home/jone/ws_moveit/install/moveit_visual_tools:/home/jone/ws_moveit/install/moveit_task_constructor_visualization:/home/jone/ws_moveit/install/moveit_task_constructor_demo:/home/jone/ws_moveit/install/moveit_task_constructor_capabilities:/home/jone/ws_moveit/install/moveit_task_constructor_core:/home/jone/ws_moveit/install/moveit_ros_control_interface:/home/jone/ws_moveit/install/moveit_plugins:/home/jone/ws_moveit/install/moveit_simple_controller_manager:/home/jone/ws_moveit/install/moveit_setup_assistant:/home/jone/ws_moveit/install/moveit_setup_srdf_plugins:/home/jone/ws_moveit/install/moveit_setup_core_plugins:/home/jone/ws_moveit/install/moveit_setup_controllers:/home/jone/ws_moveit/install/moveit_setup_app_plugins:/home/jone/ws_moveit/install/moveit_setup_framework:/home/jone/ws_moveit/install/moveit_servo:/home/jone/ws_moveit/install/moveit_ros:/home/jone/ws_moveit/install/moveit_ros_visualization:/home/jone/ws_moveit/install/moveit_hybrid_planning:/home/jone/ws_moveit/install/moveit_ros_planning_interface:/home/jone/ws_moveit/install/moveit_ros_benchmarks:/home/jone/ws_moveit/install/moveit_ros_warehouse:/home/jone/ws_moveit/install/moveit_ros_robot_interaction:/home/jone/ws_moveit/install/moveit_ros_perception:/home/jone/ws_moveit/install/moveit_resources_prbt_pg70_support:/home/jone/ws_moveit/install/moveit_resources_prbt_moveit_config:/home/jone/ws_moveit/install/moveit_ros_move_group:/home/jone/ws_moveit/install/moveit_planners_ompl:/home/jone/ws_moveit/install/moveit_ros_planning:/home/jone/ws_moveit/install/moveit_ros_occupancy_map_monitor:/home/jone/ws_moveit/install/moveit_resources_prbt_ikfast_manipulator_plugin:/home/jone/ws_moveit/install/moveit_planners_chomp:/home/jone/ws_moveit/install/moveit_kinematics:/home/jone/ws_moveit/install/moveit_chomp_optimizer_adapter:/home/jone/ws_moveit/install/chomp_motion_planner:/home/jone/ws_moveit/install/moveit_core:/home/jone/ws_moveit/install/srdfdom:/home/jone/ws_moveit/install/rviz_marker_tools:/home/jone/ws_moveit/install/rosparam_shortcuts:/home/jone/ws_moveit/install/moveit_task_constructor_msgs:/home/jone/ws_moveit/install/moveit_resources_prbt_support:/home/jone/ws_moveit/install/moveit_resources:/home/jone/ws_moveit/install/moveit_common:/home/jone/ws_moveit/install/moveit_configs_utils:/home/jone/ws_moveit/install/launch_param_builder:/opt/ros/humble /usr/bin/cmake --build /home/jone/ws_moveit/build/moveit_resources -- -j16 -l16
[5.051s] DEBUG:colcon.colcon_core.event_handler.log_command:Invoking command in '/home/jone/ws_moveit/build/moveit_resources': CMAKE_PREFIX_PATH=/home/jone/ws_moveit/install/moveit_resources_panda_moveit_config:/home/jone/ws_moveit/install/moveit_resources_fanuc_moveit_config:/home/jone/ws_moveit/install/moveit_resources_pr2_description:/home/jone/ws_moveit/install/moveit_resources_panda_description:/home/jone/ws_moveit/install/moveit_resources_fanuc_description:/home/jone/ws_moveit/install/pilz_industrial_motion_planner_testutils:/home/jone/ws_moveit/install/moveit_runtime:/home/jone/ws_moveit/install/moveit2_tutorials:/home/jone/ws_moveit/install/moveit:/home/jone/ws_moveit/install/moveit_planners:/home/jone/ws_moveit/install/pilz_industrial_motion_planner:/home/jone/ws_moveit/install/moveit_visual_tools:/home/jone/ws_moveit/install/moveit_task_constructor_visualization:/home/jone/ws_moveit/install/moveit_task_constructor_demo:/home/jone/ws_moveit/install/moveit_task_constructor_capabilities:/home/jone/ws_moveit/install/moveit_task_constructor_core:/home/jone/ws_moveit/install/moveit_ros_control_interface:/home/jone/ws_moveit/install/moveit_plugins:/home/jone/ws_moveit/install/moveit_simple_controller_manager:/home/jone/ws_moveit/install/moveit_setup_assistant:/home/jone/ws_moveit/install/moveit_setup_srdf_plugins:/home/jone/ws_moveit/install/moveit_setup_core_plugins:/home/jone/ws_moveit/install/moveit_setup_controllers:/home/jone/ws_moveit/install/moveit_setup_app_plugins:/home/jone/ws_moveit/install/moveit_setup_framework:/home/jone/ws_moveit/install/moveit_servo:/home/jone/ws_moveit/install/moveit_ros:/home/jone/ws_moveit/install/moveit_ros_visualization:/home/jone/ws_moveit/install/moveit_hybrid_planning:/home/jone/ws_moveit/install/moveit_ros_planning_interface:/home/jone/ws_moveit/install/moveit_ros_benchmarks:/home/jone/ws_moveit/install/moveit_ros_warehouse:/home/jone/ws_moveit/install/moveit_ros_robot_interaction:/home/jone/ws_moveit/install/moveit_ros_perception:/home/jone/ws_moveit/install/moveit_resources_prbt_pg70_support:/home/jone/ws_moveit/install/moveit_resources_prbt_moveit_config:/home/jone/ws_moveit/install/moveit_ros_move_group:/home/jone/ws_moveit/install/moveit_planners_ompl:/home/jone/ws_moveit/install/moveit_ros_planning:/home/jone/ws_moveit/install/moveit_ros_occupancy_map_monitor:/home/jone/ws_moveit/install/moveit_resources_prbt_ikfast_manipulator_plugin:/home/jone/ws_moveit/install/moveit_planners_chomp:/home/jone/ws_moveit/install/moveit_kinematics:/home/jone/ws_moveit/install/moveit_chomp_optimizer_adapter:/home/jone/ws_moveit/install/chomp_motion_planner:/home/jone/ws_moveit/install/moveit_core:/home/jone/ws_moveit/install/srdfdom:/home/jone/ws_moveit/install/rviz_marker_tools:/home/jone/ws_moveit/install/rosparam_shortcuts:/home/jone/ws_moveit/install/moveit_task_constructor_msgs:/home/jone/ws_moveit/install/moveit_resources_prbt_support:/home/jone/ws_moveit/install/moveit_resources:/home/jone/ws_moveit/install/moveit_common:/home/jone/ws_moveit/install/moveit_configs_utils:/home/jone/ws_moveit/install/launch_param_builder:/opt/ros/humble /usr/bin/cmake --install /home/jone/ws_moveit/build/moveit_resources
[5.064s] Level 1:colcon.colcon_core.environment:create_environment_scripts_only(moveit_resources)
[5.065s] Level 1:colcon.colcon_core.environment:checking '/home/jone/ws_moveit/install/moveit_resources' for CMake module files
[5.065s] DEBUG:colcon.colcon_core.event_handler.log_command:Invoked command in '/home/jone/ws_moveit/build/moveit_resources' returned '0': CMAKE_PREFIX_PATH=/home/jone/ws_moveit/install/moveit_resources_panda_moveit_config:/home/jone/ws_moveit/install/moveit_resources_fanuc_moveit_config:/home/jone/ws_moveit/install/moveit_resources_pr2_description:/home/jone/ws_moveit/install/moveit_resources_panda_description:/home/jone/ws_moveit/install/moveit_resources_fanuc_description:/home/jone/ws_moveit/install/pilz_industrial_motion_planner_testutils:/home/jone/ws_moveit/install/moveit_runtime:/home/jone/ws_moveit/install/moveit2_tutorials:/home/jone/ws_moveit/install/moveit:/home/jone/ws_moveit/install/moveit_planners:/home/jone/ws_moveit/install/pilz_industrial_motion_planner:/home/jone/ws_moveit/install/moveit_visual_tools:/home/jone/ws_moveit/install/moveit_task_constructor_visualization:/home/jone/ws_moveit/install/moveit_task_constructor_demo:/home/jone/ws_moveit/install/moveit_task_constructor_capabilities:/home/jone/ws_moveit/install/moveit_task_constructor_core:/home/jone/ws_moveit/install/moveit_ros_control_interface:/home/jone/ws_moveit/install/moveit_plugins:/home/jone/ws_moveit/install/moveit_simple_controller_manager:/home/jone/ws_moveit/install/moveit_setup_assistant:/home/jone/ws_moveit/install/moveit_setup_srdf_plugins:/home/jone/ws_moveit/install/moveit_setup_core_plugins:/home/jone/ws_moveit/install/moveit_setup_controllers:/home/jone/ws_moveit/install/moveit_setup_app_plugins:/home/jone/ws_moveit/install/moveit_setup_framework:/home/jone/ws_moveit/install/moveit_servo:/home/jone/ws_moveit/install/moveit_ros:/home/jone/ws_moveit/install/moveit_ros_visualization:/home/jone/ws_moveit/install/moveit_hybrid_planning:/home/jone/ws_moveit/install/moveit_ros_planning_interface:/home/jone/ws_moveit/install/moveit_ros_benchmarks:/home/jone/ws_moveit/install/moveit_ros_warehouse:/home/jone/ws_moveit/install/moveit_ros_robot_interaction:/home/jone/ws_moveit/install/moveit_ros_perception:/home/jone/ws_moveit/install/moveit_resources_prbt_pg70_support:/home/jone/ws_moveit/install/moveit_resources_prbt_moveit_config:/home/jone/ws_moveit/install/moveit_ros_move_group:/home/jone/ws_moveit/install/moveit_planners_ompl:/home/jone/ws_moveit/install/moveit_ros_planning:/home/jone/ws_moveit/install/moveit_ros_occupancy_map_monitor:/home/jone/ws_moveit/install/moveit_resources_prbt_ikfast_manipulator_plugin:/home/jone/ws_moveit/install/moveit_planners_chomp:/home/jone/ws_moveit/install/moveit_kinematics:/home/jone/ws_moveit/install/moveit_chomp_optimizer_adapter:/home/jone/ws_moveit/install/chomp_motion_planner:/home/jone/ws_moveit/install/moveit_core:/home/jone/ws_moveit/install/srdfdom:/home/jone/ws_moveit/install/rviz_marker_tools:/home/jone/ws_moveit/install/rosparam_shortcuts:/home/jone/ws_moveit/install/moveit_task_constructor_msgs:/home/jone/ws_moveit/install/moveit_resources_prbt_support:/home/jone/ws_moveit/install/moveit_resources:/home/jone/ws_moveit/install/moveit_common:/home/jone/ws_moveit/install/moveit_configs_utils:/home/jone/ws_moveit/install/launch_param_builder:/opt/ros/humble /usr/bin/cmake --install /home/jone/ws_moveit/build/moveit_resources
[5.065s] Level 1:colcon.colcon_core.environment:checking '/home/jone/ws_moveit/install/moveit_resources' for CMake config files
[5.065s] Level 1:colcon.colcon_core.shell:create_environment_hook('moveit_resources', 'cmake_prefix_path')
[5.066s] INFO:colcon.colcon_core.shell:Creating environment hook '/home/jone/ws_moveit/install/moveit_resources/share/moveit_resources/hook/cmake_prefix_path.ps1'
[5.066s] INFO:colcon.colcon_core.shell:Creating environment descriptor '/home/jone/ws_moveit/install/moveit_resources/share/moveit_resources/hook/cmake_prefix_path.dsv'
[5.066s] INFO:colcon.colcon_core.shell:Creating environment hook '/home/jone/ws_moveit/install/moveit_resources/share/moveit_resources/hook/cmake_prefix_path.sh'
[5.067s] Level 1:colcon.colcon_core.environment:checking '/home/jone/ws_moveit/install/moveit_resources/bin'
[5.067s] Level 1:colcon.colcon_core.environment:checking '/home/jone/ws_moveit/install/moveit_resources/lib/pkgconfig/moveit_resources.pc'
[5.067s] Level 1:colcon.colcon_core.environment:checking '/home/jone/ws_moveit/install/moveit_resources/lib/python3.10/site-packages'
[5.067s] Level 1:colcon.colcon_core.environment:checking '/home/jone/ws_moveit/install/moveit_resources/bin'
[5.067s] INFO:colcon.colcon_core.shell:Creating package script '/home/jone/ws_moveit/install/moveit_resources/share/moveit_resources/package.ps1'
[5.067s] INFO:colcon.colcon_core.shell:Creating package descriptor '/home/jone/ws_moveit/install/moveit_resources/share/moveit_resources/package.dsv'
[5.068s] INFO:colcon.colcon_core.shell:Creating package script '/home/jone/ws_moveit/install/moveit_resources/share/moveit_resources/package.sh'
[5.068s] INFO:colcon.colcon_core.shell:Creating package script '/home/jone/ws_moveit/install/moveit_resources/share/moveit_resources/package.bash'
[5.068s] INFO:colcon.colcon_core.shell:Creating package script '/home/jone/ws_moveit/install/moveit_resources/share/moveit_resources/package.zsh'
[5.069s] Level 1:colcon.colcon_core.environment:create_file_with_runtime_dependencies(/home/jone/ws_moveit/install/moveit_resources/share/colcon-core/packages/moveit_resources)
[5.069s] Level 1:colcon.colcon_core.environment:create_environment_scripts_only(moveit_resources)
[5.069s] Level 1:colcon.colcon_core.environment:checking '/home/jone/ws_moveit/install/moveit_resources' for CMake module files
[5.069s] Level 1:colcon.colcon_core.environment:checking '/home/jone/ws_moveit/install/moveit_resources' for CMake config files
[5.069s] Level 1:colcon.colcon_core.shell:create_environment_hook('moveit_resources', 'cmake_prefix_path')
[5.070s] INFO:colcon.colcon_core.shell:Creating environment hook '/home/jone/ws_moveit/install/moveit_resources/share/moveit_resources/hook/cmake_prefix_path.ps1'
[5.070s] INFO:colcon.colcon_core.shell:Creating environment descriptor '/home/jone/ws_moveit/install/moveit_resources/share/moveit_resources/hook/cmake_prefix_path.dsv'
[5.070s] INFO:colcon.colcon_core.shell:Creating environment hook '/home/jone/ws_moveit/install/moveit_resources/share/moveit_resources/hook/cmake_prefix_path.sh'
[5.070s] Level 1:colcon.colcon_core.environment:checking '/home/jone/ws_moveit/install/moveit_resources/bin'
[5.071s] Level 1:colcon.colcon_core.environment:checking '/home/jone/ws_moveit/install/moveit_resources/lib/pkgconfig/moveit_resources.pc'
[5.071s] Level 1:colcon.colcon_core.environment:checking '/home/jone/ws_moveit/install/moveit_resources/lib/python3.10/site-packages'
[5.071s] Level 1:colcon.colcon_core.environment:checking '/home/jone/ws_moveit/install/moveit_resources/bin'
[5.071s] INFO:colcon.colcon_core.shell:Creating package script '/home/jone/ws_moveit/install/moveit_resources/share/moveit_resources/package.ps1'
[5.071s] INFO:colcon.colcon_core.shell:Creating package descriptor '/home/jone/ws_moveit/install/moveit_resources/share/moveit_resources/package.dsv'
[5.072s] INFO:colcon.colcon_core.shell:Creating package script '/home/jone/ws_moveit/install/moveit_resources/share/moveit_resources/package.sh'
[5.072s] INFO:colcon.colcon_core.shell:Creating package script '/home/jone/ws_moveit/install/moveit_resources/share/moveit_resources/package.bash'
[5.072s] INFO:colcon.colcon_core.shell:Creating package script '/home/jone/ws_moveit/install/moveit_resources/share/moveit_resources/package.zsh'
[5.073s] Level 1:colcon.colcon_core.environment:create_file_with_runtime_dependencies(/home/jone/ws_moveit/install/moveit_resources/share/colcon-core/packages/moveit_resources)
[5.073s] DEBUG:colcon.colcon_core.executor.sequential:run_until_complete 'moveit_resources' finished with '0'
[5.073s] DEBUG:colcon.colcon_core.executor.sequential:run_until_complete 'chomp_motion_planner'
[5.073s] INFO:colcon.colcon_ros.task.ament_cmake.build:Building ROS package in '/home/jone/ws_moveit/src/moveit2/moveit_planners/chomp/chomp_motion_planner' with build type 'ament_cmake'
[5.073s] INFO:colcon.colcon_cmake.task.cmake.build:Building CMake package in '/home/jone/ws_moveit/src/moveit2/moveit_planners/chomp/chomp_motion_planner'
[5.073s] INFO:colcon.colcon_core.shell:Skip shell extension 'powershell' for command environment: Not usable outside of PowerShell
[5.073s] DEBUG:colcon.colcon_core.shell:Skip shell extension 'dsv' for command environment
[5.097s] DEBUG:colcon.colcon_core.event_handler.log_command:Invoking command in '/home/jone/ws_moveit/build/chomp_motion_planner': CMAKE_PREFIX_PATH=/home/jone/ws_moveit/install/moveit_core:/home/jone/ws_moveit/install/moveit_resources_panda_moveit_config:/home/jone/ws_moveit/install/srdfdom:/home/jone/ws_moveit/install/moveit_resources_pr2_description:/home/jone/ws_moveit/install/moveit_resources_panda_description:/home/jone/ws_moveit/install/moveit_common:/home/jone/ws_moveit/install/pilz_industrial_motion_planner_testutils:/home/jone/ws_moveit/install/moveit_runtime:/home/jone/ws_moveit/install/moveit2_tutorials:/home/jone/ws_moveit/install/moveit:/home/jone/ws_moveit/install/moveit_planners:/home/jone/ws_moveit/install/pilz_industrial_motion_planner:/home/jone/ws_moveit/install/moveit_visual_tools:/home/jone/ws_moveit/install/moveit_task_constructor_visualization:/home/jone/ws_moveit/install/moveit_task_constructor_demo:/home/jone/ws_moveit/install/moveit_task_constructor_capabilities:/home/jone/ws_moveit/install/moveit_task_constructor_core:/home/jone/ws_moveit/install/moveit_ros_control_interface:/home/jone/ws_moveit/install/moveit_plugins:/home/jone/ws_moveit/install/moveit_simple_controller_manager:/home/jone/ws_moveit/install/moveit_setup_assistant:/home/jone/ws_moveit/install/moveit_setup_srdf_plugins:/home/jone/ws_moveit/install/moveit_setup_core_plugins:/home/jone/ws_moveit/install/moveit_setup_controllers:/home/jone/ws_moveit/install/moveit_setup_app_plugins:/home/jone/ws_moveit/install/moveit_setup_framework:/home/jone/ws_moveit/install/moveit_servo:/home/jone/ws_moveit/install/moveit_ros:/home/jone/ws_moveit/install/moveit_ros_visualization:/home/jone/ws_moveit/install/moveit_hybrid_planning:/home/jone/ws_moveit/install/moveit_ros_planning_interface:/home/jone/ws_moveit/install/moveit_ros_benchmarks:/home/jone/ws_moveit/install/moveit_ros_warehouse:/home/jone/ws_moveit/install/moveit_ros_robot_interaction:/home/jone/ws_moveit/install/moveit_ros_perception:/home/jone/ws_moveit/install/moveit_resources_prbt_pg70_support:/home/jone/ws_moveit/install/moveit_resources_prbt_moveit_config:/home/jone/ws_moveit/install/moveit_ros_move_group:/home/jone/ws_moveit/install/moveit_planners_ompl:/home/jone/ws_moveit/install/moveit_ros_planning:/home/jone/ws_moveit/install/moveit_ros_occupancy_map_monitor:/home/jone/ws_moveit/install/moveit_resources_prbt_ikfast_manipulator_plugin:/home/jone/ws_moveit/install/moveit_planners_chomp:/home/jone/ws_moveit/install/moveit_kinematics:/home/jone/ws_moveit/install/moveit_chomp_optimizer_adapter:/home/jone/ws_moveit/install/chomp_motion_planner:/home/jone/ws_moveit/install/rviz_marker_tools:/home/jone/ws_moveit/install/rosparam_shortcuts:/home/jone/ws_moveit/install/moveit_task_constructor_msgs:/home/jone/ws_moveit/install/moveit_resources_prbt_support:/home/jone/ws_moveit/install/moveit_resources:/home/jone/ws_moveit/install/moveit_resources_fanuc_moveit_config:/home/jone/ws_moveit/install/moveit_resources_fanuc_description:/home/jone/ws_moveit/install/moveit_configs_utils:/home/jone/ws_moveit/install/launch_param_builder:/opt/ros/humble LD_LIBRARY_PATH=/home/jone/ws_moveit/install/moveit_core/lib:/home/jone/ws_moveit/install/srdfdom/lib:/home/jone/ws_moveit/install/pilz_industrial_motion_planner_testutils/lib:/home/jone/ws_moveit/install/pilz_industrial_motion_planner/lib:/home/jone/ws_moveit/install/moveit_visual_tools/lib:/home/jone/ws_moveit/install/moveit_task_constructor_visualization/lib:/home/jone/ws_moveit/install/moveit_task_constructor_demo/lib:/home/jone/ws_moveit/install/moveit_task_constructor_capabilities/lib:/home/jone/ws_moveit/install/moveit_task_constructor_core/lib:/home/jone/ws_moveit/install/moveit_ros_control_interface/lib:/home/jone/ws_moveit/install/moveit_simple_controller_manager/lib:/home/jone/ws_moveit/install/moveit_setup_assistant/lib:/home/jone/ws_moveit/install/moveit_setup_srdf_plugins/lib:/home/jone/ws_moveit/install/moveit_setup_core_plugins/lib:/home/jone/ws_moveit/install/moveit_setup_controllers/lib:/home/jone/ws_moveit/install/moveit_setup_app_plugins/lib:/home/jone/ws_moveit/install/moveit_setup_framework/lib:/home/jone/ws_moveit/install/moveit_servo/lib:/home/jone/ws_moveit/install/moveit_ros_visualization/lib:/home/jone/ws_moveit/install/moveit_hybrid_planning/lib:/home/jone/ws_moveit/install/moveit_ros_planning_interface/lib:/home/jone/ws_moveit/install/moveit_ros_benchmarks/lib:/home/jone/ws_moveit/install/moveit_ros_warehouse/lib:/home/jone/ws_moveit/install/moveit_ros_robot_interaction/lib:/home/jone/ws_moveit/install/moveit_ros_perception/lib:/home/jone/ws_moveit/install/moveit_ros_move_group/lib:/home/jone/ws_moveit/install/moveit_planners_ompl/lib:/home/jone/ws_moveit/install/moveit_ros_planning/lib:/home/jone/ws_moveit/install/moveit_ros_occupancy_map_monitor/lib:/home/jone/ws_moveit/install/moveit_resources_prbt_ikfast_manipulator_plugin/lib:/home/jone/ws_moveit/install/moveit_planners_chomp/lib:/home/jone/ws_moveit/install/moveit_kinematics/lib:/home/jone/ws_moveit/install/moveit_chomp_optimizer_adapter/lib:/home/jone/ws_moveit/install/chomp_motion_planner/lib:/home/jone/ws_moveit/install/rviz_marker_tools/lib:/home/jone/ws_moveit/install/rosparam_shortcuts/lib:/home/jone/ws_moveit/install/moveit_task_constructor_msgs/lib:/opt/ros/humble/opt/rviz_ogre_vendor/lib:/opt/ros/humble/lib/x86_64-linux-gnu:/opt/ros/humble/lib:/usr/lib/x86_64-linux-gnu/gazebo-11/plugins:/usr/lib/x86_64-linux-gnu/gazebo-11/plugins:/usr/lib/x86_64-linux-gnu/gazebo-11/plugins /usr/bin/cmake --build /home/jone/ws_moveit/build/chomp_motion_planner -- -j16 -l16
[5.221s] DEBUG:colcon.colcon_core.event_handler.log_command:Invoked command in '/home/jone/ws_moveit/build/chomp_motion_planner' returned '0': CMAKE_PREFIX_PATH=/home/jone/ws_moveit/install/moveit_core:/home/jone/ws_moveit/install/moveit_resources_panda_moveit_config:/home/jone/ws_moveit/install/srdfdom:/home/jone/ws_moveit/install/moveit_resources_pr2_description:/home/jone/ws_moveit/install/moveit_resources_panda_description:/home/jone/ws_moveit/install/moveit_common:/home/jone/ws_moveit/install/pilz_industrial_motion_planner_testutils:/home/jone/ws_moveit/install/moveit_runtime:/home/jone/ws_moveit/install/moveit2_tutorials:/home/jone/ws_moveit/install/moveit:/home/jone/ws_moveit/install/moveit_planners:/home/jone/ws_moveit/install/pilz_industrial_motion_planner:/home/jone/ws_moveit/install/moveit_visual_tools:/home/jone/ws_moveit/install/moveit_task_constructor_visualization:/home/jone/ws_moveit/install/moveit_task_constructor_demo:/home/jone/ws_moveit/install/moveit_task_constructor_capabilities:/home/jone/ws_moveit/install/moveit_task_constructor_core:/home/jone/ws_moveit/install/moveit_ros_control_interface:/home/jone/ws_moveit/install/moveit_plugins:/home/jone/ws_moveit/install/moveit_simple_controller_manager:/home/jone/ws_moveit/install/moveit_setup_assistant:/home/jone/ws_moveit/install/moveit_setup_srdf_plugins:/home/jone/ws_moveit/install/moveit_setup_core_plugins:/home/jone/ws_moveit/install/moveit_setup_controllers:/home/jone/ws_moveit/install/moveit_setup_app_plugins:/home/jone/ws_moveit/install/moveit_setup_framework:/home/jone/ws_moveit/install/moveit_servo:/home/jone/ws_moveit/install/moveit_ros:/home/jone/ws_moveit/install/moveit_ros_visualization:/home/jone/ws_moveit/install/moveit_hybrid_planning:/home/jone/ws_moveit/install/moveit_ros_planning_interface:/home/jone/ws_moveit/install/moveit_ros_benchmarks:/home/jone/ws_moveit/install/moveit_ros_warehouse:/home/jone/ws_moveit/install/moveit_ros_robot_interaction:/home/jone/ws_moveit/install/moveit_ros_perception:/home/jone/ws_moveit/install/moveit_resources_prbt_pg70_support:/home/jone/ws_moveit/install/moveit_resources_prbt_moveit_config:/home/jone/ws_moveit/install/moveit_ros_move_group:/home/jone/ws_moveit/install/moveit_planners_ompl:/home/jone/ws_moveit/install/moveit_ros_planning:/home/jone/ws_moveit/install/moveit_ros_occupancy_map_monitor:/home/jone/ws_moveit/install/moveit_resources_prbt_ikfast_manipulator_plugin:/home/jone/ws_moveit/install/moveit_planners_chomp:/home/jone/ws_moveit/install/moveit_kinematics:/home/jone/ws_moveit/install/moveit_chomp_optimizer_adapter:/home/jone/ws_moveit/install/chomp_motion_planner:/home/jone/ws_moveit/install/rviz_marker_tools:/home/jone/ws_moveit/install/rosparam_shortcuts:/home/jone/ws_moveit/install/moveit_task_constructor_msgs:/home/jone/ws_moveit/install/moveit_resources_prbt_support:/home/jone/ws_moveit/install/moveit_resources:/home/jone/ws_moveit/install/moveit_resources_fanuc_moveit_config:/home/jone/ws_moveit/install/moveit_resources_fanuc_description:/home/jone/ws_moveit/install/moveit_configs_utils:/home/jone/ws_moveit/install/launch_param_builder:/opt/ros/humble LD_LIBRARY_PATH=/home/jone/ws_moveit/install/moveit_core/lib:/home/jone/ws_moveit/install/srdfdom/lib:/home/jone/ws_moveit/install/pilz_industrial_motion_planner_testutils/lib:/home/jone/ws_moveit/install/pilz_industrial_motion_planner/lib:/home/jone/ws_moveit/install/moveit_visual_tools/lib:/home/jone/ws_moveit/install/moveit_task_constructor_visualization/lib:/home/jone/ws_moveit/install/moveit_task_constructor_demo/lib:/home/jone/ws_moveit/install/moveit_task_constructor_capabilities/lib:/home/jone/ws_moveit/install/moveit_task_constructor_core/lib:/home/jone/ws_moveit/install/moveit_ros_control_interface/lib:/home/jone/ws_moveit/install/moveit_simple_controller_manager/lib:/home/jone/ws_moveit/install/moveit_setup_assistant/lib:/home/jone/ws_moveit/install/moveit_setup_srdf_plugins/lib:/home/jone/ws_moveit/install/moveit_setup_core_plugins/lib:/home/jone/ws_moveit/install/moveit_setup_controllers/lib:/home/jone/ws_moveit/install/moveit_setup_app_plugins/lib:/home/jone/ws_moveit/install/moveit_setup_framework/lib:/home/jone/ws_moveit/install/moveit_servo/lib:/home/jone/ws_moveit/install/moveit_ros_visualization/lib:/home/jone/ws_moveit/install/moveit_hybrid_planning/lib:/home/jone/ws_moveit/install/moveit_ros_planning_interface/lib:/home/jone/ws_moveit/install/moveit_ros_benchmarks/lib:/home/jone/ws_moveit/install/moveit_ros_warehouse/lib:/home/jone/ws_moveit/install/moveit_ros_robot_interaction/lib:/home/jone/ws_moveit/install/moveit_ros_perception/lib:/home/jone/ws_moveit/install/moveit_ros_move_group/lib:/home/jone/ws_moveit/install/moveit_planners_ompl/lib:/home/jone/ws_moveit/install/moveit_ros_planning/lib:/home/jone/ws_moveit/install/moveit_ros_occupancy_map_monitor/lib:/home/jone/ws_moveit/install/moveit_resources_prbt_ikfast_manipulator_plugin/lib:/home/jone/ws_moveit/install/moveit_planners_chomp/lib:/home/jone/ws_moveit/install/moveit_kinematics/lib:/home/jone/ws_moveit/install/moveit_chomp_optimizer_adapter/lib:/home/jone/ws_moveit/install/chomp_motion_planner/lib:/home/jone/ws_moveit/install/rviz_marker_tools/lib:/home/jone/ws_moveit/install/rosparam_shortcuts/lib:/home/jone/ws_moveit/install/moveit_task_constructor_msgs/lib:/opt/ros/humble/opt/rviz_ogre_vendor/lib:/opt/ros/humble/lib/x86_64-linux-gnu:/opt/ros/humble/lib:/usr/lib/x86_64-linux-gnu/gazebo-11/plugins:/usr/lib/x86_64-linux-gnu/gazebo-11/plugins:/usr/lib/x86_64-linux-gnu/gazebo-11/plugins /usr/bin/cmake --build /home/jone/ws_moveit/build/chomp_motion_planner -- -j16 -l16
[5.223s] DEBUG:colcon.colcon_core.event_handler.log_command:Invoking command in '/home/jone/ws_moveit/build/chomp_motion_planner': CMAKE_PREFIX_PATH=/home/jone/ws_moveit/install/moveit_core:/home/jone/ws_moveit/install/moveit_resources_panda_moveit_config:/home/jone/ws_moveit/install/srdfdom:/home/jone/ws_moveit/install/moveit_resources_pr2_description:/home/jone/ws_moveit/install/moveit_resources_panda_description:/home/jone/ws_moveit/install/moveit_common:/home/jone/ws_moveit/install/pilz_industrial_motion_planner_testutils:/home/jone/ws_moveit/install/moveit_runtime:/home/jone/ws_moveit/install/moveit2_tutorials:/home/jone/ws_moveit/install/moveit:/home/jone/ws_moveit/install/moveit_planners:/home/jone/ws_moveit/install/pilz_industrial_motion_planner:/home/jone/ws_moveit/install/moveit_visual_tools:/home/jone/ws_moveit/install/moveit_task_constructor_visualization:/home/jone/ws_moveit/install/moveit_task_constructor_demo:/home/jone/ws_moveit/install/moveit_task_constructor_capabilities:/home/jone/ws_moveit/install/moveit_task_constructor_core:/home/jone/ws_moveit/install/moveit_ros_control_interface:/home/jone/ws_moveit/install/moveit_plugins:/home/jone/ws_moveit/install/moveit_simple_controller_manager:/home/jone/ws_moveit/install/moveit_setup_assistant:/home/jone/ws_moveit/install/moveit_setup_srdf_plugins:/home/jone/ws_moveit/install/moveit_setup_core_plugins:/home/jone/ws_moveit/install/moveit_setup_controllers:/home/jone/ws_moveit/install/moveit_setup_app_plugins:/home/jone/ws_moveit/install/moveit_setup_framework:/home/jone/ws_moveit/install/moveit_servo:/home/jone/ws_moveit/install/moveit_ros:/home/jone/ws_moveit/install/moveit_ros_visualization:/home/jone/ws_moveit/install/moveit_hybrid_planning:/home/jone/ws_moveit/install/moveit_ros_planning_interface:/home/jone/ws_moveit/install/moveit_ros_benchmarks:/home/jone/ws_moveit/install/moveit_ros_warehouse:/home/jone/ws_moveit/install/moveit_ros_robot_interaction:/home/jone/ws_moveit/install/moveit_ros_perception:/home/jone/ws_moveit/install/moveit_resources_prbt_pg70_support:/home/jone/ws_moveit/install/moveit_resources_prbt_moveit_config:/home/jone/ws_moveit/install/moveit_ros_move_group:/home/jone/ws_moveit/install/moveit_planners_ompl:/home/jone/ws_moveit/install/moveit_ros_planning:/home/jone/ws_moveit/install/moveit_ros_occupancy_map_monitor:/home/jone/ws_moveit/install/moveit_resources_prbt_ikfast_manipulator_plugin:/home/jone/ws_moveit/install/moveit_planners_chomp:/home/jone/ws_moveit/install/moveit_kinematics:/home/jone/ws_moveit/install/moveit_chomp_optimizer_adapter:/home/jone/ws_moveit/install/chomp_motion_planner:/home/jone/ws_moveit/install/rviz_marker_tools:/home/jone/ws_moveit/install/rosparam_shortcuts:/home/jone/ws_moveit/install/moveit_task_constructor_msgs:/home/jone/ws_moveit/install/moveit_resources_prbt_support:/home/jone/ws_moveit/install/moveit_resources:/home/jone/ws_moveit/install/moveit_resources_fanuc_moveit_config:/home/jone/ws_moveit/install/moveit_resources_fanuc_description:/home/jone/ws_moveit/install/moveit_configs_utils:/home/jone/ws_moveit/install/launch_param_builder:/opt/ros/humble LD_LIBRARY_PATH=/home/jone/ws_moveit/install/moveit_core/lib:/home/jone/ws_moveit/install/srdfdom/lib:/home/jone/ws_moveit/install/pilz_industrial_motion_planner_testutils/lib:/home/jone/ws_moveit/install/pilz_industrial_motion_planner/lib:/home/jone/ws_moveit/install/moveit_visual_tools/lib:/home/jone/ws_moveit/install/moveit_task_constructor_visualization/lib:/home/jone/ws_moveit/install/moveit_task_constructor_demo/lib:/home/jone/ws_moveit/install/moveit_task_constructor_capabilities/lib:/home/jone/ws_moveit/install/moveit_task_constructor_core/lib:/home/jone/ws_moveit/install/moveit_ros_control_interface/lib:/home/jone/ws_moveit/install/moveit_simple_controller_manager/lib:/home/jone/ws_moveit/install/moveit_setup_assistant/lib:/home/jone/ws_moveit/install/moveit_setup_srdf_plugins/lib:/home/jone/ws_moveit/install/moveit_setup_core_plugins/lib:/home/jone/ws_moveit/install/moveit_setup_controllers/lib:/home/jone/ws_moveit/install/moveit_setup_app_plugins/lib:/home/jone/ws_moveit/install/moveit_setup_framework/lib:/home/jone/ws_moveit/install/moveit_servo/lib:/home/jone/ws_moveit/install/moveit_ros_visualization/lib:/home/jone/ws_moveit/install/moveit_hybrid_planning/lib:/home/jone/ws_moveit/install/moveit_ros_planning_interface/lib:/home/jone/ws_moveit/install/moveit_ros_benchmarks/lib:/home/jone/ws_moveit/install/moveit_ros_warehouse/lib:/home/jone/ws_moveit/install/moveit_ros_robot_interaction/lib:/home/jone/ws_moveit/install/moveit_ros_perception/lib:/home/jone/ws_moveit/install/moveit_ros_move_group/lib:/home/jone/ws_moveit/install/moveit_planners_ompl/lib:/home/jone/ws_moveit/install/moveit_ros_planning/lib:/home/jone/ws_moveit/install/moveit_ros_occupancy_map_monitor/lib:/home/jone/ws_moveit/install/moveit_resources_prbt_ikfast_manipulator_plugin/lib:/home/jone/ws_moveit/install/moveit_planners_chomp/lib:/home/jone/ws_moveit/install/moveit_kinematics/lib:/home/jone/ws_moveit/install/moveit_chomp_optimizer_adapter/lib:/home/jone/ws_moveit/install/chomp_motion_planner/lib:/home/jone/ws_moveit/install/rviz_marker_tools/lib:/home/jone/ws_moveit/install/rosparam_shortcuts/lib:/home/jone/ws_moveit/install/moveit_task_constructor_msgs/lib:/opt/ros/humble/opt/rviz_ogre_vendor/lib:/opt/ros/humble/lib/x86_64-linux-gnu:/opt/ros/humble/lib:/usr/lib/x86_64-linux-gnu/gazebo-11/plugins:/usr/lib/x86_64-linux-gnu/gazebo-11/plugins:/usr/lib/x86_64-linux-gnu/gazebo-11/plugins /usr/bin/cmake --install /home/jone/ws_moveit/build/chomp_motion_planner
[5.238s] Level 1:colcon.colcon_core.environment:create_environment_scripts_only(chomp_motion_planner)
[5.238s] Level 1:colcon.colcon_core.environment:checking '/home/jone/ws_moveit/install/chomp_motion_planner' for CMake module files
[5.239s] DEBUG:colcon.colcon_core.event_handler.log_command:Invoked command in '/home/jone/ws_moveit/build/chomp_motion_planner' returned '0': CMAKE_PREFIX_PATH=/home/jone/ws_moveit/install/moveit_core:/home/jone/ws_moveit/install/moveit_resources_panda_moveit_config:/home/jone/ws_moveit/install/srdfdom:/home/jone/ws_moveit/install/moveit_resources_pr2_description:/home/jone/ws_moveit/install/moveit_resources_panda_description:/home/jone/ws_moveit/install/moveit_common:/home/jone/ws_moveit/install/pilz_industrial_motion_planner_testutils:/home/jone/ws_moveit/install/moveit_runtime:/home/jone/ws_moveit/install/moveit2_tutorials:/home/jone/ws_moveit/install/moveit:/home/jone/ws_moveit/install/moveit_planners:/home/jone/ws_moveit/install/pilz_industrial_motion_planner:/home/jone/ws_moveit/install/moveit_visual_tools:/home/jone/ws_moveit/install/moveit_task_constructor_visualization:/home/jone/ws_moveit/install/moveit_task_constructor_demo:/home/jone/ws_moveit/install/moveit_task_constructor_capabilities:/home/jone/ws_moveit/install/moveit_task_constructor_core:/home/jone/ws_moveit/install/moveit_ros_control_interface:/home/jone/ws_moveit/install/moveit_plugins:/home/jone/ws_moveit/install/moveit_simple_controller_manager:/home/jone/ws_moveit/install/moveit_setup_assistant:/home/jone/ws_moveit/install/moveit_setup_srdf_plugins:/home/jone/ws_moveit/install/moveit_setup_core_plugins:/home/jone/ws_moveit/install/moveit_setup_controllers:/home/jone/ws_moveit/install/moveit_setup_app_plugins:/home/jone/ws_moveit/install/moveit_setup_framework:/home/jone/ws_moveit/install/moveit_servo:/home/jone/ws_moveit/install/moveit_ros:/home/jone/ws_moveit/install/moveit_ros_visualization:/home/jone/ws_moveit/install/moveit_hybrid_planning:/home/jone/ws_moveit/install/moveit_ros_planning_interface:/home/jone/ws_moveit/install/moveit_ros_benchmarks:/home/jone/ws_moveit/install/moveit_ros_warehouse:/home/jone/ws_moveit/install/moveit_ros_robot_interaction:/home/jone/ws_moveit/install/moveit_ros_perception:/home/jone/ws_moveit/install/moveit_resources_prbt_pg70_support:/home/jone/ws_moveit/install/moveit_resources_prbt_moveit_config:/home/jone/ws_moveit/install/moveit_ros_move_group:/home/jone/ws_moveit/install/moveit_planners_ompl:/home/jone/ws_moveit/install/moveit_ros_planning:/home/jone/ws_moveit/install/moveit_ros_occupancy_map_monitor:/home/jone/ws_moveit/install/moveit_resources_prbt_ikfast_manipulator_plugin:/home/jone/ws_moveit/install/moveit_planners_chomp:/home/jone/ws_moveit/install/moveit_kinematics:/home/jone/ws_moveit/install/moveit_chomp_optimizer_adapter:/home/jone/ws_moveit/install/chomp_motion_planner:/home/jone/ws_moveit/install/rviz_marker_tools:/home/jone/ws_moveit/install/rosparam_shortcuts:/home/jone/ws_moveit/install/moveit_task_constructor_msgs:/home/jone/ws_moveit/install/moveit_resources_prbt_support:/home/jone/ws_moveit/install/moveit_resources:/home/jone/ws_moveit/install/moveit_resources_fanuc_moveit_config:/home/jone/ws_moveit/install/moveit_resources_fanuc_description:/home/jone/ws_moveit/install/moveit_configs_utils:/home/jone/ws_moveit/install/launch_param_builder:/opt/ros/humble LD_LIBRARY_PATH=/home/jone/ws_moveit/install/moveit_core/lib:/home/jone/ws_moveit/install/srdfdom/lib:/home/jone/ws_moveit/install/pilz_industrial_motion_planner_testutils/lib:/home/jone/ws_moveit/install/pilz_industrial_motion_planner/lib:/home/jone/ws_moveit/install/moveit_visual_tools/lib:/home/jone/ws_moveit/install/moveit_task_constructor_visualization/lib:/home/jone/ws_moveit/install/moveit_task_constructor_demo/lib:/home/jone/ws_moveit/install/moveit_task_constructor_capabilities/lib:/home/jone/ws_moveit/install/moveit_task_constructor_core/lib:/home/jone/ws_moveit/install/moveit_ros_control_interface/lib:/home/jone/ws_moveit/install/moveit_simple_controller_manager/lib:/home/jone/ws_moveit/install/moveit_setup_assistant/lib:/home/jone/ws_moveit/install/moveit_setup_srdf_plugins/lib:/home/jone/ws_moveit/install/moveit_setup_core_plugins/lib:/home/jone/ws_moveit/install/moveit_setup_controllers/lib:/home/jone/ws_moveit/install/moveit_setup_app_plugins/lib:/home/jone/ws_moveit/install/moveit_setup_framework/lib:/home/jone/ws_moveit/install/moveit_servo/lib:/home/jone/ws_moveit/install/moveit_ros_visualization/lib:/home/jone/ws_moveit/install/moveit_hybrid_planning/lib:/home/jone/ws_moveit/install/moveit_ros_planning_interface/lib:/home/jone/ws_moveit/install/moveit_ros_benchmarks/lib:/home/jone/ws_moveit/install/moveit_ros_warehouse/lib:/home/jone/ws_moveit/install/moveit_ros_robot_interaction/lib:/home/jone/ws_moveit/install/moveit_ros_perception/lib:/home/jone/ws_moveit/install/moveit_ros_move_group/lib:/home/jone/ws_moveit/install/moveit_planners_ompl/lib:/home/jone/ws_moveit/install/moveit_ros_planning/lib:/home/jone/ws_moveit/install/moveit_ros_occupancy_map_monitor/lib:/home/jone/ws_moveit/install/moveit_resources_prbt_ikfast_manipulator_plugin/lib:/home/jone/ws_moveit/install/moveit_planners_chomp/lib:/home/jone/ws_moveit/install/moveit_kinematics/lib:/home/jone/ws_moveit/install/moveit_chomp_optimizer_adapter/lib:/home/jone/ws_moveit/install/chomp_motion_planner/lib:/home/jone/ws_moveit/install/rviz_marker_tools/lib:/home/jone/ws_moveit/install/rosparam_shortcuts/lib:/home/jone/ws_moveit/install/moveit_task_constructor_msgs/lib:/opt/ros/humble/opt/rviz_ogre_vendor/lib:/opt/ros/humble/lib/x86_64-linux-gnu:/opt/ros/humble/lib:/usr/lib/x86_64-linux-gnu/gazebo-11/plugins:/usr/lib/x86_64-linux-gnu/gazebo-11/plugins:/usr/lib/x86_64-linux-gnu/gazebo-11/plugins /usr/bin/cmake --install /home/jone/ws_moveit/build/chomp_motion_planner
[5.239s] Level 1:colcon.colcon_core.environment:checking '/home/jone/ws_moveit/install/chomp_motion_planner' for CMake config files
[5.239s] Level 1:colcon.colcon_core.shell:create_environment_hook('chomp_motion_planner', 'cmake_prefix_path')
[5.240s] INFO:colcon.colcon_core.shell:Creating environment hook '/home/jone/ws_moveit/install/chomp_motion_planner/share/chomp_motion_planner/hook/cmake_prefix_path.ps1'
[5.240s] INFO:colcon.colcon_core.shell:Creating environment descriptor '/home/jone/ws_moveit/install/chomp_motion_planner/share/chomp_motion_planner/hook/cmake_prefix_path.dsv'
[5.240s] INFO:colcon.colcon_core.shell:Creating environment hook '/home/jone/ws_moveit/install/chomp_motion_planner/share/chomp_motion_planner/hook/cmake_prefix_path.sh'
[5.241s] Level 1:colcon.colcon_core.environment:checking '/home/jone/ws_moveit/install/chomp_motion_planner/lib'
[5.241s] Level 1:colcon.colcon_core.shell:create_environment_hook('chomp_motion_planner', 'ld_library_path_lib')
[5.241s] INFO:colcon.colcon_core.shell:Creating environment hook '/home/jone/ws_moveit/install/chomp_motion_planner/share/chomp_motion_planner/hook/ld_library_path_lib.ps1'
[5.241s] INFO:colcon.colcon_core.shell:Creating environment descriptor '/home/jone/ws_moveit/install/chomp_motion_planner/share/chomp_motion_planner/hook/ld_library_path_lib.dsv'
[5.241s] INFO:colcon.colcon_core.shell:Creating environment hook '/home/jone/ws_moveit/install/chomp_motion_planner/share/chomp_motion_planner/hook/ld_library_path_lib.sh'
[5.242s] Level 1:colcon.colcon_core.environment:checking '/home/jone/ws_moveit/install/chomp_motion_planner/bin'
[5.242s] Level 1:colcon.colcon_core.environment:checking '/home/jone/ws_moveit/install/chomp_motion_planner/lib/pkgconfig/chomp_motion_planner.pc'
[5.242s] Level 1:colcon.colcon_core.environment:checking '/home/jone/ws_moveit/install/chomp_motion_planner/lib/python3.10/site-packages'
[5.242s] Level 1:colcon.colcon_core.environment:checking '/home/jone/ws_moveit/install/chomp_motion_planner/bin'
[5.242s] INFO:colcon.colcon_core.shell:Creating package script '/home/jone/ws_moveit/install/chomp_motion_planner/share/chomp_motion_planner/package.ps1'
[5.243s] INFO:colcon.colcon_core.shell:Creating package descriptor '/home/jone/ws_moveit/install/chomp_motion_planner/share/chomp_motion_planner/package.dsv'
[5.243s] INFO:colcon.colcon_core.shell:Creating package script '/home/jone/ws_moveit/install/chomp_motion_planner/share/chomp_motion_planner/package.sh'
[5.243s] INFO:colcon.colcon_core.shell:Creating package script '/home/jone/ws_moveit/install/chomp_motion_planner/share/chomp_motion_planner/package.bash'
[5.243s] INFO:colcon.colcon_core.shell:Creating package script '/home/jone/ws_moveit/install/chomp_motion_planner/share/chomp_motion_planner/package.zsh'
[5.244s] Level 1:colcon.colcon_core.environment:create_file_with_runtime_dependencies(/home/jone/ws_moveit/install/chomp_motion_planner/share/colcon-core/packages/chomp_motion_planner)
[5.244s] Level 1:colcon.colcon_core.environment:create_environment_scripts_only(chomp_motion_planner)
[5.244s] Level 1:colcon.colcon_core.environment:checking '/home/jone/ws_moveit/install/chomp_motion_planner' for CMake module files
[5.244s] Level 1:colcon.colcon_core.environment:checking '/home/jone/ws_moveit/install/chomp_motion_planner' for CMake config files
[5.245s] Level 1:colcon.colcon_core.shell:create_environment_hook('chomp_motion_planner', 'cmake_prefix_path')
[5.245s] INFO:colcon.colcon_core.shell:Creating environment hook '/home/jone/ws_moveit/install/chomp_motion_planner/share/chomp_motion_planner/hook/cmake_prefix_path.ps1'
[5.245s] INFO:colcon.colcon_core.shell:Creating environment descriptor '/home/jone/ws_moveit/install/chomp_motion_planner/share/chomp_motion_planner/hook/cmake_prefix_path.dsv'
[5.245s] INFO:colcon.colcon_core.shell:Creating environment hook '/home/jone/ws_moveit/install/chomp_motion_planner/share/chomp_motion_planner/hook/cmake_prefix_path.sh'
[5.246s] Level 1:colcon.colcon_core.environment:checking '/home/jone/ws_moveit/install/chomp_motion_planner/lib'
[5.246s] Level 1:colcon.colcon_core.shell:create_environment_hook('chomp_motion_planner', 'ld_library_path_lib')
[5.246s] INFO:colcon.colcon_core.shell:Creating environment hook '/home/jone/ws_moveit/install/chomp_motion_planner/share/chomp_motion_planner/hook/ld_library_path_lib.ps1'
[5.246s] INFO:colcon.colcon_core.shell:Creating environment descriptor '/home/jone/ws_moveit/install/chomp_motion_planner/share/chomp_motion_planner/hook/ld_library_path_lib.dsv'
[5.246s] INFO:colcon.colcon_core.shell:Creating environment hook '/home/jone/ws_moveit/install/chomp_motion_planner/share/chomp_motion_planner/hook/ld_library_path_lib.sh'
[5.247s] Level 1:colcon.colcon_core.environment:checking '/home/jone/ws_moveit/install/chomp_motion_planner/bin'
[5.247s] Level 1:colcon.colcon_core.environment:checking '/home/jone/ws_moveit/install/chomp_motion_planner/lib/pkgconfig/chomp_motion_planner.pc'
[5.247s] Level 1:colcon.colcon_core.environment:checking '/home/jone/ws_moveit/install/chomp_motion_planner/lib/python3.10/site-packages'
[5.247s] Level 1:colcon.colcon_core.environment:checking '/home/jone/ws_moveit/install/chomp_motion_planner/bin'
[5.247s] INFO:colcon.colcon_core.shell:Creating package script '/home/jone/ws_moveit/install/chomp_motion_planner/share/chomp_motion_planner/package.ps1'
[5.248s] INFO:colcon.colcon_core.shell:Creating package descriptor '/home/jone/ws_moveit/install/chomp_motion_planner/share/chomp_motion_planner/package.dsv'
[5.248s] INFO:colcon.colcon_core.shell:Creating package script '/home/jone/ws_moveit/install/chomp_motion_planner/share/chomp_motion_planner/package.sh'
[5.248s] INFO:colcon.colcon_core.shell:Creating package script '/home/jone/ws_moveit/install/chomp_motion_planner/share/chomp_motion_planner/package.bash'
[5.249s] INFO:colcon.colcon_core.shell:Creating package script '/home/jone/ws_moveit/install/chomp_motion_planner/share/chomp_motion_planner/package.zsh'
[5.249s] Level 1:colcon.colcon_core.environment:create_file_with_runtime_dependencies(/home/jone/ws_moveit/install/chomp_motion_planner/share/colcon-core/packages/chomp_motion_planner)
[5.249s] DEBUG:colcon.colcon_core.executor.sequential:run_until_complete 'chomp_motion_planner' finished with '0'
[5.249s] DEBUG:colcon.colcon_core.executor.sequential:run_until_complete 'moveit_resources_prbt_ikfast_manipulator_plugin'
[5.249s] INFO:colcon.colcon_ros.task.ament_cmake.build:Building ROS package in '/home/jone/ws_moveit/src/moveit2/moveit_planners/test_configs/prbt_ikfast_manipulator_plugin' with build type 'ament_cmake'
[5.249s] INFO:colcon.colcon_cmake.task.cmake.build:Building CMake package in '/home/jone/ws_moveit/src/moveit2/moveit_planners/test_configs/prbt_ikfast_manipulator_plugin'
[5.250s] INFO:colcon.colcon_core.shell:Skip shell extension 'powershell' for command environment: Not usable outside of PowerShell
[5.250s] DEBUG:colcon.colcon_core.shell:Skip shell extension 'dsv' for command environment
[5.272s] DEBUG:colcon.colcon_core.event_handler.log_command:Invoking command in '/home/jone/ws_moveit/build/moveit_resources_prbt_ikfast_manipulator_plugin': CMAKE_PREFIX_PATH=/home/jone/ws_moveit/install/moveit_core:/home/jone/ws_moveit/install/moveit_resources_panda_moveit_config:/home/jone/ws_moveit/install/srdfdom:/home/jone/ws_moveit/install/moveit_resources_pr2_description:/home/jone/ws_moveit/install/moveit_resources_panda_description:/home/jone/ws_moveit/install/moveit_common:/home/jone/ws_moveit/install/pilz_industrial_motion_planner_testutils:/home/jone/ws_moveit/install/moveit_runtime:/home/jone/ws_moveit/install/moveit2_tutorials:/home/jone/ws_moveit/install/moveit:/home/jone/ws_moveit/install/moveit_planners:/home/jone/ws_moveit/install/pilz_industrial_motion_planner:/home/jone/ws_moveit/install/moveit_visual_tools:/home/jone/ws_moveit/install/moveit_task_constructor_visualization:/home/jone/ws_moveit/install/moveit_task_constructor_demo:/home/jone/ws_moveit/install/moveit_task_constructor_capabilities:/home/jone/ws_moveit/install/moveit_task_constructor_core:/home/jone/ws_moveit/install/moveit_ros_control_interface:/home/jone/ws_moveit/install/moveit_plugins:/home/jone/ws_moveit/install/moveit_simple_controller_manager:/home/jone/ws_moveit/install/moveit_setup_assistant:/home/jone/ws_moveit/install/moveit_setup_srdf_plugins:/home/jone/ws_moveit/install/moveit_setup_core_plugins:/home/jone/ws_moveit/install/moveit_setup_controllers:/home/jone/ws_moveit/install/moveit_setup_app_plugins:/home/jone/ws_moveit/install/moveit_setup_framework:/home/jone/ws_moveit/install/moveit_servo:/home/jone/ws_moveit/install/moveit_ros:/home/jone/ws_moveit/install/moveit_ros_visualization:/home/jone/ws_moveit/install/moveit_hybrid_planning:/home/jone/ws_moveit/install/moveit_ros_planning_interface:/home/jone/ws_moveit/install/moveit_ros_benchmarks:/home/jone/ws_moveit/install/moveit_ros_warehouse:/home/jone/ws_moveit/install/moveit_ros_robot_interaction:/home/jone/ws_moveit/install/moveit_ros_perception:/home/jone/ws_moveit/install/moveit_resources_prbt_pg70_support:/home/jone/ws_moveit/install/moveit_resources_prbt_moveit_config:/home/jone/ws_moveit/install/moveit_ros_move_group:/home/jone/ws_moveit/install/moveit_planners_ompl:/home/jone/ws_moveit/install/moveit_ros_planning:/home/jone/ws_moveit/install/moveit_ros_occupancy_map_monitor:/home/jone/ws_moveit/install/moveit_resources_prbt_ikfast_manipulator_plugin:/home/jone/ws_moveit/install/moveit_planners_chomp:/home/jone/ws_moveit/install/moveit_kinematics:/home/jone/ws_moveit/install/moveit_chomp_optimizer_adapter:/home/jone/ws_moveit/install/chomp_motion_planner:/home/jone/ws_moveit/install/rviz_marker_tools:/home/jone/ws_moveit/install/rosparam_shortcuts:/home/jone/ws_moveit/install/moveit_task_constructor_msgs:/home/jone/ws_moveit/install/moveit_resources_prbt_support:/home/jone/ws_moveit/install/moveit_resources:/home/jone/ws_moveit/install/moveit_resources_fanuc_moveit_config:/home/jone/ws_moveit/install/moveit_resources_fanuc_description:/home/jone/ws_moveit/install/moveit_configs_utils:/home/jone/ws_moveit/install/launch_param_builder:/opt/ros/humble LD_LIBRARY_PATH=/home/jone/ws_moveit/install/moveit_core/lib:/home/jone/ws_moveit/install/srdfdom/lib:/home/jone/ws_moveit/install/pilz_industrial_motion_planner_testutils/lib:/home/jone/ws_moveit/install/pilz_industrial_motion_planner/lib:/home/jone/ws_moveit/install/moveit_visual_tools/lib:/home/jone/ws_moveit/install/moveit_task_constructor_visualization/lib:/home/jone/ws_moveit/install/moveit_task_constructor_demo/lib:/home/jone/ws_moveit/install/moveit_task_constructor_capabilities/lib:/home/jone/ws_moveit/install/moveit_task_constructor_core/lib:/home/jone/ws_moveit/install/moveit_ros_control_interface/lib:/home/jone/ws_moveit/install/moveit_simple_controller_manager/lib:/home/jone/ws_moveit/install/moveit_setup_assistant/lib:/home/jone/ws_moveit/install/moveit_setup_srdf_plugins/lib:/home/jone/ws_moveit/install/moveit_setup_core_plugins/lib:/home/jone/ws_moveit/install/moveit_setup_controllers/lib:/home/jone/ws_moveit/install/moveit_setup_app_plugins/lib:/home/jone/ws_moveit/install/moveit_setup_framework/lib:/home/jone/ws_moveit/install/moveit_servo/lib:/home/jone/ws_moveit/install/moveit_ros_visualization/lib:/home/jone/ws_moveit/install/moveit_hybrid_planning/lib:/home/jone/ws_moveit/install/moveit_ros_planning_interface/lib:/home/jone/ws_moveit/install/moveit_ros_benchmarks/lib:/home/jone/ws_moveit/install/moveit_ros_warehouse/lib:/home/jone/ws_moveit/install/moveit_ros_robot_interaction/lib:/home/jone/ws_moveit/install/moveit_ros_perception/lib:/home/jone/ws_moveit/install/moveit_ros_move_group/lib:/home/jone/ws_moveit/install/moveit_planners_ompl/lib:/home/jone/ws_moveit/install/moveit_ros_planning/lib:/home/jone/ws_moveit/install/moveit_ros_occupancy_map_monitor/lib:/home/jone/ws_moveit/install/moveit_resources_prbt_ikfast_manipulator_plugin/lib:/home/jone/ws_moveit/install/moveit_planners_chomp/lib:/home/jone/ws_moveit/install/moveit_kinematics/lib:/home/jone/ws_moveit/install/moveit_chomp_optimizer_adapter/lib:/home/jone/ws_moveit/install/chomp_motion_planner/lib:/home/jone/ws_moveit/install/rviz_marker_tools/lib:/home/jone/ws_moveit/install/rosparam_shortcuts/lib:/home/jone/ws_moveit/install/moveit_task_constructor_msgs/lib:/opt/ros/humble/opt/rviz_ogre_vendor/lib:/opt/ros/humble/lib/x86_64-linux-gnu:/opt/ros/humble/lib:/usr/lib/x86_64-linux-gnu/gazebo-11/plugins:/usr/lib/x86_64-linux-gnu/gazebo-11/plugins:/usr/lib/x86_64-linux-gnu/gazebo-11/plugins /usr/bin/cmake --build /home/jone/ws_moveit/build/moveit_resources_prbt_ikfast_manipulator_plugin -- -j16 -l16
[5.376s] DEBUG:colcon.colcon_core.event_handler.log_command:Invoked command in '/home/jone/ws_moveit/build/moveit_resources_prbt_ikfast_manipulator_plugin' returned '0': CMAKE_PREFIX_PATH=/home/jone/ws_moveit/install/moveit_core:/home/jone/ws_moveit/install/moveit_resources_panda_moveit_config:/home/jone/ws_moveit/install/srdfdom:/home/jone/ws_moveit/install/moveit_resources_pr2_description:/home/jone/ws_moveit/install/moveit_resources_panda_description:/home/jone/ws_moveit/install/moveit_common:/home/jone/ws_moveit/install/pilz_industrial_motion_planner_testutils:/home/jone/ws_moveit/install/moveit_runtime:/home/jone/ws_moveit/install/moveit2_tutorials:/home/jone/ws_moveit/install/moveit:/home/jone/ws_moveit/install/moveit_planners:/home/jone/ws_moveit/install/pilz_industrial_motion_planner:/home/jone/ws_moveit/install/moveit_visual_tools:/home/jone/ws_moveit/install/moveit_task_constructor_visualization:/home/jone/ws_moveit/install/moveit_task_constructor_demo:/home/jone/ws_moveit/install/moveit_task_constructor_capabilities:/home/jone/ws_moveit/install/moveit_task_constructor_core:/home/jone/ws_moveit/install/moveit_ros_control_interface:/home/jone/ws_moveit/install/moveit_plugins:/home/jone/ws_moveit/install/moveit_simple_controller_manager:/home/jone/ws_moveit/install/moveit_setup_assistant:/home/jone/ws_moveit/install/moveit_setup_srdf_plugins:/home/jone/ws_moveit/install/moveit_setup_core_plugins:/home/jone/ws_moveit/install/moveit_setup_controllers:/home/jone/ws_moveit/install/moveit_setup_app_plugins:/home/jone/ws_moveit/install/moveit_setup_framework:/home/jone/ws_moveit/install/moveit_servo:/home/jone/ws_moveit/install/moveit_ros:/home/jone/ws_moveit/install/moveit_ros_visualization:/home/jone/ws_moveit/install/moveit_hybrid_planning:/home/jone/ws_moveit/install/moveit_ros_planning_interface:/home/jone/ws_moveit/install/moveit_ros_benchmarks:/home/jone/ws_moveit/install/moveit_ros_warehouse:/home/jone/ws_moveit/install/moveit_ros_robot_interaction:/home/jone/ws_moveit/install/moveit_ros_perception:/home/jone/ws_moveit/install/moveit_resources_prbt_pg70_support:/home/jone/ws_moveit/install/moveit_resources_prbt_moveit_config:/home/jone/ws_moveit/install/moveit_ros_move_group:/home/jone/ws_moveit/install/moveit_planners_ompl:/home/jone/ws_moveit/install/moveit_ros_planning:/home/jone/ws_moveit/install/moveit_ros_occupancy_map_monitor:/home/jone/ws_moveit/install/moveit_resources_prbt_ikfast_manipulator_plugin:/home/jone/ws_moveit/install/moveit_planners_chomp:/home/jone/ws_moveit/install/moveit_kinematics:/home/jone/ws_moveit/install/moveit_chomp_optimizer_adapter:/home/jone/ws_moveit/install/chomp_motion_planner:/home/jone/ws_moveit/install/rviz_marker_tools:/home/jone/ws_moveit/install/rosparam_shortcuts:/home/jone/ws_moveit/install/moveit_task_constructor_msgs:/home/jone/ws_moveit/install/moveit_resources_prbt_support:/home/jone/ws_moveit/install/moveit_resources:/home/jone/ws_moveit/install/moveit_resources_fanuc_moveit_config:/home/jone/ws_moveit/install/moveit_resources_fanuc_description:/home/jone/ws_moveit/install/moveit_configs_utils:/home/jone/ws_moveit/install/launch_param_builder:/opt/ros/humble LD_LIBRARY_PATH=/home/jone/ws_moveit/install/moveit_core/lib:/home/jone/ws_moveit/install/srdfdom/lib:/home/jone/ws_moveit/install/pilz_industrial_motion_planner_testutils/lib:/home/jone/ws_moveit/install/pilz_industrial_motion_planner/lib:/home/jone/ws_moveit/install/moveit_visual_tools/lib:/home/jone/ws_moveit/install/moveit_task_constructor_visualization/lib:/home/jone/ws_moveit/install/moveit_task_constructor_demo/lib:/home/jone/ws_moveit/install/moveit_task_constructor_capabilities/lib:/home/jone/ws_moveit/install/moveit_task_constructor_core/lib:/home/jone/ws_moveit/install/moveit_ros_control_interface/lib:/home/jone/ws_moveit/install/moveit_simple_controller_manager/lib:/home/jone/ws_moveit/install/moveit_setup_assistant/lib:/home/jone/ws_moveit/install/moveit_setup_srdf_plugins/lib:/home/jone/ws_moveit/install/moveit_setup_core_plugins/lib:/home/jone/ws_moveit/install/moveit_setup_controllers/lib:/home/jone/ws_moveit/install/moveit_setup_app_plugins/lib:/home/jone/ws_moveit/install/moveit_setup_framework/lib:/home/jone/ws_moveit/install/moveit_servo/lib:/home/jone/ws_moveit/install/moveit_ros_visualization/lib:/home/jone/ws_moveit/install/moveit_hybrid_planning/lib:/home/jone/ws_moveit/install/moveit_ros_planning_interface/lib:/home/jone/ws_moveit/install/moveit_ros_benchmarks/lib:/home/jone/ws_moveit/install/moveit_ros_warehouse/lib:/home/jone/ws_moveit/install/moveit_ros_robot_interaction/lib:/home/jone/ws_moveit/install/moveit_ros_perception/lib:/home/jone/ws_moveit/install/moveit_ros_move_group/lib:/home/jone/ws_moveit/install/moveit_planners_ompl/lib:/home/jone/ws_moveit/install/moveit_ros_planning/lib:/home/jone/ws_moveit/install/moveit_ros_occupancy_map_monitor/lib:/home/jone/ws_moveit/install/moveit_resources_prbt_ikfast_manipulator_plugin/lib:/home/jone/ws_moveit/install/moveit_planners_chomp/lib:/home/jone/ws_moveit/install/moveit_kinematics/lib:/home/jone/ws_moveit/install/moveit_chomp_optimizer_adapter/lib:/home/jone/ws_moveit/install/chomp_motion_planner/lib:/home/jone/ws_moveit/install/rviz_marker_tools/lib:/home/jone/ws_moveit/install/rosparam_shortcuts/lib:/home/jone/ws_moveit/install/moveit_task_constructor_msgs/lib:/opt/ros/humble/opt/rviz_ogre_vendor/lib:/opt/ros/humble/lib/x86_64-linux-gnu:/opt/ros/humble/lib:/usr/lib/x86_64-linux-gnu/gazebo-11/plugins:/usr/lib/x86_64-linux-gnu/gazebo-11/plugins:/usr/lib/x86_64-linux-gnu/gazebo-11/plugins /usr/bin/cmake --build /home/jone/ws_moveit/build/moveit_resources_prbt_ikfast_manipulator_plugin -- -j16 -l16
[5.378s] DEBUG:colcon.colcon_core.event_handler.log_command:Invoking command in '/home/jone/ws_moveit/build/moveit_resources_prbt_ikfast_manipulator_plugin': CMAKE_PREFIX_PATH=/home/jone/ws_moveit/install/moveit_core:/home/jone/ws_moveit/install/moveit_resources_panda_moveit_config:/home/jone/ws_moveit/install/srdfdom:/home/jone/ws_moveit/install/moveit_resources_pr2_description:/home/jone/ws_moveit/install/moveit_resources_panda_description:/home/jone/ws_moveit/install/moveit_common:/home/jone/ws_moveit/install/pilz_industrial_motion_planner_testutils:/home/jone/ws_moveit/install/moveit_runtime:/home/jone/ws_moveit/install/moveit2_tutorials:/home/jone/ws_moveit/install/moveit:/home/jone/ws_moveit/install/moveit_planners:/home/jone/ws_moveit/install/pilz_industrial_motion_planner:/home/jone/ws_moveit/install/moveit_visual_tools:/home/jone/ws_moveit/install/moveit_task_constructor_visualization:/home/jone/ws_moveit/install/moveit_task_constructor_demo:/home/jone/ws_moveit/install/moveit_task_constructor_capabilities:/home/jone/ws_moveit/install/moveit_task_constructor_core:/home/jone/ws_moveit/install/moveit_ros_control_interface:/home/jone/ws_moveit/install/moveit_plugins:/home/jone/ws_moveit/install/moveit_simple_controller_manager:/home/jone/ws_moveit/install/moveit_setup_assistant:/home/jone/ws_moveit/install/moveit_setup_srdf_plugins:/home/jone/ws_moveit/install/moveit_setup_core_plugins:/home/jone/ws_moveit/install/moveit_setup_controllers:/home/jone/ws_moveit/install/moveit_setup_app_plugins:/home/jone/ws_moveit/install/moveit_setup_framework:/home/jone/ws_moveit/install/moveit_servo:/home/jone/ws_moveit/install/moveit_ros:/home/jone/ws_moveit/install/moveit_ros_visualization:/home/jone/ws_moveit/install/moveit_hybrid_planning:/home/jone/ws_moveit/install/moveit_ros_planning_interface:/home/jone/ws_moveit/install/moveit_ros_benchmarks:/home/jone/ws_moveit/install/moveit_ros_warehouse:/home/jone/ws_moveit/install/moveit_ros_robot_interaction:/home/jone/ws_moveit/install/moveit_ros_perception:/home/jone/ws_moveit/install/moveit_resources_prbt_pg70_support:/home/jone/ws_moveit/install/moveit_resources_prbt_moveit_config:/home/jone/ws_moveit/install/moveit_ros_move_group:/home/jone/ws_moveit/install/moveit_planners_ompl:/home/jone/ws_moveit/install/moveit_ros_planning:/home/jone/ws_moveit/install/moveit_ros_occupancy_map_monitor:/home/jone/ws_moveit/install/moveit_resources_prbt_ikfast_manipulator_plugin:/home/jone/ws_moveit/install/moveit_planners_chomp:/home/jone/ws_moveit/install/moveit_kinematics:/home/jone/ws_moveit/install/moveit_chomp_optimizer_adapter:/home/jone/ws_moveit/install/chomp_motion_planner:/home/jone/ws_moveit/install/rviz_marker_tools:/home/jone/ws_moveit/install/rosparam_shortcuts:/home/jone/ws_moveit/install/moveit_task_constructor_msgs:/home/jone/ws_moveit/install/moveit_resources_prbt_support:/home/jone/ws_moveit/install/moveit_resources:/home/jone/ws_moveit/install/moveit_resources_fanuc_moveit_config:/home/jone/ws_moveit/install/moveit_resources_fanuc_description:/home/jone/ws_moveit/install/moveit_configs_utils:/home/jone/ws_moveit/install/launch_param_builder:/opt/ros/humble LD_LIBRARY_PATH=/home/jone/ws_moveit/install/moveit_core/lib:/home/jone/ws_moveit/install/srdfdom/lib:/home/jone/ws_moveit/install/pilz_industrial_motion_planner_testutils/lib:/home/jone/ws_moveit/install/pilz_industrial_motion_planner/lib:/home/jone/ws_moveit/install/moveit_visual_tools/lib:/home/jone/ws_moveit/install/moveit_task_constructor_visualization/lib:/home/jone/ws_moveit/install/moveit_task_constructor_demo/lib:/home/jone/ws_moveit/install/moveit_task_constructor_capabilities/lib:/home/jone/ws_moveit/install/moveit_task_constructor_core/lib:/home/jone/ws_moveit/install/moveit_ros_control_interface/lib:/home/jone/ws_moveit/install/moveit_simple_controller_manager/lib:/home/jone/ws_moveit/install/moveit_setup_assistant/lib:/home/jone/ws_moveit/install/moveit_setup_srdf_plugins/lib:/home/jone/ws_moveit/install/moveit_setup_core_plugins/lib:/home/jone/ws_moveit/install/moveit_setup_controllers/lib:/home/jone/ws_moveit/install/moveit_setup_app_plugins/lib:/home/jone/ws_moveit/install/moveit_setup_framework/lib:/home/jone/ws_moveit/install/moveit_servo/lib:/home/jone/ws_moveit/install/moveit_ros_visualization/lib:/home/jone/ws_moveit/install/moveit_hybrid_planning/lib:/home/jone/ws_moveit/install/moveit_ros_planning_interface/lib:/home/jone/ws_moveit/install/moveit_ros_benchmarks/lib:/home/jone/ws_moveit/install/moveit_ros_warehouse/lib:/home/jone/ws_moveit/install/moveit_ros_robot_interaction/lib:/home/jone/ws_moveit/install/moveit_ros_perception/lib:/home/jone/ws_moveit/install/moveit_ros_move_group/lib:/home/jone/ws_moveit/install/moveit_planners_ompl/lib:/home/jone/ws_moveit/install/moveit_ros_planning/lib:/home/jone/ws_moveit/install/moveit_ros_occupancy_map_monitor/lib:/home/jone/ws_moveit/install/moveit_resources_prbt_ikfast_manipulator_plugin/lib:/home/jone/ws_moveit/install/moveit_planners_chomp/lib:/home/jone/ws_moveit/install/moveit_kinematics/lib:/home/jone/ws_moveit/install/moveit_chomp_optimizer_adapter/lib:/home/jone/ws_moveit/install/chomp_motion_planner/lib:/home/jone/ws_moveit/install/rviz_marker_tools/lib:/home/jone/ws_moveit/install/rosparam_shortcuts/lib:/home/jone/ws_moveit/install/moveit_task_constructor_msgs/lib:/opt/ros/humble/opt/rviz_ogre_vendor/lib:/opt/ros/humble/lib/x86_64-linux-gnu:/opt/ros/humble/lib:/usr/lib/x86_64-linux-gnu/gazebo-11/plugins:/usr/lib/x86_64-linux-gnu/gazebo-11/plugins:/usr/lib/x86_64-linux-gnu/gazebo-11/plugins /usr/bin/cmake --install /home/jone/ws_moveit/build/moveit_resources_prbt_ikfast_manipulator_plugin
[5.395s] Level 1:colcon.colcon_core.environment:create_environment_scripts_only(moveit_resources_prbt_ikfast_manipulator_plugin)
[5.395s] Level 1:colcon.colcon_core.environment:checking '/home/jone/ws_moveit/install/moveit_resources_prbt_ikfast_manipulator_plugin' for CMake module files
[5.396s] DEBUG:colcon.colcon_core.event_handler.log_command:Invoked command in '/home/jone/ws_moveit/build/moveit_resources_prbt_ikfast_manipulator_plugin' returned '0': CMAKE_PREFIX_PATH=/home/jone/ws_moveit/install/moveit_core:/home/jone/ws_moveit/install/moveit_resources_panda_moveit_config:/home/jone/ws_moveit/install/srdfdom:/home/jone/ws_moveit/install/moveit_resources_pr2_description:/home/jone/ws_moveit/install/moveit_resources_panda_description:/home/jone/ws_moveit/install/moveit_common:/home/jone/ws_moveit/install/pilz_industrial_motion_planner_testutils:/home/jone/ws_moveit/install/moveit_runtime:/home/jone/ws_moveit/install/moveit2_tutorials:/home/jone/ws_moveit/install/moveit:/home/jone/ws_moveit/install/moveit_planners:/home/jone/ws_moveit/install/pilz_industrial_motion_planner:/home/jone/ws_moveit/install/moveit_visual_tools:/home/jone/ws_moveit/install/moveit_task_constructor_visualization:/home/jone/ws_moveit/install/moveit_task_constructor_demo:/home/jone/ws_moveit/install/moveit_task_constructor_capabilities:/home/jone/ws_moveit/install/moveit_task_constructor_core:/home/jone/ws_moveit/install/moveit_ros_control_interface:/home/jone/ws_moveit/install/moveit_plugins:/home/jone/ws_moveit/install/moveit_simple_controller_manager:/home/jone/ws_moveit/install/moveit_setup_assistant:/home/jone/ws_moveit/install/moveit_setup_srdf_plugins:/home/jone/ws_moveit/install/moveit_setup_core_plugins:/home/jone/ws_moveit/install/moveit_setup_controllers:/home/jone/ws_moveit/install/moveit_setup_app_plugins:/home/jone/ws_moveit/install/moveit_setup_framework:/home/jone/ws_moveit/install/moveit_servo:/home/jone/ws_moveit/install/moveit_ros:/home/jone/ws_moveit/install/moveit_ros_visualization:/home/jone/ws_moveit/install/moveit_hybrid_planning:/home/jone/ws_moveit/install/moveit_ros_planning_interface:/home/jone/ws_moveit/install/moveit_ros_benchmarks:/home/jone/ws_moveit/install/moveit_ros_warehouse:/home/jone/ws_moveit/install/moveit_ros_robot_interaction:/home/jone/ws_moveit/install/moveit_ros_perception:/home/jone/ws_moveit/install/moveit_resources_prbt_pg70_support:/home/jone/ws_moveit/install/moveit_resources_prbt_moveit_config:/home/jone/ws_moveit/install/moveit_ros_move_group:/home/jone/ws_moveit/install/moveit_planners_ompl:/home/jone/ws_moveit/install/moveit_ros_planning:/home/jone/ws_moveit/install/moveit_ros_occupancy_map_monitor:/home/jone/ws_moveit/install/moveit_resources_prbt_ikfast_manipulator_plugin:/home/jone/ws_moveit/install/moveit_planners_chomp:/home/jone/ws_moveit/install/moveit_kinematics:/home/jone/ws_moveit/install/moveit_chomp_optimizer_adapter:/home/jone/ws_moveit/install/chomp_motion_planner:/home/jone/ws_moveit/install/rviz_marker_tools:/home/jone/ws_moveit/install/rosparam_shortcuts:/home/jone/ws_moveit/install/moveit_task_constructor_msgs:/home/jone/ws_moveit/install/moveit_resources_prbt_support:/home/jone/ws_moveit/install/moveit_resources:/home/jone/ws_moveit/install/moveit_resources_fanuc_moveit_config:/home/jone/ws_moveit/install/moveit_resources_fanuc_description:/home/jone/ws_moveit/install/moveit_configs_utils:/home/jone/ws_moveit/install/launch_param_builder:/opt/ros/humble LD_LIBRARY_PATH=/home/jone/ws_moveit/install/moveit_core/lib:/home/jone/ws_moveit/install/srdfdom/lib:/home/jone/ws_moveit/install/pilz_industrial_motion_planner_testutils/lib:/home/jone/ws_moveit/install/pilz_industrial_motion_planner/lib:/home/jone/ws_moveit/install/moveit_visual_tools/lib:/home/jone/ws_moveit/install/moveit_task_constructor_visualization/lib:/home/jone/ws_moveit/install/moveit_task_constructor_demo/lib:/home/jone/ws_moveit/install/moveit_task_constructor_capabilities/lib:/home/jone/ws_moveit/install/moveit_task_constructor_core/lib:/home/jone/ws_moveit/install/moveit_ros_control_interface/lib:/home/jone/ws_moveit/install/moveit_simple_controller_manager/lib:/home/jone/ws_moveit/install/moveit_setup_assistant/lib:/home/jone/ws_moveit/install/moveit_setup_srdf_plugins/lib:/home/jone/ws_moveit/install/moveit_setup_core_plugins/lib:/home/jone/ws_moveit/install/moveit_setup_controllers/lib:/home/jone/ws_moveit/install/moveit_setup_app_plugins/lib:/home/jone/ws_moveit/install/moveit_setup_framework/lib:/home/jone/ws_moveit/install/moveit_servo/lib:/home/jone/ws_moveit/install/moveit_ros_visualization/lib:/home/jone/ws_moveit/install/moveit_hybrid_planning/lib:/home/jone/ws_moveit/install/moveit_ros_planning_interface/lib:/home/jone/ws_moveit/install/moveit_ros_benchmarks/lib:/home/jone/ws_moveit/install/moveit_ros_warehouse/lib:/home/jone/ws_moveit/install/moveit_ros_robot_interaction/lib:/home/jone/ws_moveit/install/moveit_ros_perception/lib:/home/jone/ws_moveit/install/moveit_ros_move_group/lib:/home/jone/ws_moveit/install/moveit_planners_ompl/lib:/home/jone/ws_moveit/install/moveit_ros_planning/lib:/home/jone/ws_moveit/install/moveit_ros_occupancy_map_monitor/lib:/home/jone/ws_moveit/install/moveit_resources_prbt_ikfast_manipulator_plugin/lib:/home/jone/ws_moveit/install/moveit_planners_chomp/lib:/home/jone/ws_moveit/install/moveit_kinematics/lib:/home/jone/ws_moveit/install/moveit_chomp_optimizer_adapter/lib:/home/jone/ws_moveit/install/chomp_motion_planner/lib:/home/jone/ws_moveit/install/rviz_marker_tools/lib:/home/jone/ws_moveit/install/rosparam_shortcuts/lib:/home/jone/ws_moveit/install/moveit_task_constructor_msgs/lib:/opt/ros/humble/opt/rviz_ogre_vendor/lib:/opt/ros/humble/lib/x86_64-linux-gnu:/opt/ros/humble/lib:/usr/lib/x86_64-linux-gnu/gazebo-11/plugins:/usr/lib/x86_64-linux-gnu/gazebo-11/plugins:/usr/lib/x86_64-linux-gnu/gazebo-11/plugins /usr/bin/cmake --install /home/jone/ws_moveit/build/moveit_resources_prbt_ikfast_manipulator_plugin
[5.396s] Level 1:colcon.colcon_core.environment:checking '/home/jone/ws_moveit/install/moveit_resources_prbt_ikfast_manipulator_plugin' for CMake config files
[5.396s] Level 1:colcon.colcon_core.shell:create_environment_hook('moveit_resources_prbt_ikfast_manipulator_plugin', 'cmake_prefix_path')
[5.396s] INFO:colcon.colcon_core.shell:Creating environment hook '/home/jone/ws_moveit/install/moveit_resources_prbt_ikfast_manipulator_plugin/share/moveit_resources_prbt_ikfast_manipulator_plugin/hook/cmake_prefix_path.ps1'
[5.397s] INFO:colcon.colcon_core.shell:Creating environment descriptor '/home/jone/ws_moveit/install/moveit_resources_prbt_ikfast_manipulator_plugin/share/moveit_resources_prbt_ikfast_manipulator_plugin/hook/cmake_prefix_path.dsv'
[5.397s] INFO:colcon.colcon_core.shell:Creating environment hook '/home/jone/ws_moveit/install/moveit_resources_prbt_ikfast_manipulator_plugin/share/moveit_resources_prbt_ikfast_manipulator_plugin/hook/cmake_prefix_path.sh'
[5.397s] Level 1:colcon.colcon_core.environment:checking '/home/jone/ws_moveit/install/moveit_resources_prbt_ikfast_manipulator_plugin/lib'
[5.397s] Level 1:colcon.colcon_core.shell:create_environment_hook('moveit_resources_prbt_ikfast_manipulator_plugin', 'ld_library_path_lib')
[5.398s] INFO:colcon.colcon_core.shell:Creating environment hook '/home/jone/ws_moveit/install/moveit_resources_prbt_ikfast_manipulator_plugin/share/moveit_resources_prbt_ikfast_manipulator_plugin/hook/ld_library_path_lib.ps1'
[5.398s] INFO:colcon.colcon_core.shell:Creating environment descriptor '/home/jone/ws_moveit/install/moveit_resources_prbt_ikfast_manipulator_plugin/share/moveit_resources_prbt_ikfast_manipulator_plugin/hook/ld_library_path_lib.dsv'
[5.398s] INFO:colcon.colcon_core.shell:Creating environment hook '/home/jone/ws_moveit/install/moveit_resources_prbt_ikfast_manipulator_plugin/share/moveit_resources_prbt_ikfast_manipulator_plugin/hook/ld_library_path_lib.sh'
[5.398s] Level 1:colcon.colcon_core.environment:checking '/home/jone/ws_moveit/install/moveit_resources_prbt_ikfast_manipulator_plugin/bin'
[5.398s] Level 1:colcon.colcon_core.environment:checking '/home/jone/ws_moveit/install/moveit_resources_prbt_ikfast_manipulator_plugin/lib/pkgconfig/moveit_resources_prbt_ikfast_manipulator_plugin.pc'
[5.399s] Level 1:colcon.colcon_core.environment:checking '/home/jone/ws_moveit/install/moveit_resources_prbt_ikfast_manipulator_plugin/lib/python3.10/site-packages'
[5.399s] Level 1:colcon.colcon_core.environment:checking '/home/jone/ws_moveit/install/moveit_resources_prbt_ikfast_manipulator_plugin/bin'
[5.399s] INFO:colcon.colcon_core.shell:Creating package script '/home/jone/ws_moveit/install/moveit_resources_prbt_ikfast_manipulator_plugin/share/moveit_resources_prbt_ikfast_manipulator_plugin/package.ps1'
[5.399s] INFO:colcon.colcon_core.shell:Creating package descriptor '/home/jone/ws_moveit/install/moveit_resources_prbt_ikfast_manipulator_plugin/share/moveit_resources_prbt_ikfast_manipulator_plugin/package.dsv'
[5.400s] INFO:colcon.colcon_core.shell:Creating package script '/home/jone/ws_moveit/install/moveit_resources_prbt_ikfast_manipulator_plugin/share/moveit_resources_prbt_ikfast_manipulator_plugin/package.sh'
[5.400s] INFO:colcon.colcon_core.shell:Creating package script '/home/jone/ws_moveit/install/moveit_resources_prbt_ikfast_manipulator_plugin/share/moveit_resources_prbt_ikfast_manipulator_plugin/package.bash'
[5.400s] INFO:colcon.colcon_core.shell:Creating package script '/home/jone/ws_moveit/install/moveit_resources_prbt_ikfast_manipulator_plugin/share/moveit_resources_prbt_ikfast_manipulator_plugin/package.zsh'
[5.401s] Level 1:colcon.colcon_core.environment:create_file_with_runtime_dependencies(/home/jone/ws_moveit/install/moveit_resources_prbt_ikfast_manipulator_plugin/share/colcon-core/packages/moveit_resources_prbt_ikfast_manipulator_plugin)
[5.401s] Level 1:colcon.colcon_core.environment:create_environment_scripts_only(moveit_resources_prbt_ikfast_manipulator_plugin)
[5.401s] Level 1:colcon.colcon_core.environment:checking '/home/jone/ws_moveit/install/moveit_resources_prbt_ikfast_manipulator_plugin' for CMake module files
[5.401s] Level 1:colcon.colcon_core.environment:checking '/home/jone/ws_moveit/install/moveit_resources_prbt_ikfast_manipulator_plugin' for CMake config files
[5.402s] Level 1:colcon.colcon_core.shell:create_environment_hook('moveit_resources_prbt_ikfast_manipulator_plugin', 'cmake_prefix_path')
[5.402s] INFO:colcon.colcon_core.shell:Creating environment hook '/home/jone/ws_moveit/install/moveit_resources_prbt_ikfast_manipulator_plugin/share/moveit_resources_prbt_ikfast_manipulator_plugin/hook/cmake_prefix_path.ps1'
[5.402s] INFO:colcon.colcon_core.shell:Creating environment descriptor '/home/jone/ws_moveit/install/moveit_resources_prbt_ikfast_manipulator_plugin/share/moveit_resources_prbt_ikfast_manipulator_plugin/hook/cmake_prefix_path.dsv'
[5.402s] INFO:colcon.colcon_core.shell:Creating environment hook '/home/jone/ws_moveit/install/moveit_resources_prbt_ikfast_manipulator_plugin/share/moveit_resources_prbt_ikfast_manipulator_plugin/hook/cmake_prefix_path.sh'
[5.403s] Level 1:colcon.colcon_core.environment:checking '/home/jone/ws_moveit/install/moveit_resources_prbt_ikfast_manipulator_plugin/lib'
[5.403s] Level 1:colcon.colcon_core.shell:create_environment_hook('moveit_resources_prbt_ikfast_manipulator_plugin', 'ld_library_path_lib')
[5.403s] INFO:colcon.colcon_core.shell:Creating environment hook '/home/jone/ws_moveit/install/moveit_resources_prbt_ikfast_manipulator_plugin/share/moveit_resources_prbt_ikfast_manipulator_plugin/hook/ld_library_path_lib.ps1'
[5.403s] INFO:colcon.colcon_core.shell:Creating environment descriptor '/home/jone/ws_moveit/install/moveit_resources_prbt_ikfast_manipulator_plugin/share/moveit_resources_prbt_ikfast_manipulator_plugin/hook/ld_library_path_lib.dsv'
[5.403s] INFO:colcon.colcon_core.shell:Creating environment hook '/home/jone/ws_moveit/install/moveit_resources_prbt_ikfast_manipulator_plugin/share/moveit_resources_prbt_ikfast_manipulator_plugin/hook/ld_library_path_lib.sh'
[5.403s] Level 1:colcon.colcon_core.environment:checking '/home/jone/ws_moveit/install/moveit_resources_prbt_ikfast_manipulator_plugin/bin'
[5.404s] Level 1:colcon.colcon_core.environment:checking '/home/jone/ws_moveit/install/moveit_resources_prbt_ikfast_manipulator_plugin/lib/pkgconfig/moveit_resources_prbt_ikfast_manipulator_plugin.pc'
[5.404s] Level 1:colcon.colcon_core.environment:checking '/home/jone/ws_moveit/install/moveit_resources_prbt_ikfast_manipulator_plugin/lib/python3.10/site-packages'
[5.404s] Level 1:colcon.colcon_core.environment:checking '/home/jone/ws_moveit/install/moveit_resources_prbt_ikfast_manipulator_plugin/bin'
[5.404s] INFO:colcon.colcon_core.shell:Creating package script '/home/jone/ws_moveit/install/moveit_resources_prbt_ikfast_manipulator_plugin/share/moveit_resources_prbt_ikfast_manipulator_plugin/package.ps1'
[5.404s] INFO:colcon.colcon_core.shell:Creating package descriptor '/home/jone/ws_moveit/install/moveit_resources_prbt_ikfast_manipulator_plugin/share/moveit_resources_prbt_ikfast_manipulator_plugin/package.dsv'
[5.405s] INFO:colcon.colcon_core.shell:Creating package script '/home/jone/ws_moveit/install/moveit_resources_prbt_ikfast_manipulator_plugin/share/moveit_resources_prbt_ikfast_manipulator_plugin/package.sh'
[5.405s] INFO:colcon.colcon_core.shell:Creating package script '/home/jone/ws_moveit/install/moveit_resources_prbt_ikfast_manipulator_plugin/share/moveit_resources_prbt_ikfast_manipulator_plugin/package.bash'
[5.405s] INFO:colcon.colcon_core.shell:Creating package script '/home/jone/ws_moveit/install/moveit_resources_prbt_ikfast_manipulator_plugin/share/moveit_resources_prbt_ikfast_manipulator_plugin/package.zsh'
[5.406s] Level 1:colcon.colcon_core.environment:create_file_with_runtime_dependencies(/home/jone/ws_moveit/install/moveit_resources_prbt_ikfast_manipulator_plugin/share/colcon-core/packages/moveit_resources_prbt_ikfast_manipulator_plugin)
[5.406s] DEBUG:colcon.colcon_core.executor.sequential:run_until_complete 'moveit_resources_prbt_ikfast_manipulator_plugin' finished with '0'
[5.406s] DEBUG:colcon.colcon_core.executor.sequential:run_until_complete 'moveit_ros_occupancy_map_monitor'
[5.406s] INFO:colcon.colcon_ros.task.ament_cmake.build:Building ROS package in '/home/jone/ws_moveit/src/moveit2/moveit_ros/occupancy_map_monitor' with build type 'ament_cmake'
[5.406s] INFO:colcon.colcon_cmake.task.cmake.build:Building CMake package in '/home/jone/ws_moveit/src/moveit2/moveit_ros/occupancy_map_monitor'
[5.406s] INFO:colcon.colcon_core.shell:Skip shell extension 'powershell' for command environment: Not usable outside of PowerShell
[5.406s] DEBUG:colcon.colcon_core.shell:Skip shell extension 'dsv' for command environment
[5.430s] DEBUG:colcon.colcon_core.event_handler.log_command:Invoking command in '/home/jone/ws_moveit/build/moveit_ros_occupancy_map_monitor': CMAKE_PREFIX_PATH=/home/jone/ws_moveit/install/moveit_core:/home/jone/ws_moveit/install/moveit_resources_panda_moveit_config:/home/jone/ws_moveit/install/srdfdom:/home/jone/ws_moveit/install/moveit_resources_pr2_description:/home/jone/ws_moveit/install/moveit_resources_panda_description:/home/jone/ws_moveit/install/moveit_common:/home/jone/ws_moveit/install/pilz_industrial_motion_planner_testutils:/home/jone/ws_moveit/install/moveit_runtime:/home/jone/ws_moveit/install/moveit2_tutorials:/home/jone/ws_moveit/install/moveit:/home/jone/ws_moveit/install/moveit_planners:/home/jone/ws_moveit/install/pilz_industrial_motion_planner:/home/jone/ws_moveit/install/moveit_visual_tools:/home/jone/ws_moveit/install/moveit_task_constructor_visualization:/home/jone/ws_moveit/install/moveit_task_constructor_demo:/home/jone/ws_moveit/install/moveit_task_constructor_capabilities:/home/jone/ws_moveit/install/moveit_task_constructor_core:/home/jone/ws_moveit/install/moveit_ros_control_interface:/home/jone/ws_moveit/install/moveit_plugins:/home/jone/ws_moveit/install/moveit_simple_controller_manager:/home/jone/ws_moveit/install/moveit_setup_assistant:/home/jone/ws_moveit/install/moveit_setup_srdf_plugins:/home/jone/ws_moveit/install/moveit_setup_core_plugins:/home/jone/ws_moveit/install/moveit_setup_controllers:/home/jone/ws_moveit/install/moveit_setup_app_plugins:/home/jone/ws_moveit/install/moveit_setup_framework:/home/jone/ws_moveit/install/moveit_servo:/home/jone/ws_moveit/install/moveit_ros:/home/jone/ws_moveit/install/moveit_ros_visualization:/home/jone/ws_moveit/install/moveit_hybrid_planning:/home/jone/ws_moveit/install/moveit_ros_planning_interface:/home/jone/ws_moveit/install/moveit_ros_benchmarks:/home/jone/ws_moveit/install/moveit_ros_warehouse:/home/jone/ws_moveit/install/moveit_ros_robot_interaction:/home/jone/ws_moveit/install/moveit_ros_perception:/home/jone/ws_moveit/install/moveit_resources_prbt_pg70_support:/home/jone/ws_moveit/install/moveit_resources_prbt_moveit_config:/home/jone/ws_moveit/install/moveit_ros_move_group:/home/jone/ws_moveit/install/moveit_planners_ompl:/home/jone/ws_moveit/install/moveit_ros_planning:/home/jone/ws_moveit/install/moveit_ros_occupancy_map_monitor:/home/jone/ws_moveit/install/moveit_resources_prbt_ikfast_manipulator_plugin:/home/jone/ws_moveit/install/moveit_planners_chomp:/home/jone/ws_moveit/install/moveit_kinematics:/home/jone/ws_moveit/install/moveit_chomp_optimizer_adapter:/home/jone/ws_moveit/install/chomp_motion_planner:/home/jone/ws_moveit/install/rviz_marker_tools:/home/jone/ws_moveit/install/rosparam_shortcuts:/home/jone/ws_moveit/install/moveit_task_constructor_msgs:/home/jone/ws_moveit/install/moveit_resources_prbt_support:/home/jone/ws_moveit/install/moveit_resources:/home/jone/ws_moveit/install/moveit_resources_fanuc_moveit_config:/home/jone/ws_moveit/install/moveit_resources_fanuc_description:/home/jone/ws_moveit/install/moveit_configs_utils:/home/jone/ws_moveit/install/launch_param_builder:/opt/ros/humble LD_LIBRARY_PATH=/home/jone/ws_moveit/install/moveit_core/lib:/home/jone/ws_moveit/install/srdfdom/lib:/home/jone/ws_moveit/install/pilz_industrial_motion_planner_testutils/lib:/home/jone/ws_moveit/install/pilz_industrial_motion_planner/lib:/home/jone/ws_moveit/install/moveit_visual_tools/lib:/home/jone/ws_moveit/install/moveit_task_constructor_visualization/lib:/home/jone/ws_moveit/install/moveit_task_constructor_demo/lib:/home/jone/ws_moveit/install/moveit_task_constructor_capabilities/lib:/home/jone/ws_moveit/install/moveit_task_constructor_core/lib:/home/jone/ws_moveit/install/moveit_ros_control_interface/lib:/home/jone/ws_moveit/install/moveit_simple_controller_manager/lib:/home/jone/ws_moveit/install/moveit_setup_assistant/lib:/home/jone/ws_moveit/install/moveit_setup_srdf_plugins/lib:/home/jone/ws_moveit/install/moveit_setup_core_plugins/lib:/home/jone/ws_moveit/install/moveit_setup_controllers/lib:/home/jone/ws_moveit/install/moveit_setup_app_plugins/lib:/home/jone/ws_moveit/install/moveit_setup_framework/lib:/home/jone/ws_moveit/install/moveit_servo/lib:/home/jone/ws_moveit/install/moveit_ros_visualization/lib:/home/jone/ws_moveit/install/moveit_hybrid_planning/lib:/home/jone/ws_moveit/install/moveit_ros_planning_interface/lib:/home/jone/ws_moveit/install/moveit_ros_benchmarks/lib:/home/jone/ws_moveit/install/moveit_ros_warehouse/lib:/home/jone/ws_moveit/install/moveit_ros_robot_interaction/lib:/home/jone/ws_moveit/install/moveit_ros_perception/lib:/home/jone/ws_moveit/install/moveit_ros_move_group/lib:/home/jone/ws_moveit/install/moveit_planners_ompl/lib:/home/jone/ws_moveit/install/moveit_ros_planning/lib:/home/jone/ws_moveit/install/moveit_ros_occupancy_map_monitor/lib:/home/jone/ws_moveit/install/moveit_resources_prbt_ikfast_manipulator_plugin/lib:/home/jone/ws_moveit/install/moveit_planners_chomp/lib:/home/jone/ws_moveit/install/moveit_kinematics/lib:/home/jone/ws_moveit/install/moveit_chomp_optimizer_adapter/lib:/home/jone/ws_moveit/install/chomp_motion_planner/lib:/home/jone/ws_moveit/install/rviz_marker_tools/lib:/home/jone/ws_moveit/install/rosparam_shortcuts/lib:/home/jone/ws_moveit/install/moveit_task_constructor_msgs/lib:/opt/ros/humble/opt/rviz_ogre_vendor/lib:/opt/ros/humble/lib/x86_64-linux-gnu:/opt/ros/humble/lib:/usr/lib/x86_64-linux-gnu/gazebo-11/plugins:/usr/lib/x86_64-linux-gnu/gazebo-11/plugins:/usr/lib/x86_64-linux-gnu/gazebo-11/plugins /usr/bin/cmake --build /home/jone/ws_moveit/build/moveit_ros_occupancy_map_monitor -- -j16 -l16
[5.587s] DEBUG:colcon.colcon_core.event_handler.log_command:Invoked command in '/home/jone/ws_moveit/build/moveit_ros_occupancy_map_monitor' returned '0': CMAKE_PREFIX_PATH=/home/jone/ws_moveit/install/moveit_core:/home/jone/ws_moveit/install/moveit_resources_panda_moveit_config:/home/jone/ws_moveit/install/srdfdom:/home/jone/ws_moveit/install/moveit_resources_pr2_description:/home/jone/ws_moveit/install/moveit_resources_panda_description:/home/jone/ws_moveit/install/moveit_common:/home/jone/ws_moveit/install/pilz_industrial_motion_planner_testutils:/home/jone/ws_moveit/install/moveit_runtime:/home/jone/ws_moveit/install/moveit2_tutorials:/home/jone/ws_moveit/install/moveit:/home/jone/ws_moveit/install/moveit_planners:/home/jone/ws_moveit/install/pilz_industrial_motion_planner:/home/jone/ws_moveit/install/moveit_visual_tools:/home/jone/ws_moveit/install/moveit_task_constructor_visualization:/home/jone/ws_moveit/install/moveit_task_constructor_demo:/home/jone/ws_moveit/install/moveit_task_constructor_capabilities:/home/jone/ws_moveit/install/moveit_task_constructor_core:/home/jone/ws_moveit/install/moveit_ros_control_interface:/home/jone/ws_moveit/install/moveit_plugins:/home/jone/ws_moveit/install/moveit_simple_controller_manager:/home/jone/ws_moveit/install/moveit_setup_assistant:/home/jone/ws_moveit/install/moveit_setup_srdf_plugins:/home/jone/ws_moveit/install/moveit_setup_core_plugins:/home/jone/ws_moveit/install/moveit_setup_controllers:/home/jone/ws_moveit/install/moveit_setup_app_plugins:/home/jone/ws_moveit/install/moveit_setup_framework:/home/jone/ws_moveit/install/moveit_servo:/home/jone/ws_moveit/install/moveit_ros:/home/jone/ws_moveit/install/moveit_ros_visualization:/home/jone/ws_moveit/install/moveit_hybrid_planning:/home/jone/ws_moveit/install/moveit_ros_planning_interface:/home/jone/ws_moveit/install/moveit_ros_benchmarks:/home/jone/ws_moveit/install/moveit_ros_warehouse:/home/jone/ws_moveit/install/moveit_ros_robot_interaction:/home/jone/ws_moveit/install/moveit_ros_perception:/home/jone/ws_moveit/install/moveit_resources_prbt_pg70_support:/home/jone/ws_moveit/install/moveit_resources_prbt_moveit_config:/home/jone/ws_moveit/install/moveit_ros_move_group:/home/jone/ws_moveit/install/moveit_planners_ompl:/home/jone/ws_moveit/install/moveit_ros_planning:/home/jone/ws_moveit/install/moveit_ros_occupancy_map_monitor:/home/jone/ws_moveit/install/moveit_resources_prbt_ikfast_manipulator_plugin:/home/jone/ws_moveit/install/moveit_planners_chomp:/home/jone/ws_moveit/install/moveit_kinematics:/home/jone/ws_moveit/install/moveit_chomp_optimizer_adapter:/home/jone/ws_moveit/install/chomp_motion_planner:/home/jone/ws_moveit/install/rviz_marker_tools:/home/jone/ws_moveit/install/rosparam_shortcuts:/home/jone/ws_moveit/install/moveit_task_constructor_msgs:/home/jone/ws_moveit/install/moveit_resources_prbt_support:/home/jone/ws_moveit/install/moveit_resources:/home/jone/ws_moveit/install/moveit_resources_fanuc_moveit_config:/home/jone/ws_moveit/install/moveit_resources_fanuc_description:/home/jone/ws_moveit/install/moveit_configs_utils:/home/jone/ws_moveit/install/launch_param_builder:/opt/ros/humble LD_LIBRARY_PATH=/home/jone/ws_moveit/install/moveit_core/lib:/home/jone/ws_moveit/install/srdfdom/lib:/home/jone/ws_moveit/install/pilz_industrial_motion_planner_testutils/lib:/home/jone/ws_moveit/install/pilz_industrial_motion_planner/lib:/home/jone/ws_moveit/install/moveit_visual_tools/lib:/home/jone/ws_moveit/install/moveit_task_constructor_visualization/lib:/home/jone/ws_moveit/install/moveit_task_constructor_demo/lib:/home/jone/ws_moveit/install/moveit_task_constructor_capabilities/lib:/home/jone/ws_moveit/install/moveit_task_constructor_core/lib:/home/jone/ws_moveit/install/moveit_ros_control_interface/lib:/home/jone/ws_moveit/install/moveit_simple_controller_manager/lib:/home/jone/ws_moveit/install/moveit_setup_assistant/lib:/home/jone/ws_moveit/install/moveit_setup_srdf_plugins/lib:/home/jone/ws_moveit/install/moveit_setup_core_plugins/lib:/home/jone/ws_moveit/install/moveit_setup_controllers/lib:/home/jone/ws_moveit/install/moveit_setup_app_plugins/lib:/home/jone/ws_moveit/install/moveit_setup_framework/lib:/home/jone/ws_moveit/install/moveit_servo/lib:/home/jone/ws_moveit/install/moveit_ros_visualization/lib:/home/jone/ws_moveit/install/moveit_hybrid_planning/lib:/home/jone/ws_moveit/install/moveit_ros_planning_interface/lib:/home/jone/ws_moveit/install/moveit_ros_benchmarks/lib:/home/jone/ws_moveit/install/moveit_ros_warehouse/lib:/home/jone/ws_moveit/install/moveit_ros_robot_interaction/lib:/home/jone/ws_moveit/install/moveit_ros_perception/lib:/home/jone/ws_moveit/install/moveit_ros_move_group/lib:/home/jone/ws_moveit/install/moveit_planners_ompl/lib:/home/jone/ws_moveit/install/moveit_ros_planning/lib:/home/jone/ws_moveit/install/moveit_ros_occupancy_map_monitor/lib:/home/jone/ws_moveit/install/moveit_resources_prbt_ikfast_manipulator_plugin/lib:/home/jone/ws_moveit/install/moveit_planners_chomp/lib:/home/jone/ws_moveit/install/moveit_kinematics/lib:/home/jone/ws_moveit/install/moveit_chomp_optimizer_adapter/lib:/home/jone/ws_moveit/install/chomp_motion_planner/lib:/home/jone/ws_moveit/install/rviz_marker_tools/lib:/home/jone/ws_moveit/install/rosparam_shortcuts/lib:/home/jone/ws_moveit/install/moveit_task_constructor_msgs/lib:/opt/ros/humble/opt/rviz_ogre_vendor/lib:/opt/ros/humble/lib/x86_64-linux-gnu:/opt/ros/humble/lib:/usr/lib/x86_64-linux-gnu/gazebo-11/plugins:/usr/lib/x86_64-linux-gnu/gazebo-11/plugins:/usr/lib/x86_64-linux-gnu/gazebo-11/plugins /usr/bin/cmake --build /home/jone/ws_moveit/build/moveit_ros_occupancy_map_monitor -- -j16 -l16
[5.589s] DEBUG:colcon.colcon_core.event_handler.log_command:Invoking command in '/home/jone/ws_moveit/build/moveit_ros_occupancy_map_monitor': CMAKE_PREFIX_PATH=/home/jone/ws_moveit/install/moveit_core:/home/jone/ws_moveit/install/moveit_resources_panda_moveit_config:/home/jone/ws_moveit/install/srdfdom:/home/jone/ws_moveit/install/moveit_resources_pr2_description:/home/jone/ws_moveit/install/moveit_resources_panda_description:/home/jone/ws_moveit/install/moveit_common:/home/jone/ws_moveit/install/pilz_industrial_motion_planner_testutils:/home/jone/ws_moveit/install/moveit_runtime:/home/jone/ws_moveit/install/moveit2_tutorials:/home/jone/ws_moveit/install/moveit:/home/jone/ws_moveit/install/moveit_planners:/home/jone/ws_moveit/install/pilz_industrial_motion_planner:/home/jone/ws_moveit/install/moveit_visual_tools:/home/jone/ws_moveit/install/moveit_task_constructor_visualization:/home/jone/ws_moveit/install/moveit_task_constructor_demo:/home/jone/ws_moveit/install/moveit_task_constructor_capabilities:/home/jone/ws_moveit/install/moveit_task_constructor_core:/home/jone/ws_moveit/install/moveit_ros_control_interface:/home/jone/ws_moveit/install/moveit_plugins:/home/jone/ws_moveit/install/moveit_simple_controller_manager:/home/jone/ws_moveit/install/moveit_setup_assistant:/home/jone/ws_moveit/install/moveit_setup_srdf_plugins:/home/jone/ws_moveit/install/moveit_setup_core_plugins:/home/jone/ws_moveit/install/moveit_setup_controllers:/home/jone/ws_moveit/install/moveit_setup_app_plugins:/home/jone/ws_moveit/install/moveit_setup_framework:/home/jone/ws_moveit/install/moveit_servo:/home/jone/ws_moveit/install/moveit_ros:/home/jone/ws_moveit/install/moveit_ros_visualization:/home/jone/ws_moveit/install/moveit_hybrid_planning:/home/jone/ws_moveit/install/moveit_ros_planning_interface:/home/jone/ws_moveit/install/moveit_ros_benchmarks:/home/jone/ws_moveit/install/moveit_ros_warehouse:/home/jone/ws_moveit/install/moveit_ros_robot_interaction:/home/jone/ws_moveit/install/moveit_ros_perception:/home/jone/ws_moveit/install/moveit_resources_prbt_pg70_support:/home/jone/ws_moveit/install/moveit_resources_prbt_moveit_config:/home/jone/ws_moveit/install/moveit_ros_move_group:/home/jone/ws_moveit/install/moveit_planners_ompl:/home/jone/ws_moveit/install/moveit_ros_planning:/home/jone/ws_moveit/install/moveit_ros_occupancy_map_monitor:/home/jone/ws_moveit/install/moveit_resources_prbt_ikfast_manipulator_plugin:/home/jone/ws_moveit/install/moveit_planners_chomp:/home/jone/ws_moveit/install/moveit_kinematics:/home/jone/ws_moveit/install/moveit_chomp_optimizer_adapter:/home/jone/ws_moveit/install/chomp_motion_planner:/home/jone/ws_moveit/install/rviz_marker_tools:/home/jone/ws_moveit/install/rosparam_shortcuts:/home/jone/ws_moveit/install/moveit_task_constructor_msgs:/home/jone/ws_moveit/install/moveit_resources_prbt_support:/home/jone/ws_moveit/install/moveit_resources:/home/jone/ws_moveit/install/moveit_resources_fanuc_moveit_config:/home/jone/ws_moveit/install/moveit_resources_fanuc_description:/home/jone/ws_moveit/install/moveit_configs_utils:/home/jone/ws_moveit/install/launch_param_builder:/opt/ros/humble LD_LIBRARY_PATH=/home/jone/ws_moveit/install/moveit_core/lib:/home/jone/ws_moveit/install/srdfdom/lib:/home/jone/ws_moveit/install/pilz_industrial_motion_planner_testutils/lib:/home/jone/ws_moveit/install/pilz_industrial_motion_planner/lib:/home/jone/ws_moveit/install/moveit_visual_tools/lib:/home/jone/ws_moveit/install/moveit_task_constructor_visualization/lib:/home/jone/ws_moveit/install/moveit_task_constructor_demo/lib:/home/jone/ws_moveit/install/moveit_task_constructor_capabilities/lib:/home/jone/ws_moveit/install/moveit_task_constructor_core/lib:/home/jone/ws_moveit/install/moveit_ros_control_interface/lib:/home/jone/ws_moveit/install/moveit_simple_controller_manager/lib:/home/jone/ws_moveit/install/moveit_setup_assistant/lib:/home/jone/ws_moveit/install/moveit_setup_srdf_plugins/lib:/home/jone/ws_moveit/install/moveit_setup_core_plugins/lib:/home/jone/ws_moveit/install/moveit_setup_controllers/lib:/home/jone/ws_moveit/install/moveit_setup_app_plugins/lib:/home/jone/ws_moveit/install/moveit_setup_framework/lib:/home/jone/ws_moveit/install/moveit_servo/lib:/home/jone/ws_moveit/install/moveit_ros_visualization/lib:/home/jone/ws_moveit/install/moveit_hybrid_planning/lib:/home/jone/ws_moveit/install/moveit_ros_planning_interface/lib:/home/jone/ws_moveit/install/moveit_ros_benchmarks/lib:/home/jone/ws_moveit/install/moveit_ros_warehouse/lib:/home/jone/ws_moveit/install/moveit_ros_robot_interaction/lib:/home/jone/ws_moveit/install/moveit_ros_perception/lib:/home/jone/ws_moveit/install/moveit_ros_move_group/lib:/home/jone/ws_moveit/install/moveit_planners_ompl/lib:/home/jone/ws_moveit/install/moveit_ros_planning/lib:/home/jone/ws_moveit/install/moveit_ros_occupancy_map_monitor/lib:/home/jone/ws_moveit/install/moveit_resources_prbt_ikfast_manipulator_plugin/lib:/home/jone/ws_moveit/install/moveit_planners_chomp/lib:/home/jone/ws_moveit/install/moveit_kinematics/lib:/home/jone/ws_moveit/install/moveit_chomp_optimizer_adapter/lib:/home/jone/ws_moveit/install/chomp_motion_planner/lib:/home/jone/ws_moveit/install/rviz_marker_tools/lib:/home/jone/ws_moveit/install/rosparam_shortcuts/lib:/home/jone/ws_moveit/install/moveit_task_constructor_msgs/lib:/opt/ros/humble/opt/rviz_ogre_vendor/lib:/opt/ros/humble/lib/x86_64-linux-gnu:/opt/ros/humble/lib:/usr/lib/x86_64-linux-gnu/gazebo-11/plugins:/usr/lib/x86_64-linux-gnu/gazebo-11/plugins:/usr/lib/x86_64-linux-gnu/gazebo-11/plugins /usr/bin/cmake --install /home/jone/ws_moveit/build/moveit_ros_occupancy_map_monitor
[5.606s] Level 1:colcon.colcon_core.environment:create_environment_scripts_only(moveit_ros_occupancy_map_monitor)
[5.606s] Level 1:colcon.colcon_core.environment:checking '/home/jone/ws_moveit/install/moveit_ros_occupancy_map_monitor' for CMake module files
[5.607s] DEBUG:colcon.colcon_core.event_handler.log_command:Invoked command in '/home/jone/ws_moveit/build/moveit_ros_occupancy_map_monitor' returned '0': CMAKE_PREFIX_PATH=/home/jone/ws_moveit/install/moveit_core:/home/jone/ws_moveit/install/moveit_resources_panda_moveit_config:/home/jone/ws_moveit/install/srdfdom:/home/jone/ws_moveit/install/moveit_resources_pr2_description:/home/jone/ws_moveit/install/moveit_resources_panda_description:/home/jone/ws_moveit/install/moveit_common:/home/jone/ws_moveit/install/pilz_industrial_motion_planner_testutils:/home/jone/ws_moveit/install/moveit_runtime:/home/jone/ws_moveit/install/moveit2_tutorials:/home/jone/ws_moveit/install/moveit:/home/jone/ws_moveit/install/moveit_planners:/home/jone/ws_moveit/install/pilz_industrial_motion_planner:/home/jone/ws_moveit/install/moveit_visual_tools:/home/jone/ws_moveit/install/moveit_task_constructor_visualization:/home/jone/ws_moveit/install/moveit_task_constructor_demo:/home/jone/ws_moveit/install/moveit_task_constructor_capabilities:/home/jone/ws_moveit/install/moveit_task_constructor_core:/home/jone/ws_moveit/install/moveit_ros_control_interface:/home/jone/ws_moveit/install/moveit_plugins:/home/jone/ws_moveit/install/moveit_simple_controller_manager:/home/jone/ws_moveit/install/moveit_setup_assistant:/home/jone/ws_moveit/install/moveit_setup_srdf_plugins:/home/jone/ws_moveit/install/moveit_setup_core_plugins:/home/jone/ws_moveit/install/moveit_setup_controllers:/home/jone/ws_moveit/install/moveit_setup_app_plugins:/home/jone/ws_moveit/install/moveit_setup_framework:/home/jone/ws_moveit/install/moveit_servo:/home/jone/ws_moveit/install/moveit_ros:/home/jone/ws_moveit/install/moveit_ros_visualization:/home/jone/ws_moveit/install/moveit_hybrid_planning:/home/jone/ws_moveit/install/moveit_ros_planning_interface:/home/jone/ws_moveit/install/moveit_ros_benchmarks:/home/jone/ws_moveit/install/moveit_ros_warehouse:/home/jone/ws_moveit/install/moveit_ros_robot_interaction:/home/jone/ws_moveit/install/moveit_ros_perception:/home/jone/ws_moveit/install/moveit_resources_prbt_pg70_support:/home/jone/ws_moveit/install/moveit_resources_prbt_moveit_config:/home/jone/ws_moveit/install/moveit_ros_move_group:/home/jone/ws_moveit/install/moveit_planners_ompl:/home/jone/ws_moveit/install/moveit_ros_planning:/home/jone/ws_moveit/install/moveit_ros_occupancy_map_monitor:/home/jone/ws_moveit/install/moveit_resources_prbt_ikfast_manipulator_plugin:/home/jone/ws_moveit/install/moveit_planners_chomp:/home/jone/ws_moveit/install/moveit_kinematics:/home/jone/ws_moveit/install/moveit_chomp_optimizer_adapter:/home/jone/ws_moveit/install/chomp_motion_planner:/home/jone/ws_moveit/install/rviz_marker_tools:/home/jone/ws_moveit/install/rosparam_shortcuts:/home/jone/ws_moveit/install/moveit_task_constructor_msgs:/home/jone/ws_moveit/install/moveit_resources_prbt_support:/home/jone/ws_moveit/install/moveit_resources:/home/jone/ws_moveit/install/moveit_resources_fanuc_moveit_config:/home/jone/ws_moveit/install/moveit_resources_fanuc_description:/home/jone/ws_moveit/install/moveit_configs_utils:/home/jone/ws_moveit/install/launch_param_builder:/opt/ros/humble LD_LIBRARY_PATH=/home/jone/ws_moveit/install/moveit_core/lib:/home/jone/ws_moveit/install/srdfdom/lib:/home/jone/ws_moveit/install/pilz_industrial_motion_planner_testutils/lib:/home/jone/ws_moveit/install/pilz_industrial_motion_planner/lib:/home/jone/ws_moveit/install/moveit_visual_tools/lib:/home/jone/ws_moveit/install/moveit_task_constructor_visualization/lib:/home/jone/ws_moveit/install/moveit_task_constructor_demo/lib:/home/jone/ws_moveit/install/moveit_task_constructor_capabilities/lib:/home/jone/ws_moveit/install/moveit_task_constructor_core/lib:/home/jone/ws_moveit/install/moveit_ros_control_interface/lib:/home/jone/ws_moveit/install/moveit_simple_controller_manager/lib:/home/jone/ws_moveit/install/moveit_setup_assistant/lib:/home/jone/ws_moveit/install/moveit_setup_srdf_plugins/lib:/home/jone/ws_moveit/install/moveit_setup_core_plugins/lib:/home/jone/ws_moveit/install/moveit_setup_controllers/lib:/home/jone/ws_moveit/install/moveit_setup_app_plugins/lib:/home/jone/ws_moveit/install/moveit_setup_framework/lib:/home/jone/ws_moveit/install/moveit_servo/lib:/home/jone/ws_moveit/install/moveit_ros_visualization/lib:/home/jone/ws_moveit/install/moveit_hybrid_planning/lib:/home/jone/ws_moveit/install/moveit_ros_planning_interface/lib:/home/jone/ws_moveit/install/moveit_ros_benchmarks/lib:/home/jone/ws_moveit/install/moveit_ros_warehouse/lib:/home/jone/ws_moveit/install/moveit_ros_robot_interaction/lib:/home/jone/ws_moveit/install/moveit_ros_perception/lib:/home/jone/ws_moveit/install/moveit_ros_move_group/lib:/home/jone/ws_moveit/install/moveit_planners_ompl/lib:/home/jone/ws_moveit/install/moveit_ros_planning/lib:/home/jone/ws_moveit/install/moveit_ros_occupancy_map_monitor/lib:/home/jone/ws_moveit/install/moveit_resources_prbt_ikfast_manipulator_plugin/lib:/home/jone/ws_moveit/install/moveit_planners_chomp/lib:/home/jone/ws_moveit/install/moveit_kinematics/lib:/home/jone/ws_moveit/install/moveit_chomp_optimizer_adapter/lib:/home/jone/ws_moveit/install/chomp_motion_planner/lib:/home/jone/ws_moveit/install/rviz_marker_tools/lib:/home/jone/ws_moveit/install/rosparam_shortcuts/lib:/home/jone/ws_moveit/install/moveit_task_constructor_msgs/lib:/opt/ros/humble/opt/rviz_ogre_vendor/lib:/opt/ros/humble/lib/x86_64-linux-gnu:/opt/ros/humble/lib:/usr/lib/x86_64-linux-gnu/gazebo-11/plugins:/usr/lib/x86_64-linux-gnu/gazebo-11/plugins:/usr/lib/x86_64-linux-gnu/gazebo-11/plugins /usr/bin/cmake --install /home/jone/ws_moveit/build/moveit_ros_occupancy_map_monitor
[5.607s] Level 1:colcon.colcon_core.environment:checking '/home/jone/ws_moveit/install/moveit_ros_occupancy_map_monitor' for CMake config files
[5.607s] Level 1:colcon.colcon_core.shell:create_environment_hook('moveit_ros_occupancy_map_monitor', 'cmake_prefix_path')
[5.608s] INFO:colcon.colcon_core.shell:Creating environment hook '/home/jone/ws_moveit/install/moveit_ros_occupancy_map_monitor/share/moveit_ros_occupancy_map_monitor/hook/cmake_prefix_path.ps1'
[5.608s] INFO:colcon.colcon_core.shell:Creating environment descriptor '/home/jone/ws_moveit/install/moveit_ros_occupancy_map_monitor/share/moveit_ros_occupancy_map_monitor/hook/cmake_prefix_path.dsv'
[5.608s] INFO:colcon.colcon_core.shell:Creating environment hook '/home/jone/ws_moveit/install/moveit_ros_occupancy_map_monitor/share/moveit_ros_occupancy_map_monitor/hook/cmake_prefix_path.sh'
[5.609s] Level 1:colcon.colcon_core.environment:checking '/home/jone/ws_moveit/install/moveit_ros_occupancy_map_monitor/lib'
[5.609s] Level 1:colcon.colcon_core.shell:create_environment_hook('moveit_ros_occupancy_map_monitor', 'ld_library_path_lib')
[5.609s] INFO:colcon.colcon_core.shell:Creating environment hook '/home/jone/ws_moveit/install/moveit_ros_occupancy_map_monitor/share/moveit_ros_occupancy_map_monitor/hook/ld_library_path_lib.ps1'
[5.609s] INFO:colcon.colcon_core.shell:Creating environment descriptor '/home/jone/ws_moveit/install/moveit_ros_occupancy_map_monitor/share/moveit_ros_occupancy_map_monitor/hook/ld_library_path_lib.dsv'
[5.609s] INFO:colcon.colcon_core.shell:Creating environment hook '/home/jone/ws_moveit/install/moveit_ros_occupancy_map_monitor/share/moveit_ros_occupancy_map_monitor/hook/ld_library_path_lib.sh'
[5.610s] Level 1:colcon.colcon_core.environment:checking '/home/jone/ws_moveit/install/moveit_ros_occupancy_map_monitor/bin'
[5.610s] Level 1:colcon.colcon_core.environment:checking '/home/jone/ws_moveit/install/moveit_ros_occupancy_map_monitor/lib/pkgconfig/moveit_ros_occupancy_map_monitor.pc'
[5.610s] Level 1:colcon.colcon_core.environment:checking '/home/jone/ws_moveit/install/moveit_ros_occupancy_map_monitor/lib/python3.10/site-packages'
[5.610s] Level 1:colcon.colcon_core.environment:checking '/home/jone/ws_moveit/install/moveit_ros_occupancy_map_monitor/bin'
[5.610s] INFO:colcon.colcon_core.shell:Creating package script '/home/jone/ws_moveit/install/moveit_ros_occupancy_map_monitor/share/moveit_ros_occupancy_map_monitor/package.ps1'
[5.611s] INFO:colcon.colcon_core.shell:Creating package descriptor '/home/jone/ws_moveit/install/moveit_ros_occupancy_map_monitor/share/moveit_ros_occupancy_map_monitor/package.dsv'
[5.611s] INFO:colcon.colcon_core.shell:Creating package script '/home/jone/ws_moveit/install/moveit_ros_occupancy_map_monitor/share/moveit_ros_occupancy_map_monitor/package.sh'
[5.611s] INFO:colcon.colcon_core.shell:Creating package script '/home/jone/ws_moveit/install/moveit_ros_occupancy_map_monitor/share/moveit_ros_occupancy_map_monitor/package.bash'
[5.612s] INFO:colcon.colcon_core.shell:Creating package script '/home/jone/ws_moveit/install/moveit_ros_occupancy_map_monitor/share/moveit_ros_occupancy_map_monitor/package.zsh'
[5.612s] Level 1:colcon.colcon_core.environment:create_file_with_runtime_dependencies(/home/jone/ws_moveit/install/moveit_ros_occupancy_map_monitor/share/colcon-core/packages/moveit_ros_occupancy_map_monitor)
[5.612s] Level 1:colcon.colcon_core.environment:create_environment_scripts_only(moveit_ros_occupancy_map_monitor)
[5.612s] Level 1:colcon.colcon_core.environment:checking '/home/jone/ws_moveit/install/moveit_ros_occupancy_map_monitor' for CMake module files
[5.613s] Level 1:colcon.colcon_core.environment:checking '/home/jone/ws_moveit/install/moveit_ros_occupancy_map_monitor' for CMake config files
[5.613s] Level 1:colcon.colcon_core.shell:create_environment_hook('moveit_ros_occupancy_map_monitor', 'cmake_prefix_path')
[5.613s] INFO:colcon.colcon_core.shell:Creating environment hook '/home/jone/ws_moveit/install/moveit_ros_occupancy_map_monitor/share/moveit_ros_occupancy_map_monitor/hook/cmake_prefix_path.ps1'
[5.613s] INFO:colcon.colcon_core.shell:Creating environment descriptor '/home/jone/ws_moveit/install/moveit_ros_occupancy_map_monitor/share/moveit_ros_occupancy_map_monitor/hook/cmake_prefix_path.dsv'
[5.614s] INFO:colcon.colcon_core.shell:Creating environment hook '/home/jone/ws_moveit/install/moveit_ros_occupancy_map_monitor/share/moveit_ros_occupancy_map_monitor/hook/cmake_prefix_path.sh'
[5.614s] Level 1:colcon.colcon_core.environment:checking '/home/jone/ws_moveit/install/moveit_ros_occupancy_map_monitor/lib'
[5.614s] Level 1:colcon.colcon_core.shell:create_environment_hook('moveit_ros_occupancy_map_monitor', 'ld_library_path_lib')
[5.614s] INFO:colcon.colcon_core.shell:Creating environment hook '/home/jone/ws_moveit/install/moveit_ros_occupancy_map_monitor/share/moveit_ros_occupancy_map_monitor/hook/ld_library_path_lib.ps1'
[5.615s] INFO:colcon.colcon_core.shell:Creating environment descriptor '/home/jone/ws_moveit/install/moveit_ros_occupancy_map_monitor/share/moveit_ros_occupancy_map_monitor/hook/ld_library_path_lib.dsv'
[5.615s] INFO:colcon.colcon_core.shell:Creating environment hook '/home/jone/ws_moveit/install/moveit_ros_occupancy_map_monitor/share/moveit_ros_occupancy_map_monitor/hook/ld_library_path_lib.sh'
[5.615s] Level 1:colcon.colcon_core.environment:checking '/home/jone/ws_moveit/install/moveit_ros_occupancy_map_monitor/bin'
[5.615s] Level 1:colcon.colcon_core.environment:checking '/home/jone/ws_moveit/install/moveit_ros_occupancy_map_monitor/lib/pkgconfig/moveit_ros_occupancy_map_monitor.pc'
[5.615s] Level 1:colcon.colcon_core.environment:checking '/home/jone/ws_moveit/install/moveit_ros_occupancy_map_monitor/lib/python3.10/site-packages'
[5.616s] Level 1:colcon.colcon_core.environment:checking '/home/jone/ws_moveit/install/moveit_ros_occupancy_map_monitor/bin'
[5.616s] INFO:colcon.colcon_core.shell:Creating package script '/home/jone/ws_moveit/install/moveit_ros_occupancy_map_monitor/share/moveit_ros_occupancy_map_monitor/package.ps1'
[5.616s] INFO:colcon.colcon_core.shell:Creating package descriptor '/home/jone/ws_moveit/install/moveit_ros_occupancy_map_monitor/share/moveit_ros_occupancy_map_monitor/package.dsv'
[5.616s] INFO:colcon.colcon_core.shell:Creating package script '/home/jone/ws_moveit/install/moveit_ros_occupancy_map_monitor/share/moveit_ros_occupancy_map_monitor/package.sh'
[5.617s] INFO:colcon.colcon_core.shell:Creating package script '/home/jone/ws_moveit/install/moveit_ros_occupancy_map_monitor/share/moveit_ros_occupancy_map_monitor/package.bash'
[5.617s] INFO:colcon.colcon_core.shell:Creating package script '/home/jone/ws_moveit/install/moveit_ros_occupancy_map_monitor/share/moveit_ros_occupancy_map_monitor/package.zsh'
[5.617s] Level 1:colcon.colcon_core.environment:create_file_with_runtime_dependencies(/home/jone/ws_moveit/install/moveit_ros_occupancy_map_monitor/share/colcon-core/packages/moveit_ros_occupancy_map_monitor)
[5.617s] DEBUG:colcon.colcon_core.executor.sequential:run_until_complete 'moveit_ros_occupancy_map_monitor' finished with '0'
[5.618s] DEBUG:colcon.colcon_core.executor.sequential:run_until_complete 'moveit_simple_controller_manager'
[5.618s] INFO:colcon.colcon_ros.task.ament_cmake.build:Building ROS package in '/home/jone/ws_moveit/src/moveit2/moveit_plugins/moveit_simple_controller_manager' with build type 'ament_cmake'
[5.618s] INFO:colcon.colcon_cmake.task.cmake.build:Building CMake package in '/home/jone/ws_moveit/src/moveit2/moveit_plugins/moveit_simple_controller_manager'
[5.618s] INFO:colcon.colcon_core.shell:Skip shell extension 'powershell' for command environment: Not usable outside of PowerShell
[5.618s] DEBUG:colcon.colcon_core.shell:Skip shell extension 'dsv' for command environment
[5.641s] DEBUG:colcon.colcon_core.event_handler.log_command:Invoking command in '/home/jone/ws_moveit/build/moveit_simple_controller_manager': CMAKE_PREFIX_PATH=/home/jone/ws_moveit/install/moveit_core:/home/jone/ws_moveit/install/moveit_resources_panda_moveit_config:/home/jone/ws_moveit/install/srdfdom:/home/jone/ws_moveit/install/moveit_resources_pr2_description:/home/jone/ws_moveit/install/moveit_resources_panda_description:/home/jone/ws_moveit/install/moveit_common:/home/jone/ws_moveit/install/pilz_industrial_motion_planner_testutils:/home/jone/ws_moveit/install/moveit_runtime:/home/jone/ws_moveit/install/moveit2_tutorials:/home/jone/ws_moveit/install/moveit:/home/jone/ws_moveit/install/moveit_planners:/home/jone/ws_moveit/install/pilz_industrial_motion_planner:/home/jone/ws_moveit/install/moveit_visual_tools:/home/jone/ws_moveit/install/moveit_task_constructor_visualization:/home/jone/ws_moveit/install/moveit_task_constructor_demo:/home/jone/ws_moveit/install/moveit_task_constructor_capabilities:/home/jone/ws_moveit/install/moveit_task_constructor_core:/home/jone/ws_moveit/install/moveit_ros_control_interface:/home/jone/ws_moveit/install/moveit_plugins:/home/jone/ws_moveit/install/moveit_simple_controller_manager:/home/jone/ws_moveit/install/moveit_setup_assistant:/home/jone/ws_moveit/install/moveit_setup_srdf_plugins:/home/jone/ws_moveit/install/moveit_setup_core_plugins:/home/jone/ws_moveit/install/moveit_setup_controllers:/home/jone/ws_moveit/install/moveit_setup_app_plugins:/home/jone/ws_moveit/install/moveit_setup_framework:/home/jone/ws_moveit/install/moveit_servo:/home/jone/ws_moveit/install/moveit_ros:/home/jone/ws_moveit/install/moveit_ros_visualization:/home/jone/ws_moveit/install/moveit_hybrid_planning:/home/jone/ws_moveit/install/moveit_ros_planning_interface:/home/jone/ws_moveit/install/moveit_ros_benchmarks:/home/jone/ws_moveit/install/moveit_ros_warehouse:/home/jone/ws_moveit/install/moveit_ros_robot_interaction:/home/jone/ws_moveit/install/moveit_ros_perception:/home/jone/ws_moveit/install/moveit_resources_prbt_pg70_support:/home/jone/ws_moveit/install/moveit_resources_prbt_moveit_config:/home/jone/ws_moveit/install/moveit_ros_move_group:/home/jone/ws_moveit/install/moveit_planners_ompl:/home/jone/ws_moveit/install/moveit_ros_planning:/home/jone/ws_moveit/install/moveit_ros_occupancy_map_monitor:/home/jone/ws_moveit/install/moveit_resources_prbt_ikfast_manipulator_plugin:/home/jone/ws_moveit/install/moveit_planners_chomp:/home/jone/ws_moveit/install/moveit_kinematics:/home/jone/ws_moveit/install/moveit_chomp_optimizer_adapter:/home/jone/ws_moveit/install/chomp_motion_planner:/home/jone/ws_moveit/install/rviz_marker_tools:/home/jone/ws_moveit/install/rosparam_shortcuts:/home/jone/ws_moveit/install/moveit_task_constructor_msgs:/home/jone/ws_moveit/install/moveit_resources_prbt_support:/home/jone/ws_moveit/install/moveit_resources:/home/jone/ws_moveit/install/moveit_resources_fanuc_moveit_config:/home/jone/ws_moveit/install/moveit_resources_fanuc_description:/home/jone/ws_moveit/install/moveit_configs_utils:/home/jone/ws_moveit/install/launch_param_builder:/opt/ros/humble LD_LIBRARY_PATH=/home/jone/ws_moveit/install/moveit_core/lib:/home/jone/ws_moveit/install/srdfdom/lib:/home/jone/ws_moveit/install/pilz_industrial_motion_planner_testutils/lib:/home/jone/ws_moveit/install/pilz_industrial_motion_planner/lib:/home/jone/ws_moveit/install/moveit_visual_tools/lib:/home/jone/ws_moveit/install/moveit_task_constructor_visualization/lib:/home/jone/ws_moveit/install/moveit_task_constructor_demo/lib:/home/jone/ws_moveit/install/moveit_task_constructor_capabilities/lib:/home/jone/ws_moveit/install/moveit_task_constructor_core/lib:/home/jone/ws_moveit/install/moveit_ros_control_interface/lib:/home/jone/ws_moveit/install/moveit_simple_controller_manager/lib:/home/jone/ws_moveit/install/moveit_setup_assistant/lib:/home/jone/ws_moveit/install/moveit_setup_srdf_plugins/lib:/home/jone/ws_moveit/install/moveit_setup_core_plugins/lib:/home/jone/ws_moveit/install/moveit_setup_controllers/lib:/home/jone/ws_moveit/install/moveit_setup_app_plugins/lib:/home/jone/ws_moveit/install/moveit_setup_framework/lib:/home/jone/ws_moveit/install/moveit_servo/lib:/home/jone/ws_moveit/install/moveit_ros_visualization/lib:/home/jone/ws_moveit/install/moveit_hybrid_planning/lib:/home/jone/ws_moveit/install/moveit_ros_planning_interface/lib:/home/jone/ws_moveit/install/moveit_ros_benchmarks/lib:/home/jone/ws_moveit/install/moveit_ros_warehouse/lib:/home/jone/ws_moveit/install/moveit_ros_robot_interaction/lib:/home/jone/ws_moveit/install/moveit_ros_perception/lib:/home/jone/ws_moveit/install/moveit_ros_move_group/lib:/home/jone/ws_moveit/install/moveit_planners_ompl/lib:/home/jone/ws_moveit/install/moveit_ros_planning/lib:/home/jone/ws_moveit/install/moveit_ros_occupancy_map_monitor/lib:/home/jone/ws_moveit/install/moveit_resources_prbt_ikfast_manipulator_plugin/lib:/home/jone/ws_moveit/install/moveit_planners_chomp/lib:/home/jone/ws_moveit/install/moveit_kinematics/lib:/home/jone/ws_moveit/install/moveit_chomp_optimizer_adapter/lib:/home/jone/ws_moveit/install/chomp_motion_planner/lib:/home/jone/ws_moveit/install/rviz_marker_tools/lib:/home/jone/ws_moveit/install/rosparam_shortcuts/lib:/home/jone/ws_moveit/install/moveit_task_constructor_msgs/lib:/opt/ros/humble/opt/rviz_ogre_vendor/lib:/opt/ros/humble/lib/x86_64-linux-gnu:/opt/ros/humble/lib:/usr/lib/x86_64-linux-gnu/gazebo-11/plugins:/usr/lib/x86_64-linux-gnu/gazebo-11/plugins:/usr/lib/x86_64-linux-gnu/gazebo-11/plugins /usr/bin/cmake --build /home/jone/ws_moveit/build/moveit_simple_controller_manager -- -j16 -l16
[5.748s] DEBUG:colcon.colcon_core.event_handler.log_command:Invoked command in '/home/jone/ws_moveit/build/moveit_simple_controller_manager' returned '0': CMAKE_PREFIX_PATH=/home/jone/ws_moveit/install/moveit_core:/home/jone/ws_moveit/install/moveit_resources_panda_moveit_config:/home/jone/ws_moveit/install/srdfdom:/home/jone/ws_moveit/install/moveit_resources_pr2_description:/home/jone/ws_moveit/install/moveit_resources_panda_description:/home/jone/ws_moveit/install/moveit_common:/home/jone/ws_moveit/install/pilz_industrial_motion_planner_testutils:/home/jone/ws_moveit/install/moveit_runtime:/home/jone/ws_moveit/install/moveit2_tutorials:/home/jone/ws_moveit/install/moveit:/home/jone/ws_moveit/install/moveit_planners:/home/jone/ws_moveit/install/pilz_industrial_motion_planner:/home/jone/ws_moveit/install/moveit_visual_tools:/home/jone/ws_moveit/install/moveit_task_constructor_visualization:/home/jone/ws_moveit/install/moveit_task_constructor_demo:/home/jone/ws_moveit/install/moveit_task_constructor_capabilities:/home/jone/ws_moveit/install/moveit_task_constructor_core:/home/jone/ws_moveit/install/moveit_ros_control_interface:/home/jone/ws_moveit/install/moveit_plugins:/home/jone/ws_moveit/install/moveit_simple_controller_manager:/home/jone/ws_moveit/install/moveit_setup_assistant:/home/jone/ws_moveit/install/moveit_setup_srdf_plugins:/home/jone/ws_moveit/install/moveit_setup_core_plugins:/home/jone/ws_moveit/install/moveit_setup_controllers:/home/jone/ws_moveit/install/moveit_setup_app_plugins:/home/jone/ws_moveit/install/moveit_setup_framework:/home/jone/ws_moveit/install/moveit_servo:/home/jone/ws_moveit/install/moveit_ros:/home/jone/ws_moveit/install/moveit_ros_visualization:/home/jone/ws_moveit/install/moveit_hybrid_planning:/home/jone/ws_moveit/install/moveit_ros_planning_interface:/home/jone/ws_moveit/install/moveit_ros_benchmarks:/home/jone/ws_moveit/install/moveit_ros_warehouse:/home/jone/ws_moveit/install/moveit_ros_robot_interaction:/home/jone/ws_moveit/install/moveit_ros_perception:/home/jone/ws_moveit/install/moveit_resources_prbt_pg70_support:/home/jone/ws_moveit/install/moveit_resources_prbt_moveit_config:/home/jone/ws_moveit/install/moveit_ros_move_group:/home/jone/ws_moveit/install/moveit_planners_ompl:/home/jone/ws_moveit/install/moveit_ros_planning:/home/jone/ws_moveit/install/moveit_ros_occupancy_map_monitor:/home/jone/ws_moveit/install/moveit_resources_prbt_ikfast_manipulator_plugin:/home/jone/ws_moveit/install/moveit_planners_chomp:/home/jone/ws_moveit/install/moveit_kinematics:/home/jone/ws_moveit/install/moveit_chomp_optimizer_adapter:/home/jone/ws_moveit/install/chomp_motion_planner:/home/jone/ws_moveit/install/rviz_marker_tools:/home/jone/ws_moveit/install/rosparam_shortcuts:/home/jone/ws_moveit/install/moveit_task_constructor_msgs:/home/jone/ws_moveit/install/moveit_resources_prbt_support:/home/jone/ws_moveit/install/moveit_resources:/home/jone/ws_moveit/install/moveit_resources_fanuc_moveit_config:/home/jone/ws_moveit/install/moveit_resources_fanuc_description:/home/jone/ws_moveit/install/moveit_configs_utils:/home/jone/ws_moveit/install/launch_param_builder:/opt/ros/humble LD_LIBRARY_PATH=/home/jone/ws_moveit/install/moveit_core/lib:/home/jone/ws_moveit/install/srdfdom/lib:/home/jone/ws_moveit/install/pilz_industrial_motion_planner_testutils/lib:/home/jone/ws_moveit/install/pilz_industrial_motion_planner/lib:/home/jone/ws_moveit/install/moveit_visual_tools/lib:/home/jone/ws_moveit/install/moveit_task_constructor_visualization/lib:/home/jone/ws_moveit/install/moveit_task_constructor_demo/lib:/home/jone/ws_moveit/install/moveit_task_constructor_capabilities/lib:/home/jone/ws_moveit/install/moveit_task_constructor_core/lib:/home/jone/ws_moveit/install/moveit_ros_control_interface/lib:/home/jone/ws_moveit/install/moveit_simple_controller_manager/lib:/home/jone/ws_moveit/install/moveit_setup_assistant/lib:/home/jone/ws_moveit/install/moveit_setup_srdf_plugins/lib:/home/jone/ws_moveit/install/moveit_setup_core_plugins/lib:/home/jone/ws_moveit/install/moveit_setup_controllers/lib:/home/jone/ws_moveit/install/moveit_setup_app_plugins/lib:/home/jone/ws_moveit/install/moveit_setup_framework/lib:/home/jone/ws_moveit/install/moveit_servo/lib:/home/jone/ws_moveit/install/moveit_ros_visualization/lib:/home/jone/ws_moveit/install/moveit_hybrid_planning/lib:/home/jone/ws_moveit/install/moveit_ros_planning_interface/lib:/home/jone/ws_moveit/install/moveit_ros_benchmarks/lib:/home/jone/ws_moveit/install/moveit_ros_warehouse/lib:/home/jone/ws_moveit/install/moveit_ros_robot_interaction/lib:/home/jone/ws_moveit/install/moveit_ros_perception/lib:/home/jone/ws_moveit/install/moveit_ros_move_group/lib:/home/jone/ws_moveit/install/moveit_planners_ompl/lib:/home/jone/ws_moveit/install/moveit_ros_planning/lib:/home/jone/ws_moveit/install/moveit_ros_occupancy_map_monitor/lib:/home/jone/ws_moveit/install/moveit_resources_prbt_ikfast_manipulator_plugin/lib:/home/jone/ws_moveit/install/moveit_planners_chomp/lib:/home/jone/ws_moveit/install/moveit_kinematics/lib:/home/jone/ws_moveit/install/moveit_chomp_optimizer_adapter/lib:/home/jone/ws_moveit/install/chomp_motion_planner/lib:/home/jone/ws_moveit/install/rviz_marker_tools/lib:/home/jone/ws_moveit/install/rosparam_shortcuts/lib:/home/jone/ws_moveit/install/moveit_task_constructor_msgs/lib:/opt/ros/humble/opt/rviz_ogre_vendor/lib:/opt/ros/humble/lib/x86_64-linux-gnu:/opt/ros/humble/lib:/usr/lib/x86_64-linux-gnu/gazebo-11/plugins:/usr/lib/x86_64-linux-gnu/gazebo-11/plugins:/usr/lib/x86_64-linux-gnu/gazebo-11/plugins /usr/bin/cmake --build /home/jone/ws_moveit/build/moveit_simple_controller_manager -- -j16 -l16
[5.750s] DEBUG:colcon.colcon_core.event_handler.log_command:Invoking command in '/home/jone/ws_moveit/build/moveit_simple_controller_manager': CMAKE_PREFIX_PATH=/home/jone/ws_moveit/install/moveit_core:/home/jone/ws_moveit/install/moveit_resources_panda_moveit_config:/home/jone/ws_moveit/install/srdfdom:/home/jone/ws_moveit/install/moveit_resources_pr2_description:/home/jone/ws_moveit/install/moveit_resources_panda_description:/home/jone/ws_moveit/install/moveit_common:/home/jone/ws_moveit/install/pilz_industrial_motion_planner_testutils:/home/jone/ws_moveit/install/moveit_runtime:/home/jone/ws_moveit/install/moveit2_tutorials:/home/jone/ws_moveit/install/moveit:/home/jone/ws_moveit/install/moveit_planners:/home/jone/ws_moveit/install/pilz_industrial_motion_planner:/home/jone/ws_moveit/install/moveit_visual_tools:/home/jone/ws_moveit/install/moveit_task_constructor_visualization:/home/jone/ws_moveit/install/moveit_task_constructor_demo:/home/jone/ws_moveit/install/moveit_task_constructor_capabilities:/home/jone/ws_moveit/install/moveit_task_constructor_core:/home/jone/ws_moveit/install/moveit_ros_control_interface:/home/jone/ws_moveit/install/moveit_plugins:/home/jone/ws_moveit/install/moveit_simple_controller_manager:/home/jone/ws_moveit/install/moveit_setup_assistant:/home/jone/ws_moveit/install/moveit_setup_srdf_plugins:/home/jone/ws_moveit/install/moveit_setup_core_plugins:/home/jone/ws_moveit/install/moveit_setup_controllers:/home/jone/ws_moveit/install/moveit_setup_app_plugins:/home/jone/ws_moveit/install/moveit_setup_framework:/home/jone/ws_moveit/install/moveit_servo:/home/jone/ws_moveit/install/moveit_ros:/home/jone/ws_moveit/install/moveit_ros_visualization:/home/jone/ws_moveit/install/moveit_hybrid_planning:/home/jone/ws_moveit/install/moveit_ros_planning_interface:/home/jone/ws_moveit/install/moveit_ros_benchmarks:/home/jone/ws_moveit/install/moveit_ros_warehouse:/home/jone/ws_moveit/install/moveit_ros_robot_interaction:/home/jone/ws_moveit/install/moveit_ros_perception:/home/jone/ws_moveit/install/moveit_resources_prbt_pg70_support:/home/jone/ws_moveit/install/moveit_resources_prbt_moveit_config:/home/jone/ws_moveit/install/moveit_ros_move_group:/home/jone/ws_moveit/install/moveit_planners_ompl:/home/jone/ws_moveit/install/moveit_ros_planning:/home/jone/ws_moveit/install/moveit_ros_occupancy_map_monitor:/home/jone/ws_moveit/install/moveit_resources_prbt_ikfast_manipulator_plugin:/home/jone/ws_moveit/install/moveit_planners_chomp:/home/jone/ws_moveit/install/moveit_kinematics:/home/jone/ws_moveit/install/moveit_chomp_optimizer_adapter:/home/jone/ws_moveit/install/chomp_motion_planner:/home/jone/ws_moveit/install/rviz_marker_tools:/home/jone/ws_moveit/install/rosparam_shortcuts:/home/jone/ws_moveit/install/moveit_task_constructor_msgs:/home/jone/ws_moveit/install/moveit_resources_prbt_support:/home/jone/ws_moveit/install/moveit_resources:/home/jone/ws_moveit/install/moveit_resources_fanuc_moveit_config:/home/jone/ws_moveit/install/moveit_resources_fanuc_description:/home/jone/ws_moveit/install/moveit_configs_utils:/home/jone/ws_moveit/install/launch_param_builder:/opt/ros/humble LD_LIBRARY_PATH=/home/jone/ws_moveit/install/moveit_core/lib:/home/jone/ws_moveit/install/srdfdom/lib:/home/jone/ws_moveit/install/pilz_industrial_motion_planner_testutils/lib:/home/jone/ws_moveit/install/pilz_industrial_motion_planner/lib:/home/jone/ws_moveit/install/moveit_visual_tools/lib:/home/jone/ws_moveit/install/moveit_task_constructor_visualization/lib:/home/jone/ws_moveit/install/moveit_task_constructor_demo/lib:/home/jone/ws_moveit/install/moveit_task_constructor_capabilities/lib:/home/jone/ws_moveit/install/moveit_task_constructor_core/lib:/home/jone/ws_moveit/install/moveit_ros_control_interface/lib:/home/jone/ws_moveit/install/moveit_simple_controller_manager/lib:/home/jone/ws_moveit/install/moveit_setup_assistant/lib:/home/jone/ws_moveit/install/moveit_setup_srdf_plugins/lib:/home/jone/ws_moveit/install/moveit_setup_core_plugins/lib:/home/jone/ws_moveit/install/moveit_setup_controllers/lib:/home/jone/ws_moveit/install/moveit_setup_app_plugins/lib:/home/jone/ws_moveit/install/moveit_setup_framework/lib:/home/jone/ws_moveit/install/moveit_servo/lib:/home/jone/ws_moveit/install/moveit_ros_visualization/lib:/home/jone/ws_moveit/install/moveit_hybrid_planning/lib:/home/jone/ws_moveit/install/moveit_ros_planning_interface/lib:/home/jone/ws_moveit/install/moveit_ros_benchmarks/lib:/home/jone/ws_moveit/install/moveit_ros_warehouse/lib:/home/jone/ws_moveit/install/moveit_ros_robot_interaction/lib:/home/jone/ws_moveit/install/moveit_ros_perception/lib:/home/jone/ws_moveit/install/moveit_ros_move_group/lib:/home/jone/ws_moveit/install/moveit_planners_ompl/lib:/home/jone/ws_moveit/install/moveit_ros_planning/lib:/home/jone/ws_moveit/install/moveit_ros_occupancy_map_monitor/lib:/home/jone/ws_moveit/install/moveit_resources_prbt_ikfast_manipulator_plugin/lib:/home/jone/ws_moveit/install/moveit_planners_chomp/lib:/home/jone/ws_moveit/install/moveit_kinematics/lib:/home/jone/ws_moveit/install/moveit_chomp_optimizer_adapter/lib:/home/jone/ws_moveit/install/chomp_motion_planner/lib:/home/jone/ws_moveit/install/rviz_marker_tools/lib:/home/jone/ws_moveit/install/rosparam_shortcuts/lib:/home/jone/ws_moveit/install/moveit_task_constructor_msgs/lib:/opt/ros/humble/opt/rviz_ogre_vendor/lib:/opt/ros/humble/lib/x86_64-linux-gnu:/opt/ros/humble/lib:/usr/lib/x86_64-linux-gnu/gazebo-11/plugins:/usr/lib/x86_64-linux-gnu/gazebo-11/plugins:/usr/lib/x86_64-linux-gnu/gazebo-11/plugins /usr/bin/cmake --install /home/jone/ws_moveit/build/moveit_simple_controller_manager
[5.766s] Level 1:colcon.colcon_core.environment:create_environment_scripts_only(moveit_simple_controller_manager)
[5.766s] Level 1:colcon.colcon_core.environment:checking '/home/jone/ws_moveit/install/moveit_simple_controller_manager' for CMake module files
[5.767s] DEBUG:colcon.colcon_core.event_handler.log_command:Invoked command in '/home/jone/ws_moveit/build/moveit_simple_controller_manager' returned '0': CMAKE_PREFIX_PATH=/home/jone/ws_moveit/install/moveit_core:/home/jone/ws_moveit/install/moveit_resources_panda_moveit_config:/home/jone/ws_moveit/install/srdfdom:/home/jone/ws_moveit/install/moveit_resources_pr2_description:/home/jone/ws_moveit/install/moveit_resources_panda_description:/home/jone/ws_moveit/install/moveit_common:/home/jone/ws_moveit/install/pilz_industrial_motion_planner_testutils:/home/jone/ws_moveit/install/moveit_runtime:/home/jone/ws_moveit/install/moveit2_tutorials:/home/jone/ws_moveit/install/moveit:/home/jone/ws_moveit/install/moveit_planners:/home/jone/ws_moveit/install/pilz_industrial_motion_planner:/home/jone/ws_moveit/install/moveit_visual_tools:/home/jone/ws_moveit/install/moveit_task_constructor_visualization:/home/jone/ws_moveit/install/moveit_task_constructor_demo:/home/jone/ws_moveit/install/moveit_task_constructor_capabilities:/home/jone/ws_moveit/install/moveit_task_constructor_core:/home/jone/ws_moveit/install/moveit_ros_control_interface:/home/jone/ws_moveit/install/moveit_plugins:/home/jone/ws_moveit/install/moveit_simple_controller_manager:/home/jone/ws_moveit/install/moveit_setup_assistant:/home/jone/ws_moveit/install/moveit_setup_srdf_plugins:/home/jone/ws_moveit/install/moveit_setup_core_plugins:/home/jone/ws_moveit/install/moveit_setup_controllers:/home/jone/ws_moveit/install/moveit_setup_app_plugins:/home/jone/ws_moveit/install/moveit_setup_framework:/home/jone/ws_moveit/install/moveit_servo:/home/jone/ws_moveit/install/moveit_ros:/home/jone/ws_moveit/install/moveit_ros_visualization:/home/jone/ws_moveit/install/moveit_hybrid_planning:/home/jone/ws_moveit/install/moveit_ros_planning_interface:/home/jone/ws_moveit/install/moveit_ros_benchmarks:/home/jone/ws_moveit/install/moveit_ros_warehouse:/home/jone/ws_moveit/install/moveit_ros_robot_interaction:/home/jone/ws_moveit/install/moveit_ros_perception:/home/jone/ws_moveit/install/moveit_resources_prbt_pg70_support:/home/jone/ws_moveit/install/moveit_resources_prbt_moveit_config:/home/jone/ws_moveit/install/moveit_ros_move_group:/home/jone/ws_moveit/install/moveit_planners_ompl:/home/jone/ws_moveit/install/moveit_ros_planning:/home/jone/ws_moveit/install/moveit_ros_occupancy_map_monitor:/home/jone/ws_moveit/install/moveit_resources_prbt_ikfast_manipulator_plugin:/home/jone/ws_moveit/install/moveit_planners_chomp:/home/jone/ws_moveit/install/moveit_kinematics:/home/jone/ws_moveit/install/moveit_chomp_optimizer_adapter:/home/jone/ws_moveit/install/chomp_motion_planner:/home/jone/ws_moveit/install/rviz_marker_tools:/home/jone/ws_moveit/install/rosparam_shortcuts:/home/jone/ws_moveit/install/moveit_task_constructor_msgs:/home/jone/ws_moveit/install/moveit_resources_prbt_support:/home/jone/ws_moveit/install/moveit_resources:/home/jone/ws_moveit/install/moveit_resources_fanuc_moveit_config:/home/jone/ws_moveit/install/moveit_resources_fanuc_description:/home/jone/ws_moveit/install/moveit_configs_utils:/home/jone/ws_moveit/install/launch_param_builder:/opt/ros/humble LD_LIBRARY_PATH=/home/jone/ws_moveit/install/moveit_core/lib:/home/jone/ws_moveit/install/srdfdom/lib:/home/jone/ws_moveit/install/pilz_industrial_motion_planner_testutils/lib:/home/jone/ws_moveit/install/pilz_industrial_motion_planner/lib:/home/jone/ws_moveit/install/moveit_visual_tools/lib:/home/jone/ws_moveit/install/moveit_task_constructor_visualization/lib:/home/jone/ws_moveit/install/moveit_task_constructor_demo/lib:/home/jone/ws_moveit/install/moveit_task_constructor_capabilities/lib:/home/jone/ws_moveit/install/moveit_task_constructor_core/lib:/home/jone/ws_moveit/install/moveit_ros_control_interface/lib:/home/jone/ws_moveit/install/moveit_simple_controller_manager/lib:/home/jone/ws_moveit/install/moveit_setup_assistant/lib:/home/jone/ws_moveit/install/moveit_setup_srdf_plugins/lib:/home/jone/ws_moveit/install/moveit_setup_core_plugins/lib:/home/jone/ws_moveit/install/moveit_setup_controllers/lib:/home/jone/ws_moveit/install/moveit_setup_app_plugins/lib:/home/jone/ws_moveit/install/moveit_setup_framework/lib:/home/jone/ws_moveit/install/moveit_servo/lib:/home/jone/ws_moveit/install/moveit_ros_visualization/lib:/home/jone/ws_moveit/install/moveit_hybrid_planning/lib:/home/jone/ws_moveit/install/moveit_ros_planning_interface/lib:/home/jone/ws_moveit/install/moveit_ros_benchmarks/lib:/home/jone/ws_moveit/install/moveit_ros_warehouse/lib:/home/jone/ws_moveit/install/moveit_ros_robot_interaction/lib:/home/jone/ws_moveit/install/moveit_ros_perception/lib:/home/jone/ws_moveit/install/moveit_ros_move_group/lib:/home/jone/ws_moveit/install/moveit_planners_ompl/lib:/home/jone/ws_moveit/install/moveit_ros_planning/lib:/home/jone/ws_moveit/install/moveit_ros_occupancy_map_monitor/lib:/home/jone/ws_moveit/install/moveit_resources_prbt_ikfast_manipulator_plugin/lib:/home/jone/ws_moveit/install/moveit_planners_chomp/lib:/home/jone/ws_moveit/install/moveit_kinematics/lib:/home/jone/ws_moveit/install/moveit_chomp_optimizer_adapter/lib:/home/jone/ws_moveit/install/chomp_motion_planner/lib:/home/jone/ws_moveit/install/rviz_marker_tools/lib:/home/jone/ws_moveit/install/rosparam_shortcuts/lib:/home/jone/ws_moveit/install/moveit_task_constructor_msgs/lib:/opt/ros/humble/opt/rviz_ogre_vendor/lib:/opt/ros/humble/lib/x86_64-linux-gnu:/opt/ros/humble/lib:/usr/lib/x86_64-linux-gnu/gazebo-11/plugins:/usr/lib/x86_64-linux-gnu/gazebo-11/plugins:/usr/lib/x86_64-linux-gnu/gazebo-11/plugins /usr/bin/cmake --install /home/jone/ws_moveit/build/moveit_simple_controller_manager
[5.767s] Level 1:colcon.colcon_core.environment:checking '/home/jone/ws_moveit/install/moveit_simple_controller_manager' for CMake config files
[5.767s] Level 1:colcon.colcon_core.shell:create_environment_hook('moveit_simple_controller_manager', 'cmake_prefix_path')
[5.768s] INFO:colcon.colcon_core.shell:Creating environment hook '/home/jone/ws_moveit/install/moveit_simple_controller_manager/share/moveit_simple_controller_manager/hook/cmake_prefix_path.ps1'
[5.768s] INFO:colcon.colcon_core.shell:Creating environment descriptor '/home/jone/ws_moveit/install/moveit_simple_controller_manager/share/moveit_simple_controller_manager/hook/cmake_prefix_path.dsv'
[5.768s] INFO:colcon.colcon_core.shell:Creating environment hook '/home/jone/ws_moveit/install/moveit_simple_controller_manager/share/moveit_simple_controller_manager/hook/cmake_prefix_path.sh'
[5.769s] Level 1:colcon.colcon_core.environment:checking '/home/jone/ws_moveit/install/moveit_simple_controller_manager/lib'
[5.769s] Level 1:colcon.colcon_core.shell:create_environment_hook('moveit_simple_controller_manager', 'ld_library_path_lib')
[5.769s] INFO:colcon.colcon_core.shell:Creating environment hook '/home/jone/ws_moveit/install/moveit_simple_controller_manager/share/moveit_simple_controller_manager/hook/ld_library_path_lib.ps1'
[5.769s] INFO:colcon.colcon_core.shell:Creating environment descriptor '/home/jone/ws_moveit/install/moveit_simple_controller_manager/share/moveit_simple_controller_manager/hook/ld_library_path_lib.dsv'
[5.770s] INFO:colcon.colcon_core.shell:Creating environment hook '/home/jone/ws_moveit/install/moveit_simple_controller_manager/share/moveit_simple_controller_manager/hook/ld_library_path_lib.sh'
[5.770s] Level 1:colcon.colcon_core.environment:checking '/home/jone/ws_moveit/install/moveit_simple_controller_manager/bin'
[5.770s] Level 1:colcon.colcon_core.environment:checking '/home/jone/ws_moveit/install/moveit_simple_controller_manager/lib/pkgconfig/moveit_simple_controller_manager.pc'
[5.770s] Level 1:colcon.colcon_core.environment:checking '/home/jone/ws_moveit/install/moveit_simple_controller_manager/lib/python3.10/site-packages'
[5.770s] Level 1:colcon.colcon_core.environment:checking '/home/jone/ws_moveit/install/moveit_simple_controller_manager/bin'
[5.771s] INFO:colcon.colcon_core.shell:Creating package script '/home/jone/ws_moveit/install/moveit_simple_controller_manager/share/moveit_simple_controller_manager/package.ps1'
[5.771s] INFO:colcon.colcon_core.shell:Creating package descriptor '/home/jone/ws_moveit/install/moveit_simple_controller_manager/share/moveit_simple_controller_manager/package.dsv'
[5.771s] INFO:colcon.colcon_core.shell:Creating package script '/home/jone/ws_moveit/install/moveit_simple_controller_manager/share/moveit_simple_controller_manager/package.sh'
[5.771s] INFO:colcon.colcon_core.shell:Creating package script '/home/jone/ws_moveit/install/moveit_simple_controller_manager/share/moveit_simple_controller_manager/package.bash'
[5.772s] INFO:colcon.colcon_core.shell:Creating package script '/home/jone/ws_moveit/install/moveit_simple_controller_manager/share/moveit_simple_controller_manager/package.zsh'
[5.772s] Level 1:colcon.colcon_core.environment:create_file_with_runtime_dependencies(/home/jone/ws_moveit/install/moveit_simple_controller_manager/share/colcon-core/packages/moveit_simple_controller_manager)
[5.772s] Level 1:colcon.colcon_core.environment:create_environment_scripts_only(moveit_simple_controller_manager)
[5.772s] Level 1:colcon.colcon_core.environment:checking '/home/jone/ws_moveit/install/moveit_simple_controller_manager' for CMake module files
[5.773s] Level 1:colcon.colcon_core.environment:checking '/home/jone/ws_moveit/install/moveit_simple_controller_manager' for CMake config files
[5.773s] Level 1:colcon.colcon_core.shell:create_environment_hook('moveit_simple_controller_manager', 'cmake_prefix_path')
[5.773s] INFO:colcon.colcon_core.shell:Creating environment hook '/home/jone/ws_moveit/install/moveit_simple_controller_manager/share/moveit_simple_controller_manager/hook/cmake_prefix_path.ps1'
[5.773s] INFO:colcon.colcon_core.shell:Creating environment descriptor '/home/jone/ws_moveit/install/moveit_simple_controller_manager/share/moveit_simple_controller_manager/hook/cmake_prefix_path.dsv'
[5.773s] INFO:colcon.colcon_core.shell:Creating environment hook '/home/jone/ws_moveit/install/moveit_simple_controller_manager/share/moveit_simple_controller_manager/hook/cmake_prefix_path.sh'
[5.774s] Level 1:colcon.colcon_core.environment:checking '/home/jone/ws_moveit/install/moveit_simple_controller_manager/lib'
[5.774s] Level 1:colcon.colcon_core.shell:create_environment_hook('moveit_simple_controller_manager', 'ld_library_path_lib')
[5.774s] INFO:colcon.colcon_core.shell:Creating environment hook '/home/jone/ws_moveit/install/moveit_simple_controller_manager/share/moveit_simple_controller_manager/hook/ld_library_path_lib.ps1'
[5.774s] INFO:colcon.colcon_core.shell:Creating environment descriptor '/home/jone/ws_moveit/install/moveit_simple_controller_manager/share/moveit_simple_controller_manager/hook/ld_library_path_lib.dsv'
[5.775s] INFO:colcon.colcon_core.shell:Creating environment hook '/home/jone/ws_moveit/install/moveit_simple_controller_manager/share/moveit_simple_controller_manager/hook/ld_library_path_lib.sh'
[5.775s] Level 1:colcon.colcon_core.environment:checking '/home/jone/ws_moveit/install/moveit_simple_controller_manager/bin'
[5.775s] Level 1:colcon.colcon_core.environment:checking '/home/jone/ws_moveit/install/moveit_simple_controller_manager/lib/pkgconfig/moveit_simple_controller_manager.pc'
[5.775s] Level 1:colcon.colcon_core.environment:checking '/home/jone/ws_moveit/install/moveit_simple_controller_manager/lib/python3.10/site-packages'
[5.775s] Level 1:colcon.colcon_core.environment:checking '/home/jone/ws_moveit/install/moveit_simple_controller_manager/bin'
[5.775s] INFO:colcon.colcon_core.shell:Creating package script '/home/jone/ws_moveit/install/moveit_simple_controller_manager/share/moveit_simple_controller_manager/package.ps1'
[5.776s] INFO:colcon.colcon_core.shell:Creating package descriptor '/home/jone/ws_moveit/install/moveit_simple_controller_manager/share/moveit_simple_controller_manager/package.dsv'
[5.776s] INFO:colcon.colcon_core.shell:Creating package script '/home/jone/ws_moveit/install/moveit_simple_controller_manager/share/moveit_simple_controller_manager/package.sh'
[5.776s] INFO:colcon.colcon_core.shell:Creating package script '/home/jone/ws_moveit/install/moveit_simple_controller_manager/share/moveit_simple_controller_manager/package.bash'
[5.777s] INFO:colcon.colcon_core.shell:Creating package script '/home/jone/ws_moveit/install/moveit_simple_controller_manager/share/moveit_simple_controller_manager/package.zsh'
[5.777s] Level 1:colcon.colcon_core.environment:create_file_with_runtime_dependencies(/home/jone/ws_moveit/install/moveit_simple_controller_manager/share/colcon-core/packages/moveit_simple_controller_manager)
[5.777s] DEBUG:colcon.colcon_core.executor.sequential:run_until_complete 'moveit_simple_controller_manager' finished with '0'
[5.777s] DEBUG:colcon.colcon_core.executor.sequential:run_until_complete 'pilz_industrial_motion_planner_testutils'
[5.777s] INFO:colcon.colcon_ros.task.ament_cmake.build:Building ROS package in '/home/jone/ws_moveit/src/moveit2/moveit_planners/pilz_industrial_motion_planner_testutils' with build type 'ament_cmake'
[5.777s] INFO:colcon.colcon_cmake.task.cmake.build:Building CMake package in '/home/jone/ws_moveit/src/moveit2/moveit_planners/pilz_industrial_motion_planner_testutils'
[5.778s] INFO:colcon.colcon_core.shell:Skip shell extension 'powershell' for command environment: Not usable outside of PowerShell
[5.778s] DEBUG:colcon.colcon_core.shell:Skip shell extension 'dsv' for command environment
[5.801s] DEBUG:colcon.colcon_core.event_handler.log_command:Invoking command in '/home/jone/ws_moveit/build/pilz_industrial_motion_planner_testutils': CMAKE_PREFIX_PATH=/home/jone/ws_moveit/install/moveit_core:/home/jone/ws_moveit/install/moveit_resources_panda_moveit_config:/home/jone/ws_moveit/install/srdfdom:/home/jone/ws_moveit/install/moveit_resources_pr2_description:/home/jone/ws_moveit/install/moveit_resources_panda_description:/home/jone/ws_moveit/install/moveit_common:/home/jone/ws_moveit/install/pilz_industrial_motion_planner_testutils:/home/jone/ws_moveit/install/moveit_runtime:/home/jone/ws_moveit/install/moveit2_tutorials:/home/jone/ws_moveit/install/moveit:/home/jone/ws_moveit/install/moveit_planners:/home/jone/ws_moveit/install/pilz_industrial_motion_planner:/home/jone/ws_moveit/install/moveit_visual_tools:/home/jone/ws_moveit/install/moveit_task_constructor_visualization:/home/jone/ws_moveit/install/moveit_task_constructor_demo:/home/jone/ws_moveit/install/moveit_task_constructor_capabilities:/home/jone/ws_moveit/install/moveit_task_constructor_core:/home/jone/ws_moveit/install/moveit_ros_control_interface:/home/jone/ws_moveit/install/moveit_plugins:/home/jone/ws_moveit/install/moveit_simple_controller_manager:/home/jone/ws_moveit/install/moveit_setup_assistant:/home/jone/ws_moveit/install/moveit_setup_srdf_plugins:/home/jone/ws_moveit/install/moveit_setup_core_plugins:/home/jone/ws_moveit/install/moveit_setup_controllers:/home/jone/ws_moveit/install/moveit_setup_app_plugins:/home/jone/ws_moveit/install/moveit_setup_framework:/home/jone/ws_moveit/install/moveit_servo:/home/jone/ws_moveit/install/moveit_ros:/home/jone/ws_moveit/install/moveit_ros_visualization:/home/jone/ws_moveit/install/moveit_hybrid_planning:/home/jone/ws_moveit/install/moveit_ros_planning_interface:/home/jone/ws_moveit/install/moveit_ros_benchmarks:/home/jone/ws_moveit/install/moveit_ros_warehouse:/home/jone/ws_moveit/install/moveit_ros_robot_interaction:/home/jone/ws_moveit/install/moveit_ros_perception:/home/jone/ws_moveit/install/moveit_resources_prbt_pg70_support:/home/jone/ws_moveit/install/moveit_resources_prbt_moveit_config:/home/jone/ws_moveit/install/moveit_ros_move_group:/home/jone/ws_moveit/install/moveit_planners_ompl:/home/jone/ws_moveit/install/moveit_ros_planning:/home/jone/ws_moveit/install/moveit_ros_occupancy_map_monitor:/home/jone/ws_moveit/install/moveit_resources_prbt_ikfast_manipulator_plugin:/home/jone/ws_moveit/install/moveit_planners_chomp:/home/jone/ws_moveit/install/moveit_kinematics:/home/jone/ws_moveit/install/moveit_chomp_optimizer_adapter:/home/jone/ws_moveit/install/chomp_motion_planner:/home/jone/ws_moveit/install/rviz_marker_tools:/home/jone/ws_moveit/install/rosparam_shortcuts:/home/jone/ws_moveit/install/moveit_task_constructor_msgs:/home/jone/ws_moveit/install/moveit_resources_prbt_support:/home/jone/ws_moveit/install/moveit_resources:/home/jone/ws_moveit/install/moveit_resources_fanuc_moveit_config:/home/jone/ws_moveit/install/moveit_resources_fanuc_description:/home/jone/ws_moveit/install/moveit_configs_utils:/home/jone/ws_moveit/install/launch_param_builder:/opt/ros/humble LD_LIBRARY_PATH=/home/jone/ws_moveit/install/moveit_core/lib:/home/jone/ws_moveit/install/srdfdom/lib:/home/jone/ws_moveit/install/pilz_industrial_motion_planner_testutils/lib:/home/jone/ws_moveit/install/pilz_industrial_motion_planner/lib:/home/jone/ws_moveit/install/moveit_visual_tools/lib:/home/jone/ws_moveit/install/moveit_task_constructor_visualization/lib:/home/jone/ws_moveit/install/moveit_task_constructor_demo/lib:/home/jone/ws_moveit/install/moveit_task_constructor_capabilities/lib:/home/jone/ws_moveit/install/moveit_task_constructor_core/lib:/home/jone/ws_moveit/install/moveit_ros_control_interface/lib:/home/jone/ws_moveit/install/moveit_simple_controller_manager/lib:/home/jone/ws_moveit/install/moveit_setup_assistant/lib:/home/jone/ws_moveit/install/moveit_setup_srdf_plugins/lib:/home/jone/ws_moveit/install/moveit_setup_core_plugins/lib:/home/jone/ws_moveit/install/moveit_setup_controllers/lib:/home/jone/ws_moveit/install/moveit_setup_app_plugins/lib:/home/jone/ws_moveit/install/moveit_setup_framework/lib:/home/jone/ws_moveit/install/moveit_servo/lib:/home/jone/ws_moveit/install/moveit_ros_visualization/lib:/home/jone/ws_moveit/install/moveit_hybrid_planning/lib:/home/jone/ws_moveit/install/moveit_ros_planning_interface/lib:/home/jone/ws_moveit/install/moveit_ros_benchmarks/lib:/home/jone/ws_moveit/install/moveit_ros_warehouse/lib:/home/jone/ws_moveit/install/moveit_ros_robot_interaction/lib:/home/jone/ws_moveit/install/moveit_ros_perception/lib:/home/jone/ws_moveit/install/moveit_ros_move_group/lib:/home/jone/ws_moveit/install/moveit_planners_ompl/lib:/home/jone/ws_moveit/install/moveit_ros_planning/lib:/home/jone/ws_moveit/install/moveit_ros_occupancy_map_monitor/lib:/home/jone/ws_moveit/install/moveit_resources_prbt_ikfast_manipulator_plugin/lib:/home/jone/ws_moveit/install/moveit_planners_chomp/lib:/home/jone/ws_moveit/install/moveit_kinematics/lib:/home/jone/ws_moveit/install/moveit_chomp_optimizer_adapter/lib:/home/jone/ws_moveit/install/chomp_motion_planner/lib:/home/jone/ws_moveit/install/rviz_marker_tools/lib:/home/jone/ws_moveit/install/rosparam_shortcuts/lib:/home/jone/ws_moveit/install/moveit_task_constructor_msgs/lib:/opt/ros/humble/opt/rviz_ogre_vendor/lib:/opt/ros/humble/lib/x86_64-linux-gnu:/opt/ros/humble/lib:/usr/lib/x86_64-linux-gnu/gazebo-11/plugins:/usr/lib/x86_64-linux-gnu/gazebo-11/plugins:/usr/lib/x86_64-linux-gnu/gazebo-11/plugins /usr/bin/cmake --build /home/jone/ws_moveit/build/pilz_industrial_motion_planner_testutils -- -j16 -l16
[5.937s] DEBUG:colcon.colcon_core.event_handler.log_command:Invoked command in '/home/jone/ws_moveit/build/pilz_industrial_motion_planner_testutils' returned '0': CMAKE_PREFIX_PATH=/home/jone/ws_moveit/install/moveit_core:/home/jone/ws_moveit/install/moveit_resources_panda_moveit_config:/home/jone/ws_moveit/install/srdfdom:/home/jone/ws_moveit/install/moveit_resources_pr2_description:/home/jone/ws_moveit/install/moveit_resources_panda_description:/home/jone/ws_moveit/install/moveit_common:/home/jone/ws_moveit/install/pilz_industrial_motion_planner_testutils:/home/jone/ws_moveit/install/moveit_runtime:/home/jone/ws_moveit/install/moveit2_tutorials:/home/jone/ws_moveit/install/moveit:/home/jone/ws_moveit/install/moveit_planners:/home/jone/ws_moveit/install/pilz_industrial_motion_planner:/home/jone/ws_moveit/install/moveit_visual_tools:/home/jone/ws_moveit/install/moveit_task_constructor_visualization:/home/jone/ws_moveit/install/moveit_task_constructor_demo:/home/jone/ws_moveit/install/moveit_task_constructor_capabilities:/home/jone/ws_moveit/install/moveit_task_constructor_core:/home/jone/ws_moveit/install/moveit_ros_control_interface:/home/jone/ws_moveit/install/moveit_plugins:/home/jone/ws_moveit/install/moveit_simple_controller_manager:/home/jone/ws_moveit/install/moveit_setup_assistant:/home/jone/ws_moveit/install/moveit_setup_srdf_plugins:/home/jone/ws_moveit/install/moveit_setup_core_plugins:/home/jone/ws_moveit/install/moveit_setup_controllers:/home/jone/ws_moveit/install/moveit_setup_app_plugins:/home/jone/ws_moveit/install/moveit_setup_framework:/home/jone/ws_moveit/install/moveit_servo:/home/jone/ws_moveit/install/moveit_ros:/home/jone/ws_moveit/install/moveit_ros_visualization:/home/jone/ws_moveit/install/moveit_hybrid_planning:/home/jone/ws_moveit/install/moveit_ros_planning_interface:/home/jone/ws_moveit/install/moveit_ros_benchmarks:/home/jone/ws_moveit/install/moveit_ros_warehouse:/home/jone/ws_moveit/install/moveit_ros_robot_interaction:/home/jone/ws_moveit/install/moveit_ros_perception:/home/jone/ws_moveit/install/moveit_resources_prbt_pg70_support:/home/jone/ws_moveit/install/moveit_resources_prbt_moveit_config:/home/jone/ws_moveit/install/moveit_ros_move_group:/home/jone/ws_moveit/install/moveit_planners_ompl:/home/jone/ws_moveit/install/moveit_ros_planning:/home/jone/ws_moveit/install/moveit_ros_occupancy_map_monitor:/home/jone/ws_moveit/install/moveit_resources_prbt_ikfast_manipulator_plugin:/home/jone/ws_moveit/install/moveit_planners_chomp:/home/jone/ws_moveit/install/moveit_kinematics:/home/jone/ws_moveit/install/moveit_chomp_optimizer_adapter:/home/jone/ws_moveit/install/chomp_motion_planner:/home/jone/ws_moveit/install/rviz_marker_tools:/home/jone/ws_moveit/install/rosparam_shortcuts:/home/jone/ws_moveit/install/moveit_task_constructor_msgs:/home/jone/ws_moveit/install/moveit_resources_prbt_support:/home/jone/ws_moveit/install/moveit_resources:/home/jone/ws_moveit/install/moveit_resources_fanuc_moveit_config:/home/jone/ws_moveit/install/moveit_resources_fanuc_description:/home/jone/ws_moveit/install/moveit_configs_utils:/home/jone/ws_moveit/install/launch_param_builder:/opt/ros/humble LD_LIBRARY_PATH=/home/jone/ws_moveit/install/moveit_core/lib:/home/jone/ws_moveit/install/srdfdom/lib:/home/jone/ws_moveit/install/pilz_industrial_motion_planner_testutils/lib:/home/jone/ws_moveit/install/pilz_industrial_motion_planner/lib:/home/jone/ws_moveit/install/moveit_visual_tools/lib:/home/jone/ws_moveit/install/moveit_task_constructor_visualization/lib:/home/jone/ws_moveit/install/moveit_task_constructor_demo/lib:/home/jone/ws_moveit/install/moveit_task_constructor_capabilities/lib:/home/jone/ws_moveit/install/moveit_task_constructor_core/lib:/home/jone/ws_moveit/install/moveit_ros_control_interface/lib:/home/jone/ws_moveit/install/moveit_simple_controller_manager/lib:/home/jone/ws_moveit/install/moveit_setup_assistant/lib:/home/jone/ws_moveit/install/moveit_setup_srdf_plugins/lib:/home/jone/ws_moveit/install/moveit_setup_core_plugins/lib:/home/jone/ws_moveit/install/moveit_setup_controllers/lib:/home/jone/ws_moveit/install/moveit_setup_app_plugins/lib:/home/jone/ws_moveit/install/moveit_setup_framework/lib:/home/jone/ws_moveit/install/moveit_servo/lib:/home/jone/ws_moveit/install/moveit_ros_visualization/lib:/home/jone/ws_moveit/install/moveit_hybrid_planning/lib:/home/jone/ws_moveit/install/moveit_ros_planning_interface/lib:/home/jone/ws_moveit/install/moveit_ros_benchmarks/lib:/home/jone/ws_moveit/install/moveit_ros_warehouse/lib:/home/jone/ws_moveit/install/moveit_ros_robot_interaction/lib:/home/jone/ws_moveit/install/moveit_ros_perception/lib:/home/jone/ws_moveit/install/moveit_ros_move_group/lib:/home/jone/ws_moveit/install/moveit_planners_ompl/lib:/home/jone/ws_moveit/install/moveit_ros_planning/lib:/home/jone/ws_moveit/install/moveit_ros_occupancy_map_monitor/lib:/home/jone/ws_moveit/install/moveit_resources_prbt_ikfast_manipulator_plugin/lib:/home/jone/ws_moveit/install/moveit_planners_chomp/lib:/home/jone/ws_moveit/install/moveit_kinematics/lib:/home/jone/ws_moveit/install/moveit_chomp_optimizer_adapter/lib:/home/jone/ws_moveit/install/chomp_motion_planner/lib:/home/jone/ws_moveit/install/rviz_marker_tools/lib:/home/jone/ws_moveit/install/rosparam_shortcuts/lib:/home/jone/ws_moveit/install/moveit_task_constructor_msgs/lib:/opt/ros/humble/opt/rviz_ogre_vendor/lib:/opt/ros/humble/lib/x86_64-linux-gnu:/opt/ros/humble/lib:/usr/lib/x86_64-linux-gnu/gazebo-11/plugins:/usr/lib/x86_64-linux-gnu/gazebo-11/plugins:/usr/lib/x86_64-linux-gnu/gazebo-11/plugins /usr/bin/cmake --build /home/jone/ws_moveit/build/pilz_industrial_motion_planner_testutils -- -j16 -l16
[5.939s] DEBUG:colcon.colcon_core.event_handler.log_command:Invoking command in '/home/jone/ws_moveit/build/pilz_industrial_motion_planner_testutils': CMAKE_PREFIX_PATH=/home/jone/ws_moveit/install/moveit_core:/home/jone/ws_moveit/install/moveit_resources_panda_moveit_config:/home/jone/ws_moveit/install/srdfdom:/home/jone/ws_moveit/install/moveit_resources_pr2_description:/home/jone/ws_moveit/install/moveit_resources_panda_description:/home/jone/ws_moveit/install/moveit_common:/home/jone/ws_moveit/install/pilz_industrial_motion_planner_testutils:/home/jone/ws_moveit/install/moveit_runtime:/home/jone/ws_moveit/install/moveit2_tutorials:/home/jone/ws_moveit/install/moveit:/home/jone/ws_moveit/install/moveit_planners:/home/jone/ws_moveit/install/pilz_industrial_motion_planner:/home/jone/ws_moveit/install/moveit_visual_tools:/home/jone/ws_moveit/install/moveit_task_constructor_visualization:/home/jone/ws_moveit/install/moveit_task_constructor_demo:/home/jone/ws_moveit/install/moveit_task_constructor_capabilities:/home/jone/ws_moveit/install/moveit_task_constructor_core:/home/jone/ws_moveit/install/moveit_ros_control_interface:/home/jone/ws_moveit/install/moveit_plugins:/home/jone/ws_moveit/install/moveit_simple_controller_manager:/home/jone/ws_moveit/install/moveit_setup_assistant:/home/jone/ws_moveit/install/moveit_setup_srdf_plugins:/home/jone/ws_moveit/install/moveit_setup_core_plugins:/home/jone/ws_moveit/install/moveit_setup_controllers:/home/jone/ws_moveit/install/moveit_setup_app_plugins:/home/jone/ws_moveit/install/moveit_setup_framework:/home/jone/ws_moveit/install/moveit_servo:/home/jone/ws_moveit/install/moveit_ros:/home/jone/ws_moveit/install/moveit_ros_visualization:/home/jone/ws_moveit/install/moveit_hybrid_planning:/home/jone/ws_moveit/install/moveit_ros_planning_interface:/home/jone/ws_moveit/install/moveit_ros_benchmarks:/home/jone/ws_moveit/install/moveit_ros_warehouse:/home/jone/ws_moveit/install/moveit_ros_robot_interaction:/home/jone/ws_moveit/install/moveit_ros_perception:/home/jone/ws_moveit/install/moveit_resources_prbt_pg70_support:/home/jone/ws_moveit/install/moveit_resources_prbt_moveit_config:/home/jone/ws_moveit/install/moveit_ros_move_group:/home/jone/ws_moveit/install/moveit_planners_ompl:/home/jone/ws_moveit/install/moveit_ros_planning:/home/jone/ws_moveit/install/moveit_ros_occupancy_map_monitor:/home/jone/ws_moveit/install/moveit_resources_prbt_ikfast_manipulator_plugin:/home/jone/ws_moveit/install/moveit_planners_chomp:/home/jone/ws_moveit/install/moveit_kinematics:/home/jone/ws_moveit/install/moveit_chomp_optimizer_adapter:/home/jone/ws_moveit/install/chomp_motion_planner:/home/jone/ws_moveit/install/rviz_marker_tools:/home/jone/ws_moveit/install/rosparam_shortcuts:/home/jone/ws_moveit/install/moveit_task_constructor_msgs:/home/jone/ws_moveit/install/moveit_resources_prbt_support:/home/jone/ws_moveit/install/moveit_resources:/home/jone/ws_moveit/install/moveit_resources_fanuc_moveit_config:/home/jone/ws_moveit/install/moveit_resources_fanuc_description:/home/jone/ws_moveit/install/moveit_configs_utils:/home/jone/ws_moveit/install/launch_param_builder:/opt/ros/humble LD_LIBRARY_PATH=/home/jone/ws_moveit/install/moveit_core/lib:/home/jone/ws_moveit/install/srdfdom/lib:/home/jone/ws_moveit/install/pilz_industrial_motion_planner_testutils/lib:/home/jone/ws_moveit/install/pilz_industrial_motion_planner/lib:/home/jone/ws_moveit/install/moveit_visual_tools/lib:/home/jone/ws_moveit/install/moveit_task_constructor_visualization/lib:/home/jone/ws_moveit/install/moveit_task_constructor_demo/lib:/home/jone/ws_moveit/install/moveit_task_constructor_capabilities/lib:/home/jone/ws_moveit/install/moveit_task_constructor_core/lib:/home/jone/ws_moveit/install/moveit_ros_control_interface/lib:/home/jone/ws_moveit/install/moveit_simple_controller_manager/lib:/home/jone/ws_moveit/install/moveit_setup_assistant/lib:/home/jone/ws_moveit/install/moveit_setup_srdf_plugins/lib:/home/jone/ws_moveit/install/moveit_setup_core_plugins/lib:/home/jone/ws_moveit/install/moveit_setup_controllers/lib:/home/jone/ws_moveit/install/moveit_setup_app_plugins/lib:/home/jone/ws_moveit/install/moveit_setup_framework/lib:/home/jone/ws_moveit/install/moveit_servo/lib:/home/jone/ws_moveit/install/moveit_ros_visualization/lib:/home/jone/ws_moveit/install/moveit_hybrid_planning/lib:/home/jone/ws_moveit/install/moveit_ros_planning_interface/lib:/home/jone/ws_moveit/install/moveit_ros_benchmarks/lib:/home/jone/ws_moveit/install/moveit_ros_warehouse/lib:/home/jone/ws_moveit/install/moveit_ros_robot_interaction/lib:/home/jone/ws_moveit/install/moveit_ros_perception/lib:/home/jone/ws_moveit/install/moveit_ros_move_group/lib:/home/jone/ws_moveit/install/moveit_planners_ompl/lib:/home/jone/ws_moveit/install/moveit_ros_planning/lib:/home/jone/ws_moveit/install/moveit_ros_occupancy_map_monitor/lib:/home/jone/ws_moveit/install/moveit_resources_prbt_ikfast_manipulator_plugin/lib:/home/jone/ws_moveit/install/moveit_planners_chomp/lib:/home/jone/ws_moveit/install/moveit_kinematics/lib:/home/jone/ws_moveit/install/moveit_chomp_optimizer_adapter/lib:/home/jone/ws_moveit/install/chomp_motion_planner/lib:/home/jone/ws_moveit/install/rviz_marker_tools/lib:/home/jone/ws_moveit/install/rosparam_shortcuts/lib:/home/jone/ws_moveit/install/moveit_task_constructor_msgs/lib:/opt/ros/humble/opt/rviz_ogre_vendor/lib:/opt/ros/humble/lib/x86_64-linux-gnu:/opt/ros/humble/lib:/usr/lib/x86_64-linux-gnu/gazebo-11/plugins:/usr/lib/x86_64-linux-gnu/gazebo-11/plugins:/usr/lib/x86_64-linux-gnu/gazebo-11/plugins /usr/bin/cmake --install /home/jone/ws_moveit/build/pilz_industrial_motion_planner_testutils
[5.955s] Level 1:colcon.colcon_core.environment:create_environment_scripts_only(pilz_industrial_motion_planner_testutils)
[5.955s] Level 1:colcon.colcon_core.environment:checking '/home/jone/ws_moveit/install/pilz_industrial_motion_planner_testutils' for CMake module files
[5.955s] DEBUG:colcon.colcon_core.event_handler.log_command:Invoked command in '/home/jone/ws_moveit/build/pilz_industrial_motion_planner_testutils' returned '0': CMAKE_PREFIX_PATH=/home/jone/ws_moveit/install/moveit_core:/home/jone/ws_moveit/install/moveit_resources_panda_moveit_config:/home/jone/ws_moveit/install/srdfdom:/home/jone/ws_moveit/install/moveit_resources_pr2_description:/home/jone/ws_moveit/install/moveit_resources_panda_description:/home/jone/ws_moveit/install/moveit_common:/home/jone/ws_moveit/install/pilz_industrial_motion_planner_testutils:/home/jone/ws_moveit/install/moveit_runtime:/home/jone/ws_moveit/install/moveit2_tutorials:/home/jone/ws_moveit/install/moveit:/home/jone/ws_moveit/install/moveit_planners:/home/jone/ws_moveit/install/pilz_industrial_motion_planner:/home/jone/ws_moveit/install/moveit_visual_tools:/home/jone/ws_moveit/install/moveit_task_constructor_visualization:/home/jone/ws_moveit/install/moveit_task_constructor_demo:/home/jone/ws_moveit/install/moveit_task_constructor_capabilities:/home/jone/ws_moveit/install/moveit_task_constructor_core:/home/jone/ws_moveit/install/moveit_ros_control_interface:/home/jone/ws_moveit/install/moveit_plugins:/home/jone/ws_moveit/install/moveit_simple_controller_manager:/home/jone/ws_moveit/install/moveit_setup_assistant:/home/jone/ws_moveit/install/moveit_setup_srdf_plugins:/home/jone/ws_moveit/install/moveit_setup_core_plugins:/home/jone/ws_moveit/install/moveit_setup_controllers:/home/jone/ws_moveit/install/moveit_setup_app_plugins:/home/jone/ws_moveit/install/moveit_setup_framework:/home/jone/ws_moveit/install/moveit_servo:/home/jone/ws_moveit/install/moveit_ros:/home/jone/ws_moveit/install/moveit_ros_visualization:/home/jone/ws_moveit/install/moveit_hybrid_planning:/home/jone/ws_moveit/install/moveit_ros_planning_interface:/home/jone/ws_moveit/install/moveit_ros_benchmarks:/home/jone/ws_moveit/install/moveit_ros_warehouse:/home/jone/ws_moveit/install/moveit_ros_robot_interaction:/home/jone/ws_moveit/install/moveit_ros_perception:/home/jone/ws_moveit/install/moveit_resources_prbt_pg70_support:/home/jone/ws_moveit/install/moveit_resources_prbt_moveit_config:/home/jone/ws_moveit/install/moveit_ros_move_group:/home/jone/ws_moveit/install/moveit_planners_ompl:/home/jone/ws_moveit/install/moveit_ros_planning:/home/jone/ws_moveit/install/moveit_ros_occupancy_map_monitor:/home/jone/ws_moveit/install/moveit_resources_prbt_ikfast_manipulator_plugin:/home/jone/ws_moveit/install/moveit_planners_chomp:/home/jone/ws_moveit/install/moveit_kinematics:/home/jone/ws_moveit/install/moveit_chomp_optimizer_adapter:/home/jone/ws_moveit/install/chomp_motion_planner:/home/jone/ws_moveit/install/rviz_marker_tools:/home/jone/ws_moveit/install/rosparam_shortcuts:/home/jone/ws_moveit/install/moveit_task_constructor_msgs:/home/jone/ws_moveit/install/moveit_resources_prbt_support:/home/jone/ws_moveit/install/moveit_resources:/home/jone/ws_moveit/install/moveit_resources_fanuc_moveit_config:/home/jone/ws_moveit/install/moveit_resources_fanuc_description:/home/jone/ws_moveit/install/moveit_configs_utils:/home/jone/ws_moveit/install/launch_param_builder:/opt/ros/humble LD_LIBRARY_PATH=/home/jone/ws_moveit/install/moveit_core/lib:/home/jone/ws_moveit/install/srdfdom/lib:/home/jone/ws_moveit/install/pilz_industrial_motion_planner_testutils/lib:/home/jone/ws_moveit/install/pilz_industrial_motion_planner/lib:/home/jone/ws_moveit/install/moveit_visual_tools/lib:/home/jone/ws_moveit/install/moveit_task_constructor_visualization/lib:/home/jone/ws_moveit/install/moveit_task_constructor_demo/lib:/home/jone/ws_moveit/install/moveit_task_constructor_capabilities/lib:/home/jone/ws_moveit/install/moveit_task_constructor_core/lib:/home/jone/ws_moveit/install/moveit_ros_control_interface/lib:/home/jone/ws_moveit/install/moveit_simple_controller_manager/lib:/home/jone/ws_moveit/install/moveit_setup_assistant/lib:/home/jone/ws_moveit/install/moveit_setup_srdf_plugins/lib:/home/jone/ws_moveit/install/moveit_setup_core_plugins/lib:/home/jone/ws_moveit/install/moveit_setup_controllers/lib:/home/jone/ws_moveit/install/moveit_setup_app_plugins/lib:/home/jone/ws_moveit/install/moveit_setup_framework/lib:/home/jone/ws_moveit/install/moveit_servo/lib:/home/jone/ws_moveit/install/moveit_ros_visualization/lib:/home/jone/ws_moveit/install/moveit_hybrid_planning/lib:/home/jone/ws_moveit/install/moveit_ros_planning_interface/lib:/home/jone/ws_moveit/install/moveit_ros_benchmarks/lib:/home/jone/ws_moveit/install/moveit_ros_warehouse/lib:/home/jone/ws_moveit/install/moveit_ros_robot_interaction/lib:/home/jone/ws_moveit/install/moveit_ros_perception/lib:/home/jone/ws_moveit/install/moveit_ros_move_group/lib:/home/jone/ws_moveit/install/moveit_planners_ompl/lib:/home/jone/ws_moveit/install/moveit_ros_planning/lib:/home/jone/ws_moveit/install/moveit_ros_occupancy_map_monitor/lib:/home/jone/ws_moveit/install/moveit_resources_prbt_ikfast_manipulator_plugin/lib:/home/jone/ws_moveit/install/moveit_planners_chomp/lib:/home/jone/ws_moveit/install/moveit_kinematics/lib:/home/jone/ws_moveit/install/moveit_chomp_optimizer_adapter/lib:/home/jone/ws_moveit/install/chomp_motion_planner/lib:/home/jone/ws_moveit/install/rviz_marker_tools/lib:/home/jone/ws_moveit/install/rosparam_shortcuts/lib:/home/jone/ws_moveit/install/moveit_task_constructor_msgs/lib:/opt/ros/humble/opt/rviz_ogre_vendor/lib:/opt/ros/humble/lib/x86_64-linux-gnu:/opt/ros/humble/lib:/usr/lib/x86_64-linux-gnu/gazebo-11/plugins:/usr/lib/x86_64-linux-gnu/gazebo-11/plugins:/usr/lib/x86_64-linux-gnu/gazebo-11/plugins /usr/bin/cmake --install /home/jone/ws_moveit/build/pilz_industrial_motion_planner_testutils
[5.956s] Level 1:colcon.colcon_core.environment:checking '/home/jone/ws_moveit/install/pilz_industrial_motion_planner_testutils' for CMake config files
[5.956s] Level 1:colcon.colcon_core.shell:create_environment_hook('pilz_industrial_motion_planner_testutils', 'cmake_prefix_path')
[5.956s] INFO:colcon.colcon_core.shell:Creating environment hook '/home/jone/ws_moveit/install/pilz_industrial_motion_planner_testutils/share/pilz_industrial_motion_planner_testutils/hook/cmake_prefix_path.ps1'
[5.956s] INFO:colcon.colcon_core.shell:Creating environment descriptor '/home/jone/ws_moveit/install/pilz_industrial_motion_planner_testutils/share/pilz_industrial_motion_planner_testutils/hook/cmake_prefix_path.dsv'
[5.957s] INFO:colcon.colcon_core.shell:Creating environment hook '/home/jone/ws_moveit/install/pilz_industrial_motion_planner_testutils/share/pilz_industrial_motion_planner_testutils/hook/cmake_prefix_path.sh'
[5.957s] Level 1:colcon.colcon_core.environment:checking '/home/jone/ws_moveit/install/pilz_industrial_motion_planner_testutils/lib'
[5.957s] Level 1:colcon.colcon_core.shell:create_environment_hook('pilz_industrial_motion_planner_testutils', 'ld_library_path_lib')
[5.957s] INFO:colcon.colcon_core.shell:Creating environment hook '/home/jone/ws_moveit/install/pilz_industrial_motion_planner_testutils/share/pilz_industrial_motion_planner_testutils/hook/ld_library_path_lib.ps1'
[5.957s] INFO:colcon.colcon_core.shell:Creating environment descriptor '/home/jone/ws_moveit/install/pilz_industrial_motion_planner_testutils/share/pilz_industrial_motion_planner_testutils/hook/ld_library_path_lib.dsv'
[5.958s] INFO:colcon.colcon_core.shell:Creating environment hook '/home/jone/ws_moveit/install/pilz_industrial_motion_planner_testutils/share/pilz_industrial_motion_planner_testutils/hook/ld_library_path_lib.sh'
[5.958s] Level 1:colcon.colcon_core.environment:checking '/home/jone/ws_moveit/install/pilz_industrial_motion_planner_testutils/bin'
[5.958s] Level 1:colcon.colcon_core.environment:checking '/home/jone/ws_moveit/install/pilz_industrial_motion_planner_testutils/lib/pkgconfig/pilz_industrial_motion_planner_testutils.pc'
[5.958s] Level 1:colcon.colcon_core.environment:checking '/home/jone/ws_moveit/install/pilz_industrial_motion_planner_testutils/lib/python3.10/site-packages'
[5.958s] Level 1:colcon.colcon_core.environment:checking '/home/jone/ws_moveit/install/pilz_industrial_motion_planner_testutils/bin'
[5.959s] INFO:colcon.colcon_core.shell:Creating package script '/home/jone/ws_moveit/install/pilz_industrial_motion_planner_testutils/share/pilz_industrial_motion_planner_testutils/package.ps1'
[5.959s] INFO:colcon.colcon_core.shell:Creating package descriptor '/home/jone/ws_moveit/install/pilz_industrial_motion_planner_testutils/share/pilz_industrial_motion_planner_testutils/package.dsv'
[5.959s] INFO:colcon.colcon_core.shell:Creating package script '/home/jone/ws_moveit/install/pilz_industrial_motion_planner_testutils/share/pilz_industrial_motion_planner_testutils/package.sh'
[5.959s] INFO:colcon.colcon_core.shell:Creating package script '/home/jone/ws_moveit/install/pilz_industrial_motion_planner_testutils/share/pilz_industrial_motion_planner_testutils/package.bash'
[5.960s] INFO:colcon.colcon_core.shell:Creating package script '/home/jone/ws_moveit/install/pilz_industrial_motion_planner_testutils/share/pilz_industrial_motion_planner_testutils/package.zsh'
[5.960s] Level 1:colcon.colcon_core.environment:create_file_with_runtime_dependencies(/home/jone/ws_moveit/install/pilz_industrial_motion_planner_testutils/share/colcon-core/packages/pilz_industrial_motion_planner_testutils)
[5.960s] Level 1:colcon.colcon_core.environment:create_environment_scripts_only(pilz_industrial_motion_planner_testutils)
[5.960s] Level 1:colcon.colcon_core.environment:checking '/home/jone/ws_moveit/install/pilz_industrial_motion_planner_testutils' for CMake module files
[5.961s] Level 1:colcon.colcon_core.environment:checking '/home/jone/ws_moveit/install/pilz_industrial_motion_planner_testutils' for CMake config files
[5.961s] Level 1:colcon.colcon_core.shell:create_environment_hook('pilz_industrial_motion_planner_testutils', 'cmake_prefix_path')
[5.961s] INFO:colcon.colcon_core.shell:Creating environment hook '/home/jone/ws_moveit/install/pilz_industrial_motion_planner_testutils/share/pilz_industrial_motion_planner_testutils/hook/cmake_prefix_path.ps1'
[5.961s] INFO:colcon.colcon_core.shell:Creating environment descriptor '/home/jone/ws_moveit/install/pilz_industrial_motion_planner_testutils/share/pilz_industrial_motion_planner_testutils/hook/cmake_prefix_path.dsv'
[5.962s] INFO:colcon.colcon_core.shell:Creating environment hook '/home/jone/ws_moveit/install/pilz_industrial_motion_planner_testutils/share/pilz_industrial_motion_planner_testutils/hook/cmake_prefix_path.sh'
[5.962s] Level 1:colcon.colcon_core.environment:checking '/home/jone/ws_moveit/install/pilz_industrial_motion_planner_testutils/lib'
[5.962s] Level 1:colcon.colcon_core.shell:create_environment_hook('pilz_industrial_motion_planner_testutils', 'ld_library_path_lib')
[5.962s] INFO:colcon.colcon_core.shell:Creating environment hook '/home/jone/ws_moveit/install/pilz_industrial_motion_planner_testutils/share/pilz_industrial_motion_planner_testutils/hook/ld_library_path_lib.ps1'
[5.962s] INFO:colcon.colcon_core.shell:Creating environment descriptor '/home/jone/ws_moveit/install/pilz_industrial_motion_planner_testutils/share/pilz_industrial_motion_planner_testutils/hook/ld_library_path_lib.dsv'
[5.963s] INFO:colcon.colcon_core.shell:Creating environment hook '/home/jone/ws_moveit/install/pilz_industrial_motion_planner_testutils/share/pilz_industrial_motion_planner_testutils/hook/ld_library_path_lib.sh'
[5.963s] Level 1:colcon.colcon_core.environment:checking '/home/jone/ws_moveit/install/pilz_industrial_motion_planner_testutils/bin'
[5.963s] Level 1:colcon.colcon_core.environment:checking '/home/jone/ws_moveit/install/pilz_industrial_motion_planner_testutils/lib/pkgconfig/pilz_industrial_motion_planner_testutils.pc'
[5.963s] Level 1:colcon.colcon_core.environment:checking '/home/jone/ws_moveit/install/pilz_industrial_motion_planner_testutils/lib/python3.10/site-packages'
[5.963s] Level 1:colcon.colcon_core.environment:checking '/home/jone/ws_moveit/install/pilz_industrial_motion_planner_testutils/bin'
[5.964s] INFO:colcon.colcon_core.shell:Creating package script '/home/jone/ws_moveit/install/pilz_industrial_motion_planner_testutils/share/pilz_industrial_motion_planner_testutils/package.ps1'
[5.964s] INFO:colcon.colcon_core.shell:Creating package descriptor '/home/jone/ws_moveit/install/pilz_industrial_motion_planner_testutils/share/pilz_industrial_motion_planner_testutils/package.dsv'
[5.964s] INFO:colcon.colcon_core.shell:Creating package script '/home/jone/ws_moveit/install/pilz_industrial_motion_planner_testutils/share/pilz_industrial_motion_planner_testutils/package.sh'
[5.965s] INFO:colcon.colcon_core.shell:Creating package script '/home/jone/ws_moveit/install/pilz_industrial_motion_planner_testutils/share/pilz_industrial_motion_planner_testutils/package.bash'
[5.965s] INFO:colcon.colcon_core.shell:Creating package script '/home/jone/ws_moveit/install/pilz_industrial_motion_planner_testutils/share/pilz_industrial_motion_planner_testutils/package.zsh'
[5.965s] Level 1:colcon.colcon_core.environment:create_file_with_runtime_dependencies(/home/jone/ws_moveit/install/pilz_industrial_motion_planner_testutils/share/colcon-core/packages/pilz_industrial_motion_planner_testutils)
[5.965s] DEBUG:colcon.colcon_core.executor.sequential:run_until_complete 'pilz_industrial_motion_planner_testutils' finished with '0'
[5.965s] DEBUG:colcon.colcon_core.executor.sequential:run_until_complete 'moveit_chomp_optimizer_adapter'
[5.965s] INFO:colcon.colcon_ros.task.ament_cmake.build:Building ROS package in '/home/jone/ws_moveit/src/moveit2/moveit_planners/chomp/chomp_optimizer_adapter' with build type 'ament_cmake'
[5.966s] INFO:colcon.colcon_cmake.task.cmake.build:Building CMake package in '/home/jone/ws_moveit/src/moveit2/moveit_planners/chomp/chomp_optimizer_adapter'
[5.966s] INFO:colcon.colcon_core.shell:Skip shell extension 'powershell' for command environment: Not usable outside of PowerShell
[5.966s] DEBUG:colcon.colcon_core.shell:Skip shell extension 'dsv' for command environment
[5.993s] DEBUG:colcon.colcon_core.event_handler.log_command:Invoking command in '/home/jone/ws_moveit/build/moveit_chomp_optimizer_adapter': CMAKE_PREFIX_PATH=/home/jone/ws_moveit/install/chomp_motion_planner:/home/jone/ws_moveit/install/moveit_core:/home/jone/ws_moveit/install/moveit_resources_panda_moveit_config:/home/jone/ws_moveit/install/srdfdom:/home/jone/ws_moveit/install/moveit_resources_pr2_description:/home/jone/ws_moveit/install/moveit_resources_panda_description:/home/jone/ws_moveit/install/moveit_common:/home/jone/ws_moveit/install/pilz_industrial_motion_planner_testutils:/home/jone/ws_moveit/install/moveit_runtime:/home/jone/ws_moveit/install/moveit2_tutorials:/home/jone/ws_moveit/install/moveit:/home/jone/ws_moveit/install/moveit_planners:/home/jone/ws_moveit/install/pilz_industrial_motion_planner:/home/jone/ws_moveit/install/moveit_visual_tools:/home/jone/ws_moveit/install/moveit_task_constructor_visualization:/home/jone/ws_moveit/install/moveit_task_constructor_demo:/home/jone/ws_moveit/install/moveit_task_constructor_capabilities:/home/jone/ws_moveit/install/moveit_task_constructor_core:/home/jone/ws_moveit/install/moveit_ros_control_interface:/home/jone/ws_moveit/install/moveit_plugins:/home/jone/ws_moveit/install/moveit_simple_controller_manager:/home/jone/ws_moveit/install/moveit_setup_assistant:/home/jone/ws_moveit/install/moveit_setup_srdf_plugins:/home/jone/ws_moveit/install/moveit_setup_core_plugins:/home/jone/ws_moveit/install/moveit_setup_controllers:/home/jone/ws_moveit/install/moveit_setup_app_plugins:/home/jone/ws_moveit/install/moveit_setup_framework:/home/jone/ws_moveit/install/moveit_servo:/home/jone/ws_moveit/install/moveit_ros:/home/jone/ws_moveit/install/moveit_ros_visualization:/home/jone/ws_moveit/install/moveit_hybrid_planning:/home/jone/ws_moveit/install/moveit_ros_planning_interface:/home/jone/ws_moveit/install/moveit_ros_benchmarks:/home/jone/ws_moveit/install/moveit_ros_warehouse:/home/jone/ws_moveit/install/moveit_ros_robot_interaction:/home/jone/ws_moveit/install/moveit_ros_perception:/home/jone/ws_moveit/install/moveit_resources_prbt_pg70_support:/home/jone/ws_moveit/install/moveit_resources_prbt_moveit_config:/home/jone/ws_moveit/install/moveit_ros_move_group:/home/jone/ws_moveit/install/moveit_planners_ompl:/home/jone/ws_moveit/install/moveit_ros_planning:/home/jone/ws_moveit/install/moveit_ros_occupancy_map_monitor:/home/jone/ws_moveit/install/moveit_resources_prbt_ikfast_manipulator_plugin:/home/jone/ws_moveit/install/moveit_planners_chomp:/home/jone/ws_moveit/install/moveit_kinematics:/home/jone/ws_moveit/install/moveit_chomp_optimizer_adapter:/home/jone/ws_moveit/install/rviz_marker_tools:/home/jone/ws_moveit/install/rosparam_shortcuts:/home/jone/ws_moveit/install/moveit_task_constructor_msgs:/home/jone/ws_moveit/install/moveit_resources_prbt_support:/home/jone/ws_moveit/install/moveit_resources:/home/jone/ws_moveit/install/moveit_resources_fanuc_moveit_config:/home/jone/ws_moveit/install/moveit_resources_fanuc_description:/home/jone/ws_moveit/install/moveit_configs_utils:/home/jone/ws_moveit/install/launch_param_builder:/opt/ros/humble LD_LIBRARY_PATH=/home/jone/ws_moveit/install/chomp_motion_planner/lib:/home/jone/ws_moveit/install/moveit_core/lib:/home/jone/ws_moveit/install/srdfdom/lib:/home/jone/ws_moveit/install/pilz_industrial_motion_planner_testutils/lib:/home/jone/ws_moveit/install/pilz_industrial_motion_planner/lib:/home/jone/ws_moveit/install/moveit_visual_tools/lib:/home/jone/ws_moveit/install/moveit_task_constructor_visualization/lib:/home/jone/ws_moveit/install/moveit_task_constructor_demo/lib:/home/jone/ws_moveit/install/moveit_task_constructor_capabilities/lib:/home/jone/ws_moveit/install/moveit_task_constructor_core/lib:/home/jone/ws_moveit/install/moveit_ros_control_interface/lib:/home/jone/ws_moveit/install/moveit_simple_controller_manager/lib:/home/jone/ws_moveit/install/moveit_setup_assistant/lib:/home/jone/ws_moveit/install/moveit_setup_srdf_plugins/lib:/home/jone/ws_moveit/install/moveit_setup_core_plugins/lib:/home/jone/ws_moveit/install/moveit_setup_controllers/lib:/home/jone/ws_moveit/install/moveit_setup_app_plugins/lib:/home/jone/ws_moveit/install/moveit_setup_framework/lib:/home/jone/ws_moveit/install/moveit_servo/lib:/home/jone/ws_moveit/install/moveit_ros_visualization/lib:/home/jone/ws_moveit/install/moveit_hybrid_planning/lib:/home/jone/ws_moveit/install/moveit_ros_planning_interface/lib:/home/jone/ws_moveit/install/moveit_ros_benchmarks/lib:/home/jone/ws_moveit/install/moveit_ros_warehouse/lib:/home/jone/ws_moveit/install/moveit_ros_robot_interaction/lib:/home/jone/ws_moveit/install/moveit_ros_perception/lib:/home/jone/ws_moveit/install/moveit_ros_move_group/lib:/home/jone/ws_moveit/install/moveit_planners_ompl/lib:/home/jone/ws_moveit/install/moveit_ros_planning/lib:/home/jone/ws_moveit/install/moveit_ros_occupancy_map_monitor/lib:/home/jone/ws_moveit/install/moveit_resources_prbt_ikfast_manipulator_plugin/lib:/home/jone/ws_moveit/install/moveit_planners_chomp/lib:/home/jone/ws_moveit/install/moveit_kinematics/lib:/home/jone/ws_moveit/install/moveit_chomp_optimizer_adapter/lib:/home/jone/ws_moveit/install/rviz_marker_tools/lib:/home/jone/ws_moveit/install/rosparam_shortcuts/lib:/home/jone/ws_moveit/install/moveit_task_constructor_msgs/lib:/opt/ros/humble/opt/rviz_ogre_vendor/lib:/opt/ros/humble/lib/x86_64-linux-gnu:/opt/ros/humble/lib:/usr/lib/x86_64-linux-gnu/gazebo-11/plugins:/usr/lib/x86_64-linux-gnu/gazebo-11/plugins:/usr/lib/x86_64-linux-gnu/gazebo-11/plugins /usr/bin/cmake --build /home/jone/ws_moveit/build/moveit_chomp_optimizer_adapter -- -j16 -l16
[6.100s] DEBUG:colcon.colcon_core.event_handler.log_command:Invoked command in '/home/jone/ws_moveit/build/moveit_chomp_optimizer_adapter' returned '0': CMAKE_PREFIX_PATH=/home/jone/ws_moveit/install/chomp_motion_planner:/home/jone/ws_moveit/install/moveit_core:/home/jone/ws_moveit/install/moveit_resources_panda_moveit_config:/home/jone/ws_moveit/install/srdfdom:/home/jone/ws_moveit/install/moveit_resources_pr2_description:/home/jone/ws_moveit/install/moveit_resources_panda_description:/home/jone/ws_moveit/install/moveit_common:/home/jone/ws_moveit/install/pilz_industrial_motion_planner_testutils:/home/jone/ws_moveit/install/moveit_runtime:/home/jone/ws_moveit/install/moveit2_tutorials:/home/jone/ws_moveit/install/moveit:/home/jone/ws_moveit/install/moveit_planners:/home/jone/ws_moveit/install/pilz_industrial_motion_planner:/home/jone/ws_moveit/install/moveit_visual_tools:/home/jone/ws_moveit/install/moveit_task_constructor_visualization:/home/jone/ws_moveit/install/moveit_task_constructor_demo:/home/jone/ws_moveit/install/moveit_task_constructor_capabilities:/home/jone/ws_moveit/install/moveit_task_constructor_core:/home/jone/ws_moveit/install/moveit_ros_control_interface:/home/jone/ws_moveit/install/moveit_plugins:/home/jone/ws_moveit/install/moveit_simple_controller_manager:/home/jone/ws_moveit/install/moveit_setup_assistant:/home/jone/ws_moveit/install/moveit_setup_srdf_plugins:/home/jone/ws_moveit/install/moveit_setup_core_plugins:/home/jone/ws_moveit/install/moveit_setup_controllers:/home/jone/ws_moveit/install/moveit_setup_app_plugins:/home/jone/ws_moveit/install/moveit_setup_framework:/home/jone/ws_moveit/install/moveit_servo:/home/jone/ws_moveit/install/moveit_ros:/home/jone/ws_moveit/install/moveit_ros_visualization:/home/jone/ws_moveit/install/moveit_hybrid_planning:/home/jone/ws_moveit/install/moveit_ros_planning_interface:/home/jone/ws_moveit/install/moveit_ros_benchmarks:/home/jone/ws_moveit/install/moveit_ros_warehouse:/home/jone/ws_moveit/install/moveit_ros_robot_interaction:/home/jone/ws_moveit/install/moveit_ros_perception:/home/jone/ws_moveit/install/moveit_resources_prbt_pg70_support:/home/jone/ws_moveit/install/moveit_resources_prbt_moveit_config:/home/jone/ws_moveit/install/moveit_ros_move_group:/home/jone/ws_moveit/install/moveit_planners_ompl:/home/jone/ws_moveit/install/moveit_ros_planning:/home/jone/ws_moveit/install/moveit_ros_occupancy_map_monitor:/home/jone/ws_moveit/install/moveit_resources_prbt_ikfast_manipulator_plugin:/home/jone/ws_moveit/install/moveit_planners_chomp:/home/jone/ws_moveit/install/moveit_kinematics:/home/jone/ws_moveit/install/moveit_chomp_optimizer_adapter:/home/jone/ws_moveit/install/rviz_marker_tools:/home/jone/ws_moveit/install/rosparam_shortcuts:/home/jone/ws_moveit/install/moveit_task_constructor_msgs:/home/jone/ws_moveit/install/moveit_resources_prbt_support:/home/jone/ws_moveit/install/moveit_resources:/home/jone/ws_moveit/install/moveit_resources_fanuc_moveit_config:/home/jone/ws_moveit/install/moveit_resources_fanuc_description:/home/jone/ws_moveit/install/moveit_configs_utils:/home/jone/ws_moveit/install/launch_param_builder:/opt/ros/humble LD_LIBRARY_PATH=/home/jone/ws_moveit/install/chomp_motion_planner/lib:/home/jone/ws_moveit/install/moveit_core/lib:/home/jone/ws_moveit/install/srdfdom/lib:/home/jone/ws_moveit/install/pilz_industrial_motion_planner_testutils/lib:/home/jone/ws_moveit/install/pilz_industrial_motion_planner/lib:/home/jone/ws_moveit/install/moveit_visual_tools/lib:/home/jone/ws_moveit/install/moveit_task_constructor_visualization/lib:/home/jone/ws_moveit/install/moveit_task_constructor_demo/lib:/home/jone/ws_moveit/install/moveit_task_constructor_capabilities/lib:/home/jone/ws_moveit/install/moveit_task_constructor_core/lib:/home/jone/ws_moveit/install/moveit_ros_control_interface/lib:/home/jone/ws_moveit/install/moveit_simple_controller_manager/lib:/home/jone/ws_moveit/install/moveit_setup_assistant/lib:/home/jone/ws_moveit/install/moveit_setup_srdf_plugins/lib:/home/jone/ws_moveit/install/moveit_setup_core_plugins/lib:/home/jone/ws_moveit/install/moveit_setup_controllers/lib:/home/jone/ws_moveit/install/moveit_setup_app_plugins/lib:/home/jone/ws_moveit/install/moveit_setup_framework/lib:/home/jone/ws_moveit/install/moveit_servo/lib:/home/jone/ws_moveit/install/moveit_ros_visualization/lib:/home/jone/ws_moveit/install/moveit_hybrid_planning/lib:/home/jone/ws_moveit/install/moveit_ros_planning_interface/lib:/home/jone/ws_moveit/install/moveit_ros_benchmarks/lib:/home/jone/ws_moveit/install/moveit_ros_warehouse/lib:/home/jone/ws_moveit/install/moveit_ros_robot_interaction/lib:/home/jone/ws_moveit/install/moveit_ros_perception/lib:/home/jone/ws_moveit/install/moveit_ros_move_group/lib:/home/jone/ws_moveit/install/moveit_planners_ompl/lib:/home/jone/ws_moveit/install/moveit_ros_planning/lib:/home/jone/ws_moveit/install/moveit_ros_occupancy_map_monitor/lib:/home/jone/ws_moveit/install/moveit_resources_prbt_ikfast_manipulator_plugin/lib:/home/jone/ws_moveit/install/moveit_planners_chomp/lib:/home/jone/ws_moveit/install/moveit_kinematics/lib:/home/jone/ws_moveit/install/moveit_chomp_optimizer_adapter/lib:/home/jone/ws_moveit/install/rviz_marker_tools/lib:/home/jone/ws_moveit/install/rosparam_shortcuts/lib:/home/jone/ws_moveit/install/moveit_task_constructor_msgs/lib:/opt/ros/humble/opt/rviz_ogre_vendor/lib:/opt/ros/humble/lib/x86_64-linux-gnu:/opt/ros/humble/lib:/usr/lib/x86_64-linux-gnu/gazebo-11/plugins:/usr/lib/x86_64-linux-gnu/gazebo-11/plugins:/usr/lib/x86_64-linux-gnu/gazebo-11/plugins /usr/bin/cmake --build /home/jone/ws_moveit/build/moveit_chomp_optimizer_adapter -- -j16 -l16
[6.103s] DEBUG:colcon.colcon_core.event_handler.log_command:Invoking command in '/home/jone/ws_moveit/build/moveit_chomp_optimizer_adapter': CMAKE_PREFIX_PATH=/home/jone/ws_moveit/install/chomp_motion_planner:/home/jone/ws_moveit/install/moveit_core:/home/jone/ws_moveit/install/moveit_resources_panda_moveit_config:/home/jone/ws_moveit/install/srdfdom:/home/jone/ws_moveit/install/moveit_resources_pr2_description:/home/jone/ws_moveit/install/moveit_resources_panda_description:/home/jone/ws_moveit/install/moveit_common:/home/jone/ws_moveit/install/pilz_industrial_motion_planner_testutils:/home/jone/ws_moveit/install/moveit_runtime:/home/jone/ws_moveit/install/moveit2_tutorials:/home/jone/ws_moveit/install/moveit:/home/jone/ws_moveit/install/moveit_planners:/home/jone/ws_moveit/install/pilz_industrial_motion_planner:/home/jone/ws_moveit/install/moveit_visual_tools:/home/jone/ws_moveit/install/moveit_task_constructor_visualization:/home/jone/ws_moveit/install/moveit_task_constructor_demo:/home/jone/ws_moveit/install/moveit_task_constructor_capabilities:/home/jone/ws_moveit/install/moveit_task_constructor_core:/home/jone/ws_moveit/install/moveit_ros_control_interface:/home/jone/ws_moveit/install/moveit_plugins:/home/jone/ws_moveit/install/moveit_simple_controller_manager:/home/jone/ws_moveit/install/moveit_setup_assistant:/home/jone/ws_moveit/install/moveit_setup_srdf_plugins:/home/jone/ws_moveit/install/moveit_setup_core_plugins:/home/jone/ws_moveit/install/moveit_setup_controllers:/home/jone/ws_moveit/install/moveit_setup_app_plugins:/home/jone/ws_moveit/install/moveit_setup_framework:/home/jone/ws_moveit/install/moveit_servo:/home/jone/ws_moveit/install/moveit_ros:/home/jone/ws_moveit/install/moveit_ros_visualization:/home/jone/ws_moveit/install/moveit_hybrid_planning:/home/jone/ws_moveit/install/moveit_ros_planning_interface:/home/jone/ws_moveit/install/moveit_ros_benchmarks:/home/jone/ws_moveit/install/moveit_ros_warehouse:/home/jone/ws_moveit/install/moveit_ros_robot_interaction:/home/jone/ws_moveit/install/moveit_ros_perception:/home/jone/ws_moveit/install/moveit_resources_prbt_pg70_support:/home/jone/ws_moveit/install/moveit_resources_prbt_moveit_config:/home/jone/ws_moveit/install/moveit_ros_move_group:/home/jone/ws_moveit/install/moveit_planners_ompl:/home/jone/ws_moveit/install/moveit_ros_planning:/home/jone/ws_moveit/install/moveit_ros_occupancy_map_monitor:/home/jone/ws_moveit/install/moveit_resources_prbt_ikfast_manipulator_plugin:/home/jone/ws_moveit/install/moveit_planners_chomp:/home/jone/ws_moveit/install/moveit_kinematics:/home/jone/ws_moveit/install/moveit_chomp_optimizer_adapter:/home/jone/ws_moveit/install/rviz_marker_tools:/home/jone/ws_moveit/install/rosparam_shortcuts:/home/jone/ws_moveit/install/moveit_task_constructor_msgs:/home/jone/ws_moveit/install/moveit_resources_prbt_support:/home/jone/ws_moveit/install/moveit_resources:/home/jone/ws_moveit/install/moveit_resources_fanuc_moveit_config:/home/jone/ws_moveit/install/moveit_resources_fanuc_description:/home/jone/ws_moveit/install/moveit_configs_utils:/home/jone/ws_moveit/install/launch_param_builder:/opt/ros/humble LD_LIBRARY_PATH=/home/jone/ws_moveit/install/chomp_motion_planner/lib:/home/jone/ws_moveit/install/moveit_core/lib:/home/jone/ws_moveit/install/srdfdom/lib:/home/jone/ws_moveit/install/pilz_industrial_motion_planner_testutils/lib:/home/jone/ws_moveit/install/pilz_industrial_motion_planner/lib:/home/jone/ws_moveit/install/moveit_visual_tools/lib:/home/jone/ws_moveit/install/moveit_task_constructor_visualization/lib:/home/jone/ws_moveit/install/moveit_task_constructor_demo/lib:/home/jone/ws_moveit/install/moveit_task_constructor_capabilities/lib:/home/jone/ws_moveit/install/moveit_task_constructor_core/lib:/home/jone/ws_moveit/install/moveit_ros_control_interface/lib:/home/jone/ws_moveit/install/moveit_simple_controller_manager/lib:/home/jone/ws_moveit/install/moveit_setup_assistant/lib:/home/jone/ws_moveit/install/moveit_setup_srdf_plugins/lib:/home/jone/ws_moveit/install/moveit_setup_core_plugins/lib:/home/jone/ws_moveit/install/moveit_setup_controllers/lib:/home/jone/ws_moveit/install/moveit_setup_app_plugins/lib:/home/jone/ws_moveit/install/moveit_setup_framework/lib:/home/jone/ws_moveit/install/moveit_servo/lib:/home/jone/ws_moveit/install/moveit_ros_visualization/lib:/home/jone/ws_moveit/install/moveit_hybrid_planning/lib:/home/jone/ws_moveit/install/moveit_ros_planning_interface/lib:/home/jone/ws_moveit/install/moveit_ros_benchmarks/lib:/home/jone/ws_moveit/install/moveit_ros_warehouse/lib:/home/jone/ws_moveit/install/moveit_ros_robot_interaction/lib:/home/jone/ws_moveit/install/moveit_ros_perception/lib:/home/jone/ws_moveit/install/moveit_ros_move_group/lib:/home/jone/ws_moveit/install/moveit_planners_ompl/lib:/home/jone/ws_moveit/install/moveit_ros_planning/lib:/home/jone/ws_moveit/install/moveit_ros_occupancy_map_monitor/lib:/home/jone/ws_moveit/install/moveit_resources_prbt_ikfast_manipulator_plugin/lib:/home/jone/ws_moveit/install/moveit_planners_chomp/lib:/home/jone/ws_moveit/install/moveit_kinematics/lib:/home/jone/ws_moveit/install/moveit_chomp_optimizer_adapter/lib:/home/jone/ws_moveit/install/rviz_marker_tools/lib:/home/jone/ws_moveit/install/rosparam_shortcuts/lib:/home/jone/ws_moveit/install/moveit_task_constructor_msgs/lib:/opt/ros/humble/opt/rviz_ogre_vendor/lib:/opt/ros/humble/lib/x86_64-linux-gnu:/opt/ros/humble/lib:/usr/lib/x86_64-linux-gnu/gazebo-11/plugins:/usr/lib/x86_64-linux-gnu/gazebo-11/plugins:/usr/lib/x86_64-linux-gnu/gazebo-11/plugins /usr/bin/cmake --install /home/jone/ws_moveit/build/moveit_chomp_optimizer_adapter
[6.117s] Level 1:colcon.colcon_core.environment:create_environment_scripts_only(moveit_chomp_optimizer_adapter)
[6.117s] Level 1:colcon.colcon_core.environment:checking '/home/jone/ws_moveit/install/moveit_chomp_optimizer_adapter' for CMake module files
[6.117s] DEBUG:colcon.colcon_core.event_handler.log_command:Invoked command in '/home/jone/ws_moveit/build/moveit_chomp_optimizer_adapter' returned '0': CMAKE_PREFIX_PATH=/home/jone/ws_moveit/install/chomp_motion_planner:/home/jone/ws_moveit/install/moveit_core:/home/jone/ws_moveit/install/moveit_resources_panda_moveit_config:/home/jone/ws_moveit/install/srdfdom:/home/jone/ws_moveit/install/moveit_resources_pr2_description:/home/jone/ws_moveit/install/moveit_resources_panda_description:/home/jone/ws_moveit/install/moveit_common:/home/jone/ws_moveit/install/pilz_industrial_motion_planner_testutils:/home/jone/ws_moveit/install/moveit_runtime:/home/jone/ws_moveit/install/moveit2_tutorials:/home/jone/ws_moveit/install/moveit:/home/jone/ws_moveit/install/moveit_planners:/home/jone/ws_moveit/install/pilz_industrial_motion_planner:/home/jone/ws_moveit/install/moveit_visual_tools:/home/jone/ws_moveit/install/moveit_task_constructor_visualization:/home/jone/ws_moveit/install/moveit_task_constructor_demo:/home/jone/ws_moveit/install/moveit_task_constructor_capabilities:/home/jone/ws_moveit/install/moveit_task_constructor_core:/home/jone/ws_moveit/install/moveit_ros_control_interface:/home/jone/ws_moveit/install/moveit_plugins:/home/jone/ws_moveit/install/moveit_simple_controller_manager:/home/jone/ws_moveit/install/moveit_setup_assistant:/home/jone/ws_moveit/install/moveit_setup_srdf_plugins:/home/jone/ws_moveit/install/moveit_setup_core_plugins:/home/jone/ws_moveit/install/moveit_setup_controllers:/home/jone/ws_moveit/install/moveit_setup_app_plugins:/home/jone/ws_moveit/install/moveit_setup_framework:/home/jone/ws_moveit/install/moveit_servo:/home/jone/ws_moveit/install/moveit_ros:/home/jone/ws_moveit/install/moveit_ros_visualization:/home/jone/ws_moveit/install/moveit_hybrid_planning:/home/jone/ws_moveit/install/moveit_ros_planning_interface:/home/jone/ws_moveit/install/moveit_ros_benchmarks:/home/jone/ws_moveit/install/moveit_ros_warehouse:/home/jone/ws_moveit/install/moveit_ros_robot_interaction:/home/jone/ws_moveit/install/moveit_ros_perception:/home/jone/ws_moveit/install/moveit_resources_prbt_pg70_support:/home/jone/ws_moveit/install/moveit_resources_prbt_moveit_config:/home/jone/ws_moveit/install/moveit_ros_move_group:/home/jone/ws_moveit/install/moveit_planners_ompl:/home/jone/ws_moveit/install/moveit_ros_planning:/home/jone/ws_moveit/install/moveit_ros_occupancy_map_monitor:/home/jone/ws_moveit/install/moveit_resources_prbt_ikfast_manipulator_plugin:/home/jone/ws_moveit/install/moveit_planners_chomp:/home/jone/ws_moveit/install/moveit_kinematics:/home/jone/ws_moveit/install/moveit_chomp_optimizer_adapter:/home/jone/ws_moveit/install/rviz_marker_tools:/home/jone/ws_moveit/install/rosparam_shortcuts:/home/jone/ws_moveit/install/moveit_task_constructor_msgs:/home/jone/ws_moveit/install/moveit_resources_prbt_support:/home/jone/ws_moveit/install/moveit_resources:/home/jone/ws_moveit/install/moveit_resources_fanuc_moveit_config:/home/jone/ws_moveit/install/moveit_resources_fanuc_description:/home/jone/ws_moveit/install/moveit_configs_utils:/home/jone/ws_moveit/install/launch_param_builder:/opt/ros/humble LD_LIBRARY_PATH=/home/jone/ws_moveit/install/chomp_motion_planner/lib:/home/jone/ws_moveit/install/moveit_core/lib:/home/jone/ws_moveit/install/srdfdom/lib:/home/jone/ws_moveit/install/pilz_industrial_motion_planner_testutils/lib:/home/jone/ws_moveit/install/pilz_industrial_motion_planner/lib:/home/jone/ws_moveit/install/moveit_visual_tools/lib:/home/jone/ws_moveit/install/moveit_task_constructor_visualization/lib:/home/jone/ws_moveit/install/moveit_task_constructor_demo/lib:/home/jone/ws_moveit/install/moveit_task_constructor_capabilities/lib:/home/jone/ws_moveit/install/moveit_task_constructor_core/lib:/home/jone/ws_moveit/install/moveit_ros_control_interface/lib:/home/jone/ws_moveit/install/moveit_simple_controller_manager/lib:/home/jone/ws_moveit/install/moveit_setup_assistant/lib:/home/jone/ws_moveit/install/moveit_setup_srdf_plugins/lib:/home/jone/ws_moveit/install/moveit_setup_core_plugins/lib:/home/jone/ws_moveit/install/moveit_setup_controllers/lib:/home/jone/ws_moveit/install/moveit_setup_app_plugins/lib:/home/jone/ws_moveit/install/moveit_setup_framework/lib:/home/jone/ws_moveit/install/moveit_servo/lib:/home/jone/ws_moveit/install/moveit_ros_visualization/lib:/home/jone/ws_moveit/install/moveit_hybrid_planning/lib:/home/jone/ws_moveit/install/moveit_ros_planning_interface/lib:/home/jone/ws_moveit/install/moveit_ros_benchmarks/lib:/home/jone/ws_moveit/install/moveit_ros_warehouse/lib:/home/jone/ws_moveit/install/moveit_ros_robot_interaction/lib:/home/jone/ws_moveit/install/moveit_ros_perception/lib:/home/jone/ws_moveit/install/moveit_ros_move_group/lib:/home/jone/ws_moveit/install/moveit_planners_ompl/lib:/home/jone/ws_moveit/install/moveit_ros_planning/lib:/home/jone/ws_moveit/install/moveit_ros_occupancy_map_monitor/lib:/home/jone/ws_moveit/install/moveit_resources_prbt_ikfast_manipulator_plugin/lib:/home/jone/ws_moveit/install/moveit_planners_chomp/lib:/home/jone/ws_moveit/install/moveit_kinematics/lib:/home/jone/ws_moveit/install/moveit_chomp_optimizer_adapter/lib:/home/jone/ws_moveit/install/rviz_marker_tools/lib:/home/jone/ws_moveit/install/rosparam_shortcuts/lib:/home/jone/ws_moveit/install/moveit_task_constructor_msgs/lib:/opt/ros/humble/opt/rviz_ogre_vendor/lib:/opt/ros/humble/lib/x86_64-linux-gnu:/opt/ros/humble/lib:/usr/lib/x86_64-linux-gnu/gazebo-11/plugins:/usr/lib/x86_64-linux-gnu/gazebo-11/plugins:/usr/lib/x86_64-linux-gnu/gazebo-11/plugins /usr/bin/cmake --install /home/jone/ws_moveit/build/moveit_chomp_optimizer_adapter
[6.118s] Level 1:colcon.colcon_core.environment:checking '/home/jone/ws_moveit/install/moveit_chomp_optimizer_adapter' for CMake config files
[6.118s] Level 1:colcon.colcon_core.shell:create_environment_hook('moveit_chomp_optimizer_adapter', 'cmake_prefix_path')
[6.118s] INFO:colcon.colcon_core.shell:Creating environment hook '/home/jone/ws_moveit/install/moveit_chomp_optimizer_adapter/share/moveit_chomp_optimizer_adapter/hook/cmake_prefix_path.ps1'
[6.118s] INFO:colcon.colcon_core.shell:Creating environment descriptor '/home/jone/ws_moveit/install/moveit_chomp_optimizer_adapter/share/moveit_chomp_optimizer_adapter/hook/cmake_prefix_path.dsv'
[6.119s] INFO:colcon.colcon_core.shell:Creating environment hook '/home/jone/ws_moveit/install/moveit_chomp_optimizer_adapter/share/moveit_chomp_optimizer_adapter/hook/cmake_prefix_path.sh'
[6.119s] Level 1:colcon.colcon_core.environment:checking '/home/jone/ws_moveit/install/moveit_chomp_optimizer_adapter/lib'
[6.119s] Level 1:colcon.colcon_core.shell:create_environment_hook('moveit_chomp_optimizer_adapter', 'ld_library_path_lib')
[6.119s] INFO:colcon.colcon_core.shell:Creating environment hook '/home/jone/ws_moveit/install/moveit_chomp_optimizer_adapter/share/moveit_chomp_optimizer_adapter/hook/ld_library_path_lib.ps1'
[6.120s] INFO:colcon.colcon_core.shell:Creating environment descriptor '/home/jone/ws_moveit/install/moveit_chomp_optimizer_adapter/share/moveit_chomp_optimizer_adapter/hook/ld_library_path_lib.dsv'
[6.120s] INFO:colcon.colcon_core.shell:Creating environment hook '/home/jone/ws_moveit/install/moveit_chomp_optimizer_adapter/share/moveit_chomp_optimizer_adapter/hook/ld_library_path_lib.sh'
[6.120s] Level 1:colcon.colcon_core.environment:checking '/home/jone/ws_moveit/install/moveit_chomp_optimizer_adapter/bin'
[6.120s] Level 1:colcon.colcon_core.environment:checking '/home/jone/ws_moveit/install/moveit_chomp_optimizer_adapter/lib/pkgconfig/moveit_chomp_optimizer_adapter.pc'
[6.120s] Level 1:colcon.colcon_core.environment:checking '/home/jone/ws_moveit/install/moveit_chomp_optimizer_adapter/lib/python3.10/site-packages'
[6.120s] Level 1:colcon.colcon_core.environment:checking '/home/jone/ws_moveit/install/moveit_chomp_optimizer_adapter/bin'
[6.121s] INFO:colcon.colcon_core.shell:Creating package script '/home/jone/ws_moveit/install/moveit_chomp_optimizer_adapter/share/moveit_chomp_optimizer_adapter/package.ps1'
[6.121s] INFO:colcon.colcon_core.shell:Creating package descriptor '/home/jone/ws_moveit/install/moveit_chomp_optimizer_adapter/share/moveit_chomp_optimizer_adapter/package.dsv'
[6.121s] INFO:colcon.colcon_core.shell:Creating package script '/home/jone/ws_moveit/install/moveit_chomp_optimizer_adapter/share/moveit_chomp_optimizer_adapter/package.sh'
[6.122s] INFO:colcon.colcon_core.shell:Creating package script '/home/jone/ws_moveit/install/moveit_chomp_optimizer_adapter/share/moveit_chomp_optimizer_adapter/package.bash'
[6.122s] INFO:colcon.colcon_core.shell:Creating package script '/home/jone/ws_moveit/install/moveit_chomp_optimizer_adapter/share/moveit_chomp_optimizer_adapter/package.zsh'
[6.122s] Level 1:colcon.colcon_core.environment:create_file_with_runtime_dependencies(/home/jone/ws_moveit/install/moveit_chomp_optimizer_adapter/share/colcon-core/packages/moveit_chomp_optimizer_adapter)
[6.122s] Level 1:colcon.colcon_core.environment:create_environment_scripts_only(moveit_chomp_optimizer_adapter)
[6.123s] Level 1:colcon.colcon_core.environment:checking '/home/jone/ws_moveit/install/moveit_chomp_optimizer_adapter' for CMake module files
[6.123s] Level 1:colcon.colcon_core.environment:checking '/home/jone/ws_moveit/install/moveit_chomp_optimizer_adapter' for CMake config files
[6.123s] Level 1:colcon.colcon_core.shell:create_environment_hook('moveit_chomp_optimizer_adapter', 'cmake_prefix_path')
[6.123s] INFO:colcon.colcon_core.shell:Creating environment hook '/home/jone/ws_moveit/install/moveit_chomp_optimizer_adapter/share/moveit_chomp_optimizer_adapter/hook/cmake_prefix_path.ps1'
[6.123s] INFO:colcon.colcon_core.shell:Creating environment descriptor '/home/jone/ws_moveit/install/moveit_chomp_optimizer_adapter/share/moveit_chomp_optimizer_adapter/hook/cmake_prefix_path.dsv'
[6.124s] INFO:colcon.colcon_core.shell:Creating environment hook '/home/jone/ws_moveit/install/moveit_chomp_optimizer_adapter/share/moveit_chomp_optimizer_adapter/hook/cmake_prefix_path.sh'
[6.124s] Level 1:colcon.colcon_core.environment:checking '/home/jone/ws_moveit/install/moveit_chomp_optimizer_adapter/lib'
[6.124s] Level 1:colcon.colcon_core.shell:create_environment_hook('moveit_chomp_optimizer_adapter', 'ld_library_path_lib')
[6.124s] INFO:colcon.colcon_core.shell:Creating environment hook '/home/jone/ws_moveit/install/moveit_chomp_optimizer_adapter/share/moveit_chomp_optimizer_adapter/hook/ld_library_path_lib.ps1'
[6.125s] INFO:colcon.colcon_core.shell:Creating environment descriptor '/home/jone/ws_moveit/install/moveit_chomp_optimizer_adapter/share/moveit_chomp_optimizer_adapter/hook/ld_library_path_lib.dsv'
[6.125s] INFO:colcon.colcon_core.shell:Creating environment hook '/home/jone/ws_moveit/install/moveit_chomp_optimizer_adapter/share/moveit_chomp_optimizer_adapter/hook/ld_library_path_lib.sh'
[6.125s] Level 1:colcon.colcon_core.environment:checking '/home/jone/ws_moveit/install/moveit_chomp_optimizer_adapter/bin'
[6.125s] Level 1:colcon.colcon_core.environment:checking '/home/jone/ws_moveit/install/moveit_chomp_optimizer_adapter/lib/pkgconfig/moveit_chomp_optimizer_adapter.pc'
[6.125s] Level 1:colcon.colcon_core.environment:checking '/home/jone/ws_moveit/install/moveit_chomp_optimizer_adapter/lib/python3.10/site-packages'
[6.125s] Level 1:colcon.colcon_core.environment:checking '/home/jone/ws_moveit/install/moveit_chomp_optimizer_adapter/bin'
[6.126s] INFO:colcon.colcon_core.shell:Creating package script '/home/jone/ws_moveit/install/moveit_chomp_optimizer_adapter/share/moveit_chomp_optimizer_adapter/package.ps1'
[6.126s] INFO:colcon.colcon_core.shell:Creating package descriptor '/home/jone/ws_moveit/install/moveit_chomp_optimizer_adapter/share/moveit_chomp_optimizer_adapter/package.dsv'
[6.126s] INFO:colcon.colcon_core.shell:Creating package script '/home/jone/ws_moveit/install/moveit_chomp_optimizer_adapter/share/moveit_chomp_optimizer_adapter/package.sh'
[6.127s] INFO:colcon.colcon_core.shell:Creating package script '/home/jone/ws_moveit/install/moveit_chomp_optimizer_adapter/share/moveit_chomp_optimizer_adapter/package.bash'
[6.127s] INFO:colcon.colcon_core.shell:Creating package script '/home/jone/ws_moveit/install/moveit_chomp_optimizer_adapter/share/moveit_chomp_optimizer_adapter/package.zsh'
[6.127s] Level 1:colcon.colcon_core.environment:create_file_with_runtime_dependencies(/home/jone/ws_moveit/install/moveit_chomp_optimizer_adapter/share/colcon-core/packages/moveit_chomp_optimizer_adapter)
[6.128s] DEBUG:colcon.colcon_core.executor.sequential:run_until_complete 'moveit_chomp_optimizer_adapter' finished with '0'
[6.128s] DEBUG:colcon.colcon_core.executor.sequential:run_until_complete 'moveit_planners_chomp'
[6.128s] INFO:colcon.colcon_ros.task.ament_cmake.build:Building ROS package in '/home/jone/ws_moveit/src/moveit2/moveit_planners/chomp/chomp_interface' with build type 'ament_cmake'
[6.128s] INFO:colcon.colcon_cmake.task.cmake.build:Building CMake package in '/home/jone/ws_moveit/src/moveit2/moveit_planners/chomp/chomp_interface'
[6.128s] INFO:colcon.colcon_core.shell:Skip shell extension 'powershell' for command environment: Not usable outside of PowerShell
[6.128s] DEBUG:colcon.colcon_core.shell:Skip shell extension 'dsv' for command environment
[6.154s] DEBUG:colcon.colcon_core.event_handler.log_command:Invoking command in '/home/jone/ws_moveit/build/moveit_planners_chomp': CMAKE_PREFIX_PATH=/home/jone/ws_moveit/install/chomp_motion_planner:/home/jone/ws_moveit/install/moveit_core:/home/jone/ws_moveit/install/moveit_resources_panda_moveit_config:/home/jone/ws_moveit/install/srdfdom:/home/jone/ws_moveit/install/moveit_resources_pr2_description:/home/jone/ws_moveit/install/moveit_resources_panda_description:/home/jone/ws_moveit/install/moveit_common:/home/jone/ws_moveit/install/pilz_industrial_motion_planner_testutils:/home/jone/ws_moveit/install/moveit_runtime:/home/jone/ws_moveit/install/moveit2_tutorials:/home/jone/ws_moveit/install/moveit:/home/jone/ws_moveit/install/moveit_planners:/home/jone/ws_moveit/install/pilz_industrial_motion_planner:/home/jone/ws_moveit/install/moveit_visual_tools:/home/jone/ws_moveit/install/moveit_task_constructor_visualization:/home/jone/ws_moveit/install/moveit_task_constructor_demo:/home/jone/ws_moveit/install/moveit_task_constructor_capabilities:/home/jone/ws_moveit/install/moveit_task_constructor_core:/home/jone/ws_moveit/install/moveit_ros_control_interface:/home/jone/ws_moveit/install/moveit_plugins:/home/jone/ws_moveit/install/moveit_simple_controller_manager:/home/jone/ws_moveit/install/moveit_setup_assistant:/home/jone/ws_moveit/install/moveit_setup_srdf_plugins:/home/jone/ws_moveit/install/moveit_setup_core_plugins:/home/jone/ws_moveit/install/moveit_setup_controllers:/home/jone/ws_moveit/install/moveit_setup_app_plugins:/home/jone/ws_moveit/install/moveit_setup_framework:/home/jone/ws_moveit/install/moveit_servo:/home/jone/ws_moveit/install/moveit_ros:/home/jone/ws_moveit/install/moveit_ros_visualization:/home/jone/ws_moveit/install/moveit_hybrid_planning:/home/jone/ws_moveit/install/moveit_ros_planning_interface:/home/jone/ws_moveit/install/moveit_ros_benchmarks:/home/jone/ws_moveit/install/moveit_ros_warehouse:/home/jone/ws_moveit/install/moveit_ros_robot_interaction:/home/jone/ws_moveit/install/moveit_ros_perception:/home/jone/ws_moveit/install/moveit_resources_prbt_pg70_support:/home/jone/ws_moveit/install/moveit_resources_prbt_moveit_config:/home/jone/ws_moveit/install/moveit_ros_move_group:/home/jone/ws_moveit/install/moveit_planners_ompl:/home/jone/ws_moveit/install/moveit_ros_planning:/home/jone/ws_moveit/install/moveit_ros_occupancy_map_monitor:/home/jone/ws_moveit/install/moveit_resources_prbt_ikfast_manipulator_plugin:/home/jone/ws_moveit/install/moveit_planners_chomp:/home/jone/ws_moveit/install/moveit_kinematics:/home/jone/ws_moveit/install/moveit_chomp_optimizer_adapter:/home/jone/ws_moveit/install/rviz_marker_tools:/home/jone/ws_moveit/install/rosparam_shortcuts:/home/jone/ws_moveit/install/moveit_task_constructor_msgs:/home/jone/ws_moveit/install/moveit_resources_prbt_support:/home/jone/ws_moveit/install/moveit_resources:/home/jone/ws_moveit/install/moveit_resources_fanuc_moveit_config:/home/jone/ws_moveit/install/moveit_resources_fanuc_description:/home/jone/ws_moveit/install/moveit_configs_utils:/home/jone/ws_moveit/install/launch_param_builder:/opt/ros/humble LD_LIBRARY_PATH=/home/jone/ws_moveit/install/chomp_motion_planner/lib:/home/jone/ws_moveit/install/moveit_core/lib:/home/jone/ws_moveit/install/srdfdom/lib:/home/jone/ws_moveit/install/pilz_industrial_motion_planner_testutils/lib:/home/jone/ws_moveit/install/pilz_industrial_motion_planner/lib:/home/jone/ws_moveit/install/moveit_visual_tools/lib:/home/jone/ws_moveit/install/moveit_task_constructor_visualization/lib:/home/jone/ws_moveit/install/moveit_task_constructor_demo/lib:/home/jone/ws_moveit/install/moveit_task_constructor_capabilities/lib:/home/jone/ws_moveit/install/moveit_task_constructor_core/lib:/home/jone/ws_moveit/install/moveit_ros_control_interface/lib:/home/jone/ws_moveit/install/moveit_simple_controller_manager/lib:/home/jone/ws_moveit/install/moveit_setup_assistant/lib:/home/jone/ws_moveit/install/moveit_setup_srdf_plugins/lib:/home/jone/ws_moveit/install/moveit_setup_core_plugins/lib:/home/jone/ws_moveit/install/moveit_setup_controllers/lib:/home/jone/ws_moveit/install/moveit_setup_app_plugins/lib:/home/jone/ws_moveit/install/moveit_setup_framework/lib:/home/jone/ws_moveit/install/moveit_servo/lib:/home/jone/ws_moveit/install/moveit_ros_visualization/lib:/home/jone/ws_moveit/install/moveit_hybrid_planning/lib:/home/jone/ws_moveit/install/moveit_ros_planning_interface/lib:/home/jone/ws_moveit/install/moveit_ros_benchmarks/lib:/home/jone/ws_moveit/install/moveit_ros_warehouse/lib:/home/jone/ws_moveit/install/moveit_ros_robot_interaction/lib:/home/jone/ws_moveit/install/moveit_ros_perception/lib:/home/jone/ws_moveit/install/moveit_ros_move_group/lib:/home/jone/ws_moveit/install/moveit_planners_ompl/lib:/home/jone/ws_moveit/install/moveit_ros_planning/lib:/home/jone/ws_moveit/install/moveit_ros_occupancy_map_monitor/lib:/home/jone/ws_moveit/install/moveit_resources_prbt_ikfast_manipulator_plugin/lib:/home/jone/ws_moveit/install/moveit_planners_chomp/lib:/home/jone/ws_moveit/install/moveit_kinematics/lib:/home/jone/ws_moveit/install/moveit_chomp_optimizer_adapter/lib:/home/jone/ws_moveit/install/rviz_marker_tools/lib:/home/jone/ws_moveit/install/rosparam_shortcuts/lib:/home/jone/ws_moveit/install/moveit_task_constructor_msgs/lib:/opt/ros/humble/opt/rviz_ogre_vendor/lib:/opt/ros/humble/lib/x86_64-linux-gnu:/opt/ros/humble/lib:/usr/lib/x86_64-linux-gnu/gazebo-11/plugins:/usr/lib/x86_64-linux-gnu/gazebo-11/plugins:/usr/lib/x86_64-linux-gnu/gazebo-11/plugins /usr/bin/cmake --build /home/jone/ws_moveit/build/moveit_planners_chomp -- -j16 -l16
[6.313s] DEBUG:colcon.colcon_core.event_handler.log_command:Invoked command in '/home/jone/ws_moveit/build/moveit_planners_chomp' returned '0': CMAKE_PREFIX_PATH=/home/jone/ws_moveit/install/chomp_motion_planner:/home/jone/ws_moveit/install/moveit_core:/home/jone/ws_moveit/install/moveit_resources_panda_moveit_config:/home/jone/ws_moveit/install/srdfdom:/home/jone/ws_moveit/install/moveit_resources_pr2_description:/home/jone/ws_moveit/install/moveit_resources_panda_description:/home/jone/ws_moveit/install/moveit_common:/home/jone/ws_moveit/install/pilz_industrial_motion_planner_testutils:/home/jone/ws_moveit/install/moveit_runtime:/home/jone/ws_moveit/install/moveit2_tutorials:/home/jone/ws_moveit/install/moveit:/home/jone/ws_moveit/install/moveit_planners:/home/jone/ws_moveit/install/pilz_industrial_motion_planner:/home/jone/ws_moveit/install/moveit_visual_tools:/home/jone/ws_moveit/install/moveit_task_constructor_visualization:/home/jone/ws_moveit/install/moveit_task_constructor_demo:/home/jone/ws_moveit/install/moveit_task_constructor_capabilities:/home/jone/ws_moveit/install/moveit_task_constructor_core:/home/jone/ws_moveit/install/moveit_ros_control_interface:/home/jone/ws_moveit/install/moveit_plugins:/home/jone/ws_moveit/install/moveit_simple_controller_manager:/home/jone/ws_moveit/install/moveit_setup_assistant:/home/jone/ws_moveit/install/moveit_setup_srdf_plugins:/home/jone/ws_moveit/install/moveit_setup_core_plugins:/home/jone/ws_moveit/install/moveit_setup_controllers:/home/jone/ws_moveit/install/moveit_setup_app_plugins:/home/jone/ws_moveit/install/moveit_setup_framework:/home/jone/ws_moveit/install/moveit_servo:/home/jone/ws_moveit/install/moveit_ros:/home/jone/ws_moveit/install/moveit_ros_visualization:/home/jone/ws_moveit/install/moveit_hybrid_planning:/home/jone/ws_moveit/install/moveit_ros_planning_interface:/home/jone/ws_moveit/install/moveit_ros_benchmarks:/home/jone/ws_moveit/install/moveit_ros_warehouse:/home/jone/ws_moveit/install/moveit_ros_robot_interaction:/home/jone/ws_moveit/install/moveit_ros_perception:/home/jone/ws_moveit/install/moveit_resources_prbt_pg70_support:/home/jone/ws_moveit/install/moveit_resources_prbt_moveit_config:/home/jone/ws_moveit/install/moveit_ros_move_group:/home/jone/ws_moveit/install/moveit_planners_ompl:/home/jone/ws_moveit/install/moveit_ros_planning:/home/jone/ws_moveit/install/moveit_ros_occupancy_map_monitor:/home/jone/ws_moveit/install/moveit_resources_prbt_ikfast_manipulator_plugin:/home/jone/ws_moveit/install/moveit_planners_chomp:/home/jone/ws_moveit/install/moveit_kinematics:/home/jone/ws_moveit/install/moveit_chomp_optimizer_adapter:/home/jone/ws_moveit/install/rviz_marker_tools:/home/jone/ws_moveit/install/rosparam_shortcuts:/home/jone/ws_moveit/install/moveit_task_constructor_msgs:/home/jone/ws_moveit/install/moveit_resources_prbt_support:/home/jone/ws_moveit/install/moveit_resources:/home/jone/ws_moveit/install/moveit_resources_fanuc_moveit_config:/home/jone/ws_moveit/install/moveit_resources_fanuc_description:/home/jone/ws_moveit/install/moveit_configs_utils:/home/jone/ws_moveit/install/launch_param_builder:/opt/ros/humble LD_LIBRARY_PATH=/home/jone/ws_moveit/install/chomp_motion_planner/lib:/home/jone/ws_moveit/install/moveit_core/lib:/home/jone/ws_moveit/install/srdfdom/lib:/home/jone/ws_moveit/install/pilz_industrial_motion_planner_testutils/lib:/home/jone/ws_moveit/install/pilz_industrial_motion_planner/lib:/home/jone/ws_moveit/install/moveit_visual_tools/lib:/home/jone/ws_moveit/install/moveit_task_constructor_visualization/lib:/home/jone/ws_moveit/install/moveit_task_constructor_demo/lib:/home/jone/ws_moveit/install/moveit_task_constructor_capabilities/lib:/home/jone/ws_moveit/install/moveit_task_constructor_core/lib:/home/jone/ws_moveit/install/moveit_ros_control_interface/lib:/home/jone/ws_moveit/install/moveit_simple_controller_manager/lib:/home/jone/ws_moveit/install/moveit_setup_assistant/lib:/home/jone/ws_moveit/install/moveit_setup_srdf_plugins/lib:/home/jone/ws_moveit/install/moveit_setup_core_plugins/lib:/home/jone/ws_moveit/install/moveit_setup_controllers/lib:/home/jone/ws_moveit/install/moveit_setup_app_plugins/lib:/home/jone/ws_moveit/install/moveit_setup_framework/lib:/home/jone/ws_moveit/install/moveit_servo/lib:/home/jone/ws_moveit/install/moveit_ros_visualization/lib:/home/jone/ws_moveit/install/moveit_hybrid_planning/lib:/home/jone/ws_moveit/install/moveit_ros_planning_interface/lib:/home/jone/ws_moveit/install/moveit_ros_benchmarks/lib:/home/jone/ws_moveit/install/moveit_ros_warehouse/lib:/home/jone/ws_moveit/install/moveit_ros_robot_interaction/lib:/home/jone/ws_moveit/install/moveit_ros_perception/lib:/home/jone/ws_moveit/install/moveit_ros_move_group/lib:/home/jone/ws_moveit/install/moveit_planners_ompl/lib:/home/jone/ws_moveit/install/moveit_ros_planning/lib:/home/jone/ws_moveit/install/moveit_ros_occupancy_map_monitor/lib:/home/jone/ws_moveit/install/moveit_resources_prbt_ikfast_manipulator_plugin/lib:/home/jone/ws_moveit/install/moveit_planners_chomp/lib:/home/jone/ws_moveit/install/moveit_kinematics/lib:/home/jone/ws_moveit/install/moveit_chomp_optimizer_adapter/lib:/home/jone/ws_moveit/install/rviz_marker_tools/lib:/home/jone/ws_moveit/install/rosparam_shortcuts/lib:/home/jone/ws_moveit/install/moveit_task_constructor_msgs/lib:/opt/ros/humble/opt/rviz_ogre_vendor/lib:/opt/ros/humble/lib/x86_64-linux-gnu:/opt/ros/humble/lib:/usr/lib/x86_64-linux-gnu/gazebo-11/plugins:/usr/lib/x86_64-linux-gnu/gazebo-11/plugins:/usr/lib/x86_64-linux-gnu/gazebo-11/plugins /usr/bin/cmake --build /home/jone/ws_moveit/build/moveit_planners_chomp -- -j16 -l16
[6.315s] DEBUG:colcon.colcon_core.event_handler.log_command:Invoking command in '/home/jone/ws_moveit/build/moveit_planners_chomp': CMAKE_PREFIX_PATH=/home/jone/ws_moveit/install/chomp_motion_planner:/home/jone/ws_moveit/install/moveit_core:/home/jone/ws_moveit/install/moveit_resources_panda_moveit_config:/home/jone/ws_moveit/install/srdfdom:/home/jone/ws_moveit/install/moveit_resources_pr2_description:/home/jone/ws_moveit/install/moveit_resources_panda_description:/home/jone/ws_moveit/install/moveit_common:/home/jone/ws_moveit/install/pilz_industrial_motion_planner_testutils:/home/jone/ws_moveit/install/moveit_runtime:/home/jone/ws_moveit/install/moveit2_tutorials:/home/jone/ws_moveit/install/moveit:/home/jone/ws_moveit/install/moveit_planners:/home/jone/ws_moveit/install/pilz_industrial_motion_planner:/home/jone/ws_moveit/install/moveit_visual_tools:/home/jone/ws_moveit/install/moveit_task_constructor_visualization:/home/jone/ws_moveit/install/moveit_task_constructor_demo:/home/jone/ws_moveit/install/moveit_task_constructor_capabilities:/home/jone/ws_moveit/install/moveit_task_constructor_core:/home/jone/ws_moveit/install/moveit_ros_control_interface:/home/jone/ws_moveit/install/moveit_plugins:/home/jone/ws_moveit/install/moveit_simple_controller_manager:/home/jone/ws_moveit/install/moveit_setup_assistant:/home/jone/ws_moveit/install/moveit_setup_srdf_plugins:/home/jone/ws_moveit/install/moveit_setup_core_plugins:/home/jone/ws_moveit/install/moveit_setup_controllers:/home/jone/ws_moveit/install/moveit_setup_app_plugins:/home/jone/ws_moveit/install/moveit_setup_framework:/home/jone/ws_moveit/install/moveit_servo:/home/jone/ws_moveit/install/moveit_ros:/home/jone/ws_moveit/install/moveit_ros_visualization:/home/jone/ws_moveit/install/moveit_hybrid_planning:/home/jone/ws_moveit/install/moveit_ros_planning_interface:/home/jone/ws_moveit/install/moveit_ros_benchmarks:/home/jone/ws_moveit/install/moveit_ros_warehouse:/home/jone/ws_moveit/install/moveit_ros_robot_interaction:/home/jone/ws_moveit/install/moveit_ros_perception:/home/jone/ws_moveit/install/moveit_resources_prbt_pg70_support:/home/jone/ws_moveit/install/moveit_resources_prbt_moveit_config:/home/jone/ws_moveit/install/moveit_ros_move_group:/home/jone/ws_moveit/install/moveit_planners_ompl:/home/jone/ws_moveit/install/moveit_ros_planning:/home/jone/ws_moveit/install/moveit_ros_occupancy_map_monitor:/home/jone/ws_moveit/install/moveit_resources_prbt_ikfast_manipulator_plugin:/home/jone/ws_moveit/install/moveit_planners_chomp:/home/jone/ws_moveit/install/moveit_kinematics:/home/jone/ws_moveit/install/moveit_chomp_optimizer_adapter:/home/jone/ws_moveit/install/rviz_marker_tools:/home/jone/ws_moveit/install/rosparam_shortcuts:/home/jone/ws_moveit/install/moveit_task_constructor_msgs:/home/jone/ws_moveit/install/moveit_resources_prbt_support:/home/jone/ws_moveit/install/moveit_resources:/home/jone/ws_moveit/install/moveit_resources_fanuc_moveit_config:/home/jone/ws_moveit/install/moveit_resources_fanuc_description:/home/jone/ws_moveit/install/moveit_configs_utils:/home/jone/ws_moveit/install/launch_param_builder:/opt/ros/humble LD_LIBRARY_PATH=/home/jone/ws_moveit/install/chomp_motion_planner/lib:/home/jone/ws_moveit/install/moveit_core/lib:/home/jone/ws_moveit/install/srdfdom/lib:/home/jone/ws_moveit/install/pilz_industrial_motion_planner_testutils/lib:/home/jone/ws_moveit/install/pilz_industrial_motion_planner/lib:/home/jone/ws_moveit/install/moveit_visual_tools/lib:/home/jone/ws_moveit/install/moveit_task_constructor_visualization/lib:/home/jone/ws_moveit/install/moveit_task_constructor_demo/lib:/home/jone/ws_moveit/install/moveit_task_constructor_capabilities/lib:/home/jone/ws_moveit/install/moveit_task_constructor_core/lib:/home/jone/ws_moveit/install/moveit_ros_control_interface/lib:/home/jone/ws_moveit/install/moveit_simple_controller_manager/lib:/home/jone/ws_moveit/install/moveit_setup_assistant/lib:/home/jone/ws_moveit/install/moveit_setup_srdf_plugins/lib:/home/jone/ws_moveit/install/moveit_setup_core_plugins/lib:/home/jone/ws_moveit/install/moveit_setup_controllers/lib:/home/jone/ws_moveit/install/moveit_setup_app_plugins/lib:/home/jone/ws_moveit/install/moveit_setup_framework/lib:/home/jone/ws_moveit/install/moveit_servo/lib:/home/jone/ws_moveit/install/moveit_ros_visualization/lib:/home/jone/ws_moveit/install/moveit_hybrid_planning/lib:/home/jone/ws_moveit/install/moveit_ros_planning_interface/lib:/home/jone/ws_moveit/install/moveit_ros_benchmarks/lib:/home/jone/ws_moveit/install/moveit_ros_warehouse/lib:/home/jone/ws_moveit/install/moveit_ros_robot_interaction/lib:/home/jone/ws_moveit/install/moveit_ros_perception/lib:/home/jone/ws_moveit/install/moveit_ros_move_group/lib:/home/jone/ws_moveit/install/moveit_planners_ompl/lib:/home/jone/ws_moveit/install/moveit_ros_planning/lib:/home/jone/ws_moveit/install/moveit_ros_occupancy_map_monitor/lib:/home/jone/ws_moveit/install/moveit_resources_prbt_ikfast_manipulator_plugin/lib:/home/jone/ws_moveit/install/moveit_planners_chomp/lib:/home/jone/ws_moveit/install/moveit_kinematics/lib:/home/jone/ws_moveit/install/moveit_chomp_optimizer_adapter/lib:/home/jone/ws_moveit/install/rviz_marker_tools/lib:/home/jone/ws_moveit/install/rosparam_shortcuts/lib:/home/jone/ws_moveit/install/moveit_task_constructor_msgs/lib:/opt/ros/humble/opt/rviz_ogre_vendor/lib:/opt/ros/humble/lib/x86_64-linux-gnu:/opt/ros/humble/lib:/usr/lib/x86_64-linux-gnu/gazebo-11/plugins:/usr/lib/x86_64-linux-gnu/gazebo-11/plugins:/usr/lib/x86_64-linux-gnu/gazebo-11/plugins /usr/bin/cmake --install /home/jone/ws_moveit/build/moveit_planners_chomp
[6.331s] Level 1:colcon.colcon_core.environment:create_environment_scripts_only(moveit_planners_chomp)
[6.331s] Level 1:colcon.colcon_core.environment:checking '/home/jone/ws_moveit/install/moveit_planners_chomp' for CMake module files
[6.331s] DEBUG:colcon.colcon_core.event_handler.log_command:Invoked command in '/home/jone/ws_moveit/build/moveit_planners_chomp' returned '0': CMAKE_PREFIX_PATH=/home/jone/ws_moveit/install/chomp_motion_planner:/home/jone/ws_moveit/install/moveit_core:/home/jone/ws_moveit/install/moveit_resources_panda_moveit_config:/home/jone/ws_moveit/install/srdfdom:/home/jone/ws_moveit/install/moveit_resources_pr2_description:/home/jone/ws_moveit/install/moveit_resources_panda_description:/home/jone/ws_moveit/install/moveit_common:/home/jone/ws_moveit/install/pilz_industrial_motion_planner_testutils:/home/jone/ws_moveit/install/moveit_runtime:/home/jone/ws_moveit/install/moveit2_tutorials:/home/jone/ws_moveit/install/moveit:/home/jone/ws_moveit/install/moveit_planners:/home/jone/ws_moveit/install/pilz_industrial_motion_planner:/home/jone/ws_moveit/install/moveit_visual_tools:/home/jone/ws_moveit/install/moveit_task_constructor_visualization:/home/jone/ws_moveit/install/moveit_task_constructor_demo:/home/jone/ws_moveit/install/moveit_task_constructor_capabilities:/home/jone/ws_moveit/install/moveit_task_constructor_core:/home/jone/ws_moveit/install/moveit_ros_control_interface:/home/jone/ws_moveit/install/moveit_plugins:/home/jone/ws_moveit/install/moveit_simple_controller_manager:/home/jone/ws_moveit/install/moveit_setup_assistant:/home/jone/ws_moveit/install/moveit_setup_srdf_plugins:/home/jone/ws_moveit/install/moveit_setup_core_plugins:/home/jone/ws_moveit/install/moveit_setup_controllers:/home/jone/ws_moveit/install/moveit_setup_app_plugins:/home/jone/ws_moveit/install/moveit_setup_framework:/home/jone/ws_moveit/install/moveit_servo:/home/jone/ws_moveit/install/moveit_ros:/home/jone/ws_moveit/install/moveit_ros_visualization:/home/jone/ws_moveit/install/moveit_hybrid_planning:/home/jone/ws_moveit/install/moveit_ros_planning_interface:/home/jone/ws_moveit/install/moveit_ros_benchmarks:/home/jone/ws_moveit/install/moveit_ros_warehouse:/home/jone/ws_moveit/install/moveit_ros_robot_interaction:/home/jone/ws_moveit/install/moveit_ros_perception:/home/jone/ws_moveit/install/moveit_resources_prbt_pg70_support:/home/jone/ws_moveit/install/moveit_resources_prbt_moveit_config:/home/jone/ws_moveit/install/moveit_ros_move_group:/home/jone/ws_moveit/install/moveit_planners_ompl:/home/jone/ws_moveit/install/moveit_ros_planning:/home/jone/ws_moveit/install/moveit_ros_occupancy_map_monitor:/home/jone/ws_moveit/install/moveit_resources_prbt_ikfast_manipulator_plugin:/home/jone/ws_moveit/install/moveit_planners_chomp:/home/jone/ws_moveit/install/moveit_kinematics:/home/jone/ws_moveit/install/moveit_chomp_optimizer_adapter:/home/jone/ws_moveit/install/rviz_marker_tools:/home/jone/ws_moveit/install/rosparam_shortcuts:/home/jone/ws_moveit/install/moveit_task_constructor_msgs:/home/jone/ws_moveit/install/moveit_resources_prbt_support:/home/jone/ws_moveit/install/moveit_resources:/home/jone/ws_moveit/install/moveit_resources_fanuc_moveit_config:/home/jone/ws_moveit/install/moveit_resources_fanuc_description:/home/jone/ws_moveit/install/moveit_configs_utils:/home/jone/ws_moveit/install/launch_param_builder:/opt/ros/humble LD_LIBRARY_PATH=/home/jone/ws_moveit/install/chomp_motion_planner/lib:/home/jone/ws_moveit/install/moveit_core/lib:/home/jone/ws_moveit/install/srdfdom/lib:/home/jone/ws_moveit/install/pilz_industrial_motion_planner_testutils/lib:/home/jone/ws_moveit/install/pilz_industrial_motion_planner/lib:/home/jone/ws_moveit/install/moveit_visual_tools/lib:/home/jone/ws_moveit/install/moveit_task_constructor_visualization/lib:/home/jone/ws_moveit/install/moveit_task_constructor_demo/lib:/home/jone/ws_moveit/install/moveit_task_constructor_capabilities/lib:/home/jone/ws_moveit/install/moveit_task_constructor_core/lib:/home/jone/ws_moveit/install/moveit_ros_control_interface/lib:/home/jone/ws_moveit/install/moveit_simple_controller_manager/lib:/home/jone/ws_moveit/install/moveit_setup_assistant/lib:/home/jone/ws_moveit/install/moveit_setup_srdf_plugins/lib:/home/jone/ws_moveit/install/moveit_setup_core_plugins/lib:/home/jone/ws_moveit/install/moveit_setup_controllers/lib:/home/jone/ws_moveit/install/moveit_setup_app_plugins/lib:/home/jone/ws_moveit/install/moveit_setup_framework/lib:/home/jone/ws_moveit/install/moveit_servo/lib:/home/jone/ws_moveit/install/moveit_ros_visualization/lib:/home/jone/ws_moveit/install/moveit_hybrid_planning/lib:/home/jone/ws_moveit/install/moveit_ros_planning_interface/lib:/home/jone/ws_moveit/install/moveit_ros_benchmarks/lib:/home/jone/ws_moveit/install/moveit_ros_warehouse/lib:/home/jone/ws_moveit/install/moveit_ros_robot_interaction/lib:/home/jone/ws_moveit/install/moveit_ros_perception/lib:/home/jone/ws_moveit/install/moveit_ros_move_group/lib:/home/jone/ws_moveit/install/moveit_planners_ompl/lib:/home/jone/ws_moveit/install/moveit_ros_planning/lib:/home/jone/ws_moveit/install/moveit_ros_occupancy_map_monitor/lib:/home/jone/ws_moveit/install/moveit_resources_prbt_ikfast_manipulator_plugin/lib:/home/jone/ws_moveit/install/moveit_planners_chomp/lib:/home/jone/ws_moveit/install/moveit_kinematics/lib:/home/jone/ws_moveit/install/moveit_chomp_optimizer_adapter/lib:/home/jone/ws_moveit/install/rviz_marker_tools/lib:/home/jone/ws_moveit/install/rosparam_shortcuts/lib:/home/jone/ws_moveit/install/moveit_task_constructor_msgs/lib:/opt/ros/humble/opt/rviz_ogre_vendor/lib:/opt/ros/humble/lib/x86_64-linux-gnu:/opt/ros/humble/lib:/usr/lib/x86_64-linux-gnu/gazebo-11/plugins:/usr/lib/x86_64-linux-gnu/gazebo-11/plugins:/usr/lib/x86_64-linux-gnu/gazebo-11/plugins /usr/bin/cmake --install /home/jone/ws_moveit/build/moveit_planners_chomp
[6.332s] Level 1:colcon.colcon_core.environment:checking '/home/jone/ws_moveit/install/moveit_planners_chomp' for CMake config files
[6.332s] Level 1:colcon.colcon_core.shell:create_environment_hook('moveit_planners_chomp', 'cmake_prefix_path')
[6.332s] INFO:colcon.colcon_core.shell:Creating environment hook '/home/jone/ws_moveit/install/moveit_planners_chomp/share/moveit_planners_chomp/hook/cmake_prefix_path.ps1'
[6.332s] INFO:colcon.colcon_core.shell:Creating environment descriptor '/home/jone/ws_moveit/install/moveit_planners_chomp/share/moveit_planners_chomp/hook/cmake_prefix_path.dsv'
[6.333s] INFO:colcon.colcon_core.shell:Creating environment hook '/home/jone/ws_moveit/install/moveit_planners_chomp/share/moveit_planners_chomp/hook/cmake_prefix_path.sh'
[6.333s] Level 1:colcon.colcon_core.environment:checking '/home/jone/ws_moveit/install/moveit_planners_chomp/lib'
[6.333s] Level 1:colcon.colcon_core.shell:create_environment_hook('moveit_planners_chomp', 'ld_library_path_lib')
[6.333s] INFO:colcon.colcon_core.shell:Creating environment hook '/home/jone/ws_moveit/install/moveit_planners_chomp/share/moveit_planners_chomp/hook/ld_library_path_lib.ps1'
[6.334s] INFO:colcon.colcon_core.shell:Creating environment descriptor '/home/jone/ws_moveit/install/moveit_planners_chomp/share/moveit_planners_chomp/hook/ld_library_path_lib.dsv'
[6.334s] INFO:colcon.colcon_core.shell:Creating environment hook '/home/jone/ws_moveit/install/moveit_planners_chomp/share/moveit_planners_chomp/hook/ld_library_path_lib.sh'
[6.334s] Level 1:colcon.colcon_core.environment:checking '/home/jone/ws_moveit/install/moveit_planners_chomp/bin'
[6.334s] Level 1:colcon.colcon_core.environment:checking '/home/jone/ws_moveit/install/moveit_planners_chomp/lib/pkgconfig/moveit_planners_chomp.pc'
[6.334s] Level 1:colcon.colcon_core.environment:checking '/home/jone/ws_moveit/install/moveit_planners_chomp/lib/python3.10/site-packages'
[6.335s] Level 1:colcon.colcon_core.environment:checking '/home/jone/ws_moveit/install/moveit_planners_chomp/bin'
[6.335s] INFO:colcon.colcon_core.shell:Creating package script '/home/jone/ws_moveit/install/moveit_planners_chomp/share/moveit_planners_chomp/package.ps1'
[6.335s] INFO:colcon.colcon_core.shell:Creating package descriptor '/home/jone/ws_moveit/install/moveit_planners_chomp/share/moveit_planners_chomp/package.dsv'
[6.335s] INFO:colcon.colcon_core.shell:Creating package script '/home/jone/ws_moveit/install/moveit_planners_chomp/share/moveit_planners_chomp/package.sh'
[6.336s] INFO:colcon.colcon_core.shell:Creating package script '/home/jone/ws_moveit/install/moveit_planners_chomp/share/moveit_planners_chomp/package.bash'
[6.336s] INFO:colcon.colcon_core.shell:Creating package script '/home/jone/ws_moveit/install/moveit_planners_chomp/share/moveit_planners_chomp/package.zsh'
[6.336s] Level 1:colcon.colcon_core.environment:create_file_with_runtime_dependencies(/home/jone/ws_moveit/install/moveit_planners_chomp/share/colcon-core/packages/moveit_planners_chomp)
[6.337s] Level 1:colcon.colcon_core.environment:create_environment_scripts_only(moveit_planners_chomp)
[6.337s] Level 1:colcon.colcon_core.environment:checking '/home/jone/ws_moveit/install/moveit_planners_chomp' for CMake module files
[6.337s] Level 1:colcon.colcon_core.environment:checking '/home/jone/ws_moveit/install/moveit_planners_chomp' for CMake config files
[6.337s] Level 1:colcon.colcon_core.shell:create_environment_hook('moveit_planners_chomp', 'cmake_prefix_path')
[6.338s] INFO:colcon.colcon_core.shell:Creating environment hook '/home/jone/ws_moveit/install/moveit_planners_chomp/share/moveit_planners_chomp/hook/cmake_prefix_path.ps1'
[6.338s] INFO:colcon.colcon_core.shell:Creating environment descriptor '/home/jone/ws_moveit/install/moveit_planners_chomp/share/moveit_planners_chomp/hook/cmake_prefix_path.dsv'
[6.338s] INFO:colcon.colcon_core.shell:Creating environment hook '/home/jone/ws_moveit/install/moveit_planners_chomp/share/moveit_planners_chomp/hook/cmake_prefix_path.sh'
[6.338s] Level 1:colcon.colcon_core.environment:checking '/home/jone/ws_moveit/install/moveit_planners_chomp/lib'
[6.339s] Level 1:colcon.colcon_core.shell:create_environment_hook('moveit_planners_chomp', 'ld_library_path_lib')
[6.339s] INFO:colcon.colcon_core.shell:Creating environment hook '/home/jone/ws_moveit/install/moveit_planners_chomp/share/moveit_planners_chomp/hook/ld_library_path_lib.ps1'
[6.339s] INFO:colcon.colcon_core.shell:Creating environment descriptor '/home/jone/ws_moveit/install/moveit_planners_chomp/share/moveit_planners_chomp/hook/ld_library_path_lib.dsv'
[6.339s] INFO:colcon.colcon_core.shell:Creating environment hook '/home/jone/ws_moveit/install/moveit_planners_chomp/share/moveit_planners_chomp/hook/ld_library_path_lib.sh'
[6.339s] Level 1:colcon.colcon_core.environment:checking '/home/jone/ws_moveit/install/moveit_planners_chomp/bin'
[6.339s] Level 1:colcon.colcon_core.environment:checking '/home/jone/ws_moveit/install/moveit_planners_chomp/lib/pkgconfig/moveit_planners_chomp.pc'
[6.340s] Level 1:colcon.colcon_core.environment:checking '/home/jone/ws_moveit/install/moveit_planners_chomp/lib/python3.10/site-packages'
[6.340s] Level 1:colcon.colcon_core.environment:checking '/home/jone/ws_moveit/install/moveit_planners_chomp/bin'
[6.340s] INFO:colcon.colcon_core.shell:Creating package script '/home/jone/ws_moveit/install/moveit_planners_chomp/share/moveit_planners_chomp/package.ps1'
[6.340s] INFO:colcon.colcon_core.shell:Creating package descriptor '/home/jone/ws_moveit/install/moveit_planners_chomp/share/moveit_planners_chomp/package.dsv'
[6.341s] INFO:colcon.colcon_core.shell:Creating package script '/home/jone/ws_moveit/install/moveit_planners_chomp/share/moveit_planners_chomp/package.sh'
[6.341s] INFO:colcon.colcon_core.shell:Creating package script '/home/jone/ws_moveit/install/moveit_planners_chomp/share/moveit_planners_chomp/package.bash'
[6.341s] INFO:colcon.colcon_core.shell:Creating package script '/home/jone/ws_moveit/install/moveit_planners_chomp/share/moveit_planners_chomp/package.zsh'
[6.342s] Level 1:colcon.colcon_core.environment:create_file_with_runtime_dependencies(/home/jone/ws_moveit/install/moveit_planners_chomp/share/colcon-core/packages/moveit_planners_chomp)
[6.342s] DEBUG:colcon.colcon_core.executor.sequential:run_until_complete 'moveit_planners_chomp' finished with '0'
[6.342s] DEBUG:colcon.colcon_core.executor.sequential:run_until_complete 'moveit_plugins'
[6.342s] INFO:colcon.colcon_ros.task.ament_cmake.build:Building ROS package in '/home/jone/ws_moveit/src/moveit2/moveit_plugins/moveit_plugins' with build type 'ament_cmake'
[6.342s] INFO:colcon.colcon_cmake.task.cmake.build:Building CMake package in '/home/jone/ws_moveit/src/moveit2/moveit_plugins/moveit_plugins'
[6.342s] INFO:colcon.colcon_core.shell:Skip shell extension 'powershell' for command environment: Not usable outside of PowerShell
[6.342s] DEBUG:colcon.colcon_core.shell:Skip shell extension 'dsv' for command environment
[6.370s] DEBUG:colcon.colcon_core.event_handler.log_command:Invoking command in '/home/jone/ws_moveit/build/moveit_plugins': CMAKE_PREFIX_PATH=/home/jone/ws_moveit/install/moveit_simple_controller_manager:/home/jone/ws_moveit/install/moveit_core:/home/jone/ws_moveit/install/moveit_resources_panda_moveit_config:/home/jone/ws_moveit/install/srdfdom:/home/jone/ws_moveit/install/moveit_resources_pr2_description:/home/jone/ws_moveit/install/moveit_resources_panda_description:/home/jone/ws_moveit/install/moveit_common:/home/jone/ws_moveit/install/pilz_industrial_motion_planner_testutils:/home/jone/ws_moveit/install/moveit_runtime:/home/jone/ws_moveit/install/moveit2_tutorials:/home/jone/ws_moveit/install/moveit:/home/jone/ws_moveit/install/moveit_planners:/home/jone/ws_moveit/install/pilz_industrial_motion_planner:/home/jone/ws_moveit/install/moveit_visual_tools:/home/jone/ws_moveit/install/moveit_task_constructor_visualization:/home/jone/ws_moveit/install/moveit_task_constructor_demo:/home/jone/ws_moveit/install/moveit_task_constructor_capabilities:/home/jone/ws_moveit/install/moveit_task_constructor_core:/home/jone/ws_moveit/install/moveit_ros_control_interface:/home/jone/ws_moveit/install/moveit_plugins:/home/jone/ws_moveit/install/moveit_setup_assistant:/home/jone/ws_moveit/install/moveit_setup_srdf_plugins:/home/jone/ws_moveit/install/moveit_setup_core_plugins:/home/jone/ws_moveit/install/moveit_setup_controllers:/home/jone/ws_moveit/install/moveit_setup_app_plugins:/home/jone/ws_moveit/install/moveit_setup_framework:/home/jone/ws_moveit/install/moveit_servo:/home/jone/ws_moveit/install/moveit_ros:/home/jone/ws_moveit/install/moveit_ros_visualization:/home/jone/ws_moveit/install/moveit_hybrid_planning:/home/jone/ws_moveit/install/moveit_ros_planning_interface:/home/jone/ws_moveit/install/moveit_ros_benchmarks:/home/jone/ws_moveit/install/moveit_ros_warehouse:/home/jone/ws_moveit/install/moveit_ros_robot_interaction:/home/jone/ws_moveit/install/moveit_ros_perception:/home/jone/ws_moveit/install/moveit_resources_prbt_pg70_support:/home/jone/ws_moveit/install/moveit_resources_prbt_moveit_config:/home/jone/ws_moveit/install/moveit_ros_move_group:/home/jone/ws_moveit/install/moveit_planners_ompl:/home/jone/ws_moveit/install/moveit_ros_planning:/home/jone/ws_moveit/install/moveit_ros_occupancy_map_monitor:/home/jone/ws_moveit/install/moveit_resources_prbt_ikfast_manipulator_plugin:/home/jone/ws_moveit/install/moveit_planners_chomp:/home/jone/ws_moveit/install/moveit_kinematics:/home/jone/ws_moveit/install/moveit_chomp_optimizer_adapter:/home/jone/ws_moveit/install/chomp_motion_planner:/home/jone/ws_moveit/install/rviz_marker_tools:/home/jone/ws_moveit/install/rosparam_shortcuts:/home/jone/ws_moveit/install/moveit_task_constructor_msgs:/home/jone/ws_moveit/install/moveit_resources_prbt_support:/home/jone/ws_moveit/install/moveit_resources:/home/jone/ws_moveit/install/moveit_resources_fanuc_moveit_config:/home/jone/ws_moveit/install/moveit_resources_fanuc_description:/home/jone/ws_moveit/install/moveit_configs_utils:/home/jone/ws_moveit/install/launch_param_builder:/opt/ros/humble LD_LIBRARY_PATH=/home/jone/ws_moveit/install/moveit_simple_controller_manager/lib:/home/jone/ws_moveit/install/moveit_core/lib:/home/jone/ws_moveit/install/srdfdom/lib:/home/jone/ws_moveit/install/pilz_industrial_motion_planner_testutils/lib:/home/jone/ws_moveit/install/pilz_industrial_motion_planner/lib:/home/jone/ws_moveit/install/moveit_visual_tools/lib:/home/jone/ws_moveit/install/moveit_task_constructor_visualization/lib:/home/jone/ws_moveit/install/moveit_task_constructor_demo/lib:/home/jone/ws_moveit/install/moveit_task_constructor_capabilities/lib:/home/jone/ws_moveit/install/moveit_task_constructor_core/lib:/home/jone/ws_moveit/install/moveit_ros_control_interface/lib:/home/jone/ws_moveit/install/moveit_setup_assistant/lib:/home/jone/ws_moveit/install/moveit_setup_srdf_plugins/lib:/home/jone/ws_moveit/install/moveit_setup_core_plugins/lib:/home/jone/ws_moveit/install/moveit_setup_controllers/lib:/home/jone/ws_moveit/install/moveit_setup_app_plugins/lib:/home/jone/ws_moveit/install/moveit_setup_framework/lib:/home/jone/ws_moveit/install/moveit_servo/lib:/home/jone/ws_moveit/install/moveit_ros_visualization/lib:/home/jone/ws_moveit/install/moveit_hybrid_planning/lib:/home/jone/ws_moveit/install/moveit_ros_planning_interface/lib:/home/jone/ws_moveit/install/moveit_ros_benchmarks/lib:/home/jone/ws_moveit/install/moveit_ros_warehouse/lib:/home/jone/ws_moveit/install/moveit_ros_robot_interaction/lib:/home/jone/ws_moveit/install/moveit_ros_perception/lib:/home/jone/ws_moveit/install/moveit_ros_move_group/lib:/home/jone/ws_moveit/install/moveit_planners_ompl/lib:/home/jone/ws_moveit/install/moveit_ros_planning/lib:/home/jone/ws_moveit/install/moveit_ros_occupancy_map_monitor/lib:/home/jone/ws_moveit/install/moveit_resources_prbt_ikfast_manipulator_plugin/lib:/home/jone/ws_moveit/install/moveit_planners_chomp/lib:/home/jone/ws_moveit/install/moveit_kinematics/lib:/home/jone/ws_moveit/install/moveit_chomp_optimizer_adapter/lib:/home/jone/ws_moveit/install/chomp_motion_planner/lib:/home/jone/ws_moveit/install/rviz_marker_tools/lib:/home/jone/ws_moveit/install/rosparam_shortcuts/lib:/home/jone/ws_moveit/install/moveit_task_constructor_msgs/lib:/opt/ros/humble/opt/rviz_ogre_vendor/lib:/opt/ros/humble/lib/x86_64-linux-gnu:/opt/ros/humble/lib:/usr/lib/x86_64-linux-gnu/gazebo-11/plugins:/usr/lib/x86_64-linux-gnu/gazebo-11/plugins:/usr/lib/x86_64-linux-gnu/gazebo-11/plugins /usr/bin/cmake --build /home/jone/ws_moveit/build/moveit_plugins -- -j16 -l16
[6.425s] DEBUG:colcon.colcon_core.event_handler.log_command:Invoked command in '/home/jone/ws_moveit/build/moveit_plugins' returned '0': CMAKE_PREFIX_PATH=/home/jone/ws_moveit/install/moveit_simple_controller_manager:/home/jone/ws_moveit/install/moveit_core:/home/jone/ws_moveit/install/moveit_resources_panda_moveit_config:/home/jone/ws_moveit/install/srdfdom:/home/jone/ws_moveit/install/moveit_resources_pr2_description:/home/jone/ws_moveit/install/moveit_resources_panda_description:/home/jone/ws_moveit/install/moveit_common:/home/jone/ws_moveit/install/pilz_industrial_motion_planner_testutils:/home/jone/ws_moveit/install/moveit_runtime:/home/jone/ws_moveit/install/moveit2_tutorials:/home/jone/ws_moveit/install/moveit:/home/jone/ws_moveit/install/moveit_planners:/home/jone/ws_moveit/install/pilz_industrial_motion_planner:/home/jone/ws_moveit/install/moveit_visual_tools:/home/jone/ws_moveit/install/moveit_task_constructor_visualization:/home/jone/ws_moveit/install/moveit_task_constructor_demo:/home/jone/ws_moveit/install/moveit_task_constructor_capabilities:/home/jone/ws_moveit/install/moveit_task_constructor_core:/home/jone/ws_moveit/install/moveit_ros_control_interface:/home/jone/ws_moveit/install/moveit_plugins:/home/jone/ws_moveit/install/moveit_setup_assistant:/home/jone/ws_moveit/install/moveit_setup_srdf_plugins:/home/jone/ws_moveit/install/moveit_setup_core_plugins:/home/jone/ws_moveit/install/moveit_setup_controllers:/home/jone/ws_moveit/install/moveit_setup_app_plugins:/home/jone/ws_moveit/install/moveit_setup_framework:/home/jone/ws_moveit/install/moveit_servo:/home/jone/ws_moveit/install/moveit_ros:/home/jone/ws_moveit/install/moveit_ros_visualization:/home/jone/ws_moveit/install/moveit_hybrid_planning:/home/jone/ws_moveit/install/moveit_ros_planning_interface:/home/jone/ws_moveit/install/moveit_ros_benchmarks:/home/jone/ws_moveit/install/moveit_ros_warehouse:/home/jone/ws_moveit/install/moveit_ros_robot_interaction:/home/jone/ws_moveit/install/moveit_ros_perception:/home/jone/ws_moveit/install/moveit_resources_prbt_pg70_support:/home/jone/ws_moveit/install/moveit_resources_prbt_moveit_config:/home/jone/ws_moveit/install/moveit_ros_move_group:/home/jone/ws_moveit/install/moveit_planners_ompl:/home/jone/ws_moveit/install/moveit_ros_planning:/home/jone/ws_moveit/install/moveit_ros_occupancy_map_monitor:/home/jone/ws_moveit/install/moveit_resources_prbt_ikfast_manipulator_plugin:/home/jone/ws_moveit/install/moveit_planners_chomp:/home/jone/ws_moveit/install/moveit_kinematics:/home/jone/ws_moveit/install/moveit_chomp_optimizer_adapter:/home/jone/ws_moveit/install/chomp_motion_planner:/home/jone/ws_moveit/install/rviz_marker_tools:/home/jone/ws_moveit/install/rosparam_shortcuts:/home/jone/ws_moveit/install/moveit_task_constructor_msgs:/home/jone/ws_moveit/install/moveit_resources_prbt_support:/home/jone/ws_moveit/install/moveit_resources:/home/jone/ws_moveit/install/moveit_resources_fanuc_moveit_config:/home/jone/ws_moveit/install/moveit_resources_fanuc_description:/home/jone/ws_moveit/install/moveit_configs_utils:/home/jone/ws_moveit/install/launch_param_builder:/opt/ros/humble LD_LIBRARY_PATH=/home/jone/ws_moveit/install/moveit_simple_controller_manager/lib:/home/jone/ws_moveit/install/moveit_core/lib:/home/jone/ws_moveit/install/srdfdom/lib:/home/jone/ws_moveit/install/pilz_industrial_motion_planner_testutils/lib:/home/jone/ws_moveit/install/pilz_industrial_motion_planner/lib:/home/jone/ws_moveit/install/moveit_visual_tools/lib:/home/jone/ws_moveit/install/moveit_task_constructor_visualization/lib:/home/jone/ws_moveit/install/moveit_task_constructor_demo/lib:/home/jone/ws_moveit/install/moveit_task_constructor_capabilities/lib:/home/jone/ws_moveit/install/moveit_task_constructor_core/lib:/home/jone/ws_moveit/install/moveit_ros_control_interface/lib:/home/jone/ws_moveit/install/moveit_setup_assistant/lib:/home/jone/ws_moveit/install/moveit_setup_srdf_plugins/lib:/home/jone/ws_moveit/install/moveit_setup_core_plugins/lib:/home/jone/ws_moveit/install/moveit_setup_controllers/lib:/home/jone/ws_moveit/install/moveit_setup_app_plugins/lib:/home/jone/ws_moveit/install/moveit_setup_framework/lib:/home/jone/ws_moveit/install/moveit_servo/lib:/home/jone/ws_moveit/install/moveit_ros_visualization/lib:/home/jone/ws_moveit/install/moveit_hybrid_planning/lib:/home/jone/ws_moveit/install/moveit_ros_planning_interface/lib:/home/jone/ws_moveit/install/moveit_ros_benchmarks/lib:/home/jone/ws_moveit/install/moveit_ros_warehouse/lib:/home/jone/ws_moveit/install/moveit_ros_robot_interaction/lib:/home/jone/ws_moveit/install/moveit_ros_perception/lib:/home/jone/ws_moveit/install/moveit_ros_move_group/lib:/home/jone/ws_moveit/install/moveit_planners_ompl/lib:/home/jone/ws_moveit/install/moveit_ros_planning/lib:/home/jone/ws_moveit/install/moveit_ros_occupancy_map_monitor/lib:/home/jone/ws_moveit/install/moveit_resources_prbt_ikfast_manipulator_plugin/lib:/home/jone/ws_moveit/install/moveit_planners_chomp/lib:/home/jone/ws_moveit/install/moveit_kinematics/lib:/home/jone/ws_moveit/install/moveit_chomp_optimizer_adapter/lib:/home/jone/ws_moveit/install/chomp_motion_planner/lib:/home/jone/ws_moveit/install/rviz_marker_tools/lib:/home/jone/ws_moveit/install/rosparam_shortcuts/lib:/home/jone/ws_moveit/install/moveit_task_constructor_msgs/lib:/opt/ros/humble/opt/rviz_ogre_vendor/lib:/opt/ros/humble/lib/x86_64-linux-gnu:/opt/ros/humble/lib:/usr/lib/x86_64-linux-gnu/gazebo-11/plugins:/usr/lib/x86_64-linux-gnu/gazebo-11/plugins:/usr/lib/x86_64-linux-gnu/gazebo-11/plugins /usr/bin/cmake --build /home/jone/ws_moveit/build/moveit_plugins -- -j16 -l16
[6.427s] DEBUG:colcon.colcon_core.event_handler.log_command:Invoking command in '/home/jone/ws_moveit/build/moveit_plugins': CMAKE_PREFIX_PATH=/home/jone/ws_moveit/install/moveit_simple_controller_manager:/home/jone/ws_moveit/install/moveit_core:/home/jone/ws_moveit/install/moveit_resources_panda_moveit_config:/home/jone/ws_moveit/install/srdfdom:/home/jone/ws_moveit/install/moveit_resources_pr2_description:/home/jone/ws_moveit/install/moveit_resources_panda_description:/home/jone/ws_moveit/install/moveit_common:/home/jone/ws_moveit/install/pilz_industrial_motion_planner_testutils:/home/jone/ws_moveit/install/moveit_runtime:/home/jone/ws_moveit/install/moveit2_tutorials:/home/jone/ws_moveit/install/moveit:/home/jone/ws_moveit/install/moveit_planners:/home/jone/ws_moveit/install/pilz_industrial_motion_planner:/home/jone/ws_moveit/install/moveit_visual_tools:/home/jone/ws_moveit/install/moveit_task_constructor_visualization:/home/jone/ws_moveit/install/moveit_task_constructor_demo:/home/jone/ws_moveit/install/moveit_task_constructor_capabilities:/home/jone/ws_moveit/install/moveit_task_constructor_core:/home/jone/ws_moveit/install/moveit_ros_control_interface:/home/jone/ws_moveit/install/moveit_plugins:/home/jone/ws_moveit/install/moveit_setup_assistant:/home/jone/ws_moveit/install/moveit_setup_srdf_plugins:/home/jone/ws_moveit/install/moveit_setup_core_plugins:/home/jone/ws_moveit/install/moveit_setup_controllers:/home/jone/ws_moveit/install/moveit_setup_app_plugins:/home/jone/ws_moveit/install/moveit_setup_framework:/home/jone/ws_moveit/install/moveit_servo:/home/jone/ws_moveit/install/moveit_ros:/home/jone/ws_moveit/install/moveit_ros_visualization:/home/jone/ws_moveit/install/moveit_hybrid_planning:/home/jone/ws_moveit/install/moveit_ros_planning_interface:/home/jone/ws_moveit/install/moveit_ros_benchmarks:/home/jone/ws_moveit/install/moveit_ros_warehouse:/home/jone/ws_moveit/install/moveit_ros_robot_interaction:/home/jone/ws_moveit/install/moveit_ros_perception:/home/jone/ws_moveit/install/moveit_resources_prbt_pg70_support:/home/jone/ws_moveit/install/moveit_resources_prbt_moveit_config:/home/jone/ws_moveit/install/moveit_ros_move_group:/home/jone/ws_moveit/install/moveit_planners_ompl:/home/jone/ws_moveit/install/moveit_ros_planning:/home/jone/ws_moveit/install/moveit_ros_occupancy_map_monitor:/home/jone/ws_moveit/install/moveit_resources_prbt_ikfast_manipulator_plugin:/home/jone/ws_moveit/install/moveit_planners_chomp:/home/jone/ws_moveit/install/moveit_kinematics:/home/jone/ws_moveit/install/moveit_chomp_optimizer_adapter:/home/jone/ws_moveit/install/chomp_motion_planner:/home/jone/ws_moveit/install/rviz_marker_tools:/home/jone/ws_moveit/install/rosparam_shortcuts:/home/jone/ws_moveit/install/moveit_task_constructor_msgs:/home/jone/ws_moveit/install/moveit_resources_prbt_support:/home/jone/ws_moveit/install/moveit_resources:/home/jone/ws_moveit/install/moveit_resources_fanuc_moveit_config:/home/jone/ws_moveit/install/moveit_resources_fanuc_description:/home/jone/ws_moveit/install/moveit_configs_utils:/home/jone/ws_moveit/install/launch_param_builder:/opt/ros/humble LD_LIBRARY_PATH=/home/jone/ws_moveit/install/moveit_simple_controller_manager/lib:/home/jone/ws_moveit/install/moveit_core/lib:/home/jone/ws_moveit/install/srdfdom/lib:/home/jone/ws_moveit/install/pilz_industrial_motion_planner_testutils/lib:/home/jone/ws_moveit/install/pilz_industrial_motion_planner/lib:/home/jone/ws_moveit/install/moveit_visual_tools/lib:/home/jone/ws_moveit/install/moveit_task_constructor_visualization/lib:/home/jone/ws_moveit/install/moveit_task_constructor_demo/lib:/home/jone/ws_moveit/install/moveit_task_constructor_capabilities/lib:/home/jone/ws_moveit/install/moveit_task_constructor_core/lib:/home/jone/ws_moveit/install/moveit_ros_control_interface/lib:/home/jone/ws_moveit/install/moveit_setup_assistant/lib:/home/jone/ws_moveit/install/moveit_setup_srdf_plugins/lib:/home/jone/ws_moveit/install/moveit_setup_core_plugins/lib:/home/jone/ws_moveit/install/moveit_setup_controllers/lib:/home/jone/ws_moveit/install/moveit_setup_app_plugins/lib:/home/jone/ws_moveit/install/moveit_setup_framework/lib:/home/jone/ws_moveit/install/moveit_servo/lib:/home/jone/ws_moveit/install/moveit_ros_visualization/lib:/home/jone/ws_moveit/install/moveit_hybrid_planning/lib:/home/jone/ws_moveit/install/moveit_ros_planning_interface/lib:/home/jone/ws_moveit/install/moveit_ros_benchmarks/lib:/home/jone/ws_moveit/install/moveit_ros_warehouse/lib:/home/jone/ws_moveit/install/moveit_ros_robot_interaction/lib:/home/jone/ws_moveit/install/moveit_ros_perception/lib:/home/jone/ws_moveit/install/moveit_ros_move_group/lib:/home/jone/ws_moveit/install/moveit_planners_ompl/lib:/home/jone/ws_moveit/install/moveit_ros_planning/lib:/home/jone/ws_moveit/install/moveit_ros_occupancy_map_monitor/lib:/home/jone/ws_moveit/install/moveit_resources_prbt_ikfast_manipulator_plugin/lib:/home/jone/ws_moveit/install/moveit_planners_chomp/lib:/home/jone/ws_moveit/install/moveit_kinematics/lib:/home/jone/ws_moveit/install/moveit_chomp_optimizer_adapter/lib:/home/jone/ws_moveit/install/chomp_motion_planner/lib:/home/jone/ws_moveit/install/rviz_marker_tools/lib:/home/jone/ws_moveit/install/rosparam_shortcuts/lib:/home/jone/ws_moveit/install/moveit_task_constructor_msgs/lib:/opt/ros/humble/opt/rviz_ogre_vendor/lib:/opt/ros/humble/lib/x86_64-linux-gnu:/opt/ros/humble/lib:/usr/lib/x86_64-linux-gnu/gazebo-11/plugins:/usr/lib/x86_64-linux-gnu/gazebo-11/plugins:/usr/lib/x86_64-linux-gnu/gazebo-11/plugins /usr/bin/cmake --install /home/jone/ws_moveit/build/moveit_plugins
[6.439s] Level 1:colcon.colcon_core.environment:create_environment_scripts_only(moveit_plugins)
[6.440s] Level 1:colcon.colcon_core.environment:checking '/home/jone/ws_moveit/install/moveit_plugins' for CMake module files
[6.440s] DEBUG:colcon.colcon_core.event_handler.log_command:Invoked command in '/home/jone/ws_moveit/build/moveit_plugins' returned '0': CMAKE_PREFIX_PATH=/home/jone/ws_moveit/install/moveit_simple_controller_manager:/home/jone/ws_moveit/install/moveit_core:/home/jone/ws_moveit/install/moveit_resources_panda_moveit_config:/home/jone/ws_moveit/install/srdfdom:/home/jone/ws_moveit/install/moveit_resources_pr2_description:/home/jone/ws_moveit/install/moveit_resources_panda_description:/home/jone/ws_moveit/install/moveit_common:/home/jone/ws_moveit/install/pilz_industrial_motion_planner_testutils:/home/jone/ws_moveit/install/moveit_runtime:/home/jone/ws_moveit/install/moveit2_tutorials:/home/jone/ws_moveit/install/moveit:/home/jone/ws_moveit/install/moveit_planners:/home/jone/ws_moveit/install/pilz_industrial_motion_planner:/home/jone/ws_moveit/install/moveit_visual_tools:/home/jone/ws_moveit/install/moveit_task_constructor_visualization:/home/jone/ws_moveit/install/moveit_task_constructor_demo:/home/jone/ws_moveit/install/moveit_task_constructor_capabilities:/home/jone/ws_moveit/install/moveit_task_constructor_core:/home/jone/ws_moveit/install/moveit_ros_control_interface:/home/jone/ws_moveit/install/moveit_plugins:/home/jone/ws_moveit/install/moveit_setup_assistant:/home/jone/ws_moveit/install/moveit_setup_srdf_plugins:/home/jone/ws_moveit/install/moveit_setup_core_plugins:/home/jone/ws_moveit/install/moveit_setup_controllers:/home/jone/ws_moveit/install/moveit_setup_app_plugins:/home/jone/ws_moveit/install/moveit_setup_framework:/home/jone/ws_moveit/install/moveit_servo:/home/jone/ws_moveit/install/moveit_ros:/home/jone/ws_moveit/install/moveit_ros_visualization:/home/jone/ws_moveit/install/moveit_hybrid_planning:/home/jone/ws_moveit/install/moveit_ros_planning_interface:/home/jone/ws_moveit/install/moveit_ros_benchmarks:/home/jone/ws_moveit/install/moveit_ros_warehouse:/home/jone/ws_moveit/install/moveit_ros_robot_interaction:/home/jone/ws_moveit/install/moveit_ros_perception:/home/jone/ws_moveit/install/moveit_resources_prbt_pg70_support:/home/jone/ws_moveit/install/moveit_resources_prbt_moveit_config:/home/jone/ws_moveit/install/moveit_ros_move_group:/home/jone/ws_moveit/install/moveit_planners_ompl:/home/jone/ws_moveit/install/moveit_ros_planning:/home/jone/ws_moveit/install/moveit_ros_occupancy_map_monitor:/home/jone/ws_moveit/install/moveit_resources_prbt_ikfast_manipulator_plugin:/home/jone/ws_moveit/install/moveit_planners_chomp:/home/jone/ws_moveit/install/moveit_kinematics:/home/jone/ws_moveit/install/moveit_chomp_optimizer_adapter:/home/jone/ws_moveit/install/chomp_motion_planner:/home/jone/ws_moveit/install/rviz_marker_tools:/home/jone/ws_moveit/install/rosparam_shortcuts:/home/jone/ws_moveit/install/moveit_task_constructor_msgs:/home/jone/ws_moveit/install/moveit_resources_prbt_support:/home/jone/ws_moveit/install/moveit_resources:/home/jone/ws_moveit/install/moveit_resources_fanuc_moveit_config:/home/jone/ws_moveit/install/moveit_resources_fanuc_description:/home/jone/ws_moveit/install/moveit_configs_utils:/home/jone/ws_moveit/install/launch_param_builder:/opt/ros/humble LD_LIBRARY_PATH=/home/jone/ws_moveit/install/moveit_simple_controller_manager/lib:/home/jone/ws_moveit/install/moveit_core/lib:/home/jone/ws_moveit/install/srdfdom/lib:/home/jone/ws_moveit/install/pilz_industrial_motion_planner_testutils/lib:/home/jone/ws_moveit/install/pilz_industrial_motion_planner/lib:/home/jone/ws_moveit/install/moveit_visual_tools/lib:/home/jone/ws_moveit/install/moveit_task_constructor_visualization/lib:/home/jone/ws_moveit/install/moveit_task_constructor_demo/lib:/home/jone/ws_moveit/install/moveit_task_constructor_capabilities/lib:/home/jone/ws_moveit/install/moveit_task_constructor_core/lib:/home/jone/ws_moveit/install/moveit_ros_control_interface/lib:/home/jone/ws_moveit/install/moveit_setup_assistant/lib:/home/jone/ws_moveit/install/moveit_setup_srdf_plugins/lib:/home/jone/ws_moveit/install/moveit_setup_core_plugins/lib:/home/jone/ws_moveit/install/moveit_setup_controllers/lib:/home/jone/ws_moveit/install/moveit_setup_app_plugins/lib:/home/jone/ws_moveit/install/moveit_setup_framework/lib:/home/jone/ws_moveit/install/moveit_servo/lib:/home/jone/ws_moveit/install/moveit_ros_visualization/lib:/home/jone/ws_moveit/install/moveit_hybrid_planning/lib:/home/jone/ws_moveit/install/moveit_ros_planning_interface/lib:/home/jone/ws_moveit/install/moveit_ros_benchmarks/lib:/home/jone/ws_moveit/install/moveit_ros_warehouse/lib:/home/jone/ws_moveit/install/moveit_ros_robot_interaction/lib:/home/jone/ws_moveit/install/moveit_ros_perception/lib:/home/jone/ws_moveit/install/moveit_ros_move_group/lib:/home/jone/ws_moveit/install/moveit_planners_ompl/lib:/home/jone/ws_moveit/install/moveit_ros_planning/lib:/home/jone/ws_moveit/install/moveit_ros_occupancy_map_monitor/lib:/home/jone/ws_moveit/install/moveit_resources_prbt_ikfast_manipulator_plugin/lib:/home/jone/ws_moveit/install/moveit_planners_chomp/lib:/home/jone/ws_moveit/install/moveit_kinematics/lib:/home/jone/ws_moveit/install/moveit_chomp_optimizer_adapter/lib:/home/jone/ws_moveit/install/chomp_motion_planner/lib:/home/jone/ws_moveit/install/rviz_marker_tools/lib:/home/jone/ws_moveit/install/rosparam_shortcuts/lib:/home/jone/ws_moveit/install/moveit_task_constructor_msgs/lib:/opt/ros/humble/opt/rviz_ogre_vendor/lib:/opt/ros/humble/lib/x86_64-linux-gnu:/opt/ros/humble/lib:/usr/lib/x86_64-linux-gnu/gazebo-11/plugins:/usr/lib/x86_64-linux-gnu/gazebo-11/plugins:/usr/lib/x86_64-linux-gnu/gazebo-11/plugins /usr/bin/cmake --install /home/jone/ws_moveit/build/moveit_plugins
[6.440s] Level 1:colcon.colcon_core.environment:checking '/home/jone/ws_moveit/install/moveit_plugins' for CMake config files
[6.441s] Level 1:colcon.colcon_core.shell:create_environment_hook('moveit_plugins', 'cmake_prefix_path')
[6.441s] INFO:colcon.colcon_core.shell:Creating environment hook '/home/jone/ws_moveit/install/moveit_plugins/share/moveit_plugins/hook/cmake_prefix_path.ps1'
[6.441s] INFO:colcon.colcon_core.shell:Creating environment descriptor '/home/jone/ws_moveit/install/moveit_plugins/share/moveit_plugins/hook/cmake_prefix_path.dsv'
[6.441s] INFO:colcon.colcon_core.shell:Creating environment hook '/home/jone/ws_moveit/install/moveit_plugins/share/moveit_plugins/hook/cmake_prefix_path.sh'
[6.442s] Level 1:colcon.colcon_core.environment:checking '/home/jone/ws_moveit/install/moveit_plugins/bin'
[6.442s] Level 1:colcon.colcon_core.environment:checking '/home/jone/ws_moveit/install/moveit_plugins/lib/pkgconfig/moveit_plugins.pc'
[6.442s] Level 1:colcon.colcon_core.environment:checking '/home/jone/ws_moveit/install/moveit_plugins/lib/python3.10/site-packages'
[6.442s] Level 1:colcon.colcon_core.environment:checking '/home/jone/ws_moveit/install/moveit_plugins/bin'
[6.443s] INFO:colcon.colcon_core.shell:Creating package script '/home/jone/ws_moveit/install/moveit_plugins/share/moveit_plugins/package.ps1'
[6.443s] INFO:colcon.colcon_core.shell:Creating package descriptor '/home/jone/ws_moveit/install/moveit_plugins/share/moveit_plugins/package.dsv'
[6.443s] INFO:colcon.colcon_core.shell:Creating package script '/home/jone/ws_moveit/install/moveit_plugins/share/moveit_plugins/package.sh'
[6.444s] INFO:colcon.colcon_core.shell:Creating package script '/home/jone/ws_moveit/install/moveit_plugins/share/moveit_plugins/package.bash'
[6.444s] INFO:colcon.colcon_core.shell:Creating package script '/home/jone/ws_moveit/install/moveit_plugins/share/moveit_plugins/package.zsh'
[6.444s] Level 1:colcon.colcon_core.environment:create_file_with_runtime_dependencies(/home/jone/ws_moveit/install/moveit_plugins/share/colcon-core/packages/moveit_plugins)
[6.444s] Level 1:colcon.colcon_core.environment:create_environment_scripts_only(moveit_plugins)
[6.445s] Level 1:colcon.colcon_core.environment:checking '/home/jone/ws_moveit/install/moveit_plugins' for CMake module files
[6.445s] Level 1:colcon.colcon_core.environment:checking '/home/jone/ws_moveit/install/moveit_plugins' for CMake config files
[6.445s] Level 1:colcon.colcon_core.shell:create_environment_hook('moveit_plugins', 'cmake_prefix_path')
[6.445s] INFO:colcon.colcon_core.shell:Creating environment hook '/home/jone/ws_moveit/install/moveit_plugins/share/moveit_plugins/hook/cmake_prefix_path.ps1'
[6.445s] INFO:colcon.colcon_core.shell:Creating environment descriptor '/home/jone/ws_moveit/install/moveit_plugins/share/moveit_plugins/hook/cmake_prefix_path.dsv'
[6.446s] INFO:colcon.colcon_core.shell:Creating environment hook '/home/jone/ws_moveit/install/moveit_plugins/share/moveit_plugins/hook/cmake_prefix_path.sh'
[6.446s] Level 1:colcon.colcon_core.environment:checking '/home/jone/ws_moveit/install/moveit_plugins/bin'
[6.446s] Level 1:colcon.colcon_core.environment:checking '/home/jone/ws_moveit/install/moveit_plugins/lib/pkgconfig/moveit_plugins.pc'
[6.446s] Level 1:colcon.colcon_core.environment:checking '/home/jone/ws_moveit/install/moveit_plugins/lib/python3.10/site-packages'
[6.446s] Level 1:colcon.colcon_core.environment:checking '/home/jone/ws_moveit/install/moveit_plugins/bin'
[6.447s] INFO:colcon.colcon_core.shell:Creating package script '/home/jone/ws_moveit/install/moveit_plugins/share/moveit_plugins/package.ps1'
[6.447s] INFO:colcon.colcon_core.shell:Creating package descriptor '/home/jone/ws_moveit/install/moveit_plugins/share/moveit_plugins/package.dsv'
[6.447s] INFO:colcon.colcon_core.shell:Creating package script '/home/jone/ws_moveit/install/moveit_plugins/share/moveit_plugins/package.sh'
[6.448s] INFO:colcon.colcon_core.shell:Creating package script '/home/jone/ws_moveit/install/moveit_plugins/share/moveit_plugins/package.bash'
[6.448s] INFO:colcon.colcon_core.shell:Creating package script '/home/jone/ws_moveit/install/moveit_plugins/share/moveit_plugins/package.zsh'
[6.448s] Level 1:colcon.colcon_core.environment:create_file_with_runtime_dependencies(/home/jone/ws_moveit/install/moveit_plugins/share/colcon-core/packages/moveit_plugins)
[6.448s] DEBUG:colcon.colcon_core.executor.sequential:run_until_complete 'moveit_plugins' finished with '0'
[6.448s] DEBUG:colcon.colcon_core.executor.sequential:run_until_complete 'moveit_ros_control_interface'
[6.449s] INFO:colcon.colcon_ros.task.ament_cmake.build:Building ROS package in '/home/jone/ws_moveit/src/moveit2/moveit_plugins/moveit_ros_control_interface' with build type 'ament_cmake'
[6.449s] INFO:colcon.colcon_cmake.task.cmake.build:Building CMake package in '/home/jone/ws_moveit/src/moveit2/moveit_plugins/moveit_ros_control_interface'
[6.449s] INFO:colcon.colcon_core.shell:Skip shell extension 'powershell' for command environment: Not usable outside of PowerShell
[6.449s] DEBUG:colcon.colcon_core.shell:Skip shell extension 'dsv' for command environment
[6.475s] DEBUG:colcon.colcon_core.event_handler.log_command:Invoking command in '/home/jone/ws_moveit/build/moveit_ros_control_interface': CMAKE_PREFIX_PATH=/home/jone/ws_moveit/install/moveit_simple_controller_manager:/home/jone/ws_moveit/install/moveit_core:/home/jone/ws_moveit/install/moveit_resources_panda_moveit_config:/home/jone/ws_moveit/install/srdfdom:/home/jone/ws_moveit/install/moveit_resources_pr2_description:/home/jone/ws_moveit/install/moveit_resources_panda_description:/home/jone/ws_moveit/install/moveit_common:/home/jone/ws_moveit/install/pilz_industrial_motion_planner_testutils:/home/jone/ws_moveit/install/moveit_runtime:/home/jone/ws_moveit/install/moveit2_tutorials:/home/jone/ws_moveit/install/moveit:/home/jone/ws_moveit/install/moveit_planners:/home/jone/ws_moveit/install/pilz_industrial_motion_planner:/home/jone/ws_moveit/install/moveit_visual_tools:/home/jone/ws_moveit/install/moveit_task_constructor_visualization:/home/jone/ws_moveit/install/moveit_task_constructor_demo:/home/jone/ws_moveit/install/moveit_task_constructor_capabilities:/home/jone/ws_moveit/install/moveit_task_constructor_core:/home/jone/ws_moveit/install/moveit_ros_control_interface:/home/jone/ws_moveit/install/moveit_plugins:/home/jone/ws_moveit/install/moveit_setup_assistant:/home/jone/ws_moveit/install/moveit_setup_srdf_plugins:/home/jone/ws_moveit/install/moveit_setup_core_plugins:/home/jone/ws_moveit/install/moveit_setup_controllers:/home/jone/ws_moveit/install/moveit_setup_app_plugins:/home/jone/ws_moveit/install/moveit_setup_framework:/home/jone/ws_moveit/install/moveit_servo:/home/jone/ws_moveit/install/moveit_ros:/home/jone/ws_moveit/install/moveit_ros_visualization:/home/jone/ws_moveit/install/moveit_hybrid_planning:/home/jone/ws_moveit/install/moveit_ros_planning_interface:/home/jone/ws_moveit/install/moveit_ros_benchmarks:/home/jone/ws_moveit/install/moveit_ros_warehouse:/home/jone/ws_moveit/install/moveit_ros_robot_interaction:/home/jone/ws_moveit/install/moveit_ros_perception:/home/jone/ws_moveit/install/moveit_resources_prbt_pg70_support:/home/jone/ws_moveit/install/moveit_resources_prbt_moveit_config:/home/jone/ws_moveit/install/moveit_ros_move_group:/home/jone/ws_moveit/install/moveit_planners_ompl:/home/jone/ws_moveit/install/moveit_ros_planning:/home/jone/ws_moveit/install/moveit_ros_occupancy_map_monitor:/home/jone/ws_moveit/install/moveit_resources_prbt_ikfast_manipulator_plugin:/home/jone/ws_moveit/install/moveit_planners_chomp:/home/jone/ws_moveit/install/moveit_kinematics:/home/jone/ws_moveit/install/moveit_chomp_optimizer_adapter:/home/jone/ws_moveit/install/chomp_motion_planner:/home/jone/ws_moveit/install/rviz_marker_tools:/home/jone/ws_moveit/install/rosparam_shortcuts:/home/jone/ws_moveit/install/moveit_task_constructor_msgs:/home/jone/ws_moveit/install/moveit_resources_prbt_support:/home/jone/ws_moveit/install/moveit_resources:/home/jone/ws_moveit/install/moveit_resources_fanuc_moveit_config:/home/jone/ws_moveit/install/moveit_resources_fanuc_description:/home/jone/ws_moveit/install/moveit_configs_utils:/home/jone/ws_moveit/install/launch_param_builder:/opt/ros/humble LD_LIBRARY_PATH=/home/jone/ws_moveit/install/moveit_simple_controller_manager/lib:/home/jone/ws_moveit/install/moveit_core/lib:/home/jone/ws_moveit/install/srdfdom/lib:/home/jone/ws_moveit/install/pilz_industrial_motion_planner_testutils/lib:/home/jone/ws_moveit/install/pilz_industrial_motion_planner/lib:/home/jone/ws_moveit/install/moveit_visual_tools/lib:/home/jone/ws_moveit/install/moveit_task_constructor_visualization/lib:/home/jone/ws_moveit/install/moveit_task_constructor_demo/lib:/home/jone/ws_moveit/install/moveit_task_constructor_capabilities/lib:/home/jone/ws_moveit/install/moveit_task_constructor_core/lib:/home/jone/ws_moveit/install/moveit_ros_control_interface/lib:/home/jone/ws_moveit/install/moveit_setup_assistant/lib:/home/jone/ws_moveit/install/moveit_setup_srdf_plugins/lib:/home/jone/ws_moveit/install/moveit_setup_core_plugins/lib:/home/jone/ws_moveit/install/moveit_setup_controllers/lib:/home/jone/ws_moveit/install/moveit_setup_app_plugins/lib:/home/jone/ws_moveit/install/moveit_setup_framework/lib:/home/jone/ws_moveit/install/moveit_servo/lib:/home/jone/ws_moveit/install/moveit_ros_visualization/lib:/home/jone/ws_moveit/install/moveit_hybrid_planning/lib:/home/jone/ws_moveit/install/moveit_ros_planning_interface/lib:/home/jone/ws_moveit/install/moveit_ros_benchmarks/lib:/home/jone/ws_moveit/install/moveit_ros_warehouse/lib:/home/jone/ws_moveit/install/moveit_ros_robot_interaction/lib:/home/jone/ws_moveit/install/moveit_ros_perception/lib:/home/jone/ws_moveit/install/moveit_ros_move_group/lib:/home/jone/ws_moveit/install/moveit_planners_ompl/lib:/home/jone/ws_moveit/install/moveit_ros_planning/lib:/home/jone/ws_moveit/install/moveit_ros_occupancy_map_monitor/lib:/home/jone/ws_moveit/install/moveit_resources_prbt_ikfast_manipulator_plugin/lib:/home/jone/ws_moveit/install/moveit_planners_chomp/lib:/home/jone/ws_moveit/install/moveit_kinematics/lib:/home/jone/ws_moveit/install/moveit_chomp_optimizer_adapter/lib:/home/jone/ws_moveit/install/chomp_motion_planner/lib:/home/jone/ws_moveit/install/rviz_marker_tools/lib:/home/jone/ws_moveit/install/rosparam_shortcuts/lib:/home/jone/ws_moveit/install/moveit_task_constructor_msgs/lib:/opt/ros/humble/opt/rviz_ogre_vendor/lib:/opt/ros/humble/lib/x86_64-linux-gnu:/opt/ros/humble/lib:/usr/lib/x86_64-linux-gnu/gazebo-11/plugins:/usr/lib/x86_64-linux-gnu/gazebo-11/plugins:/usr/lib/x86_64-linux-gnu/gazebo-11/plugins /usr/bin/cmake --build /home/jone/ws_moveit/build/moveit_ros_control_interface -- -j16 -l16
[6.631s] DEBUG:colcon.colcon_core.event_handler.log_command:Invoked command in '/home/jone/ws_moveit/build/moveit_ros_control_interface' returned '0': CMAKE_PREFIX_PATH=/home/jone/ws_moveit/install/moveit_simple_controller_manager:/home/jone/ws_moveit/install/moveit_core:/home/jone/ws_moveit/install/moveit_resources_panda_moveit_config:/home/jone/ws_moveit/install/srdfdom:/home/jone/ws_moveit/install/moveit_resources_pr2_description:/home/jone/ws_moveit/install/moveit_resources_panda_description:/home/jone/ws_moveit/install/moveit_common:/home/jone/ws_moveit/install/pilz_industrial_motion_planner_testutils:/home/jone/ws_moveit/install/moveit_runtime:/home/jone/ws_moveit/install/moveit2_tutorials:/home/jone/ws_moveit/install/moveit:/home/jone/ws_moveit/install/moveit_planners:/home/jone/ws_moveit/install/pilz_industrial_motion_planner:/home/jone/ws_moveit/install/moveit_visual_tools:/home/jone/ws_moveit/install/moveit_task_constructor_visualization:/home/jone/ws_moveit/install/moveit_task_constructor_demo:/home/jone/ws_moveit/install/moveit_task_constructor_capabilities:/home/jone/ws_moveit/install/moveit_task_constructor_core:/home/jone/ws_moveit/install/moveit_ros_control_interface:/home/jone/ws_moveit/install/moveit_plugins:/home/jone/ws_moveit/install/moveit_setup_assistant:/home/jone/ws_moveit/install/moveit_setup_srdf_plugins:/home/jone/ws_moveit/install/moveit_setup_core_plugins:/home/jone/ws_moveit/install/moveit_setup_controllers:/home/jone/ws_moveit/install/moveit_setup_app_plugins:/home/jone/ws_moveit/install/moveit_setup_framework:/home/jone/ws_moveit/install/moveit_servo:/home/jone/ws_moveit/install/moveit_ros:/home/jone/ws_moveit/install/moveit_ros_visualization:/home/jone/ws_moveit/install/moveit_hybrid_planning:/home/jone/ws_moveit/install/moveit_ros_planning_interface:/home/jone/ws_moveit/install/moveit_ros_benchmarks:/home/jone/ws_moveit/install/moveit_ros_warehouse:/home/jone/ws_moveit/install/moveit_ros_robot_interaction:/home/jone/ws_moveit/install/moveit_ros_perception:/home/jone/ws_moveit/install/moveit_resources_prbt_pg70_support:/home/jone/ws_moveit/install/moveit_resources_prbt_moveit_config:/home/jone/ws_moveit/install/moveit_ros_move_group:/home/jone/ws_moveit/install/moveit_planners_ompl:/home/jone/ws_moveit/install/moveit_ros_planning:/home/jone/ws_moveit/install/moveit_ros_occupancy_map_monitor:/home/jone/ws_moveit/install/moveit_resources_prbt_ikfast_manipulator_plugin:/home/jone/ws_moveit/install/moveit_planners_chomp:/home/jone/ws_moveit/install/moveit_kinematics:/home/jone/ws_moveit/install/moveit_chomp_optimizer_adapter:/home/jone/ws_moveit/install/chomp_motion_planner:/home/jone/ws_moveit/install/rviz_marker_tools:/home/jone/ws_moveit/install/rosparam_shortcuts:/home/jone/ws_moveit/install/moveit_task_constructor_msgs:/home/jone/ws_moveit/install/moveit_resources_prbt_support:/home/jone/ws_moveit/install/moveit_resources:/home/jone/ws_moveit/install/moveit_resources_fanuc_moveit_config:/home/jone/ws_moveit/install/moveit_resources_fanuc_description:/home/jone/ws_moveit/install/moveit_configs_utils:/home/jone/ws_moveit/install/launch_param_builder:/opt/ros/humble LD_LIBRARY_PATH=/home/jone/ws_moveit/install/moveit_simple_controller_manager/lib:/home/jone/ws_moveit/install/moveit_core/lib:/home/jone/ws_moveit/install/srdfdom/lib:/home/jone/ws_moveit/install/pilz_industrial_motion_planner_testutils/lib:/home/jone/ws_moveit/install/pilz_industrial_motion_planner/lib:/home/jone/ws_moveit/install/moveit_visual_tools/lib:/home/jone/ws_moveit/install/moveit_task_constructor_visualization/lib:/home/jone/ws_moveit/install/moveit_task_constructor_demo/lib:/home/jone/ws_moveit/install/moveit_task_constructor_capabilities/lib:/home/jone/ws_moveit/install/moveit_task_constructor_core/lib:/home/jone/ws_moveit/install/moveit_ros_control_interface/lib:/home/jone/ws_moveit/install/moveit_setup_assistant/lib:/home/jone/ws_moveit/install/moveit_setup_srdf_plugins/lib:/home/jone/ws_moveit/install/moveit_setup_core_plugins/lib:/home/jone/ws_moveit/install/moveit_setup_controllers/lib:/home/jone/ws_moveit/install/moveit_setup_app_plugins/lib:/home/jone/ws_moveit/install/moveit_setup_framework/lib:/home/jone/ws_moveit/install/moveit_servo/lib:/home/jone/ws_moveit/install/moveit_ros_visualization/lib:/home/jone/ws_moveit/install/moveit_hybrid_planning/lib:/home/jone/ws_moveit/install/moveit_ros_planning_interface/lib:/home/jone/ws_moveit/install/moveit_ros_benchmarks/lib:/home/jone/ws_moveit/install/moveit_ros_warehouse/lib:/home/jone/ws_moveit/install/moveit_ros_robot_interaction/lib:/home/jone/ws_moveit/install/moveit_ros_perception/lib:/home/jone/ws_moveit/install/moveit_ros_move_group/lib:/home/jone/ws_moveit/install/moveit_planners_ompl/lib:/home/jone/ws_moveit/install/moveit_ros_planning/lib:/home/jone/ws_moveit/install/moveit_ros_occupancy_map_monitor/lib:/home/jone/ws_moveit/install/moveit_resources_prbt_ikfast_manipulator_plugin/lib:/home/jone/ws_moveit/install/moveit_planners_chomp/lib:/home/jone/ws_moveit/install/moveit_kinematics/lib:/home/jone/ws_moveit/install/moveit_chomp_optimizer_adapter/lib:/home/jone/ws_moveit/install/chomp_motion_planner/lib:/home/jone/ws_moveit/install/rviz_marker_tools/lib:/home/jone/ws_moveit/install/rosparam_shortcuts/lib:/home/jone/ws_moveit/install/moveit_task_constructor_msgs/lib:/opt/ros/humble/opt/rviz_ogre_vendor/lib:/opt/ros/humble/lib/x86_64-linux-gnu:/opt/ros/humble/lib:/usr/lib/x86_64-linux-gnu/gazebo-11/plugins:/usr/lib/x86_64-linux-gnu/gazebo-11/plugins:/usr/lib/x86_64-linux-gnu/gazebo-11/plugins /usr/bin/cmake --build /home/jone/ws_moveit/build/moveit_ros_control_interface -- -j16 -l16
[6.633s] DEBUG:colcon.colcon_core.event_handler.log_command:Invoking command in '/home/jone/ws_moveit/build/moveit_ros_control_interface': CMAKE_PREFIX_PATH=/home/jone/ws_moveit/install/moveit_simple_controller_manager:/home/jone/ws_moveit/install/moveit_core:/home/jone/ws_moveit/install/moveit_resources_panda_moveit_config:/home/jone/ws_moveit/install/srdfdom:/home/jone/ws_moveit/install/moveit_resources_pr2_description:/home/jone/ws_moveit/install/moveit_resources_panda_description:/home/jone/ws_moveit/install/moveit_common:/home/jone/ws_moveit/install/pilz_industrial_motion_planner_testutils:/home/jone/ws_moveit/install/moveit_runtime:/home/jone/ws_moveit/install/moveit2_tutorials:/home/jone/ws_moveit/install/moveit:/home/jone/ws_moveit/install/moveit_planners:/home/jone/ws_moveit/install/pilz_industrial_motion_planner:/home/jone/ws_moveit/install/moveit_visual_tools:/home/jone/ws_moveit/install/moveit_task_constructor_visualization:/home/jone/ws_moveit/install/moveit_task_constructor_demo:/home/jone/ws_moveit/install/moveit_task_constructor_capabilities:/home/jone/ws_moveit/install/moveit_task_constructor_core:/home/jone/ws_moveit/install/moveit_ros_control_interface:/home/jone/ws_moveit/install/moveit_plugins:/home/jone/ws_moveit/install/moveit_setup_assistant:/home/jone/ws_moveit/install/moveit_setup_srdf_plugins:/home/jone/ws_moveit/install/moveit_setup_core_plugins:/home/jone/ws_moveit/install/moveit_setup_controllers:/home/jone/ws_moveit/install/moveit_setup_app_plugins:/home/jone/ws_moveit/install/moveit_setup_framework:/home/jone/ws_moveit/install/moveit_servo:/home/jone/ws_moveit/install/moveit_ros:/home/jone/ws_moveit/install/moveit_ros_visualization:/home/jone/ws_moveit/install/moveit_hybrid_planning:/home/jone/ws_moveit/install/moveit_ros_planning_interface:/home/jone/ws_moveit/install/moveit_ros_benchmarks:/home/jone/ws_moveit/install/moveit_ros_warehouse:/home/jone/ws_moveit/install/moveit_ros_robot_interaction:/home/jone/ws_moveit/install/moveit_ros_perception:/home/jone/ws_moveit/install/moveit_resources_prbt_pg70_support:/home/jone/ws_moveit/install/moveit_resources_prbt_moveit_config:/home/jone/ws_moveit/install/moveit_ros_move_group:/home/jone/ws_moveit/install/moveit_planners_ompl:/home/jone/ws_moveit/install/moveit_ros_planning:/home/jone/ws_moveit/install/moveit_ros_occupancy_map_monitor:/home/jone/ws_moveit/install/moveit_resources_prbt_ikfast_manipulator_plugin:/home/jone/ws_moveit/install/moveit_planners_chomp:/home/jone/ws_moveit/install/moveit_kinematics:/home/jone/ws_moveit/install/moveit_chomp_optimizer_adapter:/home/jone/ws_moveit/install/chomp_motion_planner:/home/jone/ws_moveit/install/rviz_marker_tools:/home/jone/ws_moveit/install/rosparam_shortcuts:/home/jone/ws_moveit/install/moveit_task_constructor_msgs:/home/jone/ws_moveit/install/moveit_resources_prbt_support:/home/jone/ws_moveit/install/moveit_resources:/home/jone/ws_moveit/install/moveit_resources_fanuc_moveit_config:/home/jone/ws_moveit/install/moveit_resources_fanuc_description:/home/jone/ws_moveit/install/moveit_configs_utils:/home/jone/ws_moveit/install/launch_param_builder:/opt/ros/humble LD_LIBRARY_PATH=/home/jone/ws_moveit/install/moveit_simple_controller_manager/lib:/home/jone/ws_moveit/install/moveit_core/lib:/home/jone/ws_moveit/install/srdfdom/lib:/home/jone/ws_moveit/install/pilz_industrial_motion_planner_testutils/lib:/home/jone/ws_moveit/install/pilz_industrial_motion_planner/lib:/home/jone/ws_moveit/install/moveit_visual_tools/lib:/home/jone/ws_moveit/install/moveit_task_constructor_visualization/lib:/home/jone/ws_moveit/install/moveit_task_constructor_demo/lib:/home/jone/ws_moveit/install/moveit_task_constructor_capabilities/lib:/home/jone/ws_moveit/install/moveit_task_constructor_core/lib:/home/jone/ws_moveit/install/moveit_ros_control_interface/lib:/home/jone/ws_moveit/install/moveit_setup_assistant/lib:/home/jone/ws_moveit/install/moveit_setup_srdf_plugins/lib:/home/jone/ws_moveit/install/moveit_setup_core_plugins/lib:/home/jone/ws_moveit/install/moveit_setup_controllers/lib:/home/jone/ws_moveit/install/moveit_setup_app_plugins/lib:/home/jone/ws_moveit/install/moveit_setup_framework/lib:/home/jone/ws_moveit/install/moveit_servo/lib:/home/jone/ws_moveit/install/moveit_ros_visualization/lib:/home/jone/ws_moveit/install/moveit_hybrid_planning/lib:/home/jone/ws_moveit/install/moveit_ros_planning_interface/lib:/home/jone/ws_moveit/install/moveit_ros_benchmarks/lib:/home/jone/ws_moveit/install/moveit_ros_warehouse/lib:/home/jone/ws_moveit/install/moveit_ros_robot_interaction/lib:/home/jone/ws_moveit/install/moveit_ros_perception/lib:/home/jone/ws_moveit/install/moveit_ros_move_group/lib:/home/jone/ws_moveit/install/moveit_planners_ompl/lib:/home/jone/ws_moveit/install/moveit_ros_planning/lib:/home/jone/ws_moveit/install/moveit_ros_occupancy_map_monitor/lib:/home/jone/ws_moveit/install/moveit_resources_prbt_ikfast_manipulator_plugin/lib:/home/jone/ws_moveit/install/moveit_planners_chomp/lib:/home/jone/ws_moveit/install/moveit_kinematics/lib:/home/jone/ws_moveit/install/moveit_chomp_optimizer_adapter/lib:/home/jone/ws_moveit/install/chomp_motion_planner/lib:/home/jone/ws_moveit/install/rviz_marker_tools/lib:/home/jone/ws_moveit/install/rosparam_shortcuts/lib:/home/jone/ws_moveit/install/moveit_task_constructor_msgs/lib:/opt/ros/humble/opt/rviz_ogre_vendor/lib:/opt/ros/humble/lib/x86_64-linux-gnu:/opt/ros/humble/lib:/usr/lib/x86_64-linux-gnu/gazebo-11/plugins:/usr/lib/x86_64-linux-gnu/gazebo-11/plugins:/usr/lib/x86_64-linux-gnu/gazebo-11/plugins /usr/bin/cmake --install /home/jone/ws_moveit/build/moveit_ros_control_interface
[6.653s] Level 1:colcon.colcon_core.environment:create_environment_scripts_only(moveit_ros_control_interface)
[6.654s] Level 1:colcon.colcon_core.environment:checking '/home/jone/ws_moveit/install/moveit_ros_control_interface' for CMake module files
[6.654s] DEBUG:colcon.colcon_core.event_handler.log_command:Invoked command in '/home/jone/ws_moveit/build/moveit_ros_control_interface' returned '0': CMAKE_PREFIX_PATH=/home/jone/ws_moveit/install/moveit_simple_controller_manager:/home/jone/ws_moveit/install/moveit_core:/home/jone/ws_moveit/install/moveit_resources_panda_moveit_config:/home/jone/ws_moveit/install/srdfdom:/home/jone/ws_moveit/install/moveit_resources_pr2_description:/home/jone/ws_moveit/install/moveit_resources_panda_description:/home/jone/ws_moveit/install/moveit_common:/home/jone/ws_moveit/install/pilz_industrial_motion_planner_testutils:/home/jone/ws_moveit/install/moveit_runtime:/home/jone/ws_moveit/install/moveit2_tutorials:/home/jone/ws_moveit/install/moveit:/home/jone/ws_moveit/install/moveit_planners:/home/jone/ws_moveit/install/pilz_industrial_motion_planner:/home/jone/ws_moveit/install/moveit_visual_tools:/home/jone/ws_moveit/install/moveit_task_constructor_visualization:/home/jone/ws_moveit/install/moveit_task_constructor_demo:/home/jone/ws_moveit/install/moveit_task_constructor_capabilities:/home/jone/ws_moveit/install/moveit_task_constructor_core:/home/jone/ws_moveit/install/moveit_ros_control_interface:/home/jone/ws_moveit/install/moveit_plugins:/home/jone/ws_moveit/install/moveit_setup_assistant:/home/jone/ws_moveit/install/moveit_setup_srdf_plugins:/home/jone/ws_moveit/install/moveit_setup_core_plugins:/home/jone/ws_moveit/install/moveit_setup_controllers:/home/jone/ws_moveit/install/moveit_setup_app_plugins:/home/jone/ws_moveit/install/moveit_setup_framework:/home/jone/ws_moveit/install/moveit_servo:/home/jone/ws_moveit/install/moveit_ros:/home/jone/ws_moveit/install/moveit_ros_visualization:/home/jone/ws_moveit/install/moveit_hybrid_planning:/home/jone/ws_moveit/install/moveit_ros_planning_interface:/home/jone/ws_moveit/install/moveit_ros_benchmarks:/home/jone/ws_moveit/install/moveit_ros_warehouse:/home/jone/ws_moveit/install/moveit_ros_robot_interaction:/home/jone/ws_moveit/install/moveit_ros_perception:/home/jone/ws_moveit/install/moveit_resources_prbt_pg70_support:/home/jone/ws_moveit/install/moveit_resources_prbt_moveit_config:/home/jone/ws_moveit/install/moveit_ros_move_group:/home/jone/ws_moveit/install/moveit_planners_ompl:/home/jone/ws_moveit/install/moveit_ros_planning:/home/jone/ws_moveit/install/moveit_ros_occupancy_map_monitor:/home/jone/ws_moveit/install/moveit_resources_prbt_ikfast_manipulator_plugin:/home/jone/ws_moveit/install/moveit_planners_chomp:/home/jone/ws_moveit/install/moveit_kinematics:/home/jone/ws_moveit/install/moveit_chomp_optimizer_adapter:/home/jone/ws_moveit/install/chomp_motion_planner:/home/jone/ws_moveit/install/rviz_marker_tools:/home/jone/ws_moveit/install/rosparam_shortcuts:/home/jone/ws_moveit/install/moveit_task_constructor_msgs:/home/jone/ws_moveit/install/moveit_resources_prbt_support:/home/jone/ws_moveit/install/moveit_resources:/home/jone/ws_moveit/install/moveit_resources_fanuc_moveit_config:/home/jone/ws_moveit/install/moveit_resources_fanuc_description:/home/jone/ws_moveit/install/moveit_configs_utils:/home/jone/ws_moveit/install/launch_param_builder:/opt/ros/humble LD_LIBRARY_PATH=/home/jone/ws_moveit/install/moveit_simple_controller_manager/lib:/home/jone/ws_moveit/install/moveit_core/lib:/home/jone/ws_moveit/install/srdfdom/lib:/home/jone/ws_moveit/install/pilz_industrial_motion_planner_testutils/lib:/home/jone/ws_moveit/install/pilz_industrial_motion_planner/lib:/home/jone/ws_moveit/install/moveit_visual_tools/lib:/home/jone/ws_moveit/install/moveit_task_constructor_visualization/lib:/home/jone/ws_moveit/install/moveit_task_constructor_demo/lib:/home/jone/ws_moveit/install/moveit_task_constructor_capabilities/lib:/home/jone/ws_moveit/install/moveit_task_constructor_core/lib:/home/jone/ws_moveit/install/moveit_ros_control_interface/lib:/home/jone/ws_moveit/install/moveit_setup_assistant/lib:/home/jone/ws_moveit/install/moveit_setup_srdf_plugins/lib:/home/jone/ws_moveit/install/moveit_setup_core_plugins/lib:/home/jone/ws_moveit/install/moveit_setup_controllers/lib:/home/jone/ws_moveit/install/moveit_setup_app_plugins/lib:/home/jone/ws_moveit/install/moveit_setup_framework/lib:/home/jone/ws_moveit/install/moveit_servo/lib:/home/jone/ws_moveit/install/moveit_ros_visualization/lib:/home/jone/ws_moveit/install/moveit_hybrid_planning/lib:/home/jone/ws_moveit/install/moveit_ros_planning_interface/lib:/home/jone/ws_moveit/install/moveit_ros_benchmarks/lib:/home/jone/ws_moveit/install/moveit_ros_warehouse/lib:/home/jone/ws_moveit/install/moveit_ros_robot_interaction/lib:/home/jone/ws_moveit/install/moveit_ros_perception/lib:/home/jone/ws_moveit/install/moveit_ros_move_group/lib:/home/jone/ws_moveit/install/moveit_planners_ompl/lib:/home/jone/ws_moveit/install/moveit_ros_planning/lib:/home/jone/ws_moveit/install/moveit_ros_occupancy_map_monitor/lib:/home/jone/ws_moveit/install/moveit_resources_prbt_ikfast_manipulator_plugin/lib:/home/jone/ws_moveit/install/moveit_planners_chomp/lib:/home/jone/ws_moveit/install/moveit_kinematics/lib:/home/jone/ws_moveit/install/moveit_chomp_optimizer_adapter/lib:/home/jone/ws_moveit/install/chomp_motion_planner/lib:/home/jone/ws_moveit/install/rviz_marker_tools/lib:/home/jone/ws_moveit/install/rosparam_shortcuts/lib:/home/jone/ws_moveit/install/moveit_task_constructor_msgs/lib:/opt/ros/humble/opt/rviz_ogre_vendor/lib:/opt/ros/humble/lib/x86_64-linux-gnu:/opt/ros/humble/lib:/usr/lib/x86_64-linux-gnu/gazebo-11/plugins:/usr/lib/x86_64-linux-gnu/gazebo-11/plugins:/usr/lib/x86_64-linux-gnu/gazebo-11/plugins /usr/bin/cmake --install /home/jone/ws_moveit/build/moveit_ros_control_interface
[6.654s] Level 1:colcon.colcon_core.environment:checking '/home/jone/ws_moveit/install/moveit_ros_control_interface' for CMake config files
[6.655s] Level 1:colcon.colcon_core.shell:create_environment_hook('moveit_ros_control_interface', 'cmake_prefix_path')
[6.655s] INFO:colcon.colcon_core.shell:Creating environment hook '/home/jone/ws_moveit/install/moveit_ros_control_interface/share/moveit_ros_control_interface/hook/cmake_prefix_path.ps1'
[6.655s] INFO:colcon.colcon_core.shell:Creating environment descriptor '/home/jone/ws_moveit/install/moveit_ros_control_interface/share/moveit_ros_control_interface/hook/cmake_prefix_path.dsv'
[6.655s] INFO:colcon.colcon_core.shell:Creating environment hook '/home/jone/ws_moveit/install/moveit_ros_control_interface/share/moveit_ros_control_interface/hook/cmake_prefix_path.sh'
[6.656s] Level 1:colcon.colcon_core.environment:checking '/home/jone/ws_moveit/install/moveit_ros_control_interface/lib'
[6.656s] Level 1:colcon.colcon_core.shell:create_environment_hook('moveit_ros_control_interface', 'ld_library_path_lib')
[6.656s] INFO:colcon.colcon_core.shell:Creating environment hook '/home/jone/ws_moveit/install/moveit_ros_control_interface/share/moveit_ros_control_interface/hook/ld_library_path_lib.ps1'
[6.656s] INFO:colcon.colcon_core.shell:Creating environment descriptor '/home/jone/ws_moveit/install/moveit_ros_control_interface/share/moveit_ros_control_interface/hook/ld_library_path_lib.dsv'
[6.656s] INFO:colcon.colcon_core.shell:Creating environment hook '/home/jone/ws_moveit/install/moveit_ros_control_interface/share/moveit_ros_control_interface/hook/ld_library_path_lib.sh'
[6.657s] Level 1:colcon.colcon_core.environment:checking '/home/jone/ws_moveit/install/moveit_ros_control_interface/bin'
[6.657s] Level 1:colcon.colcon_core.environment:checking '/home/jone/ws_moveit/install/moveit_ros_control_interface/lib/pkgconfig/moveit_ros_control_interface.pc'
[6.657s] Level 1:colcon.colcon_core.environment:checking '/home/jone/ws_moveit/install/moveit_ros_control_interface/lib/python3.10/site-packages'
[6.657s] Level 1:colcon.colcon_core.environment:checking '/home/jone/ws_moveit/install/moveit_ros_control_interface/bin'
[6.657s] INFO:colcon.colcon_core.shell:Creating package script '/home/jone/ws_moveit/install/moveit_ros_control_interface/share/moveit_ros_control_interface/package.ps1'
[6.658s] INFO:colcon.colcon_core.shell:Creating package descriptor '/home/jone/ws_moveit/install/moveit_ros_control_interface/share/moveit_ros_control_interface/package.dsv'
[6.658s] INFO:colcon.colcon_core.shell:Creating package script '/home/jone/ws_moveit/install/moveit_ros_control_interface/share/moveit_ros_control_interface/package.sh'
[6.658s] INFO:colcon.colcon_core.shell:Creating package script '/home/jone/ws_moveit/install/moveit_ros_control_interface/share/moveit_ros_control_interface/package.bash'
[6.659s] INFO:colcon.colcon_core.shell:Creating package script '/home/jone/ws_moveit/install/moveit_ros_control_interface/share/moveit_ros_control_interface/package.zsh'
[6.659s] Level 1:colcon.colcon_core.environment:create_file_with_runtime_dependencies(/home/jone/ws_moveit/install/moveit_ros_control_interface/share/colcon-core/packages/moveit_ros_control_interface)
[6.659s] Level 1:colcon.colcon_core.environment:create_environment_scripts_only(moveit_ros_control_interface)
[6.659s] Level 1:colcon.colcon_core.environment:checking '/home/jone/ws_moveit/install/moveit_ros_control_interface' for CMake module files
[6.660s] Level 1:colcon.colcon_core.environment:checking '/home/jone/ws_moveit/install/moveit_ros_control_interface' for CMake config files
[6.660s] Level 1:colcon.colcon_core.shell:create_environment_hook('moveit_ros_control_interface', 'cmake_prefix_path')
[6.660s] INFO:colcon.colcon_core.shell:Creating environment hook '/home/jone/ws_moveit/install/moveit_ros_control_interface/share/moveit_ros_control_interface/hook/cmake_prefix_path.ps1'
[6.660s] INFO:colcon.colcon_core.shell:Creating environment descriptor '/home/jone/ws_moveit/install/moveit_ros_control_interface/share/moveit_ros_control_interface/hook/cmake_prefix_path.dsv'
[6.661s] INFO:colcon.colcon_core.shell:Creating environment hook '/home/jone/ws_moveit/install/moveit_ros_control_interface/share/moveit_ros_control_interface/hook/cmake_prefix_path.sh'
[6.661s] Level 1:colcon.colcon_core.environment:checking '/home/jone/ws_moveit/install/moveit_ros_control_interface/lib'
[6.661s] Level 1:colcon.colcon_core.shell:create_environment_hook('moveit_ros_control_interface', 'ld_library_path_lib')
[6.661s] INFO:colcon.colcon_core.shell:Creating environment hook '/home/jone/ws_moveit/install/moveit_ros_control_interface/share/moveit_ros_control_interface/hook/ld_library_path_lib.ps1'
[6.661s] INFO:colcon.colcon_core.shell:Creating environment descriptor '/home/jone/ws_moveit/install/moveit_ros_control_interface/share/moveit_ros_control_interface/hook/ld_library_path_lib.dsv'
[6.662s] INFO:colcon.colcon_core.shell:Creating environment hook '/home/jone/ws_moveit/install/moveit_ros_control_interface/share/moveit_ros_control_interface/hook/ld_library_path_lib.sh'
[6.662s] Level 1:colcon.colcon_core.environment:checking '/home/jone/ws_moveit/install/moveit_ros_control_interface/bin'
[6.662s] Level 1:colcon.colcon_core.environment:checking '/home/jone/ws_moveit/install/moveit_ros_control_interface/lib/pkgconfig/moveit_ros_control_interface.pc'
[6.662s] Level 1:colcon.colcon_core.environment:checking '/home/jone/ws_moveit/install/moveit_ros_control_interface/lib/python3.10/site-packages'
[6.662s] Level 1:colcon.colcon_core.environment:checking '/home/jone/ws_moveit/install/moveit_ros_control_interface/bin'
[6.663s] INFO:colcon.colcon_core.shell:Creating package script '/home/jone/ws_moveit/install/moveit_ros_control_interface/share/moveit_ros_control_interface/package.ps1'
[6.663s] INFO:colcon.colcon_core.shell:Creating package descriptor '/home/jone/ws_moveit/install/moveit_ros_control_interface/share/moveit_ros_control_interface/package.dsv'
[6.663s] INFO:colcon.colcon_core.shell:Creating package script '/home/jone/ws_moveit/install/moveit_ros_control_interface/share/moveit_ros_control_interface/package.sh'
[6.664s] INFO:colcon.colcon_core.shell:Creating package script '/home/jone/ws_moveit/install/moveit_ros_control_interface/share/moveit_ros_control_interface/package.bash'
[6.664s] INFO:colcon.colcon_core.shell:Creating package script '/home/jone/ws_moveit/install/moveit_ros_control_interface/share/moveit_ros_control_interface/package.zsh'
[6.664s] Level 1:colcon.colcon_core.environment:create_file_with_runtime_dependencies(/home/jone/ws_moveit/install/moveit_ros_control_interface/share/colcon-core/packages/moveit_ros_control_interface)
[6.664s] DEBUG:colcon.colcon_core.executor.sequential:run_until_complete 'moveit_ros_control_interface' finished with '0'
[6.664s] DEBUG:colcon.colcon_core.executor.sequential:run_until_complete 'moveit_ros_planning'
[6.664s] INFO:colcon.colcon_ros.task.ament_cmake.build:Building ROS package in '/home/jone/ws_moveit/src/moveit2/moveit_ros/planning' with build type 'ament_cmake'
[6.664s] INFO:colcon.colcon_cmake.task.cmake.build:Building CMake package in '/home/jone/ws_moveit/src/moveit2/moveit_ros/planning'
[6.665s] INFO:colcon.colcon_core.shell:Skip shell extension 'powershell' for command environment: Not usable outside of PowerShell
[6.665s] DEBUG:colcon.colcon_core.shell:Skip shell extension 'dsv' for command environment
[6.695s] DEBUG:colcon.colcon_core.event_handler.log_command:Invoking command in '/home/jone/ws_moveit/build/moveit_ros_planning': AMENT_PREFIX_PATH=/home/jone/ws_moveit/install/moveit_configs_utils:/home/jone/ws_moveit/install/launch_param_builder:/home/jone/ws_moveit/install/pilz_industrial_motion_planner_testutils:/home/jone/ws_moveit/install/moveit_runtime:/home/jone/ws_moveit/install/moveit2_tutorials:/home/jone/ws_moveit/install/moveit:/home/jone/ws_moveit/install/moveit_planners:/home/jone/ws_moveit/install/pilz_industrial_motion_planner:/home/jone/ws_moveit/install/moveit_visual_tools:/home/jone/ws_moveit/install/moveit_task_constructor_visualization:/home/jone/ws_moveit/install/moveit_task_constructor_demo:/home/jone/ws_moveit/install/moveit_task_constructor_capabilities:/home/jone/ws_moveit/install/moveit_task_constructor_core:/home/jone/ws_moveit/install/moveit_ros_control_interface:/home/jone/ws_moveit/install/moveit_plugins:/home/jone/ws_moveit/install/moveit_simple_controller_manager:/home/jone/ws_moveit/install/moveit_setup_assistant:/home/jone/ws_moveit/install/moveit_setup_srdf_plugins:/home/jone/ws_moveit/install/moveit_setup_core_plugins:/home/jone/ws_moveit/install/moveit_setup_controllers:/home/jone/ws_moveit/install/moveit_setup_app_plugins:/home/jone/ws_moveit/install/moveit_setup_framework:/home/jone/ws_moveit/install/moveit_servo:/home/jone/ws_moveit/install/moveit_ros:/home/jone/ws_moveit/install/moveit_ros_visualization:/home/jone/ws_moveit/install/moveit_hybrid_planning:/home/jone/ws_moveit/install/moveit_ros_planning_interface:/home/jone/ws_moveit/install/moveit_ros_benchmarks:/home/jone/ws_moveit/install/moveit_ros_warehouse:/home/jone/ws_moveit/install/moveit_ros_robot_interaction:/home/jone/ws_moveit/install/moveit_ros_perception:/home/jone/ws_moveit/install/moveit_resources_prbt_pg70_support:/home/jone/ws_moveit/install/moveit_resources_prbt_moveit_config:/home/jone/ws_moveit/install/moveit_ros_move_group:/home/jone/ws_moveit/install/moveit_planners_ompl:/home/jone/ws_moveit/install/moveit_ros_planning:/home/jone/ws_moveit/install/moveit_ros_occupancy_map_monitor:/home/jone/ws_moveit/install/moveit_resources_prbt_ikfast_manipulator_plugin:/home/jone/ws_moveit/install/moveit_planners_chomp:/home/jone/ws_moveit/install/moveit_kinematics:/home/jone/ws_moveit/install/moveit_chomp_optimizer_adapter:/home/jone/ws_moveit/install/chomp_motion_planner:/home/jone/ws_moveit/install/moveit_core:/home/jone/ws_moveit/install/srdfdom:/home/jone/ws_moveit/install/rviz_marker_tools:/home/jone/ws_moveit/install/rosparam_shortcuts:/home/jone/ws_moveit/install/moveit_task_constructor_msgs:/home/jone/ws_moveit/install/moveit_resources_prbt_support:/home/jone/ws_moveit/install/moveit_resources:/home/jone/ws_moveit/install/moveit_resources_pr2_description:/home/jone/ws_moveit/install/moveit_resources_panda_moveit_config:/home/jone/ws_moveit/install/moveit_resources_panda_description:/home/jone/ws_moveit/install/moveit_resources_fanuc_moveit_config:/home/jone/ws_moveit/install/moveit_resources_fanuc_description:/home/jone/ws_moveit/install/moveit_common:/opt/ros/humble CMAKE_PREFIX_PATH=/home/jone/ws_moveit/install/moveit_ros_occupancy_map_monitor:/home/jone/ws_moveit/install/moveit_core:/home/jone/ws_moveit/install/moveit_resources_panda_moveit_config:/home/jone/ws_moveit/install/srdfdom:/home/jone/ws_moveit/install/moveit_resources_pr2_description:/home/jone/ws_moveit/install/moveit_resources_panda_description:/home/jone/ws_moveit/install/moveit_common:/home/jone/ws_moveit/install/pilz_industrial_motion_planner_testutils:/home/jone/ws_moveit/install/moveit_runtime:/home/jone/ws_moveit/install/moveit2_tutorials:/home/jone/ws_moveit/install/moveit:/home/jone/ws_moveit/install/moveit_planners:/home/jone/ws_moveit/install/pilz_industrial_motion_planner:/home/jone/ws_moveit/install/moveit_visual_tools:/home/jone/ws_moveit/install/moveit_task_constructor_visualization:/home/jone/ws_moveit/install/moveit_task_constructor_demo:/home/jone/ws_moveit/install/moveit_task_constructor_capabilities:/home/jone/ws_moveit/install/moveit_task_constructor_core:/home/jone/ws_moveit/install/moveit_ros_control_interface:/home/jone/ws_moveit/install/moveit_plugins:/home/jone/ws_moveit/install/moveit_simple_controller_manager:/home/jone/ws_moveit/install/moveit_setup_assistant:/home/jone/ws_moveit/install/moveit_setup_srdf_plugins:/home/jone/ws_moveit/install/moveit_setup_core_plugins:/home/jone/ws_moveit/install/moveit_setup_controllers:/home/jone/ws_moveit/install/moveit_setup_app_plugins:/home/jone/ws_moveit/install/moveit_setup_framework:/home/jone/ws_moveit/install/moveit_servo:/home/jone/ws_moveit/install/moveit_ros:/home/jone/ws_moveit/install/moveit_ros_visualization:/home/jone/ws_moveit/install/moveit_hybrid_planning:/home/jone/ws_moveit/install/moveit_ros_planning_interface:/home/jone/ws_moveit/install/moveit_ros_benchmarks:/home/jone/ws_moveit/install/moveit_ros_warehouse:/home/jone/ws_moveit/install/moveit_ros_robot_interaction:/home/jone/ws_moveit/install/moveit_ros_perception:/home/jone/ws_moveit/install/moveit_resources_prbt_pg70_support:/home/jone/ws_moveit/install/moveit_resources_prbt_moveit_config:/home/jone/ws_moveit/install/moveit_ros_move_group:/home/jone/ws_moveit/install/moveit_planners_ompl:/home/jone/ws_moveit/install/moveit_ros_planning:/home/jone/ws_moveit/install/moveit_resources_prbt_ikfast_manipulator_plugin:/home/jone/ws_moveit/install/moveit_planners_chomp:/home/jone/ws_moveit/install/moveit_kinematics:/home/jone/ws_moveit/install/moveit_chomp_optimizer_adapter:/home/jone/ws_moveit/install/chomp_motion_planner:/home/jone/ws_moveit/install/rviz_marker_tools:/home/jone/ws_moveit/install/rosparam_shortcuts:/home/jone/ws_moveit/install/moveit_task_constructor_msgs:/home/jone/ws_moveit/install/moveit_resources_prbt_support:/home/jone/ws_moveit/install/moveit_resources:/home/jone/ws_moveit/install/moveit_resources_fanuc_moveit_config:/home/jone/ws_moveit/install/moveit_resources_fanuc_description:/home/jone/ws_moveit/install/moveit_configs_utils:/home/jone/ws_moveit/install/launch_param_builder:/opt/ros/humble LD_LIBRARY_PATH=/home/jone/ws_moveit/install/moveit_ros_occupancy_map_monitor/lib:/home/jone/ws_moveit/install/moveit_core/lib:/home/jone/ws_moveit/install/srdfdom/lib:/home/jone/ws_moveit/install/pilz_industrial_motion_planner_testutils/lib:/home/jone/ws_moveit/install/pilz_industrial_motion_planner/lib:/home/jone/ws_moveit/install/moveit_visual_tools/lib:/home/jone/ws_moveit/install/moveit_task_constructor_visualization/lib:/home/jone/ws_moveit/install/moveit_task_constructor_demo/lib:/home/jone/ws_moveit/install/moveit_task_constructor_capabilities/lib:/home/jone/ws_moveit/install/moveit_task_constructor_core/lib:/home/jone/ws_moveit/install/moveit_ros_control_interface/lib:/home/jone/ws_moveit/install/moveit_simple_controller_manager/lib:/home/jone/ws_moveit/install/moveit_setup_assistant/lib:/home/jone/ws_moveit/install/moveit_setup_srdf_plugins/lib:/home/jone/ws_moveit/install/moveit_setup_core_plugins/lib:/home/jone/ws_moveit/install/moveit_setup_controllers/lib:/home/jone/ws_moveit/install/moveit_setup_app_plugins/lib:/home/jone/ws_moveit/install/moveit_setup_framework/lib:/home/jone/ws_moveit/install/moveit_servo/lib:/home/jone/ws_moveit/install/moveit_ros_visualization/lib:/home/jone/ws_moveit/install/moveit_hybrid_planning/lib:/home/jone/ws_moveit/install/moveit_ros_planning_interface/lib:/home/jone/ws_moveit/install/moveit_ros_benchmarks/lib:/home/jone/ws_moveit/install/moveit_ros_warehouse/lib:/home/jone/ws_moveit/install/moveit_ros_robot_interaction/lib:/home/jone/ws_moveit/install/moveit_ros_perception/lib:/home/jone/ws_moveit/install/moveit_ros_move_group/lib:/home/jone/ws_moveit/install/moveit_planners_ompl/lib:/home/jone/ws_moveit/install/moveit_ros_planning/lib:/home/jone/ws_moveit/install/moveit_resources_prbt_ikfast_manipulator_plugin/lib:/home/jone/ws_moveit/install/moveit_planners_chomp/lib:/home/jone/ws_moveit/install/moveit_kinematics/lib:/home/jone/ws_moveit/install/moveit_chomp_optimizer_adapter/lib:/home/jone/ws_moveit/install/chomp_motion_planner/lib:/home/jone/ws_moveit/install/rviz_marker_tools/lib:/home/jone/ws_moveit/install/rosparam_shortcuts/lib:/home/jone/ws_moveit/install/moveit_task_constructor_msgs/lib:/opt/ros/humble/opt/rviz_ogre_vendor/lib:/opt/ros/humble/lib/x86_64-linux-gnu:/opt/ros/humble/lib:/usr/lib/x86_64-linux-gnu/gazebo-11/plugins:/usr/lib/x86_64-linux-gnu/gazebo-11/plugins:/usr/lib/x86_64-linux-gnu/gazebo-11/plugins PYTHONPATH=/home/jone/ws_moveit/install/moveit_configs_utils/lib/python3.10/site-packages:/home/jone/ws_moveit/install/launch_param_builder/lib/python3.10/site-packages:/home/jone/ws_moveit/install/moveit_task_constructor_core/local/lib/python3.10/dist-packages:/home/jone/ws_moveit/install/srdfdom/local/lib/python3.10/dist-packages:/home/jone/ws_moveit/install/moveit_task_constructor_msgs/local/lib/python3.10/dist-packages:/opt/ros/humble/lib/python3.10/site-packages:/opt/ros/humble/local/lib/python3.10/dist-packages /usr/bin/cmake --build /home/jone/ws_moveit/build/moveit_ros_planning -- -j16 -l16
[7.111s] DEBUG:colcon.colcon_core.event_handler.log_command:Invoked command in '/home/jone/ws_moveit/build/moveit_ros_planning' returned '0': AMENT_PREFIX_PATH=/home/jone/ws_moveit/install/moveit_configs_utils:/home/jone/ws_moveit/install/launch_param_builder:/home/jone/ws_moveit/install/pilz_industrial_motion_planner_testutils:/home/jone/ws_moveit/install/moveit_runtime:/home/jone/ws_moveit/install/moveit2_tutorials:/home/jone/ws_moveit/install/moveit:/home/jone/ws_moveit/install/moveit_planners:/home/jone/ws_moveit/install/pilz_industrial_motion_planner:/home/jone/ws_moveit/install/moveit_visual_tools:/home/jone/ws_moveit/install/moveit_task_constructor_visualization:/home/jone/ws_moveit/install/moveit_task_constructor_demo:/home/jone/ws_moveit/install/moveit_task_constructor_capabilities:/home/jone/ws_moveit/install/moveit_task_constructor_core:/home/jone/ws_moveit/install/moveit_ros_control_interface:/home/jone/ws_moveit/install/moveit_plugins:/home/jone/ws_moveit/install/moveit_simple_controller_manager:/home/jone/ws_moveit/install/moveit_setup_assistant:/home/jone/ws_moveit/install/moveit_setup_srdf_plugins:/home/jone/ws_moveit/install/moveit_setup_core_plugins:/home/jone/ws_moveit/install/moveit_setup_controllers:/home/jone/ws_moveit/install/moveit_setup_app_plugins:/home/jone/ws_moveit/install/moveit_setup_framework:/home/jone/ws_moveit/install/moveit_servo:/home/jone/ws_moveit/install/moveit_ros:/home/jone/ws_moveit/install/moveit_ros_visualization:/home/jone/ws_moveit/install/moveit_hybrid_planning:/home/jone/ws_moveit/install/moveit_ros_planning_interface:/home/jone/ws_moveit/install/moveit_ros_benchmarks:/home/jone/ws_moveit/install/moveit_ros_warehouse:/home/jone/ws_moveit/install/moveit_ros_robot_interaction:/home/jone/ws_moveit/install/moveit_ros_perception:/home/jone/ws_moveit/install/moveit_resources_prbt_pg70_support:/home/jone/ws_moveit/install/moveit_resources_prbt_moveit_config:/home/jone/ws_moveit/install/moveit_ros_move_group:/home/jone/ws_moveit/install/moveit_planners_ompl:/home/jone/ws_moveit/install/moveit_ros_planning:/home/jone/ws_moveit/install/moveit_ros_occupancy_map_monitor:/home/jone/ws_moveit/install/moveit_resources_prbt_ikfast_manipulator_plugin:/home/jone/ws_moveit/install/moveit_planners_chomp:/home/jone/ws_moveit/install/moveit_kinematics:/home/jone/ws_moveit/install/moveit_chomp_optimizer_adapter:/home/jone/ws_moveit/install/chomp_motion_planner:/home/jone/ws_moveit/install/moveit_core:/home/jone/ws_moveit/install/srdfdom:/home/jone/ws_moveit/install/rviz_marker_tools:/home/jone/ws_moveit/install/rosparam_shortcuts:/home/jone/ws_moveit/install/moveit_task_constructor_msgs:/home/jone/ws_moveit/install/moveit_resources_prbt_support:/home/jone/ws_moveit/install/moveit_resources:/home/jone/ws_moveit/install/moveit_resources_pr2_description:/home/jone/ws_moveit/install/moveit_resources_panda_moveit_config:/home/jone/ws_moveit/install/moveit_resources_panda_description:/home/jone/ws_moveit/install/moveit_resources_fanuc_moveit_config:/home/jone/ws_moveit/install/moveit_resources_fanuc_description:/home/jone/ws_moveit/install/moveit_common:/opt/ros/humble CMAKE_PREFIX_PATH=/home/jone/ws_moveit/install/moveit_ros_occupancy_map_monitor:/home/jone/ws_moveit/install/moveit_core:/home/jone/ws_moveit/install/moveit_resources_panda_moveit_config:/home/jone/ws_moveit/install/srdfdom:/home/jone/ws_moveit/install/moveit_resources_pr2_description:/home/jone/ws_moveit/install/moveit_resources_panda_description:/home/jone/ws_moveit/install/moveit_common:/home/jone/ws_moveit/install/pilz_industrial_motion_planner_testutils:/home/jone/ws_moveit/install/moveit_runtime:/home/jone/ws_moveit/install/moveit2_tutorials:/home/jone/ws_moveit/install/moveit:/home/jone/ws_moveit/install/moveit_planners:/home/jone/ws_moveit/install/pilz_industrial_motion_planner:/home/jone/ws_moveit/install/moveit_visual_tools:/home/jone/ws_moveit/install/moveit_task_constructor_visualization:/home/jone/ws_moveit/install/moveit_task_constructor_demo:/home/jone/ws_moveit/install/moveit_task_constructor_capabilities:/home/jone/ws_moveit/install/moveit_task_constructor_core:/home/jone/ws_moveit/install/moveit_ros_control_interface:/home/jone/ws_moveit/install/moveit_plugins:/home/jone/ws_moveit/install/moveit_simple_controller_manager:/home/jone/ws_moveit/install/moveit_setup_assistant:/home/jone/ws_moveit/install/moveit_setup_srdf_plugins:/home/jone/ws_moveit/install/moveit_setup_core_plugins:/home/jone/ws_moveit/install/moveit_setup_controllers:/home/jone/ws_moveit/install/moveit_setup_app_plugins:/home/jone/ws_moveit/install/moveit_setup_framework:/home/jone/ws_moveit/install/moveit_servo:/home/jone/ws_moveit/install/moveit_ros:/home/jone/ws_moveit/install/moveit_ros_visualization:/home/jone/ws_moveit/install/moveit_hybrid_planning:/home/jone/ws_moveit/install/moveit_ros_planning_interface:/home/jone/ws_moveit/install/moveit_ros_benchmarks:/home/jone/ws_moveit/install/moveit_ros_warehouse:/home/jone/ws_moveit/install/moveit_ros_robot_interaction:/home/jone/ws_moveit/install/moveit_ros_perception:/home/jone/ws_moveit/install/moveit_resources_prbt_pg70_support:/home/jone/ws_moveit/install/moveit_resources_prbt_moveit_config:/home/jone/ws_moveit/install/moveit_ros_move_group:/home/jone/ws_moveit/install/moveit_planners_ompl:/home/jone/ws_moveit/install/moveit_ros_planning:/home/jone/ws_moveit/install/moveit_resources_prbt_ikfast_manipulator_plugin:/home/jone/ws_moveit/install/moveit_planners_chomp:/home/jone/ws_moveit/install/moveit_kinematics:/home/jone/ws_moveit/install/moveit_chomp_optimizer_adapter:/home/jone/ws_moveit/install/chomp_motion_planner:/home/jone/ws_moveit/install/rviz_marker_tools:/home/jone/ws_moveit/install/rosparam_shortcuts:/home/jone/ws_moveit/install/moveit_task_constructor_msgs:/home/jone/ws_moveit/install/moveit_resources_prbt_support:/home/jone/ws_moveit/install/moveit_resources:/home/jone/ws_moveit/install/moveit_resources_fanuc_moveit_config:/home/jone/ws_moveit/install/moveit_resources_fanuc_description:/home/jone/ws_moveit/install/moveit_configs_utils:/home/jone/ws_moveit/install/launch_param_builder:/opt/ros/humble LD_LIBRARY_PATH=/home/jone/ws_moveit/install/moveit_ros_occupancy_map_monitor/lib:/home/jone/ws_moveit/install/moveit_core/lib:/home/jone/ws_moveit/install/srdfdom/lib:/home/jone/ws_moveit/install/pilz_industrial_motion_planner_testutils/lib:/home/jone/ws_moveit/install/pilz_industrial_motion_planner/lib:/home/jone/ws_moveit/install/moveit_visual_tools/lib:/home/jone/ws_moveit/install/moveit_task_constructor_visualization/lib:/home/jone/ws_moveit/install/moveit_task_constructor_demo/lib:/home/jone/ws_moveit/install/moveit_task_constructor_capabilities/lib:/home/jone/ws_moveit/install/moveit_task_constructor_core/lib:/home/jone/ws_moveit/install/moveit_ros_control_interface/lib:/home/jone/ws_moveit/install/moveit_simple_controller_manager/lib:/home/jone/ws_moveit/install/moveit_setup_assistant/lib:/home/jone/ws_moveit/install/moveit_setup_srdf_plugins/lib:/home/jone/ws_moveit/install/moveit_setup_core_plugins/lib:/home/jone/ws_moveit/install/moveit_setup_controllers/lib:/home/jone/ws_moveit/install/moveit_setup_app_plugins/lib:/home/jone/ws_moveit/install/moveit_setup_framework/lib:/home/jone/ws_moveit/install/moveit_servo/lib:/home/jone/ws_moveit/install/moveit_ros_visualization/lib:/home/jone/ws_moveit/install/moveit_hybrid_planning/lib:/home/jone/ws_moveit/install/moveit_ros_planning_interface/lib:/home/jone/ws_moveit/install/moveit_ros_benchmarks/lib:/home/jone/ws_moveit/install/moveit_ros_warehouse/lib:/home/jone/ws_moveit/install/moveit_ros_robot_interaction/lib:/home/jone/ws_moveit/install/moveit_ros_perception/lib:/home/jone/ws_moveit/install/moveit_ros_move_group/lib:/home/jone/ws_moveit/install/moveit_planners_ompl/lib:/home/jone/ws_moveit/install/moveit_ros_planning/lib:/home/jone/ws_moveit/install/moveit_resources_prbt_ikfast_manipulator_plugin/lib:/home/jone/ws_moveit/install/moveit_planners_chomp/lib:/home/jone/ws_moveit/install/moveit_kinematics/lib:/home/jone/ws_moveit/install/moveit_chomp_optimizer_adapter/lib:/home/jone/ws_moveit/install/chomp_motion_planner/lib:/home/jone/ws_moveit/install/rviz_marker_tools/lib:/home/jone/ws_moveit/install/rosparam_shortcuts/lib:/home/jone/ws_moveit/install/moveit_task_constructor_msgs/lib:/opt/ros/humble/opt/rviz_ogre_vendor/lib:/opt/ros/humble/lib/x86_64-linux-gnu:/opt/ros/humble/lib:/usr/lib/x86_64-linux-gnu/gazebo-11/plugins:/usr/lib/x86_64-linux-gnu/gazebo-11/plugins:/usr/lib/x86_64-linux-gnu/gazebo-11/plugins PYTHONPATH=/home/jone/ws_moveit/install/moveit_configs_utils/lib/python3.10/site-packages:/home/jone/ws_moveit/install/launch_param_builder/lib/python3.10/site-packages:/home/jone/ws_moveit/install/moveit_task_constructor_core/local/lib/python3.10/dist-packages:/home/jone/ws_moveit/install/srdfdom/local/lib/python3.10/dist-packages:/home/jone/ws_moveit/install/moveit_task_constructor_msgs/local/lib/python3.10/dist-packages:/opt/ros/humble/lib/python3.10/site-packages:/opt/ros/humble/local/lib/python3.10/dist-packages /usr/bin/cmake --build /home/jone/ws_moveit/build/moveit_ros_planning -- -j16 -l16
[7.115s] DEBUG:colcon.colcon_core.event_handler.log_command:Invoking command in '/home/jone/ws_moveit/build/moveit_ros_planning': AMENT_PREFIX_PATH=/home/jone/ws_moveit/install/moveit_configs_utils:/home/jone/ws_moveit/install/launch_param_builder:/home/jone/ws_moveit/install/pilz_industrial_motion_planner_testutils:/home/jone/ws_moveit/install/moveit_runtime:/home/jone/ws_moveit/install/moveit2_tutorials:/home/jone/ws_moveit/install/moveit:/home/jone/ws_moveit/install/moveit_planners:/home/jone/ws_moveit/install/pilz_industrial_motion_planner:/home/jone/ws_moveit/install/moveit_visual_tools:/home/jone/ws_moveit/install/moveit_task_constructor_visualization:/home/jone/ws_moveit/install/moveit_task_constructor_demo:/home/jone/ws_moveit/install/moveit_task_constructor_capabilities:/home/jone/ws_moveit/install/moveit_task_constructor_core:/home/jone/ws_moveit/install/moveit_ros_control_interface:/home/jone/ws_moveit/install/moveit_plugins:/home/jone/ws_moveit/install/moveit_simple_controller_manager:/home/jone/ws_moveit/install/moveit_setup_assistant:/home/jone/ws_moveit/install/moveit_setup_srdf_plugins:/home/jone/ws_moveit/install/moveit_setup_core_plugins:/home/jone/ws_moveit/install/moveit_setup_controllers:/home/jone/ws_moveit/install/moveit_setup_app_plugins:/home/jone/ws_moveit/install/moveit_setup_framework:/home/jone/ws_moveit/install/moveit_servo:/home/jone/ws_moveit/install/moveit_ros:/home/jone/ws_moveit/install/moveit_ros_visualization:/home/jone/ws_moveit/install/moveit_hybrid_planning:/home/jone/ws_moveit/install/moveit_ros_planning_interface:/home/jone/ws_moveit/install/moveit_ros_benchmarks:/home/jone/ws_moveit/install/moveit_ros_warehouse:/home/jone/ws_moveit/install/moveit_ros_robot_interaction:/home/jone/ws_moveit/install/moveit_ros_perception:/home/jone/ws_moveit/install/moveit_resources_prbt_pg70_support:/home/jone/ws_moveit/install/moveit_resources_prbt_moveit_config:/home/jone/ws_moveit/install/moveit_ros_move_group:/home/jone/ws_moveit/install/moveit_planners_ompl:/home/jone/ws_moveit/install/moveit_ros_planning:/home/jone/ws_moveit/install/moveit_ros_occupancy_map_monitor:/home/jone/ws_moveit/install/moveit_resources_prbt_ikfast_manipulator_plugin:/home/jone/ws_moveit/install/moveit_planners_chomp:/home/jone/ws_moveit/install/moveit_kinematics:/home/jone/ws_moveit/install/moveit_chomp_optimizer_adapter:/home/jone/ws_moveit/install/chomp_motion_planner:/home/jone/ws_moveit/install/moveit_core:/home/jone/ws_moveit/install/srdfdom:/home/jone/ws_moveit/install/rviz_marker_tools:/home/jone/ws_moveit/install/rosparam_shortcuts:/home/jone/ws_moveit/install/moveit_task_constructor_msgs:/home/jone/ws_moveit/install/moveit_resources_prbt_support:/home/jone/ws_moveit/install/moveit_resources:/home/jone/ws_moveit/install/moveit_resources_pr2_description:/home/jone/ws_moveit/install/moveit_resources_panda_moveit_config:/home/jone/ws_moveit/install/moveit_resources_panda_description:/home/jone/ws_moveit/install/moveit_resources_fanuc_moveit_config:/home/jone/ws_moveit/install/moveit_resources_fanuc_description:/home/jone/ws_moveit/install/moveit_common:/opt/ros/humble CMAKE_PREFIX_PATH=/home/jone/ws_moveit/install/moveit_ros_occupancy_map_monitor:/home/jone/ws_moveit/install/moveit_core:/home/jone/ws_moveit/install/moveit_resources_panda_moveit_config:/home/jone/ws_moveit/install/srdfdom:/home/jone/ws_moveit/install/moveit_resources_pr2_description:/home/jone/ws_moveit/install/moveit_resources_panda_description:/home/jone/ws_moveit/install/moveit_common:/home/jone/ws_moveit/install/pilz_industrial_motion_planner_testutils:/home/jone/ws_moveit/install/moveit_runtime:/home/jone/ws_moveit/install/moveit2_tutorials:/home/jone/ws_moveit/install/moveit:/home/jone/ws_moveit/install/moveit_planners:/home/jone/ws_moveit/install/pilz_industrial_motion_planner:/home/jone/ws_moveit/install/moveit_visual_tools:/home/jone/ws_moveit/install/moveit_task_constructor_visualization:/home/jone/ws_moveit/install/moveit_task_constructor_demo:/home/jone/ws_moveit/install/moveit_task_constructor_capabilities:/home/jone/ws_moveit/install/moveit_task_constructor_core:/home/jone/ws_moveit/install/moveit_ros_control_interface:/home/jone/ws_moveit/install/moveit_plugins:/home/jone/ws_moveit/install/moveit_simple_controller_manager:/home/jone/ws_moveit/install/moveit_setup_assistant:/home/jone/ws_moveit/install/moveit_setup_srdf_plugins:/home/jone/ws_moveit/install/moveit_setup_core_plugins:/home/jone/ws_moveit/install/moveit_setup_controllers:/home/jone/ws_moveit/install/moveit_setup_app_plugins:/home/jone/ws_moveit/install/moveit_setup_framework:/home/jone/ws_moveit/install/moveit_servo:/home/jone/ws_moveit/install/moveit_ros:/home/jone/ws_moveit/install/moveit_ros_visualization:/home/jone/ws_moveit/install/moveit_hybrid_planning:/home/jone/ws_moveit/install/moveit_ros_planning_interface:/home/jone/ws_moveit/install/moveit_ros_benchmarks:/home/jone/ws_moveit/install/moveit_ros_warehouse:/home/jone/ws_moveit/install/moveit_ros_robot_interaction:/home/jone/ws_moveit/install/moveit_ros_perception:/home/jone/ws_moveit/install/moveit_resources_prbt_pg70_support:/home/jone/ws_moveit/install/moveit_resources_prbt_moveit_config:/home/jone/ws_moveit/install/moveit_ros_move_group:/home/jone/ws_moveit/install/moveit_planners_ompl:/home/jone/ws_moveit/install/moveit_ros_planning:/home/jone/ws_moveit/install/moveit_resources_prbt_ikfast_manipulator_plugin:/home/jone/ws_moveit/install/moveit_planners_chomp:/home/jone/ws_moveit/install/moveit_kinematics:/home/jone/ws_moveit/install/moveit_chomp_optimizer_adapter:/home/jone/ws_moveit/install/chomp_motion_planner:/home/jone/ws_moveit/install/rviz_marker_tools:/home/jone/ws_moveit/install/rosparam_shortcuts:/home/jone/ws_moveit/install/moveit_task_constructor_msgs:/home/jone/ws_moveit/install/moveit_resources_prbt_support:/home/jone/ws_moveit/install/moveit_resources:/home/jone/ws_moveit/install/moveit_resources_fanuc_moveit_config:/home/jone/ws_moveit/install/moveit_resources_fanuc_description:/home/jone/ws_moveit/install/moveit_configs_utils:/home/jone/ws_moveit/install/launch_param_builder:/opt/ros/humble LD_LIBRARY_PATH=/home/jone/ws_moveit/install/moveit_ros_occupancy_map_monitor/lib:/home/jone/ws_moveit/install/moveit_core/lib:/home/jone/ws_moveit/install/srdfdom/lib:/home/jone/ws_moveit/install/pilz_industrial_motion_planner_testutils/lib:/home/jone/ws_moveit/install/pilz_industrial_motion_planner/lib:/home/jone/ws_moveit/install/moveit_visual_tools/lib:/home/jone/ws_moveit/install/moveit_task_constructor_visualization/lib:/home/jone/ws_moveit/install/moveit_task_constructor_demo/lib:/home/jone/ws_moveit/install/moveit_task_constructor_capabilities/lib:/home/jone/ws_moveit/install/moveit_task_constructor_core/lib:/home/jone/ws_moveit/install/moveit_ros_control_interface/lib:/home/jone/ws_moveit/install/moveit_simple_controller_manager/lib:/home/jone/ws_moveit/install/moveit_setup_assistant/lib:/home/jone/ws_moveit/install/moveit_setup_srdf_plugins/lib:/home/jone/ws_moveit/install/moveit_setup_core_plugins/lib:/home/jone/ws_moveit/install/moveit_setup_controllers/lib:/home/jone/ws_moveit/install/moveit_setup_app_plugins/lib:/home/jone/ws_moveit/install/moveit_setup_framework/lib:/home/jone/ws_moveit/install/moveit_servo/lib:/home/jone/ws_moveit/install/moveit_ros_visualization/lib:/home/jone/ws_moveit/install/moveit_hybrid_planning/lib:/home/jone/ws_moveit/install/moveit_ros_planning_interface/lib:/home/jone/ws_moveit/install/moveit_ros_benchmarks/lib:/home/jone/ws_moveit/install/moveit_ros_warehouse/lib:/home/jone/ws_moveit/install/moveit_ros_robot_interaction/lib:/home/jone/ws_moveit/install/moveit_ros_perception/lib:/home/jone/ws_moveit/install/moveit_ros_move_group/lib:/home/jone/ws_moveit/install/moveit_planners_ompl/lib:/home/jone/ws_moveit/install/moveit_ros_planning/lib:/home/jone/ws_moveit/install/moveit_resources_prbt_ikfast_manipulator_plugin/lib:/home/jone/ws_moveit/install/moveit_planners_chomp/lib:/home/jone/ws_moveit/install/moveit_kinematics/lib:/home/jone/ws_moveit/install/moveit_chomp_optimizer_adapter/lib:/home/jone/ws_moveit/install/chomp_motion_planner/lib:/home/jone/ws_moveit/install/rviz_marker_tools/lib:/home/jone/ws_moveit/install/rosparam_shortcuts/lib:/home/jone/ws_moveit/install/moveit_task_constructor_msgs/lib:/opt/ros/humble/opt/rviz_ogre_vendor/lib:/opt/ros/humble/lib/x86_64-linux-gnu:/opt/ros/humble/lib:/usr/lib/x86_64-linux-gnu/gazebo-11/plugins:/usr/lib/x86_64-linux-gnu/gazebo-11/plugins:/usr/lib/x86_64-linux-gnu/gazebo-11/plugins PYTHONPATH=/home/jone/ws_moveit/install/moveit_configs_utils/lib/python3.10/site-packages:/home/jone/ws_moveit/install/launch_param_builder/lib/python3.10/site-packages:/home/jone/ws_moveit/install/moveit_task_constructor_core/local/lib/python3.10/dist-packages:/home/jone/ws_moveit/install/srdfdom/local/lib/python3.10/dist-packages:/home/jone/ws_moveit/install/moveit_task_constructor_msgs/local/lib/python3.10/dist-packages:/opt/ros/humble/lib/python3.10/site-packages:/opt/ros/humble/local/lib/python3.10/dist-packages /usr/bin/cmake --install /home/jone/ws_moveit/build/moveit_ros_planning
[7.153s] Level 1:colcon.colcon_core.environment:create_environment_scripts_only(moveit_ros_planning)
[7.153s] Level 1:colcon.colcon_core.environment:checking '/home/jone/ws_moveit/install/moveit_ros_planning' for CMake module files
[7.154s] DEBUG:colcon.colcon_core.event_handler.log_command:Invoked command in '/home/jone/ws_moveit/build/moveit_ros_planning' returned '0': AMENT_PREFIX_PATH=/home/jone/ws_moveit/install/moveit_configs_utils:/home/jone/ws_moveit/install/launch_param_builder:/home/jone/ws_moveit/install/pilz_industrial_motion_planner_testutils:/home/jone/ws_moveit/install/moveit_runtime:/home/jone/ws_moveit/install/moveit2_tutorials:/home/jone/ws_moveit/install/moveit:/home/jone/ws_moveit/install/moveit_planners:/home/jone/ws_moveit/install/pilz_industrial_motion_planner:/home/jone/ws_moveit/install/moveit_visual_tools:/home/jone/ws_moveit/install/moveit_task_constructor_visualization:/home/jone/ws_moveit/install/moveit_task_constructor_demo:/home/jone/ws_moveit/install/moveit_task_constructor_capabilities:/home/jone/ws_moveit/install/moveit_task_constructor_core:/home/jone/ws_moveit/install/moveit_ros_control_interface:/home/jone/ws_moveit/install/moveit_plugins:/home/jone/ws_moveit/install/moveit_simple_controller_manager:/home/jone/ws_moveit/install/moveit_setup_assistant:/home/jone/ws_moveit/install/moveit_setup_srdf_plugins:/home/jone/ws_moveit/install/moveit_setup_core_plugins:/home/jone/ws_moveit/install/moveit_setup_controllers:/home/jone/ws_moveit/install/moveit_setup_app_plugins:/home/jone/ws_moveit/install/moveit_setup_framework:/home/jone/ws_moveit/install/moveit_servo:/home/jone/ws_moveit/install/moveit_ros:/home/jone/ws_moveit/install/moveit_ros_visualization:/home/jone/ws_moveit/install/moveit_hybrid_planning:/home/jone/ws_moveit/install/moveit_ros_planning_interface:/home/jone/ws_moveit/install/moveit_ros_benchmarks:/home/jone/ws_moveit/install/moveit_ros_warehouse:/home/jone/ws_moveit/install/moveit_ros_robot_interaction:/home/jone/ws_moveit/install/moveit_ros_perception:/home/jone/ws_moveit/install/moveit_resources_prbt_pg70_support:/home/jone/ws_moveit/install/moveit_resources_prbt_moveit_config:/home/jone/ws_moveit/install/moveit_ros_move_group:/home/jone/ws_moveit/install/moveit_planners_ompl:/home/jone/ws_moveit/install/moveit_ros_planning:/home/jone/ws_moveit/install/moveit_ros_occupancy_map_monitor:/home/jone/ws_moveit/install/moveit_resources_prbt_ikfast_manipulator_plugin:/home/jone/ws_moveit/install/moveit_planners_chomp:/home/jone/ws_moveit/install/moveit_kinematics:/home/jone/ws_moveit/install/moveit_chomp_optimizer_adapter:/home/jone/ws_moveit/install/chomp_motion_planner:/home/jone/ws_moveit/install/moveit_core:/home/jone/ws_moveit/install/srdfdom:/home/jone/ws_moveit/install/rviz_marker_tools:/home/jone/ws_moveit/install/rosparam_shortcuts:/home/jone/ws_moveit/install/moveit_task_constructor_msgs:/home/jone/ws_moveit/install/moveit_resources_prbt_support:/home/jone/ws_moveit/install/moveit_resources:/home/jone/ws_moveit/install/moveit_resources_pr2_description:/home/jone/ws_moveit/install/moveit_resources_panda_moveit_config:/home/jone/ws_moveit/install/moveit_resources_panda_description:/home/jone/ws_moveit/install/moveit_resources_fanuc_moveit_config:/home/jone/ws_moveit/install/moveit_resources_fanuc_description:/home/jone/ws_moveit/install/moveit_common:/opt/ros/humble CMAKE_PREFIX_PATH=/home/jone/ws_moveit/install/moveit_ros_occupancy_map_monitor:/home/jone/ws_moveit/install/moveit_core:/home/jone/ws_moveit/install/moveit_resources_panda_moveit_config:/home/jone/ws_moveit/install/srdfdom:/home/jone/ws_moveit/install/moveit_resources_pr2_description:/home/jone/ws_moveit/install/moveit_resources_panda_description:/home/jone/ws_moveit/install/moveit_common:/home/jone/ws_moveit/install/pilz_industrial_motion_planner_testutils:/home/jone/ws_moveit/install/moveit_runtime:/home/jone/ws_moveit/install/moveit2_tutorials:/home/jone/ws_moveit/install/moveit:/home/jone/ws_moveit/install/moveit_planners:/home/jone/ws_moveit/install/pilz_industrial_motion_planner:/home/jone/ws_moveit/install/moveit_visual_tools:/home/jone/ws_moveit/install/moveit_task_constructor_visualization:/home/jone/ws_moveit/install/moveit_task_constructor_demo:/home/jone/ws_moveit/install/moveit_task_constructor_capabilities:/home/jone/ws_moveit/install/moveit_task_constructor_core:/home/jone/ws_moveit/install/moveit_ros_control_interface:/home/jone/ws_moveit/install/moveit_plugins:/home/jone/ws_moveit/install/moveit_simple_controller_manager:/home/jone/ws_moveit/install/moveit_setup_assistant:/home/jone/ws_moveit/install/moveit_setup_srdf_plugins:/home/jone/ws_moveit/install/moveit_setup_core_plugins:/home/jone/ws_moveit/install/moveit_setup_controllers:/home/jone/ws_moveit/install/moveit_setup_app_plugins:/home/jone/ws_moveit/install/moveit_setup_framework:/home/jone/ws_moveit/install/moveit_servo:/home/jone/ws_moveit/install/moveit_ros:/home/jone/ws_moveit/install/moveit_ros_visualization:/home/jone/ws_moveit/install/moveit_hybrid_planning:/home/jone/ws_moveit/install/moveit_ros_planning_interface:/home/jone/ws_moveit/install/moveit_ros_benchmarks:/home/jone/ws_moveit/install/moveit_ros_warehouse:/home/jone/ws_moveit/install/moveit_ros_robot_interaction:/home/jone/ws_moveit/install/moveit_ros_perception:/home/jone/ws_moveit/install/moveit_resources_prbt_pg70_support:/home/jone/ws_moveit/install/moveit_resources_prbt_moveit_config:/home/jone/ws_moveit/install/moveit_ros_move_group:/home/jone/ws_moveit/install/moveit_planners_ompl:/home/jone/ws_moveit/install/moveit_ros_planning:/home/jone/ws_moveit/install/moveit_resources_prbt_ikfast_manipulator_plugin:/home/jone/ws_moveit/install/moveit_planners_chomp:/home/jone/ws_moveit/install/moveit_kinematics:/home/jone/ws_moveit/install/moveit_chomp_optimizer_adapter:/home/jone/ws_moveit/install/chomp_motion_planner:/home/jone/ws_moveit/install/rviz_marker_tools:/home/jone/ws_moveit/install/rosparam_shortcuts:/home/jone/ws_moveit/install/moveit_task_constructor_msgs:/home/jone/ws_moveit/install/moveit_resources_prbt_support:/home/jone/ws_moveit/install/moveit_resources:/home/jone/ws_moveit/install/moveit_resources_fanuc_moveit_config:/home/jone/ws_moveit/install/moveit_resources_fanuc_description:/home/jone/ws_moveit/install/moveit_configs_utils:/home/jone/ws_moveit/install/launch_param_builder:/opt/ros/humble LD_LIBRARY_PATH=/home/jone/ws_moveit/install/moveit_ros_occupancy_map_monitor/lib:/home/jone/ws_moveit/install/moveit_core/lib:/home/jone/ws_moveit/install/srdfdom/lib:/home/jone/ws_moveit/install/pilz_industrial_motion_planner_testutils/lib:/home/jone/ws_moveit/install/pilz_industrial_motion_planner/lib:/home/jone/ws_moveit/install/moveit_visual_tools/lib:/home/jone/ws_moveit/install/moveit_task_constructor_visualization/lib:/home/jone/ws_moveit/install/moveit_task_constructor_demo/lib:/home/jone/ws_moveit/install/moveit_task_constructor_capabilities/lib:/home/jone/ws_moveit/install/moveit_task_constructor_core/lib:/home/jone/ws_moveit/install/moveit_ros_control_interface/lib:/home/jone/ws_moveit/install/moveit_simple_controller_manager/lib:/home/jone/ws_moveit/install/moveit_setup_assistant/lib:/home/jone/ws_moveit/install/moveit_setup_srdf_plugins/lib:/home/jone/ws_moveit/install/moveit_setup_core_plugins/lib:/home/jone/ws_moveit/install/moveit_setup_controllers/lib:/home/jone/ws_moveit/install/moveit_setup_app_plugins/lib:/home/jone/ws_moveit/install/moveit_setup_framework/lib:/home/jone/ws_moveit/install/moveit_servo/lib:/home/jone/ws_moveit/install/moveit_ros_visualization/lib:/home/jone/ws_moveit/install/moveit_hybrid_planning/lib:/home/jone/ws_moveit/install/moveit_ros_planning_interface/lib:/home/jone/ws_moveit/install/moveit_ros_benchmarks/lib:/home/jone/ws_moveit/install/moveit_ros_warehouse/lib:/home/jone/ws_moveit/install/moveit_ros_robot_interaction/lib:/home/jone/ws_moveit/install/moveit_ros_perception/lib:/home/jone/ws_moveit/install/moveit_ros_move_group/lib:/home/jone/ws_moveit/install/moveit_planners_ompl/lib:/home/jone/ws_moveit/install/moveit_ros_planning/lib:/home/jone/ws_moveit/install/moveit_resources_prbt_ikfast_manipulator_plugin/lib:/home/jone/ws_moveit/install/moveit_planners_chomp/lib:/home/jone/ws_moveit/install/moveit_kinematics/lib:/home/jone/ws_moveit/install/moveit_chomp_optimizer_adapter/lib:/home/jone/ws_moveit/install/chomp_motion_planner/lib:/home/jone/ws_moveit/install/rviz_marker_tools/lib:/home/jone/ws_moveit/install/rosparam_shortcuts/lib:/home/jone/ws_moveit/install/moveit_task_constructor_msgs/lib:/opt/ros/humble/opt/rviz_ogre_vendor/lib:/opt/ros/humble/lib/x86_64-linux-gnu:/opt/ros/humble/lib:/usr/lib/x86_64-linux-gnu/gazebo-11/plugins:/usr/lib/x86_64-linux-gnu/gazebo-11/plugins:/usr/lib/x86_64-linux-gnu/gazebo-11/plugins PYTHONPATH=/home/jone/ws_moveit/install/moveit_configs_utils/lib/python3.10/site-packages:/home/jone/ws_moveit/install/launch_param_builder/lib/python3.10/site-packages:/home/jone/ws_moveit/install/moveit_task_constructor_core/local/lib/python3.10/dist-packages:/home/jone/ws_moveit/install/srdfdom/local/lib/python3.10/dist-packages:/home/jone/ws_moveit/install/moveit_task_constructor_msgs/local/lib/python3.10/dist-packages:/opt/ros/humble/lib/python3.10/site-packages:/opt/ros/humble/local/lib/python3.10/dist-packages /usr/bin/cmake --install /home/jone/ws_moveit/build/moveit_ros_planning
[7.154s] Level 1:colcon.colcon_core.environment:checking '/home/jone/ws_moveit/install/moveit_ros_planning' for CMake config files
[7.154s] Level 1:colcon.colcon_core.shell:create_environment_hook('moveit_ros_planning', 'cmake_prefix_path')
[7.154s] INFO:colcon.colcon_core.shell:Creating environment hook '/home/jone/ws_moveit/install/moveit_ros_planning/share/moveit_ros_planning/hook/cmake_prefix_path.ps1'
[7.155s] INFO:colcon.colcon_core.shell:Creating environment descriptor '/home/jone/ws_moveit/install/moveit_ros_planning/share/moveit_ros_planning/hook/cmake_prefix_path.dsv'
[7.155s] INFO:colcon.colcon_core.shell:Creating environment hook '/home/jone/ws_moveit/install/moveit_ros_planning/share/moveit_ros_planning/hook/cmake_prefix_path.sh'
[7.155s] Level 1:colcon.colcon_core.environment:checking '/home/jone/ws_moveit/install/moveit_ros_planning/lib'
[7.156s] Level 1:colcon.colcon_core.shell:create_environment_hook('moveit_ros_planning', 'ld_library_path_lib')
[7.156s] INFO:colcon.colcon_core.shell:Creating environment hook '/home/jone/ws_moveit/install/moveit_ros_planning/share/moveit_ros_planning/hook/ld_library_path_lib.ps1'
[7.156s] INFO:colcon.colcon_core.shell:Creating environment descriptor '/home/jone/ws_moveit/install/moveit_ros_planning/share/moveit_ros_planning/hook/ld_library_path_lib.dsv'
[7.156s] INFO:colcon.colcon_core.shell:Creating environment hook '/home/jone/ws_moveit/install/moveit_ros_planning/share/moveit_ros_planning/hook/ld_library_path_lib.sh'
[7.157s] Level 1:colcon.colcon_core.environment:checking '/home/jone/ws_moveit/install/moveit_ros_planning/bin'
[7.157s] Level 1:colcon.colcon_core.environment:checking '/home/jone/ws_moveit/install/moveit_ros_planning/lib/pkgconfig/moveit_ros_planning.pc'
[7.157s] Level 1:colcon.colcon_core.environment:checking '/home/jone/ws_moveit/install/moveit_ros_planning/lib/python3.10/site-packages'
[7.157s] Level 1:colcon.colcon_core.environment:checking '/home/jone/ws_moveit/install/moveit_ros_planning/bin'
[7.157s] INFO:colcon.colcon_core.shell:Creating package script '/home/jone/ws_moveit/install/moveit_ros_planning/share/moveit_ros_planning/package.ps1'
[7.158s] INFO:colcon.colcon_core.shell:Creating package descriptor '/home/jone/ws_moveit/install/moveit_ros_planning/share/moveit_ros_planning/package.dsv'
[7.158s] INFO:colcon.colcon_core.shell:Creating package script '/home/jone/ws_moveit/install/moveit_ros_planning/share/moveit_ros_planning/package.sh'
[7.158s] INFO:colcon.colcon_core.shell:Creating package script '/home/jone/ws_moveit/install/moveit_ros_planning/share/moveit_ros_planning/package.bash'
[7.158s] INFO:colcon.colcon_core.shell:Creating package script '/home/jone/ws_moveit/install/moveit_ros_planning/share/moveit_ros_planning/package.zsh'
[7.159s] Level 1:colcon.colcon_core.environment:create_file_with_runtime_dependencies(/home/jone/ws_moveit/install/moveit_ros_planning/share/colcon-core/packages/moveit_ros_planning)
[7.159s] Level 1:colcon.colcon_core.environment:create_environment_scripts_only(moveit_ros_planning)
[7.159s] Level 1:colcon.colcon_core.environment:checking '/home/jone/ws_moveit/install/moveit_ros_planning' for CMake module files
[7.160s] Level 1:colcon.colcon_core.environment:checking '/home/jone/ws_moveit/install/moveit_ros_planning' for CMake config files
[7.160s] Level 1:colcon.colcon_core.shell:create_environment_hook('moveit_ros_planning', 'cmake_prefix_path')
[7.160s] INFO:colcon.colcon_core.shell:Creating environment hook '/home/jone/ws_moveit/install/moveit_ros_planning/share/moveit_ros_planning/hook/cmake_prefix_path.ps1'
[7.160s] INFO:colcon.colcon_core.shell:Creating environment descriptor '/home/jone/ws_moveit/install/moveit_ros_planning/share/moveit_ros_planning/hook/cmake_prefix_path.dsv'
[7.161s] INFO:colcon.colcon_core.shell:Creating environment hook '/home/jone/ws_moveit/install/moveit_ros_planning/share/moveit_ros_planning/hook/cmake_prefix_path.sh'
[7.161s] Level 1:colcon.colcon_core.environment:checking '/home/jone/ws_moveit/install/moveit_ros_planning/lib'
[7.161s] Level 1:colcon.colcon_core.shell:create_environment_hook('moveit_ros_planning', 'ld_library_path_lib')
[7.161s] INFO:colcon.colcon_core.shell:Creating environment hook '/home/jone/ws_moveit/install/moveit_ros_planning/share/moveit_ros_planning/hook/ld_library_path_lib.ps1'
[7.162s] INFO:colcon.colcon_core.shell:Creating environment descriptor '/home/jone/ws_moveit/install/moveit_ros_planning/share/moveit_ros_planning/hook/ld_library_path_lib.dsv'
[7.162s] INFO:colcon.colcon_core.shell:Creating environment hook '/home/jone/ws_moveit/install/moveit_ros_planning/share/moveit_ros_planning/hook/ld_library_path_lib.sh'
[7.162s] Level 1:colcon.colcon_core.environment:checking '/home/jone/ws_moveit/install/moveit_ros_planning/bin'
[7.162s] Level 1:colcon.colcon_core.environment:checking '/home/jone/ws_moveit/install/moveit_ros_planning/lib/pkgconfig/moveit_ros_planning.pc'
[7.162s] Level 1:colcon.colcon_core.environment:checking '/home/jone/ws_moveit/install/moveit_ros_planning/lib/python3.10/site-packages'
[7.162s] Level 1:colcon.colcon_core.environment:checking '/home/jone/ws_moveit/install/moveit_ros_planning/bin'
[7.163s] INFO:colcon.colcon_core.shell:Creating package script '/home/jone/ws_moveit/install/moveit_ros_planning/share/moveit_ros_planning/package.ps1'
[7.163s] INFO:colcon.colcon_core.shell:Creating package descriptor '/home/jone/ws_moveit/install/moveit_ros_planning/share/moveit_ros_planning/package.dsv'
[7.163s] INFO:colcon.colcon_core.shell:Creating package script '/home/jone/ws_moveit/install/moveit_ros_planning/share/moveit_ros_planning/package.sh'
[7.164s] INFO:colcon.colcon_core.shell:Creating package script '/home/jone/ws_moveit/install/moveit_ros_planning/share/moveit_ros_planning/package.bash'
[7.164s] INFO:colcon.colcon_core.shell:Creating package script '/home/jone/ws_moveit/install/moveit_ros_planning/share/moveit_ros_planning/package.zsh'
[7.164s] Level 1:colcon.colcon_core.environment:create_file_with_runtime_dependencies(/home/jone/ws_moveit/install/moveit_ros_planning/share/colcon-core/packages/moveit_ros_planning)
[7.164s] DEBUG:colcon.colcon_core.executor.sequential:run_until_complete 'moveit_ros_planning' finished with '0'
[7.165s] DEBUG:colcon.colcon_core.executor.sequential:run_until_complete 'moveit_kinematics'
[7.165s] INFO:colcon.colcon_ros.task.ament_cmake.build:Building ROS package in '/home/jone/ws_moveit/src/moveit2/moveit_kinematics' with build type 'ament_cmake'
[7.165s] INFO:colcon.colcon_cmake.task.cmake.build:Building CMake package in '/home/jone/ws_moveit/src/moveit2/moveit_kinematics'
[7.165s] INFO:colcon.colcon_core.shell:Skip shell extension 'powershell' for command environment: Not usable outside of PowerShell
[7.165s] DEBUG:colcon.colcon_core.shell:Skip shell extension 'dsv' for command environment
[7.200s] DEBUG:colcon.colcon_core.event_handler.log_command:Invoking command in '/home/jone/ws_moveit/build/moveit_kinematics': AMENT_PREFIX_PATH=/home/jone/ws_moveit/install/moveit_configs_utils:/home/jone/ws_moveit/install/launch_param_builder:/home/jone/ws_moveit/install/pilz_industrial_motion_planner_testutils:/home/jone/ws_moveit/install/moveit_runtime:/home/jone/ws_moveit/install/moveit2_tutorials:/home/jone/ws_moveit/install/moveit:/home/jone/ws_moveit/install/moveit_planners:/home/jone/ws_moveit/install/pilz_industrial_motion_planner:/home/jone/ws_moveit/install/moveit_visual_tools:/home/jone/ws_moveit/install/moveit_task_constructor_visualization:/home/jone/ws_moveit/install/moveit_task_constructor_demo:/home/jone/ws_moveit/install/moveit_task_constructor_capabilities:/home/jone/ws_moveit/install/moveit_task_constructor_core:/home/jone/ws_moveit/install/moveit_ros_control_interface:/home/jone/ws_moveit/install/moveit_plugins:/home/jone/ws_moveit/install/moveit_simple_controller_manager:/home/jone/ws_moveit/install/moveit_setup_assistant:/home/jone/ws_moveit/install/moveit_setup_srdf_plugins:/home/jone/ws_moveit/install/moveit_setup_core_plugins:/home/jone/ws_moveit/install/moveit_setup_controllers:/home/jone/ws_moveit/install/moveit_setup_app_plugins:/home/jone/ws_moveit/install/moveit_setup_framework:/home/jone/ws_moveit/install/moveit_servo:/home/jone/ws_moveit/install/moveit_ros:/home/jone/ws_moveit/install/moveit_ros_visualization:/home/jone/ws_moveit/install/moveit_hybrid_planning:/home/jone/ws_moveit/install/moveit_ros_planning_interface:/home/jone/ws_moveit/install/moveit_ros_benchmarks:/home/jone/ws_moveit/install/moveit_ros_warehouse:/home/jone/ws_moveit/install/moveit_ros_robot_interaction:/home/jone/ws_moveit/install/moveit_ros_perception:/home/jone/ws_moveit/install/moveit_resources_prbt_pg70_support:/home/jone/ws_moveit/install/moveit_resources_prbt_moveit_config:/home/jone/ws_moveit/install/moveit_ros_move_group:/home/jone/ws_moveit/install/moveit_planners_ompl:/home/jone/ws_moveit/install/moveit_ros_planning:/home/jone/ws_moveit/install/moveit_ros_occupancy_map_monitor:/home/jone/ws_moveit/install/moveit_resources_prbt_ikfast_manipulator_plugin:/home/jone/ws_moveit/install/moveit_planners_chomp:/home/jone/ws_moveit/install/moveit_kinematics:/home/jone/ws_moveit/install/moveit_chomp_optimizer_adapter:/home/jone/ws_moveit/install/chomp_motion_planner:/home/jone/ws_moveit/install/moveit_core:/home/jone/ws_moveit/install/srdfdom:/home/jone/ws_moveit/install/rviz_marker_tools:/home/jone/ws_moveit/install/rosparam_shortcuts:/home/jone/ws_moveit/install/moveit_task_constructor_msgs:/home/jone/ws_moveit/install/moveit_resources_prbt_support:/home/jone/ws_moveit/install/moveit_resources:/home/jone/ws_moveit/install/moveit_resources_pr2_description:/home/jone/ws_moveit/install/moveit_resources_panda_moveit_config:/home/jone/ws_moveit/install/moveit_resources_panda_description:/home/jone/ws_moveit/install/moveit_resources_fanuc_moveit_config:/home/jone/ws_moveit/install/moveit_resources_fanuc_description:/home/jone/ws_moveit/install/moveit_common:/opt/ros/humble CMAKE_PREFIX_PATH=/home/jone/ws_moveit/install/moveit_ros_planning:/home/jone/ws_moveit/install/moveit_ros_occupancy_map_monitor:/home/jone/ws_moveit/install/moveit_core:/home/jone/ws_moveit/install/moveit_resources_panda_moveit_config:/home/jone/ws_moveit/install/moveit_resources_fanuc_moveit_config:/home/jone/ws_moveit/install/srdfdom:/home/jone/ws_moveit/install/moveit_resources_pr2_description:/home/jone/ws_moveit/install/moveit_resources_panda_description:/home/jone/ws_moveit/install/moveit_resources_fanuc_description:/home/jone/ws_moveit/install/moveit_common:/home/jone/ws_moveit/install/pilz_industrial_motion_planner_testutils:/home/jone/ws_moveit/install/moveit_runtime:/home/jone/ws_moveit/install/moveit2_tutorials:/home/jone/ws_moveit/install/moveit:/home/jone/ws_moveit/install/moveit_planners:/home/jone/ws_moveit/install/pilz_industrial_motion_planner:/home/jone/ws_moveit/install/moveit_visual_tools:/home/jone/ws_moveit/install/moveit_task_constructor_visualization:/home/jone/ws_moveit/install/moveit_task_constructor_demo:/home/jone/ws_moveit/install/moveit_task_constructor_capabilities:/home/jone/ws_moveit/install/moveit_task_constructor_core:/home/jone/ws_moveit/install/moveit_ros_control_interface:/home/jone/ws_moveit/install/moveit_plugins:/home/jone/ws_moveit/install/moveit_simple_controller_manager:/home/jone/ws_moveit/install/moveit_setup_assistant:/home/jone/ws_moveit/install/moveit_setup_srdf_plugins:/home/jone/ws_moveit/install/moveit_setup_core_plugins:/home/jone/ws_moveit/install/moveit_setup_controllers:/home/jone/ws_moveit/install/moveit_setup_app_plugins:/home/jone/ws_moveit/install/moveit_setup_framework:/home/jone/ws_moveit/install/moveit_servo:/home/jone/ws_moveit/install/moveit_ros:/home/jone/ws_moveit/install/moveit_ros_visualization:/home/jone/ws_moveit/install/moveit_hybrid_planning:/home/jone/ws_moveit/install/moveit_ros_planning_interface:/home/jone/ws_moveit/install/moveit_ros_benchmarks:/home/jone/ws_moveit/install/moveit_ros_warehouse:/home/jone/ws_moveit/install/moveit_ros_robot_interaction:/home/jone/ws_moveit/install/moveit_ros_perception:/home/jone/ws_moveit/install/moveit_resources_prbt_pg70_support:/home/jone/ws_moveit/install/moveit_resources_prbt_moveit_config:/home/jone/ws_moveit/install/moveit_ros_move_group:/home/jone/ws_moveit/install/moveit_planners_ompl:/home/jone/ws_moveit/install/moveit_resources_prbt_ikfast_manipulator_plugin:/home/jone/ws_moveit/install/moveit_planners_chomp:/home/jone/ws_moveit/install/moveit_kinematics:/home/jone/ws_moveit/install/moveit_chomp_optimizer_adapter:/home/jone/ws_moveit/install/chomp_motion_planner:/home/jone/ws_moveit/install/rviz_marker_tools:/home/jone/ws_moveit/install/rosparam_shortcuts:/home/jone/ws_moveit/install/moveit_task_constructor_msgs:/home/jone/ws_moveit/install/moveit_resources_prbt_support:/home/jone/ws_moveit/install/moveit_resources:/home/jone/ws_moveit/install/moveit_configs_utils:/home/jone/ws_moveit/install/launch_param_builder:/opt/ros/humble LD_LIBRARY_PATH=/home/jone/ws_moveit/install/moveit_ros_planning/lib:/home/jone/ws_moveit/install/moveit_ros_occupancy_map_monitor/lib:/home/jone/ws_moveit/install/moveit_core/lib:/home/jone/ws_moveit/install/srdfdom/lib:/home/jone/ws_moveit/install/pilz_industrial_motion_planner_testutils/lib:/home/jone/ws_moveit/install/pilz_industrial_motion_planner/lib:/home/jone/ws_moveit/install/moveit_visual_tools/lib:/home/jone/ws_moveit/install/moveit_task_constructor_visualization/lib:/home/jone/ws_moveit/install/moveit_task_constructor_demo/lib:/home/jone/ws_moveit/install/moveit_task_constructor_capabilities/lib:/home/jone/ws_moveit/install/moveit_task_constructor_core/lib:/home/jone/ws_moveit/install/moveit_ros_control_interface/lib:/home/jone/ws_moveit/install/moveit_simple_controller_manager/lib:/home/jone/ws_moveit/install/moveit_setup_assistant/lib:/home/jone/ws_moveit/install/moveit_setup_srdf_plugins/lib:/home/jone/ws_moveit/install/moveit_setup_core_plugins/lib:/home/jone/ws_moveit/install/moveit_setup_controllers/lib:/home/jone/ws_moveit/install/moveit_setup_app_plugins/lib:/home/jone/ws_moveit/install/moveit_setup_framework/lib:/home/jone/ws_moveit/install/moveit_servo/lib:/home/jone/ws_moveit/install/moveit_ros_visualization/lib:/home/jone/ws_moveit/install/moveit_hybrid_planning/lib:/home/jone/ws_moveit/install/moveit_ros_planning_interface/lib:/home/jone/ws_moveit/install/moveit_ros_benchmarks/lib:/home/jone/ws_moveit/install/moveit_ros_warehouse/lib:/home/jone/ws_moveit/install/moveit_ros_robot_interaction/lib:/home/jone/ws_moveit/install/moveit_ros_perception/lib:/home/jone/ws_moveit/install/moveit_ros_move_group/lib:/home/jone/ws_moveit/install/moveit_planners_ompl/lib:/home/jone/ws_moveit/install/moveit_resources_prbt_ikfast_manipulator_plugin/lib:/home/jone/ws_moveit/install/moveit_planners_chomp/lib:/home/jone/ws_moveit/install/moveit_kinematics/lib:/home/jone/ws_moveit/install/moveit_chomp_optimizer_adapter/lib:/home/jone/ws_moveit/install/chomp_motion_planner/lib:/home/jone/ws_moveit/install/rviz_marker_tools/lib:/home/jone/ws_moveit/install/rosparam_shortcuts/lib:/home/jone/ws_moveit/install/moveit_task_constructor_msgs/lib:/opt/ros/humble/opt/rviz_ogre_vendor/lib:/opt/ros/humble/lib/x86_64-linux-gnu:/opt/ros/humble/lib:/usr/lib/x86_64-linux-gnu/gazebo-11/plugins:/usr/lib/x86_64-linux-gnu/gazebo-11/plugins:/usr/lib/x86_64-linux-gnu/gazebo-11/plugins PYTHONPATH=/home/jone/ws_moveit/install/moveit_configs_utils/lib/python3.10/site-packages:/home/jone/ws_moveit/install/launch_param_builder/lib/python3.10/site-packages:/home/jone/ws_moveit/install/moveit_task_constructor_core/local/lib/python3.10/dist-packages:/home/jone/ws_moveit/install/srdfdom/local/lib/python3.10/dist-packages:/home/jone/ws_moveit/install/moveit_task_constructor_msgs/local/lib/python3.10/dist-packages:/opt/ros/humble/lib/python3.10/site-packages:/opt/ros/humble/local/lib/python3.10/dist-packages /usr/bin/cmake --build /home/jone/ws_moveit/build/moveit_kinematics -- -j16 -l16
[32.975s] DEBUG:colcon.colcon_core.event_handler.log_command:Invoked command in '/home/jone/ws_moveit/build/moveit_kinematics' returned '0': AMENT_PREFIX_PATH=/home/jone/ws_moveit/install/moveit_configs_utils:/home/jone/ws_moveit/install/launch_param_builder:/home/jone/ws_moveit/install/pilz_industrial_motion_planner_testutils:/home/jone/ws_moveit/install/moveit_runtime:/home/jone/ws_moveit/install/moveit2_tutorials:/home/jone/ws_moveit/install/moveit:/home/jone/ws_moveit/install/moveit_planners:/home/jone/ws_moveit/install/pilz_industrial_motion_planner:/home/jone/ws_moveit/install/moveit_visual_tools:/home/jone/ws_moveit/install/moveit_task_constructor_visualization:/home/jone/ws_moveit/install/moveit_task_constructor_demo:/home/jone/ws_moveit/install/moveit_task_constructor_capabilities:/home/jone/ws_moveit/install/moveit_task_constructor_core:/home/jone/ws_moveit/install/moveit_ros_control_interface:/home/jone/ws_moveit/install/moveit_plugins:/home/jone/ws_moveit/install/moveit_simple_controller_manager:/home/jone/ws_moveit/install/moveit_setup_assistant:/home/jone/ws_moveit/install/moveit_setup_srdf_plugins:/home/jone/ws_moveit/install/moveit_setup_core_plugins:/home/jone/ws_moveit/install/moveit_setup_controllers:/home/jone/ws_moveit/install/moveit_setup_app_plugins:/home/jone/ws_moveit/install/moveit_setup_framework:/home/jone/ws_moveit/install/moveit_servo:/home/jone/ws_moveit/install/moveit_ros:/home/jone/ws_moveit/install/moveit_ros_visualization:/home/jone/ws_moveit/install/moveit_hybrid_planning:/home/jone/ws_moveit/install/moveit_ros_planning_interface:/home/jone/ws_moveit/install/moveit_ros_benchmarks:/home/jone/ws_moveit/install/moveit_ros_warehouse:/home/jone/ws_moveit/install/moveit_ros_robot_interaction:/home/jone/ws_moveit/install/moveit_ros_perception:/home/jone/ws_moveit/install/moveit_resources_prbt_pg70_support:/home/jone/ws_moveit/install/moveit_resources_prbt_moveit_config:/home/jone/ws_moveit/install/moveit_ros_move_group:/home/jone/ws_moveit/install/moveit_planners_ompl:/home/jone/ws_moveit/install/moveit_ros_planning:/home/jone/ws_moveit/install/moveit_ros_occupancy_map_monitor:/home/jone/ws_moveit/install/moveit_resources_prbt_ikfast_manipulator_plugin:/home/jone/ws_moveit/install/moveit_planners_chomp:/home/jone/ws_moveit/install/moveit_kinematics:/home/jone/ws_moveit/install/moveit_chomp_optimizer_adapter:/home/jone/ws_moveit/install/chomp_motion_planner:/home/jone/ws_moveit/install/moveit_core:/home/jone/ws_moveit/install/srdfdom:/home/jone/ws_moveit/install/rviz_marker_tools:/home/jone/ws_moveit/install/rosparam_shortcuts:/home/jone/ws_moveit/install/moveit_task_constructor_msgs:/home/jone/ws_moveit/install/moveit_resources_prbt_support:/home/jone/ws_moveit/install/moveit_resources:/home/jone/ws_moveit/install/moveit_resources_pr2_description:/home/jone/ws_moveit/install/moveit_resources_panda_moveit_config:/home/jone/ws_moveit/install/moveit_resources_panda_description:/home/jone/ws_moveit/install/moveit_resources_fanuc_moveit_config:/home/jone/ws_moveit/install/moveit_resources_fanuc_description:/home/jone/ws_moveit/install/moveit_common:/opt/ros/humble CMAKE_PREFIX_PATH=/home/jone/ws_moveit/install/moveit_ros_planning:/home/jone/ws_moveit/install/moveit_ros_occupancy_map_monitor:/home/jone/ws_moveit/install/moveit_core:/home/jone/ws_moveit/install/moveit_resources_panda_moveit_config:/home/jone/ws_moveit/install/moveit_resources_fanuc_moveit_config:/home/jone/ws_moveit/install/srdfdom:/home/jone/ws_moveit/install/moveit_resources_pr2_description:/home/jone/ws_moveit/install/moveit_resources_panda_description:/home/jone/ws_moveit/install/moveit_resources_fanuc_description:/home/jone/ws_moveit/install/moveit_common:/home/jone/ws_moveit/install/pilz_industrial_motion_planner_testutils:/home/jone/ws_moveit/install/moveit_runtime:/home/jone/ws_moveit/install/moveit2_tutorials:/home/jone/ws_moveit/install/moveit:/home/jone/ws_moveit/install/moveit_planners:/home/jone/ws_moveit/install/pilz_industrial_motion_planner:/home/jone/ws_moveit/install/moveit_visual_tools:/home/jone/ws_moveit/install/moveit_task_constructor_visualization:/home/jone/ws_moveit/install/moveit_task_constructor_demo:/home/jone/ws_moveit/install/moveit_task_constructor_capabilities:/home/jone/ws_moveit/install/moveit_task_constructor_core:/home/jone/ws_moveit/install/moveit_ros_control_interface:/home/jone/ws_moveit/install/moveit_plugins:/home/jone/ws_moveit/install/moveit_simple_controller_manager:/home/jone/ws_moveit/install/moveit_setup_assistant:/home/jone/ws_moveit/install/moveit_setup_srdf_plugins:/home/jone/ws_moveit/install/moveit_setup_core_plugins:/home/jone/ws_moveit/install/moveit_setup_controllers:/home/jone/ws_moveit/install/moveit_setup_app_plugins:/home/jone/ws_moveit/install/moveit_setup_framework:/home/jone/ws_moveit/install/moveit_servo:/home/jone/ws_moveit/install/moveit_ros:/home/jone/ws_moveit/install/moveit_ros_visualization:/home/jone/ws_moveit/install/moveit_hybrid_planning:/home/jone/ws_moveit/install/moveit_ros_planning_interface:/home/jone/ws_moveit/install/moveit_ros_benchmarks:/home/jone/ws_moveit/install/moveit_ros_warehouse:/home/jone/ws_moveit/install/moveit_ros_robot_interaction:/home/jone/ws_moveit/install/moveit_ros_perception:/home/jone/ws_moveit/install/moveit_resources_prbt_pg70_support:/home/jone/ws_moveit/install/moveit_resources_prbt_moveit_config:/home/jone/ws_moveit/install/moveit_ros_move_group:/home/jone/ws_moveit/install/moveit_planners_ompl:/home/jone/ws_moveit/install/moveit_resources_prbt_ikfast_manipulator_plugin:/home/jone/ws_moveit/install/moveit_planners_chomp:/home/jone/ws_moveit/install/moveit_kinematics:/home/jone/ws_moveit/install/moveit_chomp_optimizer_adapter:/home/jone/ws_moveit/install/chomp_motion_planner:/home/jone/ws_moveit/install/rviz_marker_tools:/home/jone/ws_moveit/install/rosparam_shortcuts:/home/jone/ws_moveit/install/moveit_task_constructor_msgs:/home/jone/ws_moveit/install/moveit_resources_prbt_support:/home/jone/ws_moveit/install/moveit_resources:/home/jone/ws_moveit/install/moveit_configs_utils:/home/jone/ws_moveit/install/launch_param_builder:/opt/ros/humble LD_LIBRARY_PATH=/home/jone/ws_moveit/install/moveit_ros_planning/lib:/home/jone/ws_moveit/install/moveit_ros_occupancy_map_monitor/lib:/home/jone/ws_moveit/install/moveit_core/lib:/home/jone/ws_moveit/install/srdfdom/lib:/home/jone/ws_moveit/install/pilz_industrial_motion_planner_testutils/lib:/home/jone/ws_moveit/install/pilz_industrial_motion_planner/lib:/home/jone/ws_moveit/install/moveit_visual_tools/lib:/home/jone/ws_moveit/install/moveit_task_constructor_visualization/lib:/home/jone/ws_moveit/install/moveit_task_constructor_demo/lib:/home/jone/ws_moveit/install/moveit_task_constructor_capabilities/lib:/home/jone/ws_moveit/install/moveit_task_constructor_core/lib:/home/jone/ws_moveit/install/moveit_ros_control_interface/lib:/home/jone/ws_moveit/install/moveit_simple_controller_manager/lib:/home/jone/ws_moveit/install/moveit_setup_assistant/lib:/home/jone/ws_moveit/install/moveit_setup_srdf_plugins/lib:/home/jone/ws_moveit/install/moveit_setup_core_plugins/lib:/home/jone/ws_moveit/install/moveit_setup_controllers/lib:/home/jone/ws_moveit/install/moveit_setup_app_plugins/lib:/home/jone/ws_moveit/install/moveit_setup_framework/lib:/home/jone/ws_moveit/install/moveit_servo/lib:/home/jone/ws_moveit/install/moveit_ros_visualization/lib:/home/jone/ws_moveit/install/moveit_hybrid_planning/lib:/home/jone/ws_moveit/install/moveit_ros_planning_interface/lib:/home/jone/ws_moveit/install/moveit_ros_benchmarks/lib:/home/jone/ws_moveit/install/moveit_ros_warehouse/lib:/home/jone/ws_moveit/install/moveit_ros_robot_interaction/lib:/home/jone/ws_moveit/install/moveit_ros_perception/lib:/home/jone/ws_moveit/install/moveit_ros_move_group/lib:/home/jone/ws_moveit/install/moveit_planners_ompl/lib:/home/jone/ws_moveit/install/moveit_resources_prbt_ikfast_manipulator_plugin/lib:/home/jone/ws_moveit/install/moveit_planners_chomp/lib:/home/jone/ws_moveit/install/moveit_kinematics/lib:/home/jone/ws_moveit/install/moveit_chomp_optimizer_adapter/lib:/home/jone/ws_moveit/install/chomp_motion_planner/lib:/home/jone/ws_moveit/install/rviz_marker_tools/lib:/home/jone/ws_moveit/install/rosparam_shortcuts/lib:/home/jone/ws_moveit/install/moveit_task_constructor_msgs/lib:/opt/ros/humble/opt/rviz_ogre_vendor/lib:/opt/ros/humble/lib/x86_64-linux-gnu:/opt/ros/humble/lib:/usr/lib/x86_64-linux-gnu/gazebo-11/plugins:/usr/lib/x86_64-linux-gnu/gazebo-11/plugins:/usr/lib/x86_64-linux-gnu/gazebo-11/plugins PYTHONPATH=/home/jone/ws_moveit/install/moveit_configs_utils/lib/python3.10/site-packages:/home/jone/ws_moveit/install/launch_param_builder/lib/python3.10/site-packages:/home/jone/ws_moveit/install/moveit_task_constructor_core/local/lib/python3.10/dist-packages:/home/jone/ws_moveit/install/srdfdom/local/lib/python3.10/dist-packages:/home/jone/ws_moveit/install/moveit_task_constructor_msgs/local/lib/python3.10/dist-packages:/opt/ros/humble/lib/python3.10/site-packages:/opt/ros/humble/local/lib/python3.10/dist-packages /usr/bin/cmake --build /home/jone/ws_moveit/build/moveit_kinematics -- -j16 -l16
[32.977s] DEBUG:colcon.colcon_core.event_handler.log_command:Invoking command in '/home/jone/ws_moveit/build/moveit_kinematics': AMENT_PREFIX_PATH=/home/jone/ws_moveit/install/moveit_configs_utils:/home/jone/ws_moveit/install/launch_param_builder:/home/jone/ws_moveit/install/pilz_industrial_motion_planner_testutils:/home/jone/ws_moveit/install/moveit_runtime:/home/jone/ws_moveit/install/moveit2_tutorials:/home/jone/ws_moveit/install/moveit:/home/jone/ws_moveit/install/moveit_planners:/home/jone/ws_moveit/install/pilz_industrial_motion_planner:/home/jone/ws_moveit/install/moveit_visual_tools:/home/jone/ws_moveit/install/moveit_task_constructor_visualization:/home/jone/ws_moveit/install/moveit_task_constructor_demo:/home/jone/ws_moveit/install/moveit_task_constructor_capabilities:/home/jone/ws_moveit/install/moveit_task_constructor_core:/home/jone/ws_moveit/install/moveit_ros_control_interface:/home/jone/ws_moveit/install/moveit_plugins:/home/jone/ws_moveit/install/moveit_simple_controller_manager:/home/jone/ws_moveit/install/moveit_setup_assistant:/home/jone/ws_moveit/install/moveit_setup_srdf_plugins:/home/jone/ws_moveit/install/moveit_setup_core_plugins:/home/jone/ws_moveit/install/moveit_setup_controllers:/home/jone/ws_moveit/install/moveit_setup_app_plugins:/home/jone/ws_moveit/install/moveit_setup_framework:/home/jone/ws_moveit/install/moveit_servo:/home/jone/ws_moveit/install/moveit_ros:/home/jone/ws_moveit/install/moveit_ros_visualization:/home/jone/ws_moveit/install/moveit_hybrid_planning:/home/jone/ws_moveit/install/moveit_ros_planning_interface:/home/jone/ws_moveit/install/moveit_ros_benchmarks:/home/jone/ws_moveit/install/moveit_ros_warehouse:/home/jone/ws_moveit/install/moveit_ros_robot_interaction:/home/jone/ws_moveit/install/moveit_ros_perception:/home/jone/ws_moveit/install/moveit_resources_prbt_pg70_support:/home/jone/ws_moveit/install/moveit_resources_prbt_moveit_config:/home/jone/ws_moveit/install/moveit_ros_move_group:/home/jone/ws_moveit/install/moveit_planners_ompl:/home/jone/ws_moveit/install/moveit_ros_planning:/home/jone/ws_moveit/install/moveit_ros_occupancy_map_monitor:/home/jone/ws_moveit/install/moveit_resources_prbt_ikfast_manipulator_plugin:/home/jone/ws_moveit/install/moveit_planners_chomp:/home/jone/ws_moveit/install/moveit_kinematics:/home/jone/ws_moveit/install/moveit_chomp_optimizer_adapter:/home/jone/ws_moveit/install/chomp_motion_planner:/home/jone/ws_moveit/install/moveit_core:/home/jone/ws_moveit/install/srdfdom:/home/jone/ws_moveit/install/rviz_marker_tools:/home/jone/ws_moveit/install/rosparam_shortcuts:/home/jone/ws_moveit/install/moveit_task_constructor_msgs:/home/jone/ws_moveit/install/moveit_resources_prbt_support:/home/jone/ws_moveit/install/moveit_resources:/home/jone/ws_moveit/install/moveit_resources_pr2_description:/home/jone/ws_moveit/install/moveit_resources_panda_moveit_config:/home/jone/ws_moveit/install/moveit_resources_panda_description:/home/jone/ws_moveit/install/moveit_resources_fanuc_moveit_config:/home/jone/ws_moveit/install/moveit_resources_fanuc_description:/home/jone/ws_moveit/install/moveit_common:/opt/ros/humble CMAKE_PREFIX_PATH=/home/jone/ws_moveit/install/moveit_ros_planning:/home/jone/ws_moveit/install/moveit_ros_occupancy_map_monitor:/home/jone/ws_moveit/install/moveit_core:/home/jone/ws_moveit/install/moveit_resources_panda_moveit_config:/home/jone/ws_moveit/install/moveit_resources_fanuc_moveit_config:/home/jone/ws_moveit/install/srdfdom:/home/jone/ws_moveit/install/moveit_resources_pr2_description:/home/jone/ws_moveit/install/moveit_resources_panda_description:/home/jone/ws_moveit/install/moveit_resources_fanuc_description:/home/jone/ws_moveit/install/moveit_common:/home/jone/ws_moveit/install/pilz_industrial_motion_planner_testutils:/home/jone/ws_moveit/install/moveit_runtime:/home/jone/ws_moveit/install/moveit2_tutorials:/home/jone/ws_moveit/install/moveit:/home/jone/ws_moveit/install/moveit_planners:/home/jone/ws_moveit/install/pilz_industrial_motion_planner:/home/jone/ws_moveit/install/moveit_visual_tools:/home/jone/ws_moveit/install/moveit_task_constructor_visualization:/home/jone/ws_moveit/install/moveit_task_constructor_demo:/home/jone/ws_moveit/install/moveit_task_constructor_capabilities:/home/jone/ws_moveit/install/moveit_task_constructor_core:/home/jone/ws_moveit/install/moveit_ros_control_interface:/home/jone/ws_moveit/install/moveit_plugins:/home/jone/ws_moveit/install/moveit_simple_controller_manager:/home/jone/ws_moveit/install/moveit_setup_assistant:/home/jone/ws_moveit/install/moveit_setup_srdf_plugins:/home/jone/ws_moveit/install/moveit_setup_core_plugins:/home/jone/ws_moveit/install/moveit_setup_controllers:/home/jone/ws_moveit/install/moveit_setup_app_plugins:/home/jone/ws_moveit/install/moveit_setup_framework:/home/jone/ws_moveit/install/moveit_servo:/home/jone/ws_moveit/install/moveit_ros:/home/jone/ws_moveit/install/moveit_ros_visualization:/home/jone/ws_moveit/install/moveit_hybrid_planning:/home/jone/ws_moveit/install/moveit_ros_planning_interface:/home/jone/ws_moveit/install/moveit_ros_benchmarks:/home/jone/ws_moveit/install/moveit_ros_warehouse:/home/jone/ws_moveit/install/moveit_ros_robot_interaction:/home/jone/ws_moveit/install/moveit_ros_perception:/home/jone/ws_moveit/install/moveit_resources_prbt_pg70_support:/home/jone/ws_moveit/install/moveit_resources_prbt_moveit_config:/home/jone/ws_moveit/install/moveit_ros_move_group:/home/jone/ws_moveit/install/moveit_planners_ompl:/home/jone/ws_moveit/install/moveit_resources_prbt_ikfast_manipulator_plugin:/home/jone/ws_moveit/install/moveit_planners_chomp:/home/jone/ws_moveit/install/moveit_kinematics:/home/jone/ws_moveit/install/moveit_chomp_optimizer_adapter:/home/jone/ws_moveit/install/chomp_motion_planner:/home/jone/ws_moveit/install/rviz_marker_tools:/home/jone/ws_moveit/install/rosparam_shortcuts:/home/jone/ws_moveit/install/moveit_task_constructor_msgs:/home/jone/ws_moveit/install/moveit_resources_prbt_support:/home/jone/ws_moveit/install/moveit_resources:/home/jone/ws_moveit/install/moveit_configs_utils:/home/jone/ws_moveit/install/launch_param_builder:/opt/ros/humble LD_LIBRARY_PATH=/home/jone/ws_moveit/install/moveit_ros_planning/lib:/home/jone/ws_moveit/install/moveit_ros_occupancy_map_monitor/lib:/home/jone/ws_moveit/install/moveit_core/lib:/home/jone/ws_moveit/install/srdfdom/lib:/home/jone/ws_moveit/install/pilz_industrial_motion_planner_testutils/lib:/home/jone/ws_moveit/install/pilz_industrial_motion_planner/lib:/home/jone/ws_moveit/install/moveit_visual_tools/lib:/home/jone/ws_moveit/install/moveit_task_constructor_visualization/lib:/home/jone/ws_moveit/install/moveit_task_constructor_demo/lib:/home/jone/ws_moveit/install/moveit_task_constructor_capabilities/lib:/home/jone/ws_moveit/install/moveit_task_constructor_core/lib:/home/jone/ws_moveit/install/moveit_ros_control_interface/lib:/home/jone/ws_moveit/install/moveit_simple_controller_manager/lib:/home/jone/ws_moveit/install/moveit_setup_assistant/lib:/home/jone/ws_moveit/install/moveit_setup_srdf_plugins/lib:/home/jone/ws_moveit/install/moveit_setup_core_plugins/lib:/home/jone/ws_moveit/install/moveit_setup_controllers/lib:/home/jone/ws_moveit/install/moveit_setup_app_plugins/lib:/home/jone/ws_moveit/install/moveit_setup_framework/lib:/home/jone/ws_moveit/install/moveit_servo/lib:/home/jone/ws_moveit/install/moveit_ros_visualization/lib:/home/jone/ws_moveit/install/moveit_hybrid_planning/lib:/home/jone/ws_moveit/install/moveit_ros_planning_interface/lib:/home/jone/ws_moveit/install/moveit_ros_benchmarks/lib:/home/jone/ws_moveit/install/moveit_ros_warehouse/lib:/home/jone/ws_moveit/install/moveit_ros_robot_interaction/lib:/home/jone/ws_moveit/install/moveit_ros_perception/lib:/home/jone/ws_moveit/install/moveit_ros_move_group/lib:/home/jone/ws_moveit/install/moveit_planners_ompl/lib:/home/jone/ws_moveit/install/moveit_resources_prbt_ikfast_manipulator_plugin/lib:/home/jone/ws_moveit/install/moveit_planners_chomp/lib:/home/jone/ws_moveit/install/moveit_kinematics/lib:/home/jone/ws_moveit/install/moveit_chomp_optimizer_adapter/lib:/home/jone/ws_moveit/install/chomp_motion_planner/lib:/home/jone/ws_moveit/install/rviz_marker_tools/lib:/home/jone/ws_moveit/install/rosparam_shortcuts/lib:/home/jone/ws_moveit/install/moveit_task_constructor_msgs/lib:/opt/ros/humble/opt/rviz_ogre_vendor/lib:/opt/ros/humble/lib/x86_64-linux-gnu:/opt/ros/humble/lib:/usr/lib/x86_64-linux-gnu/gazebo-11/plugins:/usr/lib/x86_64-linux-gnu/gazebo-11/plugins:/usr/lib/x86_64-linux-gnu/gazebo-11/plugins PYTHONPATH=/home/jone/ws_moveit/install/moveit_configs_utils/lib/python3.10/site-packages:/home/jone/ws_moveit/install/launch_param_builder/lib/python3.10/site-packages:/home/jone/ws_moveit/install/moveit_task_constructor_core/local/lib/python3.10/dist-packages:/home/jone/ws_moveit/install/srdfdom/local/lib/python3.10/dist-packages:/home/jone/ws_moveit/install/moveit_task_constructor_msgs/local/lib/python3.10/dist-packages:/opt/ros/humble/lib/python3.10/site-packages:/opt/ros/humble/local/lib/python3.10/dist-packages /usr/bin/cmake --install /home/jone/ws_moveit/build/moveit_kinematics
[33.077s] Level 1:colcon.colcon_core.environment:create_environment_scripts_only(moveit_kinematics)
[33.078s] Level 1:colcon.colcon_core.environment:checking '/home/jone/ws_moveit/install/moveit_kinematics' for CMake module files
[33.078s] DEBUG:colcon.colcon_core.event_handler.log_command:Invoked command in '/home/jone/ws_moveit/build/moveit_kinematics' returned '0': AMENT_PREFIX_PATH=/home/jone/ws_moveit/install/moveit_configs_utils:/home/jone/ws_moveit/install/launch_param_builder:/home/jone/ws_moveit/install/pilz_industrial_motion_planner_testutils:/home/jone/ws_moveit/install/moveit_runtime:/home/jone/ws_moveit/install/moveit2_tutorials:/home/jone/ws_moveit/install/moveit:/home/jone/ws_moveit/install/moveit_planners:/home/jone/ws_moveit/install/pilz_industrial_motion_planner:/home/jone/ws_moveit/install/moveit_visual_tools:/home/jone/ws_moveit/install/moveit_task_constructor_visualization:/home/jone/ws_moveit/install/moveit_task_constructor_demo:/home/jone/ws_moveit/install/moveit_task_constructor_capabilities:/home/jone/ws_moveit/install/moveit_task_constructor_core:/home/jone/ws_moveit/install/moveit_ros_control_interface:/home/jone/ws_moveit/install/moveit_plugins:/home/jone/ws_moveit/install/moveit_simple_controller_manager:/home/jone/ws_moveit/install/moveit_setup_assistant:/home/jone/ws_moveit/install/moveit_setup_srdf_plugins:/home/jone/ws_moveit/install/moveit_setup_core_plugins:/home/jone/ws_moveit/install/moveit_setup_controllers:/home/jone/ws_moveit/install/moveit_setup_app_plugins:/home/jone/ws_moveit/install/moveit_setup_framework:/home/jone/ws_moveit/install/moveit_servo:/home/jone/ws_moveit/install/moveit_ros:/home/jone/ws_moveit/install/moveit_ros_visualization:/home/jone/ws_moveit/install/moveit_hybrid_planning:/home/jone/ws_moveit/install/moveit_ros_planning_interface:/home/jone/ws_moveit/install/moveit_ros_benchmarks:/home/jone/ws_moveit/install/moveit_ros_warehouse:/home/jone/ws_moveit/install/moveit_ros_robot_interaction:/home/jone/ws_moveit/install/moveit_ros_perception:/home/jone/ws_moveit/install/moveit_resources_prbt_pg70_support:/home/jone/ws_moveit/install/moveit_resources_prbt_moveit_config:/home/jone/ws_moveit/install/moveit_ros_move_group:/home/jone/ws_moveit/install/moveit_planners_ompl:/home/jone/ws_moveit/install/moveit_ros_planning:/home/jone/ws_moveit/install/moveit_ros_occupancy_map_monitor:/home/jone/ws_moveit/install/moveit_resources_prbt_ikfast_manipulator_plugin:/home/jone/ws_moveit/install/moveit_planners_chomp:/home/jone/ws_moveit/install/moveit_kinematics:/home/jone/ws_moveit/install/moveit_chomp_optimizer_adapter:/home/jone/ws_moveit/install/chomp_motion_planner:/home/jone/ws_moveit/install/moveit_core:/home/jone/ws_moveit/install/srdfdom:/home/jone/ws_moveit/install/rviz_marker_tools:/home/jone/ws_moveit/install/rosparam_shortcuts:/home/jone/ws_moveit/install/moveit_task_constructor_msgs:/home/jone/ws_moveit/install/moveit_resources_prbt_support:/home/jone/ws_moveit/install/moveit_resources:/home/jone/ws_moveit/install/moveit_resources_pr2_description:/home/jone/ws_moveit/install/moveit_resources_panda_moveit_config:/home/jone/ws_moveit/install/moveit_resources_panda_description:/home/jone/ws_moveit/install/moveit_resources_fanuc_moveit_config:/home/jone/ws_moveit/install/moveit_resources_fanuc_description:/home/jone/ws_moveit/install/moveit_common:/opt/ros/humble CMAKE_PREFIX_PATH=/home/jone/ws_moveit/install/moveit_ros_planning:/home/jone/ws_moveit/install/moveit_ros_occupancy_map_monitor:/home/jone/ws_moveit/install/moveit_core:/home/jone/ws_moveit/install/moveit_resources_panda_moveit_config:/home/jone/ws_moveit/install/moveit_resources_fanuc_moveit_config:/home/jone/ws_moveit/install/srdfdom:/home/jone/ws_moveit/install/moveit_resources_pr2_description:/home/jone/ws_moveit/install/moveit_resources_panda_description:/home/jone/ws_moveit/install/moveit_resources_fanuc_description:/home/jone/ws_moveit/install/moveit_common:/home/jone/ws_moveit/install/pilz_industrial_motion_planner_testutils:/home/jone/ws_moveit/install/moveit_runtime:/home/jone/ws_moveit/install/moveit2_tutorials:/home/jone/ws_moveit/install/moveit:/home/jone/ws_moveit/install/moveit_planners:/home/jone/ws_moveit/install/pilz_industrial_motion_planner:/home/jone/ws_moveit/install/moveit_visual_tools:/home/jone/ws_moveit/install/moveit_task_constructor_visualization:/home/jone/ws_moveit/install/moveit_task_constructor_demo:/home/jone/ws_moveit/install/moveit_task_constructor_capabilities:/home/jone/ws_moveit/install/moveit_task_constructor_core:/home/jone/ws_moveit/install/moveit_ros_control_interface:/home/jone/ws_moveit/install/moveit_plugins:/home/jone/ws_moveit/install/moveit_simple_controller_manager:/home/jone/ws_moveit/install/moveit_setup_assistant:/home/jone/ws_moveit/install/moveit_setup_srdf_plugins:/home/jone/ws_moveit/install/moveit_setup_core_plugins:/home/jone/ws_moveit/install/moveit_setup_controllers:/home/jone/ws_moveit/install/moveit_setup_app_plugins:/home/jone/ws_moveit/install/moveit_setup_framework:/home/jone/ws_moveit/install/moveit_servo:/home/jone/ws_moveit/install/moveit_ros:/home/jone/ws_moveit/install/moveit_ros_visualization:/home/jone/ws_moveit/install/moveit_hybrid_planning:/home/jone/ws_moveit/install/moveit_ros_planning_interface:/home/jone/ws_moveit/install/moveit_ros_benchmarks:/home/jone/ws_moveit/install/moveit_ros_warehouse:/home/jone/ws_moveit/install/moveit_ros_robot_interaction:/home/jone/ws_moveit/install/moveit_ros_perception:/home/jone/ws_moveit/install/moveit_resources_prbt_pg70_support:/home/jone/ws_moveit/install/moveit_resources_prbt_moveit_config:/home/jone/ws_moveit/install/moveit_ros_move_group:/home/jone/ws_moveit/install/moveit_planners_ompl:/home/jone/ws_moveit/install/moveit_resources_prbt_ikfast_manipulator_plugin:/home/jone/ws_moveit/install/moveit_planners_chomp:/home/jone/ws_moveit/install/moveit_kinematics:/home/jone/ws_moveit/install/moveit_chomp_optimizer_adapter:/home/jone/ws_moveit/install/chomp_motion_planner:/home/jone/ws_moveit/install/rviz_marker_tools:/home/jone/ws_moveit/install/rosparam_shortcuts:/home/jone/ws_moveit/install/moveit_task_constructor_msgs:/home/jone/ws_moveit/install/moveit_resources_prbt_support:/home/jone/ws_moveit/install/moveit_resources:/home/jone/ws_moveit/install/moveit_configs_utils:/home/jone/ws_moveit/install/launch_param_builder:/opt/ros/humble LD_LIBRARY_PATH=/home/jone/ws_moveit/install/moveit_ros_planning/lib:/home/jone/ws_moveit/install/moveit_ros_occupancy_map_monitor/lib:/home/jone/ws_moveit/install/moveit_core/lib:/home/jone/ws_moveit/install/srdfdom/lib:/home/jone/ws_moveit/install/pilz_industrial_motion_planner_testutils/lib:/home/jone/ws_moveit/install/pilz_industrial_motion_planner/lib:/home/jone/ws_moveit/install/moveit_visual_tools/lib:/home/jone/ws_moveit/install/moveit_task_constructor_visualization/lib:/home/jone/ws_moveit/install/moveit_task_constructor_demo/lib:/home/jone/ws_moveit/install/moveit_task_constructor_capabilities/lib:/home/jone/ws_moveit/install/moveit_task_constructor_core/lib:/home/jone/ws_moveit/install/moveit_ros_control_interface/lib:/home/jone/ws_moveit/install/moveit_simple_controller_manager/lib:/home/jone/ws_moveit/install/moveit_setup_assistant/lib:/home/jone/ws_moveit/install/moveit_setup_srdf_plugins/lib:/home/jone/ws_moveit/install/moveit_setup_core_plugins/lib:/home/jone/ws_moveit/install/moveit_setup_controllers/lib:/home/jone/ws_moveit/install/moveit_setup_app_plugins/lib:/home/jone/ws_moveit/install/moveit_setup_framework/lib:/home/jone/ws_moveit/install/moveit_servo/lib:/home/jone/ws_moveit/install/moveit_ros_visualization/lib:/home/jone/ws_moveit/install/moveit_hybrid_planning/lib:/home/jone/ws_moveit/install/moveit_ros_planning_interface/lib:/home/jone/ws_moveit/install/moveit_ros_benchmarks/lib:/home/jone/ws_moveit/install/moveit_ros_warehouse/lib:/home/jone/ws_moveit/install/moveit_ros_robot_interaction/lib:/home/jone/ws_moveit/install/moveit_ros_perception/lib:/home/jone/ws_moveit/install/moveit_ros_move_group/lib:/home/jone/ws_moveit/install/moveit_planners_ompl/lib:/home/jone/ws_moveit/install/moveit_resources_prbt_ikfast_manipulator_plugin/lib:/home/jone/ws_moveit/install/moveit_planners_chomp/lib:/home/jone/ws_moveit/install/moveit_kinematics/lib:/home/jone/ws_moveit/install/moveit_chomp_optimizer_adapter/lib:/home/jone/ws_moveit/install/chomp_motion_planner/lib:/home/jone/ws_moveit/install/rviz_marker_tools/lib:/home/jone/ws_moveit/install/rosparam_shortcuts/lib:/home/jone/ws_moveit/install/moveit_task_constructor_msgs/lib:/opt/ros/humble/opt/rviz_ogre_vendor/lib:/opt/ros/humble/lib/x86_64-linux-gnu:/opt/ros/humble/lib:/usr/lib/x86_64-linux-gnu/gazebo-11/plugins:/usr/lib/x86_64-linux-gnu/gazebo-11/plugins:/usr/lib/x86_64-linux-gnu/gazebo-11/plugins PYTHONPATH=/home/jone/ws_moveit/install/moveit_configs_utils/lib/python3.10/site-packages:/home/jone/ws_moveit/install/launch_param_builder/lib/python3.10/site-packages:/home/jone/ws_moveit/install/moveit_task_constructor_core/local/lib/python3.10/dist-packages:/home/jone/ws_moveit/install/srdfdom/local/lib/python3.10/dist-packages:/home/jone/ws_moveit/install/moveit_task_constructor_msgs/local/lib/python3.10/dist-packages:/opt/ros/humble/lib/python3.10/site-packages:/opt/ros/humble/local/lib/python3.10/dist-packages /usr/bin/cmake --install /home/jone/ws_moveit/build/moveit_kinematics
[33.078s] Level 1:colcon.colcon_core.environment:checking '/home/jone/ws_moveit/install/moveit_kinematics' for CMake config files
[33.079s] Level 1:colcon.colcon_core.shell:create_environment_hook('moveit_kinematics', 'cmake_prefix_path')
[33.079s] INFO:colcon.colcon_core.shell:Creating environment hook '/home/jone/ws_moveit/install/moveit_kinematics/share/moveit_kinematics/hook/cmake_prefix_path.ps1'
[33.079s] INFO:colcon.colcon_core.shell:Creating environment descriptor '/home/jone/ws_moveit/install/moveit_kinematics/share/moveit_kinematics/hook/cmake_prefix_path.dsv'
[33.079s] INFO:colcon.colcon_core.shell:Creating environment hook '/home/jone/ws_moveit/install/moveit_kinematics/share/moveit_kinematics/hook/cmake_prefix_path.sh'
[33.080s] Level 1:colcon.colcon_core.environment:checking '/home/jone/ws_moveit/install/moveit_kinematics/lib'
[33.080s] Level 1:colcon.colcon_core.shell:create_environment_hook('moveit_kinematics', 'ld_library_path_lib')
[33.080s] INFO:colcon.colcon_core.shell:Creating environment hook '/home/jone/ws_moveit/install/moveit_kinematics/share/moveit_kinematics/hook/ld_library_path_lib.ps1'
[33.080s] INFO:colcon.colcon_core.shell:Creating environment descriptor '/home/jone/ws_moveit/install/moveit_kinematics/share/moveit_kinematics/hook/ld_library_path_lib.dsv'
[33.080s] INFO:colcon.colcon_core.shell:Creating environment hook '/home/jone/ws_moveit/install/moveit_kinematics/share/moveit_kinematics/hook/ld_library_path_lib.sh'
[33.081s] Level 1:colcon.colcon_core.environment:checking '/home/jone/ws_moveit/install/moveit_kinematics/bin'
[33.081s] Level 1:colcon.colcon_core.environment:checking '/home/jone/ws_moveit/install/moveit_kinematics/lib/pkgconfig/moveit_kinematics.pc'
[33.081s] Level 1:colcon.colcon_core.environment:checking '/home/jone/ws_moveit/install/moveit_kinematics/lib/python3.10/site-packages'
[33.081s] Level 1:colcon.colcon_core.environment:checking '/home/jone/ws_moveit/install/moveit_kinematics/bin'
[33.081s] INFO:colcon.colcon_core.shell:Creating package script '/home/jone/ws_moveit/install/moveit_kinematics/share/moveit_kinematics/package.ps1'
[33.082s] INFO:colcon.colcon_core.shell:Creating package descriptor '/home/jone/ws_moveit/install/moveit_kinematics/share/moveit_kinematics/package.dsv'
[33.082s] INFO:colcon.colcon_core.shell:Creating package script '/home/jone/ws_moveit/install/moveit_kinematics/share/moveit_kinematics/package.sh'
[33.082s] INFO:colcon.colcon_core.shell:Creating package script '/home/jone/ws_moveit/install/moveit_kinematics/share/moveit_kinematics/package.bash'
[33.083s] INFO:colcon.colcon_core.shell:Creating package script '/home/jone/ws_moveit/install/moveit_kinematics/share/moveit_kinematics/package.zsh'
[33.083s] Level 1:colcon.colcon_core.environment:create_file_with_runtime_dependencies(/home/jone/ws_moveit/install/moveit_kinematics/share/colcon-core/packages/moveit_kinematics)
[33.083s] Level 1:colcon.colcon_core.environment:create_environment_scripts_only(moveit_kinematics)
[33.083s] Level 1:colcon.colcon_core.environment:checking '/home/jone/ws_moveit/install/moveit_kinematics' for CMake module files
[33.084s] Level 1:colcon.colcon_core.environment:checking '/home/jone/ws_moveit/install/moveit_kinematics' for CMake config files
[33.084s] Level 1:colcon.colcon_core.shell:create_environment_hook('moveit_kinematics', 'cmake_prefix_path')
[33.084s] INFO:colcon.colcon_core.shell:Creating environment hook '/home/jone/ws_moveit/install/moveit_kinematics/share/moveit_kinematics/hook/cmake_prefix_path.ps1'
[33.084s] INFO:colcon.colcon_core.shell:Creating environment descriptor '/home/jone/ws_moveit/install/moveit_kinematics/share/moveit_kinematics/hook/cmake_prefix_path.dsv'
[33.085s] INFO:colcon.colcon_core.shell:Creating environment hook '/home/jone/ws_moveit/install/moveit_kinematics/share/moveit_kinematics/hook/cmake_prefix_path.sh'
[33.085s] Level 1:colcon.colcon_core.environment:checking '/home/jone/ws_moveit/install/moveit_kinematics/lib'
[33.085s] Level 1:colcon.colcon_core.shell:create_environment_hook('moveit_kinematics', 'ld_library_path_lib')
[33.085s] INFO:colcon.colcon_core.shell:Creating environment hook '/home/jone/ws_moveit/install/moveit_kinematics/share/moveit_kinematics/hook/ld_library_path_lib.ps1'
[33.085s] INFO:colcon.colcon_core.shell:Creating environment descriptor '/home/jone/ws_moveit/install/moveit_kinematics/share/moveit_kinematics/hook/ld_library_path_lib.dsv'
[33.086s] INFO:colcon.colcon_core.shell:Creating environment hook '/home/jone/ws_moveit/install/moveit_kinematics/share/moveit_kinematics/hook/ld_library_path_lib.sh'
[33.086s] Level 1:colcon.colcon_core.environment:checking '/home/jone/ws_moveit/install/moveit_kinematics/bin'
[33.086s] Level 1:colcon.colcon_core.environment:checking '/home/jone/ws_moveit/install/moveit_kinematics/lib/pkgconfig/moveit_kinematics.pc'
[33.086s] Level 1:colcon.colcon_core.environment:checking '/home/jone/ws_moveit/install/moveit_kinematics/lib/python3.10/site-packages'
[33.086s] Level 1:colcon.colcon_core.environment:checking '/home/jone/ws_moveit/install/moveit_kinematics/bin'
[33.087s] INFO:colcon.colcon_core.shell:Creating package script '/home/jone/ws_moveit/install/moveit_kinematics/share/moveit_kinematics/package.ps1'
[33.087s] INFO:colcon.colcon_core.shell:Creating package descriptor '/home/jone/ws_moveit/install/moveit_kinematics/share/moveit_kinematics/package.dsv'
[33.087s] INFO:colcon.colcon_core.shell:Creating package script '/home/jone/ws_moveit/install/moveit_kinematics/share/moveit_kinematics/package.sh'
[33.088s] INFO:colcon.colcon_core.shell:Creating package script '/home/jone/ws_moveit/install/moveit_kinematics/share/moveit_kinematics/package.bash'
[33.088s] INFO:colcon.colcon_core.shell:Creating package script '/home/jone/ws_moveit/install/moveit_kinematics/share/moveit_kinematics/package.zsh'
[33.088s] Level 1:colcon.colcon_core.environment:create_file_with_runtime_dependencies(/home/jone/ws_moveit/install/moveit_kinematics/share/colcon-core/packages/moveit_kinematics)
[33.088s] DEBUG:colcon.colcon_core.executor.sequential:run_until_complete 'moveit_kinematics' finished with '0'
[33.088s] DEBUG:colcon.colcon_core.executor.sequential:run_until_complete 'moveit_planners_ompl'
[33.088s] INFO:colcon.colcon_ros.task.ament_cmake.build:Building ROS package in '/home/jone/ws_moveit/src/moveit2/moveit_planners/ompl' with build type 'ament_cmake'
[33.088s] INFO:colcon.colcon_cmake.task.cmake.build:Building CMake package in '/home/jone/ws_moveit/src/moveit2/moveit_planners/ompl'
[33.089s] INFO:colcon.colcon_core.shell:Skip shell extension 'powershell' for command environment: Not usable outside of PowerShell
[33.089s] DEBUG:colcon.colcon_core.shell:Skip shell extension 'dsv' for command environment
[33.123s] DEBUG:colcon.colcon_core.event_handler.log_command:Invoking command in '/home/jone/ws_moveit/build/moveit_planners_ompl': AMENT_PREFIX_PATH=/home/jone/ws_moveit/install/moveit_configs_utils:/home/jone/ws_moveit/install/launch_param_builder:/home/jone/ws_moveit/install/pilz_industrial_motion_planner_testutils:/home/jone/ws_moveit/install/moveit_runtime:/home/jone/ws_moveit/install/moveit2_tutorials:/home/jone/ws_moveit/install/moveit:/home/jone/ws_moveit/install/moveit_planners:/home/jone/ws_moveit/install/pilz_industrial_motion_planner:/home/jone/ws_moveit/install/moveit_visual_tools:/home/jone/ws_moveit/install/moveit_task_constructor_visualization:/home/jone/ws_moveit/install/moveit_task_constructor_demo:/home/jone/ws_moveit/install/moveit_task_constructor_capabilities:/home/jone/ws_moveit/install/moveit_task_constructor_core:/home/jone/ws_moveit/install/moveit_ros_control_interface:/home/jone/ws_moveit/install/moveit_plugins:/home/jone/ws_moveit/install/moveit_simple_controller_manager:/home/jone/ws_moveit/install/moveit_setup_assistant:/home/jone/ws_moveit/install/moveit_setup_srdf_plugins:/home/jone/ws_moveit/install/moveit_setup_core_plugins:/home/jone/ws_moveit/install/moveit_setup_controllers:/home/jone/ws_moveit/install/moveit_setup_app_plugins:/home/jone/ws_moveit/install/moveit_setup_framework:/home/jone/ws_moveit/install/moveit_servo:/home/jone/ws_moveit/install/moveit_ros:/home/jone/ws_moveit/install/moveit_ros_visualization:/home/jone/ws_moveit/install/moveit_hybrid_planning:/home/jone/ws_moveit/install/moveit_ros_planning_interface:/home/jone/ws_moveit/install/moveit_ros_benchmarks:/home/jone/ws_moveit/install/moveit_ros_warehouse:/home/jone/ws_moveit/install/moveit_ros_robot_interaction:/home/jone/ws_moveit/install/moveit_ros_perception:/home/jone/ws_moveit/install/moveit_resources_prbt_pg70_support:/home/jone/ws_moveit/install/moveit_resources_prbt_moveit_config:/home/jone/ws_moveit/install/moveit_ros_move_group:/home/jone/ws_moveit/install/moveit_planners_ompl:/home/jone/ws_moveit/install/moveit_ros_planning:/home/jone/ws_moveit/install/moveit_ros_occupancy_map_monitor:/home/jone/ws_moveit/install/moveit_resources_prbt_ikfast_manipulator_plugin:/home/jone/ws_moveit/install/moveit_planners_chomp:/home/jone/ws_moveit/install/moveit_kinematics:/home/jone/ws_moveit/install/moveit_chomp_optimizer_adapter:/home/jone/ws_moveit/install/chomp_motion_planner:/home/jone/ws_moveit/install/moveit_core:/home/jone/ws_moveit/install/srdfdom:/home/jone/ws_moveit/install/rviz_marker_tools:/home/jone/ws_moveit/install/rosparam_shortcuts:/home/jone/ws_moveit/install/moveit_task_constructor_msgs:/home/jone/ws_moveit/install/moveit_resources_prbt_support:/home/jone/ws_moveit/install/moveit_resources:/home/jone/ws_moveit/install/moveit_resources_pr2_description:/home/jone/ws_moveit/install/moveit_resources_panda_moveit_config:/home/jone/ws_moveit/install/moveit_resources_panda_description:/home/jone/ws_moveit/install/moveit_resources_fanuc_moveit_config:/home/jone/ws_moveit/install/moveit_resources_fanuc_description:/home/jone/ws_moveit/install/moveit_common:/opt/ros/humble CMAKE_PREFIX_PATH=/home/jone/ws_moveit/install/moveit_ros_planning:/home/jone/ws_moveit/install/moveit_ros_occupancy_map_monitor:/home/jone/ws_moveit/install/moveit_core:/home/jone/ws_moveit/install/moveit_resources_panda_moveit_config:/home/jone/ws_moveit/install/moveit_resources_fanuc_moveit_config:/home/jone/ws_moveit/install/srdfdom:/home/jone/ws_moveit/install/moveit_resources_pr2_description:/home/jone/ws_moveit/install/moveit_resources_panda_description:/home/jone/ws_moveit/install/moveit_resources_fanuc_description:/home/jone/ws_moveit/install/moveit_common:/home/jone/ws_moveit/install/pilz_industrial_motion_planner_testutils:/home/jone/ws_moveit/install/moveit_runtime:/home/jone/ws_moveit/install/moveit2_tutorials:/home/jone/ws_moveit/install/moveit:/home/jone/ws_moveit/install/moveit_planners:/home/jone/ws_moveit/install/pilz_industrial_motion_planner:/home/jone/ws_moveit/install/moveit_visual_tools:/home/jone/ws_moveit/install/moveit_task_constructor_visualization:/home/jone/ws_moveit/install/moveit_task_constructor_demo:/home/jone/ws_moveit/install/moveit_task_constructor_capabilities:/home/jone/ws_moveit/install/moveit_task_constructor_core:/home/jone/ws_moveit/install/moveit_ros_control_interface:/home/jone/ws_moveit/install/moveit_plugins:/home/jone/ws_moveit/install/moveit_simple_controller_manager:/home/jone/ws_moveit/install/moveit_setup_assistant:/home/jone/ws_moveit/install/moveit_setup_srdf_plugins:/home/jone/ws_moveit/install/moveit_setup_core_plugins:/home/jone/ws_moveit/install/moveit_setup_controllers:/home/jone/ws_moveit/install/moveit_setup_app_plugins:/home/jone/ws_moveit/install/moveit_setup_framework:/home/jone/ws_moveit/install/moveit_servo:/home/jone/ws_moveit/install/moveit_ros:/home/jone/ws_moveit/install/moveit_ros_visualization:/home/jone/ws_moveit/install/moveit_hybrid_planning:/home/jone/ws_moveit/install/moveit_ros_planning_interface:/home/jone/ws_moveit/install/moveit_ros_benchmarks:/home/jone/ws_moveit/install/moveit_ros_warehouse:/home/jone/ws_moveit/install/moveit_ros_robot_interaction:/home/jone/ws_moveit/install/moveit_ros_perception:/home/jone/ws_moveit/install/moveit_resources_prbt_pg70_support:/home/jone/ws_moveit/install/moveit_resources_prbt_moveit_config:/home/jone/ws_moveit/install/moveit_ros_move_group:/home/jone/ws_moveit/install/moveit_planners_ompl:/home/jone/ws_moveit/install/moveit_resources_prbt_ikfast_manipulator_plugin:/home/jone/ws_moveit/install/moveit_planners_chomp:/home/jone/ws_moveit/install/moveit_kinematics:/home/jone/ws_moveit/install/moveit_chomp_optimizer_adapter:/home/jone/ws_moveit/install/chomp_motion_planner:/home/jone/ws_moveit/install/rviz_marker_tools:/home/jone/ws_moveit/install/rosparam_shortcuts:/home/jone/ws_moveit/install/moveit_task_constructor_msgs:/home/jone/ws_moveit/install/moveit_resources_prbt_support:/home/jone/ws_moveit/install/moveit_resources:/home/jone/ws_moveit/install/moveit_configs_utils:/home/jone/ws_moveit/install/launch_param_builder:/opt/ros/humble LD_LIBRARY_PATH=/home/jone/ws_moveit/install/moveit_ros_planning/lib:/home/jone/ws_moveit/install/moveit_ros_occupancy_map_monitor/lib:/home/jone/ws_moveit/install/moveit_core/lib:/home/jone/ws_moveit/install/srdfdom/lib:/home/jone/ws_moveit/install/pilz_industrial_motion_planner_testutils/lib:/home/jone/ws_moveit/install/pilz_industrial_motion_planner/lib:/home/jone/ws_moveit/install/moveit_visual_tools/lib:/home/jone/ws_moveit/install/moveit_task_constructor_visualization/lib:/home/jone/ws_moveit/install/moveit_task_constructor_demo/lib:/home/jone/ws_moveit/install/moveit_task_constructor_capabilities/lib:/home/jone/ws_moveit/install/moveit_task_constructor_core/lib:/home/jone/ws_moveit/install/moveit_ros_control_interface/lib:/home/jone/ws_moveit/install/moveit_simple_controller_manager/lib:/home/jone/ws_moveit/install/moveit_setup_assistant/lib:/home/jone/ws_moveit/install/moveit_setup_srdf_plugins/lib:/home/jone/ws_moveit/install/moveit_setup_core_plugins/lib:/home/jone/ws_moveit/install/moveit_setup_controllers/lib:/home/jone/ws_moveit/install/moveit_setup_app_plugins/lib:/home/jone/ws_moveit/install/moveit_setup_framework/lib:/home/jone/ws_moveit/install/moveit_servo/lib:/home/jone/ws_moveit/install/moveit_ros_visualization/lib:/home/jone/ws_moveit/install/moveit_hybrid_planning/lib:/home/jone/ws_moveit/install/moveit_ros_planning_interface/lib:/home/jone/ws_moveit/install/moveit_ros_benchmarks/lib:/home/jone/ws_moveit/install/moveit_ros_warehouse/lib:/home/jone/ws_moveit/install/moveit_ros_robot_interaction/lib:/home/jone/ws_moveit/install/moveit_ros_perception/lib:/home/jone/ws_moveit/install/moveit_ros_move_group/lib:/home/jone/ws_moveit/install/moveit_planners_ompl/lib:/home/jone/ws_moveit/install/moveit_resources_prbt_ikfast_manipulator_plugin/lib:/home/jone/ws_moveit/install/moveit_planners_chomp/lib:/home/jone/ws_moveit/install/moveit_kinematics/lib:/home/jone/ws_moveit/install/moveit_chomp_optimizer_adapter/lib:/home/jone/ws_moveit/install/chomp_motion_planner/lib:/home/jone/ws_moveit/install/rviz_marker_tools/lib:/home/jone/ws_moveit/install/rosparam_shortcuts/lib:/home/jone/ws_moveit/install/moveit_task_constructor_msgs/lib:/opt/ros/humble/opt/rviz_ogre_vendor/lib:/opt/ros/humble/lib/x86_64-linux-gnu:/opt/ros/humble/lib:/usr/lib/x86_64-linux-gnu/gazebo-11/plugins:/usr/lib/x86_64-linux-gnu/gazebo-11/plugins:/usr/lib/x86_64-linux-gnu/gazebo-11/plugins PYTHONPATH=/home/jone/ws_moveit/install/moveit_configs_utils/lib/python3.10/site-packages:/home/jone/ws_moveit/install/launch_param_builder/lib/python3.10/site-packages:/home/jone/ws_moveit/install/moveit_task_constructor_core/local/lib/python3.10/dist-packages:/home/jone/ws_moveit/install/srdfdom/local/lib/python3.10/dist-packages:/home/jone/ws_moveit/install/moveit_task_constructor_msgs/local/lib/python3.10/dist-packages:/opt/ros/humble/lib/python3.10/site-packages:/opt/ros/humble/local/lib/python3.10/dist-packages /usr/bin/cmake --build /home/jone/ws_moveit/build/moveit_planners_ompl -- -j16 -l16
[64.554s] DEBUG:colcon.colcon_core.executor.sequential:run_until_complete 'moveit_planners_ompl' was interrupted
[64.569s] DEBUG:colcon.colcon_core.executor.sequential:run_until_complete 'moveit_planners_ompl' again
[64.729s] DEBUG:colcon.colcon_core.event_handler.log_command:Invoked command in '/home/jone/ws_moveit/build/moveit_planners_ompl' returned '-2': AMENT_PREFIX_PATH=/home/jone/ws_moveit/install/moveit_configs_utils:/home/jone/ws_moveit/install/launch_param_builder:/home/jone/ws_moveit/install/pilz_industrial_motion_planner_testutils:/home/jone/ws_moveit/install/moveit_runtime:/home/jone/ws_moveit/install/moveit2_tutorials:/home/jone/ws_moveit/install/moveit:/home/jone/ws_moveit/install/moveit_planners:/home/jone/ws_moveit/install/pilz_industrial_motion_planner:/home/jone/ws_moveit/install/moveit_visual_tools:/home/jone/ws_moveit/install/moveit_task_constructor_visualization:/home/jone/ws_moveit/install/moveit_task_constructor_demo:/home/jone/ws_moveit/install/moveit_task_constructor_capabilities:/home/jone/ws_moveit/install/moveit_task_constructor_core:/home/jone/ws_moveit/install/moveit_ros_control_interface:/home/jone/ws_moveit/install/moveit_plugins:/home/jone/ws_moveit/install/moveit_simple_controller_manager:/home/jone/ws_moveit/install/moveit_setup_assistant:/home/jone/ws_moveit/install/moveit_setup_srdf_plugins:/home/jone/ws_moveit/install/moveit_setup_core_plugins:/home/jone/ws_moveit/install/moveit_setup_controllers:/home/jone/ws_moveit/install/moveit_setup_app_plugins:/home/jone/ws_moveit/install/moveit_setup_framework:/home/jone/ws_moveit/install/moveit_servo:/home/jone/ws_moveit/install/moveit_ros:/home/jone/ws_moveit/install/moveit_ros_visualization:/home/jone/ws_moveit/install/moveit_hybrid_planning:/home/jone/ws_moveit/install/moveit_ros_planning_interface:/home/jone/ws_moveit/install/moveit_ros_benchmarks:/home/jone/ws_moveit/install/moveit_ros_warehouse:/home/jone/ws_moveit/install/moveit_ros_robot_interaction:/home/jone/ws_moveit/install/moveit_ros_perception:/home/jone/ws_moveit/install/moveit_resources_prbt_pg70_support:/home/jone/ws_moveit/install/moveit_resources_prbt_moveit_config:/home/jone/ws_moveit/install/moveit_ros_move_group:/home/jone/ws_moveit/install/moveit_planners_ompl:/home/jone/ws_moveit/install/moveit_ros_planning:/home/jone/ws_moveit/install/moveit_ros_occupancy_map_monitor:/home/jone/ws_moveit/install/moveit_resources_prbt_ikfast_manipulator_plugin:/home/jone/ws_moveit/install/moveit_planners_chomp:/home/jone/ws_moveit/install/moveit_kinematics:/home/jone/ws_moveit/install/moveit_chomp_optimizer_adapter:/home/jone/ws_moveit/install/chomp_motion_planner:/home/jone/ws_moveit/install/moveit_core:/home/jone/ws_moveit/install/srdfdom:/home/jone/ws_moveit/install/rviz_marker_tools:/home/jone/ws_moveit/install/rosparam_shortcuts:/home/jone/ws_moveit/install/moveit_task_constructor_msgs:/home/jone/ws_moveit/install/moveit_resources_prbt_support:/home/jone/ws_moveit/install/moveit_resources:/home/jone/ws_moveit/install/moveit_resources_pr2_description:/home/jone/ws_moveit/install/moveit_resources_panda_moveit_config:/home/jone/ws_moveit/install/moveit_resources_panda_description:/home/jone/ws_moveit/install/moveit_resources_fanuc_moveit_config:/home/jone/ws_moveit/install/moveit_resources_fanuc_description:/home/jone/ws_moveit/install/moveit_common:/opt/ros/humble CMAKE_PREFIX_PATH=/home/jone/ws_moveit/install/moveit_ros_planning:/home/jone/ws_moveit/install/moveit_ros_occupancy_map_monitor:/home/jone/ws_moveit/install/moveit_core:/home/jone/ws_moveit/install/moveit_resources_panda_moveit_config:/home/jone/ws_moveit/install/moveit_resources_fanuc_moveit_config:/home/jone/ws_moveit/install/srdfdom:/home/jone/ws_moveit/install/moveit_resources_pr2_description:/home/jone/ws_moveit/install/moveit_resources_panda_description:/home/jone/ws_moveit/install/moveit_resources_fanuc_description:/home/jone/ws_moveit/install/moveit_common:/home/jone/ws_moveit/install/pilz_industrial_motion_planner_testutils:/home/jone/ws_moveit/install/moveit_runtime:/home/jone/ws_moveit/install/moveit2_tutorials:/home/jone/ws_moveit/install/moveit:/home/jone/ws_moveit/install/moveit_planners:/home/jone/ws_moveit/install/pilz_industrial_motion_planner:/home/jone/ws_moveit/install/moveit_visual_tools:/home/jone/ws_moveit/install/moveit_task_constructor_visualization:/home/jone/ws_moveit/install/moveit_task_constructor_demo:/home/jone/ws_moveit/install/moveit_task_constructor_capabilities:/home/jone/ws_moveit/install/moveit_task_constructor_core:/home/jone/ws_moveit/install/moveit_ros_control_interface:/home/jone/ws_moveit/install/moveit_plugins:/home/jone/ws_moveit/install/moveit_simple_controller_manager:/home/jone/ws_moveit/install/moveit_setup_assistant:/home/jone/ws_moveit/install/moveit_setup_srdf_plugins:/home/jone/ws_moveit/install/moveit_setup_core_plugins:/home/jone/ws_moveit/install/moveit_setup_controllers:/home/jone/ws_moveit/install/moveit_setup_app_plugins:/home/jone/ws_moveit/install/moveit_setup_framework:/home/jone/ws_moveit/install/moveit_servo:/home/jone/ws_moveit/install/moveit_ros:/home/jone/ws_moveit/install/moveit_ros_visualization:/home/jone/ws_moveit/install/moveit_hybrid_planning:/home/jone/ws_moveit/install/moveit_ros_planning_interface:/home/jone/ws_moveit/install/moveit_ros_benchmarks:/home/jone/ws_moveit/install/moveit_ros_warehouse:/home/jone/ws_moveit/install/moveit_ros_robot_interaction:/home/jone/ws_moveit/install/moveit_ros_perception:/home/jone/ws_moveit/install/moveit_resources_prbt_pg70_support:/home/jone/ws_moveit/install/moveit_resources_prbt_moveit_config:/home/jone/ws_moveit/install/moveit_ros_move_group:/home/jone/ws_moveit/install/moveit_planners_ompl:/home/jone/ws_moveit/install/moveit_resources_prbt_ikfast_manipulator_plugin:/home/jone/ws_moveit/install/moveit_planners_chomp:/home/jone/ws_moveit/install/moveit_kinematics:/home/jone/ws_moveit/install/moveit_chomp_optimizer_adapter:/home/jone/ws_moveit/install/chomp_motion_planner:/home/jone/ws_moveit/install/rviz_marker_tools:/home/jone/ws_moveit/install/rosparam_shortcuts:/home/jone/ws_moveit/install/moveit_task_constructor_msgs:/home/jone/ws_moveit/install/moveit_resources_prbt_support:/home/jone/ws_moveit/install/moveit_resources:/home/jone/ws_moveit/install/moveit_configs_utils:/home/jone/ws_moveit/install/launch_param_builder:/opt/ros/humble LD_LIBRARY_PATH=/home/jone/ws_moveit/install/moveit_ros_planning/lib:/home/jone/ws_moveit/install/moveit_ros_occupancy_map_monitor/lib:/home/jone/ws_moveit/install/moveit_core/lib:/home/jone/ws_moveit/install/srdfdom/lib:/home/jone/ws_moveit/install/pilz_industrial_motion_planner_testutils/lib:/home/jone/ws_moveit/install/pilz_industrial_motion_planner/lib:/home/jone/ws_moveit/install/moveit_visual_tools/lib:/home/jone/ws_moveit/install/moveit_task_constructor_visualization/lib:/home/jone/ws_moveit/install/moveit_task_constructor_demo/lib:/home/jone/ws_moveit/install/moveit_task_constructor_capabilities/lib:/home/jone/ws_moveit/install/moveit_task_constructor_core/lib:/home/jone/ws_moveit/install/moveit_ros_control_interface/lib:/home/jone/ws_moveit/install/moveit_simple_controller_manager/lib:/home/jone/ws_moveit/install/moveit_setup_assistant/lib:/home/jone/ws_moveit/install/moveit_setup_srdf_plugins/lib:/home/jone/ws_moveit/install/moveit_setup_core_plugins/lib:/home/jone/ws_moveit/install/moveit_setup_controllers/lib:/home/jone/ws_moveit/install/moveit_setup_app_plugins/lib:/home/jone/ws_moveit/install/moveit_setup_framework/lib:/home/jone/ws_moveit/install/moveit_servo/lib:/home/jone/ws_moveit/install/moveit_ros_visualization/lib:/home/jone/ws_moveit/install/moveit_hybrid_planning/lib:/home/jone/ws_moveit/install/moveit_ros_planning_interface/lib:/home/jone/ws_moveit/install/moveit_ros_benchmarks/lib:/home/jone/ws_moveit/install/moveit_ros_warehouse/lib:/home/jone/ws_moveit/install/moveit_ros_robot_interaction/lib:/home/jone/ws_moveit/install/moveit_ros_perception/lib:/home/jone/ws_moveit/install/moveit_ros_move_group/lib:/home/jone/ws_moveit/install/moveit_planners_ompl/lib:/home/jone/ws_moveit/install/moveit_resources_prbt_ikfast_manipulator_plugin/lib:/home/jone/ws_moveit/install/moveit_planners_chomp/lib:/home/jone/ws_moveit/install/moveit_kinematics/lib:/home/jone/ws_moveit/install/moveit_chomp_optimizer_adapter/lib:/home/jone/ws_moveit/install/chomp_motion_planner/lib:/home/jone/ws_moveit/install/rviz_marker_tools/lib:/home/jone/ws_moveit/install/rosparam_shortcuts/lib:/home/jone/ws_moveit/install/moveit_task_constructor_msgs/lib:/opt/ros/humble/opt/rviz_ogre_vendor/lib:/opt/ros/humble/lib/x86_64-linux-gnu:/opt/ros/humble/lib:/usr/lib/x86_64-linux-gnu/gazebo-11/plugins:/usr/lib/x86_64-linux-gnu/gazebo-11/plugins:/usr/lib/x86_64-linux-gnu/gazebo-11/plugins PYTHONPATH=/home/jone/ws_moveit/install/moveit_configs_utils/lib/python3.10/site-packages:/home/jone/ws_moveit/install/launch_param_builder/lib/python3.10/site-packages:/home/jone/ws_moveit/install/moveit_task_constructor_core/local/lib/python3.10/dist-packages:/home/jone/ws_moveit/install/srdfdom/local/lib/python3.10/dist-packages:/home/jone/ws_moveit/install/moveit_task_constructor_msgs/local/lib/python3.10/dist-packages:/opt/ros/humble/lib/python3.10/site-packages:/opt/ros/humble/local/lib/python3.10/dist-packages /usr/bin/cmake --build /home/jone/ws_moveit/build/moveit_planners_ompl -- -j16 -l16
[64.748s] Level 1:colcon.colcon_core.environment:create_environment_scripts_only(moveit_planners_ompl)
[64.751s] Level 1:colcon.colcon_core.environment:checking '/home/jone/ws_moveit/install/moveit_planners_ompl' for CMake module files
[64.756s] Level 1:colcon.colcon_core.environment:checking '/home/jone/ws_moveit/install/moveit_planners_ompl' for CMake config files
[64.759s] Level 1:colcon.colcon_core.shell:create_environment_hook('moveit_planners_ompl', 'cmake_prefix_path')
[64.760s] INFO:colcon.colcon_core.shell:Creating environment hook '/home/jone/ws_moveit/install/moveit_planners_ompl/share/moveit_planners_ompl/hook/cmake_prefix_path.ps1'
[64.771s] INFO:colcon.colcon_core.shell:Creating environment descriptor '/home/jone/ws_moveit/install/moveit_planners_ompl/share/moveit_planners_ompl/hook/cmake_prefix_path.dsv'
[64.773s] INFO:colcon.colcon_core.shell:Creating environment hook '/home/jone/ws_moveit/install/moveit_planners_ompl/share/moveit_planners_ompl/hook/cmake_prefix_path.sh'
[64.779s] Level 1:colcon.colcon_core.environment:checking '/home/jone/ws_moveit/install/moveit_planners_ompl/lib'
[64.780s] Level 1:colcon.colcon_core.shell:create_environment_hook('moveit_planners_ompl', 'ld_library_path_lib')
[64.780s] INFO:colcon.colcon_core.shell:Creating environment hook '/home/jone/ws_moveit/install/moveit_planners_ompl/share/moveit_planners_ompl/hook/ld_library_path_lib.ps1'
[64.781s] INFO:colcon.colcon_core.shell:Creating environment descriptor '/home/jone/ws_moveit/install/moveit_planners_ompl/share/moveit_planners_ompl/hook/ld_library_path_lib.dsv'
[64.782s] INFO:colcon.colcon_core.shell:Creating environment hook '/home/jone/ws_moveit/install/moveit_planners_ompl/share/moveit_planners_ompl/hook/ld_library_path_lib.sh'
[64.783s] Level 1:colcon.colcon_core.environment:checking '/home/jone/ws_moveit/install/moveit_planners_ompl/bin'
[64.783s] Level 1:colcon.colcon_core.environment:checking '/home/jone/ws_moveit/install/moveit_planners_ompl/lib/pkgconfig/moveit_planners_ompl.pc'
[64.788s] Level 1:colcon.colcon_core.environment:checking '/home/jone/ws_moveit/install/moveit_planners_ompl/lib/python3.10/site-packages'
[64.788s] Level 1:colcon.colcon_core.environment:checking '/home/jone/ws_moveit/install/moveit_planners_ompl/bin'
[64.789s] INFO:colcon.colcon_core.shell:Creating package script '/home/jone/ws_moveit/install/moveit_planners_ompl/share/moveit_planners_ompl/package.ps1'
[64.791s] INFO:colcon.colcon_core.shell:Creating package descriptor '/home/jone/ws_moveit/install/moveit_planners_ompl/share/moveit_planners_ompl/package.dsv'
[64.792s] INFO:colcon.colcon_core.shell:Creating package script '/home/jone/ws_moveit/install/moveit_planners_ompl/share/moveit_planners_ompl/package.sh'
[64.793s] INFO:colcon.colcon_core.shell:Creating package script '/home/jone/ws_moveit/install/moveit_planners_ompl/share/moveit_planners_ompl/package.bash'
[64.794s] INFO:colcon.colcon_core.shell:Creating package script '/home/jone/ws_moveit/install/moveit_planners_ompl/share/moveit_planners_ompl/package.zsh'
[64.795s] Level 1:colcon.colcon_core.environment:create_file_with_runtime_dependencies(/home/jone/ws_moveit/install/moveit_planners_ompl/share/colcon-core/packages/moveit_planners_ompl)
[64.797s] DEBUG:colcon.colcon_core.executor.sequential:run_until_complete 'moveit_planners_ompl' finished
[64.797s] DEBUG:colcon.colcon_core.executor.sequential:closing loop
[64.800s] DEBUG:colcon.colcon_core.executor.sequential:loop closed
[64.803s] DEBUG:colcon.colcon_core.event_reactor:joining thread
[64.952s] INFO:colcon.colcon_core.plugin_system:Skipping extension 'colcon_notification.desktop_notification.terminal_notifier': Not used on non-Darwin systems
[64.952s] INFO:colcon.colcon_core.plugin_system:Skipping extension 'colcon_notification.desktop_notification.win32': Not used on non-Windows systems
[64.952s] INFO:colcon.colcon_notification.desktop_notification:Sending desktop notification using 'notify2'
[65.133s] DEBUG:colcon.colcon_core.event_reactor:joined thread
[65.134s] INFO:colcon.colcon_core.shell:Creating prefix script '/home/jone/ws_moveit/install/local_setup.ps1'
[65.137s] INFO:colcon.colcon_core.shell:Creating prefix util module '/home/jone/ws_moveit/install/_local_setup_util_ps1.py'
[65.140s] INFO:colcon.colcon_core.shell:Creating prefix chain script '/home/jone/ws_moveit/install/setup.ps1'
[65.150s] INFO:colcon.colcon_core.shell:Creating prefix script '/home/jone/ws_moveit/install/local_setup.sh'
[65.151s] INFO:colcon.colcon_core.shell:Creating prefix util module '/home/jone/ws_moveit/install/_local_setup_util_sh.py'
[65.151s] INFO:colcon.colcon_core.shell:Creating prefix chain script '/home/jone/ws_moveit/install/setup.sh'
[65.154s] INFO:colcon.colcon_core.shell:Creating prefix script '/home/jone/ws_moveit/install/local_setup.bash'
[65.156s] INFO:colcon.colcon_core.shell:Creating prefix chain script '/home/jone/ws_moveit/install/setup.bash'
[65.159s] INFO:colcon.colcon_core.shell:Creating prefix script '/home/jone/ws_moveit/install/local_setup.zsh'
[65.160s] INFO:colcon.colcon_core.shell:Creating prefix chain script '/home/jone/ws_moveit/install/setup.zsh'
