[0.128s] DEBUG:colcon:Command line arguments: ['/usr/bin/colcon', 'build', '--executor', 'sequential']
[0.129s] DEBUG:colcon:Parsed command line arguments: Namespace(log_base=None, log_level=None, verb_name='build', build_base='build', install_base='install', merge_install=False, symlink_install=False, test_result_base=None, continue_on_error=False, executor='sequential', parallel_workers=16, event_handlers=None, ignore_user_meta=False, metas=['./colcon.meta'], base_paths=['.'], packages_ignore=None, packages_ignore_regex=None, paths=None, packages_up_to=None, packages_up_to_regex=None, packages_above=None, packages_above_and_dependencies=None, packages_above_depth=None, packages_select_by_dep=None, packages_skip_by_dep=None, packages_skip_up_to=None, packages_select_build_failed=False, packages_skip_build_finished=False, packages_select_test_failures=False, packages_skip_test_passed=False, packages_select=None, packages_skip=None, packages_select_regex=None, packages_skip_regex=None, packages_start=None, packages_end=None, allow_overriding=[], cmake_args=None, cmake_target=None, cmake_target_skip_unavailable=False, cmake_clean_cache=False, cmake_clean_first=False, cmake_force_configure=False, ament_cmake_args=None, catkin_cmake_args=None, catkin_skip_building_tests=False, mixin_files=None, mixin=None, verb_parser=<colcon_mixin.mixin.mixin_argument.MixinArgumentDecorator object at 0x780b8f84a410>, verb_extension=<colcon_core.verb.build.BuildVerb object at 0x780b8f957310>, main=<bound method BuildVerb.main of <colcon_core.verb.build.BuildVerb object at 0x780b8f957310>>, mixin_verb=('build',))
[0.281s] Level 1:colcon.colcon_core.package_discovery:discover_packages(colcon_meta) check parameters
[0.281s] Level 1:colcon.colcon_core.package_discovery:discover_packages(recursive) check parameters
[0.281s] Level 1:colcon.colcon_core.package_discovery:discover_packages(ignore) check parameters
[0.281s] Level 1:colcon.colcon_core.package_discovery:discover_packages(path) check parameters
[0.281s] Level 1:colcon.colcon_core.package_discovery:discover_packages(colcon_meta) discover
[0.281s] Level 1:colcon.colcon_core.package_discovery:discover_packages(recursive) discover
[0.281s] INFO:colcon.colcon_core.package_discovery:Crawling recursively for packages in '/home/jone/ws_moveit'
[0.281s] Level 1:colcon.colcon_core.package_identification:_identify(.) by extensions ['ignore', 'ignore_ament_install']
[0.282s] Level 1:colcon.colcon_core.package_identification:_identify(.) by extension 'ignore'
[0.282s] Level 1:colcon.colcon_core.package_identification:_identify(.) by extension 'ignore_ament_install'
[0.282s] Level 1:colcon.colcon_core.package_identification:_identify(.) by extensions ['colcon_pkg']
[0.282s] Level 1:colcon.colcon_core.package_identification:_identify(.) by extension 'colcon_pkg'
[0.282s] Level 1:colcon.colcon_core.package_identification:_identify(.) by extensions ['colcon_meta']
[0.282s] Level 1:colcon.colcon_core.package_identification:_identify(.) by extension 'colcon_meta'
[0.282s] Level 1:colcon.colcon_core.package_identification:_identify(.) by extensions ['ros']
[0.282s] Level 1:colcon.colcon_core.package_identification:_identify(.) by extension 'ros'
[0.289s] Level 1:colcon.colcon_core.package_identification:_identify(.) by extensions ['cmake', 'python']
[0.289s] Level 1:colcon.colcon_core.package_identification:_identify(.) by extension 'cmake'
[0.289s] Level 1:colcon.colcon_core.package_identification:_identify(.) by extension 'python'
[0.289s] Level 1:colcon.colcon_core.package_identification:_identify(.) by extensions ['python_setup_py']
[0.289s] Level 1:colcon.colcon_core.package_identification:_identify(.) by extension 'python_setup_py'
[0.289s] Level 1:colcon.colcon_core.package_identification:_identify(build) by extensions ['ignore', 'ignore_ament_install']
[0.289s] Level 1:colcon.colcon_core.package_identification:_identify(build) by extension 'ignore'
[0.289s] Level 1:colcon.colcon_core.package_identification:_identify(build) ignored
[0.290s] Level 1:colcon.colcon_core.package_identification:_identify(install) by extensions ['ignore', 'ignore_ament_install']
[0.290s] Level 1:colcon.colcon_core.package_identification:_identify(install) by extension 'ignore'
[0.290s] Level 1:colcon.colcon_core.package_identification:_identify(install) ignored
[0.290s] Level 1:colcon.colcon_core.package_identification:_identify(log) by extensions ['ignore', 'ignore_ament_install']
[0.290s] Level 1:colcon.colcon_core.package_identification:_identify(log) by extension 'ignore'
[0.290s] Level 1:colcon.colcon_core.package_identification:_identify(log) ignored
[0.290s] Level 1:colcon.colcon_core.package_identification:_identify(src) by extensions ['ignore', 'ignore_ament_install']
[0.290s] Level 1:colcon.colcon_core.package_identification:_identify(src) by extension 'ignore'
[0.290s] Level 1:colcon.colcon_core.package_identification:_identify(src) by extension 'ignore_ament_install'
[0.290s] Level 1:colcon.colcon_core.package_identification:_identify(src) by extensions ['colcon_pkg']
[0.290s] Level 1:colcon.colcon_core.package_identification:_identify(src) by extension 'colcon_pkg'
[0.290s] Level 1:colcon.colcon_core.package_identification:_identify(src) by extensions ['colcon_meta']
[0.290s] Level 1:colcon.colcon_core.package_identification:_identify(src) by extension 'colcon_meta'
[0.290s] Level 1:colcon.colcon_core.package_identification:_identify(src) by extensions ['ros']
[0.290s] Level 1:colcon.colcon_core.package_identification:_identify(src) by extension 'ros'
[0.290s] Level 1:colcon.colcon_core.package_identification:_identify(src) by extensions ['cmake', 'python']
[0.290s] Level 1:colcon.colcon_core.package_identification:_identify(src) by extension 'cmake'
[0.290s] Level 1:colcon.colcon_core.package_identification:_identify(src) by extension 'python'
[0.290s] Level 1:colcon.colcon_core.package_identification:_identify(src) by extensions ['python_setup_py']
[0.290s] Level 1:colcon.colcon_core.package_identification:_identify(src) by extension 'python_setup_py'
[0.290s] Level 1:colcon.colcon_core.package_identification:_identify(src/launch_param_builder) by extensions ['ignore', 'ignore_ament_install']
[0.290s] Level 1:colcon.colcon_core.package_identification:_identify(src/launch_param_builder) by extension 'ignore'
[0.290s] Level 1:colcon.colcon_core.package_identification:_identify(src/launch_param_builder) by extension 'ignore_ament_install'
[0.291s] Level 1:colcon.colcon_core.package_identification:_identify(src/launch_param_builder) by extensions ['colcon_pkg']
[0.291s] Level 1:colcon.colcon_core.package_identification:_identify(src/launch_param_builder) by extension 'colcon_pkg'
[0.291s] Level 1:colcon.colcon_core.package_identification:_identify(src/launch_param_builder) by extensions ['colcon_meta']
[0.291s] Level 1:colcon.colcon_core.package_identification:_identify(src/launch_param_builder) by extension 'colcon_meta'
[0.291s] Level 1:colcon.colcon_core.package_identification:_identify(src/launch_param_builder) by extensions ['ros']
[0.291s] Level 1:colcon.colcon_core.package_identification:_identify(src/launch_param_builder) by extension 'ros'
[0.292s] DEBUG:colcon.colcon_core.package_identification:Package 'src/launch_param_builder' with type 'ros.ament_python' and name 'launch_param_builder'
[0.292s] Level 1:colcon.colcon_core.package_identification:_identify(src/moveit2) by extensions ['ignore', 'ignore_ament_install']
[0.292s] Level 1:colcon.colcon_core.package_identification:_identify(src/moveit2) by extension 'ignore'
[0.292s] Level 1:colcon.colcon_core.package_identification:_identify(src/moveit2) by extension 'ignore_ament_install'
[0.292s] Level 1:colcon.colcon_core.package_identification:_identify(src/moveit2) by extensions ['colcon_pkg']
[0.293s] Level 1:colcon.colcon_core.package_identification:_identify(src/moveit2) by extension 'colcon_pkg'
[0.293s] Level 1:colcon.colcon_core.package_identification:_identify(src/moveit2) by extensions ['colcon_meta']
[0.293s] Level 1:colcon.colcon_core.package_identification:_identify(src/moveit2) by extension 'colcon_meta'
[0.293s] Level 1:colcon.colcon_core.package_identification:_identify(src/moveit2) by extensions ['ros']
[0.293s] Level 1:colcon.colcon_core.package_identification:_identify(src/moveit2) by extension 'ros'
[0.293s] Level 1:colcon.colcon_core.package_identification:_identify(src/moveit2) by extensions ['cmake', 'python']
[0.293s] Level 1:colcon.colcon_core.package_identification:_identify(src/moveit2) by extension 'cmake'
[0.293s] Level 1:colcon.colcon_core.package_identification:_identify(src/moveit2) by extension 'python'
[0.293s] Level 1:colcon.colcon_core.package_identification:_identify(src/moveit2) by extensions ['python_setup_py']
[0.293s] Level 1:colcon.colcon_core.package_identification:_identify(src/moveit2) by extension 'python_setup_py'
[0.293s] Level 1:colcon.colcon_core.package_identification:_identify(src/moveit2/doc) by extensions ['ignore', 'ignore_ament_install']
[0.293s] Level 1:colcon.colcon_core.package_identification:_identify(src/moveit2/doc) by extension 'ignore'
[0.293s] Level 1:colcon.colcon_core.package_identification:_identify(src/moveit2/doc) by extension 'ignore_ament_install'
[0.293s] Level 1:colcon.colcon_core.package_identification:_identify(src/moveit2/doc) by extensions ['colcon_pkg']
[0.293s] Level 1:colcon.colcon_core.package_identification:_identify(src/moveit2/doc) by extension 'colcon_pkg'
[0.293s] Level 1:colcon.colcon_core.package_identification:_identify(src/moveit2/doc) by extensions ['colcon_meta']
[0.293s] Level 1:colcon.colcon_core.package_identification:_identify(src/moveit2/doc) by extension 'colcon_meta'
[0.293s] Level 1:colcon.colcon_core.package_identification:_identify(src/moveit2/doc) by extensions ['ros']
[0.293s] Level 1:colcon.colcon_core.package_identification:_identify(src/moveit2/doc) by extension 'ros'
[0.293s] Level 1:colcon.colcon_core.package_identification:_identify(src/moveit2/doc) by extensions ['cmake', 'python']
[0.293s] Level 1:colcon.colcon_core.package_identification:_identify(src/moveit2/doc) by extension 'cmake'
[0.293s] Level 1:colcon.colcon_core.package_identification:_identify(src/moveit2/doc) by extension 'python'
[0.293s] Level 1:colcon.colcon_core.package_identification:_identify(src/moveit2/doc) by extensions ['python_setup_py']
[0.293s] Level 1:colcon.colcon_core.package_identification:_identify(src/moveit2/doc) by extension 'python_setup_py'
[0.293s] Level 1:colcon.colcon_core.package_identification:_identify(src/moveit2/moveit) by extensions ['ignore', 'ignore_ament_install']
[0.293s] Level 1:colcon.colcon_core.package_identification:_identify(src/moveit2/moveit) by extension 'ignore'
[0.293s] Level 1:colcon.colcon_core.package_identification:_identify(src/moveit2/moveit) by extension 'ignore_ament_install'
[0.293s] Level 1:colcon.colcon_core.package_identification:_identify(src/moveit2/moveit) by extensions ['colcon_pkg']
[0.294s] Level 1:colcon.colcon_core.package_identification:_identify(src/moveit2/moveit) by extension 'colcon_pkg'
[0.294s] Level 1:colcon.colcon_core.package_identification:_identify(src/moveit2/moveit) by extensions ['colcon_meta']
[0.294s] Level 1:colcon.colcon_core.package_identification:_identify(src/moveit2/moveit) by extension 'colcon_meta'
[0.294s] Level 1:colcon.colcon_core.package_identification:_identify(src/moveit2/moveit) by extensions ['ros']
[0.294s] Level 1:colcon.colcon_core.package_identification:_identify(src/moveit2/moveit) by extension 'ros'
[0.294s] DEBUG:colcon.colcon_core.package_identification:Package 'src/moveit2/moveit' with type 'ros.ament_cmake' and name 'moveit'
[0.294s] Level 1:colcon.colcon_core.package_identification:_identify(src/moveit2/moveit_commander) by extensions ['ignore', 'ignore_ament_install']
[0.294s] Level 1:colcon.colcon_core.package_identification:_identify(src/moveit2/moveit_commander) by extension 'ignore'
[0.294s] Level 1:colcon.colcon_core.package_identification:_identify(src/moveit2/moveit_commander) ignored
[0.294s] Level 1:colcon.colcon_core.package_identification:_identify(src/moveit2/moveit_common) by extensions ['ignore', 'ignore_ament_install']
[0.294s] Level 1:colcon.colcon_core.package_identification:_identify(src/moveit2/moveit_common) by extension 'ignore'
[0.294s] Level 1:colcon.colcon_core.package_identification:_identify(src/moveit2/moveit_common) by extension 'ignore_ament_install'
[0.295s] Level 1:colcon.colcon_core.package_identification:_identify(src/moveit2/moveit_common) by extensions ['colcon_pkg']
[0.295s] Level 1:colcon.colcon_core.package_identification:_identify(src/moveit2/moveit_common) by extension 'colcon_pkg'
[0.295s] Level 1:colcon.colcon_core.package_identification:_identify(src/moveit2/moveit_common) by extensions ['colcon_meta']
[0.295s] Level 1:colcon.colcon_core.package_identification:_identify(src/moveit2/moveit_common) by extension 'colcon_meta'
[0.295s] Level 1:colcon.colcon_core.package_identification:_identify(src/moveit2/moveit_common) by extensions ['ros']
[0.295s] Level 1:colcon.colcon_core.package_identification:_identify(src/moveit2/moveit_common) by extension 'ros'
[0.295s] DEBUG:colcon.colcon_core.package_identification:Package 'src/moveit2/moveit_common' with type 'ros.ament_cmake' and name 'moveit_common'
[0.295s] Level 1:colcon.colcon_core.package_identification:_identify(src/moveit2/moveit_configs_utils) by extensions ['ignore', 'ignore_ament_install']
[0.295s] Level 1:colcon.colcon_core.package_identification:_identify(src/moveit2/moveit_configs_utils) by extension 'ignore'
[0.295s] Level 1:colcon.colcon_core.package_identification:_identify(src/moveit2/moveit_configs_utils) by extension 'ignore_ament_install'
[0.295s] Level 1:colcon.colcon_core.package_identification:_identify(src/moveit2/moveit_configs_utils) by extensions ['colcon_pkg']
[0.295s] Level 1:colcon.colcon_core.package_identification:_identify(src/moveit2/moveit_configs_utils) by extension 'colcon_pkg'
[0.295s] Level 1:colcon.colcon_core.package_identification:_identify(src/moveit2/moveit_configs_utils) by extensions ['colcon_meta']
[0.295s] Level 1:colcon.colcon_core.package_identification:_identify(src/moveit2/moveit_configs_utils) by extension 'colcon_meta'
[0.296s] Level 1:colcon.colcon_core.package_identification:_identify(src/moveit2/moveit_configs_utils) by extensions ['ros']
[0.296s] Level 1:colcon.colcon_core.package_identification:_identify(src/moveit2/moveit_configs_utils) by extension 'ros'
[0.296s] DEBUG:colcon.colcon_core.package_identification:Package 'src/moveit2/moveit_configs_utils' with type 'ros.ament_python' and name 'moveit_configs_utils'
[0.296s] Level 1:colcon.colcon_core.package_identification:_identify(src/moveit2/moveit_core) by extensions ['ignore', 'ignore_ament_install']
[0.296s] Level 1:colcon.colcon_core.package_identification:_identify(src/moveit2/moveit_core) by extension 'ignore'
[0.296s] Level 1:colcon.colcon_core.package_identification:_identify(src/moveit2/moveit_core) by extension 'ignore_ament_install'
[0.296s] Level 1:colcon.colcon_core.package_identification:_identify(src/moveit2/moveit_core) by extensions ['colcon_pkg']
[0.296s] Level 1:colcon.colcon_core.package_identification:_identify(src/moveit2/moveit_core) by extension 'colcon_pkg'
[0.296s] Level 1:colcon.colcon_core.package_identification:_identify(src/moveit2/moveit_core) by extensions ['colcon_meta']
[0.296s] Level 1:colcon.colcon_core.package_identification:_identify(src/moveit2/moveit_core) by extension 'colcon_meta'
[0.296s] Level 1:colcon.colcon_core.package_identification:_identify(src/moveit2/moveit_core) by extensions ['ros']
[0.296s] Level 1:colcon.colcon_core.package_identification:_identify(src/moveit2/moveit_core) by extension 'ros'
[0.299s] DEBUG:colcon.colcon_core.package_identification:Package 'src/moveit2/moveit_core' with type 'ros.ament_cmake' and name 'moveit_core'
[0.299s] Level 1:colcon.colcon_core.package_identification:_identify(src/moveit2/moveit_experimental) by extensions ['ignore', 'ignore_ament_install']
[0.299s] Level 1:colcon.colcon_core.package_identification:_identify(src/moveit2/moveit_experimental) by extension 'ignore'
[0.299s] Level 1:colcon.colcon_core.package_identification:_identify(src/moveit2/moveit_experimental) ignored
[0.299s] Level 1:colcon.colcon_core.package_identification:_identify(src/moveit2/moveit_kinematics) by extensions ['ignore', 'ignore_ament_install']
[0.299s] Level 1:colcon.colcon_core.package_identification:_identify(src/moveit2/moveit_kinematics) by extension 'ignore'
[0.299s] Level 1:colcon.colcon_core.package_identification:_identify(src/moveit2/moveit_kinematics) by extension 'ignore_ament_install'
[0.299s] Level 1:colcon.colcon_core.package_identification:_identify(src/moveit2/moveit_kinematics) by extensions ['colcon_pkg']
[0.299s] Level 1:colcon.colcon_core.package_identification:_identify(src/moveit2/moveit_kinematics) by extension 'colcon_pkg'
[0.299s] Level 1:colcon.colcon_core.package_identification:_identify(src/moveit2/moveit_kinematics) by extensions ['colcon_meta']
[0.299s] Level 1:colcon.colcon_core.package_identification:_identify(src/moveit2/moveit_kinematics) by extension 'colcon_meta'
[0.299s] Level 1:colcon.colcon_core.package_identification:_identify(src/moveit2/moveit_kinematics) by extensions ['ros']
[0.299s] Level 1:colcon.colcon_core.package_identification:_identify(src/moveit2/moveit_kinematics) by extension 'ros'
[0.300s] DEBUG:colcon.colcon_core.package_identification:Package 'src/moveit2/moveit_kinematics' with type 'ros.ament_cmake' and name 'moveit_kinematics'
[0.300s] Level 1:colcon.colcon_core.package_identification:_identify(src/moveit2/moveit_planners) by extensions ['ignore', 'ignore_ament_install']
[0.300s] Level 1:colcon.colcon_core.package_identification:_identify(src/moveit2/moveit_planners) by extension 'ignore'
[0.300s] Level 1:colcon.colcon_core.package_identification:_identify(src/moveit2/moveit_planners) by extension 'ignore_ament_install'
[0.300s] Level 1:colcon.colcon_core.package_identification:_identify(src/moveit2/moveit_planners) by extensions ['colcon_pkg']
[0.301s] Level 1:colcon.colcon_core.package_identification:_identify(src/moveit2/moveit_planners) by extension 'colcon_pkg'
[0.301s] Level 1:colcon.colcon_core.package_identification:_identify(src/moveit2/moveit_planners) by extensions ['colcon_meta']
[0.301s] Level 1:colcon.colcon_core.package_identification:_identify(src/moveit2/moveit_planners) by extension 'colcon_meta'
[0.301s] Level 1:colcon.colcon_core.package_identification:_identify(src/moveit2/moveit_planners) by extensions ['ros']
[0.301s] Level 1:colcon.colcon_core.package_identification:_identify(src/moveit2/moveit_planners) by extension 'ros'
[0.301s] Level 1:colcon.colcon_core.package_identification:_identify(src/moveit2/moveit_planners) by extensions ['cmake', 'python']
[0.301s] Level 1:colcon.colcon_core.package_identification:_identify(src/moveit2/moveit_planners) by extension 'cmake'
[0.301s] Level 1:colcon.colcon_core.package_identification:_identify(src/moveit2/moveit_planners) by extension 'python'
[0.301s] Level 1:colcon.colcon_core.package_identification:_identify(src/moveit2/moveit_planners) by extensions ['python_setup_py']
[0.301s] Level 1:colcon.colcon_core.package_identification:_identify(src/moveit2/moveit_planners) by extension 'python_setup_py'
[0.301s] Level 1:colcon.colcon_core.package_identification:_identify(src/moveit2/moveit_planners/chomp) by extensions ['ignore', 'ignore_ament_install']
[0.301s] Level 1:colcon.colcon_core.package_identification:_identify(src/moveit2/moveit_planners/chomp) by extension 'ignore'
[0.301s] Level 1:colcon.colcon_core.package_identification:_identify(src/moveit2/moveit_planners/chomp) by extension 'ignore_ament_install'
[0.301s] Level 1:colcon.colcon_core.package_identification:_identify(src/moveit2/moveit_planners/chomp) by extensions ['colcon_pkg']
[0.301s] Level 1:colcon.colcon_core.package_identification:_identify(src/moveit2/moveit_planners/chomp) by extension 'colcon_pkg'
[0.301s] Level 1:colcon.colcon_core.package_identification:_identify(src/moveit2/moveit_planners/chomp) by extensions ['colcon_meta']
[0.301s] Level 1:colcon.colcon_core.package_identification:_identify(src/moveit2/moveit_planners/chomp) by extension 'colcon_meta'
[0.301s] Level 1:colcon.colcon_core.package_identification:_identify(src/moveit2/moveit_planners/chomp) by extensions ['ros']
[0.301s] Level 1:colcon.colcon_core.package_identification:_identify(src/moveit2/moveit_planners/chomp) by extension 'ros'
[0.301s] Level 1:colcon.colcon_core.package_identification:_identify(src/moveit2/moveit_planners/chomp) by extensions ['cmake', 'python']
[0.301s] Level 1:colcon.colcon_core.package_identification:_identify(src/moveit2/moveit_planners/chomp) by extension 'cmake'
[0.301s] Level 1:colcon.colcon_core.package_identification:_identify(src/moveit2/moveit_planners/chomp) by extension 'python'
[0.301s] Level 1:colcon.colcon_core.package_identification:_identify(src/moveit2/moveit_planners/chomp) by extensions ['python_setup_py']
[0.301s] Level 1:colcon.colcon_core.package_identification:_identify(src/moveit2/moveit_planners/chomp) by extension 'python_setup_py'
[0.301s] Level 1:colcon.colcon_core.package_identification:_identify(src/moveit2/moveit_planners/chomp/chomp_interface) by extensions ['ignore', 'ignore_ament_install']
[0.301s] Level 1:colcon.colcon_core.package_identification:_identify(src/moveit2/moveit_planners/chomp/chomp_interface) by extension 'ignore'
[0.301s] Level 1:colcon.colcon_core.package_identification:_identify(src/moveit2/moveit_planners/chomp/chomp_interface) by extension 'ignore_ament_install'
[0.302s] Level 1:colcon.colcon_core.package_identification:_identify(src/moveit2/moveit_planners/chomp/chomp_interface) by extensions ['colcon_pkg']
[0.302s] Level 1:colcon.colcon_core.package_identification:_identify(src/moveit2/moveit_planners/chomp/chomp_interface) by extension 'colcon_pkg'
[0.302s] Level 1:colcon.colcon_core.package_identification:_identify(src/moveit2/moveit_planners/chomp/chomp_interface) by extensions ['colcon_meta']
[0.302s] Level 1:colcon.colcon_core.package_identification:_identify(src/moveit2/moveit_planners/chomp/chomp_interface) by extension 'colcon_meta'
[0.302s] Level 1:colcon.colcon_core.package_identification:_identify(src/moveit2/moveit_planners/chomp/chomp_interface) by extensions ['ros']
[0.302s] Level 1:colcon.colcon_core.package_identification:_identify(src/moveit2/moveit_planners/chomp/chomp_interface) by extension 'ros'
[0.302s] DEBUG:colcon.colcon_core.package_identification:Package 'src/moveit2/moveit_planners/chomp/chomp_interface' with type 'ros.ament_cmake' and name 'moveit_planners_chomp'
[0.302s] Level 1:colcon.colcon_core.package_identification:_identify(src/moveit2/moveit_planners/chomp/chomp_motion_planner) by extensions ['ignore', 'ignore_ament_install']
[0.302s] Level 1:colcon.colcon_core.package_identification:_identify(src/moveit2/moveit_planners/chomp/chomp_motion_planner) by extension 'ignore'
[0.302s] Level 1:colcon.colcon_core.package_identification:_identify(src/moveit2/moveit_planners/chomp/chomp_motion_planner) by extension 'ignore_ament_install'
[0.302s] Level 1:colcon.colcon_core.package_identification:_identify(src/moveit2/moveit_planners/chomp/chomp_motion_planner) by extensions ['colcon_pkg']
[0.302s] Level 1:colcon.colcon_core.package_identification:_identify(src/moveit2/moveit_planners/chomp/chomp_motion_planner) by extension 'colcon_pkg'
[0.303s] Level 1:colcon.colcon_core.package_identification:_identify(src/moveit2/moveit_planners/chomp/chomp_motion_planner) by extensions ['colcon_meta']
[0.303s] Level 1:colcon.colcon_core.package_identification:_identify(src/moveit2/moveit_planners/chomp/chomp_motion_planner) by extension 'colcon_meta'
[0.303s] Level 1:colcon.colcon_core.package_identification:_identify(src/moveit2/moveit_planners/chomp/chomp_motion_planner) by extensions ['ros']
[0.303s] Level 1:colcon.colcon_core.package_identification:_identify(src/moveit2/moveit_planners/chomp/chomp_motion_planner) by extension 'ros'
[0.304s] DEBUG:colcon.colcon_core.package_identification:Package 'src/moveit2/moveit_planners/chomp/chomp_motion_planner' with type 'ros.ament_cmake' and name 'chomp_motion_planner'
[0.304s] Level 1:colcon.colcon_core.package_identification:_identify(src/moveit2/moveit_planners/chomp/chomp_optimizer_adapter) by extensions ['ignore', 'ignore_ament_install']
[0.304s] Level 1:colcon.colcon_core.package_identification:_identify(src/moveit2/moveit_planners/chomp/chomp_optimizer_adapter) by extension 'ignore'
[0.304s] Level 1:colcon.colcon_core.package_identification:_identify(src/moveit2/moveit_planners/chomp/chomp_optimizer_adapter) by extension 'ignore_ament_install'
[0.304s] Level 1:colcon.colcon_core.package_identification:_identify(src/moveit2/moveit_planners/chomp/chomp_optimizer_adapter) by extensions ['colcon_pkg']
[0.304s] Level 1:colcon.colcon_core.package_identification:_identify(src/moveit2/moveit_planners/chomp/chomp_optimizer_adapter) by extension 'colcon_pkg'
[0.304s] Level 1:colcon.colcon_core.package_identification:_identify(src/moveit2/moveit_planners/chomp/chomp_optimizer_adapter) by extensions ['colcon_meta']
[0.304s] Level 1:colcon.colcon_core.package_identification:_identify(src/moveit2/moveit_planners/chomp/chomp_optimizer_adapter) by extension 'colcon_meta'
[0.304s] Level 1:colcon.colcon_core.package_identification:_identify(src/moveit2/moveit_planners/chomp/chomp_optimizer_adapter) by extensions ['ros']
[0.304s] Level 1:colcon.colcon_core.package_identification:_identify(src/moveit2/moveit_planners/chomp/chomp_optimizer_adapter) by extension 'ros'
[0.304s] DEBUG:colcon.colcon_core.package_identification:Package 'src/moveit2/moveit_planners/chomp/chomp_optimizer_adapter' with type 'ros.ament_cmake' and name 'moveit_chomp_optimizer_adapter'
[0.305s] Level 1:colcon.colcon_core.package_identification:_identify(src/moveit2/moveit_planners/moveit_planners) by extensions ['ignore', 'ignore_ament_install']
[0.305s] Level 1:colcon.colcon_core.package_identification:_identify(src/moveit2/moveit_planners/moveit_planners) by extension 'ignore'
[0.305s] Level 1:colcon.colcon_core.package_identification:_identify(src/moveit2/moveit_planners/moveit_planners) by extension 'ignore_ament_install'
[0.305s] Level 1:colcon.colcon_core.package_identification:_identify(src/moveit2/moveit_planners/moveit_planners) by extensions ['colcon_pkg']
[0.305s] Level 1:colcon.colcon_core.package_identification:_identify(src/moveit2/moveit_planners/moveit_planners) by extension 'colcon_pkg'
[0.305s] Level 1:colcon.colcon_core.package_identification:_identify(src/moveit2/moveit_planners/moveit_planners) by extensions ['colcon_meta']
[0.305s] Level 1:colcon.colcon_core.package_identification:_identify(src/moveit2/moveit_planners/moveit_planners) by extension 'colcon_meta'
[0.305s] Level 1:colcon.colcon_core.package_identification:_identify(src/moveit2/moveit_planners/moveit_planners) by extensions ['ros']
[0.305s] Level 1:colcon.colcon_core.package_identification:_identify(src/moveit2/moveit_planners/moveit_planners) by extension 'ros'
[0.305s] DEBUG:colcon.colcon_core.package_identification:Package 'src/moveit2/moveit_planners/moveit_planners' with type 'ros.ament_cmake' and name 'moveit_planners'
[0.305s] Level 1:colcon.colcon_core.package_identification:_identify(src/moveit2/moveit_planners/ompl) by extensions ['ignore', 'ignore_ament_install']
[0.305s] Level 1:colcon.colcon_core.package_identification:_identify(src/moveit2/moveit_planners/ompl) by extension 'ignore'
[0.305s] Level 1:colcon.colcon_core.package_identification:_identify(src/moveit2/moveit_planners/ompl) by extension 'ignore_ament_install'
[0.305s] Level 1:colcon.colcon_core.package_identification:_identify(src/moveit2/moveit_planners/ompl) by extensions ['colcon_pkg']
[0.305s] Level 1:colcon.colcon_core.package_identification:_identify(src/moveit2/moveit_planners/ompl) by extension 'colcon_pkg'
[0.306s] Level 1:colcon.colcon_core.package_identification:_identify(src/moveit2/moveit_planners/ompl) by extensions ['colcon_meta']
[0.306s] Level 1:colcon.colcon_core.package_identification:_identify(src/moveit2/moveit_planners/ompl) by extension 'colcon_meta'
[0.306s] Level 1:colcon.colcon_core.package_identification:_identify(src/moveit2/moveit_planners/ompl) by extensions ['ros']
[0.306s] Level 1:colcon.colcon_core.package_identification:_identify(src/moveit2/moveit_planners/ompl) by extension 'ros'
[0.306s] DEBUG:colcon.colcon_core.package_identification:Package 'src/moveit2/moveit_planners/ompl' with type 'ros.ament_cmake' and name 'moveit_planners_ompl'
[0.307s] Level 1:colcon.colcon_core.package_identification:_identify(src/moveit2/moveit_planners/pilz_industrial_motion_planner) by extensions ['ignore', 'ignore_ament_install']
[0.307s] Level 1:colcon.colcon_core.package_identification:_identify(src/moveit2/moveit_planners/pilz_industrial_motion_planner) by extension 'ignore'
[0.307s] Level 1:colcon.colcon_core.package_identification:_identify(src/moveit2/moveit_planners/pilz_industrial_motion_planner) by extension 'ignore_ament_install'
[0.307s] Level 1:colcon.colcon_core.package_identification:_identify(src/moveit2/moveit_planners/pilz_industrial_motion_planner) by extensions ['colcon_pkg']
[0.307s] Level 1:colcon.colcon_core.package_identification:_identify(src/moveit2/moveit_planners/pilz_industrial_motion_planner) by extension 'colcon_pkg'
[0.307s] Level 1:colcon.colcon_core.package_identification:_identify(src/moveit2/moveit_planners/pilz_industrial_motion_planner) by extensions ['colcon_meta']
[0.307s] Level 1:colcon.colcon_core.package_identification:_identify(src/moveit2/moveit_planners/pilz_industrial_motion_planner) by extension 'colcon_meta'
[0.307s] Level 1:colcon.colcon_core.package_identification:_identify(src/moveit2/moveit_planners/pilz_industrial_motion_planner) by extensions ['ros']
[0.307s] Level 1:colcon.colcon_core.package_identification:_identify(src/moveit2/moveit_planners/pilz_industrial_motion_planner) by extension 'ros'
[0.314s] DEBUG:colcon.colcon_core.package_identification:Package 'src/moveit2/moveit_planners/pilz_industrial_motion_planner' with type 'ros.ament_cmake' and name 'pilz_industrial_motion_planner'
[0.315s] Level 1:colcon.colcon_core.package_identification:_identify(src/moveit2/moveit_planners/pilz_industrial_motion_planner_testutils) by extensions ['ignore', 'ignore_ament_install']
[0.315s] Level 1:colcon.colcon_core.package_identification:_identify(src/moveit2/moveit_planners/pilz_industrial_motion_planner_testutils) by extension 'ignore'
[0.315s] Level 1:colcon.colcon_core.package_identification:_identify(src/moveit2/moveit_planners/pilz_industrial_motion_planner_testutils) by extension 'ignore_ament_install'
[0.315s] Level 1:colcon.colcon_core.package_identification:_identify(src/moveit2/moveit_planners/pilz_industrial_motion_planner_testutils) by extensions ['colcon_pkg']
[0.315s] Level 1:colcon.colcon_core.package_identification:_identify(src/moveit2/moveit_planners/pilz_industrial_motion_planner_testutils) by extension 'colcon_pkg'
[0.315s] Level 1:colcon.colcon_core.package_identification:_identify(src/moveit2/moveit_planners/pilz_industrial_motion_planner_testutils) by extensions ['colcon_meta']
[0.315s] Level 1:colcon.colcon_core.package_identification:_identify(src/moveit2/moveit_planners/pilz_industrial_motion_planner_testutils) by extension 'colcon_meta'
[0.315s] Level 1:colcon.colcon_core.package_identification:_identify(src/moveit2/moveit_planners/pilz_industrial_motion_planner_testutils) by extensions ['ros']
[0.315s] Level 1:colcon.colcon_core.package_identification:_identify(src/moveit2/moveit_planners/pilz_industrial_motion_planner_testutils) by extension 'ros'
[0.315s] DEBUG:colcon.colcon_core.package_identification:Package 'src/moveit2/moveit_planners/pilz_industrial_motion_planner_testutils' with type 'ros.ament_cmake' and name 'pilz_industrial_motion_planner_testutils'
[0.315s] Level 1:colcon.colcon_core.package_identification:_identify(src/moveit2/moveit_planners/test_configs) by extensions ['ignore', 'ignore_ament_install']
[0.316s] Level 1:colcon.colcon_core.package_identification:_identify(src/moveit2/moveit_planners/test_configs) by extension 'ignore'
[0.316s] Level 1:colcon.colcon_core.package_identification:_identify(src/moveit2/moveit_planners/test_configs) by extension 'ignore_ament_install'
[0.316s] Level 1:colcon.colcon_core.package_identification:_identify(src/moveit2/moveit_planners/test_configs) by extensions ['colcon_pkg']
[0.316s] Level 1:colcon.colcon_core.package_identification:_identify(src/moveit2/moveit_planners/test_configs) by extension 'colcon_pkg'
[0.316s] Level 1:colcon.colcon_core.package_identification:_identify(src/moveit2/moveit_planners/test_configs) by extensions ['colcon_meta']
[0.316s] Level 1:colcon.colcon_core.package_identification:_identify(src/moveit2/moveit_planners/test_configs) by extension 'colcon_meta'
[0.316s] Level 1:colcon.colcon_core.package_identification:_identify(src/moveit2/moveit_planners/test_configs) by extensions ['ros']
[0.316s] Level 1:colcon.colcon_core.package_identification:_identify(src/moveit2/moveit_planners/test_configs) by extension 'ros'
[0.316s] Level 1:colcon.colcon_core.package_identification:_identify(src/moveit2/moveit_planners/test_configs) by extensions ['cmake', 'python']
[0.316s] Level 1:colcon.colcon_core.package_identification:_identify(src/moveit2/moveit_planners/test_configs) by extension 'cmake'
[0.316s] Level 1:colcon.colcon_core.package_identification:_identify(src/moveit2/moveit_planners/test_configs) by extension 'python'
[0.316s] Level 1:colcon.colcon_core.package_identification:_identify(src/moveit2/moveit_planners/test_configs) by extensions ['python_setup_py']
[0.316s] Level 1:colcon.colcon_core.package_identification:_identify(src/moveit2/moveit_planners/test_configs) by extension 'python_setup_py'
[0.316s] Level 1:colcon.colcon_core.package_identification:_identify(src/moveit2/moveit_planners/test_configs/prbt_ikfast_manipulator_plugin) by extensions ['ignore', 'ignore_ament_install']
[0.316s] Level 1:colcon.colcon_core.package_identification:_identify(src/moveit2/moveit_planners/test_configs/prbt_ikfast_manipulator_plugin) by extension 'ignore'
[0.316s] Level 1:colcon.colcon_core.package_identification:_identify(src/moveit2/moveit_planners/test_configs/prbt_ikfast_manipulator_plugin) by extension 'ignore_ament_install'
[0.316s] Level 1:colcon.colcon_core.package_identification:_identify(src/moveit2/moveit_planners/test_configs/prbt_ikfast_manipulator_plugin) by extensions ['colcon_pkg']
[0.316s] Level 1:colcon.colcon_core.package_identification:_identify(src/moveit2/moveit_planners/test_configs/prbt_ikfast_manipulator_plugin) by extension 'colcon_pkg'
[0.316s] Level 1:colcon.colcon_core.package_identification:_identify(src/moveit2/moveit_planners/test_configs/prbt_ikfast_manipulator_plugin) by extensions ['colcon_meta']
[0.316s] Level 1:colcon.colcon_core.package_identification:_identify(src/moveit2/moveit_planners/test_configs/prbt_ikfast_manipulator_plugin) by extension 'colcon_meta'
[0.316s] Level 1:colcon.colcon_core.package_identification:_identify(src/moveit2/moveit_planners/test_configs/prbt_ikfast_manipulator_plugin) by extensions ['ros']
[0.316s] Level 1:colcon.colcon_core.package_identification:_identify(src/moveit2/moveit_planners/test_configs/prbt_ikfast_manipulator_plugin) by extension 'ros'
[0.317s] DEBUG:colcon.colcon_core.package_identification:Package 'src/moveit2/moveit_planners/test_configs/prbt_ikfast_manipulator_plugin' with type 'ros.ament_cmake' and name 'moveit_resources_prbt_ikfast_manipulator_plugin'
[0.317s] Level 1:colcon.colcon_core.package_identification:_identify(src/moveit2/moveit_planners/test_configs/prbt_moveit_config) by extensions ['ignore', 'ignore_ament_install']
[0.317s] Level 1:colcon.colcon_core.package_identification:_identify(src/moveit2/moveit_planners/test_configs/prbt_moveit_config) by extension 'ignore'
[0.317s] Level 1:colcon.colcon_core.package_identification:_identify(src/moveit2/moveit_planners/test_configs/prbt_moveit_config) by extension 'ignore_ament_install'
[0.317s] Level 1:colcon.colcon_core.package_identification:_identify(src/moveit2/moveit_planners/test_configs/prbt_moveit_config) by extensions ['colcon_pkg']
[0.317s] Level 1:colcon.colcon_core.package_identification:_identify(src/moveit2/moveit_planners/test_configs/prbt_moveit_config) by extension 'colcon_pkg'
[0.317s] Level 1:colcon.colcon_core.package_identification:_identify(src/moveit2/moveit_planners/test_configs/prbt_moveit_config) by extensions ['colcon_meta']
[0.317s] Level 1:colcon.colcon_core.package_identification:_identify(src/moveit2/moveit_planners/test_configs/prbt_moveit_config) by extension 'colcon_meta'
[0.317s] Level 1:colcon.colcon_core.package_identification:_identify(src/moveit2/moveit_planners/test_configs/prbt_moveit_config) by extensions ['ros']
[0.317s] Level 1:colcon.colcon_core.package_identification:_identify(src/moveit2/moveit_planners/test_configs/prbt_moveit_config) by extension 'ros'
[0.318s] DEBUG:colcon.colcon_core.package_identification:Package 'src/moveit2/moveit_planners/test_configs/prbt_moveit_config' with type 'ros.ament_cmake' and name 'moveit_resources_prbt_moveit_config'
[0.318s] Level 1:colcon.colcon_core.package_identification:_identify(src/moveit2/moveit_planners/test_configs/prbt_pg70_support) by extensions ['ignore', 'ignore_ament_install']
[0.318s] Level 1:colcon.colcon_core.package_identification:_identify(src/moveit2/moveit_planners/test_configs/prbt_pg70_support) by extension 'ignore'
[0.318s] Level 1:colcon.colcon_core.package_identification:_identify(src/moveit2/moveit_planners/test_configs/prbt_pg70_support) by extension 'ignore_ament_install'
[0.318s] Level 1:colcon.colcon_core.package_identification:_identify(src/moveit2/moveit_planners/test_configs/prbt_pg70_support) by extensions ['colcon_pkg']
[0.318s] Level 1:colcon.colcon_core.package_identification:_identify(src/moveit2/moveit_planners/test_configs/prbt_pg70_support) by extension 'colcon_pkg'
[0.318s] Level 1:colcon.colcon_core.package_identification:_identify(src/moveit2/moveit_planners/test_configs/prbt_pg70_support) by extensions ['colcon_meta']
[0.318s] Level 1:colcon.colcon_core.package_identification:_identify(src/moveit2/moveit_planners/test_configs/prbt_pg70_support) by extension 'colcon_meta'
[0.318s] Level 1:colcon.colcon_core.package_identification:_identify(src/moveit2/moveit_planners/test_configs/prbt_pg70_support) by extensions ['ros']
[0.318s] Level 1:colcon.colcon_core.package_identification:_identify(src/moveit2/moveit_planners/test_configs/prbt_pg70_support) by extension 'ros'
[0.318s] DEBUG:colcon.colcon_core.package_identification:Package 'src/moveit2/moveit_planners/test_configs/prbt_pg70_support' with type 'ros.ament_cmake' and name 'moveit_resources_prbt_pg70_support'
[0.318s] Level 1:colcon.colcon_core.package_identification:_identify(src/moveit2/moveit_planners/test_configs/prbt_support) by extensions ['ignore', 'ignore_ament_install']
[0.319s] Level 1:colcon.colcon_core.package_identification:_identify(src/moveit2/moveit_planners/test_configs/prbt_support) by extension 'ignore'
[0.319s] Level 1:colcon.colcon_core.package_identification:_identify(src/moveit2/moveit_planners/test_configs/prbt_support) by extension 'ignore_ament_install'
[0.319s] Level 1:colcon.colcon_core.package_identification:_identify(src/moveit2/moveit_planners/test_configs/prbt_support) by extensions ['colcon_pkg']
[0.319s] Level 1:colcon.colcon_core.package_identification:_identify(src/moveit2/moveit_planners/test_configs/prbt_support) by extension 'colcon_pkg'
[0.319s] Level 1:colcon.colcon_core.package_identification:_identify(src/moveit2/moveit_planners/test_configs/prbt_support) by extensions ['colcon_meta']
[0.319s] Level 1:colcon.colcon_core.package_identification:_identify(src/moveit2/moveit_planners/test_configs/prbt_support) by extension 'colcon_meta'
[0.319s] Level 1:colcon.colcon_core.package_identification:_identify(src/moveit2/moveit_planners/test_configs/prbt_support) by extensions ['ros']
[0.319s] Level 1:colcon.colcon_core.package_identification:_identify(src/moveit2/moveit_planners/test_configs/prbt_support) by extension 'ros'
[0.319s] DEBUG:colcon.colcon_core.package_identification:Package 'src/moveit2/moveit_planners/test_configs/prbt_support' with type 'ros.ament_cmake' and name 'moveit_resources_prbt_support'
[0.319s] Level 1:colcon.colcon_core.package_identification:_identify(src/moveit2/moveit_planners/trajopt) by extensions ['ignore', 'ignore_ament_install']
[0.319s] Level 1:colcon.colcon_core.package_identification:_identify(src/moveit2/moveit_planners/trajopt) by extension 'ignore'
[0.319s] Level 1:colcon.colcon_core.package_identification:_identify(src/moveit2/moveit_planners/trajopt) ignored
[0.319s] Level 1:colcon.colcon_core.package_identification:_identify(src/moveit2/moveit_plugins) by extensions ['ignore', 'ignore_ament_install']
[0.319s] Level 1:colcon.colcon_core.package_identification:_identify(src/moveit2/moveit_plugins) by extension 'ignore'
[0.319s] Level 1:colcon.colcon_core.package_identification:_identify(src/moveit2/moveit_plugins) by extension 'ignore_ament_install'
[0.320s] Level 1:colcon.colcon_core.package_identification:_identify(src/moveit2/moveit_plugins) by extensions ['colcon_pkg']
[0.320s] Level 1:colcon.colcon_core.package_identification:_identify(src/moveit2/moveit_plugins) by extension 'colcon_pkg'
[0.320s] Level 1:colcon.colcon_core.package_identification:_identify(src/moveit2/moveit_plugins) by extensions ['colcon_meta']
[0.320s] Level 1:colcon.colcon_core.package_identification:_identify(src/moveit2/moveit_plugins) by extension 'colcon_meta'
[0.320s] Level 1:colcon.colcon_core.package_identification:_identify(src/moveit2/moveit_plugins) by extensions ['ros']
[0.320s] Level 1:colcon.colcon_core.package_identification:_identify(src/moveit2/moveit_plugins) by extension 'ros'
[0.320s] Level 1:colcon.colcon_core.package_identification:_identify(src/moveit2/moveit_plugins) by extensions ['cmake', 'python']
[0.320s] Level 1:colcon.colcon_core.package_identification:_identify(src/moveit2/moveit_plugins) by extension 'cmake'
[0.320s] Level 1:colcon.colcon_core.package_identification:_identify(src/moveit2/moveit_plugins) by extension 'python'
[0.320s] Level 1:colcon.colcon_core.package_identification:_identify(src/moveit2/moveit_plugins) by extensions ['python_setup_py']
[0.320s] Level 1:colcon.colcon_core.package_identification:_identify(src/moveit2/moveit_plugins) by extension 'python_setup_py'
[0.320s] Level 1:colcon.colcon_core.package_identification:_identify(src/moveit2/moveit_plugins/moveit_plugins) by extensions ['ignore', 'ignore_ament_install']
[0.320s] Level 1:colcon.colcon_core.package_identification:_identify(src/moveit2/moveit_plugins/moveit_plugins) by extension 'ignore'
[0.320s] Level 1:colcon.colcon_core.package_identification:_identify(src/moveit2/moveit_plugins/moveit_plugins) by extension 'ignore_ament_install'
[0.320s] Level 1:colcon.colcon_core.package_identification:_identify(src/moveit2/moveit_plugins/moveit_plugins) by extensions ['colcon_pkg']
[0.320s] Level 1:colcon.colcon_core.package_identification:_identify(src/moveit2/moveit_plugins/moveit_plugins) by extension 'colcon_pkg'
[0.320s] Level 1:colcon.colcon_core.package_identification:_identify(src/moveit2/moveit_plugins/moveit_plugins) by extensions ['colcon_meta']
[0.320s] Level 1:colcon.colcon_core.package_identification:_identify(src/moveit2/moveit_plugins/moveit_plugins) by extension 'colcon_meta'
[0.320s] Level 1:colcon.colcon_core.package_identification:_identify(src/moveit2/moveit_plugins/moveit_plugins) by extensions ['ros']
[0.320s] Level 1:colcon.colcon_core.package_identification:_identify(src/moveit2/moveit_plugins/moveit_plugins) by extension 'ros'
[0.321s] DEBUG:colcon.colcon_core.package_identification:Package 'src/moveit2/moveit_plugins/moveit_plugins' with type 'ros.ament_cmake' and name 'moveit_plugins'
[0.321s] Level 1:colcon.colcon_core.package_identification:_identify(src/moveit2/moveit_plugins/moveit_ros_control_interface) by extensions ['ignore', 'ignore_ament_install']
[0.321s] Level 1:colcon.colcon_core.package_identification:_identify(src/moveit2/moveit_plugins/moveit_ros_control_interface) by extension 'ignore'
[0.321s] Level 1:colcon.colcon_core.package_identification:_identify(src/moveit2/moveit_plugins/moveit_ros_control_interface) by extension 'ignore_ament_install'
[0.321s] Level 1:colcon.colcon_core.package_identification:_identify(src/moveit2/moveit_plugins/moveit_ros_control_interface) by extensions ['colcon_pkg']
[0.321s] Level 1:colcon.colcon_core.package_identification:_identify(src/moveit2/moveit_plugins/moveit_ros_control_interface) by extension 'colcon_pkg'
[0.321s] Level 1:colcon.colcon_core.package_identification:_identify(src/moveit2/moveit_plugins/moveit_ros_control_interface) by extensions ['colcon_meta']
[0.321s] Level 1:colcon.colcon_core.package_identification:_identify(src/moveit2/moveit_plugins/moveit_ros_control_interface) by extension 'colcon_meta'
[0.321s] Level 1:colcon.colcon_core.package_identification:_identify(src/moveit2/moveit_plugins/moveit_ros_control_interface) by extensions ['ros']
[0.321s] Level 1:colcon.colcon_core.package_identification:_identify(src/moveit2/moveit_plugins/moveit_ros_control_interface) by extension 'ros'
[0.322s] DEBUG:colcon.colcon_core.package_identification:Package 'src/moveit2/moveit_plugins/moveit_ros_control_interface' with type 'ros.ament_cmake' and name 'moveit_ros_control_interface'
[0.322s] Level 1:colcon.colcon_core.package_identification:_identify(src/moveit2/moveit_plugins/moveit_simple_controller_manager) by extensions ['ignore', 'ignore_ament_install']
[0.322s] Level 1:colcon.colcon_core.package_identification:_identify(src/moveit2/moveit_plugins/moveit_simple_controller_manager) by extension 'ignore'
[0.322s] Level 1:colcon.colcon_core.package_identification:_identify(src/moveit2/moveit_plugins/moveit_simple_controller_manager) by extension 'ignore_ament_install'
[0.322s] Level 1:colcon.colcon_core.package_identification:_identify(src/moveit2/moveit_plugins/moveit_simple_controller_manager) by extensions ['colcon_pkg']
[0.322s] Level 1:colcon.colcon_core.package_identification:_identify(src/moveit2/moveit_plugins/moveit_simple_controller_manager) by extension 'colcon_pkg'
[0.322s] Level 1:colcon.colcon_core.package_identification:_identify(src/moveit2/moveit_plugins/moveit_simple_controller_manager) by extensions ['colcon_meta']
[0.322s] Level 1:colcon.colcon_core.package_identification:_identify(src/moveit2/moveit_plugins/moveit_simple_controller_manager) by extension 'colcon_meta'
[0.322s] Level 1:colcon.colcon_core.package_identification:_identify(src/moveit2/moveit_plugins/moveit_simple_controller_manager) by extensions ['ros']
[0.322s] Level 1:colcon.colcon_core.package_identification:_identify(src/moveit2/moveit_plugins/moveit_simple_controller_manager) by extension 'ros'
[0.323s] DEBUG:colcon.colcon_core.package_identification:Package 'src/moveit2/moveit_plugins/moveit_simple_controller_manager' with type 'ros.ament_cmake' and name 'moveit_simple_controller_manager'
[0.323s] Level 1:colcon.colcon_core.package_identification:_identify(src/moveit2/moveit_ros) by extensions ['ignore', 'ignore_ament_install']
[0.323s] Level 1:colcon.colcon_core.package_identification:_identify(src/moveit2/moveit_ros) by extension 'ignore'
[0.323s] Level 1:colcon.colcon_core.package_identification:_identify(src/moveit2/moveit_ros) by extension 'ignore_ament_install'
[0.323s] Level 1:colcon.colcon_core.package_identification:_identify(src/moveit2/moveit_ros) by extensions ['colcon_pkg']
[0.323s] Level 1:colcon.colcon_core.package_identification:_identify(src/moveit2/moveit_ros) by extension 'colcon_pkg'
[0.323s] Level 1:colcon.colcon_core.package_identification:_identify(src/moveit2/moveit_ros) by extensions ['colcon_meta']
[0.323s] Level 1:colcon.colcon_core.package_identification:_identify(src/moveit2/moveit_ros) by extension 'colcon_meta'
[0.323s] Level 1:colcon.colcon_core.package_identification:_identify(src/moveit2/moveit_ros) by extensions ['ros']
[0.323s] Level 1:colcon.colcon_core.package_identification:_identify(src/moveit2/moveit_ros) by extension 'ros'
[0.323s] Level 1:colcon.colcon_core.package_identification:_identify(src/moveit2/moveit_ros) by extensions ['cmake', 'python']
[0.323s] Level 1:colcon.colcon_core.package_identification:_identify(src/moveit2/moveit_ros) by extension 'cmake'
[0.323s] Level 1:colcon.colcon_core.package_identification:_identify(src/moveit2/moveit_ros) by extension 'python'
[0.323s] Level 1:colcon.colcon_core.package_identification:_identify(src/moveit2/moveit_ros) by extensions ['python_setup_py']
[0.323s] Level 1:colcon.colcon_core.package_identification:_identify(src/moveit2/moveit_ros) by extension 'python_setup_py'
[0.323s] Level 1:colcon.colcon_core.package_identification:_identify(src/moveit2/moveit_ros/benchmarks) by extensions ['ignore', 'ignore_ament_install']
[0.323s] Level 1:colcon.colcon_core.package_identification:_identify(src/moveit2/moveit_ros/benchmarks) by extension 'ignore'
[0.323s] Level 1:colcon.colcon_core.package_identification:_identify(src/moveit2/moveit_ros/benchmarks) by extension 'ignore_ament_install'
[0.323s] Level 1:colcon.colcon_core.package_identification:_identify(src/moveit2/moveit_ros/benchmarks) by extensions ['colcon_pkg']
[0.323s] Level 1:colcon.colcon_core.package_identification:_identify(src/moveit2/moveit_ros/benchmarks) by extension 'colcon_pkg'
[0.323s] Level 1:colcon.colcon_core.package_identification:_identify(src/moveit2/moveit_ros/benchmarks) by extensions ['colcon_meta']
[0.323s] Level 1:colcon.colcon_core.package_identification:_identify(src/moveit2/moveit_ros/benchmarks) by extension 'colcon_meta'
[0.323s] Level 1:colcon.colcon_core.package_identification:_identify(src/moveit2/moveit_ros/benchmarks) by extensions ['ros']
[0.324s] Level 1:colcon.colcon_core.package_identification:_identify(src/moveit2/moveit_ros/benchmarks) by extension 'ros'
[0.324s] DEBUG:colcon.colcon_core.package_identification:Package 'src/moveit2/moveit_ros/benchmarks' with type 'ros.ament_cmake' and name 'moveit_ros_benchmarks'
[0.324s] Level 1:colcon.colcon_core.package_identification:_identify(src/moveit2/moveit_ros/hybrid_planning) by extensions ['ignore', 'ignore_ament_install']
[0.324s] Level 1:colcon.colcon_core.package_identification:_identify(src/moveit2/moveit_ros/hybrid_planning) by extension 'ignore'
[0.324s] Level 1:colcon.colcon_core.package_identification:_identify(src/moveit2/moveit_ros/hybrid_planning) by extension 'ignore_ament_install'
[0.325s] Level 1:colcon.colcon_core.package_identification:_identify(src/moveit2/moveit_ros/hybrid_planning) by extensions ['colcon_pkg']
[0.325s] Level 1:colcon.colcon_core.package_identification:_identify(src/moveit2/moveit_ros/hybrid_planning) by extension 'colcon_pkg'
[0.325s] Level 1:colcon.colcon_core.package_identification:_identify(src/moveit2/moveit_ros/hybrid_planning) by extensions ['colcon_meta']
[0.325s] Level 1:colcon.colcon_core.package_identification:_identify(src/moveit2/moveit_ros/hybrid_planning) by extension 'colcon_meta'
[0.325s] Level 1:colcon.colcon_core.package_identification:_identify(src/moveit2/moveit_ros/hybrid_planning) by extensions ['ros']
[0.325s] Level 1:colcon.colcon_core.package_identification:_identify(src/moveit2/moveit_ros/hybrid_planning) by extension 'ros'
[0.326s] DEBUG:colcon.colcon_core.package_identification:Package 'src/moveit2/moveit_ros/hybrid_planning' with type 'ros.ament_cmake' and name 'moveit_hybrid_planning'
[0.326s] Level 1:colcon.colcon_core.package_identification:_identify(src/moveit2/moveit_ros/move_group) by extensions ['ignore', 'ignore_ament_install']
[0.326s] Level 1:colcon.colcon_core.package_identification:_identify(src/moveit2/moveit_ros/move_group) by extension 'ignore'
[0.326s] Level 1:colcon.colcon_core.package_identification:_identify(src/moveit2/moveit_ros/move_group) by extension 'ignore_ament_install'
[0.326s] Level 1:colcon.colcon_core.package_identification:_identify(src/moveit2/moveit_ros/move_group) by extensions ['colcon_pkg']
[0.326s] Level 1:colcon.colcon_core.package_identification:_identify(src/moveit2/moveit_ros/move_group) by extension 'colcon_pkg'
[0.326s] Level 1:colcon.colcon_core.package_identification:_identify(src/moveit2/moveit_ros/move_group) by extensions ['colcon_meta']
[0.326s] Level 1:colcon.colcon_core.package_identification:_identify(src/moveit2/moveit_ros/move_group) by extension 'colcon_meta'
[0.326s] Level 1:colcon.colcon_core.package_identification:_identify(src/moveit2/moveit_ros/move_group) by extensions ['ros']
[0.326s] Level 1:colcon.colcon_core.package_identification:_identify(src/moveit2/moveit_ros/move_group) by extension 'ros'
[0.327s] DEBUG:colcon.colcon_core.package_identification:Package 'src/moveit2/moveit_ros/move_group' with type 'ros.ament_cmake' and name 'moveit_ros_move_group'
[0.327s] Level 1:colcon.colcon_core.package_identification:_identify(src/moveit2/moveit_ros/moveit_ros) by extensions ['ignore', 'ignore_ament_install']
[0.327s] Level 1:colcon.colcon_core.package_identification:_identify(src/moveit2/moveit_ros/moveit_ros) by extension 'ignore'
[0.327s] Level 1:colcon.colcon_core.package_identification:_identify(src/moveit2/moveit_ros/moveit_ros) by extension 'ignore_ament_install'
[0.327s] Level 1:colcon.colcon_core.package_identification:_identify(src/moveit2/moveit_ros/moveit_ros) by extensions ['colcon_pkg']
[0.327s] Level 1:colcon.colcon_core.package_identification:_identify(src/moveit2/moveit_ros/moveit_ros) by extension 'colcon_pkg'
[0.327s] Level 1:colcon.colcon_core.package_identification:_identify(src/moveit2/moveit_ros/moveit_ros) by extensions ['colcon_meta']
[0.327s] Level 1:colcon.colcon_core.package_identification:_identify(src/moveit2/moveit_ros/moveit_ros) by extension 'colcon_meta'
[0.327s] Level 1:colcon.colcon_core.package_identification:_identify(src/moveit2/moveit_ros/moveit_ros) by extensions ['ros']
[0.327s] Level 1:colcon.colcon_core.package_identification:_identify(src/moveit2/moveit_ros/moveit_ros) by extension 'ros'
[0.328s] DEBUG:colcon.colcon_core.package_identification:Package 'src/moveit2/moveit_ros/moveit_ros' with type 'ros.ament_cmake' and name 'moveit_ros'
[0.328s] Level 1:colcon.colcon_core.package_identification:_identify(src/moveit2/moveit_ros/moveit_servo) by extensions ['ignore', 'ignore_ament_install']
[0.328s] Level 1:colcon.colcon_core.package_identification:_identify(src/moveit2/moveit_ros/moveit_servo) by extension 'ignore'
[0.328s] Level 1:colcon.colcon_core.package_identification:_identify(src/moveit2/moveit_ros/moveit_servo) by extension 'ignore_ament_install'
[0.328s] Level 1:colcon.colcon_core.package_identification:_identify(src/moveit2/moveit_ros/moveit_servo) by extensions ['colcon_pkg']
[0.328s] Level 1:colcon.colcon_core.package_identification:_identify(src/moveit2/moveit_ros/moveit_servo) by extension 'colcon_pkg'
[0.328s] Level 1:colcon.colcon_core.package_identification:_identify(src/moveit2/moveit_ros/moveit_servo) by extensions ['colcon_meta']
[0.328s] Level 1:colcon.colcon_core.package_identification:_identify(src/moveit2/moveit_ros/moveit_servo) by extension 'colcon_meta'
[0.328s] Level 1:colcon.colcon_core.package_identification:_identify(src/moveit2/moveit_ros/moveit_servo) by extensions ['ros']
[0.328s] Level 1:colcon.colcon_core.package_identification:_identify(src/moveit2/moveit_ros/moveit_servo) by extension 'ros'
[0.329s] DEBUG:colcon.colcon_core.package_identification:Package 'src/moveit2/moveit_ros/moveit_servo' with type 'ros.ament_cmake' and name 'moveit_servo'
[0.329s] Level 1:colcon.colcon_core.package_identification:_identify(src/moveit2/moveit_ros/occupancy_map_monitor) by extensions ['ignore', 'ignore_ament_install']
[0.329s] Level 1:colcon.colcon_core.package_identification:_identify(src/moveit2/moveit_ros/occupancy_map_monitor) by extension 'ignore'
[0.330s] Level 1:colcon.colcon_core.package_identification:_identify(src/moveit2/moveit_ros/occupancy_map_monitor) by extension 'ignore_ament_install'
[0.330s] Level 1:colcon.colcon_core.package_identification:_identify(src/moveit2/moveit_ros/occupancy_map_monitor) by extensions ['colcon_pkg']
[0.330s] Level 1:colcon.colcon_core.package_identification:_identify(src/moveit2/moveit_ros/occupancy_map_monitor) by extension 'colcon_pkg'
[0.330s] Level 1:colcon.colcon_core.package_identification:_identify(src/moveit2/moveit_ros/occupancy_map_monitor) by extensions ['colcon_meta']
[0.330s] Level 1:colcon.colcon_core.package_identification:_identify(src/moveit2/moveit_ros/occupancy_map_monitor) by extension 'colcon_meta'
[0.330s] Level 1:colcon.colcon_core.package_identification:_identify(src/moveit2/moveit_ros/occupancy_map_monitor) by extensions ['ros']
[0.330s] Level 1:colcon.colcon_core.package_identification:_identify(src/moveit2/moveit_ros/occupancy_map_monitor) by extension 'ros'
[0.331s] DEBUG:colcon.colcon_core.package_identification:Package 'src/moveit2/moveit_ros/occupancy_map_monitor' with type 'ros.ament_cmake' and name 'moveit_ros_occupancy_map_monitor'
[0.331s] Level 1:colcon.colcon_core.package_identification:_identify(src/moveit2/moveit_ros/perception) by extensions ['ignore', 'ignore_ament_install']
[0.331s] Level 1:colcon.colcon_core.package_identification:_identify(src/moveit2/moveit_ros/perception) by extension 'ignore'
[0.331s] Level 1:colcon.colcon_core.package_identification:_identify(src/moveit2/moveit_ros/perception) by extension 'ignore_ament_install'
[0.331s] Level 1:colcon.colcon_core.package_identification:_identify(src/moveit2/moveit_ros/perception) by extensions ['colcon_pkg']
[0.331s] Level 1:colcon.colcon_core.package_identification:_identify(src/moveit2/moveit_ros/perception) by extension 'colcon_pkg'
[0.331s] Level 1:colcon.colcon_core.package_identification:_identify(src/moveit2/moveit_ros/perception) by extensions ['colcon_meta']
[0.331s] Level 1:colcon.colcon_core.package_identification:_identify(src/moveit2/moveit_ros/perception) by extension 'colcon_meta'
[0.331s] Level 1:colcon.colcon_core.package_identification:_identify(src/moveit2/moveit_ros/perception) by extensions ['ros']
[0.331s] Level 1:colcon.colcon_core.package_identification:_identify(src/moveit2/moveit_ros/perception) by extension 'ros'
[0.332s] DEBUG:colcon.colcon_core.package_identification:Package 'src/moveit2/moveit_ros/perception' with type 'ros.ament_cmake' and name 'moveit_ros_perception'
[0.332s] Level 1:colcon.colcon_core.package_identification:_identify(src/moveit2/moveit_ros/planning) by extensions ['ignore', 'ignore_ament_install']
[0.332s] Level 1:colcon.colcon_core.package_identification:_identify(src/moveit2/moveit_ros/planning) by extension 'ignore'
[0.332s] Level 1:colcon.colcon_core.package_identification:_identify(src/moveit2/moveit_ros/planning) by extension 'ignore_ament_install'
[0.333s] Level 1:colcon.colcon_core.package_identification:_identify(src/moveit2/moveit_ros/planning) by extensions ['colcon_pkg']
[0.333s] Level 1:colcon.colcon_core.package_identification:_identify(src/moveit2/moveit_ros/planning) by extension 'colcon_pkg'
[0.333s] Level 1:colcon.colcon_core.package_identification:_identify(src/moveit2/moveit_ros/planning) by extensions ['colcon_meta']
[0.333s] Level 1:colcon.colcon_core.package_identification:_identify(src/moveit2/moveit_ros/planning) by extension 'colcon_meta'
[0.333s] Level 1:colcon.colcon_core.package_identification:_identify(src/moveit2/moveit_ros/planning) by extensions ['ros']
[0.333s] Level 1:colcon.colcon_core.package_identification:_identify(src/moveit2/moveit_ros/planning) by extension 'ros'
[0.334s] DEBUG:colcon.colcon_core.package_identification:Package 'src/moveit2/moveit_ros/planning' with type 'ros.ament_cmake' and name 'moveit_ros_planning'
[0.334s] Level 1:colcon.colcon_core.package_identification:_identify(src/moveit2/moveit_ros/planning_interface) by extensions ['ignore', 'ignore_ament_install']
[0.334s] Level 1:colcon.colcon_core.package_identification:_identify(src/moveit2/moveit_ros/planning_interface) by extension 'ignore'
[0.334s] Level 1:colcon.colcon_core.package_identification:_identify(src/moveit2/moveit_ros/planning_interface) by extension 'ignore_ament_install'
[0.334s] Level 1:colcon.colcon_core.package_identification:_identify(src/moveit2/moveit_ros/planning_interface) by extensions ['colcon_pkg']
[0.334s] Level 1:colcon.colcon_core.package_identification:_identify(src/moveit2/moveit_ros/planning_interface) by extension 'colcon_pkg'
[0.334s] Level 1:colcon.colcon_core.package_identification:_identify(src/moveit2/moveit_ros/planning_interface) by extensions ['colcon_meta']
[0.334s] Level 1:colcon.colcon_core.package_identification:_identify(src/moveit2/moveit_ros/planning_interface) by extension 'colcon_meta'
[0.334s] Level 1:colcon.colcon_core.package_identification:_identify(src/moveit2/moveit_ros/planning_interface) by extensions ['ros']
[0.334s] Level 1:colcon.colcon_core.package_identification:_identify(src/moveit2/moveit_ros/planning_interface) by extension 'ros'
[0.335s] DEBUG:colcon.colcon_core.package_identification:Package 'src/moveit2/moveit_ros/planning_interface' with type 'ros.ament_cmake' and name 'moveit_ros_planning_interface'
[0.336s] Level 1:colcon.colcon_core.package_identification:_identify(src/moveit2/moveit_ros/robot_interaction) by extensions ['ignore', 'ignore_ament_install']
[0.336s] Level 1:colcon.colcon_core.package_identification:_identify(src/moveit2/moveit_ros/robot_interaction) by extension 'ignore'
[0.336s] Level 1:colcon.colcon_core.package_identification:_identify(src/moveit2/moveit_ros/robot_interaction) by extension 'ignore_ament_install'
[0.336s] Level 1:colcon.colcon_core.package_identification:_identify(src/moveit2/moveit_ros/robot_interaction) by extensions ['colcon_pkg']
[0.336s] Level 1:colcon.colcon_core.package_identification:_identify(src/moveit2/moveit_ros/robot_interaction) by extension 'colcon_pkg'
[0.336s] Level 1:colcon.colcon_core.package_identification:_identify(src/moveit2/moveit_ros/robot_interaction) by extensions ['colcon_meta']
[0.336s] Level 1:colcon.colcon_core.package_identification:_identify(src/moveit2/moveit_ros/robot_interaction) by extension 'colcon_meta'
[0.336s] Level 1:colcon.colcon_core.package_identification:_identify(src/moveit2/moveit_ros/robot_interaction) by extensions ['ros']
[0.336s] Level 1:colcon.colcon_core.package_identification:_identify(src/moveit2/moveit_ros/robot_interaction) by extension 'ros'
[0.337s] DEBUG:colcon.colcon_core.package_identification:Package 'src/moveit2/moveit_ros/robot_interaction' with type 'ros.ament_cmake' and name 'moveit_ros_robot_interaction'
[0.337s] Level 1:colcon.colcon_core.package_identification:_identify(src/moveit2/moveit_ros/visualization) by extensions ['ignore', 'ignore_ament_install']
[0.337s] Level 1:colcon.colcon_core.package_identification:_identify(src/moveit2/moveit_ros/visualization) by extension 'ignore'
[0.337s] Level 1:colcon.colcon_core.package_identification:_identify(src/moveit2/moveit_ros/visualization) by extension 'ignore_ament_install'
[0.337s] Level 1:colcon.colcon_core.package_identification:_identify(src/moveit2/moveit_ros/visualization) by extensions ['colcon_pkg']
[0.337s] Level 1:colcon.colcon_core.package_identification:_identify(src/moveit2/moveit_ros/visualization) by extension 'colcon_pkg'
[0.337s] Level 1:colcon.colcon_core.package_identification:_identify(src/moveit2/moveit_ros/visualization) by extensions ['colcon_meta']
[0.337s] Level 1:colcon.colcon_core.package_identification:_identify(src/moveit2/moveit_ros/visualization) by extension 'colcon_meta'
[0.337s] Level 1:colcon.colcon_core.package_identification:_identify(src/moveit2/moveit_ros/visualization) by extensions ['ros']
[0.337s] Level 1:colcon.colcon_core.package_identification:_identify(src/moveit2/moveit_ros/visualization) by extension 'ros'
[0.338s] DEBUG:colcon.colcon_core.package_identification:Package 'src/moveit2/moveit_ros/visualization' with type 'ros.ament_cmake' and name 'moveit_ros_visualization'
[0.338s] Level 1:colcon.colcon_core.package_identification:_identify(src/moveit2/moveit_ros/warehouse) by extensions ['ignore', 'ignore_ament_install']
[0.338s] Level 1:colcon.colcon_core.package_identification:_identify(src/moveit2/moveit_ros/warehouse) by extension 'ignore'
[0.338s] Level 1:colcon.colcon_core.package_identification:_identify(src/moveit2/moveit_ros/warehouse) by extension 'ignore_ament_install'
[0.338s] Level 1:colcon.colcon_core.package_identification:_identify(src/moveit2/moveit_ros/warehouse) by extensions ['colcon_pkg']
[0.338s] Level 1:colcon.colcon_core.package_identification:_identify(src/moveit2/moveit_ros/warehouse) by extension 'colcon_pkg'
[0.338s] Level 1:colcon.colcon_core.package_identification:_identify(src/moveit2/moveit_ros/warehouse) by extensions ['colcon_meta']
[0.338s] Level 1:colcon.colcon_core.package_identification:_identify(src/moveit2/moveit_ros/warehouse) by extension 'colcon_meta'
[0.338s] Level 1:colcon.colcon_core.package_identification:_identify(src/moveit2/moveit_ros/warehouse) by extensions ['ros']
[0.338s] Level 1:colcon.colcon_core.package_identification:_identify(src/moveit2/moveit_ros/warehouse) by extension 'ros'
[0.339s] DEBUG:colcon.colcon_core.package_identification:Package 'src/moveit2/moveit_ros/warehouse' with type 'ros.ament_cmake' and name 'moveit_ros_warehouse'
[0.339s] Level 1:colcon.colcon_core.package_identification:_identify(src/moveit2/moveit_runtime) by extensions ['ignore', 'ignore_ament_install']
[0.339s] Level 1:colcon.colcon_core.package_identification:_identify(src/moveit2/moveit_runtime) by extension 'ignore'
[0.339s] Level 1:colcon.colcon_core.package_identification:_identify(src/moveit2/moveit_runtime) by extension 'ignore_ament_install'
[0.339s] Level 1:colcon.colcon_core.package_identification:_identify(src/moveit2/moveit_runtime) by extensions ['colcon_pkg']
[0.339s] Level 1:colcon.colcon_core.package_identification:_identify(src/moveit2/moveit_runtime) by extension 'colcon_pkg'
[0.339s] Level 1:colcon.colcon_core.package_identification:_identify(src/moveit2/moveit_runtime) by extensions ['colcon_meta']
[0.339s] Level 1:colcon.colcon_core.package_identification:_identify(src/moveit2/moveit_runtime) by extension 'colcon_meta'
[0.339s] Level 1:colcon.colcon_core.package_identification:_identify(src/moveit2/moveit_runtime) by extensions ['ros']
[0.339s] Level 1:colcon.colcon_core.package_identification:_identify(src/moveit2/moveit_runtime) by extension 'ros'
[0.340s] DEBUG:colcon.colcon_core.package_identification:Package 'src/moveit2/moveit_runtime' with type 'ros.ament_cmake' and name 'moveit_runtime'
[0.340s] Level 1:colcon.colcon_core.package_identification:_identify(src/moveit2/moveit_setup_assistant) by extensions ['ignore', 'ignore_ament_install']
[0.340s] Level 1:colcon.colcon_core.package_identification:_identify(src/moveit2/moveit_setup_assistant) by extension 'ignore'
[0.340s] Level 1:colcon.colcon_core.package_identification:_identify(src/moveit2/moveit_setup_assistant) by extension 'ignore_ament_install'
[0.340s] Level 1:colcon.colcon_core.package_identification:_identify(src/moveit2/moveit_setup_assistant) by extensions ['colcon_pkg']
[0.340s] Level 1:colcon.colcon_core.package_identification:_identify(src/moveit2/moveit_setup_assistant) by extension 'colcon_pkg'
[0.340s] Level 1:colcon.colcon_core.package_identification:_identify(src/moveit2/moveit_setup_assistant) by extensions ['colcon_meta']
[0.340s] Level 1:colcon.colcon_core.package_identification:_identify(src/moveit2/moveit_setup_assistant) by extension 'colcon_meta'
[0.340s] Level 1:colcon.colcon_core.package_identification:_identify(src/moveit2/moveit_setup_assistant) by extensions ['ros']
[0.340s] Level 1:colcon.colcon_core.package_identification:_identify(src/moveit2/moveit_setup_assistant) by extension 'ros'
[0.340s] Level 1:colcon.colcon_core.package_identification:_identify(src/moveit2/moveit_setup_assistant) by extensions ['cmake', 'python']
[0.340s] Level 1:colcon.colcon_core.package_identification:_identify(src/moveit2/moveit_setup_assistant) by extension 'cmake'
[0.340s] Level 1:colcon.colcon_core.package_identification:_identify(src/moveit2/moveit_setup_assistant) by extension 'python'
[0.340s] Level 1:colcon.colcon_core.package_identification:_identify(src/moveit2/moveit_setup_assistant) by extensions ['python_setup_py']
[0.340s] Level 1:colcon.colcon_core.package_identification:_identify(src/moveit2/moveit_setup_assistant) by extension 'python_setup_py'
[0.340s] Level 1:colcon.colcon_core.package_identification:_identify(src/moveit2/moveit_setup_assistant/graphics) by extensions ['ignore', 'ignore_ament_install']
[0.340s] Level 1:colcon.colcon_core.package_identification:_identify(src/moveit2/moveit_setup_assistant/graphics) by extension 'ignore'
[0.341s] Level 1:colcon.colcon_core.package_identification:_identify(src/moveit2/moveit_setup_assistant/graphics) by extension 'ignore_ament_install'
[0.341s] Level 1:colcon.colcon_core.package_identification:_identify(src/moveit2/moveit_setup_assistant/graphics) by extensions ['colcon_pkg']
[0.341s] Level 1:colcon.colcon_core.package_identification:_identify(src/moveit2/moveit_setup_assistant/graphics) by extension 'colcon_pkg'
[0.341s] Level 1:colcon.colcon_core.package_identification:_identify(src/moveit2/moveit_setup_assistant/graphics) by extensions ['colcon_meta']
[0.341s] Level 1:colcon.colcon_core.package_identification:_identify(src/moveit2/moveit_setup_assistant/graphics) by extension 'colcon_meta'
[0.341s] Level 1:colcon.colcon_core.package_identification:_identify(src/moveit2/moveit_setup_assistant/graphics) by extensions ['ros']
[0.341s] Level 1:colcon.colcon_core.package_identification:_identify(src/moveit2/moveit_setup_assistant/graphics) by extension 'ros'
[0.341s] Level 1:colcon.colcon_core.package_identification:_identify(src/moveit2/moveit_setup_assistant/graphics) by extensions ['cmake', 'python']
[0.341s] Level 1:colcon.colcon_core.package_identification:_identify(src/moveit2/moveit_setup_assistant/graphics) by extension 'cmake'
[0.341s] Level 1:colcon.colcon_core.package_identification:_identify(src/moveit2/moveit_setup_assistant/graphics) by extension 'python'
[0.341s] Level 1:colcon.colcon_core.package_identification:_identify(src/moveit2/moveit_setup_assistant/graphics) by extensions ['python_setup_py']
[0.341s] Level 1:colcon.colcon_core.package_identification:_identify(src/moveit2/moveit_setup_assistant/graphics) by extension 'python_setup_py'
[0.341s] Level 1:colcon.colcon_core.package_identification:_identify(src/moveit2/moveit_setup_assistant/graphics/source) by extensions ['ignore', 'ignore_ament_install']
[0.341s] Level 1:colcon.colcon_core.package_identification:_identify(src/moveit2/moveit_setup_assistant/graphics/source) by extension 'ignore'
[0.341s] Level 1:colcon.colcon_core.package_identification:_identify(src/moveit2/moveit_setup_assistant/graphics/source) by extension 'ignore_ament_install'
[0.341s] Level 1:colcon.colcon_core.package_identification:_identify(src/moveit2/moveit_setup_assistant/graphics/source) by extensions ['colcon_pkg']
[0.341s] Level 1:colcon.colcon_core.package_identification:_identify(src/moveit2/moveit_setup_assistant/graphics/source) by extension 'colcon_pkg'
[0.341s] Level 1:colcon.colcon_core.package_identification:_identify(src/moveit2/moveit_setup_assistant/graphics/source) by extensions ['colcon_meta']
[0.341s] Level 1:colcon.colcon_core.package_identification:_identify(src/moveit2/moveit_setup_assistant/graphics/source) by extension 'colcon_meta'
[0.341s] Level 1:colcon.colcon_core.package_identification:_identify(src/moveit2/moveit_setup_assistant/graphics/source) by extensions ['ros']
[0.341s] Level 1:colcon.colcon_core.package_identification:_identify(src/moveit2/moveit_setup_assistant/graphics/source) by extension 'ros'
[0.341s] Level 1:colcon.colcon_core.package_identification:_identify(src/moveit2/moveit_setup_assistant/graphics/source) by extensions ['cmake', 'python']
[0.341s] Level 1:colcon.colcon_core.package_identification:_identify(src/moveit2/moveit_setup_assistant/graphics/source) by extension 'cmake'
[0.341s] Level 1:colcon.colcon_core.package_identification:_identify(src/moveit2/moveit_setup_assistant/graphics/source) by extension 'python'
[0.341s] Level 1:colcon.colcon_core.package_identification:_identify(src/moveit2/moveit_setup_assistant/graphics/source) by extensions ['python_setup_py']
[0.341s] Level 1:colcon.colcon_core.package_identification:_identify(src/moveit2/moveit_setup_assistant/graphics/source) by extension 'python_setup_py'
[0.341s] Level 1:colcon.colcon_core.package_identification:_identify(src/moveit2/moveit_setup_assistant/moveit_setup_app_plugins) by extensions ['ignore', 'ignore_ament_install']
[0.342s] Level 1:colcon.colcon_core.package_identification:_identify(src/moveit2/moveit_setup_assistant/moveit_setup_app_plugins) by extension 'ignore'
[0.342s] Level 1:colcon.colcon_core.package_identification:_identify(src/moveit2/moveit_setup_assistant/moveit_setup_app_plugins) by extension 'ignore_ament_install'
[0.342s] Level 1:colcon.colcon_core.package_identification:_identify(src/moveit2/moveit_setup_assistant/moveit_setup_app_plugins) by extensions ['colcon_pkg']
[0.342s] Level 1:colcon.colcon_core.package_identification:_identify(src/moveit2/moveit_setup_assistant/moveit_setup_app_plugins) by extension 'colcon_pkg'
[0.342s] Level 1:colcon.colcon_core.package_identification:_identify(src/moveit2/moveit_setup_assistant/moveit_setup_app_plugins) by extensions ['colcon_meta']
[0.342s] Level 1:colcon.colcon_core.package_identification:_identify(src/moveit2/moveit_setup_assistant/moveit_setup_app_plugins) by extension 'colcon_meta'
[0.342s] Level 1:colcon.colcon_core.package_identification:_identify(src/moveit2/moveit_setup_assistant/moveit_setup_app_plugins) by extensions ['ros']
[0.342s] Level 1:colcon.colcon_core.package_identification:_identify(src/moveit2/moveit_setup_assistant/moveit_setup_app_plugins) by extension 'ros'
[0.342s] DEBUG:colcon.colcon_core.package_identification:Package 'src/moveit2/moveit_setup_assistant/moveit_setup_app_plugins' with type 'ros.ament_cmake' and name 'moveit_setup_app_plugins'
[0.342s] Level 1:colcon.colcon_core.package_identification:_identify(src/moveit2/moveit_setup_assistant/moveit_setup_assistant) by extensions ['ignore', 'ignore_ament_install']
[0.342s] Level 1:colcon.colcon_core.package_identification:_identify(src/moveit2/moveit_setup_assistant/moveit_setup_assistant) by extension 'ignore'
[0.342s] Level 1:colcon.colcon_core.package_identification:_identify(src/moveit2/moveit_setup_assistant/moveit_setup_assistant) by extension 'ignore_ament_install'
[0.343s] Level 1:colcon.colcon_core.package_identification:_identify(src/moveit2/moveit_setup_assistant/moveit_setup_assistant) by extensions ['colcon_pkg']
[0.343s] Level 1:colcon.colcon_core.package_identification:_identify(src/moveit2/moveit_setup_assistant/moveit_setup_assistant) by extension 'colcon_pkg'
[0.343s] Level 1:colcon.colcon_core.package_identification:_identify(src/moveit2/moveit_setup_assistant/moveit_setup_assistant) by extensions ['colcon_meta']
[0.343s] Level 1:colcon.colcon_core.package_identification:_identify(src/moveit2/moveit_setup_assistant/moveit_setup_assistant) by extension 'colcon_meta'
[0.343s] Level 1:colcon.colcon_core.package_identification:_identify(src/moveit2/moveit_setup_assistant/moveit_setup_assistant) by extensions ['ros']
[0.343s] Level 1:colcon.colcon_core.package_identification:_identify(src/moveit2/moveit_setup_assistant/moveit_setup_assistant) by extension 'ros'
[0.343s] DEBUG:colcon.colcon_core.package_identification:Package 'src/moveit2/moveit_setup_assistant/moveit_setup_assistant' with type 'ros.ament_cmake' and name 'moveit_setup_assistant'
[0.343s] Level 1:colcon.colcon_core.package_identification:_identify(src/moveit2/moveit_setup_assistant/moveit_setup_controllers) by extensions ['ignore', 'ignore_ament_install']
[0.344s] Level 1:colcon.colcon_core.package_identification:_identify(src/moveit2/moveit_setup_assistant/moveit_setup_controllers) by extension 'ignore'
[0.344s] Level 1:colcon.colcon_core.package_identification:_identify(src/moveit2/moveit_setup_assistant/moveit_setup_controllers) by extension 'ignore_ament_install'
[0.344s] Level 1:colcon.colcon_core.package_identification:_identify(src/moveit2/moveit_setup_assistant/moveit_setup_controllers) by extensions ['colcon_pkg']
[0.344s] Level 1:colcon.colcon_core.package_identification:_identify(src/moveit2/moveit_setup_assistant/moveit_setup_controllers) by extension 'colcon_pkg'
[0.344s] Level 1:colcon.colcon_core.package_identification:_identify(src/moveit2/moveit_setup_assistant/moveit_setup_controllers) by extensions ['colcon_meta']
[0.344s] Level 1:colcon.colcon_core.package_identification:_identify(src/moveit2/moveit_setup_assistant/moveit_setup_controllers) by extension 'colcon_meta'
[0.344s] Level 1:colcon.colcon_core.package_identification:_identify(src/moveit2/moveit_setup_assistant/moveit_setup_controllers) by extensions ['ros']
[0.344s] Level 1:colcon.colcon_core.package_identification:_identify(src/moveit2/moveit_setup_assistant/moveit_setup_controllers) by extension 'ros'
[0.344s] DEBUG:colcon.colcon_core.package_identification:Package 'src/moveit2/moveit_setup_assistant/moveit_setup_controllers' with type 'ros.ament_cmake' and name 'moveit_setup_controllers'
[0.344s] Level 1:colcon.colcon_core.package_identification:_identify(src/moveit2/moveit_setup_assistant/moveit_setup_core_plugins) by extensions ['ignore', 'ignore_ament_install']
[0.344s] Level 1:colcon.colcon_core.package_identification:_identify(src/moveit2/moveit_setup_assistant/moveit_setup_core_plugins) by extension 'ignore'
[0.345s] Level 1:colcon.colcon_core.package_identification:_identify(src/moveit2/moveit_setup_assistant/moveit_setup_core_plugins) by extension 'ignore_ament_install'
[0.345s] Level 1:colcon.colcon_core.package_identification:_identify(src/moveit2/moveit_setup_assistant/moveit_setup_core_plugins) by extensions ['colcon_pkg']
[0.345s] Level 1:colcon.colcon_core.package_identification:_identify(src/moveit2/moveit_setup_assistant/moveit_setup_core_plugins) by extension 'colcon_pkg'
[0.345s] Level 1:colcon.colcon_core.package_identification:_identify(src/moveit2/moveit_setup_assistant/moveit_setup_core_plugins) by extensions ['colcon_meta']
[0.345s] Level 1:colcon.colcon_core.package_identification:_identify(src/moveit2/moveit_setup_assistant/moveit_setup_core_plugins) by extension 'colcon_meta'
[0.345s] Level 1:colcon.colcon_core.package_identification:_identify(src/moveit2/moveit_setup_assistant/moveit_setup_core_plugins) by extensions ['ros']
[0.345s] Level 1:colcon.colcon_core.package_identification:_identify(src/moveit2/moveit_setup_assistant/moveit_setup_core_plugins) by extension 'ros'
[0.345s] DEBUG:colcon.colcon_core.package_identification:Package 'src/moveit2/moveit_setup_assistant/moveit_setup_core_plugins' with type 'ros.ament_cmake' and name 'moveit_setup_core_plugins'
[0.345s] Level 1:colcon.colcon_core.package_identification:_identify(src/moveit2/moveit_setup_assistant/moveit_setup_framework) by extensions ['ignore', 'ignore_ament_install']
[0.345s] Level 1:colcon.colcon_core.package_identification:_identify(src/moveit2/moveit_setup_assistant/moveit_setup_framework) by extension 'ignore'
[0.345s] Level 1:colcon.colcon_core.package_identification:_identify(src/moveit2/moveit_setup_assistant/moveit_setup_framework) by extension 'ignore_ament_install'
[0.346s] Level 1:colcon.colcon_core.package_identification:_identify(src/moveit2/moveit_setup_assistant/moveit_setup_framework) by extensions ['colcon_pkg']
[0.346s] Level 1:colcon.colcon_core.package_identification:_identify(src/moveit2/moveit_setup_assistant/moveit_setup_framework) by extension 'colcon_pkg'
[0.346s] Level 1:colcon.colcon_core.package_identification:_identify(src/moveit2/moveit_setup_assistant/moveit_setup_framework) by extensions ['colcon_meta']
[0.346s] Level 1:colcon.colcon_core.package_identification:_identify(src/moveit2/moveit_setup_assistant/moveit_setup_framework) by extension 'colcon_meta'
[0.346s] Level 1:colcon.colcon_core.package_identification:_identify(src/moveit2/moveit_setup_assistant/moveit_setup_framework) by extensions ['ros']
[0.346s] Level 1:colcon.colcon_core.package_identification:_identify(src/moveit2/moveit_setup_assistant/moveit_setup_framework) by extension 'ros'
[0.346s] DEBUG:colcon.colcon_core.package_identification:Package 'src/moveit2/moveit_setup_assistant/moveit_setup_framework' with type 'ros.ament_cmake' and name 'moveit_setup_framework'
[0.347s] Level 1:colcon.colcon_core.package_identification:_identify(src/moveit2/moveit_setup_assistant/moveit_setup_simulation) by extensions ['ignore', 'ignore_ament_install']
[0.347s] Level 1:colcon.colcon_core.package_identification:_identify(src/moveit2/moveit_setup_assistant/moveit_setup_simulation) by extension 'ignore'
[0.347s] Level 1:colcon.colcon_core.package_identification:_identify(src/moveit2/moveit_setup_assistant/moveit_setup_simulation) ignored
[0.347s] Level 1:colcon.colcon_core.package_identification:_identify(src/moveit2/moveit_setup_assistant/moveit_setup_srdf_plugins) by extensions ['ignore', 'ignore_ament_install']
[0.347s] Level 1:colcon.colcon_core.package_identification:_identify(src/moveit2/moveit_setup_assistant/moveit_setup_srdf_plugins) by extension 'ignore'
[0.347s] Level 1:colcon.colcon_core.package_identification:_identify(src/moveit2/moveit_setup_assistant/moveit_setup_srdf_plugins) by extension 'ignore_ament_install'
[0.347s] Level 1:colcon.colcon_core.package_identification:_identify(src/moveit2/moveit_setup_assistant/moveit_setup_srdf_plugins) by extensions ['colcon_pkg']
[0.347s] Level 1:colcon.colcon_core.package_identification:_identify(src/moveit2/moveit_setup_assistant/moveit_setup_srdf_plugins) by extension 'colcon_pkg'
[0.347s] Level 1:colcon.colcon_core.package_identification:_identify(src/moveit2/moveit_setup_assistant/moveit_setup_srdf_plugins) by extensions ['colcon_meta']
[0.347s] Level 1:colcon.colcon_core.package_identification:_identify(src/moveit2/moveit_setup_assistant/moveit_setup_srdf_plugins) by extension 'colcon_meta'
[0.347s] Level 1:colcon.colcon_core.package_identification:_identify(src/moveit2/moveit_setup_assistant/moveit_setup_srdf_plugins) by extensions ['ros']
[0.347s] Level 1:colcon.colcon_core.package_identification:_identify(src/moveit2/moveit_setup_assistant/moveit_setup_srdf_plugins) by extension 'ros'
[0.348s] DEBUG:colcon.colcon_core.package_identification:Package 'src/moveit2/moveit_setup_assistant/moveit_setup_srdf_plugins' with type 'ros.ament_cmake' and name 'moveit_setup_srdf_plugins'
[0.348s] Level 1:colcon.colcon_core.package_identification:_identify(src/moveit2/moveit_setup_assistant/unported_templates) by extensions ['ignore', 'ignore_ament_install']
[0.348s] Level 1:colcon.colcon_core.package_identification:_identify(src/moveit2/moveit_setup_assistant/unported_templates) by extension 'ignore'
[0.348s] Level 1:colcon.colcon_core.package_identification:_identify(src/moveit2/moveit_setup_assistant/unported_templates) by extension 'ignore_ament_install'
[0.348s] Level 1:colcon.colcon_core.package_identification:_identify(src/moveit2/moveit_setup_assistant/unported_templates) by extensions ['colcon_pkg']
[0.348s] Level 1:colcon.colcon_core.package_identification:_identify(src/moveit2/moveit_setup_assistant/unported_templates) by extension 'colcon_pkg'
[0.348s] Level 1:colcon.colcon_core.package_identification:_identify(src/moveit2/moveit_setup_assistant/unported_templates) by extensions ['colcon_meta']
[0.348s] Level 1:colcon.colcon_core.package_identification:_identify(src/moveit2/moveit_setup_assistant/unported_templates) by extension 'colcon_meta'
[0.348s] Level 1:colcon.colcon_core.package_identification:_identify(src/moveit2/moveit_setup_assistant/unported_templates) by extensions ['ros']
[0.348s] Level 1:colcon.colcon_core.package_identification:_identify(src/moveit2/moveit_setup_assistant/unported_templates) by extension 'ros'
[0.348s] Level 1:colcon.colcon_core.package_identification:_identify(src/moveit2/moveit_setup_assistant/unported_templates) by extensions ['cmake', 'python']
[0.348s] Level 1:colcon.colcon_core.package_identification:_identify(src/moveit2/moveit_setup_assistant/unported_templates) by extension 'cmake'
[0.348s] Level 1:colcon.colcon_core.package_identification:_identify(src/moveit2/moveit_setup_assistant/unported_templates) by extension 'python'
[0.348s] Level 1:colcon.colcon_core.package_identification:_identify(src/moveit2/moveit_setup_assistant/unported_templates) by extensions ['python_setup_py']
[0.348s] Level 1:colcon.colcon_core.package_identification:_identify(src/moveit2/moveit_setup_assistant/unported_templates) by extension 'python_setup_py'
[0.348s] Level 1:colcon.colcon_core.package_identification:_identify(src/moveit2_tutorials) by extensions ['ignore', 'ignore_ament_install']
[0.348s] Level 1:colcon.colcon_core.package_identification:_identify(src/moveit2_tutorials) by extension 'ignore'
[0.348s] Level 1:colcon.colcon_core.package_identification:_identify(src/moveit2_tutorials) by extension 'ignore_ament_install'
[0.348s] Level 1:colcon.colcon_core.package_identification:_identify(src/moveit2_tutorials) by extensions ['colcon_pkg']
[0.348s] Level 1:colcon.colcon_core.package_identification:_identify(src/moveit2_tutorials) by extension 'colcon_pkg'
[0.348s] Level 1:colcon.colcon_core.package_identification:_identify(src/moveit2_tutorials) by extensions ['colcon_meta']
[0.348s] Level 1:colcon.colcon_core.package_identification:_identify(src/moveit2_tutorials) by extension 'colcon_meta'
[0.348s] Level 1:colcon.colcon_core.package_identification:_identify(src/moveit2_tutorials) by extensions ['ros']
[0.348s] Level 1:colcon.colcon_core.package_identification:_identify(src/moveit2_tutorials) by extension 'ros'
[0.350s] DEBUG:colcon.colcon_core.package_identification:Package 'src/moveit2_tutorials' with type 'ros.ament_cmake' and name 'moveit2_tutorials'
[0.350s] Level 1:colcon.colcon_core.package_identification:_identify(src/moveit_resources) by extensions ['ignore', 'ignore_ament_install']
[0.350s] Level 1:colcon.colcon_core.package_identification:_identify(src/moveit_resources) by extension 'ignore'
[0.350s] Level 1:colcon.colcon_core.package_identification:_identify(src/moveit_resources) by extension 'ignore_ament_install'
[0.350s] Level 1:colcon.colcon_core.package_identification:_identify(src/moveit_resources) by extensions ['colcon_pkg']
[0.350s] Level 1:colcon.colcon_core.package_identification:_identify(src/moveit_resources) by extension 'colcon_pkg'
[0.350s] Level 1:colcon.colcon_core.package_identification:_identify(src/moveit_resources) by extensions ['colcon_meta']
[0.350s] Level 1:colcon.colcon_core.package_identification:_identify(src/moveit_resources) by extension 'colcon_meta'
[0.350s] Level 1:colcon.colcon_core.package_identification:_identify(src/moveit_resources) by extensions ['ros']
[0.350s] Level 1:colcon.colcon_core.package_identification:_identify(src/moveit_resources) by extension 'ros'
[0.350s] Level 1:colcon.colcon_core.package_identification:_identify(src/moveit_resources) by extensions ['cmake', 'python']
[0.350s] Level 1:colcon.colcon_core.package_identification:_identify(src/moveit_resources) by extension 'cmake'
[0.350s] Level 1:colcon.colcon_core.package_identification:_identify(src/moveit_resources) by extension 'python'
[0.350s] Level 1:colcon.colcon_core.package_identification:_identify(src/moveit_resources) by extensions ['python_setup_py']
[0.350s] Level 1:colcon.colcon_core.package_identification:_identify(src/moveit_resources) by extension 'python_setup_py'
[0.350s] Level 1:colcon.colcon_core.package_identification:_identify(src/moveit_resources/fanuc_description) by extensions ['ignore', 'ignore_ament_install']
[0.350s] Level 1:colcon.colcon_core.package_identification:_identify(src/moveit_resources/fanuc_description) by extension 'ignore'
[0.350s] Level 1:colcon.colcon_core.package_identification:_identify(src/moveit_resources/fanuc_description) by extension 'ignore_ament_install'
[0.350s] Level 1:colcon.colcon_core.package_identification:_identify(src/moveit_resources/fanuc_description) by extensions ['colcon_pkg']
[0.350s] Level 1:colcon.colcon_core.package_identification:_identify(src/moveit_resources/fanuc_description) by extension 'colcon_pkg'
[0.350s] Level 1:colcon.colcon_core.package_identification:_identify(src/moveit_resources/fanuc_description) by extensions ['colcon_meta']
[0.351s] Level 1:colcon.colcon_core.package_identification:_identify(src/moveit_resources/fanuc_description) by extension 'colcon_meta'
[0.351s] Level 1:colcon.colcon_core.package_identification:_identify(src/moveit_resources/fanuc_description) by extensions ['ros']
[0.351s] Level 1:colcon.colcon_core.package_identification:_identify(src/moveit_resources/fanuc_description) by extension 'ros'
[0.351s] DEBUG:colcon.colcon_core.package_identification:Package 'src/moveit_resources/fanuc_description' with type 'ros.ament_cmake' and name 'moveit_resources_fanuc_description'
[0.351s] Level 1:colcon.colcon_core.package_identification:_identify(src/moveit_resources/fanuc_moveit_config) by extensions ['ignore', 'ignore_ament_install']
[0.351s] Level 1:colcon.colcon_core.package_identification:_identify(src/moveit_resources/fanuc_moveit_config) by extension 'ignore'
[0.351s] Level 1:colcon.colcon_core.package_identification:_identify(src/moveit_resources/fanuc_moveit_config) by extension 'ignore_ament_install'
[0.351s] Level 1:colcon.colcon_core.package_identification:_identify(src/moveit_resources/fanuc_moveit_config) by extensions ['colcon_pkg']
[0.351s] Level 1:colcon.colcon_core.package_identification:_identify(src/moveit_resources/fanuc_moveit_config) by extension 'colcon_pkg'
[0.351s] Level 1:colcon.colcon_core.package_identification:_identify(src/moveit_resources/fanuc_moveit_config) by extensions ['colcon_meta']
[0.351s] Level 1:colcon.colcon_core.package_identification:_identify(src/moveit_resources/fanuc_moveit_config) by extension 'colcon_meta'
[0.351s] Level 1:colcon.colcon_core.package_identification:_identify(src/moveit_resources/fanuc_moveit_config) by extensions ['ros']
[0.351s] Level 1:colcon.colcon_core.package_identification:_identify(src/moveit_resources/fanuc_moveit_config) by extension 'ros'
[0.352s] DEBUG:colcon.colcon_core.package_identification:Package 'src/moveit_resources/fanuc_moveit_config' with type 'ros.ament_cmake' and name 'moveit_resources_fanuc_moveit_config'
[0.352s] Level 1:colcon.colcon_core.package_identification:_identify(src/moveit_resources/moveit_resources) by extensions ['ignore', 'ignore_ament_install']
[0.352s] Level 1:colcon.colcon_core.package_identification:_identify(src/moveit_resources/moveit_resources) by extension 'ignore'
[0.352s] Level 1:colcon.colcon_core.package_identification:_identify(src/moveit_resources/moveit_resources) by extension 'ignore_ament_install'
[0.352s] Level 1:colcon.colcon_core.package_identification:_identify(src/moveit_resources/moveit_resources) by extensions ['colcon_pkg']
[0.352s] Level 1:colcon.colcon_core.package_identification:_identify(src/moveit_resources/moveit_resources) by extension 'colcon_pkg'
[0.352s] Level 1:colcon.colcon_core.package_identification:_identify(src/moveit_resources/moveit_resources) by extensions ['colcon_meta']
[0.352s] Level 1:colcon.colcon_core.package_identification:_identify(src/moveit_resources/moveit_resources) by extension 'colcon_meta'
[0.352s] Level 1:colcon.colcon_core.package_identification:_identify(src/moveit_resources/moveit_resources) by extensions ['ros']
[0.352s] Level 1:colcon.colcon_core.package_identification:_identify(src/moveit_resources/moveit_resources) by extension 'ros'
[0.352s] DEBUG:colcon.colcon_core.package_identification:Package 'src/moveit_resources/moveit_resources' with type 'ros.ament_cmake' and name 'moveit_resources'
[0.353s] Level 1:colcon.colcon_core.package_identification:_identify(src/moveit_resources/panda_description) by extensions ['ignore', 'ignore_ament_install']
[0.353s] Level 1:colcon.colcon_core.package_identification:_identify(src/moveit_resources/panda_description) by extension 'ignore'
[0.353s] Level 1:colcon.colcon_core.package_identification:_identify(src/moveit_resources/panda_description) by extension 'ignore_ament_install'
[0.353s] Level 1:colcon.colcon_core.package_identification:_identify(src/moveit_resources/panda_description) by extensions ['colcon_pkg']
[0.353s] Level 1:colcon.colcon_core.package_identification:_identify(src/moveit_resources/panda_description) by extension 'colcon_pkg'
[0.353s] Level 1:colcon.colcon_core.package_identification:_identify(src/moveit_resources/panda_description) by extensions ['colcon_meta']
[0.353s] Level 1:colcon.colcon_core.package_identification:_identify(src/moveit_resources/panda_description) by extension 'colcon_meta'
[0.353s] Level 1:colcon.colcon_core.package_identification:_identify(src/moveit_resources/panda_description) by extensions ['ros']
[0.353s] Level 1:colcon.colcon_core.package_identification:_identify(src/moveit_resources/panda_description) by extension 'ros'
[0.353s] DEBUG:colcon.colcon_core.package_identification:Package 'src/moveit_resources/panda_description' with type 'ros.ament_cmake' and name 'moveit_resources_panda_description'
[0.353s] Level 1:colcon.colcon_core.package_identification:_identify(src/moveit_resources/panda_moveit_config) by extensions ['ignore', 'ignore_ament_install']
[0.353s] Level 1:colcon.colcon_core.package_identification:_identify(src/moveit_resources/panda_moveit_config) by extension 'ignore'
[0.353s] Level 1:colcon.colcon_core.package_identification:_identify(src/moveit_resources/panda_moveit_config) by extension 'ignore_ament_install'
[0.353s] Level 1:colcon.colcon_core.package_identification:_identify(src/moveit_resources/panda_moveit_config) by extensions ['colcon_pkg']
[0.353s] Level 1:colcon.colcon_core.package_identification:_identify(src/moveit_resources/panda_moveit_config) by extension 'colcon_pkg'
[0.353s] Level 1:colcon.colcon_core.package_identification:_identify(src/moveit_resources/panda_moveit_config) by extensions ['colcon_meta']
[0.353s] Level 1:colcon.colcon_core.package_identification:_identify(src/moveit_resources/panda_moveit_config) by extension 'colcon_meta'
[0.353s] Level 1:colcon.colcon_core.package_identification:_identify(src/moveit_resources/panda_moveit_config) by extensions ['ros']
[0.353s] Level 1:colcon.colcon_core.package_identification:_identify(src/moveit_resources/panda_moveit_config) by extension 'ros'
[0.354s] DEBUG:colcon.colcon_core.package_identification:Package 'src/moveit_resources/panda_moveit_config' with type 'ros.ament_cmake' and name 'moveit_resources_panda_moveit_config'
[0.354s] Level 1:colcon.colcon_core.package_identification:_identify(src/moveit_resources/pr2_description) by extensions ['ignore', 'ignore_ament_install']
[0.354s] Level 1:colcon.colcon_core.package_identification:_identify(src/moveit_resources/pr2_description) by extension 'ignore'
[0.354s] Level 1:colcon.colcon_core.package_identification:_identify(src/moveit_resources/pr2_description) by extension 'ignore_ament_install'
[0.354s] Level 1:colcon.colcon_core.package_identification:_identify(src/moveit_resources/pr2_description) by extensions ['colcon_pkg']
[0.354s] Level 1:colcon.colcon_core.package_identification:_identify(src/moveit_resources/pr2_description) by extension 'colcon_pkg'
[0.354s] Level 1:colcon.colcon_core.package_identification:_identify(src/moveit_resources/pr2_description) by extensions ['colcon_meta']
[0.354s] Level 1:colcon.colcon_core.package_identification:_identify(src/moveit_resources/pr2_description) by extension 'colcon_meta'
[0.354s] Level 1:colcon.colcon_core.package_identification:_identify(src/moveit_resources/pr2_description) by extensions ['ros']
[0.354s] Level 1:colcon.colcon_core.package_identification:_identify(src/moveit_resources/pr2_description) by extension 'ros'
[0.355s] DEBUG:colcon.colcon_core.package_identification:Package 'src/moveit_resources/pr2_description' with type 'ros.ament_cmake' and name 'moveit_resources_pr2_description'
[0.355s] Level 1:colcon.colcon_core.package_identification:_identify(src/moveit_task_constructor) by extensions ['ignore', 'ignore_ament_install']
[0.355s] Level 1:colcon.colcon_core.package_identification:_identify(src/moveit_task_constructor) by extension 'ignore'
[0.355s] Level 1:colcon.colcon_core.package_identification:_identify(src/moveit_task_constructor) by extension 'ignore_ament_install'
[0.355s] Level 1:colcon.colcon_core.package_identification:_identify(src/moveit_task_constructor) by extensions ['colcon_pkg']
[0.355s] Level 1:colcon.colcon_core.package_identification:_identify(src/moveit_task_constructor) by extension 'colcon_pkg'
[0.355s] Level 1:colcon.colcon_core.package_identification:_identify(src/moveit_task_constructor) by extensions ['colcon_meta']
[0.355s] Level 1:colcon.colcon_core.package_identification:_identify(src/moveit_task_constructor) by extension 'colcon_meta'
[0.355s] Level 1:colcon.colcon_core.package_identification:_identify(src/moveit_task_constructor) by extensions ['ros']
[0.355s] Level 1:colcon.colcon_core.package_identification:_identify(src/moveit_task_constructor) by extension 'ros'
[0.355s] Level 1:colcon.colcon_core.package_identification:_identify(src/moveit_task_constructor) by extensions ['cmake', 'python']
[0.355s] Level 1:colcon.colcon_core.package_identification:_identify(src/moveit_task_constructor) by extension 'cmake'
[0.355s] Level 1:colcon.colcon_core.package_identification:_identify(src/moveit_task_constructor) by extension 'python'
[0.355s] Level 1:colcon.colcon_core.package_identification:_identify(src/moveit_task_constructor) by extensions ['python_setup_py']
[0.355s] Level 1:colcon.colcon_core.package_identification:_identify(src/moveit_task_constructor) by extension 'python_setup_py'
[0.355s] Level 1:colcon.colcon_core.package_identification:_identify(src/moveit_task_constructor/capabilities) by extensions ['ignore', 'ignore_ament_install']
[0.355s] Level 1:colcon.colcon_core.package_identification:_identify(src/moveit_task_constructor/capabilities) by extension 'ignore'
[0.355s] Level 1:colcon.colcon_core.package_identification:_identify(src/moveit_task_constructor/capabilities) by extension 'ignore_ament_install'
[0.355s] Level 1:colcon.colcon_core.package_identification:_identify(src/moveit_task_constructor/capabilities) by extensions ['colcon_pkg']
[0.355s] Level 1:colcon.colcon_core.package_identification:_identify(src/moveit_task_constructor/capabilities) by extension 'colcon_pkg'
[0.355s] Level 1:colcon.colcon_core.package_identification:_identify(src/moveit_task_constructor/capabilities) by extensions ['colcon_meta']
[0.355s] Level 1:colcon.colcon_core.package_identification:_identify(src/moveit_task_constructor/capabilities) by extension 'colcon_meta'
[0.355s] Level 1:colcon.colcon_core.package_identification:_identify(src/moveit_task_constructor/capabilities) by extensions ['ros']
[0.355s] Level 1:colcon.colcon_core.package_identification:_identify(src/moveit_task_constructor/capabilities) by extension 'ros'
[0.356s] DEBUG:colcon.colcon_core.package_identification:Package 'src/moveit_task_constructor/capabilities' with type 'ros.ament_cmake' and name 'moveit_task_constructor_capabilities'
[0.356s] Level 1:colcon.colcon_core.package_identification:_identify(src/moveit_task_constructor/core) by extensions ['ignore', 'ignore_ament_install']
[0.356s] Level 1:colcon.colcon_core.package_identification:_identify(src/moveit_task_constructor/core) by extension 'ignore'
[0.356s] Level 1:colcon.colcon_core.package_identification:_identify(src/moveit_task_constructor/core) by extension 'ignore_ament_install'
[0.356s] Level 1:colcon.colcon_core.package_identification:_identify(src/moveit_task_constructor/core) by extensions ['colcon_pkg']
[0.356s] Level 1:colcon.colcon_core.package_identification:_identify(src/moveit_task_constructor/core) by extension 'colcon_pkg'
[0.356s] Level 1:colcon.colcon_core.package_identification:_identify(src/moveit_task_constructor/core) by extensions ['colcon_meta']
[0.356s] Level 1:colcon.colcon_core.package_identification:_identify(src/moveit_task_constructor/core) by extension 'colcon_meta'
[0.356s] Level 1:colcon.colcon_core.package_identification:_identify(src/moveit_task_constructor/core) by extensions ['ros']
[0.357s] Level 1:colcon.colcon_core.package_identification:_identify(src/moveit_task_constructor/core) by extension 'ros'
[0.358s] DEBUG:colcon.colcon_core.package_identification:Package 'src/moveit_task_constructor/core' with type 'ros.ament_cmake' and name 'moveit_task_constructor_core'
[0.358s] Level 1:colcon.colcon_core.package_identification:_identify(src/moveit_task_constructor/demo) by extensions ['ignore', 'ignore_ament_install']
[0.358s] Level 1:colcon.colcon_core.package_identification:_identify(src/moveit_task_constructor/demo) by extension 'ignore'
[0.358s] Level 1:colcon.colcon_core.package_identification:_identify(src/moveit_task_constructor/demo) by extension 'ignore_ament_install'
[0.358s] Level 1:colcon.colcon_core.package_identification:_identify(src/moveit_task_constructor/demo) by extensions ['colcon_pkg']
[0.358s] Level 1:colcon.colcon_core.package_identification:_identify(src/moveit_task_constructor/demo) by extension 'colcon_pkg'
[0.358s] Level 1:colcon.colcon_core.package_identification:_identify(src/moveit_task_constructor/demo) by extensions ['colcon_meta']
[0.358s] Level 1:colcon.colcon_core.package_identification:_identify(src/moveit_task_constructor/demo) by extension 'colcon_meta'
[0.358s] Level 1:colcon.colcon_core.package_identification:_identify(src/moveit_task_constructor/demo) by extensions ['ros']
[0.358s] Level 1:colcon.colcon_core.package_identification:_identify(src/moveit_task_constructor/demo) by extension 'ros'
[0.359s] DEBUG:colcon.colcon_core.package_identification:Package 'src/moveit_task_constructor/demo' with type 'ros.ament_cmake' and name 'moveit_task_constructor_demo'
[0.359s] Level 1:colcon.colcon_core.package_identification:_identify(src/moveit_task_constructor/msgs) by extensions ['ignore', 'ignore_ament_install']
[0.359s] Level 1:colcon.colcon_core.package_identification:_identify(src/moveit_task_constructor/msgs) by extension 'ignore'
[0.359s] Level 1:colcon.colcon_core.package_identification:_identify(src/moveit_task_constructor/msgs) by extension 'ignore_ament_install'
[0.359s] Level 1:colcon.colcon_core.package_identification:_identify(src/moveit_task_constructor/msgs) by extensions ['colcon_pkg']
[0.359s] Level 1:colcon.colcon_core.package_identification:_identify(src/moveit_task_constructor/msgs) by extension 'colcon_pkg'
[0.359s] Level 1:colcon.colcon_core.package_identification:_identify(src/moveit_task_constructor/msgs) by extensions ['colcon_meta']
[0.359s] Level 1:colcon.colcon_core.package_identification:_identify(src/moveit_task_constructor/msgs) by extension 'colcon_meta'
[0.359s] Level 1:colcon.colcon_core.package_identification:_identify(src/moveit_task_constructor/msgs) by extensions ['ros']
[0.359s] Level 1:colcon.colcon_core.package_identification:_identify(src/moveit_task_constructor/msgs) by extension 'ros'
[0.359s] DEBUG:colcon.colcon_core.package_identification:Package 'src/moveit_task_constructor/msgs' with type 'ros.ament_cmake' and name 'moveit_task_constructor_msgs'
[0.359s] Level 1:colcon.colcon_core.package_identification:_identify(src/moveit_task_constructor/rviz_marker_tools) by extensions ['ignore', 'ignore_ament_install']
[0.360s] Level 1:colcon.colcon_core.package_identification:_identify(src/moveit_task_constructor/rviz_marker_tools) by extension 'ignore'
[0.360s] Level 1:colcon.colcon_core.package_identification:_identify(src/moveit_task_constructor/rviz_marker_tools) by extension 'ignore_ament_install'
[0.360s] Level 1:colcon.colcon_core.package_identification:_identify(src/moveit_task_constructor/rviz_marker_tools) by extensions ['colcon_pkg']
[0.360s] Level 1:colcon.colcon_core.package_identification:_identify(src/moveit_task_constructor/rviz_marker_tools) by extension 'colcon_pkg'
[0.360s] Level 1:colcon.colcon_core.package_identification:_identify(src/moveit_task_constructor/rviz_marker_tools) by extensions ['colcon_meta']
[0.360s] Level 1:colcon.colcon_core.package_identification:_identify(src/moveit_task_constructor/rviz_marker_tools) by extension 'colcon_meta'
[0.360s] Level 1:colcon.colcon_core.package_identification:_identify(src/moveit_task_constructor/rviz_marker_tools) by extensions ['ros']
[0.360s] Level 1:colcon.colcon_core.package_identification:_identify(src/moveit_task_constructor/rviz_marker_tools) by extension 'ros'
[0.360s] DEBUG:colcon.colcon_core.package_identification:Package 'src/moveit_task_constructor/rviz_marker_tools' with type 'ros.ament_cmake' and name 'rviz_marker_tools'
[0.360s] Level 1:colcon.colcon_core.package_identification:_identify(src/moveit_task_constructor/visualization) by extensions ['ignore', 'ignore_ament_install']
[0.360s] Level 1:colcon.colcon_core.package_identification:_identify(src/moveit_task_constructor/visualization) by extension 'ignore'
[0.360s] Level 1:colcon.colcon_core.package_identification:_identify(src/moveit_task_constructor/visualization) by extension 'ignore_ament_install'
[0.361s] Level 1:colcon.colcon_core.package_identification:_identify(src/moveit_task_constructor/visualization) by extensions ['colcon_pkg']
[0.361s] Level 1:colcon.colcon_core.package_identification:_identify(src/moveit_task_constructor/visualization) by extension 'colcon_pkg'
[0.361s] Level 1:colcon.colcon_core.package_identification:_identify(src/moveit_task_constructor/visualization) by extensions ['colcon_meta']
[0.361s] Level 1:colcon.colcon_core.package_identification:_identify(src/moveit_task_constructor/visualization) by extension 'colcon_meta'
[0.361s] Level 1:colcon.colcon_core.package_identification:_identify(src/moveit_task_constructor/visualization) by extensions ['ros']
[0.361s] Level 1:colcon.colcon_core.package_identification:_identify(src/moveit_task_constructor/visualization) by extension 'ros'
[0.361s] DEBUG:colcon.colcon_core.package_identification:Package 'src/moveit_task_constructor/visualization' with type 'ros.ament_cmake' and name 'moveit_task_constructor_visualization'
[0.361s] Level 1:colcon.colcon_core.package_identification:_identify(src/moveit_visual_tools) by extensions ['ignore', 'ignore_ament_install']
[0.362s] Level 1:colcon.colcon_core.package_identification:_identify(src/moveit_visual_tools) by extension 'ignore'
[0.362s] Level 1:colcon.colcon_core.package_identification:_identify(src/moveit_visual_tools) by extension 'ignore_ament_install'
[0.362s] Level 1:colcon.colcon_core.package_identification:_identify(src/moveit_visual_tools) by extensions ['colcon_pkg']
[0.362s] Level 1:colcon.colcon_core.package_identification:_identify(src/moveit_visual_tools) by extension 'colcon_pkg'
[0.362s] Level 1:colcon.colcon_core.package_identification:_identify(src/moveit_visual_tools) by extensions ['colcon_meta']
[0.362s] Level 1:colcon.colcon_core.package_identification:_identify(src/moveit_visual_tools) by extension 'colcon_meta'
[0.362s] Level 1:colcon.colcon_core.package_identification:_identify(src/moveit_visual_tools) by extensions ['ros']
[0.362s] Level 1:colcon.colcon_core.package_identification:_identify(src/moveit_visual_tools) by extension 'ros'
[0.363s] DEBUG:colcon.colcon_core.package_identification:Package 'src/moveit_visual_tools' with type 'ros.ament_cmake' and name 'moveit_visual_tools'
[0.363s] Level 1:colcon.colcon_core.package_identification:_identify(src/rosparam_shortcuts) by extensions ['ignore', 'ignore_ament_install']
[0.363s] Level 1:colcon.colcon_core.package_identification:_identify(src/rosparam_shortcuts) by extension 'ignore'
[0.363s] Level 1:colcon.colcon_core.package_identification:_identify(src/rosparam_shortcuts) by extension 'ignore_ament_install'
[0.363s] Level 1:colcon.colcon_core.package_identification:_identify(src/rosparam_shortcuts) by extensions ['colcon_pkg']
[0.363s] Level 1:colcon.colcon_core.package_identification:_identify(src/rosparam_shortcuts) by extension 'colcon_pkg'
[0.363s] Level 1:colcon.colcon_core.package_identification:_identify(src/rosparam_shortcuts) by extensions ['colcon_meta']
[0.363s] Level 1:colcon.colcon_core.package_identification:_identify(src/rosparam_shortcuts) by extension 'colcon_meta'
[0.363s] Level 1:colcon.colcon_core.package_identification:_identify(src/rosparam_shortcuts) by extensions ['ros']
[0.363s] Level 1:colcon.colcon_core.package_identification:_identify(src/rosparam_shortcuts) by extension 'ros'
[0.364s] DEBUG:colcon.colcon_core.package_identification:Package 'src/rosparam_shortcuts' with type 'ros.ament_cmake' and name 'rosparam_shortcuts'
[0.364s] Level 1:colcon.colcon_core.package_identification:_identify(src/srdfdom) by extensions ['ignore', 'ignore_ament_install']
[0.364s] Level 1:colcon.colcon_core.package_identification:_identify(src/srdfdom) by extension 'ignore'
[0.364s] Level 1:colcon.colcon_core.package_identification:_identify(src/srdfdom) by extension 'ignore_ament_install'
[0.364s] Level 1:colcon.colcon_core.package_identification:_identify(src/srdfdom) by extensions ['colcon_pkg']
[0.364s] Level 1:colcon.colcon_core.package_identification:_identify(src/srdfdom) by extension 'colcon_pkg'
[0.364s] Level 1:colcon.colcon_core.package_identification:_identify(src/srdfdom) by extensions ['colcon_meta']
[0.364s] Level 1:colcon.colcon_core.package_identification:_identify(src/srdfdom) by extension 'colcon_meta'
[0.364s] Level 1:colcon.colcon_core.package_identification:_identify(src/srdfdom) by extensions ['ros']
[0.364s] Level 1:colcon.colcon_core.package_identification:_identify(src/srdfdom) by extension 'ros'
[0.365s] DEBUG:colcon.colcon_core.package_identification:Package 'src/srdfdom' with type 'ros.ament_cmake' and name 'srdfdom'
[0.365s] Level 1:colcon.colcon_core.package_discovery:discover_packages(recursive) using defaults
[0.365s] Level 1:colcon.colcon_core.package_discovery:discover_packages(ignore) discover
[0.365s] Level 1:colcon.colcon_core.package_discovery:discover_packages(ignore) using defaults
[0.365s] Level 1:colcon.colcon_core.package_discovery:discover_packages(path) discover
[0.365s] Level 1:colcon.colcon_core.package_discovery:discover_packages(path) using defaults
[0.418s] Level 1:colcon.colcon_core.package_discovery:discover_packages(prefix_path) check parameters
[0.418s] Level 1:colcon.colcon_core.package_discovery:discover_packages(prefix_path) discover
[0.420s] DEBUG:colcon.colcon_installed_package_information.package_discovery:Found 413 installed packages in /opt/ros/humble
[0.422s] Level 1:colcon.colcon_core.package_discovery:discover_packages(prefix_path) using defaults
[0.458s] Level 5:colcon.colcon_core.verb:set package 'launch_param_builder' build argument 'cmake_args' from command line to 'None'
[0.458s] Level 5:colcon.colcon_core.verb:set package 'launch_param_builder' build argument 'cmake_target' from command line to 'None'
[0.458s] Level 5:colcon.colcon_core.verb:set package 'launch_param_builder' build argument 'cmake_target_skip_unavailable' from command line to 'False'
[0.458s] Level 5:colcon.colcon_core.verb:set package 'launch_param_builder' build argument 'cmake_clean_cache' from command line to 'False'
[0.458s] Level 5:colcon.colcon_core.verb:set package 'launch_param_builder' build argument 'cmake_clean_first' from command line to 'False'
[0.458s] Level 5:colcon.colcon_core.verb:set package 'launch_param_builder' build argument 'cmake_force_configure' from command line to 'False'
[0.458s] Level 5:colcon.colcon_core.verb:set package 'launch_param_builder' build argument 'ament_cmake_args' from command line to 'None'
[0.458s] Level 5:colcon.colcon_core.verb:set package 'launch_param_builder' build argument 'catkin_cmake_args' from command line to 'None'
[0.458s] Level 5:colcon.colcon_core.verb:set package 'launch_param_builder' build argument 'catkin_skip_building_tests' from command line to 'False'
[0.458s] DEBUG:colcon.colcon_core.verb:Building package 'launch_param_builder' with the following arguments: {'ament_cmake_args': None, 'build_base': '/home/jone/ws_moveit/build/launch_param_builder', 'catkin_cmake_args': None, 'catkin_skip_building_tests': False, 'cmake_args': None, 'cmake_clean_cache': False, 'cmake_clean_first': False, 'cmake_force_configure': False, 'cmake_target': None, 'cmake_target_skip_unavailable': False, 'install_base': '/home/jone/ws_moveit/install/launch_param_builder', 'merge_install': False, 'path': '/home/jone/ws_moveit/src/launch_param_builder', 'symlink_install': False, 'test_result_base': None}
[0.458s] Level 5:colcon.colcon_core.verb:set package 'moveit_common' build argument 'cmake_args' from command line to 'None'
[0.458s] Level 5:colcon.colcon_core.verb:set package 'moveit_common' build argument 'cmake_target' from command line to 'None'
[0.458s] Level 5:colcon.colcon_core.verb:set package 'moveit_common' build argument 'cmake_target_skip_unavailable' from command line to 'False'
[0.458s] Level 5:colcon.colcon_core.verb:set package 'moveit_common' build argument 'cmake_clean_cache' from command line to 'False'
[0.458s] Level 5:colcon.colcon_core.verb:set package 'moveit_common' build argument 'cmake_clean_first' from command line to 'False'
[0.458s] Level 5:colcon.colcon_core.verb:set package 'moveit_common' build argument 'cmake_force_configure' from command line to 'False'
[0.458s] Level 5:colcon.colcon_core.verb:set package 'moveit_common' build argument 'ament_cmake_args' from command line to 'None'
[0.458s] Level 5:colcon.colcon_core.verb:set package 'moveit_common' build argument 'catkin_cmake_args' from command line to 'None'
[0.458s] Level 5:colcon.colcon_core.verb:set package 'moveit_common' build argument 'catkin_skip_building_tests' from command line to 'False'
[0.458s] DEBUG:colcon.colcon_core.verb:Building package 'moveit_common' with the following arguments: {'ament_cmake_args': None, 'build_base': '/home/jone/ws_moveit/build/moveit_common', 'catkin_cmake_args': None, 'catkin_skip_building_tests': False, 'cmake_args': None, 'cmake_clean_cache': False, 'cmake_clean_first': False, 'cmake_force_configure': False, 'cmake_target': None, 'cmake_target_skip_unavailable': False, 'install_base': '/home/jone/ws_moveit/install/moveit_common', 'merge_install': False, 'path': '/home/jone/ws_moveit/src/moveit2/moveit_common', 'symlink_install': False, 'test_result_base': None}
[0.458s] Level 5:colcon.colcon_core.verb:set package 'moveit_resources_fanuc_description' build argument 'cmake_args' from command line to 'None'
[0.458s] Level 5:colcon.colcon_core.verb:set package 'moveit_resources_fanuc_description' build argument 'cmake_target' from command line to 'None'
[0.458s] Level 5:colcon.colcon_core.verb:set package 'moveit_resources_fanuc_description' build argument 'cmake_target_skip_unavailable' from command line to 'False'
[0.458s] Level 5:colcon.colcon_core.verb:set package 'moveit_resources_fanuc_description' build argument 'cmake_clean_cache' from command line to 'False'
[0.458s] Level 5:colcon.colcon_core.verb:set package 'moveit_resources_fanuc_description' build argument 'cmake_clean_first' from command line to 'False'
[0.458s] Level 5:colcon.colcon_core.verb:set package 'moveit_resources_fanuc_description' build argument 'cmake_force_configure' from command line to 'False'
[0.459s] Level 5:colcon.colcon_core.verb:set package 'moveit_resources_fanuc_description' build argument 'ament_cmake_args' from command line to 'None'
[0.459s] Level 5:colcon.colcon_core.verb:set package 'moveit_resources_fanuc_description' build argument 'catkin_cmake_args' from command line to 'None'
[0.459s] Level 5:colcon.colcon_core.verb:set package 'moveit_resources_fanuc_description' build argument 'catkin_skip_building_tests' from command line to 'False'
[0.459s] DEBUG:colcon.colcon_core.verb:Building package 'moveit_resources_fanuc_description' with the following arguments: {'ament_cmake_args': None, 'build_base': '/home/jone/ws_moveit/build/moveit_resources_fanuc_description', 'catkin_cmake_args': None, 'catkin_skip_building_tests': False, 'cmake_args': None, 'cmake_clean_cache': False, 'cmake_clean_first': False, 'cmake_force_configure': False, 'cmake_target': None, 'cmake_target_skip_unavailable': False, 'install_base': '/home/jone/ws_moveit/install/moveit_resources_fanuc_description', 'merge_install': False, 'path': '/home/jone/ws_moveit/src/moveit_resources/fanuc_description', 'symlink_install': False, 'test_result_base': None}
[0.459s] Level 5:colcon.colcon_core.verb:set package 'moveit_resources_panda_description' build argument 'cmake_args' from command line to 'None'
[0.459s] Level 5:colcon.colcon_core.verb:set package 'moveit_resources_panda_description' build argument 'cmake_target' from command line to 'None'
[0.459s] Level 5:colcon.colcon_core.verb:set package 'moveit_resources_panda_description' build argument 'cmake_target_skip_unavailable' from command line to 'False'
[0.459s] Level 5:colcon.colcon_core.verb:set package 'moveit_resources_panda_description' build argument 'cmake_clean_cache' from command line to 'False'
[0.459s] Level 5:colcon.colcon_core.verb:set package 'moveit_resources_panda_description' build argument 'cmake_clean_first' from command line to 'False'
[0.459s] Level 5:colcon.colcon_core.verb:set package 'moveit_resources_panda_description' build argument 'cmake_force_configure' from command line to 'False'
[0.459s] Level 5:colcon.colcon_core.verb:set package 'moveit_resources_panda_description' build argument 'ament_cmake_args' from command line to 'None'
[0.459s] Level 5:colcon.colcon_core.verb:set package 'moveit_resources_panda_description' build argument 'catkin_cmake_args' from command line to 'None'
[0.459s] Level 5:colcon.colcon_core.verb:set package 'moveit_resources_panda_description' build argument 'catkin_skip_building_tests' from command line to 'False'
[0.459s] DEBUG:colcon.colcon_core.verb:Building package 'moveit_resources_panda_description' with the following arguments: {'ament_cmake_args': None, 'build_base': '/home/jone/ws_moveit/build/moveit_resources_panda_description', 'catkin_cmake_args': None, 'catkin_skip_building_tests': False, 'cmake_args': None, 'cmake_clean_cache': False, 'cmake_clean_first': False, 'cmake_force_configure': False, 'cmake_target': None, 'cmake_target_skip_unavailable': False, 'install_base': '/home/jone/ws_moveit/install/moveit_resources_panda_description', 'merge_install': False, 'path': '/home/jone/ws_moveit/src/moveit_resources/panda_description', 'symlink_install': False, 'test_result_base': None}
[0.459s] Level 5:colcon.colcon_core.verb:set package 'moveit_resources_pr2_description' build argument 'cmake_args' from command line to 'None'
[0.459s] Level 5:colcon.colcon_core.verb:set package 'moveit_resources_pr2_description' build argument 'cmake_target' from command line to 'None'
[0.459s] Level 5:colcon.colcon_core.verb:set package 'moveit_resources_pr2_description' build argument 'cmake_target_skip_unavailable' from command line to 'False'
[0.459s] Level 5:colcon.colcon_core.verb:set package 'moveit_resources_pr2_description' build argument 'cmake_clean_cache' from command line to 'False'
[0.459s] Level 5:colcon.colcon_core.verb:set package 'moveit_resources_pr2_description' build argument 'cmake_clean_first' from command line to 'False'
[0.459s] Level 5:colcon.colcon_core.verb:set package 'moveit_resources_pr2_description' build argument 'cmake_force_configure' from command line to 'False'
[0.459s] Level 5:colcon.colcon_core.verb:set package 'moveit_resources_pr2_description' build argument 'ament_cmake_args' from command line to 'None'
[0.459s] Level 5:colcon.colcon_core.verb:set package 'moveit_resources_pr2_description' build argument 'catkin_cmake_args' from command line to 'None'
[0.459s] Level 5:colcon.colcon_core.verb:set package 'moveit_resources_pr2_description' build argument 'catkin_skip_building_tests' from command line to 'False'
[0.459s] DEBUG:colcon.colcon_core.verb:Building package 'moveit_resources_pr2_description' with the following arguments: {'ament_cmake_args': None, 'build_base': '/home/jone/ws_moveit/build/moveit_resources_pr2_description', 'catkin_cmake_args': None, 'catkin_skip_building_tests': False, 'cmake_args': None, 'cmake_clean_cache': False, 'cmake_clean_first': False, 'cmake_force_configure': False, 'cmake_target': None, 'cmake_target_skip_unavailable': False, 'install_base': '/home/jone/ws_moveit/install/moveit_resources_pr2_description', 'merge_install': False, 'path': '/home/jone/ws_moveit/src/moveit_resources/pr2_description', 'symlink_install': False, 'test_result_base': None}
[0.460s] Level 5:colcon.colcon_core.verb:set package 'moveit_resources_prbt_support' build argument 'cmake_args' from command line to 'None'
[0.460s] Level 5:colcon.colcon_core.verb:set package 'moveit_resources_prbt_support' build argument 'cmake_target' from command line to 'None'
[0.460s] Level 5:colcon.colcon_core.verb:set package 'moveit_resources_prbt_support' build argument 'cmake_target_skip_unavailable' from command line to 'False'
[0.460s] Level 5:colcon.colcon_core.verb:set package 'moveit_resources_prbt_support' build argument 'cmake_clean_cache' from command line to 'False'
[0.460s] Level 5:colcon.colcon_core.verb:set package 'moveit_resources_prbt_support' build argument 'cmake_clean_first' from command line to 'False'
[0.460s] Level 5:colcon.colcon_core.verb:set package 'moveit_resources_prbt_support' build argument 'cmake_force_configure' from command line to 'False'
[0.460s] Level 5:colcon.colcon_core.verb:set package 'moveit_resources_prbt_support' build argument 'ament_cmake_args' from command line to 'None'
[0.460s] Level 5:colcon.colcon_core.verb:set package 'moveit_resources_prbt_support' build argument 'catkin_cmake_args' from command line to 'None'
[0.460s] Level 5:colcon.colcon_core.verb:set package 'moveit_resources_prbt_support' build argument 'catkin_skip_building_tests' from command line to 'False'
[0.460s] DEBUG:colcon.colcon_core.verb:Building package 'moveit_resources_prbt_support' with the following arguments: {'ament_cmake_args': None, 'build_base': '/home/jone/ws_moveit/build/moveit_resources_prbt_support', 'catkin_cmake_args': None, 'catkin_skip_building_tests': False, 'cmake_args': None, 'cmake_clean_cache': False, 'cmake_clean_first': False, 'cmake_force_configure': False, 'cmake_target': None, 'cmake_target_skip_unavailable': False, 'install_base': '/home/jone/ws_moveit/install/moveit_resources_prbt_support', 'merge_install': False, 'path': '/home/jone/ws_moveit/src/moveit2/moveit_planners/test_configs/prbt_support', 'symlink_install': False, 'test_result_base': None}
[0.460s] Level 5:colcon.colcon_core.verb:set package 'moveit_task_constructor_msgs' build argument 'cmake_args' from command line to 'None'
[0.460s] Level 5:colcon.colcon_core.verb:set package 'moveit_task_constructor_msgs' build argument 'cmake_target' from command line to 'None'
[0.460s] Level 5:colcon.colcon_core.verb:set package 'moveit_task_constructor_msgs' build argument 'cmake_target_skip_unavailable' from command line to 'False'
[0.460s] Level 5:colcon.colcon_core.verb:set package 'moveit_task_constructor_msgs' build argument 'cmake_clean_cache' from command line to 'False'
[0.460s] Level 5:colcon.colcon_core.verb:set package 'moveit_task_constructor_msgs' build argument 'cmake_clean_first' from command line to 'False'
[0.460s] Level 5:colcon.colcon_core.verb:set package 'moveit_task_constructor_msgs' build argument 'cmake_force_configure' from command line to 'False'
[0.460s] Level 5:colcon.colcon_core.verb:set package 'moveit_task_constructor_msgs' build argument 'ament_cmake_args' from command line to 'None'
[0.460s] Level 5:colcon.colcon_core.verb:set package 'moveit_task_constructor_msgs' build argument 'catkin_cmake_args' from command line to 'None'
[0.460s] Level 5:colcon.colcon_core.verb:set package 'moveit_task_constructor_msgs' build argument 'catkin_skip_building_tests' from command line to 'False'
[0.460s] DEBUG:colcon.colcon_core.verb:Building package 'moveit_task_constructor_msgs' with the following arguments: {'ament_cmake_args': None, 'build_base': '/home/jone/ws_moveit/build/moveit_task_constructor_msgs', 'catkin_cmake_args': None, 'catkin_skip_building_tests': False, 'cmake_args': None, 'cmake_clean_cache': False, 'cmake_clean_first': False, 'cmake_force_configure': False, 'cmake_target': None, 'cmake_target_skip_unavailable': False, 'install_base': '/home/jone/ws_moveit/install/moveit_task_constructor_msgs', 'merge_install': False, 'path': '/home/jone/ws_moveit/src/moveit_task_constructor/msgs', 'symlink_install': False, 'test_result_base': None}
[0.460s] Level 5:colcon.colcon_core.verb:set package 'rosparam_shortcuts' build argument 'cmake_args' from command line to 'None'
[0.460s] Level 5:colcon.colcon_core.verb:set package 'rosparam_shortcuts' build argument 'cmake_target' from command line to 'None'
[0.460s] Level 5:colcon.colcon_core.verb:set package 'rosparam_shortcuts' build argument 'cmake_target_skip_unavailable' from command line to 'False'
[0.460s] Level 5:colcon.colcon_core.verb:set package 'rosparam_shortcuts' build argument 'cmake_clean_cache' from command line to 'False'
[0.460s] Level 5:colcon.colcon_core.verb:set package 'rosparam_shortcuts' build argument 'cmake_clean_first' from command line to 'False'
[0.460s] Level 5:colcon.colcon_core.verb:set package 'rosparam_shortcuts' build argument 'cmake_force_configure' from command line to 'False'
[0.460s] Level 5:colcon.colcon_core.verb:set package 'rosparam_shortcuts' build argument 'ament_cmake_args' from command line to 'None'
[0.460s] Level 5:colcon.colcon_core.verb:set package 'rosparam_shortcuts' build argument 'catkin_cmake_args' from command line to 'None'
[0.460s] Level 5:colcon.colcon_core.verb:set package 'rosparam_shortcuts' build argument 'catkin_skip_building_tests' from command line to 'False'
[0.460s] DEBUG:colcon.colcon_core.verb:Building package 'rosparam_shortcuts' with the following arguments: {'ament_cmake_args': None, 'build_base': '/home/jone/ws_moveit/build/rosparam_shortcuts', 'catkin_cmake_args': None, 'catkin_skip_building_tests': False, 'cmake_args': None, 'cmake_clean_cache': False, 'cmake_clean_first': False, 'cmake_force_configure': False, 'cmake_target': None, 'cmake_target_skip_unavailable': False, 'install_base': '/home/jone/ws_moveit/install/rosparam_shortcuts', 'merge_install': False, 'path': '/home/jone/ws_moveit/src/rosparam_shortcuts', 'symlink_install': False, 'test_result_base': None}
[0.461s] Level 5:colcon.colcon_core.verb:set package 'srdfdom' build argument 'cmake_args' from command line to 'None'
[0.461s] Level 5:colcon.colcon_core.verb:set package 'srdfdom' build argument 'cmake_target' from command line to 'None'
[0.461s] Level 5:colcon.colcon_core.verb:set package 'srdfdom' build argument 'cmake_target_skip_unavailable' from command line to 'False'
[0.461s] Level 5:colcon.colcon_core.verb:set package 'srdfdom' build argument 'cmake_clean_cache' from command line to 'False'
[0.461s] Level 5:colcon.colcon_core.verb:set package 'srdfdom' build argument 'cmake_clean_first' from command line to 'False'
[0.461s] Level 5:colcon.colcon_core.verb:set package 'srdfdom' build argument 'cmake_force_configure' from command line to 'False'
[0.461s] Level 5:colcon.colcon_core.verb:set package 'srdfdom' build argument 'ament_cmake_args' from command line to 'None'
[0.461s] Level 5:colcon.colcon_core.verb:set package 'srdfdom' build argument 'catkin_cmake_args' from command line to 'None'
[0.461s] Level 5:colcon.colcon_core.verb:set package 'srdfdom' build argument 'catkin_skip_building_tests' from command line to 'False'
[0.461s] DEBUG:colcon.colcon_core.verb:Building package 'srdfdom' with the following arguments: {'ament_cmake_args': None, 'build_base': '/home/jone/ws_moveit/build/srdfdom', 'catkin_cmake_args': None, 'catkin_skip_building_tests': False, 'cmake_args': None, 'cmake_clean_cache': False, 'cmake_clean_first': False, 'cmake_force_configure': False, 'cmake_target': None, 'cmake_target_skip_unavailable': False, 'install_base': '/home/jone/ws_moveit/install/srdfdom', 'merge_install': False, 'path': '/home/jone/ws_moveit/src/srdfdom', 'symlink_install': False, 'test_result_base': None}
[0.461s] Level 5:colcon.colcon_core.verb:set package 'moveit_configs_utils' build argument 'cmake_args' from command line to 'None'
[0.461s] Level 5:colcon.colcon_core.verb:set package 'moveit_configs_utils' build argument 'cmake_target' from command line to 'None'
[0.461s] Level 5:colcon.colcon_core.verb:set package 'moveit_configs_utils' build argument 'cmake_target_skip_unavailable' from command line to 'False'
[0.461s] Level 5:colcon.colcon_core.verb:set package 'moveit_configs_utils' build argument 'cmake_clean_cache' from command line to 'False'
[0.461s] Level 5:colcon.colcon_core.verb:set package 'moveit_configs_utils' build argument 'cmake_clean_first' from command line to 'False'
[0.461s] Level 5:colcon.colcon_core.verb:set package 'moveit_configs_utils' build argument 'cmake_force_configure' from command line to 'False'
[0.461s] Level 5:colcon.colcon_core.verb:set package 'moveit_configs_utils' build argument 'ament_cmake_args' from command line to 'None'
[0.461s] Level 5:colcon.colcon_core.verb:set package 'moveit_configs_utils' build argument 'catkin_cmake_args' from command line to 'None'
[0.461s] Level 5:colcon.colcon_core.verb:set package 'moveit_configs_utils' build argument 'catkin_skip_building_tests' from command line to 'False'
[0.461s] DEBUG:colcon.colcon_core.verb:Building package 'moveit_configs_utils' with the following arguments: {'ament_cmake_args': None, 'build_base': '/home/jone/ws_moveit/build/moveit_configs_utils', 'catkin_cmake_args': None, 'catkin_skip_building_tests': False, 'cmake_args': None, 'cmake_clean_cache': False, 'cmake_clean_first': False, 'cmake_force_configure': False, 'cmake_target': None, 'cmake_target_skip_unavailable': False, 'install_base': '/home/jone/ws_moveit/install/moveit_configs_utils', 'merge_install': False, 'path': '/home/jone/ws_moveit/src/moveit2/moveit_configs_utils', 'symlink_install': False, 'test_result_base': None}
[0.461s] Level 5:colcon.colcon_core.verb:set package 'moveit_resources_fanuc_moveit_config' build argument 'cmake_args' from command line to 'None'
[0.462s] Level 5:colcon.colcon_core.verb:set package 'moveit_resources_fanuc_moveit_config' build argument 'cmake_target' from command line to 'None'
[0.462s] Level 5:colcon.colcon_core.verb:set package 'moveit_resources_fanuc_moveit_config' build argument 'cmake_target_skip_unavailable' from command line to 'False'
[0.462s] Level 5:colcon.colcon_core.verb:set package 'moveit_resources_fanuc_moveit_config' build argument 'cmake_clean_cache' from command line to 'False'
[0.462s] Level 5:colcon.colcon_core.verb:set package 'moveit_resources_fanuc_moveit_config' build argument 'cmake_clean_first' from command line to 'False'
[0.462s] Level 5:colcon.colcon_core.verb:set package 'moveit_resources_fanuc_moveit_config' build argument 'cmake_force_configure' from command line to 'False'
[0.462s] Level 5:colcon.colcon_core.verb:set package 'moveit_resources_fanuc_moveit_config' build argument 'ament_cmake_args' from command line to 'None'
[0.462s] Level 5:colcon.colcon_core.verb:set package 'moveit_resources_fanuc_moveit_config' build argument 'catkin_cmake_args' from command line to 'None'
[0.462s] Level 5:colcon.colcon_core.verb:set package 'moveit_resources_fanuc_moveit_config' build argument 'catkin_skip_building_tests' from command line to 'False'
[0.462s] DEBUG:colcon.colcon_core.verb:Building package 'moveit_resources_fanuc_moveit_config' with the following arguments: {'ament_cmake_args': None, 'build_base': '/home/jone/ws_moveit/build/moveit_resources_fanuc_moveit_config', 'catkin_cmake_args': None, 'catkin_skip_building_tests': False, 'cmake_args': None, 'cmake_clean_cache': False, 'cmake_clean_first': False, 'cmake_force_configure': False, 'cmake_target': None, 'cmake_target_skip_unavailable': False, 'install_base': '/home/jone/ws_moveit/install/moveit_resources_fanuc_moveit_config', 'merge_install': False, 'path': '/home/jone/ws_moveit/src/moveit_resources/fanuc_moveit_config', 'symlink_install': False, 'test_result_base': None}
[0.462s] Level 5:colcon.colcon_core.verb:set package 'moveit_resources_panda_moveit_config' build argument 'cmake_args' from command line to 'None'
[0.462s] Level 5:colcon.colcon_core.verb:set package 'moveit_resources_panda_moveit_config' build argument 'cmake_target' from command line to 'None'
[0.462s] Level 5:colcon.colcon_core.verb:set package 'moveit_resources_panda_moveit_config' build argument 'cmake_target_skip_unavailable' from command line to 'False'
[0.462s] Level 5:colcon.colcon_core.verb:set package 'moveit_resources_panda_moveit_config' build argument 'cmake_clean_cache' from command line to 'False'
[0.462s] Level 5:colcon.colcon_core.verb:set package 'moveit_resources_panda_moveit_config' build argument 'cmake_clean_first' from command line to 'False'
[0.462s] Level 5:colcon.colcon_core.verb:set package 'moveit_resources_panda_moveit_config' build argument 'cmake_force_configure' from command line to 'False'
[0.462s] Level 5:colcon.colcon_core.verb:set package 'moveit_resources_panda_moveit_config' build argument 'ament_cmake_args' from command line to 'None'
[0.462s] Level 5:colcon.colcon_core.verb:set package 'moveit_resources_panda_moveit_config' build argument 'catkin_cmake_args' from command line to 'None'
[0.462s] Level 5:colcon.colcon_core.verb:set package 'moveit_resources_panda_moveit_config' build argument 'catkin_skip_building_tests' from command line to 'False'
[0.462s] DEBUG:colcon.colcon_core.verb:Building package 'moveit_resources_panda_moveit_config' with the following arguments: {'ament_cmake_args': None, 'build_base': '/home/jone/ws_moveit/build/moveit_resources_panda_moveit_config', 'catkin_cmake_args': None, 'catkin_skip_building_tests': False, 'cmake_args': None, 'cmake_clean_cache': False, 'cmake_clean_first': False, 'cmake_force_configure': False, 'cmake_target': None, 'cmake_target_skip_unavailable': False, 'install_base': '/home/jone/ws_moveit/install/moveit_resources_panda_moveit_config', 'merge_install': False, 'path': '/home/jone/ws_moveit/src/moveit_resources/panda_moveit_config', 'symlink_install': False, 'test_result_base': None}
[0.462s] Level 5:colcon.colcon_core.verb:set package 'rviz_marker_tools' build argument 'cmake_args' from command line to 'None'
[0.462s] Level 5:colcon.colcon_core.verb:set package 'rviz_marker_tools' build argument 'cmake_target' from command line to 'None'
[0.462s] Level 5:colcon.colcon_core.verb:set package 'rviz_marker_tools' build argument 'cmake_target_skip_unavailable' from command line to 'False'
[0.462s] Level 5:colcon.colcon_core.verb:set package 'rviz_marker_tools' build argument 'cmake_clean_cache' from command line to 'False'
[0.462s] Level 5:colcon.colcon_core.verb:set package 'rviz_marker_tools' build argument 'cmake_clean_first' from command line to 'False'
[0.462s] Level 5:colcon.colcon_core.verb:set package 'rviz_marker_tools' build argument 'cmake_force_configure' from command line to 'False'
[0.462s] Level 5:colcon.colcon_core.verb:set package 'rviz_marker_tools' build argument 'ament_cmake_args' from command line to 'None'
[0.462s] Level 5:colcon.colcon_core.verb:set package 'rviz_marker_tools' build argument 'catkin_cmake_args' from command line to 'None'
[0.462s] Level 5:colcon.colcon_core.verb:set package 'rviz_marker_tools' build argument 'catkin_skip_building_tests' from command line to 'False'
[0.462s] DEBUG:colcon.colcon_core.verb:Building package 'rviz_marker_tools' with the following arguments: {'ament_cmake_args': None, 'build_base': '/home/jone/ws_moveit/build/rviz_marker_tools', 'catkin_cmake_args': None, 'catkin_skip_building_tests': False, 'cmake_args': None, 'cmake_clean_cache': False, 'cmake_clean_first': False, 'cmake_force_configure': False, 'cmake_target': None, 'cmake_target_skip_unavailable': False, 'install_base': '/home/jone/ws_moveit/install/rviz_marker_tools', 'merge_install': False, 'path': '/home/jone/ws_moveit/src/moveit_task_constructor/rviz_marker_tools', 'symlink_install': False, 'test_result_base': None}
[0.463s] Level 5:colcon.colcon_core.verb:set package 'moveit_core' build argument 'cmake_args' from command line to 'None'
[0.463s] Level 5:colcon.colcon_core.verb:set package 'moveit_core' build argument 'cmake_target' from command line to 'None'
[0.463s] Level 5:colcon.colcon_core.verb:set package 'moveit_core' build argument 'cmake_target_skip_unavailable' from command line to 'False'
[0.463s] Level 5:colcon.colcon_core.verb:set package 'moveit_core' build argument 'cmake_clean_cache' from command line to 'False'
[0.463s] Level 5:colcon.colcon_core.verb:set package 'moveit_core' build argument 'cmake_clean_first' from command line to 'False'
[0.463s] Level 5:colcon.colcon_core.verb:set package 'moveit_core' build argument 'cmake_force_configure' from command line to 'False'
[0.463s] Level 5:colcon.colcon_core.verb:set package 'moveit_core' build argument 'ament_cmake_args' from command line to 'None'
[0.463s] Level 5:colcon.colcon_core.verb:set package 'moveit_core' build argument 'catkin_cmake_args' from command line to 'None'
[0.463s] Level 5:colcon.colcon_core.verb:set package 'moveit_core' build argument 'catkin_skip_building_tests' from command line to 'False'
[0.463s] DEBUG:colcon.colcon_core.verb:Building package 'moveit_core' with the following arguments: {'ament_cmake_args': None, 'build_base': '/home/jone/ws_moveit/build/moveit_core', 'catkin_cmake_args': None, 'catkin_skip_building_tests': False, 'cmake_args': None, 'cmake_clean_cache': False, 'cmake_clean_first': False, 'cmake_force_configure': False, 'cmake_target': None, 'cmake_target_skip_unavailable': False, 'install_base': '/home/jone/ws_moveit/install/moveit_core', 'merge_install': False, 'path': '/home/jone/ws_moveit/src/moveit2/moveit_core', 'symlink_install': False, 'test_result_base': None}
[0.463s] Level 5:colcon.colcon_core.verb:set package 'moveit_resources' build argument 'cmake_args' from command line to 'None'
[0.463s] Level 5:colcon.colcon_core.verb:set package 'moveit_resources' build argument 'cmake_target' from command line to 'None'
[0.463s] Level 5:colcon.colcon_core.verb:set package 'moveit_resources' build argument 'cmake_target_skip_unavailable' from command line to 'False'
[0.463s] Level 5:colcon.colcon_core.verb:set package 'moveit_resources' build argument 'cmake_clean_cache' from command line to 'False'
[0.463s] Level 5:colcon.colcon_core.verb:set package 'moveit_resources' build argument 'cmake_clean_first' from command line to 'False'
[0.463s] Level 5:colcon.colcon_core.verb:set package 'moveit_resources' build argument 'cmake_force_configure' from command line to 'False'
[0.463s] Level 5:colcon.colcon_core.verb:set package 'moveit_resources' build argument 'ament_cmake_args' from command line to 'None'
[0.463s] Level 5:colcon.colcon_core.verb:set package 'moveit_resources' build argument 'catkin_cmake_args' from command line to 'None'
[0.463s] Level 5:colcon.colcon_core.verb:set package 'moveit_resources' build argument 'catkin_skip_building_tests' from command line to 'False'
[0.463s] DEBUG:colcon.colcon_core.verb:Building package 'moveit_resources' with the following arguments: {'ament_cmake_args': None, 'build_base': '/home/jone/ws_moveit/build/moveit_resources', 'catkin_cmake_args': None, 'catkin_skip_building_tests': False, 'cmake_args': None, 'cmake_clean_cache': False, 'cmake_clean_first': False, 'cmake_force_configure': False, 'cmake_target': None, 'cmake_target_skip_unavailable': False, 'install_base': '/home/jone/ws_moveit/install/moveit_resources', 'merge_install': False, 'path': '/home/jone/ws_moveit/src/moveit_resources/moveit_resources', 'symlink_install': False, 'test_result_base': None}
[0.463s] Level 5:colcon.colcon_core.verb:set package 'chomp_motion_planner' build argument 'cmake_args' from command line to 'None'
[0.463s] Level 5:colcon.colcon_core.verb:set package 'chomp_motion_planner' build argument 'cmake_target' from command line to 'None'
[0.463s] Level 5:colcon.colcon_core.verb:set package 'chomp_motion_planner' build argument 'cmake_target_skip_unavailable' from command line to 'False'
[0.463s] Level 5:colcon.colcon_core.verb:set package 'chomp_motion_planner' build argument 'cmake_clean_cache' from command line to 'False'
[0.464s] Level 5:colcon.colcon_core.verb:set package 'chomp_motion_planner' build argument 'cmake_clean_first' from command line to 'False'
[0.464s] Level 5:colcon.colcon_core.verb:set package 'chomp_motion_planner' build argument 'cmake_force_configure' from command line to 'False'
[0.464s] Level 5:colcon.colcon_core.verb:set package 'chomp_motion_planner' build argument 'ament_cmake_args' from command line to 'None'
[0.464s] Level 5:colcon.colcon_core.verb:set package 'chomp_motion_planner' build argument 'catkin_cmake_args' from command line to 'None'
[0.464s] Level 5:colcon.colcon_core.verb:set package 'chomp_motion_planner' build argument 'catkin_skip_building_tests' from command line to 'False'
[0.464s] DEBUG:colcon.colcon_core.verb:Building package 'chomp_motion_planner' with the following arguments: {'ament_cmake_args': None, 'build_base': '/home/jone/ws_moveit/build/chomp_motion_planner', 'catkin_cmake_args': None, 'catkin_skip_building_tests': False, 'cmake_args': None, 'cmake_clean_cache': False, 'cmake_clean_first': False, 'cmake_force_configure': False, 'cmake_target': None, 'cmake_target_skip_unavailable': False, 'install_base': '/home/jone/ws_moveit/install/chomp_motion_planner', 'merge_install': False, 'path': '/home/jone/ws_moveit/src/moveit2/moveit_planners/chomp/chomp_motion_planner', 'symlink_install': False, 'test_result_base': None}
[0.464s] Level 5:colcon.colcon_core.verb:set package 'moveit_resources_prbt_ikfast_manipulator_plugin' build argument 'cmake_args' from command line to 'None'
[0.464s] Level 5:colcon.colcon_core.verb:set package 'moveit_resources_prbt_ikfast_manipulator_plugin' build argument 'cmake_target' from command line to 'None'
[0.464s] Level 5:colcon.colcon_core.verb:set package 'moveit_resources_prbt_ikfast_manipulator_plugin' build argument 'cmake_target_skip_unavailable' from command line to 'False'
[0.464s] Level 5:colcon.colcon_core.verb:set package 'moveit_resources_prbt_ikfast_manipulator_plugin' build argument 'cmake_clean_cache' from command line to 'False'
[0.464s] Level 5:colcon.colcon_core.verb:set package 'moveit_resources_prbt_ikfast_manipulator_plugin' build argument 'cmake_clean_first' from command line to 'False'
[0.464s] Level 5:colcon.colcon_core.verb:set package 'moveit_resources_prbt_ikfast_manipulator_plugin' build argument 'cmake_force_configure' from command line to 'False'
[0.464s] Level 5:colcon.colcon_core.verb:set package 'moveit_resources_prbt_ikfast_manipulator_plugin' build argument 'ament_cmake_args' from command line to 'None'
[0.464s] Level 5:colcon.colcon_core.verb:set package 'moveit_resources_prbt_ikfast_manipulator_plugin' build argument 'catkin_cmake_args' from command line to 'None'
[0.464s] Level 5:colcon.colcon_core.verb:set package 'moveit_resources_prbt_ikfast_manipulator_plugin' build argument 'catkin_skip_building_tests' from command line to 'False'
[0.464s] DEBUG:colcon.colcon_core.verb:Building package 'moveit_resources_prbt_ikfast_manipulator_plugin' with the following arguments: {'ament_cmake_args': None, 'build_base': '/home/jone/ws_moveit/build/moveit_resources_prbt_ikfast_manipulator_plugin', 'catkin_cmake_args': None, 'catkin_skip_building_tests': False, 'cmake_args': None, 'cmake_clean_cache': False, 'cmake_clean_first': False, 'cmake_force_configure': False, 'cmake_target': None, 'cmake_target_skip_unavailable': False, 'install_base': '/home/jone/ws_moveit/install/moveit_resources_prbt_ikfast_manipulator_plugin', 'merge_install': False, 'path': '/home/jone/ws_moveit/src/moveit2/moveit_planners/test_configs/prbt_ikfast_manipulator_plugin', 'symlink_install': False, 'test_result_base': None}
[0.464s] Level 5:colcon.colcon_core.verb:set package 'moveit_ros_occupancy_map_monitor' build argument 'cmake_args' from command line to 'None'
[0.464s] Level 5:colcon.colcon_core.verb:set package 'moveit_ros_occupancy_map_monitor' build argument 'cmake_target' from command line to 'None'
[0.464s] Level 5:colcon.colcon_core.verb:set package 'moveit_ros_occupancy_map_monitor' build argument 'cmake_target_skip_unavailable' from command line to 'False'
[0.464s] Level 5:colcon.colcon_core.verb:set package 'moveit_ros_occupancy_map_monitor' build argument 'cmake_clean_cache' from command line to 'False'
[0.464s] Level 5:colcon.colcon_core.verb:set package 'moveit_ros_occupancy_map_monitor' build argument 'cmake_clean_first' from command line to 'False'
[0.464s] Level 5:colcon.colcon_core.verb:set package 'moveit_ros_occupancy_map_monitor' build argument 'cmake_force_configure' from command line to 'False'
[0.464s] Level 5:colcon.colcon_core.verb:set package 'moveit_ros_occupancy_map_monitor' build argument 'ament_cmake_args' from command line to 'None'
[0.464s] Level 5:colcon.colcon_core.verb:set package 'moveit_ros_occupancy_map_monitor' build argument 'catkin_cmake_args' from command line to 'None'
[0.464s] Level 5:colcon.colcon_core.verb:set package 'moveit_ros_occupancy_map_monitor' build argument 'catkin_skip_building_tests' from command line to 'False'
[0.464s] DEBUG:colcon.colcon_core.verb:Building package 'moveit_ros_occupancy_map_monitor' with the following arguments: {'ament_cmake_args': None, 'build_base': '/home/jone/ws_moveit/build/moveit_ros_occupancy_map_monitor', 'catkin_cmake_args': None, 'catkin_skip_building_tests': False, 'cmake_args': None, 'cmake_clean_cache': False, 'cmake_clean_first': False, 'cmake_force_configure': False, 'cmake_target': None, 'cmake_target_skip_unavailable': False, 'install_base': '/home/jone/ws_moveit/install/moveit_ros_occupancy_map_monitor', 'merge_install': False, 'path': '/home/jone/ws_moveit/src/moveit2/moveit_ros/occupancy_map_monitor', 'symlink_install': False, 'test_result_base': None}
[0.465s] Level 5:colcon.colcon_core.verb:set package 'moveit_simple_controller_manager' build argument 'cmake_args' from command line to 'None'
[0.465s] Level 5:colcon.colcon_core.verb:set package 'moveit_simple_controller_manager' build argument 'cmake_target' from command line to 'None'
[0.465s] Level 5:colcon.colcon_core.verb:set package 'moveit_simple_controller_manager' build argument 'cmake_target_skip_unavailable' from command line to 'False'
[0.465s] Level 5:colcon.colcon_core.verb:set package 'moveit_simple_controller_manager' build argument 'cmake_clean_cache' from command line to 'False'
[0.465s] Level 5:colcon.colcon_core.verb:set package 'moveit_simple_controller_manager' build argument 'cmake_clean_first' from command line to 'False'
[0.465s] Level 5:colcon.colcon_core.verb:set package 'moveit_simple_controller_manager' build argument 'cmake_force_configure' from command line to 'False'
[0.465s] Level 5:colcon.colcon_core.verb:set package 'moveit_simple_controller_manager' build argument 'ament_cmake_args' from command line to 'None'
[0.465s] Level 5:colcon.colcon_core.verb:set package 'moveit_simple_controller_manager' build argument 'catkin_cmake_args' from command line to 'None'
[0.465s] Level 5:colcon.colcon_core.verb:set package 'moveit_simple_controller_manager' build argument 'catkin_skip_building_tests' from command line to 'False'
[0.465s] DEBUG:colcon.colcon_core.verb:Building package 'moveit_simple_controller_manager' with the following arguments: {'ament_cmake_args': None, 'build_base': '/home/jone/ws_moveit/build/moveit_simple_controller_manager', 'catkin_cmake_args': None, 'catkin_skip_building_tests': False, 'cmake_args': None, 'cmake_clean_cache': False, 'cmake_clean_first': False, 'cmake_force_configure': False, 'cmake_target': None, 'cmake_target_skip_unavailable': False, 'install_base': '/home/jone/ws_moveit/install/moveit_simple_controller_manager', 'merge_install': False, 'path': '/home/jone/ws_moveit/src/moveit2/moveit_plugins/moveit_simple_controller_manager', 'symlink_install': False, 'test_result_base': None}
[0.465s] Level 5:colcon.colcon_core.verb:set package 'pilz_industrial_motion_planner_testutils' build argument 'cmake_args' from command line to 'None'
[0.465s] Level 5:colcon.colcon_core.verb:set package 'pilz_industrial_motion_planner_testutils' build argument 'cmake_target' from command line to 'None'
[0.465s] Level 5:colcon.colcon_core.verb:set package 'pilz_industrial_motion_planner_testutils' build argument 'cmake_target_skip_unavailable' from command line to 'False'
[0.465s] Level 5:colcon.colcon_core.verb:set package 'pilz_industrial_motion_planner_testutils' build argument 'cmake_clean_cache' from command line to 'False'
[0.465s] Level 5:colcon.colcon_core.verb:set package 'pilz_industrial_motion_planner_testutils' build argument 'cmake_clean_first' from command line to 'False'
[0.465s] Level 5:colcon.colcon_core.verb:set package 'pilz_industrial_motion_planner_testutils' build argument 'cmake_force_configure' from command line to 'False'
[0.465s] Level 5:colcon.colcon_core.verb:set package 'pilz_industrial_motion_planner_testutils' build argument 'ament_cmake_args' from command line to 'None'
[0.465s] Level 5:colcon.colcon_core.verb:set package 'pilz_industrial_motion_planner_testutils' build argument 'catkin_cmake_args' from command line to 'None'
[0.465s] Level 5:colcon.colcon_core.verb:set package 'pilz_industrial_motion_planner_testutils' build argument 'catkin_skip_building_tests' from command line to 'False'
[0.465s] DEBUG:colcon.colcon_core.verb:Building package 'pilz_industrial_motion_planner_testutils' with the following arguments: {'ament_cmake_args': None, 'build_base': '/home/jone/ws_moveit/build/pilz_industrial_motion_planner_testutils', 'catkin_cmake_args': None, 'catkin_skip_building_tests': False, 'cmake_args': None, 'cmake_clean_cache': False, 'cmake_clean_first': False, 'cmake_force_configure': False, 'cmake_target': None, 'cmake_target_skip_unavailable': False, 'install_base': '/home/jone/ws_moveit/install/pilz_industrial_motion_planner_testutils', 'merge_install': False, 'path': '/home/jone/ws_moveit/src/moveit2/moveit_planners/pilz_industrial_motion_planner_testutils', 'symlink_install': False, 'test_result_base': None}
[0.465s] Level 5:colcon.colcon_core.verb:set package 'moveit_chomp_optimizer_adapter' build argument 'cmake_args' from command line to 'None'
[0.465s] Level 5:colcon.colcon_core.verb:set package 'moveit_chomp_optimizer_adapter' build argument 'cmake_target' from command line to 'None'
[0.465s] Level 5:colcon.colcon_core.verb:set package 'moveit_chomp_optimizer_adapter' build argument 'cmake_target_skip_unavailable' from command line to 'False'
[0.465s] Level 5:colcon.colcon_core.verb:set package 'moveit_chomp_optimizer_adapter' build argument 'cmake_clean_cache' from command line to 'False'
[0.465s] Level 5:colcon.colcon_core.verb:set package 'moveit_chomp_optimizer_adapter' build argument 'cmake_clean_first' from command line to 'False'
[0.465s] Level 5:colcon.colcon_core.verb:set package 'moveit_chomp_optimizer_adapter' build argument 'cmake_force_configure' from command line to 'False'
[0.465s] Level 5:colcon.colcon_core.verb:set package 'moveit_chomp_optimizer_adapter' build argument 'ament_cmake_args' from command line to 'None'
[0.466s] Level 5:colcon.colcon_core.verb:set package 'moveit_chomp_optimizer_adapter' build argument 'catkin_cmake_args' from command line to 'None'
[0.466s] Level 5:colcon.colcon_core.verb:set package 'moveit_chomp_optimizer_adapter' build argument 'catkin_skip_building_tests' from command line to 'False'
[0.466s] DEBUG:colcon.colcon_core.verb:Building package 'moveit_chomp_optimizer_adapter' with the following arguments: {'ament_cmake_args': None, 'build_base': '/home/jone/ws_moveit/build/moveit_chomp_optimizer_adapter', 'catkin_cmake_args': None, 'catkin_skip_building_tests': False, 'cmake_args': None, 'cmake_clean_cache': False, 'cmake_clean_first': False, 'cmake_force_configure': False, 'cmake_target': None, 'cmake_target_skip_unavailable': False, 'install_base': '/home/jone/ws_moveit/install/moveit_chomp_optimizer_adapter', 'merge_install': False, 'path': '/home/jone/ws_moveit/src/moveit2/moveit_planners/chomp/chomp_optimizer_adapter', 'symlink_install': False, 'test_result_base': None}
[0.466s] Level 5:colcon.colcon_core.verb:set package 'moveit_planners_chomp' build argument 'cmake_args' from command line to 'None'
[0.466s] Level 5:colcon.colcon_core.verb:set package 'moveit_planners_chomp' build argument 'cmake_target' from command line to 'None'
[0.466s] Level 5:colcon.colcon_core.verb:set package 'moveit_planners_chomp' build argument 'cmake_target_skip_unavailable' from command line to 'False'
[0.466s] Level 5:colcon.colcon_core.verb:set package 'moveit_planners_chomp' build argument 'cmake_clean_cache' from command line to 'False'
[0.466s] Level 5:colcon.colcon_core.verb:set package 'moveit_planners_chomp' build argument 'cmake_clean_first' from command line to 'False'
[0.466s] Level 5:colcon.colcon_core.verb:set package 'moveit_planners_chomp' build argument 'cmake_force_configure' from command line to 'False'
[0.466s] Level 5:colcon.colcon_core.verb:set package 'moveit_planners_chomp' build argument 'ament_cmake_args' from command line to 'None'
[0.466s] Level 5:colcon.colcon_core.verb:set package 'moveit_planners_chomp' build argument 'catkin_cmake_args' from command line to 'None'
[0.466s] Level 5:colcon.colcon_core.verb:set package 'moveit_planners_chomp' build argument 'catkin_skip_building_tests' from command line to 'False'
[0.466s] DEBUG:colcon.colcon_core.verb:Building package 'moveit_planners_chomp' with the following arguments: {'ament_cmake_args': None, 'build_base': '/home/jone/ws_moveit/build/moveit_planners_chomp', 'catkin_cmake_args': None, 'catkin_skip_building_tests': False, 'cmake_args': None, 'cmake_clean_cache': False, 'cmake_clean_first': False, 'cmake_force_configure': False, 'cmake_target': None, 'cmake_target_skip_unavailable': False, 'install_base': '/home/jone/ws_moveit/install/moveit_planners_chomp', 'merge_install': False, 'path': '/home/jone/ws_moveit/src/moveit2/moveit_planners/chomp/chomp_interface', 'symlink_install': False, 'test_result_base': None}
[0.466s] Level 5:colcon.colcon_core.verb:set package 'moveit_plugins' build argument 'cmake_args' from command line to 'None'
[0.466s] Level 5:colcon.colcon_core.verb:set package 'moveit_plugins' build argument 'cmake_target' from command line to 'None'
[0.466s] Level 5:colcon.colcon_core.verb:set package 'moveit_plugins' build argument 'cmake_target_skip_unavailable' from command line to 'False'
[0.466s] Level 5:colcon.colcon_core.verb:set package 'moveit_plugins' build argument 'cmake_clean_cache' from command line to 'False'
[0.466s] Level 5:colcon.colcon_core.verb:set package 'moveit_plugins' build argument 'cmake_clean_first' from command line to 'False'
[0.466s] Level 5:colcon.colcon_core.verb:set package 'moveit_plugins' build argument 'cmake_force_configure' from command line to 'False'
[0.466s] Level 5:colcon.colcon_core.verb:set package 'moveit_plugins' build argument 'ament_cmake_args' from command line to 'None'
[0.466s] Level 5:colcon.colcon_core.verb:set package 'moveit_plugins' build argument 'catkin_cmake_args' from command line to 'None'
[0.466s] Level 5:colcon.colcon_core.verb:set package 'moveit_plugins' build argument 'catkin_skip_building_tests' from command line to 'False'
[0.466s] DEBUG:colcon.colcon_core.verb:Building package 'moveit_plugins' with the following arguments: {'ament_cmake_args': None, 'build_base': '/home/jone/ws_moveit/build/moveit_plugins', 'catkin_cmake_args': None, 'catkin_skip_building_tests': False, 'cmake_args': None, 'cmake_clean_cache': False, 'cmake_clean_first': False, 'cmake_force_configure': False, 'cmake_target': None, 'cmake_target_skip_unavailable': False, 'install_base': '/home/jone/ws_moveit/install/moveit_plugins', 'merge_install': False, 'path': '/home/jone/ws_moveit/src/moveit2/moveit_plugins/moveit_plugins', 'symlink_install': False, 'test_result_base': None}
[0.467s] Level 5:colcon.colcon_core.verb:set package 'moveit_ros_control_interface' build argument 'cmake_args' from command line to 'None'
[0.467s] Level 5:colcon.colcon_core.verb:set package 'moveit_ros_control_interface' build argument 'cmake_target' from command line to 'None'
[0.467s] Level 5:colcon.colcon_core.verb:set package 'moveit_ros_control_interface' build argument 'cmake_target_skip_unavailable' from command line to 'False'
[0.467s] Level 5:colcon.colcon_core.verb:set package 'moveit_ros_control_interface' build argument 'cmake_clean_cache' from command line to 'False'
[0.467s] Level 5:colcon.colcon_core.verb:set package 'moveit_ros_control_interface' build argument 'cmake_clean_first' from command line to 'False'
[0.467s] Level 5:colcon.colcon_core.verb:set package 'moveit_ros_control_interface' build argument 'cmake_force_configure' from command line to 'False'
[0.467s] Level 5:colcon.colcon_core.verb:set package 'moveit_ros_control_interface' build argument 'ament_cmake_args' from command line to 'None'
[0.467s] Level 5:colcon.colcon_core.verb:set package 'moveit_ros_control_interface' build argument 'catkin_cmake_args' from command line to 'None'
[0.467s] Level 5:colcon.colcon_core.verb:set package 'moveit_ros_control_interface' build argument 'catkin_skip_building_tests' from command line to 'False'
[0.467s] DEBUG:colcon.colcon_core.verb:Building package 'moveit_ros_control_interface' with the following arguments: {'ament_cmake_args': None, 'build_base': '/home/jone/ws_moveit/build/moveit_ros_control_interface', 'catkin_cmake_args': None, 'catkin_skip_building_tests': False, 'cmake_args': None, 'cmake_clean_cache': False, 'cmake_clean_first': False, 'cmake_force_configure': False, 'cmake_target': None, 'cmake_target_skip_unavailable': False, 'install_base': '/home/jone/ws_moveit/install/moveit_ros_control_interface', 'merge_install': False, 'path': '/home/jone/ws_moveit/src/moveit2/moveit_plugins/moveit_ros_control_interface', 'symlink_install': False, 'test_result_base': None}
[0.467s] Level 5:colcon.colcon_core.verb:set package 'moveit_ros_planning' build argument 'cmake_args' from command line to 'None'
[0.467s] Level 5:colcon.colcon_core.verb:set package 'moveit_ros_planning' build argument 'cmake_target' from command line to 'None'
[0.467s] Level 5:colcon.colcon_core.verb:set package 'moveit_ros_planning' build argument 'cmake_target_skip_unavailable' from command line to 'False'
[0.467s] Level 5:colcon.colcon_core.verb:set package 'moveit_ros_planning' build argument 'cmake_clean_cache' from command line to 'False'
[0.467s] Level 5:colcon.colcon_core.verb:set package 'moveit_ros_planning' build argument 'cmake_clean_first' from command line to 'False'
[0.467s] Level 5:colcon.colcon_core.verb:set package 'moveit_ros_planning' build argument 'cmake_force_configure' from command line to 'False'
[0.467s] Level 5:colcon.colcon_core.verb:set package 'moveit_ros_planning' build argument 'ament_cmake_args' from command line to 'None'
[0.467s] Level 5:colcon.colcon_core.verb:set package 'moveit_ros_planning' build argument 'catkin_cmake_args' from command line to 'None'
[0.467s] Level 5:colcon.colcon_core.verb:set package 'moveit_ros_planning' build argument 'catkin_skip_building_tests' from command line to 'False'
[0.467s] DEBUG:colcon.colcon_core.verb:Building package 'moveit_ros_planning' with the following arguments: {'ament_cmake_args': None, 'build_base': '/home/jone/ws_moveit/build/moveit_ros_planning', 'catkin_cmake_args': None, 'catkin_skip_building_tests': False, 'cmake_args': None, 'cmake_clean_cache': False, 'cmake_clean_first': False, 'cmake_force_configure': False, 'cmake_target': None, 'cmake_target_skip_unavailable': False, 'install_base': '/home/jone/ws_moveit/install/moveit_ros_planning', 'merge_install': False, 'path': '/home/jone/ws_moveit/src/moveit2/moveit_ros/planning', 'symlink_install': False, 'test_result_base': None}
[0.467s] Level 5:colcon.colcon_core.verb:set package 'moveit_kinematics' build argument 'cmake_args' from command line to 'None'
[0.467s] Level 5:colcon.colcon_core.verb:set package 'moveit_kinematics' build argument 'cmake_target' from command line to 'None'
[0.467s] Level 5:colcon.colcon_core.verb:set package 'moveit_kinematics' build argument 'cmake_target_skip_unavailable' from command line to 'False'
[0.467s] Level 5:colcon.colcon_core.verb:set package 'moveit_kinematics' build argument 'cmake_clean_cache' from command line to 'False'
[0.467s] Level 5:colcon.colcon_core.verb:set package 'moveit_kinematics' build argument 'cmake_clean_first' from command line to 'False'
[0.467s] Level 5:colcon.colcon_core.verb:set package 'moveit_kinematics' build argument 'cmake_force_configure' from command line to 'False'
[0.467s] Level 5:colcon.colcon_core.verb:set package 'moveit_kinematics' build argument 'ament_cmake_args' from command line to 'None'
[0.467s] Level 5:colcon.colcon_core.verb:set package 'moveit_kinematics' build argument 'catkin_cmake_args' from command line to 'None'
[0.467s] Level 5:colcon.colcon_core.verb:set package 'moveit_kinematics' build argument 'catkin_skip_building_tests' from command line to 'False'
[0.467s] DEBUG:colcon.colcon_core.verb:Building package 'moveit_kinematics' with the following arguments: {'ament_cmake_args': None, 'build_base': '/home/jone/ws_moveit/build/moveit_kinematics', 'catkin_cmake_args': None, 'catkin_skip_building_tests': False, 'cmake_args': None, 'cmake_clean_cache': False, 'cmake_clean_first': False, 'cmake_force_configure': False, 'cmake_target': None, 'cmake_target_skip_unavailable': False, 'install_base': '/home/jone/ws_moveit/install/moveit_kinematics', 'merge_install': False, 'path': '/home/jone/ws_moveit/src/moveit2/moveit_kinematics', 'symlink_install': False, 'test_result_base': None}
[0.468s] Level 5:colcon.colcon_core.verb:set package 'moveit_planners_ompl' build argument 'cmake_args' from command line to 'None'
[0.468s] Level 5:colcon.colcon_core.verb:set package 'moveit_planners_ompl' build argument 'cmake_target' from command line to 'None'
[0.468s] Level 5:colcon.colcon_core.verb:set package 'moveit_planners_ompl' build argument 'cmake_target_skip_unavailable' from command line to 'False'
[0.468s] Level 5:colcon.colcon_core.verb:set package 'moveit_planners_ompl' build argument 'cmake_clean_cache' from command line to 'False'
[0.468s] Level 5:colcon.colcon_core.verb:set package 'moveit_planners_ompl' build argument 'cmake_clean_first' from command line to 'False'
[0.468s] Level 5:colcon.colcon_core.verb:set package 'moveit_planners_ompl' build argument 'cmake_force_configure' from command line to 'False'
[0.468s] Level 5:colcon.colcon_core.verb:set package 'moveit_planners_ompl' build argument 'ament_cmake_args' from command line to 'None'
[0.468s] Level 5:colcon.colcon_core.verb:set package 'moveit_planners_ompl' build argument 'catkin_cmake_args' from command line to 'None'
[0.468s] Level 5:colcon.colcon_core.verb:set package 'moveit_planners_ompl' build argument 'catkin_skip_building_tests' from command line to 'False'
[0.468s] DEBUG:colcon.colcon_core.verb:Building package 'moveit_planners_ompl' with the following arguments: {'ament_cmake_args': None, 'build_base': '/home/jone/ws_moveit/build/moveit_planners_ompl', 'catkin_cmake_args': None, 'catkin_skip_building_tests': False, 'cmake_args': None, 'cmake_clean_cache': False, 'cmake_clean_first': False, 'cmake_force_configure': False, 'cmake_target': None, 'cmake_target_skip_unavailable': False, 'install_base': '/home/jone/ws_moveit/install/moveit_planners_ompl', 'merge_install': False, 'path': '/home/jone/ws_moveit/src/moveit2/moveit_planners/ompl', 'symlink_install': False, 'test_result_base': None}
[0.468s] Level 5:colcon.colcon_core.verb:set package 'moveit_ros_perception' build argument 'cmake_args' from command line to 'None'
[0.468s] Level 5:colcon.colcon_core.verb:set package 'moveit_ros_perception' build argument 'cmake_target' from command line to 'None'
[0.468s] Level 5:colcon.colcon_core.verb:set package 'moveit_ros_perception' build argument 'cmake_target_skip_unavailable' from command line to 'False'
[0.468s] Level 5:colcon.colcon_core.verb:set package 'moveit_ros_perception' build argument 'cmake_clean_cache' from command line to 'False'
[0.468s] Level 5:colcon.colcon_core.verb:set package 'moveit_ros_perception' build argument 'cmake_clean_first' from command line to 'False'
[0.468s] Level 5:colcon.colcon_core.verb:set package 'moveit_ros_perception' build argument 'cmake_force_configure' from command line to 'False'
[0.468s] Level 5:colcon.colcon_core.verb:set package 'moveit_ros_perception' build argument 'ament_cmake_args' from command line to 'None'
[0.468s] Level 5:colcon.colcon_core.verb:set package 'moveit_ros_perception' build argument 'catkin_cmake_args' from command line to 'None'
[0.468s] Level 5:colcon.colcon_core.verb:set package 'moveit_ros_perception' build argument 'catkin_skip_building_tests' from command line to 'False'
[0.468s] DEBUG:colcon.colcon_core.verb:Building package 'moveit_ros_perception' with the following arguments: {'ament_cmake_args': None, 'build_base': '/home/jone/ws_moveit/build/moveit_ros_perception', 'catkin_cmake_args': None, 'catkin_skip_building_tests': False, 'cmake_args': None, 'cmake_clean_cache': False, 'cmake_clean_first': False, 'cmake_force_configure': False, 'cmake_target': None, 'cmake_target_skip_unavailable': False, 'install_base': '/home/jone/ws_moveit/install/moveit_ros_perception', 'merge_install': False, 'path': '/home/jone/ws_moveit/src/moveit2/moveit_ros/perception', 'symlink_install': False, 'test_result_base': None}
[0.468s] Level 5:colcon.colcon_core.verb:set package 'moveit_ros_robot_interaction' build argument 'cmake_args' from command line to 'None'
[0.469s] Level 5:colcon.colcon_core.verb:set package 'moveit_ros_robot_interaction' build argument 'cmake_target' from command line to 'None'
[0.469s] Level 5:colcon.colcon_core.verb:set package 'moveit_ros_robot_interaction' build argument 'cmake_target_skip_unavailable' from command line to 'False'
[0.469s] Level 5:colcon.colcon_core.verb:set package 'moveit_ros_robot_interaction' build argument 'cmake_clean_cache' from command line to 'False'
[0.469s] Level 5:colcon.colcon_core.verb:set package 'moveit_ros_robot_interaction' build argument 'cmake_clean_first' from command line to 'False'
[0.469s] Level 5:colcon.colcon_core.verb:set package 'moveit_ros_robot_interaction' build argument 'cmake_force_configure' from command line to 'False'
[0.469s] Level 5:colcon.colcon_core.verb:set package 'moveit_ros_robot_interaction' build argument 'ament_cmake_args' from command line to 'None'
[0.469s] Level 5:colcon.colcon_core.verb:set package 'moveit_ros_robot_interaction' build argument 'catkin_cmake_args' from command line to 'None'
[0.469s] Level 5:colcon.colcon_core.verb:set package 'moveit_ros_robot_interaction' build argument 'catkin_skip_building_tests' from command line to 'False'
[0.469s] DEBUG:colcon.colcon_core.verb:Building package 'moveit_ros_robot_interaction' with the following arguments: {'ament_cmake_args': None, 'build_base': '/home/jone/ws_moveit/build/moveit_ros_robot_interaction', 'catkin_cmake_args': None, 'catkin_skip_building_tests': False, 'cmake_args': None, 'cmake_clean_cache': False, 'cmake_clean_first': False, 'cmake_force_configure': False, 'cmake_target': None, 'cmake_target_skip_unavailable': False, 'install_base': '/home/jone/ws_moveit/install/moveit_ros_robot_interaction', 'merge_install': False, 'path': '/home/jone/ws_moveit/src/moveit2/moveit_ros/robot_interaction', 'symlink_install': False, 'test_result_base': None}
[0.469s] Level 5:colcon.colcon_core.verb:set package 'moveit_ros_warehouse' build argument 'cmake_args' from command line to 'None'
[0.469s] Level 5:colcon.colcon_core.verb:set package 'moveit_ros_warehouse' build argument 'cmake_target' from command line to 'None'
[0.469s] Level 5:colcon.colcon_core.verb:set package 'moveit_ros_warehouse' build argument 'cmake_target_skip_unavailable' from command line to 'False'
[0.469s] Level 5:colcon.colcon_core.verb:set package 'moveit_ros_warehouse' build argument 'cmake_clean_cache' from command line to 'False'
[0.469s] Level 5:colcon.colcon_core.verb:set package 'moveit_ros_warehouse' build argument 'cmake_clean_first' from command line to 'False'
[0.469s] Level 5:colcon.colcon_core.verb:set package 'moveit_ros_warehouse' build argument 'cmake_force_configure' from command line to 'False'
[0.469s] Level 5:colcon.colcon_core.verb:set package 'moveit_ros_warehouse' build argument 'ament_cmake_args' from command line to 'None'
[0.469s] Level 5:colcon.colcon_core.verb:set package 'moveit_ros_warehouse' build argument 'catkin_cmake_args' from command line to 'None'
[0.469s] Level 5:colcon.colcon_core.verb:set package 'moveit_ros_warehouse' build argument 'catkin_skip_building_tests' from command line to 'False'
[0.469s] DEBUG:colcon.colcon_core.verb:Building package 'moveit_ros_warehouse' with the following arguments: {'ament_cmake_args': None, 'build_base': '/home/jone/ws_moveit/build/moveit_ros_warehouse', 'catkin_cmake_args': None, 'catkin_skip_building_tests': False, 'cmake_args': None, 'cmake_clean_cache': False, 'cmake_clean_first': False, 'cmake_force_configure': False, 'cmake_target': None, 'cmake_target_skip_unavailable': False, 'install_base': '/home/jone/ws_moveit/install/moveit_ros_warehouse', 'merge_install': False, 'path': '/home/jone/ws_moveit/src/moveit2/moveit_ros/warehouse', 'symlink_install': False, 'test_result_base': None}
[0.469s] Level 5:colcon.colcon_core.verb:set package 'moveit_visual_tools' build argument 'cmake_args' from command line to 'None'
[0.469s] Level 5:colcon.colcon_core.verb:set package 'moveit_visual_tools' build argument 'cmake_target' from command line to 'None'
[0.469s] Level 5:colcon.colcon_core.verb:set package 'moveit_visual_tools' build argument 'cmake_target_skip_unavailable' from command line to 'False'
[0.469s] Level 5:colcon.colcon_core.verb:set package 'moveit_visual_tools' build argument 'cmake_clean_cache' from command line to 'False'
[0.469s] Level 5:colcon.colcon_core.verb:set package 'moveit_visual_tools' build argument 'cmake_clean_first' from command line to 'False'
[0.469s] Level 5:colcon.colcon_core.verb:set package 'moveit_visual_tools' build argument 'cmake_force_configure' from command line to 'False'
[0.469s] Level 5:colcon.colcon_core.verb:set package 'moveit_visual_tools' build argument 'ament_cmake_args' from command line to 'None'
[0.469s] Level 5:colcon.colcon_core.verb:set package 'moveit_visual_tools' build argument 'catkin_cmake_args' from command line to 'None'
[0.469s] Level 5:colcon.colcon_core.verb:set package 'moveit_visual_tools' build argument 'catkin_skip_building_tests' from command line to 'False'
[0.469s] DEBUG:colcon.colcon_core.verb:Building package 'moveit_visual_tools' with the following arguments: {'ament_cmake_args': None, 'build_base': '/home/jone/ws_moveit/build/moveit_visual_tools', 'catkin_cmake_args': None, 'catkin_skip_building_tests': False, 'cmake_args': None, 'cmake_clean_cache': False, 'cmake_clean_first': False, 'cmake_force_configure': False, 'cmake_target': None, 'cmake_target_skip_unavailable': False, 'install_base': '/home/jone/ws_moveit/install/moveit_visual_tools', 'merge_install': False, 'path': '/home/jone/ws_moveit/src/moveit_visual_tools', 'symlink_install': False, 'test_result_base': None}
[0.470s] Level 5:colcon.colcon_core.verb:set package 'moveit_ros_benchmarks' build argument 'cmake_args' from command line to 'None'
[0.470s] Level 5:colcon.colcon_core.verb:set package 'moveit_ros_benchmarks' build argument 'cmake_target' from command line to 'None'
[0.470s] Level 5:colcon.colcon_core.verb:set package 'moveit_ros_benchmarks' build argument 'cmake_target_skip_unavailable' from command line to 'False'
[0.470s] Level 5:colcon.colcon_core.verb:set package 'moveit_ros_benchmarks' build argument 'cmake_clean_cache' from command line to 'False'
[0.470s] Level 5:colcon.colcon_core.verb:set package 'moveit_ros_benchmarks' build argument 'cmake_clean_first' from command line to 'False'
[0.470s] Level 5:colcon.colcon_core.verb:set package 'moveit_ros_benchmarks' build argument 'cmake_force_configure' from command line to 'False'
[0.470s] Level 5:colcon.colcon_core.verb:set package 'moveit_ros_benchmarks' build argument 'ament_cmake_args' from command line to 'None'
[0.470s] Level 5:colcon.colcon_core.verb:set package 'moveit_ros_benchmarks' build argument 'catkin_cmake_args' from command line to 'None'
[0.470s] Level 5:colcon.colcon_core.verb:set package 'moveit_ros_benchmarks' build argument 'catkin_skip_building_tests' from command line to 'False'
[0.470s] DEBUG:colcon.colcon_core.verb:Building package 'moveit_ros_benchmarks' with the following arguments: {'ament_cmake_args': None, 'build_base': '/home/jone/ws_moveit/build/moveit_ros_benchmarks', 'catkin_cmake_args': None, 'catkin_skip_building_tests': False, 'cmake_args': None, 'cmake_clean_cache': False, 'cmake_clean_first': False, 'cmake_force_configure': False, 'cmake_target': None, 'cmake_target_skip_unavailable': False, 'install_base': '/home/jone/ws_moveit/install/moveit_ros_benchmarks', 'merge_install': False, 'path': '/home/jone/ws_moveit/src/moveit2/moveit_ros/benchmarks', 'symlink_install': False, 'test_result_base': None}
[0.470s] Level 5:colcon.colcon_core.verb:set package 'moveit_ros_move_group' build argument 'cmake_args' from command line to 'None'
[0.470s] Level 5:colcon.colcon_core.verb:set package 'moveit_ros_move_group' build argument 'cmake_target' from command line to 'None'
[0.470s] Level 5:colcon.colcon_core.verb:set package 'moveit_ros_move_group' build argument 'cmake_target_skip_unavailable' from command line to 'False'
[0.470s] Level 5:colcon.colcon_core.verb:set package 'moveit_ros_move_group' build argument 'cmake_clean_cache' from command line to 'False'
[0.470s] Level 5:colcon.colcon_core.verb:set package 'moveit_ros_move_group' build argument 'cmake_clean_first' from command line to 'False'
[0.470s] Level 5:colcon.colcon_core.verb:set package 'moveit_ros_move_group' build argument 'cmake_force_configure' from command line to 'False'
[0.470s] Level 5:colcon.colcon_core.verb:set package 'moveit_ros_move_group' build argument 'ament_cmake_args' from command line to 'None'
[0.470s] Level 5:colcon.colcon_core.verb:set package 'moveit_ros_move_group' build argument 'catkin_cmake_args' from command line to 'None'
[0.470s] Level 5:colcon.colcon_core.verb:set package 'moveit_ros_move_group' build argument 'catkin_skip_building_tests' from command line to 'False'
[0.470s] DEBUG:colcon.colcon_core.verb:Building package 'moveit_ros_move_group' with the following arguments: {'ament_cmake_args': None, 'build_base': '/home/jone/ws_moveit/build/moveit_ros_move_group', 'catkin_cmake_args': None, 'catkin_skip_building_tests': False, 'cmake_args': None, 'cmake_clean_cache': False, 'cmake_clean_first': False, 'cmake_force_configure': False, 'cmake_target': None, 'cmake_target_skip_unavailable': False, 'install_base': '/home/jone/ws_moveit/install/moveit_ros_move_group', 'merge_install': False, 'path': '/home/jone/ws_moveit/src/moveit2/moveit_ros/move_group', 'symlink_install': False, 'test_result_base': None}
[0.470s] Level 5:colcon.colcon_core.verb:set package 'moveit_resources_prbt_moveit_config' build argument 'cmake_args' from command line to 'None'
[0.470s] Level 5:colcon.colcon_core.verb:set package 'moveit_resources_prbt_moveit_config' build argument 'cmake_target' from command line to 'None'
[0.470s] Level 5:colcon.colcon_core.verb:set package 'moveit_resources_prbt_moveit_config' build argument 'cmake_target_skip_unavailable' from command line to 'False'
[0.470s] Level 5:colcon.colcon_core.verb:set package 'moveit_resources_prbt_moveit_config' build argument 'cmake_clean_cache' from command line to 'False'
[0.470s] Level 5:colcon.colcon_core.verb:set package 'moveit_resources_prbt_moveit_config' build argument 'cmake_clean_first' from command line to 'False'
[0.470s] Level 5:colcon.colcon_core.verb:set package 'moveit_resources_prbt_moveit_config' build argument 'cmake_force_configure' from command line to 'False'
[0.471s] Level 5:colcon.colcon_core.verb:set package 'moveit_resources_prbt_moveit_config' build argument 'ament_cmake_args' from command line to 'None'
[0.471s] Level 5:colcon.colcon_core.verb:set package 'moveit_resources_prbt_moveit_config' build argument 'catkin_cmake_args' from command line to 'None'
[0.471s] Level 5:colcon.colcon_core.verb:set package 'moveit_resources_prbt_moveit_config' build argument 'catkin_skip_building_tests' from command line to 'False'
[0.471s] DEBUG:colcon.colcon_core.verb:Building package 'moveit_resources_prbt_moveit_config' with the following arguments: {'ament_cmake_args': None, 'build_base': '/home/jone/ws_moveit/build/moveit_resources_prbt_moveit_config', 'catkin_cmake_args': None, 'catkin_skip_building_tests': False, 'cmake_args': None, 'cmake_clean_cache': False, 'cmake_clean_first': False, 'cmake_force_configure': False, 'cmake_target': None, 'cmake_target_skip_unavailable': False, 'install_base': '/home/jone/ws_moveit/install/moveit_resources_prbt_moveit_config', 'merge_install': False, 'path': '/home/jone/ws_moveit/src/moveit2/moveit_planners/test_configs/prbt_moveit_config', 'symlink_install': False, 'test_result_base': None}
[0.471s] Level 5:colcon.colcon_core.verb:set package 'moveit_ros_planning_interface' build argument 'cmake_args' from command line to 'None'
[0.471s] Level 5:colcon.colcon_core.verb:set package 'moveit_ros_planning_interface' build argument 'cmake_target' from command line to 'None'
[0.471s] Level 5:colcon.colcon_core.verb:set package 'moveit_ros_planning_interface' build argument 'cmake_target_skip_unavailable' from command line to 'False'
[0.471s] Level 5:colcon.colcon_core.verb:set package 'moveit_ros_planning_interface' build argument 'cmake_clean_cache' from command line to 'False'
[0.471s] Level 5:colcon.colcon_core.verb:set package 'moveit_ros_planning_interface' build argument 'cmake_clean_first' from command line to 'False'
[0.471s] Level 5:colcon.colcon_core.verb:set package 'moveit_ros_planning_interface' build argument 'cmake_force_configure' from command line to 'False'
[0.471s] Level 5:colcon.colcon_core.verb:set package 'moveit_ros_planning_interface' build argument 'ament_cmake_args' from command line to 'None'
[0.471s] Level 5:colcon.colcon_core.verb:set package 'moveit_ros_planning_interface' build argument 'catkin_cmake_args' from command line to 'None'
[0.471s] Level 5:colcon.colcon_core.verb:set package 'moveit_ros_planning_interface' build argument 'catkin_skip_building_tests' from command line to 'False'
[0.471s] DEBUG:colcon.colcon_core.verb:Building package 'moveit_ros_planning_interface' with the following arguments: {'ament_cmake_args': None, 'build_base': '/home/jone/ws_moveit/build/moveit_ros_planning_interface', 'catkin_cmake_args': None, 'catkin_skip_building_tests': False, 'cmake_args': None, 'cmake_clean_cache': False, 'cmake_clean_first': False, 'cmake_force_configure': False, 'cmake_target': None, 'cmake_target_skip_unavailable': False, 'install_base': '/home/jone/ws_moveit/install/moveit_ros_planning_interface', 'merge_install': False, 'path': '/home/jone/ws_moveit/src/moveit2/moveit_ros/planning_interface', 'symlink_install': False, 'test_result_base': None}
[0.471s] Level 5:colcon.colcon_core.verb:set package 'moveit_hybrid_planning' build argument 'cmake_args' from command line to 'None'
[0.471s] Level 5:colcon.colcon_core.verb:set package 'moveit_hybrid_planning' build argument 'cmake_target' from command line to 'None'
[0.471s] Level 5:colcon.colcon_core.verb:set package 'moveit_hybrid_planning' build argument 'cmake_target_skip_unavailable' from command line to 'False'
[0.471s] Level 5:colcon.colcon_core.verb:set package 'moveit_hybrid_planning' build argument 'cmake_clean_cache' from command line to 'False'
[0.471s] Level 5:colcon.colcon_core.verb:set package 'moveit_hybrid_planning' build argument 'cmake_clean_first' from command line to 'False'
[0.471s] Level 5:colcon.colcon_core.verb:set package 'moveit_hybrid_planning' build argument 'cmake_force_configure' from command line to 'False'
[0.471s] Level 5:colcon.colcon_core.verb:set package 'moveit_hybrid_planning' build argument 'ament_cmake_args' from command line to 'None'
[0.471s] Level 5:colcon.colcon_core.verb:set package 'moveit_hybrid_planning' build argument 'catkin_cmake_args' from command line to 'None'
[0.471s] Level 5:colcon.colcon_core.verb:set package 'moveit_hybrid_planning' build argument 'catkin_skip_building_tests' from command line to 'False'
[0.471s] DEBUG:colcon.colcon_core.verb:Building package 'moveit_hybrid_planning' with the following arguments: {'ament_cmake_args': None, 'build_base': '/home/jone/ws_moveit/build/moveit_hybrid_planning', 'catkin_cmake_args': None, 'catkin_skip_building_tests': False, 'cmake_args': None, 'cmake_clean_cache': False, 'cmake_clean_first': False, 'cmake_force_configure': False, 'cmake_target': None, 'cmake_target_skip_unavailable': False, 'install_base': '/home/jone/ws_moveit/install/moveit_hybrid_planning', 'merge_install': False, 'path': '/home/jone/ws_moveit/src/moveit2/moveit_ros/hybrid_planning', 'symlink_install': False, 'test_result_base': None}
[0.472s] Level 5:colcon.colcon_core.verb:set package 'moveit_resources_prbt_pg70_support' build argument 'cmake_args' from command line to 'None'
[0.472s] Level 5:colcon.colcon_core.verb:set package 'moveit_resources_prbt_pg70_support' build argument 'cmake_target' from command line to 'None'
[0.472s] Level 5:colcon.colcon_core.verb:set package 'moveit_resources_prbt_pg70_support' build argument 'cmake_target_skip_unavailable' from command line to 'False'
[0.472s] Level 5:colcon.colcon_core.verb:set package 'moveit_resources_prbt_pg70_support' build argument 'cmake_clean_cache' from command line to 'False'
[0.472s] Level 5:colcon.colcon_core.verb:set package 'moveit_resources_prbt_pg70_support' build argument 'cmake_clean_first' from command line to 'False'
[0.472s] Level 5:colcon.colcon_core.verb:set package 'moveit_resources_prbt_pg70_support' build argument 'cmake_force_configure' from command line to 'False'
[0.472s] Level 5:colcon.colcon_core.verb:set package 'moveit_resources_prbt_pg70_support' build argument 'ament_cmake_args' from command line to 'None'
[0.472s] Level 5:colcon.colcon_core.verb:set package 'moveit_resources_prbt_pg70_support' build argument 'catkin_cmake_args' from command line to 'None'
[0.472s] Level 5:colcon.colcon_core.verb:set package 'moveit_resources_prbt_pg70_support' build argument 'catkin_skip_building_tests' from command line to 'False'
[0.472s] DEBUG:colcon.colcon_core.verb:Building package 'moveit_resources_prbt_pg70_support' with the following arguments: {'ament_cmake_args': None, 'build_base': '/home/jone/ws_moveit/build/moveit_resources_prbt_pg70_support', 'catkin_cmake_args': None, 'catkin_skip_building_tests': False, 'cmake_args': None, 'cmake_clean_cache': False, 'cmake_clean_first': False, 'cmake_force_configure': False, 'cmake_target': None, 'cmake_target_skip_unavailable': False, 'install_base': '/home/jone/ws_moveit/install/moveit_resources_prbt_pg70_support', 'merge_install': False, 'path': '/home/jone/ws_moveit/src/moveit2/moveit_planners/test_configs/prbt_pg70_support', 'symlink_install': False, 'test_result_base': None}
[0.472s] Level 5:colcon.colcon_core.verb:set package 'moveit_ros_visualization' build argument 'cmake_args' from command line to 'None'
[0.472s] Level 5:colcon.colcon_core.verb:set package 'moveit_ros_visualization' build argument 'cmake_target' from command line to 'None'
[0.472s] Level 5:colcon.colcon_core.verb:set package 'moveit_ros_visualization' build argument 'cmake_target_skip_unavailable' from command line to 'False'
[0.472s] Level 5:colcon.colcon_core.verb:set package 'moveit_ros_visualization' build argument 'cmake_clean_cache' from command line to 'False'
[0.472s] Level 5:colcon.colcon_core.verb:set package 'moveit_ros_visualization' build argument 'cmake_clean_first' from command line to 'False'
[0.472s] Level 5:colcon.colcon_core.verb:set package 'moveit_ros_visualization' build argument 'cmake_force_configure' from command line to 'False'
[0.472s] Level 5:colcon.colcon_core.verb:set package 'moveit_ros_visualization' build argument 'ament_cmake_args' from command line to 'None'
[0.472s] Level 5:colcon.colcon_core.verb:set package 'moveit_ros_visualization' build argument 'catkin_cmake_args' from command line to 'None'
[0.472s] Level 5:colcon.colcon_core.verb:set package 'moveit_ros_visualization' build argument 'catkin_skip_building_tests' from command line to 'False'
[0.472s] DEBUG:colcon.colcon_core.verb:Building package 'moveit_ros_visualization' with the following arguments: {'ament_cmake_args': None, 'build_base': '/home/jone/ws_moveit/build/moveit_ros_visualization', 'catkin_cmake_args': None, 'catkin_skip_building_tests': False, 'cmake_args': None, 'cmake_clean_cache': False, 'cmake_clean_first': False, 'cmake_force_configure': False, 'cmake_target': None, 'cmake_target_skip_unavailable': False, 'install_base': '/home/jone/ws_moveit/install/moveit_ros_visualization', 'merge_install': False, 'path': '/home/jone/ws_moveit/src/moveit2/moveit_ros/visualization', 'symlink_install': False, 'test_result_base': None}
[0.472s] Level 5:colcon.colcon_core.verb:set package 'moveit_servo' build argument 'cmake_args' from command line to 'None'
[0.472s] Level 5:colcon.colcon_core.verb:set package 'moveit_servo' build argument 'cmake_target' from command line to 'None'
[0.472s] Level 5:colcon.colcon_core.verb:set package 'moveit_servo' build argument 'cmake_target_skip_unavailable' from command line to 'False'
[0.472s] Level 5:colcon.colcon_core.verb:set package 'moveit_servo' build argument 'cmake_clean_cache' from command line to 'False'
[0.472s] Level 5:colcon.colcon_core.verb:set package 'moveit_servo' build argument 'cmake_clean_first' from command line to 'False'
[0.472s] Level 5:colcon.colcon_core.verb:set package 'moveit_servo' build argument 'cmake_force_configure' from command line to 'False'
[0.472s] Level 5:colcon.colcon_core.verb:set package 'moveit_servo' build argument 'ament_cmake_args' from command line to 'None'
[0.472s] Level 5:colcon.colcon_core.verb:set package 'moveit_servo' build argument 'catkin_cmake_args' from command line to 'None'
[0.472s] Level 5:colcon.colcon_core.verb:set package 'moveit_servo' build argument 'catkin_skip_building_tests' from command line to 'False'
[0.472s] DEBUG:colcon.colcon_core.verb:Building package 'moveit_servo' with the following arguments: {'ament_cmake_args': None, 'build_base': '/home/jone/ws_moveit/build/moveit_servo', 'catkin_cmake_args': None, 'catkin_skip_building_tests': False, 'cmake_args': None, 'cmake_clean_cache': False, 'cmake_clean_first': False, 'cmake_force_configure': False, 'cmake_target': None, 'cmake_target_skip_unavailable': False, 'install_base': '/home/jone/ws_moveit/install/moveit_servo', 'merge_install': False, 'path': '/home/jone/ws_moveit/src/moveit2/moveit_ros/moveit_servo', 'symlink_install': False, 'test_result_base': None}
[0.473s] Level 5:colcon.colcon_core.verb:set package 'moveit_ros' build argument 'cmake_args' from command line to 'None'
[0.473s] Level 5:colcon.colcon_core.verb:set package 'moveit_ros' build argument 'cmake_target' from command line to 'None'
[0.473s] Level 5:colcon.colcon_core.verb:set package 'moveit_ros' build argument 'cmake_target_skip_unavailable' from command line to 'False'
[0.473s] Level 5:colcon.colcon_core.verb:set package 'moveit_ros' build argument 'cmake_clean_cache' from command line to 'False'
[0.473s] Level 5:colcon.colcon_core.verb:set package 'moveit_ros' build argument 'cmake_clean_first' from command line to 'False'
[0.473s] Level 5:colcon.colcon_core.verb:set package 'moveit_ros' build argument 'cmake_force_configure' from command line to 'False'
[0.473s] Level 5:colcon.colcon_core.verb:set package 'moveit_ros' build argument 'ament_cmake_args' from command line to 'None'
[0.473s] Level 5:colcon.colcon_core.verb:set package 'moveit_ros' build argument 'catkin_cmake_args' from command line to 'None'
[0.473s] Level 5:colcon.colcon_core.verb:set package 'moveit_ros' build argument 'catkin_skip_building_tests' from command line to 'False'
[0.473s] DEBUG:colcon.colcon_core.verb:Building package 'moveit_ros' with the following arguments: {'ament_cmake_args': None, 'build_base': '/home/jone/ws_moveit/build/moveit_ros', 'catkin_cmake_args': None, 'catkin_skip_building_tests': False, 'cmake_args': None, 'cmake_clean_cache': False, 'cmake_clean_first': False, 'cmake_force_configure': False, 'cmake_target': None, 'cmake_target_skip_unavailable': False, 'install_base': '/home/jone/ws_moveit/install/moveit_ros', 'merge_install': False, 'path': '/home/jone/ws_moveit/src/moveit2/moveit_ros/moveit_ros', 'symlink_install': False, 'test_result_base': None}
[0.473s] Level 5:colcon.colcon_core.verb:set package 'moveit_setup_framework' build argument 'cmake_args' from command line to 'None'
[0.473s] Level 5:colcon.colcon_core.verb:set package 'moveit_setup_framework' build argument 'cmake_target' from command line to 'None'
[0.473s] Level 5:colcon.colcon_core.verb:set package 'moveit_setup_framework' build argument 'cmake_target_skip_unavailable' from command line to 'False'
[0.473s] Level 5:colcon.colcon_core.verb:set package 'moveit_setup_framework' build argument 'cmake_clean_cache' from command line to 'False'
[0.473s] Level 5:colcon.colcon_core.verb:set package 'moveit_setup_framework' build argument 'cmake_clean_first' from command line to 'False'
[0.473s] Level 5:colcon.colcon_core.verb:set package 'moveit_setup_framework' build argument 'cmake_force_configure' from command line to 'False'
[0.473s] Level 5:colcon.colcon_core.verb:set package 'moveit_setup_framework' build argument 'ament_cmake_args' from command line to 'None'
[0.473s] Level 5:colcon.colcon_core.verb:set package 'moveit_setup_framework' build argument 'catkin_cmake_args' from command line to 'None'
[0.473s] Level 5:colcon.colcon_core.verb:set package 'moveit_setup_framework' build argument 'catkin_skip_building_tests' from command line to 'False'
[0.473s] DEBUG:colcon.colcon_core.verb:Building package 'moveit_setup_framework' with the following arguments: {'ament_cmake_args': None, 'build_base': '/home/jone/ws_moveit/build/moveit_setup_framework', 'catkin_cmake_args': None, 'catkin_skip_building_tests': False, 'cmake_args': None, 'cmake_clean_cache': False, 'cmake_clean_first': False, 'cmake_force_configure': False, 'cmake_target': None, 'cmake_target_skip_unavailable': False, 'install_base': '/home/jone/ws_moveit/install/moveit_setup_framework', 'merge_install': False, 'path': '/home/jone/ws_moveit/src/moveit2/moveit_setup_assistant/moveit_setup_framework', 'symlink_install': False, 'test_result_base': None}
[0.473s] Level 5:colcon.colcon_core.verb:set package 'pilz_industrial_motion_planner' build argument 'cmake_args' from command line to 'None'
[0.474s] Level 5:colcon.colcon_core.verb:set package 'pilz_industrial_motion_planner' build argument 'cmake_target' from command line to 'None'
[0.474s] Level 5:colcon.colcon_core.verb:set package 'pilz_industrial_motion_planner' build argument 'cmake_target_skip_unavailable' from command line to 'False'
[0.474s] Level 5:colcon.colcon_core.verb:set package 'pilz_industrial_motion_planner' build argument 'cmake_clean_cache' from command line to 'False'
[0.474s] Level 5:colcon.colcon_core.verb:set package 'pilz_industrial_motion_planner' build argument 'cmake_clean_first' from command line to 'False'
[0.474s] Level 5:colcon.colcon_core.verb:set package 'pilz_industrial_motion_planner' build argument 'cmake_force_configure' from command line to 'False'
[0.474s] Level 5:colcon.colcon_core.verb:set package 'pilz_industrial_motion_planner' build argument 'ament_cmake_args' from command line to 'None'
[0.474s] Level 5:colcon.colcon_core.verb:set package 'pilz_industrial_motion_planner' build argument 'catkin_cmake_args' from command line to 'None'
[0.474s] Level 5:colcon.colcon_core.verb:set package 'pilz_industrial_motion_planner' build argument 'catkin_skip_building_tests' from command line to 'False'
[0.474s] DEBUG:colcon.colcon_core.verb:Building package 'pilz_industrial_motion_planner' with the following arguments: {'ament_cmake_args': None, 'build_base': '/home/jone/ws_moveit/build/pilz_industrial_motion_planner', 'catkin_cmake_args': None, 'catkin_skip_building_tests': False, 'cmake_args': None, 'cmake_clean_cache': False, 'cmake_clean_first': False, 'cmake_force_configure': False, 'cmake_target': None, 'cmake_target_skip_unavailable': False, 'install_base': '/home/jone/ws_moveit/install/pilz_industrial_motion_planner', 'merge_install': False, 'path': '/home/jone/ws_moveit/src/moveit2/moveit_planners/pilz_industrial_motion_planner', 'symlink_install': False, 'test_result_base': None}
[0.474s] Level 5:colcon.colcon_core.verb:set package 'moveit_planners' build argument 'cmake_args' from command line to 'None'
[0.474s] Level 5:colcon.colcon_core.verb:set package 'moveit_planners' build argument 'cmake_target' from command line to 'None'
[0.474s] Level 5:colcon.colcon_core.verb:set package 'moveit_planners' build argument 'cmake_target_skip_unavailable' from command line to 'False'
[0.474s] Level 5:colcon.colcon_core.verb:set package 'moveit_planners' build argument 'cmake_clean_cache' from command line to 'False'
[0.474s] Level 5:colcon.colcon_core.verb:set package 'moveit_planners' build argument 'cmake_clean_first' from command line to 'False'
[0.474s] Level 5:colcon.colcon_core.verb:set package 'moveit_planners' build argument 'cmake_force_configure' from command line to 'False'
[0.474s] Level 5:colcon.colcon_core.verb:set package 'moveit_planners' build argument 'ament_cmake_args' from command line to 'None'
[0.474s] Level 5:colcon.colcon_core.verb:set package 'moveit_planners' build argument 'catkin_cmake_args' from command line to 'None'
[0.474s] Level 5:colcon.colcon_core.verb:set package 'moveit_planners' build argument 'catkin_skip_building_tests' from command line to 'False'
[0.474s] DEBUG:colcon.colcon_core.verb:Building package 'moveit_planners' with the following arguments: {'ament_cmake_args': None, 'build_base': '/home/jone/ws_moveit/build/moveit_planners', 'catkin_cmake_args': None, 'catkin_skip_building_tests': False, 'cmake_args': None, 'cmake_clean_cache': False, 'cmake_clean_first': False, 'cmake_force_configure': False, 'cmake_target': None, 'cmake_target_skip_unavailable': False, 'install_base': '/home/jone/ws_moveit/install/moveit_planners', 'merge_install': False, 'path': '/home/jone/ws_moveit/src/moveit2/moveit_planners/moveit_planners', 'symlink_install': False, 'test_result_base': None}
[0.474s] Level 5:colcon.colcon_core.verb:set package 'moveit_setup_app_plugins' build argument 'cmake_args' from command line to 'None'
[0.474s] Level 5:colcon.colcon_core.verb:set package 'moveit_setup_app_plugins' build argument 'cmake_target' from command line to 'None'
[0.474s] Level 5:colcon.colcon_core.verb:set package 'moveit_setup_app_plugins' build argument 'cmake_target_skip_unavailable' from command line to 'False'
[0.474s] Level 5:colcon.colcon_core.verb:set package 'moveit_setup_app_plugins' build argument 'cmake_clean_cache' from command line to 'False'
[0.474s] Level 5:colcon.colcon_core.verb:set package 'moveit_setup_app_plugins' build argument 'cmake_clean_first' from command line to 'False'
[0.474s] Level 5:colcon.colcon_core.verb:set package 'moveit_setup_app_plugins' build argument 'cmake_force_configure' from command line to 'False'
[0.474s] Level 5:colcon.colcon_core.verb:set package 'moveit_setup_app_plugins' build argument 'ament_cmake_args' from command line to 'None'
[0.474s] Level 5:colcon.colcon_core.verb:set package 'moveit_setup_app_plugins' build argument 'catkin_cmake_args' from command line to 'None'
[0.474s] Level 5:colcon.colcon_core.verb:set package 'moveit_setup_app_plugins' build argument 'catkin_skip_building_tests' from command line to 'False'
[0.474s] DEBUG:colcon.colcon_core.verb:Building package 'moveit_setup_app_plugins' with the following arguments: {'ament_cmake_args': None, 'build_base': '/home/jone/ws_moveit/build/moveit_setup_app_plugins', 'catkin_cmake_args': None, 'catkin_skip_building_tests': False, 'cmake_args': None, 'cmake_clean_cache': False, 'cmake_clean_first': False, 'cmake_force_configure': False, 'cmake_target': None, 'cmake_target_skip_unavailable': False, 'install_base': '/home/jone/ws_moveit/install/moveit_setup_app_plugins', 'merge_install': False, 'path': '/home/jone/ws_moveit/src/moveit2/moveit_setup_assistant/moveit_setup_app_plugins', 'symlink_install': False, 'test_result_base': None}
[0.475s] Level 5:colcon.colcon_core.verb:set package 'moveit_setup_controllers' build argument 'cmake_args' from command line to 'None'
[0.475s] Level 5:colcon.colcon_core.verb:set package 'moveit_setup_controllers' build argument 'cmake_target' from command line to 'None'
[0.475s] Level 5:colcon.colcon_core.verb:set package 'moveit_setup_controllers' build argument 'cmake_target_skip_unavailable' from command line to 'False'
[0.475s] Level 5:colcon.colcon_core.verb:set package 'moveit_setup_controllers' build argument 'cmake_clean_cache' from command line to 'False'
[0.475s] Level 5:colcon.colcon_core.verb:set package 'moveit_setup_controllers' build argument 'cmake_clean_first' from command line to 'False'
[0.475s] Level 5:colcon.colcon_core.verb:set package 'moveit_setup_controllers' build argument 'cmake_force_configure' from command line to 'False'
[0.475s] Level 5:colcon.colcon_core.verb:set package 'moveit_setup_controllers' build argument 'ament_cmake_args' from command line to 'None'
[0.475s] Level 5:colcon.colcon_core.verb:set package 'moveit_setup_controllers' build argument 'catkin_cmake_args' from command line to 'None'
[0.475s] Level 5:colcon.colcon_core.verb:set package 'moveit_setup_controllers' build argument 'catkin_skip_building_tests' from command line to 'False'
[0.475s] DEBUG:colcon.colcon_core.verb:Building package 'moveit_setup_controllers' with the following arguments: {'ament_cmake_args': None, 'build_base': '/home/jone/ws_moveit/build/moveit_setup_controllers', 'catkin_cmake_args': None, 'catkin_skip_building_tests': False, 'cmake_args': None, 'cmake_clean_cache': False, 'cmake_clean_first': False, 'cmake_force_configure': False, 'cmake_target': None, 'cmake_target_skip_unavailable': False, 'install_base': '/home/jone/ws_moveit/install/moveit_setup_controllers', 'merge_install': False, 'path': '/home/jone/ws_moveit/src/moveit2/moveit_setup_assistant/moveit_setup_controllers', 'symlink_install': False, 'test_result_base': None}
[0.475s] Level 5:colcon.colcon_core.verb:set package 'moveit_setup_core_plugins' build argument 'cmake_args' from command line to 'None'
[0.475s] Level 5:colcon.colcon_core.verb:set package 'moveit_setup_core_plugins' build argument 'cmake_target' from command line to 'None'
[0.475s] Level 5:colcon.colcon_core.verb:set package 'moveit_setup_core_plugins' build argument 'cmake_target_skip_unavailable' from command line to 'False'
[0.475s] Level 5:colcon.colcon_core.verb:set package 'moveit_setup_core_plugins' build argument 'cmake_clean_cache' from command line to 'False'
[0.475s] Level 5:colcon.colcon_core.verb:set package 'moveit_setup_core_plugins' build argument 'cmake_clean_first' from command line to 'False'
[0.475s] Level 5:colcon.colcon_core.verb:set package 'moveit_setup_core_plugins' build argument 'cmake_force_configure' from command line to 'False'
[0.475s] Level 5:colcon.colcon_core.verb:set package 'moveit_setup_core_plugins' build argument 'ament_cmake_args' from command line to 'None'
[0.475s] Level 5:colcon.colcon_core.verb:set package 'moveit_setup_core_plugins' build argument 'catkin_cmake_args' from command line to 'None'
[0.475s] Level 5:colcon.colcon_core.verb:set package 'moveit_setup_core_plugins' build argument 'catkin_skip_building_tests' from command line to 'False'
[0.475s] DEBUG:colcon.colcon_core.verb:Building package 'moveit_setup_core_plugins' with the following arguments: {'ament_cmake_args': None, 'build_base': '/home/jone/ws_moveit/build/moveit_setup_core_plugins', 'catkin_cmake_args': None, 'catkin_skip_building_tests': False, 'cmake_args': None, 'cmake_clean_cache': False, 'cmake_clean_first': False, 'cmake_force_configure': False, 'cmake_target': None, 'cmake_target_skip_unavailable': False, 'install_base': '/home/jone/ws_moveit/install/moveit_setup_core_plugins', 'merge_install': False, 'path': '/home/jone/ws_moveit/src/moveit2/moveit_setup_assistant/moveit_setup_core_plugins', 'symlink_install': False, 'test_result_base': None}
[0.475s] Level 5:colcon.colcon_core.verb:set package 'moveit_setup_srdf_plugins' build argument 'cmake_args' from command line to 'None'
[0.475s] Level 5:colcon.colcon_core.verb:set package 'moveit_setup_srdf_plugins' build argument 'cmake_target' from command line to 'None'
[0.476s] Level 5:colcon.colcon_core.verb:set package 'moveit_setup_srdf_plugins' build argument 'cmake_target_skip_unavailable' from command line to 'False'
[0.476s] Level 5:colcon.colcon_core.verb:set package 'moveit_setup_srdf_plugins' build argument 'cmake_clean_cache' from command line to 'False'
[0.476s] Level 5:colcon.colcon_core.verb:set package 'moveit_setup_srdf_plugins' build argument 'cmake_clean_first' from command line to 'False'
[0.476s] Level 5:colcon.colcon_core.verb:set package 'moveit_setup_srdf_plugins' build argument 'cmake_force_configure' from command line to 'False'
[0.476s] Level 5:colcon.colcon_core.verb:set package 'moveit_setup_srdf_plugins' build argument 'ament_cmake_args' from command line to 'None'
[0.476s] Level 5:colcon.colcon_core.verb:set package 'moveit_setup_srdf_plugins' build argument 'catkin_cmake_args' from command line to 'None'
[0.476s] Level 5:colcon.colcon_core.verb:set package 'moveit_setup_srdf_plugins' build argument 'catkin_skip_building_tests' from command line to 'False'
[0.476s] DEBUG:colcon.colcon_core.verb:Building package 'moveit_setup_srdf_plugins' with the following arguments: {'ament_cmake_args': None, 'build_base': '/home/jone/ws_moveit/build/moveit_setup_srdf_plugins', 'catkin_cmake_args': None, 'catkin_skip_building_tests': False, 'cmake_args': None, 'cmake_clean_cache': False, 'cmake_clean_first': False, 'cmake_force_configure': False, 'cmake_target': None, 'cmake_target_skip_unavailable': False, 'install_base': '/home/jone/ws_moveit/install/moveit_setup_srdf_plugins', 'merge_install': False, 'path': '/home/jone/ws_moveit/src/moveit2/moveit_setup_assistant/moveit_setup_srdf_plugins', 'symlink_install': False, 'test_result_base': None}
[0.476s] Level 5:colcon.colcon_core.verb:set package 'moveit_runtime' build argument 'cmake_args' from command line to 'None'
[0.476s] Level 5:colcon.colcon_core.verb:set package 'moveit_runtime' build argument 'cmake_target' from command line to 'None'
[0.476s] Level 5:colcon.colcon_core.verb:set package 'moveit_runtime' build argument 'cmake_target_skip_unavailable' from command line to 'False'
[0.476s] Level 5:colcon.colcon_core.verb:set package 'moveit_runtime' build argument 'cmake_clean_cache' from command line to 'False'
[0.476s] Level 5:colcon.colcon_core.verb:set package 'moveit_runtime' build argument 'cmake_clean_first' from command line to 'False'
[0.476s] Level 5:colcon.colcon_core.verb:set package 'moveit_runtime' build argument 'cmake_force_configure' from command line to 'False'
[0.476s] Level 5:colcon.colcon_core.verb:set package 'moveit_runtime' build argument 'ament_cmake_args' from command line to 'None'
[0.476s] Level 5:colcon.colcon_core.verb:set package 'moveit_runtime' build argument 'catkin_cmake_args' from command line to 'None'
[0.476s] Level 5:colcon.colcon_core.verb:set package 'moveit_runtime' build argument 'catkin_skip_building_tests' from command line to 'False'
[0.476s] DEBUG:colcon.colcon_core.verb:Building package 'moveit_runtime' with the following arguments: {'ament_cmake_args': None, 'build_base': '/home/jone/ws_moveit/build/moveit_runtime', 'catkin_cmake_args': None, 'catkin_skip_building_tests': False, 'cmake_args': None, 'cmake_clean_cache': False, 'cmake_clean_first': False, 'cmake_force_configure': False, 'cmake_target': None, 'cmake_target_skip_unavailable': False, 'install_base': '/home/jone/ws_moveit/install/moveit_runtime', 'merge_install': False, 'path': '/home/jone/ws_moveit/src/moveit2/moveit_runtime', 'symlink_install': False, 'test_result_base': None}
[0.476s] Level 5:colcon.colcon_core.verb:set package 'moveit_setup_assistant' build argument 'cmake_args' from command line to 'None'
[0.476s] Level 5:colcon.colcon_core.verb:set package 'moveit_setup_assistant' build argument 'cmake_target' from command line to 'None'
[0.476s] Level 5:colcon.colcon_core.verb:set package 'moveit_setup_assistant' build argument 'cmake_target_skip_unavailable' from command line to 'False'
[0.476s] Level 5:colcon.colcon_core.verb:set package 'moveit_setup_assistant' build argument 'cmake_clean_cache' from command line to 'False'
[0.476s] Level 5:colcon.colcon_core.verb:set package 'moveit_setup_assistant' build argument 'cmake_clean_first' from command line to 'False'
[0.476s] Level 5:colcon.colcon_core.verb:set package 'moveit_setup_assistant' build argument 'cmake_force_configure' from command line to 'False'
[0.476s] Level 5:colcon.colcon_core.verb:set package 'moveit_setup_assistant' build argument 'ament_cmake_args' from command line to 'None'
[0.476s] Level 5:colcon.colcon_core.verb:set package 'moveit_setup_assistant' build argument 'catkin_cmake_args' from command line to 'None'
[0.476s] Level 5:colcon.colcon_core.verb:set package 'moveit_setup_assistant' build argument 'catkin_skip_building_tests' from command line to 'False'
[0.476s] DEBUG:colcon.colcon_core.verb:Building package 'moveit_setup_assistant' with the following arguments: {'ament_cmake_args': None, 'build_base': '/home/jone/ws_moveit/build/moveit_setup_assistant', 'catkin_cmake_args': None, 'catkin_skip_building_tests': False, 'cmake_args': None, 'cmake_clean_cache': False, 'cmake_clean_first': False, 'cmake_force_configure': False, 'cmake_target': None, 'cmake_target_skip_unavailable': False, 'install_base': '/home/jone/ws_moveit/install/moveit_setup_assistant', 'merge_install': False, 'path': '/home/jone/ws_moveit/src/moveit2/moveit_setup_assistant/moveit_setup_assistant', 'symlink_install': False, 'test_result_base': None}
[0.477s] Level 5:colcon.colcon_core.verb:set package 'moveit_task_constructor_core' build argument 'cmake_args' from command line to 'None'
[0.477s] Level 5:colcon.colcon_core.verb:set package 'moveit_task_constructor_core' build argument 'cmake_target' from command line to 'None'
[0.477s] Level 5:colcon.colcon_core.verb:set package 'moveit_task_constructor_core' build argument 'cmake_target_skip_unavailable' from command line to 'False'
[0.477s] Level 5:colcon.colcon_core.verb:set package 'moveit_task_constructor_core' build argument 'cmake_clean_cache' from command line to 'False'
[0.477s] Level 5:colcon.colcon_core.verb:set package 'moveit_task_constructor_core' build argument 'cmake_clean_first' from command line to 'False'
[0.477s] Level 5:colcon.colcon_core.verb:set package 'moveit_task_constructor_core' build argument 'cmake_force_configure' from command line to 'False'
[0.477s] Level 5:colcon.colcon_core.verb:set package 'moveit_task_constructor_core' build argument 'ament_cmake_args' from command line to 'None'
[0.477s] Level 5:colcon.colcon_core.verb:set package 'moveit_task_constructor_core' build argument 'catkin_cmake_args' from command line to 'None'
[0.477s] Level 5:colcon.colcon_core.verb:set package 'moveit_task_constructor_core' build argument 'catkin_skip_building_tests' from command line to 'False'
[0.477s] DEBUG:colcon.colcon_core.verb:Building package 'moveit_task_constructor_core' with the following arguments: {'ament_cmake_args': None, 'build_base': '/home/jone/ws_moveit/build/moveit_task_constructor_core', 'catkin_cmake_args': None, 'catkin_skip_building_tests': False, 'cmake_args': None, 'cmake_clean_cache': False, 'cmake_clean_first': False, 'cmake_force_configure': False, 'cmake_target': None, 'cmake_target_skip_unavailable': False, 'install_base': '/home/jone/ws_moveit/install/moveit_task_constructor_core', 'merge_install': False, 'path': '/home/jone/ws_moveit/src/moveit_task_constructor/core', 'symlink_install': False, 'test_result_base': None}
[0.477s] Level 5:colcon.colcon_core.verb:set package 'moveit' build argument 'cmake_args' from command line to 'None'
[0.477s] Level 5:colcon.colcon_core.verb:set package 'moveit' build argument 'cmake_target' from command line to 'None'
[0.477s] Level 5:colcon.colcon_core.verb:set package 'moveit' build argument 'cmake_target_skip_unavailable' from command line to 'False'
[0.477s] Level 5:colcon.colcon_core.verb:set package 'moveit' build argument 'cmake_clean_cache' from command line to 'False'
[0.477s] Level 5:colcon.colcon_core.verb:set package 'moveit' build argument 'cmake_clean_first' from command line to 'False'
[0.477s] Level 5:colcon.colcon_core.verb:set package 'moveit' build argument 'cmake_force_configure' from command line to 'False'
[0.477s] Level 5:colcon.colcon_core.verb:set package 'moveit' build argument 'ament_cmake_args' from command line to 'None'
[0.477s] Level 5:colcon.colcon_core.verb:set package 'moveit' build argument 'catkin_cmake_args' from command line to 'None'
[0.477s] Level 5:colcon.colcon_core.verb:set package 'moveit' build argument 'catkin_skip_building_tests' from command line to 'False'
[0.477s] DEBUG:colcon.colcon_core.verb:Building package 'moveit' with the following arguments: {'ament_cmake_args': None, 'build_base': '/home/jone/ws_moveit/build/moveit', 'catkin_cmake_args': None, 'catkin_skip_building_tests': False, 'cmake_args': None, 'cmake_clean_cache': False, 'cmake_clean_first': False, 'cmake_force_configure': False, 'cmake_target': None, 'cmake_target_skip_unavailable': False, 'install_base': '/home/jone/ws_moveit/install/moveit', 'merge_install': False, 'path': '/home/jone/ws_moveit/src/moveit2/moveit', 'symlink_install': False, 'test_result_base': None}
[0.477s] Level 5:colcon.colcon_core.verb:set package 'moveit_task_constructor_capabilities' build argument 'cmake_args' from command line to 'None'
[0.477s] Level 5:colcon.colcon_core.verb:set package 'moveit_task_constructor_capabilities' build argument 'cmake_target' from command line to 'None'
[0.478s] Level 5:colcon.colcon_core.verb:set package 'moveit_task_constructor_capabilities' build argument 'cmake_target_skip_unavailable' from command line to 'False'
[0.478s] Level 5:colcon.colcon_core.verb:set package 'moveit_task_constructor_capabilities' build argument 'cmake_clean_cache' from command line to 'False'
[0.478s] Level 5:colcon.colcon_core.verb:set package 'moveit_task_constructor_capabilities' build argument 'cmake_clean_first' from command line to 'False'
[0.478s] Level 5:colcon.colcon_core.verb:set package 'moveit_task_constructor_capabilities' build argument 'cmake_force_configure' from command line to 'False'
[0.478s] Level 5:colcon.colcon_core.verb:set package 'moveit_task_constructor_capabilities' build argument 'ament_cmake_args' from command line to 'None'
[0.478s] Level 5:colcon.colcon_core.verb:set package 'moveit_task_constructor_capabilities' build argument 'catkin_cmake_args' from command line to 'None'
[0.478s] Level 5:colcon.colcon_core.verb:set package 'moveit_task_constructor_capabilities' build argument 'catkin_skip_building_tests' from command line to 'False'
[0.478s] DEBUG:colcon.colcon_core.verb:Building package 'moveit_task_constructor_capabilities' with the following arguments: {'ament_cmake_args': None, 'build_base': '/home/jone/ws_moveit/build/moveit_task_constructor_capabilities', 'catkin_cmake_args': None, 'catkin_skip_building_tests': False, 'cmake_args': None, 'cmake_clean_cache': False, 'cmake_clean_first': False, 'cmake_force_configure': False, 'cmake_target': None, 'cmake_target_skip_unavailable': False, 'install_base': '/home/jone/ws_moveit/install/moveit_task_constructor_capabilities', 'merge_install': False, 'path': '/home/jone/ws_moveit/src/moveit_task_constructor/capabilities', 'symlink_install': False, 'test_result_base': None}
[0.478s] Level 5:colcon.colcon_core.verb:set package 'moveit_task_constructor_visualization' build argument 'cmake_args' from command line to 'None'
[0.478s] Level 5:colcon.colcon_core.verb:set package 'moveit_task_constructor_visualization' build argument 'cmake_target' from command line to 'None'
[0.478s] Level 5:colcon.colcon_core.verb:set package 'moveit_task_constructor_visualization' build argument 'cmake_target_skip_unavailable' from command line to 'False'
[0.478s] Level 5:colcon.colcon_core.verb:set package 'moveit_task_constructor_visualization' build argument 'cmake_clean_cache' from command line to 'False'
[0.478s] Level 5:colcon.colcon_core.verb:set package 'moveit_task_constructor_visualization' build argument 'cmake_clean_first' from command line to 'False'
[0.478s] Level 5:colcon.colcon_core.verb:set package 'moveit_task_constructor_visualization' build argument 'cmake_force_configure' from command line to 'False'
[0.478s] Level 5:colcon.colcon_core.verb:set package 'moveit_task_constructor_visualization' build argument 'ament_cmake_args' from command line to 'None'
[0.478s] Level 5:colcon.colcon_core.verb:set package 'moveit_task_constructor_visualization' build argument 'catkin_cmake_args' from command line to 'None'
[0.478s] Level 5:colcon.colcon_core.verb:set package 'moveit_task_constructor_visualization' build argument 'catkin_skip_building_tests' from command line to 'False'
[0.478s] DEBUG:colcon.colcon_core.verb:Building package 'moveit_task_constructor_visualization' with the following arguments: {'ament_cmake_args': None, 'build_base': '/home/jone/ws_moveit/build/moveit_task_constructor_visualization', 'catkin_cmake_args': None, 'catkin_skip_building_tests': False, 'cmake_args': None, 'cmake_clean_cache': False, 'cmake_clean_first': False, 'cmake_force_configure': False, 'cmake_target': None, 'cmake_target_skip_unavailable': False, 'install_base': '/home/jone/ws_moveit/install/moveit_task_constructor_visualization', 'merge_install': False, 'path': '/home/jone/ws_moveit/src/moveit_task_constructor/visualization', 'symlink_install': False, 'test_result_base': None}
[0.478s] Level 5:colcon.colcon_core.verb:set package 'moveit2_tutorials' build argument 'cmake_args' from command line to 'None'
[0.478s] Level 5:colcon.colcon_core.verb:set package 'moveit2_tutorials' build argument 'cmake_target' from command line to 'None'
[0.478s] Level 5:colcon.colcon_core.verb:set package 'moveit2_tutorials' build argument 'cmake_target_skip_unavailable' from command line to 'False'
[0.478s] Level 5:colcon.colcon_core.verb:set package 'moveit2_tutorials' build argument 'cmake_clean_cache' from command line to 'False'
[0.478s] Level 5:colcon.colcon_core.verb:set package 'moveit2_tutorials' build argument 'cmake_clean_first' from command line to 'False'
[0.478s] Level 5:colcon.colcon_core.verb:set package 'moveit2_tutorials' build argument 'cmake_force_configure' from command line to 'False'
[0.478s] Level 5:colcon.colcon_core.verb:set package 'moveit2_tutorials' build argument 'ament_cmake_args' from command line to 'None'
[0.478s] Level 5:colcon.colcon_core.verb:set package 'moveit2_tutorials' build argument 'catkin_cmake_args' from command line to 'None'
[0.478s] Level 5:colcon.colcon_core.verb:set package 'moveit2_tutorials' build argument 'catkin_skip_building_tests' from command line to 'False'
[0.478s] DEBUG:colcon.colcon_core.verb:Building package 'moveit2_tutorials' with the following arguments: {'ament_cmake_args': None, 'build_base': '/home/jone/ws_moveit/build/moveit2_tutorials', 'catkin_cmake_args': None, 'catkin_skip_building_tests': False, 'cmake_args': None, 'cmake_clean_cache': False, 'cmake_clean_first': False, 'cmake_force_configure': False, 'cmake_target': None, 'cmake_target_skip_unavailable': False, 'install_base': '/home/jone/ws_moveit/install/moveit2_tutorials', 'merge_install': False, 'path': '/home/jone/ws_moveit/src/moveit2_tutorials', 'symlink_install': False, 'test_result_base': None}
[0.479s] Level 5:colcon.colcon_core.verb:set package 'moveit_task_constructor_demo' build argument 'cmake_args' from command line to 'None'
[0.479s] Level 5:colcon.colcon_core.verb:set package 'moveit_task_constructor_demo' build argument 'cmake_target' from command line to 'None'
[0.479s] Level 5:colcon.colcon_core.verb:set package 'moveit_task_constructor_demo' build argument 'cmake_target_skip_unavailable' from command line to 'False'
[0.479s] Level 5:colcon.colcon_core.verb:set package 'moveit_task_constructor_demo' build argument 'cmake_clean_cache' from command line to 'False'
[0.479s] Level 5:colcon.colcon_core.verb:set package 'moveit_task_constructor_demo' build argument 'cmake_clean_first' from command line to 'False'
[0.479s] Level 5:colcon.colcon_core.verb:set package 'moveit_task_constructor_demo' build argument 'cmake_force_configure' from command line to 'False'
[0.479s] Level 5:colcon.colcon_core.verb:set package 'moveit_task_constructor_demo' build argument 'ament_cmake_args' from command line to 'None'
[0.479s] Level 5:colcon.colcon_core.verb:set package 'moveit_task_constructor_demo' build argument 'catkin_cmake_args' from command line to 'None'
[0.479s] Level 5:colcon.colcon_core.verb:set package 'moveit_task_constructor_demo' build argument 'catkin_skip_building_tests' from command line to 'False'
[0.479s] DEBUG:colcon.colcon_core.verb:Building package 'moveit_task_constructor_demo' with the following arguments: {'ament_cmake_args': None, 'build_base': '/home/jone/ws_moveit/build/moveit_task_constructor_demo', 'catkin_cmake_args': None, 'catkin_skip_building_tests': False, 'cmake_args': None, 'cmake_clean_cache': False, 'cmake_clean_first': False, 'cmake_force_configure': False, 'cmake_target': None, 'cmake_target_skip_unavailable': False, 'install_base': '/home/jone/ws_moveit/install/moveit_task_constructor_demo', 'merge_install': False, 'path': '/home/jone/ws_moveit/src/moveit_task_constructor/demo', 'symlink_install': False, 'test_result_base': None}
[0.479s] INFO:colcon.colcon_core.executor:Executing jobs using 'sequential' executor
[0.480s] DEBUG:colcon.colcon_core.executor.sequential:run_until_complete 'launch_param_builder'
[0.480s] INFO:colcon.colcon_ros.task.ament_python.build:Building ROS package in '/home/jone/ws_moveit/src/launch_param_builder' with build type 'ament_python'
[0.480s] Level 1:colcon.colcon_core.shell:create_environment_hook('launch_param_builder', 'ament_prefix_path')
[0.483s] INFO:colcon.colcon_core.plugin_system:Skipping extension 'colcon_core.shell.bat': Not used on non-Windows systems
[0.483s] INFO:colcon.colcon_core.shell:Creating environment hook '/home/jone/ws_moveit/install/launch_param_builder/share/launch_param_builder/hook/ament_prefix_path.ps1'
[0.484s] INFO:colcon.colcon_core.shell:Creating environment descriptor '/home/jone/ws_moveit/install/launch_param_builder/share/launch_param_builder/hook/ament_prefix_path.dsv'
[0.484s] INFO:colcon.colcon_core.shell:Creating environment hook '/home/jone/ws_moveit/install/launch_param_builder/share/launch_param_builder/hook/ament_prefix_path.sh'
[0.485s] INFO:colcon.colcon_core.shell:Skip shell extension 'powershell' for command environment: Not usable outside of PowerShell
[0.485s] DEBUG:colcon.colcon_core.shell:Skip shell extension 'dsv' for command environment
[0.669s] INFO:colcon.colcon_core.task.python.build:Building Python package in '/home/jone/ws_moveit/src/launch_param_builder'
[0.669s] INFO:colcon.colcon_core.shell:Skip shell extension 'powershell' for command environment: Not usable outside of PowerShell
[0.669s] DEBUG:colcon.colcon_core.shell:Skip shell extension 'dsv' for command environment
[0.926s] DEBUG:colcon.colcon_core.event_handler.log_command:Invoking command in '/home/jone/ws_moveit/src/launch_param_builder': PYTHONPATH=/home/jone/ws_moveit/build/launch_param_builder/prefix_override:/usr/lib/python3/dist-packages/colcon_core/task/python/colcon_distutils_commands:/home/jone/ws_moveit/install/launch_param_builder/lib/python3.10/site-packages:${PYTHONPATH} /usr/bin/python3 -W ignore:setup.py install is deprecated -W ignore:easy_install command is deprecated setup.py egg_info --egg-base ../../build/launch_param_builder build --build-base /home/jone/ws_moveit/build/launch_param_builder/build install --record /home/jone/ws_moveit/build/launch_param_builder/install.log --single-version-externally-managed install_data
[1.134s] DEBUG:colcon.colcon_core.event_handler.log_command:Invoked command in '/home/jone/ws_moveit/src/launch_param_builder' returned '0': PYTHONPATH=/home/jone/ws_moveit/build/launch_param_builder/prefix_override:/usr/lib/python3/dist-packages/colcon_core/task/python/colcon_distutils_commands:/home/jone/ws_moveit/install/launch_param_builder/lib/python3.10/site-packages:${PYTHONPATH} /usr/bin/python3 -W ignore:setup.py install is deprecated -W ignore:easy_install command is deprecated setup.py egg_info --egg-base ../../build/launch_param_builder build --build-base /home/jone/ws_moveit/build/launch_param_builder/build install --record /home/jone/ws_moveit/build/launch_param_builder/install.log --single-version-externally-managed install_data
[1.136s] Level 1:colcon.colcon_core.environment:checking '/home/jone/ws_moveit/install/launch_param_builder' for CMake module files
[1.136s] Level 1:colcon.colcon_core.environment:checking '/home/jone/ws_moveit/install/launch_param_builder' for CMake config files
[1.136s] Level 1:colcon.colcon_core.environment:checking '/home/jone/ws_moveit/install/launch_param_builder/lib'
[1.137s] Level 1:colcon.colcon_core.environment:checking '/home/jone/ws_moveit/install/launch_param_builder/bin'
[1.137s] Level 1:colcon.colcon_core.environment:checking '/home/jone/ws_moveit/install/launch_param_builder/lib/pkgconfig/launch_param_builder.pc'
[1.137s] Level 1:colcon.colcon_core.environment:checking '/home/jone/ws_moveit/install/launch_param_builder/lib/python3.10/site-packages'
[1.137s] Level 1:colcon.colcon_core.shell:create_environment_hook('launch_param_builder', 'pythonpath')
[1.137s] INFO:colcon.colcon_core.shell:Creating environment hook '/home/jone/ws_moveit/install/launch_param_builder/share/launch_param_builder/hook/pythonpath.ps1'
[1.137s] INFO:colcon.colcon_core.shell:Creating environment descriptor '/home/jone/ws_moveit/install/launch_param_builder/share/launch_param_builder/hook/pythonpath.dsv'
[1.138s] INFO:colcon.colcon_core.shell:Creating environment hook '/home/jone/ws_moveit/install/launch_param_builder/share/launch_param_builder/hook/pythonpath.sh'
[1.138s] Level 1:colcon.colcon_core.environment:checking '/home/jone/ws_moveit/install/launch_param_builder/bin'
[1.138s] Level 1:colcon.colcon_core.environment:create_environment_scripts_only(launch_param_builder)
[1.138s] INFO:colcon.colcon_core.shell:Creating package script '/home/jone/ws_moveit/install/launch_param_builder/share/launch_param_builder/package.ps1'
[1.139s] INFO:colcon.colcon_core.shell:Creating package descriptor '/home/jone/ws_moveit/install/launch_param_builder/share/launch_param_builder/package.dsv'
[1.139s] INFO:colcon.colcon_core.shell:Creating package script '/home/jone/ws_moveit/install/launch_param_builder/share/launch_param_builder/package.sh'
[1.140s] INFO:colcon.colcon_core.shell:Creating package script '/home/jone/ws_moveit/install/launch_param_builder/share/launch_param_builder/package.bash'
[1.141s] INFO:colcon.colcon_core.shell:Creating package script '/home/jone/ws_moveit/install/launch_param_builder/share/launch_param_builder/package.zsh'
[1.141s] Level 1:colcon.colcon_core.environment:create_file_with_runtime_dependencies(/home/jone/ws_moveit/install/launch_param_builder/share/colcon-core/packages/launch_param_builder)
[1.141s] DEBUG:colcon.colcon_core.executor.sequential:run_until_complete 'launch_param_builder' finished with '0'
[1.141s] DEBUG:colcon.colcon_core.executor.sequential:run_until_complete 'moveit_common'
[1.141s] INFO:colcon.colcon_ros.task.ament_cmake.build:Building ROS package in '/home/jone/ws_moveit/src/moveit2/moveit_common' with build type 'ament_cmake'
[1.142s] INFO:colcon.colcon_cmake.task.cmake.build:Building CMake package in '/home/jone/ws_moveit/src/moveit2/moveit_common'
[1.142s] INFO:colcon.colcon_core.shell:Skip shell extension 'powershell' for command environment: Not usable outside of PowerShell
[1.142s] DEBUG:colcon.colcon_core.shell:Skip shell extension 'dsv' for command environment
[1.148s] DEBUG:colcon.colcon_core.event_handler.log_command:Invoking command in '/home/jone/ws_moveit/build/moveit_common': CMAKE_PREFIX_PATH=/opt/ros/humble /usr/bin/cmake /home/jone/ws_moveit/src/moveit2/moveit_common -DCMAKE_INSTALL_PREFIX=/home/jone/ws_moveit/install/moveit_common
[1.333s] DEBUG:colcon.colcon_core.event_handler.log_command:Invoked command in '/home/jone/ws_moveit/build/moveit_common' returned '0': CMAKE_PREFIX_PATH=/opt/ros/humble /usr/bin/cmake /home/jone/ws_moveit/src/moveit2/moveit_common -DCMAKE_INSTALL_PREFIX=/home/jone/ws_moveit/install/moveit_common
[1.334s] DEBUG:colcon.colcon_core.event_handler.log_command:Invoking command in '/home/jone/ws_moveit/build/moveit_common': CMAKE_PREFIX_PATH=/opt/ros/humble /usr/bin/cmake --build /home/jone/ws_moveit/build/moveit_common -- -j16 -l16
[1.368s] DEBUG:colcon.colcon_core.event_handler.log_command:Invoked command in '/home/jone/ws_moveit/build/moveit_common' returned '0': CMAKE_PREFIX_PATH=/opt/ros/humble /usr/bin/cmake --build /home/jone/ws_moveit/build/moveit_common -- -j16 -l16
[1.376s] DEBUG:colcon.colcon_core.event_handler.log_command:Invoking command in '/home/jone/ws_moveit/build/moveit_common': CMAKE_PREFIX_PATH=/opt/ros/humble /usr/bin/cmake --install /home/jone/ws_moveit/build/moveit_common
[1.385s] Level 1:colcon.colcon_core.environment:create_environment_scripts_only(moveit_common)
[1.385s] Level 1:colcon.colcon_core.environment:checking '/home/jone/ws_moveit/install/moveit_common' for CMake module files
[1.385s] DEBUG:colcon.colcon_core.event_handler.log_command:Invoked command in '/home/jone/ws_moveit/build/moveit_common' returned '0': CMAKE_PREFIX_PATH=/opt/ros/humble /usr/bin/cmake --install /home/jone/ws_moveit/build/moveit_common
[1.385s] Level 1:colcon.colcon_core.environment:checking '/home/jone/ws_moveit/install/moveit_common' for CMake config files
[1.386s] Level 1:colcon.colcon_core.shell:create_environment_hook('moveit_common', 'cmake_prefix_path')
[1.386s] INFO:colcon.colcon_core.shell:Creating environment hook '/home/jone/ws_moveit/install/moveit_common/share/moveit_common/hook/cmake_prefix_path.ps1'
[1.386s] INFO:colcon.colcon_core.shell:Creating environment descriptor '/home/jone/ws_moveit/install/moveit_common/share/moveit_common/hook/cmake_prefix_path.dsv'
[1.386s] INFO:colcon.colcon_core.shell:Creating environment hook '/home/jone/ws_moveit/install/moveit_common/share/moveit_common/hook/cmake_prefix_path.sh'
[1.387s] Level 1:colcon.colcon_core.environment:checking '/home/jone/ws_moveit/install/moveit_common/bin'
[1.387s] Level 1:colcon.colcon_core.environment:checking '/home/jone/ws_moveit/install/moveit_common/lib/pkgconfig/moveit_common.pc'
[1.387s] Level 1:colcon.colcon_core.environment:checking '/home/jone/ws_moveit/install/moveit_common/lib/python3.10/site-packages'
[1.387s] Level 1:colcon.colcon_core.environment:checking '/home/jone/ws_moveit/install/moveit_common/bin'
[1.387s] INFO:colcon.colcon_core.shell:Creating package script '/home/jone/ws_moveit/install/moveit_common/share/moveit_common/package.ps1'
[1.388s] INFO:colcon.colcon_core.shell:Creating package descriptor '/home/jone/ws_moveit/install/moveit_common/share/moveit_common/package.dsv'
[1.388s] INFO:colcon.colcon_core.shell:Creating package script '/home/jone/ws_moveit/install/moveit_common/share/moveit_common/package.sh'
[1.388s] INFO:colcon.colcon_core.shell:Creating package script '/home/jone/ws_moveit/install/moveit_common/share/moveit_common/package.bash'
[1.388s] INFO:colcon.colcon_core.shell:Creating package script '/home/jone/ws_moveit/install/moveit_common/share/moveit_common/package.zsh'
[1.389s] Level 1:colcon.colcon_core.environment:create_file_with_runtime_dependencies(/home/jone/ws_moveit/install/moveit_common/share/colcon-core/packages/moveit_common)
[1.389s] Level 1:colcon.colcon_core.environment:create_environment_scripts_only(moveit_common)
[1.389s] Level 1:colcon.colcon_core.environment:checking '/home/jone/ws_moveit/install/moveit_common' for CMake module files
[1.390s] Level 1:colcon.colcon_core.environment:checking '/home/jone/ws_moveit/install/moveit_common' for CMake config files
[1.390s] Level 1:colcon.colcon_core.shell:create_environment_hook('moveit_common', 'cmake_prefix_path')
[1.390s] INFO:colcon.colcon_core.shell:Creating environment hook '/home/jone/ws_moveit/install/moveit_common/share/moveit_common/hook/cmake_prefix_path.ps1'
[1.390s] INFO:colcon.colcon_core.shell:Creating environment descriptor '/home/jone/ws_moveit/install/moveit_common/share/moveit_common/hook/cmake_prefix_path.dsv'
[1.390s] INFO:colcon.colcon_core.shell:Creating environment hook '/home/jone/ws_moveit/install/moveit_common/share/moveit_common/hook/cmake_prefix_path.sh'
[1.391s] Level 1:colcon.colcon_core.environment:checking '/home/jone/ws_moveit/install/moveit_common/bin'
[1.391s] Level 1:colcon.colcon_core.environment:checking '/home/jone/ws_moveit/install/moveit_common/lib/pkgconfig/moveit_common.pc'
[1.391s] Level 1:colcon.colcon_core.environment:checking '/home/jone/ws_moveit/install/moveit_common/lib/python3.10/site-packages'
[1.391s] Level 1:colcon.colcon_core.environment:checking '/home/jone/ws_moveit/install/moveit_common/bin'
[1.391s] INFO:colcon.colcon_core.shell:Creating package script '/home/jone/ws_moveit/install/moveit_common/share/moveit_common/package.ps1'
[1.392s] INFO:colcon.colcon_core.shell:Creating package descriptor '/home/jone/ws_moveit/install/moveit_common/share/moveit_common/package.dsv'
[1.392s] INFO:colcon.colcon_core.shell:Creating package script '/home/jone/ws_moveit/install/moveit_common/share/moveit_common/package.sh'
[1.392s] INFO:colcon.colcon_core.shell:Creating package script '/home/jone/ws_moveit/install/moveit_common/share/moveit_common/package.bash'
[1.392s] INFO:colcon.colcon_core.shell:Creating package script '/home/jone/ws_moveit/install/moveit_common/share/moveit_common/package.zsh'
[1.393s] Level 1:colcon.colcon_core.environment:create_file_with_runtime_dependencies(/home/jone/ws_moveit/install/moveit_common/share/colcon-core/packages/moveit_common)
[1.393s] DEBUG:colcon.colcon_core.executor.sequential:run_until_complete 'moveit_common' finished with '0'
[1.393s] DEBUG:colcon.colcon_core.executor.sequential:run_until_complete 'moveit_resources_fanuc_description'
[1.393s] INFO:colcon.colcon_ros.task.ament_cmake.build:Building ROS package in '/home/jone/ws_moveit/src/moveit_resources/fanuc_description' with build type 'ament_cmake'
[1.393s] INFO:colcon.colcon_cmake.task.cmake.build:Building CMake package in '/home/jone/ws_moveit/src/moveit_resources/fanuc_description'
[1.393s] INFO:colcon.colcon_core.shell:Skip shell extension 'powershell' for command environment: Not usable outside of PowerShell
[1.393s] DEBUG:colcon.colcon_core.shell:Skip shell extension 'dsv' for command environment
[1.400s] DEBUG:colcon.colcon_core.event_handler.log_command:Invoking command in '/home/jone/ws_moveit/build/moveit_resources_fanuc_description': CMAKE_PREFIX_PATH=/opt/ros/humble /usr/bin/cmake /home/jone/ws_moveit/src/moveit_resources/fanuc_description -DCMAKE_INSTALL_PREFIX=/home/jone/ws_moveit/install/moveit_resources_fanuc_description
[1.560s] DEBUG:colcon.colcon_core.event_handler.log_command:Invoked command in '/home/jone/ws_moveit/build/moveit_resources_fanuc_description' returned '0': CMAKE_PREFIX_PATH=/opt/ros/humble /usr/bin/cmake /home/jone/ws_moveit/src/moveit_resources/fanuc_description -DCMAKE_INSTALL_PREFIX=/home/jone/ws_moveit/install/moveit_resources_fanuc_description
[1.562s] DEBUG:colcon.colcon_core.event_handler.log_command:Invoking command in '/home/jone/ws_moveit/build/moveit_resources_fanuc_description': CMAKE_PREFIX_PATH=/opt/ros/humble /usr/bin/cmake --build /home/jone/ws_moveit/build/moveit_resources_fanuc_description -- -j16 -l16
[1.595s] DEBUG:colcon.colcon_core.event_handler.log_command:Invoked command in '/home/jone/ws_moveit/build/moveit_resources_fanuc_description' returned '0': CMAKE_PREFIX_PATH=/opt/ros/humble /usr/bin/cmake --build /home/jone/ws_moveit/build/moveit_resources_fanuc_description -- -j16 -l16
[1.597s] DEBUG:colcon.colcon_core.event_handler.log_command:Invoking command in '/home/jone/ws_moveit/build/moveit_resources_fanuc_description': CMAKE_PREFIX_PATH=/opt/ros/humble /usr/bin/cmake --install /home/jone/ws_moveit/build/moveit_resources_fanuc_description
[1.607s] Level 1:colcon.colcon_core.environment:create_environment_scripts_only(moveit_resources_fanuc_description)
[1.608s] Level 1:colcon.colcon_core.environment:checking '/home/jone/ws_moveit/install/moveit_resources_fanuc_description' for CMake module files
[1.608s] DEBUG:colcon.colcon_core.event_handler.log_command:Invoked command in '/home/jone/ws_moveit/build/moveit_resources_fanuc_description' returned '0': CMAKE_PREFIX_PATH=/opt/ros/humble /usr/bin/cmake --install /home/jone/ws_moveit/build/moveit_resources_fanuc_description
[1.608s] Level 1:colcon.colcon_core.environment:checking '/home/jone/ws_moveit/install/moveit_resources_fanuc_description' for CMake config files
[1.609s] Level 1:colcon.colcon_core.shell:create_environment_hook('moveit_resources_fanuc_description', 'cmake_prefix_path')
[1.609s] INFO:colcon.colcon_core.shell:Creating environment hook '/home/jone/ws_moveit/install/moveit_resources_fanuc_description/share/moveit_resources_fanuc_description/hook/cmake_prefix_path.ps1'
[1.609s] INFO:colcon.colcon_core.shell:Creating environment descriptor '/home/jone/ws_moveit/install/moveit_resources_fanuc_description/share/moveit_resources_fanuc_description/hook/cmake_prefix_path.dsv'
[1.610s] INFO:colcon.colcon_core.shell:Creating environment hook '/home/jone/ws_moveit/install/moveit_resources_fanuc_description/share/moveit_resources_fanuc_description/hook/cmake_prefix_path.sh'
[1.610s] Level 1:colcon.colcon_core.environment:checking '/home/jone/ws_moveit/install/moveit_resources_fanuc_description/bin'
[1.610s] Level 1:colcon.colcon_core.environment:checking '/home/jone/ws_moveit/install/moveit_resources_fanuc_description/lib/pkgconfig/moveit_resources_fanuc_description.pc'
[1.610s] Level 1:colcon.colcon_core.environment:checking '/home/jone/ws_moveit/install/moveit_resources_fanuc_description/lib/python3.10/site-packages'
[1.611s] Level 1:colcon.colcon_core.environment:checking '/home/jone/ws_moveit/install/moveit_resources_fanuc_description/bin'
[1.611s] INFO:colcon.colcon_core.shell:Creating package script '/home/jone/ws_moveit/install/moveit_resources_fanuc_description/share/moveit_resources_fanuc_description/package.ps1'
[1.611s] INFO:colcon.colcon_core.shell:Creating package descriptor '/home/jone/ws_moveit/install/moveit_resources_fanuc_description/share/moveit_resources_fanuc_description/package.dsv'
[1.611s] INFO:colcon.colcon_core.shell:Creating package script '/home/jone/ws_moveit/install/moveit_resources_fanuc_description/share/moveit_resources_fanuc_description/package.sh'
[1.612s] INFO:colcon.colcon_core.shell:Creating package script '/home/jone/ws_moveit/install/moveit_resources_fanuc_description/share/moveit_resources_fanuc_description/package.bash'
[1.612s] INFO:colcon.colcon_core.shell:Creating package script '/home/jone/ws_moveit/install/moveit_resources_fanuc_description/share/moveit_resources_fanuc_description/package.zsh'
[1.612s] Level 1:colcon.colcon_core.environment:create_file_with_runtime_dependencies(/home/jone/ws_moveit/install/moveit_resources_fanuc_description/share/colcon-core/packages/moveit_resources_fanuc_description)
[1.613s] Level 1:colcon.colcon_core.environment:create_environment_scripts_only(moveit_resources_fanuc_description)
[1.613s] Level 1:colcon.colcon_core.environment:checking '/home/jone/ws_moveit/install/moveit_resources_fanuc_description' for CMake module files
[1.613s] Level 1:colcon.colcon_core.environment:checking '/home/jone/ws_moveit/install/moveit_resources_fanuc_description' for CMake config files
[1.613s] Level 1:colcon.colcon_core.shell:create_environment_hook('moveit_resources_fanuc_description', 'cmake_prefix_path')
[1.614s] INFO:colcon.colcon_core.shell:Creating environment hook '/home/jone/ws_moveit/install/moveit_resources_fanuc_description/share/moveit_resources_fanuc_description/hook/cmake_prefix_path.ps1'
[1.614s] INFO:colcon.colcon_core.shell:Creating environment descriptor '/home/jone/ws_moveit/install/moveit_resources_fanuc_description/share/moveit_resources_fanuc_description/hook/cmake_prefix_path.dsv'
[1.614s] INFO:colcon.colcon_core.shell:Creating environment hook '/home/jone/ws_moveit/install/moveit_resources_fanuc_description/share/moveit_resources_fanuc_description/hook/cmake_prefix_path.sh'
[1.615s] Level 1:colcon.colcon_core.environment:checking '/home/jone/ws_moveit/install/moveit_resources_fanuc_description/bin'
[1.615s] Level 1:colcon.colcon_core.environment:checking '/home/jone/ws_moveit/install/moveit_resources_fanuc_description/lib/pkgconfig/moveit_resources_fanuc_description.pc'
[1.615s] Level 1:colcon.colcon_core.environment:checking '/home/jone/ws_moveit/install/moveit_resources_fanuc_description/lib/python3.10/site-packages'
[1.615s] Level 1:colcon.colcon_core.environment:checking '/home/jone/ws_moveit/install/moveit_resources_fanuc_description/bin'
[1.615s] INFO:colcon.colcon_core.shell:Creating package script '/home/jone/ws_moveit/install/moveit_resources_fanuc_description/share/moveit_resources_fanuc_description/package.ps1'
[1.616s] INFO:colcon.colcon_core.shell:Creating package descriptor '/home/jone/ws_moveit/install/moveit_resources_fanuc_description/share/moveit_resources_fanuc_description/package.dsv'
[1.616s] INFO:colcon.colcon_core.shell:Creating package script '/home/jone/ws_moveit/install/moveit_resources_fanuc_description/share/moveit_resources_fanuc_description/package.sh'
[1.616s] INFO:colcon.colcon_core.shell:Creating package script '/home/jone/ws_moveit/install/moveit_resources_fanuc_description/share/moveit_resources_fanuc_description/package.bash'
[1.617s] INFO:colcon.colcon_core.shell:Creating package script '/home/jone/ws_moveit/install/moveit_resources_fanuc_description/share/moveit_resources_fanuc_description/package.zsh'
[1.617s] Level 1:colcon.colcon_core.environment:create_file_with_runtime_dependencies(/home/jone/ws_moveit/install/moveit_resources_fanuc_description/share/colcon-core/packages/moveit_resources_fanuc_description)
[1.617s] DEBUG:colcon.colcon_core.executor.sequential:run_until_complete 'moveit_resources_fanuc_description' finished with '0'
[1.617s] DEBUG:colcon.colcon_core.executor.sequential:run_until_complete 'moveit_resources_panda_description'
[1.617s] INFO:colcon.colcon_ros.task.ament_cmake.build:Building ROS package in '/home/jone/ws_moveit/src/moveit_resources/panda_description' with build type 'ament_cmake'
[1.617s] INFO:colcon.colcon_cmake.task.cmake.build:Building CMake package in '/home/jone/ws_moveit/src/moveit_resources/panda_description'
[1.617s] INFO:colcon.colcon_core.shell:Skip shell extension 'powershell' for command environment: Not usable outside of PowerShell
[1.617s] DEBUG:colcon.colcon_core.shell:Skip shell extension 'dsv' for command environment
[1.625s] DEBUG:colcon.colcon_core.event_handler.log_command:Invoking command in '/home/jone/ws_moveit/build/moveit_resources_panda_description': CMAKE_PREFIX_PATH=/opt/ros/humble /usr/bin/cmake /home/jone/ws_moveit/src/moveit_resources/panda_description -DCMAKE_INSTALL_PREFIX=/home/jone/ws_moveit/install/moveit_resources_panda_description
[1.787s] DEBUG:colcon.colcon_core.event_handler.log_command:Invoked command in '/home/jone/ws_moveit/build/moveit_resources_panda_description' returned '0': CMAKE_PREFIX_PATH=/opt/ros/humble /usr/bin/cmake /home/jone/ws_moveit/src/moveit_resources/panda_description -DCMAKE_INSTALL_PREFIX=/home/jone/ws_moveit/install/moveit_resources_panda_description
[1.788s] DEBUG:colcon.colcon_core.event_handler.log_command:Invoking command in '/home/jone/ws_moveit/build/moveit_resources_panda_description': CMAKE_PREFIX_PATH=/opt/ros/humble /usr/bin/cmake --build /home/jone/ws_moveit/build/moveit_resources_panda_description -- -j16 -l16
[1.821s] DEBUG:colcon.colcon_core.event_handler.log_command:Invoked command in '/home/jone/ws_moveit/build/moveit_resources_panda_description' returned '0': CMAKE_PREFIX_PATH=/opt/ros/humble /usr/bin/cmake --build /home/jone/ws_moveit/build/moveit_resources_panda_description -- -j16 -l16
[1.823s] DEBUG:colcon.colcon_core.event_handler.log_command:Invoking command in '/home/jone/ws_moveit/build/moveit_resources_panda_description': CMAKE_PREFIX_PATH=/opt/ros/humble /usr/bin/cmake --install /home/jone/ws_moveit/build/moveit_resources_panda_description
[1.834s] Level 1:colcon.colcon_core.environment:create_environment_scripts_only(moveit_resources_panda_description)
[1.834s] Level 1:colcon.colcon_core.environment:checking '/home/jone/ws_moveit/install/moveit_resources_panda_description' for CMake module files
[1.835s] DEBUG:colcon.colcon_core.event_handler.log_command:Invoked command in '/home/jone/ws_moveit/build/moveit_resources_panda_description' returned '0': CMAKE_PREFIX_PATH=/opt/ros/humble /usr/bin/cmake --install /home/jone/ws_moveit/build/moveit_resources_panda_description
[1.835s] Level 1:colcon.colcon_core.environment:checking '/home/jone/ws_moveit/install/moveit_resources_panda_description' for CMake config files
[1.835s] Level 1:colcon.colcon_core.shell:create_environment_hook('moveit_resources_panda_description', 'cmake_prefix_path')
[1.836s] INFO:colcon.colcon_core.shell:Creating environment hook '/home/jone/ws_moveit/install/moveit_resources_panda_description/share/moveit_resources_panda_description/hook/cmake_prefix_path.ps1'
[1.836s] INFO:colcon.colcon_core.shell:Creating environment descriptor '/home/jone/ws_moveit/install/moveit_resources_panda_description/share/moveit_resources_panda_description/hook/cmake_prefix_path.dsv'
[1.836s] INFO:colcon.colcon_core.shell:Creating environment hook '/home/jone/ws_moveit/install/moveit_resources_panda_description/share/moveit_resources_panda_description/hook/cmake_prefix_path.sh'
[1.837s] Level 1:colcon.colcon_core.environment:checking '/home/jone/ws_moveit/install/moveit_resources_panda_description/bin'
[1.837s] Level 1:colcon.colcon_core.environment:checking '/home/jone/ws_moveit/install/moveit_resources_panda_description/lib/pkgconfig/moveit_resources_panda_description.pc'
[1.837s] Level 1:colcon.colcon_core.environment:checking '/home/jone/ws_moveit/install/moveit_resources_panda_description/lib/python3.10/site-packages'
[1.837s] Level 1:colcon.colcon_core.environment:checking '/home/jone/ws_moveit/install/moveit_resources_panda_description/bin'
[1.837s] INFO:colcon.colcon_core.shell:Creating package script '/home/jone/ws_moveit/install/moveit_resources_panda_description/share/moveit_resources_panda_description/package.ps1'
[1.838s] INFO:colcon.colcon_core.shell:Creating package descriptor '/home/jone/ws_moveit/install/moveit_resources_panda_description/share/moveit_resources_panda_description/package.dsv'
[1.838s] INFO:colcon.colcon_core.shell:Creating package script '/home/jone/ws_moveit/install/moveit_resources_panda_description/share/moveit_resources_panda_description/package.sh'
[1.838s] INFO:colcon.colcon_core.shell:Creating package script '/home/jone/ws_moveit/install/moveit_resources_panda_description/share/moveit_resources_panda_description/package.bash'
[1.838s] INFO:colcon.colcon_core.shell:Creating package script '/home/jone/ws_moveit/install/moveit_resources_panda_description/share/moveit_resources_panda_description/package.zsh'
[1.839s] Level 1:colcon.colcon_core.environment:create_file_with_runtime_dependencies(/home/jone/ws_moveit/install/moveit_resources_panda_description/share/colcon-core/packages/moveit_resources_panda_description)
[1.840s] Level 1:colcon.colcon_core.environment:create_environment_scripts_only(moveit_resources_panda_description)
[1.840s] Level 1:colcon.colcon_core.environment:checking '/home/jone/ws_moveit/install/moveit_resources_panda_description' for CMake module files
[1.840s] Level 1:colcon.colcon_core.environment:checking '/home/jone/ws_moveit/install/moveit_resources_panda_description' for CMake config files
[1.840s] Level 1:colcon.colcon_core.shell:create_environment_hook('moveit_resources_panda_description', 'cmake_prefix_path')
[1.840s] INFO:colcon.colcon_core.shell:Creating environment hook '/home/jone/ws_moveit/install/moveit_resources_panda_description/share/moveit_resources_panda_description/hook/cmake_prefix_path.ps1'
[1.841s] INFO:colcon.colcon_core.shell:Creating environment descriptor '/home/jone/ws_moveit/install/moveit_resources_panda_description/share/moveit_resources_panda_description/hook/cmake_prefix_path.dsv'
[1.841s] INFO:colcon.colcon_core.shell:Creating environment hook '/home/jone/ws_moveit/install/moveit_resources_panda_description/share/moveit_resources_panda_description/hook/cmake_prefix_path.sh'
[1.841s] Level 1:colcon.colcon_core.environment:checking '/home/jone/ws_moveit/install/moveit_resources_panda_description/bin'
[1.841s] Level 1:colcon.colcon_core.environment:checking '/home/jone/ws_moveit/install/moveit_resources_panda_description/lib/pkgconfig/moveit_resources_panda_description.pc'
[1.841s] Level 1:colcon.colcon_core.environment:checking '/home/jone/ws_moveit/install/moveit_resources_panda_description/lib/python3.10/site-packages'
[1.842s] Level 1:colcon.colcon_core.environment:checking '/home/jone/ws_moveit/install/moveit_resources_panda_description/bin'
[1.842s] INFO:colcon.colcon_core.shell:Creating package script '/home/jone/ws_moveit/install/moveit_resources_panda_description/share/moveit_resources_panda_description/package.ps1'
[1.842s] INFO:colcon.colcon_core.shell:Creating package descriptor '/home/jone/ws_moveit/install/moveit_resources_panda_description/share/moveit_resources_panda_description/package.dsv'
[1.842s] INFO:colcon.colcon_core.shell:Creating package script '/home/jone/ws_moveit/install/moveit_resources_panda_description/share/moveit_resources_panda_description/package.sh'
[1.843s] INFO:colcon.colcon_core.shell:Creating package script '/home/jone/ws_moveit/install/moveit_resources_panda_description/share/moveit_resources_panda_description/package.bash'
[1.843s] INFO:colcon.colcon_core.shell:Creating package script '/home/jone/ws_moveit/install/moveit_resources_panda_description/share/moveit_resources_panda_description/package.zsh'
[1.843s] Level 1:colcon.colcon_core.environment:create_file_with_runtime_dependencies(/home/jone/ws_moveit/install/moveit_resources_panda_description/share/colcon-core/packages/moveit_resources_panda_description)
[1.843s] DEBUG:colcon.colcon_core.executor.sequential:run_until_complete 'moveit_resources_panda_description' finished with '0'
[1.843s] DEBUG:colcon.colcon_core.executor.sequential:run_until_complete 'moveit_resources_pr2_description'
[1.844s] INFO:colcon.colcon_ros.task.ament_cmake.build:Building ROS package in '/home/jone/ws_moveit/src/moveit_resources/pr2_description' with build type 'ament_cmake'
[1.844s] INFO:colcon.colcon_cmake.task.cmake.build:Building CMake package in '/home/jone/ws_moveit/src/moveit_resources/pr2_description'
[1.844s] INFO:colcon.colcon_core.shell:Skip shell extension 'powershell' for command environment: Not usable outside of PowerShell
[1.844s] DEBUG:colcon.colcon_core.shell:Skip shell extension 'dsv' for command environment
[1.850s] DEBUG:colcon.colcon_core.event_handler.log_command:Invoking command in '/home/jone/ws_moveit/build/moveit_resources_pr2_description': CMAKE_PREFIX_PATH=/opt/ros/humble /usr/bin/cmake /home/jone/ws_moveit/src/moveit_resources/pr2_description -DCMAKE_INSTALL_PREFIX=/home/jone/ws_moveit/install/moveit_resources_pr2_description
[2.006s] DEBUG:colcon.colcon_core.event_handler.log_command:Invoked command in '/home/jone/ws_moveit/build/moveit_resources_pr2_description' returned '0': CMAKE_PREFIX_PATH=/opt/ros/humble /usr/bin/cmake /home/jone/ws_moveit/src/moveit_resources/pr2_description -DCMAKE_INSTALL_PREFIX=/home/jone/ws_moveit/install/moveit_resources_pr2_description
[2.008s] DEBUG:colcon.colcon_core.event_handler.log_command:Invoking command in '/home/jone/ws_moveit/build/moveit_resources_pr2_description': CMAKE_PREFIX_PATH=/opt/ros/humble /usr/bin/cmake --build /home/jone/ws_moveit/build/moveit_resources_pr2_description -- -j16 -l16
[2.041s] DEBUG:colcon.colcon_core.event_handler.log_command:Invoked command in '/home/jone/ws_moveit/build/moveit_resources_pr2_description' returned '0': CMAKE_PREFIX_PATH=/opt/ros/humble /usr/bin/cmake --build /home/jone/ws_moveit/build/moveit_resources_pr2_description -- -j16 -l16
[2.042s] DEBUG:colcon.colcon_core.event_handler.log_command:Invoking command in '/home/jone/ws_moveit/build/moveit_resources_pr2_description': CMAKE_PREFIX_PATH=/opt/ros/humble /usr/bin/cmake --install /home/jone/ws_moveit/build/moveit_resources_pr2_description
[2.067s] Level 1:colcon.colcon_core.environment:create_environment_scripts_only(moveit_resources_pr2_description)
[2.067s] DEBUG:colcon.colcon_core.event_handler.log_command:Invoked command in '/home/jone/ws_moveit/build/moveit_resources_pr2_description' returned '0': CMAKE_PREFIX_PATH=/opt/ros/humble /usr/bin/cmake --install /home/jone/ws_moveit/build/moveit_resources_pr2_description
[2.067s] Level 1:colcon.colcon_core.environment:checking '/home/jone/ws_moveit/install/moveit_resources_pr2_description' for CMake module files
[2.068s] Level 1:colcon.colcon_core.environment:checking '/home/jone/ws_moveit/install/moveit_resources_pr2_description' for CMake config files
[2.069s] Level 1:colcon.colcon_core.shell:create_environment_hook('moveit_resources_pr2_description', 'cmake_prefix_path')
[2.069s] INFO:colcon.colcon_core.shell:Creating environment hook '/home/jone/ws_moveit/install/moveit_resources_pr2_description/share/moveit_resources_pr2_description/hook/cmake_prefix_path.ps1'
[2.070s] INFO:colcon.colcon_core.shell:Creating environment descriptor '/home/jone/ws_moveit/install/moveit_resources_pr2_description/share/moveit_resources_pr2_description/hook/cmake_prefix_path.dsv'
[2.070s] INFO:colcon.colcon_core.shell:Creating environment hook '/home/jone/ws_moveit/install/moveit_resources_pr2_description/share/moveit_resources_pr2_description/hook/cmake_prefix_path.sh'
[2.070s] Level 1:colcon.colcon_core.environment:checking '/home/jone/ws_moveit/install/moveit_resources_pr2_description/bin'
[2.070s] Level 1:colcon.colcon_core.environment:checking '/home/jone/ws_moveit/install/moveit_resources_pr2_description/lib/pkgconfig/moveit_resources_pr2_description.pc'
[2.070s] Level 1:colcon.colcon_core.environment:checking '/home/jone/ws_moveit/install/moveit_resources_pr2_description/lib/python3.10/site-packages'
[2.071s] Level 1:colcon.colcon_core.environment:checking '/home/jone/ws_moveit/install/moveit_resources_pr2_description/bin'
[2.071s] INFO:colcon.colcon_core.shell:Creating package script '/home/jone/ws_moveit/install/moveit_resources_pr2_description/share/moveit_resources_pr2_description/package.ps1'
[2.071s] INFO:colcon.colcon_core.shell:Creating package descriptor '/home/jone/ws_moveit/install/moveit_resources_pr2_description/share/moveit_resources_pr2_description/package.dsv'
[2.072s] INFO:colcon.colcon_core.shell:Creating package script '/home/jone/ws_moveit/install/moveit_resources_pr2_description/share/moveit_resources_pr2_description/package.sh'
[2.072s] INFO:colcon.colcon_core.shell:Creating package script '/home/jone/ws_moveit/install/moveit_resources_pr2_description/share/moveit_resources_pr2_description/package.bash'
[2.072s] INFO:colcon.colcon_core.shell:Creating package script '/home/jone/ws_moveit/install/moveit_resources_pr2_description/share/moveit_resources_pr2_description/package.zsh'
[2.072s] Level 1:colcon.colcon_core.environment:create_file_with_runtime_dependencies(/home/jone/ws_moveit/install/moveit_resources_pr2_description/share/colcon-core/packages/moveit_resources_pr2_description)
[2.073s] Level 1:colcon.colcon_core.environment:create_environment_scripts_only(moveit_resources_pr2_description)
[2.073s] Level 1:colcon.colcon_core.environment:checking '/home/jone/ws_moveit/install/moveit_resources_pr2_description' for CMake module files
[2.073s] Level 1:colcon.colcon_core.environment:checking '/home/jone/ws_moveit/install/moveit_resources_pr2_description' for CMake config files
[2.074s] Level 1:colcon.colcon_core.shell:create_environment_hook('moveit_resources_pr2_description', 'cmake_prefix_path')
[2.074s] INFO:colcon.colcon_core.shell:Creating environment hook '/home/jone/ws_moveit/install/moveit_resources_pr2_description/share/moveit_resources_pr2_description/hook/cmake_prefix_path.ps1'
[2.074s] INFO:colcon.colcon_core.shell:Creating environment descriptor '/home/jone/ws_moveit/install/moveit_resources_pr2_description/share/moveit_resources_pr2_description/hook/cmake_prefix_path.dsv'
[2.074s] INFO:colcon.colcon_core.shell:Creating environment hook '/home/jone/ws_moveit/install/moveit_resources_pr2_description/share/moveit_resources_pr2_description/hook/cmake_prefix_path.sh'
[2.075s] Level 1:colcon.colcon_core.environment:checking '/home/jone/ws_moveit/install/moveit_resources_pr2_description/bin'
[2.075s] Level 1:colcon.colcon_core.environment:checking '/home/jone/ws_moveit/install/moveit_resources_pr2_description/lib/pkgconfig/moveit_resources_pr2_description.pc'
[2.075s] Level 1:colcon.colcon_core.environment:checking '/home/jone/ws_moveit/install/moveit_resources_pr2_description/lib/python3.10/site-packages'
[2.075s] Level 1:colcon.colcon_core.environment:checking '/home/jone/ws_moveit/install/moveit_resources_pr2_description/bin'
[2.075s] INFO:colcon.colcon_core.shell:Creating package script '/home/jone/ws_moveit/install/moveit_resources_pr2_description/share/moveit_resources_pr2_description/package.ps1'
[2.076s] INFO:colcon.colcon_core.shell:Creating package descriptor '/home/jone/ws_moveit/install/moveit_resources_pr2_description/share/moveit_resources_pr2_description/package.dsv'
[2.076s] INFO:colcon.colcon_core.shell:Creating package script '/home/jone/ws_moveit/install/moveit_resources_pr2_description/share/moveit_resources_pr2_description/package.sh'
[2.076s] INFO:colcon.colcon_core.shell:Creating package script '/home/jone/ws_moveit/install/moveit_resources_pr2_description/share/moveit_resources_pr2_description/package.bash'
[2.077s] INFO:colcon.colcon_core.shell:Creating package script '/home/jone/ws_moveit/install/moveit_resources_pr2_description/share/moveit_resources_pr2_description/package.zsh'
[2.077s] Level 1:colcon.colcon_core.environment:create_file_with_runtime_dependencies(/home/jone/ws_moveit/install/moveit_resources_pr2_description/share/colcon-core/packages/moveit_resources_pr2_description)
[2.077s] DEBUG:colcon.colcon_core.executor.sequential:run_until_complete 'moveit_resources_pr2_description' finished with '0'
[2.077s] DEBUG:colcon.colcon_core.executor.sequential:run_until_complete 'moveit_resources_prbt_support'
[2.077s] INFO:colcon.colcon_ros.task.ament_cmake.build:Building ROS package in '/home/jone/ws_moveit/src/moveit2/moveit_planners/test_configs/prbt_support' with build type 'ament_cmake'
[2.077s] INFO:colcon.colcon_cmake.task.cmake.build:Building CMake package in '/home/jone/ws_moveit/src/moveit2/moveit_planners/test_configs/prbt_support'
[2.077s] INFO:colcon.colcon_core.shell:Skip shell extension 'powershell' for command environment: Not usable outside of PowerShell
[2.077s] DEBUG:colcon.colcon_core.shell:Skip shell extension 'dsv' for command environment
[2.084s] DEBUG:colcon.colcon_core.event_handler.log_command:Invoking command in '/home/jone/ws_moveit/build/moveit_resources_prbt_support': CMAKE_PREFIX_PATH=/opt/ros/humble /usr/bin/cmake /home/jone/ws_moveit/src/moveit2/moveit_planners/test_configs/prbt_support -DCMAKE_INSTALL_PREFIX=/home/jone/ws_moveit/install/moveit_resources_prbt_support
[2.243s] DEBUG:colcon.colcon_core.event_handler.log_command:Invoked command in '/home/jone/ws_moveit/build/moveit_resources_prbt_support' returned '0': CMAKE_PREFIX_PATH=/opt/ros/humble /usr/bin/cmake /home/jone/ws_moveit/src/moveit2/moveit_planners/test_configs/prbt_support -DCMAKE_INSTALL_PREFIX=/home/jone/ws_moveit/install/moveit_resources_prbt_support
[2.245s] DEBUG:colcon.colcon_core.event_handler.log_command:Invoking command in '/home/jone/ws_moveit/build/moveit_resources_prbt_support': CMAKE_PREFIX_PATH=/opt/ros/humble /usr/bin/cmake --build /home/jone/ws_moveit/build/moveit_resources_prbt_support -- -j16 -l16
[2.278s] DEBUG:colcon.colcon_core.event_handler.log_command:Invoked command in '/home/jone/ws_moveit/build/moveit_resources_prbt_support' returned '0': CMAKE_PREFIX_PATH=/opt/ros/humble /usr/bin/cmake --build /home/jone/ws_moveit/build/moveit_resources_prbt_support -- -j16 -l16
[2.280s] DEBUG:colcon.colcon_core.event_handler.log_command:Invoking command in '/home/jone/ws_moveit/build/moveit_resources_prbt_support': CMAKE_PREFIX_PATH=/opt/ros/humble /usr/bin/cmake --install /home/jone/ws_moveit/build/moveit_resources_prbt_support
[2.290s] Level 1:colcon.colcon_core.environment:create_environment_scripts_only(moveit_resources_prbt_support)
[2.290s] Level 1:colcon.colcon_core.environment:checking '/home/jone/ws_moveit/install/moveit_resources_prbt_support' for CMake module files
[2.291s] DEBUG:colcon.colcon_core.event_handler.log_command:Invoked command in '/home/jone/ws_moveit/build/moveit_resources_prbt_support' returned '0': CMAKE_PREFIX_PATH=/opt/ros/humble /usr/bin/cmake --install /home/jone/ws_moveit/build/moveit_resources_prbt_support
[2.291s] Level 1:colcon.colcon_core.environment:checking '/home/jone/ws_moveit/install/moveit_resources_prbt_support' for CMake config files
[2.291s] Level 1:colcon.colcon_core.shell:create_environment_hook('moveit_resources_prbt_support', 'cmake_prefix_path')
[2.292s] INFO:colcon.colcon_core.shell:Creating environment hook '/home/jone/ws_moveit/install/moveit_resources_prbt_support/share/moveit_resources_prbt_support/hook/cmake_prefix_path.ps1'
[2.292s] INFO:colcon.colcon_core.shell:Creating environment descriptor '/home/jone/ws_moveit/install/moveit_resources_prbt_support/share/moveit_resources_prbt_support/hook/cmake_prefix_path.dsv'
[2.292s] INFO:colcon.colcon_core.shell:Creating environment hook '/home/jone/ws_moveit/install/moveit_resources_prbt_support/share/moveit_resources_prbt_support/hook/cmake_prefix_path.sh'
[2.293s] Level 1:colcon.colcon_core.environment:checking '/home/jone/ws_moveit/install/moveit_resources_prbt_support/bin'
[2.293s] Level 1:colcon.colcon_core.environment:checking '/home/jone/ws_moveit/install/moveit_resources_prbt_support/lib/pkgconfig/moveit_resources_prbt_support.pc'
[2.293s] Level 1:colcon.colcon_core.environment:checking '/home/jone/ws_moveit/install/moveit_resources_prbt_support/lib/python3.10/site-packages'
[2.293s] Level 1:colcon.colcon_core.environment:checking '/home/jone/ws_moveit/install/moveit_resources_prbt_support/bin'
[2.293s] INFO:colcon.colcon_core.shell:Creating package script '/home/jone/ws_moveit/install/moveit_resources_prbt_support/share/moveit_resources_prbt_support/package.ps1'
[2.294s] INFO:colcon.colcon_core.shell:Creating package descriptor '/home/jone/ws_moveit/install/moveit_resources_prbt_support/share/moveit_resources_prbt_support/package.dsv'
[2.294s] INFO:colcon.colcon_core.shell:Creating package script '/home/jone/ws_moveit/install/moveit_resources_prbt_support/share/moveit_resources_prbt_support/package.sh'
[2.294s] INFO:colcon.colcon_core.shell:Creating package script '/home/jone/ws_moveit/install/moveit_resources_prbt_support/share/moveit_resources_prbt_support/package.bash'
[2.294s] INFO:colcon.colcon_core.shell:Creating package script '/home/jone/ws_moveit/install/moveit_resources_prbt_support/share/moveit_resources_prbt_support/package.zsh'
[2.295s] Level 1:colcon.colcon_core.environment:create_file_with_runtime_dependencies(/home/jone/ws_moveit/install/moveit_resources_prbt_support/share/colcon-core/packages/moveit_resources_prbt_support)
[2.295s] Level 1:colcon.colcon_core.environment:create_environment_scripts_only(moveit_resources_prbt_support)
[2.295s] Level 1:colcon.colcon_core.environment:checking '/home/jone/ws_moveit/install/moveit_resources_prbt_support' for CMake module files
[2.295s] Level 1:colcon.colcon_core.environment:checking '/home/jone/ws_moveit/install/moveit_resources_prbt_support' for CMake config files
[2.296s] Level 1:colcon.colcon_core.shell:create_environment_hook('moveit_resources_prbt_support', 'cmake_prefix_path')
[2.296s] INFO:colcon.colcon_core.shell:Creating environment hook '/home/jone/ws_moveit/install/moveit_resources_prbt_support/share/moveit_resources_prbt_support/hook/cmake_prefix_path.ps1'
[2.296s] INFO:colcon.colcon_core.shell:Creating environment descriptor '/home/jone/ws_moveit/install/moveit_resources_prbt_support/share/moveit_resources_prbt_support/hook/cmake_prefix_path.dsv'
[2.296s] INFO:colcon.colcon_core.shell:Creating environment hook '/home/jone/ws_moveit/install/moveit_resources_prbt_support/share/moveit_resources_prbt_support/hook/cmake_prefix_path.sh'
[2.297s] Level 1:colcon.colcon_core.environment:checking '/home/jone/ws_moveit/install/moveit_resources_prbt_support/bin'
[2.297s] Level 1:colcon.colcon_core.environment:checking '/home/jone/ws_moveit/install/moveit_resources_prbt_support/lib/pkgconfig/moveit_resources_prbt_support.pc'
[2.297s] Level 1:colcon.colcon_core.environment:checking '/home/jone/ws_moveit/install/moveit_resources_prbt_support/lib/python3.10/site-packages'
[2.297s] Level 1:colcon.colcon_core.environment:checking '/home/jone/ws_moveit/install/moveit_resources_prbt_support/bin'
[2.297s] INFO:colcon.colcon_core.shell:Creating package script '/home/jone/ws_moveit/install/moveit_resources_prbt_support/share/moveit_resources_prbt_support/package.ps1'
[2.298s] INFO:colcon.colcon_core.shell:Creating package descriptor '/home/jone/ws_moveit/install/moveit_resources_prbt_support/share/moveit_resources_prbt_support/package.dsv'
[2.298s] INFO:colcon.colcon_core.shell:Creating package script '/home/jone/ws_moveit/install/moveit_resources_prbt_support/share/moveit_resources_prbt_support/package.sh'
[2.298s] INFO:colcon.colcon_core.shell:Creating package script '/home/jone/ws_moveit/install/moveit_resources_prbt_support/share/moveit_resources_prbt_support/package.bash'
[2.299s] INFO:colcon.colcon_core.shell:Creating package script '/home/jone/ws_moveit/install/moveit_resources_prbt_support/share/moveit_resources_prbt_support/package.zsh'
[2.299s] Level 1:colcon.colcon_core.environment:create_file_with_runtime_dependencies(/home/jone/ws_moveit/install/moveit_resources_prbt_support/share/colcon-core/packages/moveit_resources_prbt_support)
[2.299s] DEBUG:colcon.colcon_core.executor.sequential:run_until_complete 'moveit_resources_prbt_support' finished with '0'
[2.299s] DEBUG:colcon.colcon_core.executor.sequential:run_until_complete 'moveit_task_constructor_msgs'
[2.299s] INFO:colcon.colcon_ros.task.ament_cmake.build:Building ROS package in '/home/jone/ws_moveit/src/moveit_task_constructor/msgs' with build type 'ament_cmake'
[2.299s] INFO:colcon.colcon_cmake.task.cmake.build:Building CMake package in '/home/jone/ws_moveit/src/moveit_task_constructor/msgs'
[2.299s] INFO:colcon.colcon_core.shell:Skip shell extension 'powershell' for command environment: Not usable outside of PowerShell
[2.299s] DEBUG:colcon.colcon_core.shell:Skip shell extension 'dsv' for command environment
[2.306s] DEBUG:colcon.colcon_core.event_handler.log_command:Invoking command in '/home/jone/ws_moveit/build/moveit_task_constructor_msgs': CMAKE_PREFIX_PATH=/opt/ros/humble /usr/bin/cmake /home/jone/ws_moveit/src/moveit_task_constructor/msgs -DCMAKE_INSTALL_PREFIX=/home/jone/ws_moveit/install/moveit_task_constructor_msgs
[3.874s] DEBUG:colcon.colcon_core.event_handler.log_command:Invoked command in '/home/jone/ws_moveit/build/moveit_task_constructor_msgs' returned '0': CMAKE_PREFIX_PATH=/opt/ros/humble /usr/bin/cmake /home/jone/ws_moveit/src/moveit_task_constructor/msgs -DCMAKE_INSTALL_PREFIX=/home/jone/ws_moveit/install/moveit_task_constructor_msgs
[3.876s] DEBUG:colcon.colcon_core.event_handler.log_command:Invoking command in '/home/jone/ws_moveit/build/moveit_task_constructor_msgs': CMAKE_PREFIX_PATH=/opt/ros/humble /usr/bin/cmake --build /home/jone/ws_moveit/build/moveit_task_constructor_msgs -- -j16 -l16
[4.169s] DEBUG:colcon.colcon_core.event_handler.log_command:Invoked command in '/home/jone/ws_moveit/build/moveit_task_constructor_msgs' returned '0': CMAKE_PREFIX_PATH=/opt/ros/humble /usr/bin/cmake --build /home/jone/ws_moveit/build/moveit_task_constructor_msgs -- -j16 -l16
[4.173s] DEBUG:colcon.colcon_core.event_handler.log_command:Invoking command in '/home/jone/ws_moveit/build/moveit_task_constructor_msgs': CMAKE_PREFIX_PATH=/opt/ros/humble /usr/bin/cmake --install /home/jone/ws_moveit/build/moveit_task_constructor_msgs
[4.242s] Level 1:colcon.colcon_core.environment:create_environment_scripts_only(moveit_task_constructor_msgs)
[4.242s] DEBUG:colcon.colcon_core.event_handler.log_command:Invoked command in '/home/jone/ws_moveit/build/moveit_task_constructor_msgs' returned '0': CMAKE_PREFIX_PATH=/opt/ros/humble /usr/bin/cmake --install /home/jone/ws_moveit/build/moveit_task_constructor_msgs
[4.242s] Level 1:colcon.colcon_core.environment:checking '/home/jone/ws_moveit/install/moveit_task_constructor_msgs' for CMake module files
[4.243s] Level 1:colcon.colcon_core.environment:checking '/home/jone/ws_moveit/install/moveit_task_constructor_msgs' for CMake config files
[4.245s] Level 1:colcon.colcon_core.shell:create_environment_hook('moveit_task_constructor_msgs', 'cmake_prefix_path')
[4.245s] INFO:colcon.colcon_core.shell:Creating environment hook '/home/jone/ws_moveit/install/moveit_task_constructor_msgs/share/moveit_task_constructor_msgs/hook/cmake_prefix_path.ps1'
[4.245s] INFO:colcon.colcon_core.shell:Creating environment descriptor '/home/jone/ws_moveit/install/moveit_task_constructor_msgs/share/moveit_task_constructor_msgs/hook/cmake_prefix_path.dsv'
[4.245s] INFO:colcon.colcon_core.shell:Creating environment hook '/home/jone/ws_moveit/install/moveit_task_constructor_msgs/share/moveit_task_constructor_msgs/hook/cmake_prefix_path.sh'
[4.246s] Level 1:colcon.colcon_core.environment:checking '/home/jone/ws_moveit/install/moveit_task_constructor_msgs/lib'
[4.246s] Level 1:colcon.colcon_core.shell:create_environment_hook('moveit_task_constructor_msgs', 'ld_library_path_lib')
[4.246s] INFO:colcon.colcon_core.shell:Creating environment hook '/home/jone/ws_moveit/install/moveit_task_constructor_msgs/share/moveit_task_constructor_msgs/hook/ld_library_path_lib.ps1'
[4.246s] INFO:colcon.colcon_core.shell:Creating environment descriptor '/home/jone/ws_moveit/install/moveit_task_constructor_msgs/share/moveit_task_constructor_msgs/hook/ld_library_path_lib.dsv'
[4.247s] INFO:colcon.colcon_core.shell:Creating environment hook '/home/jone/ws_moveit/install/moveit_task_constructor_msgs/share/moveit_task_constructor_msgs/hook/ld_library_path_lib.sh'
[4.247s] Level 1:colcon.colcon_core.environment:checking '/home/jone/ws_moveit/install/moveit_task_constructor_msgs/bin'
[4.247s] Level 1:colcon.colcon_core.environment:checking '/home/jone/ws_moveit/install/moveit_task_constructor_msgs/lib/pkgconfig/moveit_task_constructor_msgs.pc'
[4.247s] Level 1:colcon.colcon_core.environment:checking '/home/jone/ws_moveit/install/moveit_task_constructor_msgs/lib/python3.10/site-packages'
[4.247s] Level 1:colcon.colcon_core.environment:checking '/home/jone/ws_moveit/install/moveit_task_constructor_msgs/bin'
[4.247s] INFO:colcon.colcon_core.shell:Creating package script '/home/jone/ws_moveit/install/moveit_task_constructor_msgs/share/moveit_task_constructor_msgs/package.ps1'
[4.248s] INFO:colcon.colcon_core.shell:Creating package descriptor '/home/jone/ws_moveit/install/moveit_task_constructor_msgs/share/moveit_task_constructor_msgs/package.dsv'
[4.248s] INFO:colcon.colcon_core.shell:Creating package script '/home/jone/ws_moveit/install/moveit_task_constructor_msgs/share/moveit_task_constructor_msgs/package.sh'
[4.248s] INFO:colcon.colcon_core.shell:Creating package script '/home/jone/ws_moveit/install/moveit_task_constructor_msgs/share/moveit_task_constructor_msgs/package.bash'
[4.249s] INFO:colcon.colcon_core.shell:Creating package script '/home/jone/ws_moveit/install/moveit_task_constructor_msgs/share/moveit_task_constructor_msgs/package.zsh'
[4.249s] Level 1:colcon.colcon_core.environment:create_file_with_runtime_dependencies(/home/jone/ws_moveit/install/moveit_task_constructor_msgs/share/colcon-core/packages/moveit_task_constructor_msgs)
[4.250s] Level 1:colcon.colcon_core.environment:create_environment_scripts_only(moveit_task_constructor_msgs)
[4.250s] Level 1:colcon.colcon_core.environment:checking '/home/jone/ws_moveit/install/moveit_task_constructor_msgs' for CMake module files
[4.250s] Level 1:colcon.colcon_core.environment:checking '/home/jone/ws_moveit/install/moveit_task_constructor_msgs' for CMake config files
[4.251s] Level 1:colcon.colcon_core.shell:create_environment_hook('moveit_task_constructor_msgs', 'cmake_prefix_path')
[4.251s] INFO:colcon.colcon_core.shell:Creating environment hook '/home/jone/ws_moveit/install/moveit_task_constructor_msgs/share/moveit_task_constructor_msgs/hook/cmake_prefix_path.ps1'
[4.251s] INFO:colcon.colcon_core.shell:Creating environment descriptor '/home/jone/ws_moveit/install/moveit_task_constructor_msgs/share/moveit_task_constructor_msgs/hook/cmake_prefix_path.dsv'
[4.252s] INFO:colcon.colcon_core.shell:Creating environment hook '/home/jone/ws_moveit/install/moveit_task_constructor_msgs/share/moveit_task_constructor_msgs/hook/cmake_prefix_path.sh'
[4.252s] Level 1:colcon.colcon_core.environment:checking '/home/jone/ws_moveit/install/moveit_task_constructor_msgs/lib'
[4.252s] Level 1:colcon.colcon_core.shell:create_environment_hook('moveit_task_constructor_msgs', 'ld_library_path_lib')
[4.252s] INFO:colcon.colcon_core.shell:Creating environment hook '/home/jone/ws_moveit/install/moveit_task_constructor_msgs/share/moveit_task_constructor_msgs/hook/ld_library_path_lib.ps1'
[4.252s] INFO:colcon.colcon_core.shell:Creating environment descriptor '/home/jone/ws_moveit/install/moveit_task_constructor_msgs/share/moveit_task_constructor_msgs/hook/ld_library_path_lib.dsv'
[4.253s] INFO:colcon.colcon_core.shell:Creating environment hook '/home/jone/ws_moveit/install/moveit_task_constructor_msgs/share/moveit_task_constructor_msgs/hook/ld_library_path_lib.sh'
[4.253s] Level 1:colcon.colcon_core.environment:checking '/home/jone/ws_moveit/install/moveit_task_constructor_msgs/bin'
[4.253s] Level 1:colcon.colcon_core.environment:checking '/home/jone/ws_moveit/install/moveit_task_constructor_msgs/lib/pkgconfig/moveit_task_constructor_msgs.pc'
[4.253s] Level 1:colcon.colcon_core.environment:checking '/home/jone/ws_moveit/install/moveit_task_constructor_msgs/lib/python3.10/site-packages'
[4.253s] Level 1:colcon.colcon_core.environment:checking '/home/jone/ws_moveit/install/moveit_task_constructor_msgs/bin'
[4.254s] INFO:colcon.colcon_core.shell:Creating package script '/home/jone/ws_moveit/install/moveit_task_constructor_msgs/share/moveit_task_constructor_msgs/package.ps1'
[4.254s] INFO:colcon.colcon_core.shell:Creating package descriptor '/home/jone/ws_moveit/install/moveit_task_constructor_msgs/share/moveit_task_constructor_msgs/package.dsv'
[4.254s] INFO:colcon.colcon_core.shell:Creating package script '/home/jone/ws_moveit/install/moveit_task_constructor_msgs/share/moveit_task_constructor_msgs/package.sh'
[4.255s] INFO:colcon.colcon_core.shell:Creating package script '/home/jone/ws_moveit/install/moveit_task_constructor_msgs/share/moveit_task_constructor_msgs/package.bash'
[4.255s] INFO:colcon.colcon_core.shell:Creating package script '/home/jone/ws_moveit/install/moveit_task_constructor_msgs/share/moveit_task_constructor_msgs/package.zsh'
[4.255s] Level 1:colcon.colcon_core.environment:create_file_with_runtime_dependencies(/home/jone/ws_moveit/install/moveit_task_constructor_msgs/share/colcon-core/packages/moveit_task_constructor_msgs)
[4.255s] DEBUG:colcon.colcon_core.executor.sequential:run_until_complete 'moveit_task_constructor_msgs' finished with '0'
[4.255s] DEBUG:colcon.colcon_core.executor.sequential:run_until_complete 'rosparam_shortcuts'
[4.255s] INFO:colcon.colcon_ros.task.ament_cmake.build:Building ROS package in '/home/jone/ws_moveit/src/rosparam_shortcuts' with build type 'ament_cmake'
[4.256s] INFO:colcon.colcon_cmake.task.cmake.build:Building CMake package in '/home/jone/ws_moveit/src/rosparam_shortcuts'
[4.256s] INFO:colcon.colcon_core.shell:Skip shell extension 'powershell' for command environment: Not usable outside of PowerShell
[4.256s] DEBUG:colcon.colcon_core.shell:Skip shell extension 'dsv' for command environment
[4.263s] DEBUG:colcon.colcon_core.event_handler.log_command:Invoking command in '/home/jone/ws_moveit/build/rosparam_shortcuts': CMAKE_PREFIX_PATH=/opt/ros/humble /usr/bin/cmake /home/jone/ws_moveit/src/rosparam_shortcuts -DCMAKE_INSTALL_PREFIX=/home/jone/ws_moveit/install/rosparam_shortcuts
[4.856s] DEBUG:colcon.colcon_core.event_handler.log_command:Invoked command in '/home/jone/ws_moveit/build/rosparam_shortcuts' returned '0': CMAKE_PREFIX_PATH=/opt/ros/humble /usr/bin/cmake /home/jone/ws_moveit/src/rosparam_shortcuts -DCMAKE_INSTALL_PREFIX=/home/jone/ws_moveit/install/rosparam_shortcuts
[4.857s] DEBUG:colcon.colcon_core.event_handler.log_command:Invoking command in '/home/jone/ws_moveit/build/rosparam_shortcuts': CMAKE_PREFIX_PATH=/opt/ros/humble /usr/bin/cmake --build /home/jone/ws_moveit/build/rosparam_shortcuts -- -j16 -l16
[4.972s] DEBUG:colcon.colcon_core.event_handler.log_command:Invoked command in '/home/jone/ws_moveit/build/rosparam_shortcuts' returned '0': CMAKE_PREFIX_PATH=/opt/ros/humble /usr/bin/cmake --build /home/jone/ws_moveit/build/rosparam_shortcuts -- -j16 -l16
[4.974s] DEBUG:colcon.colcon_core.event_handler.log_command:Invoking command in '/home/jone/ws_moveit/build/rosparam_shortcuts': CMAKE_PREFIX_PATH=/opt/ros/humble /usr/bin/cmake --install /home/jone/ws_moveit/build/rosparam_shortcuts
[4.987s] Level 1:colcon.colcon_core.environment:create_environment_scripts_only(rosparam_shortcuts)
[4.987s] DEBUG:colcon.colcon_core.event_handler.log_command:Invoked command in '/home/jone/ws_moveit/build/rosparam_shortcuts' returned '0': CMAKE_PREFIX_PATH=/opt/ros/humble /usr/bin/cmake --install /home/jone/ws_moveit/build/rosparam_shortcuts
[4.987s] Level 1:colcon.colcon_core.environment:checking '/home/jone/ws_moveit/install/rosparam_shortcuts' for CMake module files
[4.988s] Level 1:colcon.colcon_core.environment:checking '/home/jone/ws_moveit/install/rosparam_shortcuts' for CMake config files
[4.988s] Level 1:colcon.colcon_core.shell:create_environment_hook('rosparam_shortcuts', 'cmake_prefix_path')
[4.988s] INFO:colcon.colcon_core.shell:Creating environment hook '/home/jone/ws_moveit/install/rosparam_shortcuts/share/rosparam_shortcuts/hook/cmake_prefix_path.ps1'
[4.989s] INFO:colcon.colcon_core.shell:Creating environment descriptor '/home/jone/ws_moveit/install/rosparam_shortcuts/share/rosparam_shortcuts/hook/cmake_prefix_path.dsv'
[4.989s] INFO:colcon.colcon_core.shell:Creating environment hook '/home/jone/ws_moveit/install/rosparam_shortcuts/share/rosparam_shortcuts/hook/cmake_prefix_path.sh'
[4.989s] Level 1:colcon.colcon_core.environment:checking '/home/jone/ws_moveit/install/rosparam_shortcuts/lib'
[4.989s] Level 1:colcon.colcon_core.shell:create_environment_hook('rosparam_shortcuts', 'ld_library_path_lib')
[4.989s] INFO:colcon.colcon_core.shell:Creating environment hook '/home/jone/ws_moveit/install/rosparam_shortcuts/share/rosparam_shortcuts/hook/ld_library_path_lib.ps1'
[4.990s] INFO:colcon.colcon_core.shell:Creating environment descriptor '/home/jone/ws_moveit/install/rosparam_shortcuts/share/rosparam_shortcuts/hook/ld_library_path_lib.dsv'
[4.990s] INFO:colcon.colcon_core.shell:Creating environment hook '/home/jone/ws_moveit/install/rosparam_shortcuts/share/rosparam_shortcuts/hook/ld_library_path_lib.sh'
[4.990s] Level 1:colcon.colcon_core.environment:checking '/home/jone/ws_moveit/install/rosparam_shortcuts/bin'
[4.990s] Level 1:colcon.colcon_core.environment:checking '/home/jone/ws_moveit/install/rosparam_shortcuts/lib/pkgconfig/rosparam_shortcuts.pc'
[4.990s] Level 1:colcon.colcon_core.environment:checking '/home/jone/ws_moveit/install/rosparam_shortcuts/lib/python3.10/site-packages'
[4.991s] Level 1:colcon.colcon_core.environment:checking '/home/jone/ws_moveit/install/rosparam_shortcuts/bin'
[4.991s] INFO:colcon.colcon_core.shell:Creating package script '/home/jone/ws_moveit/install/rosparam_shortcuts/share/rosparam_shortcuts/package.ps1'
[4.991s] INFO:colcon.colcon_core.shell:Creating package descriptor '/home/jone/ws_moveit/install/rosparam_shortcuts/share/rosparam_shortcuts/package.dsv'
[4.992s] INFO:colcon.colcon_core.shell:Creating package script '/home/jone/ws_moveit/install/rosparam_shortcuts/share/rosparam_shortcuts/package.sh'
[4.992s] INFO:colcon.colcon_core.shell:Creating package script '/home/jone/ws_moveit/install/rosparam_shortcuts/share/rosparam_shortcuts/package.bash'
[4.992s] INFO:colcon.colcon_core.shell:Creating package script '/home/jone/ws_moveit/install/rosparam_shortcuts/share/rosparam_shortcuts/package.zsh'
[4.992s] Level 1:colcon.colcon_core.environment:create_file_with_runtime_dependencies(/home/jone/ws_moveit/install/rosparam_shortcuts/share/colcon-core/packages/rosparam_shortcuts)
[4.993s] Level 1:colcon.colcon_core.environment:create_environment_scripts_only(rosparam_shortcuts)
[4.993s] Level 1:colcon.colcon_core.environment:checking '/home/jone/ws_moveit/install/rosparam_shortcuts' for CMake module files
[4.993s] Level 1:colcon.colcon_core.environment:checking '/home/jone/ws_moveit/install/rosparam_shortcuts' for CMake config files
[4.994s] Level 1:colcon.colcon_core.shell:create_environment_hook('rosparam_shortcuts', 'cmake_prefix_path')
[4.994s] INFO:colcon.colcon_core.shell:Creating environment hook '/home/jone/ws_moveit/install/rosparam_shortcuts/share/rosparam_shortcuts/hook/cmake_prefix_path.ps1'
[4.994s] INFO:colcon.colcon_core.shell:Creating environment descriptor '/home/jone/ws_moveit/install/rosparam_shortcuts/share/rosparam_shortcuts/hook/cmake_prefix_path.dsv'
[4.994s] INFO:colcon.colcon_core.shell:Creating environment hook '/home/jone/ws_moveit/install/rosparam_shortcuts/share/rosparam_shortcuts/hook/cmake_prefix_path.sh'
[4.995s] Level 1:colcon.colcon_core.environment:checking '/home/jone/ws_moveit/install/rosparam_shortcuts/lib'
[4.995s] Level 1:colcon.colcon_core.shell:create_environment_hook('rosparam_shortcuts', 'ld_library_path_lib')
[4.995s] INFO:colcon.colcon_core.shell:Creating environment hook '/home/jone/ws_moveit/install/rosparam_shortcuts/share/rosparam_shortcuts/hook/ld_library_path_lib.ps1'
[4.995s] INFO:colcon.colcon_core.shell:Creating environment descriptor '/home/jone/ws_moveit/install/rosparam_shortcuts/share/rosparam_shortcuts/hook/ld_library_path_lib.dsv'
[4.995s] INFO:colcon.colcon_core.shell:Creating environment hook '/home/jone/ws_moveit/install/rosparam_shortcuts/share/rosparam_shortcuts/hook/ld_library_path_lib.sh'
[4.996s] Level 1:colcon.colcon_core.environment:checking '/home/jone/ws_moveit/install/rosparam_shortcuts/bin'
[4.996s] Level 1:colcon.colcon_core.environment:checking '/home/jone/ws_moveit/install/rosparam_shortcuts/lib/pkgconfig/rosparam_shortcuts.pc'
[4.996s] Level 1:colcon.colcon_core.environment:checking '/home/jone/ws_moveit/install/rosparam_shortcuts/lib/python3.10/site-packages'
[4.996s] Level 1:colcon.colcon_core.environment:checking '/home/jone/ws_moveit/install/rosparam_shortcuts/bin'
[4.996s] INFO:colcon.colcon_core.shell:Creating package script '/home/jone/ws_moveit/install/rosparam_shortcuts/share/rosparam_shortcuts/package.ps1'
[4.996s] INFO:colcon.colcon_core.shell:Creating package descriptor '/home/jone/ws_moveit/install/rosparam_shortcuts/share/rosparam_shortcuts/package.dsv'
[4.997s] INFO:colcon.colcon_core.shell:Creating package script '/home/jone/ws_moveit/install/rosparam_shortcuts/share/rosparam_shortcuts/package.sh'
[4.997s] INFO:colcon.colcon_core.shell:Creating package script '/home/jone/ws_moveit/install/rosparam_shortcuts/share/rosparam_shortcuts/package.bash'
[4.997s] INFO:colcon.colcon_core.shell:Creating package script '/home/jone/ws_moveit/install/rosparam_shortcuts/share/rosparam_shortcuts/package.zsh'
[4.998s] Level 1:colcon.colcon_core.environment:create_file_with_runtime_dependencies(/home/jone/ws_moveit/install/rosparam_shortcuts/share/colcon-core/packages/rosparam_shortcuts)
[4.998s] DEBUG:colcon.colcon_core.executor.sequential:run_until_complete 'rosparam_shortcuts' finished with '0'
[4.998s] DEBUG:colcon.colcon_core.executor.sequential:run_until_complete 'srdfdom'
[4.998s] INFO:colcon.colcon_ros.task.ament_cmake.build:Building ROS package in '/home/jone/ws_moveit/src/srdfdom' with build type 'ament_cmake'
[4.998s] INFO:colcon.colcon_cmake.task.cmake.build:Building CMake package in '/home/jone/ws_moveit/src/srdfdom'
[4.998s] INFO:colcon.colcon_core.shell:Skip shell extension 'powershell' for command environment: Not usable outside of PowerShell
[4.998s] DEBUG:colcon.colcon_core.shell:Skip shell extension 'dsv' for command environment
[5.005s] DEBUG:colcon.colcon_core.event_handler.log_command:Invoking command in '/home/jone/ws_moveit/build/srdfdom': CMAKE_PREFIX_PATH=/opt/ros/humble /usr/bin/cmake /home/jone/ws_moveit/src/srdfdom -DCMAKE_INSTALL_PREFIX=/home/jone/ws_moveit/install/srdfdom
[5.605s] DEBUG:colcon.colcon_core.event_handler.log_command:Invoked command in '/home/jone/ws_moveit/build/srdfdom' returned '0': CMAKE_PREFIX_PATH=/opt/ros/humble /usr/bin/cmake /home/jone/ws_moveit/src/srdfdom -DCMAKE_INSTALL_PREFIX=/home/jone/ws_moveit/install/srdfdom
[5.606s] DEBUG:colcon.colcon_core.event_handler.log_command:Invoking command in '/home/jone/ws_moveit/build/srdfdom': CMAKE_PREFIX_PATH=/opt/ros/humble /usr/bin/cmake --build /home/jone/ws_moveit/build/srdfdom -- -j16 -l16
[5.896s] DEBUG:colcon.colcon_core.event_handler.log_command:Invoked command in '/home/jone/ws_moveit/build/srdfdom' returned '0': CMAKE_PREFIX_PATH=/opt/ros/humble /usr/bin/cmake --build /home/jone/ws_moveit/build/srdfdom -- -j16 -l16
[5.908s] DEBUG:colcon.colcon_core.event_handler.log_command:Invoking command in '/home/jone/ws_moveit/build/srdfdom': CMAKE_PREFIX_PATH=/opt/ros/humble /usr/bin/cmake --install /home/jone/ws_moveit/build/srdfdom
[5.960s] Level 1:colcon.colcon_core.environment:create_environment_scripts_only(srdfdom)
[5.960s] Level 1:colcon.colcon_core.environment:checking '/home/jone/ws_moveit/install/srdfdom' for CMake module files
[5.961s] DEBUG:colcon.colcon_core.event_handler.log_command:Invoked command in '/home/jone/ws_moveit/build/srdfdom' returned '0': CMAKE_PREFIX_PATH=/opt/ros/humble /usr/bin/cmake --install /home/jone/ws_moveit/build/srdfdom
[5.961s] Level 1:colcon.colcon_core.environment:checking '/home/jone/ws_moveit/install/srdfdom' for CMake config files
[5.962s] Level 1:colcon.colcon_core.shell:create_environment_hook('srdfdom', 'cmake_prefix_path')
[5.962s] INFO:colcon.colcon_core.shell:Creating environment hook '/home/jone/ws_moveit/install/srdfdom/share/srdfdom/hook/cmake_prefix_path.ps1'
[5.962s] INFO:colcon.colcon_core.shell:Creating environment descriptor '/home/jone/ws_moveit/install/srdfdom/share/srdfdom/hook/cmake_prefix_path.dsv'
[5.963s] INFO:colcon.colcon_core.shell:Creating environment hook '/home/jone/ws_moveit/install/srdfdom/share/srdfdom/hook/cmake_prefix_path.sh'
[5.963s] Level 1:colcon.colcon_core.environment:checking '/home/jone/ws_moveit/install/srdfdom/lib'
[5.963s] Level 1:colcon.colcon_core.shell:create_environment_hook('srdfdom', 'ld_library_path_lib')
[5.963s] INFO:colcon.colcon_core.shell:Creating environment hook '/home/jone/ws_moveit/install/srdfdom/share/srdfdom/hook/ld_library_path_lib.ps1'
[5.963s] INFO:colcon.colcon_core.shell:Creating environment descriptor '/home/jone/ws_moveit/install/srdfdom/share/srdfdom/hook/ld_library_path_lib.dsv'
[5.964s] INFO:colcon.colcon_core.shell:Creating environment hook '/home/jone/ws_moveit/install/srdfdom/share/srdfdom/hook/ld_library_path_lib.sh'
[5.964s] Level 1:colcon.colcon_core.environment:checking '/home/jone/ws_moveit/install/srdfdom/bin'
[5.964s] Level 1:colcon.colcon_core.environment:checking '/home/jone/ws_moveit/install/srdfdom/lib/pkgconfig/srdfdom.pc'
[5.964s] Level 1:colcon.colcon_core.environment:checking '/home/jone/ws_moveit/install/srdfdom/lib/python3.10/site-packages'
[5.964s] Level 1:colcon.colcon_core.environment:checking '/home/jone/ws_moveit/install/srdfdom/bin'
[5.965s] INFO:colcon.colcon_core.shell:Creating package script '/home/jone/ws_moveit/install/srdfdom/share/srdfdom/package.ps1'
[5.965s] INFO:colcon.colcon_core.shell:Creating package descriptor '/home/jone/ws_moveit/install/srdfdom/share/srdfdom/package.dsv'
[5.965s] INFO:colcon.colcon_core.shell:Creating package script '/home/jone/ws_moveit/install/srdfdom/share/srdfdom/package.sh'
[5.966s] INFO:colcon.colcon_core.shell:Creating package script '/home/jone/ws_moveit/install/srdfdom/share/srdfdom/package.bash'
[5.966s] INFO:colcon.colcon_core.shell:Creating package script '/home/jone/ws_moveit/install/srdfdom/share/srdfdom/package.zsh'
[5.966s] Level 1:colcon.colcon_core.environment:create_file_with_runtime_dependencies(/home/jone/ws_moveit/install/srdfdom/share/colcon-core/packages/srdfdom)
[5.967s] Level 1:colcon.colcon_core.environment:create_environment_scripts_only(srdfdom)
[5.967s] Level 1:colcon.colcon_core.environment:checking '/home/jone/ws_moveit/install/srdfdom' for CMake module files
[5.967s] Level 1:colcon.colcon_core.environment:checking '/home/jone/ws_moveit/install/srdfdom' for CMake config files
[5.967s] Level 1:colcon.colcon_core.shell:create_environment_hook('srdfdom', 'cmake_prefix_path')
[5.967s] INFO:colcon.colcon_core.shell:Creating environment hook '/home/jone/ws_moveit/install/srdfdom/share/srdfdom/hook/cmake_prefix_path.ps1'
[5.968s] INFO:colcon.colcon_core.shell:Creating environment descriptor '/home/jone/ws_moveit/install/srdfdom/share/srdfdom/hook/cmake_prefix_path.dsv'
[5.968s] INFO:colcon.colcon_core.shell:Creating environment hook '/home/jone/ws_moveit/install/srdfdom/share/srdfdom/hook/cmake_prefix_path.sh'
[5.968s] Level 1:colcon.colcon_core.environment:checking '/home/jone/ws_moveit/install/srdfdom/lib'
[5.968s] Level 1:colcon.colcon_core.shell:create_environment_hook('srdfdom', 'ld_library_path_lib')
[5.969s] INFO:colcon.colcon_core.shell:Creating environment hook '/home/jone/ws_moveit/install/srdfdom/share/srdfdom/hook/ld_library_path_lib.ps1'
[5.969s] INFO:colcon.colcon_core.shell:Creating environment descriptor '/home/jone/ws_moveit/install/srdfdom/share/srdfdom/hook/ld_library_path_lib.dsv'
[5.969s] INFO:colcon.colcon_core.shell:Creating environment hook '/home/jone/ws_moveit/install/srdfdom/share/srdfdom/hook/ld_library_path_lib.sh'
[5.969s] Level 1:colcon.colcon_core.environment:checking '/home/jone/ws_moveit/install/srdfdom/bin'
[5.969s] Level 1:colcon.colcon_core.environment:checking '/home/jone/ws_moveit/install/srdfdom/lib/pkgconfig/srdfdom.pc'
[5.970s] Level 1:colcon.colcon_core.environment:checking '/home/jone/ws_moveit/install/srdfdom/lib/python3.10/site-packages'
[5.970s] Level 1:colcon.colcon_core.environment:checking '/home/jone/ws_moveit/install/srdfdom/bin'
[5.970s] INFO:colcon.colcon_core.shell:Creating package script '/home/jone/ws_moveit/install/srdfdom/share/srdfdom/package.ps1'
[5.970s] INFO:colcon.colcon_core.shell:Creating package descriptor '/home/jone/ws_moveit/install/srdfdom/share/srdfdom/package.dsv'
[5.971s] INFO:colcon.colcon_core.shell:Creating package script '/home/jone/ws_moveit/install/srdfdom/share/srdfdom/package.sh'
[5.971s] INFO:colcon.colcon_core.shell:Creating package script '/home/jone/ws_moveit/install/srdfdom/share/srdfdom/package.bash'
[5.971s] INFO:colcon.colcon_core.shell:Creating package script '/home/jone/ws_moveit/install/srdfdom/share/srdfdom/package.zsh'
[5.972s] Level 1:colcon.colcon_core.environment:create_file_with_runtime_dependencies(/home/jone/ws_moveit/install/srdfdom/share/colcon-core/packages/srdfdom)
[5.972s] DEBUG:colcon.colcon_core.executor.sequential:run_until_complete 'srdfdom' finished with '0'
[5.972s] DEBUG:colcon.colcon_core.executor.sequential:run_until_complete 'moveit_configs_utils'
[5.972s] INFO:colcon.colcon_ros.task.ament_python.build:Building ROS package in '/home/jone/ws_moveit/src/moveit2/moveit_configs_utils' with build type 'ament_python'
[5.972s] Level 1:colcon.colcon_core.shell:create_environment_hook('moveit_configs_utils', 'ament_prefix_path')
[5.972s] INFO:colcon.colcon_core.shell:Creating environment hook '/home/jone/ws_moveit/install/moveit_configs_utils/share/moveit_configs_utils/hook/ament_prefix_path.ps1'
[5.973s] INFO:colcon.colcon_core.shell:Creating environment descriptor '/home/jone/ws_moveit/install/moveit_configs_utils/share/moveit_configs_utils/hook/ament_prefix_path.dsv'
[5.973s] INFO:colcon.colcon_core.shell:Creating environment hook '/home/jone/ws_moveit/install/moveit_configs_utils/share/moveit_configs_utils/hook/ament_prefix_path.sh'
[5.973s] INFO:colcon.colcon_core.shell:Skip shell extension 'powershell' for command environment: Not usable outside of PowerShell
[5.973s] DEBUG:colcon.colcon_core.shell:Skip shell extension 'dsv' for command environment
[6.170s] INFO:colcon.colcon_core.task.python.build:Building Python package in '/home/jone/ws_moveit/src/moveit2/moveit_configs_utils'
[6.171s] INFO:colcon.colcon_core.shell:Skip shell extension 'powershell' for command environment: Not usable outside of PowerShell
[6.171s] DEBUG:colcon.colcon_core.shell:Skip shell extension 'dsv' for command environment
[6.448s] DEBUG:colcon.colcon_core.event_handler.log_command:Invoking command in '/home/jone/ws_moveit/src/moveit2/moveit_configs_utils': AMENT_PREFIX_PATH=/home/jone/ws_moveit/install/srdfdom:/home/jone/ws_moveit/install/launch_param_builder:${AMENT_PREFIX_PATH} CMAKE_PREFIX_PATH=/home/jone/ws_moveit/install/srdfdom LD_LIBRARY_PATH=/home/jone/ws_moveit/install/srdfdom/lib:/opt/ros/humble/opt/rviz_ogre_vendor/lib:/opt/ros/humble/lib/x86_64-linux-gnu:/opt/ros/humble/lib:/usr/lib/x86_64-linux-gnu/gazebo-11/plugins:/usr/lib/x86_64-linux-gnu/gazebo-11/plugins:/usr/lib/x86_64-linux-gnu/gazebo-11/plugins PYTHONPATH=/home/jone/ws_moveit/build/moveit_configs_utils/prefix_override:/usr/lib/python3/dist-packages/colcon_core/task/python/colcon_distutils_commands:/home/jone/ws_moveit/install/moveit_configs_utils/lib/python3.10/site-packages:/home/jone/ws_moveit/install/srdfdom/local/lib/python3.10/dist-packages:/home/jone/ws_moveit/install/launch_param_builder/lib/python3.10/site-packages:${PYTHONPATH} /usr/bin/python3 -W ignore:setup.py install is deprecated -W ignore:easy_install command is deprecated setup.py egg_info --egg-base ../../../build/moveit_configs_utils build --build-base /home/jone/ws_moveit/build/moveit_configs_utils/build install --record /home/jone/ws_moveit/build/moveit_configs_utils/install.log --single-version-externally-managed install_data
[6.679s] Level 1:colcon.colcon_core.environment:checking '/home/jone/ws_moveit/install/moveit_configs_utils' for CMake module files
[6.679s] DEBUG:colcon.colcon_core.event_handler.log_command:Invoked command in '/home/jone/ws_moveit/src/moveit2/moveit_configs_utils' returned '0': AMENT_PREFIX_PATH=/home/jone/ws_moveit/install/srdfdom:/home/jone/ws_moveit/install/launch_param_builder:${AMENT_PREFIX_PATH} CMAKE_PREFIX_PATH=/home/jone/ws_moveit/install/srdfdom LD_LIBRARY_PATH=/home/jone/ws_moveit/install/srdfdom/lib:/opt/ros/humble/opt/rviz_ogre_vendor/lib:/opt/ros/humble/lib/x86_64-linux-gnu:/opt/ros/humble/lib:/usr/lib/x86_64-linux-gnu/gazebo-11/plugins:/usr/lib/x86_64-linux-gnu/gazebo-11/plugins:/usr/lib/x86_64-linux-gnu/gazebo-11/plugins PYTHONPATH=/home/jone/ws_moveit/build/moveit_configs_utils/prefix_override:/usr/lib/python3/dist-packages/colcon_core/task/python/colcon_distutils_commands:/home/jone/ws_moveit/install/moveit_configs_utils/lib/python3.10/site-packages:/home/jone/ws_moveit/install/srdfdom/local/lib/python3.10/dist-packages:/home/jone/ws_moveit/install/launch_param_builder/lib/python3.10/site-packages:${PYTHONPATH} /usr/bin/python3 -W ignore:setup.py install is deprecated -W ignore:easy_install command is deprecated setup.py egg_info --egg-base ../../../build/moveit_configs_utils build --build-base /home/jone/ws_moveit/build/moveit_configs_utils/build install --record /home/jone/ws_moveit/build/moveit_configs_utils/install.log --single-version-externally-managed install_data
[6.680s] Level 1:colcon.colcon_core.environment:checking '/home/jone/ws_moveit/install/moveit_configs_utils' for CMake config files
[6.681s] Level 1:colcon.colcon_core.environment:checking '/home/jone/ws_moveit/install/moveit_configs_utils/lib'
[6.681s] Level 1:colcon.colcon_core.environment:checking '/home/jone/ws_moveit/install/moveit_configs_utils/bin'
[6.681s] Level 1:colcon.colcon_core.environment:checking '/home/jone/ws_moveit/install/moveit_configs_utils/lib/pkgconfig/moveit_configs_utils.pc'
[6.681s] Level 1:colcon.colcon_core.environment:checking '/home/jone/ws_moveit/install/moveit_configs_utils/lib/python3.10/site-packages'
[6.681s] Level 1:colcon.colcon_core.shell:create_environment_hook('moveit_configs_utils', 'pythonpath')
[6.681s] INFO:colcon.colcon_core.shell:Creating environment hook '/home/jone/ws_moveit/install/moveit_configs_utils/share/moveit_configs_utils/hook/pythonpath.ps1'
[6.682s] INFO:colcon.colcon_core.shell:Creating environment descriptor '/home/jone/ws_moveit/install/moveit_configs_utils/share/moveit_configs_utils/hook/pythonpath.dsv'
[6.682s] INFO:colcon.colcon_core.shell:Creating environment hook '/home/jone/ws_moveit/install/moveit_configs_utils/share/moveit_configs_utils/hook/pythonpath.sh'
[6.682s] Level 1:colcon.colcon_core.environment:checking '/home/jone/ws_moveit/install/moveit_configs_utils/bin'
[6.682s] Level 1:colcon.colcon_core.environment:create_environment_scripts_only(moveit_configs_utils)
[6.683s] INFO:colcon.colcon_core.shell:Creating package script '/home/jone/ws_moveit/install/moveit_configs_utils/share/moveit_configs_utils/package.ps1'
[6.683s] INFO:colcon.colcon_core.shell:Creating package descriptor '/home/jone/ws_moveit/install/moveit_configs_utils/share/moveit_configs_utils/package.dsv'
[6.683s] INFO:colcon.colcon_core.shell:Creating package script '/home/jone/ws_moveit/install/moveit_configs_utils/share/moveit_configs_utils/package.sh'
[6.684s] INFO:colcon.colcon_core.shell:Creating package script '/home/jone/ws_moveit/install/moveit_configs_utils/share/moveit_configs_utils/package.bash'
[6.684s] INFO:colcon.colcon_core.shell:Creating package script '/home/jone/ws_moveit/install/moveit_configs_utils/share/moveit_configs_utils/package.zsh'
[6.684s] Level 1:colcon.colcon_core.environment:create_file_with_runtime_dependencies(/home/jone/ws_moveit/install/moveit_configs_utils/share/colcon-core/packages/moveit_configs_utils)
[6.684s] DEBUG:colcon.colcon_core.executor.sequential:run_until_complete 'moveit_configs_utils' finished with '0'
[6.684s] DEBUG:colcon.colcon_core.executor.sequential:run_until_complete 'moveit_resources_fanuc_moveit_config'
[6.684s] INFO:colcon.colcon_ros.task.ament_cmake.build:Building ROS package in '/home/jone/ws_moveit/src/moveit_resources/fanuc_moveit_config' with build type 'ament_cmake'
[6.684s] INFO:colcon.colcon_cmake.task.cmake.build:Building CMake package in '/home/jone/ws_moveit/src/moveit_resources/fanuc_moveit_config'
[6.685s] INFO:colcon.colcon_core.shell:Skip shell extension 'powershell' for command environment: Not usable outside of PowerShell
[6.685s] DEBUG:colcon.colcon_core.shell:Skip shell extension 'dsv' for command environment
[6.693s] DEBUG:colcon.colcon_core.event_handler.log_command:Invoking command in '/home/jone/ws_moveit/build/moveit_resources_fanuc_moveit_config': AMENT_PREFIX_PATH=/home/jone/ws_moveit/install/moveit_resources_fanuc_description:${AMENT_PREFIX_PATH} CMAKE_PREFIX_PATH=/home/jone/ws_moveit/install/moveit_resources_fanuc_description:/opt/ros/humble /usr/bin/cmake /home/jone/ws_moveit/src/moveit_resources/fanuc_moveit_config -DCMAKE_INSTALL_PREFIX=/home/jone/ws_moveit/install/moveit_resources_fanuc_moveit_config
[6.870s] DEBUG:colcon.colcon_core.event_handler.log_command:Invoked command in '/home/jone/ws_moveit/build/moveit_resources_fanuc_moveit_config' returned '0': AMENT_PREFIX_PATH=/home/jone/ws_moveit/install/moveit_resources_fanuc_description:${AMENT_PREFIX_PATH} CMAKE_PREFIX_PATH=/home/jone/ws_moveit/install/moveit_resources_fanuc_description:/opt/ros/humble /usr/bin/cmake /home/jone/ws_moveit/src/moveit_resources/fanuc_moveit_config -DCMAKE_INSTALL_PREFIX=/home/jone/ws_moveit/install/moveit_resources_fanuc_moveit_config
[6.871s] DEBUG:colcon.colcon_core.event_handler.log_command:Invoking command in '/home/jone/ws_moveit/build/moveit_resources_fanuc_moveit_config': AMENT_PREFIX_PATH=/home/jone/ws_moveit/install/moveit_resources_fanuc_description:${AMENT_PREFIX_PATH} CMAKE_PREFIX_PATH=/home/jone/ws_moveit/install/moveit_resources_fanuc_description:/opt/ros/humble /usr/bin/cmake --build /home/jone/ws_moveit/build/moveit_resources_fanuc_moveit_config -- -j16 -l16
[6.903s] DEBUG:colcon.colcon_core.event_handler.log_command:Invoked command in '/home/jone/ws_moveit/build/moveit_resources_fanuc_moveit_config' returned '0': AMENT_PREFIX_PATH=/home/jone/ws_moveit/install/moveit_resources_fanuc_description:${AMENT_PREFIX_PATH} CMAKE_PREFIX_PATH=/home/jone/ws_moveit/install/moveit_resources_fanuc_description:/opt/ros/humble /usr/bin/cmake --build /home/jone/ws_moveit/build/moveit_resources_fanuc_moveit_config -- -j16 -l16
[6.913s] DEBUG:colcon.colcon_core.event_handler.log_command:Invoking command in '/home/jone/ws_moveit/build/moveit_resources_fanuc_moveit_config': AMENT_PREFIX_PATH=/home/jone/ws_moveit/install/moveit_resources_fanuc_description:${AMENT_PREFIX_PATH} CMAKE_PREFIX_PATH=/home/jone/ws_moveit/install/moveit_resources_fanuc_description:/opt/ros/humble /usr/bin/cmake --install /home/jone/ws_moveit/build/moveit_resources_fanuc_moveit_config
[6.923s] Level 1:colcon.colcon_core.environment:create_environment_scripts_only(moveit_resources_fanuc_moveit_config)
[6.923s] Level 1:colcon.colcon_core.environment:checking '/home/jone/ws_moveit/install/moveit_resources_fanuc_moveit_config' for CMake module files
[6.923s] DEBUG:colcon.colcon_core.event_handler.log_command:Invoked command in '/home/jone/ws_moveit/build/moveit_resources_fanuc_moveit_config' returned '0': AMENT_PREFIX_PATH=/home/jone/ws_moveit/install/moveit_resources_fanuc_description:${AMENT_PREFIX_PATH} CMAKE_PREFIX_PATH=/home/jone/ws_moveit/install/moveit_resources_fanuc_description:/opt/ros/humble /usr/bin/cmake --install /home/jone/ws_moveit/build/moveit_resources_fanuc_moveit_config
[6.924s] Level 1:colcon.colcon_core.environment:checking '/home/jone/ws_moveit/install/moveit_resources_fanuc_moveit_config' for CMake config files
[6.924s] Level 1:colcon.colcon_core.shell:create_environment_hook('moveit_resources_fanuc_moveit_config', 'cmake_prefix_path')
[6.924s] INFO:colcon.colcon_core.shell:Creating environment hook '/home/jone/ws_moveit/install/moveit_resources_fanuc_moveit_config/share/moveit_resources_fanuc_moveit_config/hook/cmake_prefix_path.ps1'
[6.924s] INFO:colcon.colcon_core.shell:Creating environment descriptor '/home/jone/ws_moveit/install/moveit_resources_fanuc_moveit_config/share/moveit_resources_fanuc_moveit_config/hook/cmake_prefix_path.dsv'
[6.925s] INFO:colcon.colcon_core.shell:Creating environment hook '/home/jone/ws_moveit/install/moveit_resources_fanuc_moveit_config/share/moveit_resources_fanuc_moveit_config/hook/cmake_prefix_path.sh'
[6.925s] Level 1:colcon.colcon_core.environment:checking '/home/jone/ws_moveit/install/moveit_resources_fanuc_moveit_config/bin'
[6.925s] Level 1:colcon.colcon_core.environment:checking '/home/jone/ws_moveit/install/moveit_resources_fanuc_moveit_config/lib/pkgconfig/moveit_resources_fanuc_moveit_config.pc'
[6.925s] Level 1:colcon.colcon_core.environment:checking '/home/jone/ws_moveit/install/moveit_resources_fanuc_moveit_config/lib/python3.10/site-packages'
[6.925s] Level 1:colcon.colcon_core.environment:checking '/home/jone/ws_moveit/install/moveit_resources_fanuc_moveit_config/bin'
[6.926s] INFO:colcon.colcon_core.shell:Creating package script '/home/jone/ws_moveit/install/moveit_resources_fanuc_moveit_config/share/moveit_resources_fanuc_moveit_config/package.ps1'
[6.926s] INFO:colcon.colcon_core.shell:Creating package descriptor '/home/jone/ws_moveit/install/moveit_resources_fanuc_moveit_config/share/moveit_resources_fanuc_moveit_config/package.dsv'
[6.926s] INFO:colcon.colcon_core.shell:Creating package script '/home/jone/ws_moveit/install/moveit_resources_fanuc_moveit_config/share/moveit_resources_fanuc_moveit_config/package.sh'
[6.926s] INFO:colcon.colcon_core.shell:Creating package script '/home/jone/ws_moveit/install/moveit_resources_fanuc_moveit_config/share/moveit_resources_fanuc_moveit_config/package.bash'
[6.927s] INFO:colcon.colcon_core.shell:Creating package script '/home/jone/ws_moveit/install/moveit_resources_fanuc_moveit_config/share/moveit_resources_fanuc_moveit_config/package.zsh'
[6.927s] Level 1:colcon.colcon_core.environment:create_file_with_runtime_dependencies(/home/jone/ws_moveit/install/moveit_resources_fanuc_moveit_config/share/colcon-core/packages/moveit_resources_fanuc_moveit_config)
[6.927s] Level 1:colcon.colcon_core.environment:create_environment_scripts_only(moveit_resources_fanuc_moveit_config)
[6.928s] Level 1:colcon.colcon_core.environment:checking '/home/jone/ws_moveit/install/moveit_resources_fanuc_moveit_config' for CMake module files
[6.928s] Level 1:colcon.colcon_core.environment:checking '/home/jone/ws_moveit/install/moveit_resources_fanuc_moveit_config' for CMake config files
[6.928s] Level 1:colcon.colcon_core.shell:create_environment_hook('moveit_resources_fanuc_moveit_config', 'cmake_prefix_path')
[6.928s] INFO:colcon.colcon_core.shell:Creating environment hook '/home/jone/ws_moveit/install/moveit_resources_fanuc_moveit_config/share/moveit_resources_fanuc_moveit_config/hook/cmake_prefix_path.ps1'
[6.928s] INFO:colcon.colcon_core.shell:Creating environment descriptor '/home/jone/ws_moveit/install/moveit_resources_fanuc_moveit_config/share/moveit_resources_fanuc_moveit_config/hook/cmake_prefix_path.dsv'
[6.929s] INFO:colcon.colcon_core.shell:Creating environment hook '/home/jone/ws_moveit/install/moveit_resources_fanuc_moveit_config/share/moveit_resources_fanuc_moveit_config/hook/cmake_prefix_path.sh'
[6.929s] Level 1:colcon.colcon_core.environment:checking '/home/jone/ws_moveit/install/moveit_resources_fanuc_moveit_config/bin'
[6.929s] Level 1:colcon.colcon_core.environment:checking '/home/jone/ws_moveit/install/moveit_resources_fanuc_moveit_config/lib/pkgconfig/moveit_resources_fanuc_moveit_config.pc'
[6.929s] Level 1:colcon.colcon_core.environment:checking '/home/jone/ws_moveit/install/moveit_resources_fanuc_moveit_config/lib/python3.10/site-packages'
[6.929s] Level 1:colcon.colcon_core.environment:checking '/home/jone/ws_moveit/install/moveit_resources_fanuc_moveit_config/bin'
[6.930s] INFO:colcon.colcon_core.shell:Creating package script '/home/jone/ws_moveit/install/moveit_resources_fanuc_moveit_config/share/moveit_resources_fanuc_moveit_config/package.ps1'
[6.930s] INFO:colcon.colcon_core.shell:Creating package descriptor '/home/jone/ws_moveit/install/moveit_resources_fanuc_moveit_config/share/moveit_resources_fanuc_moveit_config/package.dsv'
[6.930s] INFO:colcon.colcon_core.shell:Creating package script '/home/jone/ws_moveit/install/moveit_resources_fanuc_moveit_config/share/moveit_resources_fanuc_moveit_config/package.sh'
[6.931s] INFO:colcon.colcon_core.shell:Creating package script '/home/jone/ws_moveit/install/moveit_resources_fanuc_moveit_config/share/moveit_resources_fanuc_moveit_config/package.bash'
[6.931s] INFO:colcon.colcon_core.shell:Creating package script '/home/jone/ws_moveit/install/moveit_resources_fanuc_moveit_config/share/moveit_resources_fanuc_moveit_config/package.zsh'
[6.931s] Level 1:colcon.colcon_core.environment:create_file_with_runtime_dependencies(/home/jone/ws_moveit/install/moveit_resources_fanuc_moveit_config/share/colcon-core/packages/moveit_resources_fanuc_moveit_config)
[6.931s] DEBUG:colcon.colcon_core.executor.sequential:run_until_complete 'moveit_resources_fanuc_moveit_config' finished with '0'
[6.931s] DEBUG:colcon.colcon_core.executor.sequential:run_until_complete 'moveit_resources_panda_moveit_config'
[6.931s] INFO:colcon.colcon_ros.task.ament_cmake.build:Building ROS package in '/home/jone/ws_moveit/src/moveit_resources/panda_moveit_config' with build type 'ament_cmake'
[6.931s] INFO:colcon.colcon_cmake.task.cmake.build:Building CMake package in '/home/jone/ws_moveit/src/moveit_resources/panda_moveit_config'
[6.932s] INFO:colcon.colcon_core.shell:Skip shell extension 'powershell' for command environment: Not usable outside of PowerShell
[6.932s] DEBUG:colcon.colcon_core.shell:Skip shell extension 'dsv' for command environment
[6.940s] DEBUG:colcon.colcon_core.event_handler.log_command:Invoking command in '/home/jone/ws_moveit/build/moveit_resources_panda_moveit_config': AMENT_PREFIX_PATH=/home/jone/ws_moveit/install/moveit_resources_panda_description:${AMENT_PREFIX_PATH} CMAKE_PREFIX_PATH=/home/jone/ws_moveit/install/moveit_resources_panda_description:/opt/ros/humble /usr/bin/cmake /home/jone/ws_moveit/src/moveit_resources/panda_moveit_config -DCMAKE_INSTALL_PREFIX=/home/jone/ws_moveit/install/moveit_resources_panda_moveit_config
[7.123s] DEBUG:colcon.colcon_core.event_handler.log_command:Invoked command in '/home/jone/ws_moveit/build/moveit_resources_panda_moveit_config' returned '0': AMENT_PREFIX_PATH=/home/jone/ws_moveit/install/moveit_resources_panda_description:${AMENT_PREFIX_PATH} CMAKE_PREFIX_PATH=/home/jone/ws_moveit/install/moveit_resources_panda_description:/opt/ros/humble /usr/bin/cmake /home/jone/ws_moveit/src/moveit_resources/panda_moveit_config -DCMAKE_INSTALL_PREFIX=/home/jone/ws_moveit/install/moveit_resources_panda_moveit_config
[7.125s] DEBUG:colcon.colcon_core.event_handler.log_command:Invoking command in '/home/jone/ws_moveit/build/moveit_resources_panda_moveit_config': AMENT_PREFIX_PATH=/home/jone/ws_moveit/install/moveit_resources_panda_description:${AMENT_PREFIX_PATH} CMAKE_PREFIX_PATH=/home/jone/ws_moveit/install/moveit_resources_panda_description:/opt/ros/humble /usr/bin/cmake --build /home/jone/ws_moveit/build/moveit_resources_panda_moveit_config -- -j16 -l16
[7.158s] DEBUG:colcon.colcon_core.event_handler.log_command:Invoked command in '/home/jone/ws_moveit/build/moveit_resources_panda_moveit_config' returned '0': AMENT_PREFIX_PATH=/home/jone/ws_moveit/install/moveit_resources_panda_description:${AMENT_PREFIX_PATH} CMAKE_PREFIX_PATH=/home/jone/ws_moveit/install/moveit_resources_panda_description:/opt/ros/humble /usr/bin/cmake --build /home/jone/ws_moveit/build/moveit_resources_panda_moveit_config -- -j16 -l16
[7.169s] DEBUG:colcon.colcon_core.event_handler.log_command:Invoking command in '/home/jone/ws_moveit/build/moveit_resources_panda_moveit_config': AMENT_PREFIX_PATH=/home/jone/ws_moveit/install/moveit_resources_panda_description:${AMENT_PREFIX_PATH} CMAKE_PREFIX_PATH=/home/jone/ws_moveit/install/moveit_resources_panda_description:/opt/ros/humble /usr/bin/cmake --install /home/jone/ws_moveit/build/moveit_resources_panda_moveit_config
[7.180s] Level 1:colcon.colcon_core.environment:create_environment_scripts_only(moveit_resources_panda_moveit_config)
[7.180s] Level 1:colcon.colcon_core.environment:checking '/home/jone/ws_moveit/install/moveit_resources_panda_moveit_config' for CMake module files
[7.181s] DEBUG:colcon.colcon_core.event_handler.log_command:Invoked command in '/home/jone/ws_moveit/build/moveit_resources_panda_moveit_config' returned '0': AMENT_PREFIX_PATH=/home/jone/ws_moveit/install/moveit_resources_panda_description:${AMENT_PREFIX_PATH} CMAKE_PREFIX_PATH=/home/jone/ws_moveit/install/moveit_resources_panda_description:/opt/ros/humble /usr/bin/cmake --install /home/jone/ws_moveit/build/moveit_resources_panda_moveit_config
[7.181s] Level 1:colcon.colcon_core.environment:checking '/home/jone/ws_moveit/install/moveit_resources_panda_moveit_config' for CMake config files
[7.181s] Level 1:colcon.colcon_core.shell:create_environment_hook('moveit_resources_panda_moveit_config', 'cmake_prefix_path')
[7.182s] INFO:colcon.colcon_core.shell:Creating environment hook '/home/jone/ws_moveit/install/moveit_resources_panda_moveit_config/share/moveit_resources_panda_moveit_config/hook/cmake_prefix_path.ps1'
[7.182s] INFO:colcon.colcon_core.shell:Creating environment descriptor '/home/jone/ws_moveit/install/moveit_resources_panda_moveit_config/share/moveit_resources_panda_moveit_config/hook/cmake_prefix_path.dsv'
[7.182s] INFO:colcon.colcon_core.shell:Creating environment hook '/home/jone/ws_moveit/install/moveit_resources_panda_moveit_config/share/moveit_resources_panda_moveit_config/hook/cmake_prefix_path.sh'
[7.183s] Level 1:colcon.colcon_core.environment:checking '/home/jone/ws_moveit/install/moveit_resources_panda_moveit_config/bin'
[7.183s] Level 1:colcon.colcon_core.environment:checking '/home/jone/ws_moveit/install/moveit_resources_panda_moveit_config/lib/pkgconfig/moveit_resources_panda_moveit_config.pc'
[7.183s] Level 1:colcon.colcon_core.environment:checking '/home/jone/ws_moveit/install/moveit_resources_panda_moveit_config/lib/python3.10/site-packages'
[7.183s] Level 1:colcon.colcon_core.environment:checking '/home/jone/ws_moveit/install/moveit_resources_panda_moveit_config/bin'
[7.183s] INFO:colcon.colcon_core.shell:Creating package script '/home/jone/ws_moveit/install/moveit_resources_panda_moveit_config/share/moveit_resources_panda_moveit_config/package.ps1'
[7.184s] INFO:colcon.colcon_core.shell:Creating package descriptor '/home/jone/ws_moveit/install/moveit_resources_panda_moveit_config/share/moveit_resources_panda_moveit_config/package.dsv'
[7.184s] INFO:colcon.colcon_core.shell:Creating package script '/home/jone/ws_moveit/install/moveit_resources_panda_moveit_config/share/moveit_resources_panda_moveit_config/package.sh'
[7.184s] INFO:colcon.colcon_core.shell:Creating package script '/home/jone/ws_moveit/install/moveit_resources_panda_moveit_config/share/moveit_resources_panda_moveit_config/package.bash'
[7.184s] INFO:colcon.colcon_core.shell:Creating package script '/home/jone/ws_moveit/install/moveit_resources_panda_moveit_config/share/moveit_resources_panda_moveit_config/package.zsh'
[7.185s] Level 1:colcon.colcon_core.environment:create_file_with_runtime_dependencies(/home/jone/ws_moveit/install/moveit_resources_panda_moveit_config/share/colcon-core/packages/moveit_resources_panda_moveit_config)
[7.185s] Level 1:colcon.colcon_core.environment:create_environment_scripts_only(moveit_resources_panda_moveit_config)
[7.185s] Level 1:colcon.colcon_core.environment:checking '/home/jone/ws_moveit/install/moveit_resources_panda_moveit_config' for CMake module files
[7.186s] Level 1:colcon.colcon_core.environment:checking '/home/jone/ws_moveit/install/moveit_resources_panda_moveit_config' for CMake config files
[7.186s] Level 1:colcon.colcon_core.shell:create_environment_hook('moveit_resources_panda_moveit_config', 'cmake_prefix_path')
[7.186s] INFO:colcon.colcon_core.shell:Creating environment hook '/home/jone/ws_moveit/install/moveit_resources_panda_moveit_config/share/moveit_resources_panda_moveit_config/hook/cmake_prefix_path.ps1'
[7.186s] INFO:colcon.colcon_core.shell:Creating environment descriptor '/home/jone/ws_moveit/install/moveit_resources_panda_moveit_config/share/moveit_resources_panda_moveit_config/hook/cmake_prefix_path.dsv'
[7.186s] INFO:colcon.colcon_core.shell:Creating environment hook '/home/jone/ws_moveit/install/moveit_resources_panda_moveit_config/share/moveit_resources_panda_moveit_config/hook/cmake_prefix_path.sh'
[7.187s] Level 1:colcon.colcon_core.environment:checking '/home/jone/ws_moveit/install/moveit_resources_panda_moveit_config/bin'
[7.187s] Level 1:colcon.colcon_core.environment:checking '/home/jone/ws_moveit/install/moveit_resources_panda_moveit_config/lib/pkgconfig/moveit_resources_panda_moveit_config.pc'
[7.187s] Level 1:colcon.colcon_core.environment:checking '/home/jone/ws_moveit/install/moveit_resources_panda_moveit_config/lib/python3.10/site-packages'
[7.187s] Level 1:colcon.colcon_core.environment:checking '/home/jone/ws_moveit/install/moveit_resources_panda_moveit_config/bin'
[7.187s] INFO:colcon.colcon_core.shell:Creating package script '/home/jone/ws_moveit/install/moveit_resources_panda_moveit_config/share/moveit_resources_panda_moveit_config/package.ps1'
[7.188s] INFO:colcon.colcon_core.shell:Creating package descriptor '/home/jone/ws_moveit/install/moveit_resources_panda_moveit_config/share/moveit_resources_panda_moveit_config/package.dsv'
[7.188s] INFO:colcon.colcon_core.shell:Creating package script '/home/jone/ws_moveit/install/moveit_resources_panda_moveit_config/share/moveit_resources_panda_moveit_config/package.sh'
[7.188s] INFO:colcon.colcon_core.shell:Creating package script '/home/jone/ws_moveit/install/moveit_resources_panda_moveit_config/share/moveit_resources_panda_moveit_config/package.bash'
[7.188s] INFO:colcon.colcon_core.shell:Creating package script '/home/jone/ws_moveit/install/moveit_resources_panda_moveit_config/share/moveit_resources_panda_moveit_config/package.zsh'
[7.189s] Level 1:colcon.colcon_core.environment:create_file_with_runtime_dependencies(/home/jone/ws_moveit/install/moveit_resources_panda_moveit_config/share/colcon-core/packages/moveit_resources_panda_moveit_config)
[7.189s] DEBUG:colcon.colcon_core.executor.sequential:run_until_complete 'moveit_resources_panda_moveit_config' finished with '0'
[7.189s] DEBUG:colcon.colcon_core.executor.sequential:run_until_complete 'rviz_marker_tools'
[7.189s] INFO:colcon.colcon_ros.task.ament_cmake.build:Building ROS package in '/home/jone/ws_moveit/src/moveit_task_constructor/rviz_marker_tools' with build type 'ament_cmake'
[7.189s] INFO:colcon.colcon_cmake.task.cmake.build:Building CMake package in '/home/jone/ws_moveit/src/moveit_task_constructor/rviz_marker_tools'
[7.189s] INFO:colcon.colcon_core.shell:Skip shell extension 'powershell' for command environment: Not usable outside of PowerShell
[7.189s] DEBUG:colcon.colcon_core.shell:Skip shell extension 'dsv' for command environment
[7.197s] DEBUG:colcon.colcon_core.event_handler.log_command:Invoking command in '/home/jone/ws_moveit/build/rviz_marker_tools': AMENT_PREFIX_PATH=/home/jone/ws_moveit/install/moveit_common:${AMENT_PREFIX_PATH} CMAKE_PREFIX_PATH=/home/jone/ws_moveit/install/moveit_common:/opt/ros/humble /usr/bin/cmake /home/jone/ws_moveit/src/moveit_task_constructor/rviz_marker_tools -DCMAKE_INSTALL_PREFIX=/home/jone/ws_moveit/install/rviz_marker_tools
[7.743s] DEBUG:colcon.colcon_core.event_handler.log_command:Invoked command in '/home/jone/ws_moveit/build/rviz_marker_tools' returned '0': AMENT_PREFIX_PATH=/home/jone/ws_moveit/install/moveit_common:${AMENT_PREFIX_PATH} CMAKE_PREFIX_PATH=/home/jone/ws_moveit/install/moveit_common:/opt/ros/humble /usr/bin/cmake /home/jone/ws_moveit/src/moveit_task_constructor/rviz_marker_tools -DCMAKE_INSTALL_PREFIX=/home/jone/ws_moveit/install/rviz_marker_tools
[7.744s] DEBUG:colcon.colcon_core.event_handler.log_command:Invoking command in '/home/jone/ws_moveit/build/rviz_marker_tools': AMENT_PREFIX_PATH=/home/jone/ws_moveit/install/moveit_common:${AMENT_PREFIX_PATH} CMAKE_PREFIX_PATH=/home/jone/ws_moveit/install/moveit_common:/opt/ros/humble /usr/bin/cmake --build /home/jone/ws_moveit/build/rviz_marker_tools -- -j16 -l16
[7.825s] DEBUG:colcon.colcon_core.event_handler.log_command:Invoked command in '/home/jone/ws_moveit/build/rviz_marker_tools' returned '0': AMENT_PREFIX_PATH=/home/jone/ws_moveit/install/moveit_common:${AMENT_PREFIX_PATH} CMAKE_PREFIX_PATH=/home/jone/ws_moveit/install/moveit_common:/opt/ros/humble /usr/bin/cmake --build /home/jone/ws_moveit/build/rviz_marker_tools -- -j16 -l16
[7.826s] DEBUG:colcon.colcon_core.event_handler.log_command:Invoking command in '/home/jone/ws_moveit/build/rviz_marker_tools': AMENT_PREFIX_PATH=/home/jone/ws_moveit/install/moveit_common:${AMENT_PREFIX_PATH} CMAKE_PREFIX_PATH=/home/jone/ws_moveit/install/moveit_common:/opt/ros/humble /usr/bin/cmake --install /home/jone/ws_moveit/build/rviz_marker_tools
[7.838s] Level 1:colcon.colcon_core.environment:create_environment_scripts_only(rviz_marker_tools)
[7.839s] DEBUG:colcon.colcon_core.event_handler.log_command:Invoked command in '/home/jone/ws_moveit/build/rviz_marker_tools' returned '0': AMENT_PREFIX_PATH=/home/jone/ws_moveit/install/moveit_common:${AMENT_PREFIX_PATH} CMAKE_PREFIX_PATH=/home/jone/ws_moveit/install/moveit_common:/opt/ros/humble /usr/bin/cmake --install /home/jone/ws_moveit/build/rviz_marker_tools
[7.839s] Level 1:colcon.colcon_core.environment:checking '/home/jone/ws_moveit/install/rviz_marker_tools' for CMake module files
[7.839s] Level 1:colcon.colcon_core.environment:checking '/home/jone/ws_moveit/install/rviz_marker_tools' for CMake config files
[7.840s] Level 1:colcon.colcon_core.shell:create_environment_hook('rviz_marker_tools', 'cmake_prefix_path')
[7.840s] INFO:colcon.colcon_core.shell:Creating environment hook '/home/jone/ws_moveit/install/rviz_marker_tools/share/rviz_marker_tools/hook/cmake_prefix_path.ps1'
[7.840s] INFO:colcon.colcon_core.shell:Creating environment descriptor '/home/jone/ws_moveit/install/rviz_marker_tools/share/rviz_marker_tools/hook/cmake_prefix_path.dsv'
[7.841s] INFO:colcon.colcon_core.shell:Creating environment hook '/home/jone/ws_moveit/install/rviz_marker_tools/share/rviz_marker_tools/hook/cmake_prefix_path.sh'
[7.841s] Level 1:colcon.colcon_core.environment:checking '/home/jone/ws_moveit/install/rviz_marker_tools/lib'
[7.841s] Level 1:colcon.colcon_core.shell:create_environment_hook('rviz_marker_tools', 'ld_library_path_lib')
[7.841s] INFO:colcon.colcon_core.shell:Creating environment hook '/home/jone/ws_moveit/install/rviz_marker_tools/share/rviz_marker_tools/hook/ld_library_path_lib.ps1'
[7.842s] INFO:colcon.colcon_core.shell:Creating environment descriptor '/home/jone/ws_moveit/install/rviz_marker_tools/share/rviz_marker_tools/hook/ld_library_path_lib.dsv'
[7.842s] INFO:colcon.colcon_core.shell:Creating environment hook '/home/jone/ws_moveit/install/rviz_marker_tools/share/rviz_marker_tools/hook/ld_library_path_lib.sh'
[7.842s] Level 1:colcon.colcon_core.environment:checking '/home/jone/ws_moveit/install/rviz_marker_tools/bin'
[7.842s] Level 1:colcon.colcon_core.environment:checking '/home/jone/ws_moveit/install/rviz_marker_tools/lib/pkgconfig/rviz_marker_tools.pc'
[7.843s] Level 1:colcon.colcon_core.environment:checking '/home/jone/ws_moveit/install/rviz_marker_tools/lib/python3.10/site-packages'
[7.843s] Level 1:colcon.colcon_core.environment:checking '/home/jone/ws_moveit/install/rviz_marker_tools/bin'
[7.843s] INFO:colcon.colcon_core.shell:Creating package script '/home/jone/ws_moveit/install/rviz_marker_tools/share/rviz_marker_tools/package.ps1'
[7.843s] INFO:colcon.colcon_core.shell:Creating package descriptor '/home/jone/ws_moveit/install/rviz_marker_tools/share/rviz_marker_tools/package.dsv'
[7.844s] INFO:colcon.colcon_core.shell:Creating package script '/home/jone/ws_moveit/install/rviz_marker_tools/share/rviz_marker_tools/package.sh'
[7.844s] INFO:colcon.colcon_core.shell:Creating package script '/home/jone/ws_moveit/install/rviz_marker_tools/share/rviz_marker_tools/package.bash'
[7.844s] INFO:colcon.colcon_core.shell:Creating package script '/home/jone/ws_moveit/install/rviz_marker_tools/share/rviz_marker_tools/package.zsh'
[7.845s] Level 1:colcon.colcon_core.environment:create_file_with_runtime_dependencies(/home/jone/ws_moveit/install/rviz_marker_tools/share/colcon-core/packages/rviz_marker_tools)
[7.845s] Level 1:colcon.colcon_core.environment:create_environment_scripts_only(rviz_marker_tools)
[7.845s] Level 1:colcon.colcon_core.environment:checking '/home/jone/ws_moveit/install/rviz_marker_tools' for CMake module files
[7.845s] Level 1:colcon.colcon_core.environment:checking '/home/jone/ws_moveit/install/rviz_marker_tools' for CMake config files
[7.846s] Level 1:colcon.colcon_core.shell:create_environment_hook('rviz_marker_tools', 'cmake_prefix_path')
[7.846s] INFO:colcon.colcon_core.shell:Creating environment hook '/home/jone/ws_moveit/install/rviz_marker_tools/share/rviz_marker_tools/hook/cmake_prefix_path.ps1'
[7.846s] INFO:colcon.colcon_core.shell:Creating environment descriptor '/home/jone/ws_moveit/install/rviz_marker_tools/share/rviz_marker_tools/hook/cmake_prefix_path.dsv'
[7.846s] INFO:colcon.colcon_core.shell:Creating environment hook '/home/jone/ws_moveit/install/rviz_marker_tools/share/rviz_marker_tools/hook/cmake_prefix_path.sh'
[7.847s] Level 1:colcon.colcon_core.environment:checking '/home/jone/ws_moveit/install/rviz_marker_tools/lib'
[7.847s] Level 1:colcon.colcon_core.shell:create_environment_hook('rviz_marker_tools', 'ld_library_path_lib')
[7.847s] INFO:colcon.colcon_core.shell:Creating environment hook '/home/jone/ws_moveit/install/rviz_marker_tools/share/rviz_marker_tools/hook/ld_library_path_lib.ps1'
[7.847s] INFO:colcon.colcon_core.shell:Creating environment descriptor '/home/jone/ws_moveit/install/rviz_marker_tools/share/rviz_marker_tools/hook/ld_library_path_lib.dsv'
[7.847s] INFO:colcon.colcon_core.shell:Creating environment hook '/home/jone/ws_moveit/install/rviz_marker_tools/share/rviz_marker_tools/hook/ld_library_path_lib.sh'
[7.848s] Level 1:colcon.colcon_core.environment:checking '/home/jone/ws_moveit/install/rviz_marker_tools/bin'
[7.848s] Level 1:colcon.colcon_core.environment:checking '/home/jone/ws_moveit/install/rviz_marker_tools/lib/pkgconfig/rviz_marker_tools.pc'
[7.848s] Level 1:colcon.colcon_core.environment:checking '/home/jone/ws_moveit/install/rviz_marker_tools/lib/python3.10/site-packages'
[7.848s] Level 1:colcon.colcon_core.environment:checking '/home/jone/ws_moveit/install/rviz_marker_tools/bin'
[7.848s] INFO:colcon.colcon_core.shell:Creating package script '/home/jone/ws_moveit/install/rviz_marker_tools/share/rviz_marker_tools/package.ps1'
[7.849s] INFO:colcon.colcon_core.shell:Creating package descriptor '/home/jone/ws_moveit/install/rviz_marker_tools/share/rviz_marker_tools/package.dsv'
[7.849s] INFO:colcon.colcon_core.shell:Creating package script '/home/jone/ws_moveit/install/rviz_marker_tools/share/rviz_marker_tools/package.sh'
[7.850s] INFO:colcon.colcon_core.shell:Creating package script '/home/jone/ws_moveit/install/rviz_marker_tools/share/rviz_marker_tools/package.bash'
[7.850s] INFO:colcon.colcon_core.shell:Creating package script '/home/jone/ws_moveit/install/rviz_marker_tools/share/rviz_marker_tools/package.zsh'
[7.850s] Level 1:colcon.colcon_core.environment:create_file_with_runtime_dependencies(/home/jone/ws_moveit/install/rviz_marker_tools/share/colcon-core/packages/rviz_marker_tools)
[7.850s] DEBUG:colcon.colcon_core.executor.sequential:run_until_complete 'rviz_marker_tools' finished with '0'
[7.850s] DEBUG:colcon.colcon_core.executor.sequential:run_until_complete 'moveit_core'
[7.850s] INFO:colcon.colcon_ros.task.ament_cmake.build:Building ROS package in '/home/jone/ws_moveit/src/moveit2/moveit_core' with build type 'ament_cmake'
[7.850s] INFO:colcon.colcon_cmake.task.cmake.build:Building CMake package in '/home/jone/ws_moveit/src/moveit2/moveit_core'
[7.851s] INFO:colcon.colcon_core.shell:Skip shell extension 'powershell' for command environment: Not usable outside of PowerShell
[7.851s] DEBUG:colcon.colcon_core.shell:Skip shell extension 'dsv' for command environment
[7.863s] DEBUG:colcon.colcon_core.event_handler.log_command:Invoking command in '/home/jone/ws_moveit/build/moveit_core': AMENT_PREFIX_PATH=/home/jone/ws_moveit/install/moveit_resources_panda_moveit_config:/home/jone/ws_moveit/install/srdfdom:/home/jone/ws_moveit/install/moveit_resources_pr2_description:/home/jone/ws_moveit/install/moveit_resources_panda_description:/home/jone/ws_moveit/install/moveit_common:${AMENT_PREFIX_PATH} CMAKE_PREFIX_PATH=/home/jone/ws_moveit/install/moveit_resources_panda_moveit_config:/home/jone/ws_moveit/install/srdfdom:/home/jone/ws_moveit/install/moveit_resources_pr2_description:/home/jone/ws_moveit/install/moveit_resources_panda_description:/home/jone/ws_moveit/install/moveit_common:/opt/ros/humble LD_LIBRARY_PATH=/home/jone/ws_moveit/install/srdfdom/lib:/opt/ros/humble/opt/rviz_ogre_vendor/lib:/opt/ros/humble/lib/x86_64-linux-gnu:/opt/ros/humble/lib:/usr/lib/x86_64-linux-gnu/gazebo-11/plugins:/usr/lib/x86_64-linux-gnu/gazebo-11/plugins:/usr/lib/x86_64-linux-gnu/gazebo-11/plugins PYTHONPATH=/home/jone/ws_moveit/install/srdfdom/local/lib/python3.10/dist-packages:${PYTHONPATH} /usr/bin/cmake /home/jone/ws_moveit/src/moveit2/moveit_core -DCMAKE_INSTALL_PREFIX=/home/jone/ws_moveit/install/moveit_core
[9.704s] DEBUG:colcon.colcon_core.event_handler.log_command:Invoked command in '/home/jone/ws_moveit/build/moveit_core' returned '0': AMENT_PREFIX_PATH=/home/jone/ws_moveit/install/moveit_resources_panda_moveit_config:/home/jone/ws_moveit/install/srdfdom:/home/jone/ws_moveit/install/moveit_resources_pr2_description:/home/jone/ws_moveit/install/moveit_resources_panda_description:/home/jone/ws_moveit/install/moveit_common:${AMENT_PREFIX_PATH} CMAKE_PREFIX_PATH=/home/jone/ws_moveit/install/moveit_resources_panda_moveit_config:/home/jone/ws_moveit/install/srdfdom:/home/jone/ws_moveit/install/moveit_resources_pr2_description:/home/jone/ws_moveit/install/moveit_resources_panda_description:/home/jone/ws_moveit/install/moveit_common:/opt/ros/humble LD_LIBRARY_PATH=/home/jone/ws_moveit/install/srdfdom/lib:/opt/ros/humble/opt/rviz_ogre_vendor/lib:/opt/ros/humble/lib/x86_64-linux-gnu:/opt/ros/humble/lib:/usr/lib/x86_64-linux-gnu/gazebo-11/plugins:/usr/lib/x86_64-linux-gnu/gazebo-11/plugins:/usr/lib/x86_64-linux-gnu/gazebo-11/plugins PYTHONPATH=/home/jone/ws_moveit/install/srdfdom/local/lib/python3.10/dist-packages:${PYTHONPATH} /usr/bin/cmake /home/jone/ws_moveit/src/moveit2/moveit_core -DCMAKE_INSTALL_PREFIX=/home/jone/ws_moveit/install/moveit_core
[9.706s] DEBUG:colcon.colcon_core.event_handler.log_command:Invoking command in '/home/jone/ws_moveit/build/moveit_core': AMENT_PREFIX_PATH=/home/jone/ws_moveit/install/moveit_resources_panda_moveit_config:/home/jone/ws_moveit/install/srdfdom:/home/jone/ws_moveit/install/moveit_resources_pr2_description:/home/jone/ws_moveit/install/moveit_resources_panda_description:/home/jone/ws_moveit/install/moveit_common:${AMENT_PREFIX_PATH} CMAKE_PREFIX_PATH=/home/jone/ws_moveit/install/moveit_resources_panda_moveit_config:/home/jone/ws_moveit/install/srdfdom:/home/jone/ws_moveit/install/moveit_resources_pr2_description:/home/jone/ws_moveit/install/moveit_resources_panda_description:/home/jone/ws_moveit/install/moveit_common:/opt/ros/humble LD_LIBRARY_PATH=/home/jone/ws_moveit/install/srdfdom/lib:/opt/ros/humble/opt/rviz_ogre_vendor/lib:/opt/ros/humble/lib/x86_64-linux-gnu:/opt/ros/humble/lib:/usr/lib/x86_64-linux-gnu/gazebo-11/plugins:/usr/lib/x86_64-linux-gnu/gazebo-11/plugins:/usr/lib/x86_64-linux-gnu/gazebo-11/plugins PYTHONPATH=/home/jone/ws_moveit/install/srdfdom/local/lib/python3.10/dist-packages:${PYTHONPATH} /usr/bin/cmake --build /home/jone/ws_moveit/build/moveit_core -- -j16 -l16
[10.275s] DEBUG:colcon.colcon_core.event_handler.log_command:Invoked command in '/home/jone/ws_moveit/build/moveit_core' returned '0': AMENT_PREFIX_PATH=/home/jone/ws_moveit/install/moveit_resources_panda_moveit_config:/home/jone/ws_moveit/install/srdfdom:/home/jone/ws_moveit/install/moveit_resources_pr2_description:/home/jone/ws_moveit/install/moveit_resources_panda_description:/home/jone/ws_moveit/install/moveit_common:${AMENT_PREFIX_PATH} CMAKE_PREFIX_PATH=/home/jone/ws_moveit/install/moveit_resources_panda_moveit_config:/home/jone/ws_moveit/install/srdfdom:/home/jone/ws_moveit/install/moveit_resources_pr2_description:/home/jone/ws_moveit/install/moveit_resources_panda_description:/home/jone/ws_moveit/install/moveit_common:/opt/ros/humble LD_LIBRARY_PATH=/home/jone/ws_moveit/install/srdfdom/lib:/opt/ros/humble/opt/rviz_ogre_vendor/lib:/opt/ros/humble/lib/x86_64-linux-gnu:/opt/ros/humble/lib:/usr/lib/x86_64-linux-gnu/gazebo-11/plugins:/usr/lib/x86_64-linux-gnu/gazebo-11/plugins:/usr/lib/x86_64-linux-gnu/gazebo-11/plugins PYTHONPATH=/home/jone/ws_moveit/install/srdfdom/local/lib/python3.10/dist-packages:${PYTHONPATH} /usr/bin/cmake --build /home/jone/ws_moveit/build/moveit_core -- -j16 -l16
[10.285s] DEBUG:colcon.colcon_core.event_handler.log_command:Invoking command in '/home/jone/ws_moveit/build/moveit_core': AMENT_PREFIX_PATH=/home/jone/ws_moveit/install/moveit_resources_panda_moveit_config:/home/jone/ws_moveit/install/srdfdom:/home/jone/ws_moveit/install/moveit_resources_pr2_description:/home/jone/ws_moveit/install/moveit_resources_panda_description:/home/jone/ws_moveit/install/moveit_common:${AMENT_PREFIX_PATH} CMAKE_PREFIX_PATH=/home/jone/ws_moveit/install/moveit_resources_panda_moveit_config:/home/jone/ws_moveit/install/srdfdom:/home/jone/ws_moveit/install/moveit_resources_pr2_description:/home/jone/ws_moveit/install/moveit_resources_panda_description:/home/jone/ws_moveit/install/moveit_common:/opt/ros/humble LD_LIBRARY_PATH=/home/jone/ws_moveit/install/srdfdom/lib:/opt/ros/humble/opt/rviz_ogre_vendor/lib:/opt/ros/humble/lib/x86_64-linux-gnu:/opt/ros/humble/lib:/usr/lib/x86_64-linux-gnu/gazebo-11/plugins:/usr/lib/x86_64-linux-gnu/gazebo-11/plugins:/usr/lib/x86_64-linux-gnu/gazebo-11/plugins PYTHONPATH=/home/jone/ws_moveit/install/srdfdom/local/lib/python3.10/dist-packages:${PYTHONPATH} /usr/bin/cmake --install /home/jone/ws_moveit/build/moveit_core
[10.330s] Level 1:colcon.colcon_core.environment:create_environment_scripts_only(moveit_core)
[10.330s] DEBUG:colcon.colcon_core.event_handler.log_command:Invoked command in '/home/jone/ws_moveit/build/moveit_core' returned '0': AMENT_PREFIX_PATH=/home/jone/ws_moveit/install/moveit_resources_panda_moveit_config:/home/jone/ws_moveit/install/srdfdom:/home/jone/ws_moveit/install/moveit_resources_pr2_description:/home/jone/ws_moveit/install/moveit_resources_panda_description:/home/jone/ws_moveit/install/moveit_common:${AMENT_PREFIX_PATH} CMAKE_PREFIX_PATH=/home/jone/ws_moveit/install/moveit_resources_panda_moveit_config:/home/jone/ws_moveit/install/srdfdom:/home/jone/ws_moveit/install/moveit_resources_pr2_description:/home/jone/ws_moveit/install/moveit_resources_panda_description:/home/jone/ws_moveit/install/moveit_common:/opt/ros/humble LD_LIBRARY_PATH=/home/jone/ws_moveit/install/srdfdom/lib:/opt/ros/humble/opt/rviz_ogre_vendor/lib:/opt/ros/humble/lib/x86_64-linux-gnu:/opt/ros/humble/lib:/usr/lib/x86_64-linux-gnu/gazebo-11/plugins:/usr/lib/x86_64-linux-gnu/gazebo-11/plugins:/usr/lib/x86_64-linux-gnu/gazebo-11/plugins PYTHONPATH=/home/jone/ws_moveit/install/srdfdom/local/lib/python3.10/dist-packages:${PYTHONPATH} /usr/bin/cmake --install /home/jone/ws_moveit/build/moveit_core
[10.330s] Level 1:colcon.colcon_core.environment:checking '/home/jone/ws_moveit/install/moveit_core' for CMake module files
[10.331s] Level 1:colcon.colcon_core.environment:checking '/home/jone/ws_moveit/install/moveit_core' for CMake config files
[10.332s] Level 1:colcon.colcon_core.shell:create_environment_hook('moveit_core', 'cmake_prefix_path')
[10.332s] INFO:colcon.colcon_core.shell:Creating environment hook '/home/jone/ws_moveit/install/moveit_core/share/moveit_core/hook/cmake_prefix_path.ps1'
[10.332s] INFO:colcon.colcon_core.shell:Creating environment descriptor '/home/jone/ws_moveit/install/moveit_core/share/moveit_core/hook/cmake_prefix_path.dsv'
[10.333s] INFO:colcon.colcon_core.shell:Creating environment hook '/home/jone/ws_moveit/install/moveit_core/share/moveit_core/hook/cmake_prefix_path.sh'
[10.333s] Level 1:colcon.colcon_core.environment:checking '/home/jone/ws_moveit/install/moveit_core/lib'
[10.334s] Level 1:colcon.colcon_core.shell:create_environment_hook('moveit_core', 'ld_library_path_lib')
[10.334s] INFO:colcon.colcon_core.shell:Creating environment hook '/home/jone/ws_moveit/install/moveit_core/share/moveit_core/hook/ld_library_path_lib.ps1'
[10.334s] INFO:colcon.colcon_core.shell:Creating environment descriptor '/home/jone/ws_moveit/install/moveit_core/share/moveit_core/hook/ld_library_path_lib.dsv'
[10.334s] INFO:colcon.colcon_core.shell:Creating environment hook '/home/jone/ws_moveit/install/moveit_core/share/moveit_core/hook/ld_library_path_lib.sh'
[10.335s] Level 1:colcon.colcon_core.environment:checking '/home/jone/ws_moveit/install/moveit_core/bin'
[10.335s] Level 1:colcon.colcon_core.shell:create_environment_hook('moveit_core', 'path')
[10.335s] INFO:colcon.colcon_core.shell:Creating environment hook '/home/jone/ws_moveit/install/moveit_core/share/moveit_core/hook/path.ps1'
[10.335s] INFO:colcon.colcon_core.shell:Creating environment descriptor '/home/jone/ws_moveit/install/moveit_core/share/moveit_core/hook/path.dsv'
[10.336s] INFO:colcon.colcon_core.shell:Creating environment hook '/home/jone/ws_moveit/install/moveit_core/share/moveit_core/hook/path.sh'
[10.336s] Level 1:colcon.colcon_core.environment:checking '/home/jone/ws_moveit/install/moveit_core/lib/pkgconfig/moveit_core.pc'
[10.336s] Level 1:colcon.colcon_core.environment:checking '/home/jone/ws_moveit/install/moveit_core/lib/python3.10/site-packages'
[10.336s] Level 1:colcon.colcon_core.environment:checking '/home/jone/ws_moveit/install/moveit_core/bin'
[10.336s] Level 1:colcon.colcon_core.shell:create_environment_hook('moveit_core', 'pythonscriptspath')
[10.336s] INFO:colcon.colcon_core.shell:Creating environment hook '/home/jone/ws_moveit/install/moveit_core/share/moveit_core/hook/pythonscriptspath.ps1'
[10.337s] INFO:colcon.colcon_core.shell:Creating environment descriptor '/home/jone/ws_moveit/install/moveit_core/share/moveit_core/hook/pythonscriptspath.dsv'
[10.337s] INFO:colcon.colcon_core.shell:Creating environment hook '/home/jone/ws_moveit/install/moveit_core/share/moveit_core/hook/pythonscriptspath.sh'
[10.338s] INFO:colcon.colcon_core.shell:Creating package script '/home/jone/ws_moveit/install/moveit_core/share/moveit_core/package.ps1'
[10.338s] INFO:colcon.colcon_core.shell:Creating package descriptor '/home/jone/ws_moveit/install/moveit_core/share/moveit_core/package.dsv'
[10.339s] INFO:colcon.colcon_core.shell:Creating package script '/home/jone/ws_moveit/install/moveit_core/share/moveit_core/package.sh'
[10.339s] INFO:colcon.colcon_core.shell:Creating package script '/home/jone/ws_moveit/install/moveit_core/share/moveit_core/package.bash'
[10.339s] INFO:colcon.colcon_core.shell:Creating package script '/home/jone/ws_moveit/install/moveit_core/share/moveit_core/package.zsh'
[10.340s] Level 1:colcon.colcon_core.environment:create_file_with_runtime_dependencies(/home/jone/ws_moveit/install/moveit_core/share/colcon-core/packages/moveit_core)
[10.340s] Level 1:colcon.colcon_core.environment:create_environment_scripts_only(moveit_core)
[10.341s] Level 1:colcon.colcon_core.environment:checking '/home/jone/ws_moveit/install/moveit_core' for CMake module files
[10.341s] Level 1:colcon.colcon_core.environment:checking '/home/jone/ws_moveit/install/moveit_core' for CMake config files
[10.342s] Level 1:colcon.colcon_core.shell:create_environment_hook('moveit_core', 'cmake_prefix_path')
[10.342s] INFO:colcon.colcon_core.shell:Creating environment hook '/home/jone/ws_moveit/install/moveit_core/share/moveit_core/hook/cmake_prefix_path.ps1'
[10.342s] INFO:colcon.colcon_core.shell:Creating environment descriptor '/home/jone/ws_moveit/install/moveit_core/share/moveit_core/hook/cmake_prefix_path.dsv'
[10.342s] INFO:colcon.colcon_core.shell:Creating environment hook '/home/jone/ws_moveit/install/moveit_core/share/moveit_core/hook/cmake_prefix_path.sh'
[10.343s] Level 1:colcon.colcon_core.environment:checking '/home/jone/ws_moveit/install/moveit_core/lib'
[10.343s] Level 1:colcon.colcon_core.shell:create_environment_hook('moveit_core', 'ld_library_path_lib')
[10.343s] INFO:colcon.colcon_core.shell:Creating environment hook '/home/jone/ws_moveit/install/moveit_core/share/moveit_core/hook/ld_library_path_lib.ps1'
[10.343s] INFO:colcon.colcon_core.shell:Creating environment descriptor '/home/jone/ws_moveit/install/moveit_core/share/moveit_core/hook/ld_library_path_lib.dsv'
[10.343s] INFO:colcon.colcon_core.shell:Creating environment hook '/home/jone/ws_moveit/install/moveit_core/share/moveit_core/hook/ld_library_path_lib.sh'
[10.344s] Level 1:colcon.colcon_core.environment:checking '/home/jone/ws_moveit/install/moveit_core/bin'
[10.344s] Level 1:colcon.colcon_core.shell:create_environment_hook('moveit_core', 'path')
[10.344s] INFO:colcon.colcon_core.shell:Creating environment hook '/home/jone/ws_moveit/install/moveit_core/share/moveit_core/hook/path.ps1'
[10.344s] INFO:colcon.colcon_core.shell:Creating environment descriptor '/home/jone/ws_moveit/install/moveit_core/share/moveit_core/hook/path.dsv'
[10.345s] INFO:colcon.colcon_core.shell:Creating environment hook '/home/jone/ws_moveit/install/moveit_core/share/moveit_core/hook/path.sh'
[10.345s] Level 1:colcon.colcon_core.environment:checking '/home/jone/ws_moveit/install/moveit_core/lib/pkgconfig/moveit_core.pc'
[10.345s] Level 1:colcon.colcon_core.environment:checking '/home/jone/ws_moveit/install/moveit_core/lib/python3.10/site-packages'
[10.345s] Level 1:colcon.colcon_core.environment:checking '/home/jone/ws_moveit/install/moveit_core/bin'
[10.346s] Level 1:colcon.colcon_core.shell:create_environment_hook('moveit_core', 'pythonscriptspath')
[10.346s] INFO:colcon.colcon_core.shell:Creating environment hook '/home/jone/ws_moveit/install/moveit_core/share/moveit_core/hook/pythonscriptspath.ps1'
[10.346s] INFO:colcon.colcon_core.shell:Creating environment descriptor '/home/jone/ws_moveit/install/moveit_core/share/moveit_core/hook/pythonscriptspath.dsv'
[10.346s] INFO:colcon.colcon_core.shell:Creating environment hook '/home/jone/ws_moveit/install/moveit_core/share/moveit_core/hook/pythonscriptspath.sh'
[10.347s] INFO:colcon.colcon_core.shell:Creating package script '/home/jone/ws_moveit/install/moveit_core/share/moveit_core/package.ps1'
[10.347s] INFO:colcon.colcon_core.shell:Creating package descriptor '/home/jone/ws_moveit/install/moveit_core/share/moveit_core/package.dsv'
[10.348s] INFO:colcon.colcon_core.shell:Creating package script '/home/jone/ws_moveit/install/moveit_core/share/moveit_core/package.sh'
[10.348s] INFO:colcon.colcon_core.shell:Creating package script '/home/jone/ws_moveit/install/moveit_core/share/moveit_core/package.bash'
[10.348s] INFO:colcon.colcon_core.shell:Creating package script '/home/jone/ws_moveit/install/moveit_core/share/moveit_core/package.zsh'
[10.349s] Level 1:colcon.colcon_core.environment:create_file_with_runtime_dependencies(/home/jone/ws_moveit/install/moveit_core/share/colcon-core/packages/moveit_core)
[10.349s] DEBUG:colcon.colcon_core.executor.sequential:run_until_complete 'moveit_core' finished with '0'
[10.349s] DEBUG:colcon.colcon_core.executor.sequential:run_until_complete 'moveit_resources'
[10.349s] INFO:colcon.colcon_ros.task.ament_cmake.build:Building ROS package in '/home/jone/ws_moveit/src/moveit_resources/moveit_resources' with build type 'ament_cmake'
[10.349s] INFO:colcon.colcon_cmake.task.cmake.build:Building CMake package in '/home/jone/ws_moveit/src/moveit_resources/moveit_resources'
[10.349s] INFO:colcon.colcon_core.shell:Skip shell extension 'powershell' for command environment: Not usable outside of PowerShell
[10.349s] DEBUG:colcon.colcon_core.shell:Skip shell extension 'dsv' for command environment
[10.361s] DEBUG:colcon.colcon_core.event_handler.log_command:Invoking command in '/home/jone/ws_moveit/build/moveit_resources': AMENT_PREFIX_PATH=/home/jone/ws_moveit/install/moveit_resources_panda_moveit_config:/home/jone/ws_moveit/install/moveit_resources_fanuc_moveit_config:/home/jone/ws_moveit/install/moveit_resources_pr2_description:/home/jone/ws_moveit/install/moveit_resources_panda_description:/home/jone/ws_moveit/install/moveit_resources_fanuc_description:${AMENT_PREFIX_PATH} CMAKE_PREFIX_PATH=/home/jone/ws_moveit/install/moveit_resources_panda_moveit_config:/home/jone/ws_moveit/install/moveit_resources_fanuc_moveit_config:/home/jone/ws_moveit/install/moveit_resources_pr2_description:/home/jone/ws_moveit/install/moveit_resources_panda_description:/home/jone/ws_moveit/install/moveit_resources_fanuc_description:/opt/ros/humble /usr/bin/cmake /home/jone/ws_moveit/src/moveit_resources/moveit_resources -DCMAKE_INSTALL_PREFIX=/home/jone/ws_moveit/install/moveit_resources
[10.566s] DEBUG:colcon.colcon_core.event_handler.log_command:Invoked command in '/home/jone/ws_moveit/build/moveit_resources' returned '0': AMENT_PREFIX_PATH=/home/jone/ws_moveit/install/moveit_resources_panda_moveit_config:/home/jone/ws_moveit/install/moveit_resources_fanuc_moveit_config:/home/jone/ws_moveit/install/moveit_resources_pr2_description:/home/jone/ws_moveit/install/moveit_resources_panda_description:/home/jone/ws_moveit/install/moveit_resources_fanuc_description:${AMENT_PREFIX_PATH} CMAKE_PREFIX_PATH=/home/jone/ws_moveit/install/moveit_resources_panda_moveit_config:/home/jone/ws_moveit/install/moveit_resources_fanuc_moveit_config:/home/jone/ws_moveit/install/moveit_resources_pr2_description:/home/jone/ws_moveit/install/moveit_resources_panda_description:/home/jone/ws_moveit/install/moveit_resources_fanuc_description:/opt/ros/humble /usr/bin/cmake /home/jone/ws_moveit/src/moveit_resources/moveit_resources -DCMAKE_INSTALL_PREFIX=/home/jone/ws_moveit/install/moveit_resources
[10.567s] DEBUG:colcon.colcon_core.event_handler.log_command:Invoking command in '/home/jone/ws_moveit/build/moveit_resources': AMENT_PREFIX_PATH=/home/jone/ws_moveit/install/moveit_resources_panda_moveit_config:/home/jone/ws_moveit/install/moveit_resources_fanuc_moveit_config:/home/jone/ws_moveit/install/moveit_resources_pr2_description:/home/jone/ws_moveit/install/moveit_resources_panda_description:/home/jone/ws_moveit/install/moveit_resources_fanuc_description:${AMENT_PREFIX_PATH} CMAKE_PREFIX_PATH=/home/jone/ws_moveit/install/moveit_resources_panda_moveit_config:/home/jone/ws_moveit/install/moveit_resources_fanuc_moveit_config:/home/jone/ws_moveit/install/moveit_resources_pr2_description:/home/jone/ws_moveit/install/moveit_resources_panda_description:/home/jone/ws_moveit/install/moveit_resources_fanuc_description:/opt/ros/humble /usr/bin/cmake --build /home/jone/ws_moveit/build/moveit_resources -- -j16 -l16
[10.600s] DEBUG:colcon.colcon_core.event_handler.log_command:Invoked command in '/home/jone/ws_moveit/build/moveit_resources' returned '0': AMENT_PREFIX_PATH=/home/jone/ws_moveit/install/moveit_resources_panda_moveit_config:/home/jone/ws_moveit/install/moveit_resources_fanuc_moveit_config:/home/jone/ws_moveit/install/moveit_resources_pr2_description:/home/jone/ws_moveit/install/moveit_resources_panda_description:/home/jone/ws_moveit/install/moveit_resources_fanuc_description:${AMENT_PREFIX_PATH} CMAKE_PREFIX_PATH=/home/jone/ws_moveit/install/moveit_resources_panda_moveit_config:/home/jone/ws_moveit/install/moveit_resources_fanuc_moveit_config:/home/jone/ws_moveit/install/moveit_resources_pr2_description:/home/jone/ws_moveit/install/moveit_resources_panda_description:/home/jone/ws_moveit/install/moveit_resources_fanuc_description:/opt/ros/humble /usr/bin/cmake --build /home/jone/ws_moveit/build/moveit_resources -- -j16 -l16
[10.610s] DEBUG:colcon.colcon_core.event_handler.log_command:Invoking command in '/home/jone/ws_moveit/build/moveit_resources': AMENT_PREFIX_PATH=/home/jone/ws_moveit/install/moveit_resources_panda_moveit_config:/home/jone/ws_moveit/install/moveit_resources_fanuc_moveit_config:/home/jone/ws_moveit/install/moveit_resources_pr2_description:/home/jone/ws_moveit/install/moveit_resources_panda_description:/home/jone/ws_moveit/install/moveit_resources_fanuc_description:${AMENT_PREFIX_PATH} CMAKE_PREFIX_PATH=/home/jone/ws_moveit/install/moveit_resources_panda_moveit_config:/home/jone/ws_moveit/install/moveit_resources_fanuc_moveit_config:/home/jone/ws_moveit/install/moveit_resources_pr2_description:/home/jone/ws_moveit/install/moveit_resources_panda_description:/home/jone/ws_moveit/install/moveit_resources_fanuc_description:/opt/ros/humble /usr/bin/cmake --install /home/jone/ws_moveit/build/moveit_resources
[10.619s] Level 1:colcon.colcon_core.environment:create_environment_scripts_only(moveit_resources)
[10.619s] Level 1:colcon.colcon_core.environment:checking '/home/jone/ws_moveit/install/moveit_resources' for CMake module files
[10.619s] DEBUG:colcon.colcon_core.event_handler.log_command:Invoked command in '/home/jone/ws_moveit/build/moveit_resources' returned '0': AMENT_PREFIX_PATH=/home/jone/ws_moveit/install/moveit_resources_panda_moveit_config:/home/jone/ws_moveit/install/moveit_resources_fanuc_moveit_config:/home/jone/ws_moveit/install/moveit_resources_pr2_description:/home/jone/ws_moveit/install/moveit_resources_panda_description:/home/jone/ws_moveit/install/moveit_resources_fanuc_description:${AMENT_PREFIX_PATH} CMAKE_PREFIX_PATH=/home/jone/ws_moveit/install/moveit_resources_panda_moveit_config:/home/jone/ws_moveit/install/moveit_resources_fanuc_moveit_config:/home/jone/ws_moveit/install/moveit_resources_pr2_description:/home/jone/ws_moveit/install/moveit_resources_panda_description:/home/jone/ws_moveit/install/moveit_resources_fanuc_description:/opt/ros/humble /usr/bin/cmake --install /home/jone/ws_moveit/build/moveit_resources
[10.620s] Level 1:colcon.colcon_core.environment:checking '/home/jone/ws_moveit/install/moveit_resources' for CMake config files
[10.620s] Level 1:colcon.colcon_core.shell:create_environment_hook('moveit_resources', 'cmake_prefix_path')
[10.620s] INFO:colcon.colcon_core.shell:Creating environment hook '/home/jone/ws_moveit/install/moveit_resources/share/moveit_resources/hook/cmake_prefix_path.ps1'
[10.620s] INFO:colcon.colcon_core.shell:Creating environment descriptor '/home/jone/ws_moveit/install/moveit_resources/share/moveit_resources/hook/cmake_prefix_path.dsv'
[10.621s] INFO:colcon.colcon_core.shell:Creating environment hook '/home/jone/ws_moveit/install/moveit_resources/share/moveit_resources/hook/cmake_prefix_path.sh'
[10.621s] Level 1:colcon.colcon_core.environment:checking '/home/jone/ws_moveit/install/moveit_resources/bin'
[10.621s] Level 1:colcon.colcon_core.environment:checking '/home/jone/ws_moveit/install/moveit_resources/lib/pkgconfig/moveit_resources.pc'
[10.621s] Level 1:colcon.colcon_core.environment:checking '/home/jone/ws_moveit/install/moveit_resources/lib/python3.10/site-packages'
[10.622s] Level 1:colcon.colcon_core.environment:checking '/home/jone/ws_moveit/install/moveit_resources/bin'
[10.622s] INFO:colcon.colcon_core.shell:Creating package script '/home/jone/ws_moveit/install/moveit_resources/share/moveit_resources/package.ps1'
[10.622s] INFO:colcon.colcon_core.shell:Creating package descriptor '/home/jone/ws_moveit/install/moveit_resources/share/moveit_resources/package.dsv'
[10.622s] INFO:colcon.colcon_core.shell:Creating package script '/home/jone/ws_moveit/install/moveit_resources/share/moveit_resources/package.sh'
[10.623s] INFO:colcon.colcon_core.shell:Creating package script '/home/jone/ws_moveit/install/moveit_resources/share/moveit_resources/package.bash'
[10.623s] INFO:colcon.colcon_core.shell:Creating package script '/home/jone/ws_moveit/install/moveit_resources/share/moveit_resources/package.zsh'
[10.623s] Level 1:colcon.colcon_core.environment:create_file_with_runtime_dependencies(/home/jone/ws_moveit/install/moveit_resources/share/colcon-core/packages/moveit_resources)
[10.624s] Level 1:colcon.colcon_core.environment:create_environment_scripts_only(moveit_resources)
[10.624s] Level 1:colcon.colcon_core.environment:checking '/home/jone/ws_moveit/install/moveit_resources' for CMake module files
[10.624s] Level 1:colcon.colcon_core.environment:checking '/home/jone/ws_moveit/install/moveit_resources' for CMake config files
[10.624s] Level 1:colcon.colcon_core.shell:create_environment_hook('moveit_resources', 'cmake_prefix_path')
[10.624s] INFO:colcon.colcon_core.shell:Creating environment hook '/home/jone/ws_moveit/install/moveit_resources/share/moveit_resources/hook/cmake_prefix_path.ps1'
[10.625s] INFO:colcon.colcon_core.shell:Creating environment descriptor '/home/jone/ws_moveit/install/moveit_resources/share/moveit_resources/hook/cmake_prefix_path.dsv'
[10.625s] INFO:colcon.colcon_core.shell:Creating environment hook '/home/jone/ws_moveit/install/moveit_resources/share/moveit_resources/hook/cmake_prefix_path.sh'
[10.625s] Level 1:colcon.colcon_core.environment:checking '/home/jone/ws_moveit/install/moveit_resources/bin'
[10.625s] Level 1:colcon.colcon_core.environment:checking '/home/jone/ws_moveit/install/moveit_resources/lib/pkgconfig/moveit_resources.pc'
[10.626s] Level 1:colcon.colcon_core.environment:checking '/home/jone/ws_moveit/install/moveit_resources/lib/python3.10/site-packages'
[10.626s] Level 1:colcon.colcon_core.environment:checking '/home/jone/ws_moveit/install/moveit_resources/bin'
[10.626s] INFO:colcon.colcon_core.shell:Creating package script '/home/jone/ws_moveit/install/moveit_resources/share/moveit_resources/package.ps1'
[10.626s] INFO:colcon.colcon_core.shell:Creating package descriptor '/home/jone/ws_moveit/install/moveit_resources/share/moveit_resources/package.dsv'
[10.627s] INFO:colcon.colcon_core.shell:Creating package script '/home/jone/ws_moveit/install/moveit_resources/share/moveit_resources/package.sh'
[10.627s] INFO:colcon.colcon_core.shell:Creating package script '/home/jone/ws_moveit/install/moveit_resources/share/moveit_resources/package.bash'
[10.627s] INFO:colcon.colcon_core.shell:Creating package script '/home/jone/ws_moveit/install/moveit_resources/share/moveit_resources/package.zsh'
[10.628s] Level 1:colcon.colcon_core.environment:create_file_with_runtime_dependencies(/home/jone/ws_moveit/install/moveit_resources/share/colcon-core/packages/moveit_resources)
[10.628s] DEBUG:colcon.colcon_core.executor.sequential:run_until_complete 'moveit_resources' finished with '0'
[10.628s] DEBUG:colcon.colcon_core.executor.sequential:run_until_complete 'chomp_motion_planner'
[10.628s] INFO:colcon.colcon_ros.task.ament_cmake.build:Building ROS package in '/home/jone/ws_moveit/src/moveit2/moveit_planners/chomp/chomp_motion_planner' with build type 'ament_cmake'
[10.628s] INFO:colcon.colcon_cmake.task.cmake.build:Building CMake package in '/home/jone/ws_moveit/src/moveit2/moveit_planners/chomp/chomp_motion_planner'
[10.628s] INFO:colcon.colcon_core.shell:Skip shell extension 'powershell' for command environment: Not usable outside of PowerShell
[10.628s] DEBUG:colcon.colcon_core.shell:Skip shell extension 'dsv' for command environment
[10.643s] DEBUG:colcon.colcon_core.event_handler.log_command:Invoking command in '/home/jone/ws_moveit/build/chomp_motion_planner': AMENT_PREFIX_PATH=/home/jone/ws_moveit/install/moveit_core:/home/jone/ws_moveit/install/moveit_resources_panda_moveit_config:/home/jone/ws_moveit/install/srdfdom:/home/jone/ws_moveit/install/moveit_resources_pr2_description:/home/jone/ws_moveit/install/moveit_resources_panda_description:/home/jone/ws_moveit/install/moveit_common:${AMENT_PREFIX_PATH} CMAKE_PREFIX_PATH=/home/jone/ws_moveit/install/moveit_core:/home/jone/ws_moveit/install/moveit_resources_panda_moveit_config:/home/jone/ws_moveit/install/srdfdom:/home/jone/ws_moveit/install/moveit_resources_pr2_description:/home/jone/ws_moveit/install/moveit_resources_panda_description:/home/jone/ws_moveit/install/moveit_common:/opt/ros/humble LD_LIBRARY_PATH=/home/jone/ws_moveit/install/moveit_core/lib:/home/jone/ws_moveit/install/srdfdom/lib:/opt/ros/humble/opt/rviz_ogre_vendor/lib:/opt/ros/humble/lib/x86_64-linux-gnu:/opt/ros/humble/lib:/usr/lib/x86_64-linux-gnu/gazebo-11/plugins:/usr/lib/x86_64-linux-gnu/gazebo-11/plugins:/usr/lib/x86_64-linux-gnu/gazebo-11/plugins PATH=/home/jone/ws_moveit/install/moveit_core/bin:${PATH} PYTHONPATH=/home/jone/ws_moveit/install/srdfdom/local/lib/python3.10/dist-packages:${PYTHONPATH} /usr/bin/cmake /home/jone/ws_moveit/src/moveit2/moveit_planners/chomp/chomp_motion_planner -DCMAKE_INSTALL_PREFIX=/home/jone/ws_moveit/install/chomp_motion_planner
[11.383s] DEBUG:colcon.colcon_core.event_handler.log_command:Invoked command in '/home/jone/ws_moveit/build/chomp_motion_planner' returned '0': AMENT_PREFIX_PATH=/home/jone/ws_moveit/install/moveit_core:/home/jone/ws_moveit/install/moveit_resources_panda_moveit_config:/home/jone/ws_moveit/install/srdfdom:/home/jone/ws_moveit/install/moveit_resources_pr2_description:/home/jone/ws_moveit/install/moveit_resources_panda_description:/home/jone/ws_moveit/install/moveit_common:${AMENT_PREFIX_PATH} CMAKE_PREFIX_PATH=/home/jone/ws_moveit/install/moveit_core:/home/jone/ws_moveit/install/moveit_resources_panda_moveit_config:/home/jone/ws_moveit/install/srdfdom:/home/jone/ws_moveit/install/moveit_resources_pr2_description:/home/jone/ws_moveit/install/moveit_resources_panda_description:/home/jone/ws_moveit/install/moveit_common:/opt/ros/humble LD_LIBRARY_PATH=/home/jone/ws_moveit/install/moveit_core/lib:/home/jone/ws_moveit/install/srdfdom/lib:/opt/ros/humble/opt/rviz_ogre_vendor/lib:/opt/ros/humble/lib/x86_64-linux-gnu:/opt/ros/humble/lib:/usr/lib/x86_64-linux-gnu/gazebo-11/plugins:/usr/lib/x86_64-linux-gnu/gazebo-11/plugins:/usr/lib/x86_64-linux-gnu/gazebo-11/plugins PATH=/home/jone/ws_moveit/install/moveit_core/bin:${PATH} PYTHONPATH=/home/jone/ws_moveit/install/srdfdom/local/lib/python3.10/dist-packages:${PYTHONPATH} /usr/bin/cmake /home/jone/ws_moveit/src/moveit2/moveit_planners/chomp/chomp_motion_planner -DCMAKE_INSTALL_PREFIX=/home/jone/ws_moveit/install/chomp_motion_planner
[11.384s] DEBUG:colcon.colcon_core.event_handler.log_command:Invoking command in '/home/jone/ws_moveit/build/chomp_motion_planner': AMENT_PREFIX_PATH=/home/jone/ws_moveit/install/moveit_core:/home/jone/ws_moveit/install/moveit_resources_panda_moveit_config:/home/jone/ws_moveit/install/srdfdom:/home/jone/ws_moveit/install/moveit_resources_pr2_description:/home/jone/ws_moveit/install/moveit_resources_panda_description:/home/jone/ws_moveit/install/moveit_common:${AMENT_PREFIX_PATH} CMAKE_PREFIX_PATH=/home/jone/ws_moveit/install/moveit_core:/home/jone/ws_moveit/install/moveit_resources_panda_moveit_config:/home/jone/ws_moveit/install/srdfdom:/home/jone/ws_moveit/install/moveit_resources_pr2_description:/home/jone/ws_moveit/install/moveit_resources_panda_description:/home/jone/ws_moveit/install/moveit_common:/opt/ros/humble LD_LIBRARY_PATH=/home/jone/ws_moveit/install/moveit_core/lib:/home/jone/ws_moveit/install/srdfdom/lib:/opt/ros/humble/opt/rviz_ogre_vendor/lib:/opt/ros/humble/lib/x86_64-linux-gnu:/opt/ros/humble/lib:/usr/lib/x86_64-linux-gnu/gazebo-11/plugins:/usr/lib/x86_64-linux-gnu/gazebo-11/plugins:/usr/lib/x86_64-linux-gnu/gazebo-11/plugins PATH=/home/jone/ws_moveit/install/moveit_core/bin:${PATH} PYTHONPATH=/home/jone/ws_moveit/install/srdfdom/local/lib/python3.10/dist-packages:${PYTHONPATH} /usr/bin/cmake --build /home/jone/ws_moveit/build/chomp_motion_planner -- -j16 -l16
[11.485s] DEBUG:colcon.colcon_core.event_handler.log_command:Invoked command in '/home/jone/ws_moveit/build/chomp_motion_planner' returned '0': AMENT_PREFIX_PATH=/home/jone/ws_moveit/install/moveit_core:/home/jone/ws_moveit/install/moveit_resources_panda_moveit_config:/home/jone/ws_moveit/install/srdfdom:/home/jone/ws_moveit/install/moveit_resources_pr2_description:/home/jone/ws_moveit/install/moveit_resources_panda_description:/home/jone/ws_moveit/install/moveit_common:${AMENT_PREFIX_PATH} CMAKE_PREFIX_PATH=/home/jone/ws_moveit/install/moveit_core:/home/jone/ws_moveit/install/moveit_resources_panda_moveit_config:/home/jone/ws_moveit/install/srdfdom:/home/jone/ws_moveit/install/moveit_resources_pr2_description:/home/jone/ws_moveit/install/moveit_resources_panda_description:/home/jone/ws_moveit/install/moveit_common:/opt/ros/humble LD_LIBRARY_PATH=/home/jone/ws_moveit/install/moveit_core/lib:/home/jone/ws_moveit/install/srdfdom/lib:/opt/ros/humble/opt/rviz_ogre_vendor/lib:/opt/ros/humble/lib/x86_64-linux-gnu:/opt/ros/humble/lib:/usr/lib/x86_64-linux-gnu/gazebo-11/plugins:/usr/lib/x86_64-linux-gnu/gazebo-11/plugins:/usr/lib/x86_64-linux-gnu/gazebo-11/plugins PATH=/home/jone/ws_moveit/install/moveit_core/bin:${PATH} PYTHONPATH=/home/jone/ws_moveit/install/srdfdom/local/lib/python3.10/dist-packages:${PYTHONPATH} /usr/bin/cmake --build /home/jone/ws_moveit/build/chomp_motion_planner -- -j16 -l16
[11.498s] DEBUG:colcon.colcon_core.event_handler.log_command:Invoking command in '/home/jone/ws_moveit/build/chomp_motion_planner': AMENT_PREFIX_PATH=/home/jone/ws_moveit/install/moveit_core:/home/jone/ws_moveit/install/moveit_resources_panda_moveit_config:/home/jone/ws_moveit/install/srdfdom:/home/jone/ws_moveit/install/moveit_resources_pr2_description:/home/jone/ws_moveit/install/moveit_resources_panda_description:/home/jone/ws_moveit/install/moveit_common:${AMENT_PREFIX_PATH} CMAKE_PREFIX_PATH=/home/jone/ws_moveit/install/moveit_core:/home/jone/ws_moveit/install/moveit_resources_panda_moveit_config:/home/jone/ws_moveit/install/srdfdom:/home/jone/ws_moveit/install/moveit_resources_pr2_description:/home/jone/ws_moveit/install/moveit_resources_panda_description:/home/jone/ws_moveit/install/moveit_common:/opt/ros/humble LD_LIBRARY_PATH=/home/jone/ws_moveit/install/moveit_core/lib:/home/jone/ws_moveit/install/srdfdom/lib:/opt/ros/humble/opt/rviz_ogre_vendor/lib:/opt/ros/humble/lib/x86_64-linux-gnu:/opt/ros/humble/lib:/usr/lib/x86_64-linux-gnu/gazebo-11/plugins:/usr/lib/x86_64-linux-gnu/gazebo-11/plugins:/usr/lib/x86_64-linux-gnu/gazebo-11/plugins PATH=/home/jone/ws_moveit/install/moveit_core/bin:${PATH} PYTHONPATH=/home/jone/ws_moveit/install/srdfdom/local/lib/python3.10/dist-packages:${PYTHONPATH} /usr/bin/cmake --install /home/jone/ws_moveit/build/chomp_motion_planner
[11.510s] Level 1:colcon.colcon_core.environment:create_environment_scripts_only(chomp_motion_planner)
[11.510s] Level 1:colcon.colcon_core.environment:checking '/home/jone/ws_moveit/install/chomp_motion_planner' for CMake module files
[11.510s] DEBUG:colcon.colcon_core.event_handler.log_command:Invoked command in '/home/jone/ws_moveit/build/chomp_motion_planner' returned '0': AMENT_PREFIX_PATH=/home/jone/ws_moveit/install/moveit_core:/home/jone/ws_moveit/install/moveit_resources_panda_moveit_config:/home/jone/ws_moveit/install/srdfdom:/home/jone/ws_moveit/install/moveit_resources_pr2_description:/home/jone/ws_moveit/install/moveit_resources_panda_description:/home/jone/ws_moveit/install/moveit_common:${AMENT_PREFIX_PATH} CMAKE_PREFIX_PATH=/home/jone/ws_moveit/install/moveit_core:/home/jone/ws_moveit/install/moveit_resources_panda_moveit_config:/home/jone/ws_moveit/install/srdfdom:/home/jone/ws_moveit/install/moveit_resources_pr2_description:/home/jone/ws_moveit/install/moveit_resources_panda_description:/home/jone/ws_moveit/install/moveit_common:/opt/ros/humble LD_LIBRARY_PATH=/home/jone/ws_moveit/install/moveit_core/lib:/home/jone/ws_moveit/install/srdfdom/lib:/opt/ros/humble/opt/rviz_ogre_vendor/lib:/opt/ros/humble/lib/x86_64-linux-gnu:/opt/ros/humble/lib:/usr/lib/x86_64-linux-gnu/gazebo-11/plugins:/usr/lib/x86_64-linux-gnu/gazebo-11/plugins:/usr/lib/x86_64-linux-gnu/gazebo-11/plugins PATH=/home/jone/ws_moveit/install/moveit_core/bin:${PATH} PYTHONPATH=/home/jone/ws_moveit/install/srdfdom/local/lib/python3.10/dist-packages:${PYTHONPATH} /usr/bin/cmake --install /home/jone/ws_moveit/build/chomp_motion_planner
[11.511s] Level 1:colcon.colcon_core.environment:checking '/home/jone/ws_moveit/install/chomp_motion_planner' for CMake config files
[11.511s] Level 1:colcon.colcon_core.shell:create_environment_hook('chomp_motion_planner', 'cmake_prefix_path')
[11.511s] INFO:colcon.colcon_core.shell:Creating environment hook '/home/jone/ws_moveit/install/chomp_motion_planner/share/chomp_motion_planner/hook/cmake_prefix_path.ps1'
[11.512s] INFO:colcon.colcon_core.shell:Creating environment descriptor '/home/jone/ws_moveit/install/chomp_motion_planner/share/chomp_motion_planner/hook/cmake_prefix_path.dsv'
[11.512s] INFO:colcon.colcon_core.shell:Creating environment hook '/home/jone/ws_moveit/install/chomp_motion_planner/share/chomp_motion_planner/hook/cmake_prefix_path.sh'
[11.512s] Level 1:colcon.colcon_core.environment:checking '/home/jone/ws_moveit/install/chomp_motion_planner/lib'
[11.513s] Level 1:colcon.colcon_core.shell:create_environment_hook('chomp_motion_planner', 'ld_library_path_lib')
[11.513s] INFO:colcon.colcon_core.shell:Creating environment hook '/home/jone/ws_moveit/install/chomp_motion_planner/share/chomp_motion_planner/hook/ld_library_path_lib.ps1'
[11.513s] INFO:colcon.colcon_core.shell:Creating environment descriptor '/home/jone/ws_moveit/install/chomp_motion_planner/share/chomp_motion_planner/hook/ld_library_path_lib.dsv'
[11.513s] INFO:colcon.colcon_core.shell:Creating environment hook '/home/jone/ws_moveit/install/chomp_motion_planner/share/chomp_motion_planner/hook/ld_library_path_lib.sh'
[11.514s] Level 1:colcon.colcon_core.environment:checking '/home/jone/ws_moveit/install/chomp_motion_planner/bin'
[11.514s] Level 1:colcon.colcon_core.environment:checking '/home/jone/ws_moveit/install/chomp_motion_planner/lib/pkgconfig/chomp_motion_planner.pc'
[11.514s] Level 1:colcon.colcon_core.environment:checking '/home/jone/ws_moveit/install/chomp_motion_planner/lib/python3.10/site-packages'
[11.514s] Level 1:colcon.colcon_core.environment:checking '/home/jone/ws_moveit/install/chomp_motion_planner/bin'
[11.515s] INFO:colcon.colcon_core.shell:Creating package script '/home/jone/ws_moveit/install/chomp_motion_planner/share/chomp_motion_planner/package.ps1'
[11.515s] INFO:colcon.colcon_core.shell:Creating package descriptor '/home/jone/ws_moveit/install/chomp_motion_planner/share/chomp_motion_planner/package.dsv'
[11.515s] INFO:colcon.colcon_core.shell:Creating package script '/home/jone/ws_moveit/install/chomp_motion_planner/share/chomp_motion_planner/package.sh'
[11.516s] INFO:colcon.colcon_core.shell:Creating package script '/home/jone/ws_moveit/install/chomp_motion_planner/share/chomp_motion_planner/package.bash'
[11.516s] INFO:colcon.colcon_core.shell:Creating package script '/home/jone/ws_moveit/install/chomp_motion_planner/share/chomp_motion_planner/package.zsh'
[11.516s] Level 1:colcon.colcon_core.environment:create_file_with_runtime_dependencies(/home/jone/ws_moveit/install/chomp_motion_planner/share/colcon-core/packages/chomp_motion_planner)
[11.517s] Level 1:colcon.colcon_core.environment:create_environment_scripts_only(chomp_motion_planner)
[11.517s] Level 1:colcon.colcon_core.environment:checking '/home/jone/ws_moveit/install/chomp_motion_planner' for CMake module files
[11.517s] Level 1:colcon.colcon_core.environment:checking '/home/jone/ws_moveit/install/chomp_motion_planner' for CMake config files
[11.517s] Level 1:colcon.colcon_core.shell:create_environment_hook('chomp_motion_planner', 'cmake_prefix_path')
[11.518s] INFO:colcon.colcon_core.shell:Creating environment hook '/home/jone/ws_moveit/install/chomp_motion_planner/share/chomp_motion_planner/hook/cmake_prefix_path.ps1'
[11.518s] INFO:colcon.colcon_core.shell:Creating environment descriptor '/home/jone/ws_moveit/install/chomp_motion_planner/share/chomp_motion_planner/hook/cmake_prefix_path.dsv'
[11.518s] INFO:colcon.colcon_core.shell:Creating environment hook '/home/jone/ws_moveit/install/chomp_motion_planner/share/chomp_motion_planner/hook/cmake_prefix_path.sh'
[11.518s] Level 1:colcon.colcon_core.environment:checking '/home/jone/ws_moveit/install/chomp_motion_planner/lib'
[11.519s] Level 1:colcon.colcon_core.shell:create_environment_hook('chomp_motion_planner', 'ld_library_path_lib')
[11.519s] INFO:colcon.colcon_core.shell:Creating environment hook '/home/jone/ws_moveit/install/chomp_motion_planner/share/chomp_motion_planner/hook/ld_library_path_lib.ps1'
[11.519s] INFO:colcon.colcon_core.shell:Creating environment descriptor '/home/jone/ws_moveit/install/chomp_motion_planner/share/chomp_motion_planner/hook/ld_library_path_lib.dsv'
[11.519s] INFO:colcon.colcon_core.shell:Creating environment hook '/home/jone/ws_moveit/install/chomp_motion_planner/share/chomp_motion_planner/hook/ld_library_path_lib.sh'
[11.520s] Level 1:colcon.colcon_core.environment:checking '/home/jone/ws_moveit/install/chomp_motion_planner/bin'
[11.520s] Level 1:colcon.colcon_core.environment:checking '/home/jone/ws_moveit/install/chomp_motion_planner/lib/pkgconfig/chomp_motion_planner.pc'
[11.520s] Level 1:colcon.colcon_core.environment:checking '/home/jone/ws_moveit/install/chomp_motion_planner/lib/python3.10/site-packages'
[11.520s] Level 1:colcon.colcon_core.environment:checking '/home/jone/ws_moveit/install/chomp_motion_planner/bin'
[11.521s] INFO:colcon.colcon_core.shell:Creating package script '/home/jone/ws_moveit/install/chomp_motion_planner/share/chomp_motion_planner/package.ps1'
[11.521s] INFO:colcon.colcon_core.shell:Creating package descriptor '/home/jone/ws_moveit/install/chomp_motion_planner/share/chomp_motion_planner/package.dsv'
[11.521s] INFO:colcon.colcon_core.shell:Creating package script '/home/jone/ws_moveit/install/chomp_motion_planner/share/chomp_motion_planner/package.sh'
[11.522s] INFO:colcon.colcon_core.shell:Creating package script '/home/jone/ws_moveit/install/chomp_motion_planner/share/chomp_motion_planner/package.bash'
[11.522s] INFO:colcon.colcon_core.shell:Creating package script '/home/jone/ws_moveit/install/chomp_motion_planner/share/chomp_motion_planner/package.zsh'
[11.522s] Level 1:colcon.colcon_core.environment:create_file_with_runtime_dependencies(/home/jone/ws_moveit/install/chomp_motion_planner/share/colcon-core/packages/chomp_motion_planner)
[11.523s] DEBUG:colcon.colcon_core.executor.sequential:run_until_complete 'chomp_motion_planner' finished with '0'
[11.523s] DEBUG:colcon.colcon_core.executor.sequential:run_until_complete 'moveit_resources_prbt_ikfast_manipulator_plugin'
[11.523s] INFO:colcon.colcon_ros.task.ament_cmake.build:Building ROS package in '/home/jone/ws_moveit/src/moveit2/moveit_planners/test_configs/prbt_ikfast_manipulator_plugin' with build type 'ament_cmake'
[11.523s] INFO:colcon.colcon_cmake.task.cmake.build:Building CMake package in '/home/jone/ws_moveit/src/moveit2/moveit_planners/test_configs/prbt_ikfast_manipulator_plugin'
[11.523s] INFO:colcon.colcon_core.shell:Skip shell extension 'powershell' for command environment: Not usable outside of PowerShell
[11.523s] DEBUG:colcon.colcon_core.shell:Skip shell extension 'dsv' for command environment
[11.539s] DEBUG:colcon.colcon_core.event_handler.log_command:Invoking command in '/home/jone/ws_moveit/build/moveit_resources_prbt_ikfast_manipulator_plugin': AMENT_PREFIX_PATH=/home/jone/ws_moveit/install/moveit_core:/home/jone/ws_moveit/install/moveit_resources_panda_moveit_config:/home/jone/ws_moveit/install/srdfdom:/home/jone/ws_moveit/install/moveit_resources_pr2_description:/home/jone/ws_moveit/install/moveit_resources_panda_description:/home/jone/ws_moveit/install/moveit_common:${AMENT_PREFIX_PATH} CMAKE_PREFIX_PATH=/home/jone/ws_moveit/install/moveit_core:/home/jone/ws_moveit/install/moveit_resources_panda_moveit_config:/home/jone/ws_moveit/install/srdfdom:/home/jone/ws_moveit/install/moveit_resources_pr2_description:/home/jone/ws_moveit/install/moveit_resources_panda_description:/home/jone/ws_moveit/install/moveit_common:/opt/ros/humble LD_LIBRARY_PATH=/home/jone/ws_moveit/install/moveit_core/lib:/home/jone/ws_moveit/install/srdfdom/lib:/opt/ros/humble/opt/rviz_ogre_vendor/lib:/opt/ros/humble/lib/x86_64-linux-gnu:/opt/ros/humble/lib:/usr/lib/x86_64-linux-gnu/gazebo-11/plugins:/usr/lib/x86_64-linux-gnu/gazebo-11/plugins:/usr/lib/x86_64-linux-gnu/gazebo-11/plugins PATH=/home/jone/ws_moveit/install/moveit_core/bin:${PATH} PYTHONPATH=/home/jone/ws_moveit/install/srdfdom/local/lib/python3.10/dist-packages:${PYTHONPATH} /usr/bin/cmake /home/jone/ws_moveit/src/moveit2/moveit_planners/test_configs/prbt_ikfast_manipulator_plugin -DCMAKE_INSTALL_PREFIX=/home/jone/ws_moveit/install/moveit_resources_prbt_ikfast_manipulator_plugin
[12.255s] DEBUG:colcon.colcon_core.event_handler.log_command:Invoked command in '/home/jone/ws_moveit/build/moveit_resources_prbt_ikfast_manipulator_plugin' returned '0': AMENT_PREFIX_PATH=/home/jone/ws_moveit/install/moveit_core:/home/jone/ws_moveit/install/moveit_resources_panda_moveit_config:/home/jone/ws_moveit/install/srdfdom:/home/jone/ws_moveit/install/moveit_resources_pr2_description:/home/jone/ws_moveit/install/moveit_resources_panda_description:/home/jone/ws_moveit/install/moveit_common:${AMENT_PREFIX_PATH} CMAKE_PREFIX_PATH=/home/jone/ws_moveit/install/moveit_core:/home/jone/ws_moveit/install/moveit_resources_panda_moveit_config:/home/jone/ws_moveit/install/srdfdom:/home/jone/ws_moveit/install/moveit_resources_pr2_description:/home/jone/ws_moveit/install/moveit_resources_panda_description:/home/jone/ws_moveit/install/moveit_common:/opt/ros/humble LD_LIBRARY_PATH=/home/jone/ws_moveit/install/moveit_core/lib:/home/jone/ws_moveit/install/srdfdom/lib:/opt/ros/humble/opt/rviz_ogre_vendor/lib:/opt/ros/humble/lib/x86_64-linux-gnu:/opt/ros/humble/lib:/usr/lib/x86_64-linux-gnu/gazebo-11/plugins:/usr/lib/x86_64-linux-gnu/gazebo-11/plugins:/usr/lib/x86_64-linux-gnu/gazebo-11/plugins PATH=/home/jone/ws_moveit/install/moveit_core/bin:${PATH} PYTHONPATH=/home/jone/ws_moveit/install/srdfdom/local/lib/python3.10/dist-packages:${PYTHONPATH} /usr/bin/cmake /home/jone/ws_moveit/src/moveit2/moveit_planners/test_configs/prbt_ikfast_manipulator_plugin -DCMAKE_INSTALL_PREFIX=/home/jone/ws_moveit/install/moveit_resources_prbt_ikfast_manipulator_plugin
[12.256s] DEBUG:colcon.colcon_core.event_handler.log_command:Invoking command in '/home/jone/ws_moveit/build/moveit_resources_prbt_ikfast_manipulator_plugin': AMENT_PREFIX_PATH=/home/jone/ws_moveit/install/moveit_core:/home/jone/ws_moveit/install/moveit_resources_panda_moveit_config:/home/jone/ws_moveit/install/srdfdom:/home/jone/ws_moveit/install/moveit_resources_pr2_description:/home/jone/ws_moveit/install/moveit_resources_panda_description:/home/jone/ws_moveit/install/moveit_common:${AMENT_PREFIX_PATH} CMAKE_PREFIX_PATH=/home/jone/ws_moveit/install/moveit_core:/home/jone/ws_moveit/install/moveit_resources_panda_moveit_config:/home/jone/ws_moveit/install/srdfdom:/home/jone/ws_moveit/install/moveit_resources_pr2_description:/home/jone/ws_moveit/install/moveit_resources_panda_description:/home/jone/ws_moveit/install/moveit_common:/opt/ros/humble LD_LIBRARY_PATH=/home/jone/ws_moveit/install/moveit_core/lib:/home/jone/ws_moveit/install/srdfdom/lib:/opt/ros/humble/opt/rviz_ogre_vendor/lib:/opt/ros/humble/lib/x86_64-linux-gnu:/opt/ros/humble/lib:/usr/lib/x86_64-linux-gnu/gazebo-11/plugins:/usr/lib/x86_64-linux-gnu/gazebo-11/plugins:/usr/lib/x86_64-linux-gnu/gazebo-11/plugins PATH=/home/jone/ws_moveit/install/moveit_core/bin:${PATH} PYTHONPATH=/home/jone/ws_moveit/install/srdfdom/local/lib/python3.10/dist-packages:${PYTHONPATH} /usr/bin/cmake --build /home/jone/ws_moveit/build/moveit_resources_prbt_ikfast_manipulator_plugin -- -j16 -l16
[12.333s] DEBUG:colcon.colcon_core.event_handler.log_command:Invoked command in '/home/jone/ws_moveit/build/moveit_resources_prbt_ikfast_manipulator_plugin' returned '0': AMENT_PREFIX_PATH=/home/jone/ws_moveit/install/moveit_core:/home/jone/ws_moveit/install/moveit_resources_panda_moveit_config:/home/jone/ws_moveit/install/srdfdom:/home/jone/ws_moveit/install/moveit_resources_pr2_description:/home/jone/ws_moveit/install/moveit_resources_panda_description:/home/jone/ws_moveit/install/moveit_common:${AMENT_PREFIX_PATH} CMAKE_PREFIX_PATH=/home/jone/ws_moveit/install/moveit_core:/home/jone/ws_moveit/install/moveit_resources_panda_moveit_config:/home/jone/ws_moveit/install/srdfdom:/home/jone/ws_moveit/install/moveit_resources_pr2_description:/home/jone/ws_moveit/install/moveit_resources_panda_description:/home/jone/ws_moveit/install/moveit_common:/opt/ros/humble LD_LIBRARY_PATH=/home/jone/ws_moveit/install/moveit_core/lib:/home/jone/ws_moveit/install/srdfdom/lib:/opt/ros/humble/opt/rviz_ogre_vendor/lib:/opt/ros/humble/lib/x86_64-linux-gnu:/opt/ros/humble/lib:/usr/lib/x86_64-linux-gnu/gazebo-11/plugins:/usr/lib/x86_64-linux-gnu/gazebo-11/plugins:/usr/lib/x86_64-linux-gnu/gazebo-11/plugins PATH=/home/jone/ws_moveit/install/moveit_core/bin:${PATH} PYTHONPATH=/home/jone/ws_moveit/install/srdfdom/local/lib/python3.10/dist-packages:${PYTHONPATH} /usr/bin/cmake --build /home/jone/ws_moveit/build/moveit_resources_prbt_ikfast_manipulator_plugin -- -j16 -l16
[12.334s] DEBUG:colcon.colcon_core.event_handler.log_command:Invoking command in '/home/jone/ws_moveit/build/moveit_resources_prbt_ikfast_manipulator_plugin': AMENT_PREFIX_PATH=/home/jone/ws_moveit/install/moveit_core:/home/jone/ws_moveit/install/moveit_resources_panda_moveit_config:/home/jone/ws_moveit/install/srdfdom:/home/jone/ws_moveit/install/moveit_resources_pr2_description:/home/jone/ws_moveit/install/moveit_resources_panda_description:/home/jone/ws_moveit/install/moveit_common:${AMENT_PREFIX_PATH} CMAKE_PREFIX_PATH=/home/jone/ws_moveit/install/moveit_core:/home/jone/ws_moveit/install/moveit_resources_panda_moveit_config:/home/jone/ws_moveit/install/srdfdom:/home/jone/ws_moveit/install/moveit_resources_pr2_description:/home/jone/ws_moveit/install/moveit_resources_panda_description:/home/jone/ws_moveit/install/moveit_common:/opt/ros/humble LD_LIBRARY_PATH=/home/jone/ws_moveit/install/moveit_core/lib:/home/jone/ws_moveit/install/srdfdom/lib:/opt/ros/humble/opt/rviz_ogre_vendor/lib:/opt/ros/humble/lib/x86_64-linux-gnu:/opt/ros/humble/lib:/usr/lib/x86_64-linux-gnu/gazebo-11/plugins:/usr/lib/x86_64-linux-gnu/gazebo-11/plugins:/usr/lib/x86_64-linux-gnu/gazebo-11/plugins PATH=/home/jone/ws_moveit/install/moveit_core/bin:${PATH} PYTHONPATH=/home/jone/ws_moveit/install/srdfdom/local/lib/python3.10/dist-packages:${PYTHONPATH} /usr/bin/cmake --install /home/jone/ws_moveit/build/moveit_resources_prbt_ikfast_manipulator_plugin
[12.346s] Level 1:colcon.colcon_core.environment:create_environment_scripts_only(moveit_resources_prbt_ikfast_manipulator_plugin)
[12.346s] Level 1:colcon.colcon_core.environment:checking '/home/jone/ws_moveit/install/moveit_resources_prbt_ikfast_manipulator_plugin' for CMake module files
[12.346s] DEBUG:colcon.colcon_core.event_handler.log_command:Invoked command in '/home/jone/ws_moveit/build/moveit_resources_prbt_ikfast_manipulator_plugin' returned '0': AMENT_PREFIX_PATH=/home/jone/ws_moveit/install/moveit_core:/home/jone/ws_moveit/install/moveit_resources_panda_moveit_config:/home/jone/ws_moveit/install/srdfdom:/home/jone/ws_moveit/install/moveit_resources_pr2_description:/home/jone/ws_moveit/install/moveit_resources_panda_description:/home/jone/ws_moveit/install/moveit_common:${AMENT_PREFIX_PATH} CMAKE_PREFIX_PATH=/home/jone/ws_moveit/install/moveit_core:/home/jone/ws_moveit/install/moveit_resources_panda_moveit_config:/home/jone/ws_moveit/install/srdfdom:/home/jone/ws_moveit/install/moveit_resources_pr2_description:/home/jone/ws_moveit/install/moveit_resources_panda_description:/home/jone/ws_moveit/install/moveit_common:/opt/ros/humble LD_LIBRARY_PATH=/home/jone/ws_moveit/install/moveit_core/lib:/home/jone/ws_moveit/install/srdfdom/lib:/opt/ros/humble/opt/rviz_ogre_vendor/lib:/opt/ros/humble/lib/x86_64-linux-gnu:/opt/ros/humble/lib:/usr/lib/x86_64-linux-gnu/gazebo-11/plugins:/usr/lib/x86_64-linux-gnu/gazebo-11/plugins:/usr/lib/x86_64-linux-gnu/gazebo-11/plugins PATH=/home/jone/ws_moveit/install/moveit_core/bin:${PATH} PYTHONPATH=/home/jone/ws_moveit/install/srdfdom/local/lib/python3.10/dist-packages:${PYTHONPATH} /usr/bin/cmake --install /home/jone/ws_moveit/build/moveit_resources_prbt_ikfast_manipulator_plugin
[12.347s] Level 1:colcon.colcon_core.environment:checking '/home/jone/ws_moveit/install/moveit_resources_prbt_ikfast_manipulator_plugin' for CMake config files
[12.347s] Level 1:colcon.colcon_core.shell:create_environment_hook('moveit_resources_prbt_ikfast_manipulator_plugin', 'cmake_prefix_path')
[12.347s] INFO:colcon.colcon_core.shell:Creating environment hook '/home/jone/ws_moveit/install/moveit_resources_prbt_ikfast_manipulator_plugin/share/moveit_resources_prbt_ikfast_manipulator_plugin/hook/cmake_prefix_path.ps1'
[12.348s] INFO:colcon.colcon_core.shell:Creating environment descriptor '/home/jone/ws_moveit/install/moveit_resources_prbt_ikfast_manipulator_plugin/share/moveit_resources_prbt_ikfast_manipulator_plugin/hook/cmake_prefix_path.dsv'
[12.348s] INFO:colcon.colcon_core.shell:Creating environment hook '/home/jone/ws_moveit/install/moveit_resources_prbt_ikfast_manipulator_plugin/share/moveit_resources_prbt_ikfast_manipulator_plugin/hook/cmake_prefix_path.sh'
[12.348s] Level 1:colcon.colcon_core.environment:checking '/home/jone/ws_moveit/install/moveit_resources_prbt_ikfast_manipulator_plugin/lib'
[12.348s] Level 1:colcon.colcon_core.shell:create_environment_hook('moveit_resources_prbt_ikfast_manipulator_plugin', 'ld_library_path_lib')
[12.348s] INFO:colcon.colcon_core.shell:Creating environment hook '/home/jone/ws_moveit/install/moveit_resources_prbt_ikfast_manipulator_plugin/share/moveit_resources_prbt_ikfast_manipulator_plugin/hook/ld_library_path_lib.ps1'
[12.349s] INFO:colcon.colcon_core.shell:Creating environment descriptor '/home/jone/ws_moveit/install/moveit_resources_prbt_ikfast_manipulator_plugin/share/moveit_resources_prbt_ikfast_manipulator_plugin/hook/ld_library_path_lib.dsv'
[12.349s] INFO:colcon.colcon_core.shell:Creating environment hook '/home/jone/ws_moveit/install/moveit_resources_prbt_ikfast_manipulator_plugin/share/moveit_resources_prbt_ikfast_manipulator_plugin/hook/ld_library_path_lib.sh'
[12.349s] Level 1:colcon.colcon_core.environment:checking '/home/jone/ws_moveit/install/moveit_resources_prbt_ikfast_manipulator_plugin/bin'
[12.349s] Level 1:colcon.colcon_core.environment:checking '/home/jone/ws_moveit/install/moveit_resources_prbt_ikfast_manipulator_plugin/lib/pkgconfig/moveit_resources_prbt_ikfast_manipulator_plugin.pc'
[12.349s] Level 1:colcon.colcon_core.environment:checking '/home/jone/ws_moveit/install/moveit_resources_prbt_ikfast_manipulator_plugin/lib/python3.10/site-packages'
[12.350s] Level 1:colcon.colcon_core.environment:checking '/home/jone/ws_moveit/install/moveit_resources_prbt_ikfast_manipulator_plugin/bin'
[12.350s] INFO:colcon.colcon_core.shell:Creating package script '/home/jone/ws_moveit/install/moveit_resources_prbt_ikfast_manipulator_plugin/share/moveit_resources_prbt_ikfast_manipulator_plugin/package.ps1'
[12.350s] INFO:colcon.colcon_core.shell:Creating package descriptor '/home/jone/ws_moveit/install/moveit_resources_prbt_ikfast_manipulator_plugin/share/moveit_resources_prbt_ikfast_manipulator_plugin/package.dsv'
[12.350s] INFO:colcon.colcon_core.shell:Creating package script '/home/jone/ws_moveit/install/moveit_resources_prbt_ikfast_manipulator_plugin/share/moveit_resources_prbt_ikfast_manipulator_plugin/package.sh'
[12.351s] INFO:colcon.colcon_core.shell:Creating package script '/home/jone/ws_moveit/install/moveit_resources_prbt_ikfast_manipulator_plugin/share/moveit_resources_prbt_ikfast_manipulator_plugin/package.bash'
[12.351s] INFO:colcon.colcon_core.shell:Creating package script '/home/jone/ws_moveit/install/moveit_resources_prbt_ikfast_manipulator_plugin/share/moveit_resources_prbt_ikfast_manipulator_plugin/package.zsh'
[12.351s] Level 1:colcon.colcon_core.environment:create_file_with_runtime_dependencies(/home/jone/ws_moveit/install/moveit_resources_prbt_ikfast_manipulator_plugin/share/colcon-core/packages/moveit_resources_prbt_ikfast_manipulator_plugin)
[12.352s] Level 1:colcon.colcon_core.environment:create_environment_scripts_only(moveit_resources_prbt_ikfast_manipulator_plugin)
[12.352s] Level 1:colcon.colcon_core.environment:checking '/home/jone/ws_moveit/install/moveit_resources_prbt_ikfast_manipulator_plugin' for CMake module files
[12.352s] Level 1:colcon.colcon_core.environment:checking '/home/jone/ws_moveit/install/moveit_resources_prbt_ikfast_manipulator_plugin' for CMake config files
[12.352s] Level 1:colcon.colcon_core.shell:create_environment_hook('moveit_resources_prbt_ikfast_manipulator_plugin', 'cmake_prefix_path')
[12.352s] INFO:colcon.colcon_core.shell:Creating environment hook '/home/jone/ws_moveit/install/moveit_resources_prbt_ikfast_manipulator_plugin/share/moveit_resources_prbt_ikfast_manipulator_plugin/hook/cmake_prefix_path.ps1'
[12.353s] INFO:colcon.colcon_core.shell:Creating environment descriptor '/home/jone/ws_moveit/install/moveit_resources_prbt_ikfast_manipulator_plugin/share/moveit_resources_prbt_ikfast_manipulator_plugin/hook/cmake_prefix_path.dsv'
[12.353s] INFO:colcon.colcon_core.shell:Creating environment hook '/home/jone/ws_moveit/install/moveit_resources_prbt_ikfast_manipulator_plugin/share/moveit_resources_prbt_ikfast_manipulator_plugin/hook/cmake_prefix_path.sh'
[12.353s] Level 1:colcon.colcon_core.environment:checking '/home/jone/ws_moveit/install/moveit_resources_prbt_ikfast_manipulator_plugin/lib'
[12.353s] Level 1:colcon.colcon_core.shell:create_environment_hook('moveit_resources_prbt_ikfast_manipulator_plugin', 'ld_library_path_lib')
[12.354s] INFO:colcon.colcon_core.shell:Creating environment hook '/home/jone/ws_moveit/install/moveit_resources_prbt_ikfast_manipulator_plugin/share/moveit_resources_prbt_ikfast_manipulator_plugin/hook/ld_library_path_lib.ps1'
[12.354s] INFO:colcon.colcon_core.shell:Creating environment descriptor '/home/jone/ws_moveit/install/moveit_resources_prbt_ikfast_manipulator_plugin/share/moveit_resources_prbt_ikfast_manipulator_plugin/hook/ld_library_path_lib.dsv'
[12.354s] INFO:colcon.colcon_core.shell:Creating environment hook '/home/jone/ws_moveit/install/moveit_resources_prbt_ikfast_manipulator_plugin/share/moveit_resources_prbt_ikfast_manipulator_plugin/hook/ld_library_path_lib.sh'
[12.354s] Level 1:colcon.colcon_core.environment:checking '/home/jone/ws_moveit/install/moveit_resources_prbt_ikfast_manipulator_plugin/bin'
[12.354s] Level 1:colcon.colcon_core.environment:checking '/home/jone/ws_moveit/install/moveit_resources_prbt_ikfast_manipulator_plugin/lib/pkgconfig/moveit_resources_prbt_ikfast_manipulator_plugin.pc'
[12.354s] Level 1:colcon.colcon_core.environment:checking '/home/jone/ws_moveit/install/moveit_resources_prbt_ikfast_manipulator_plugin/lib/python3.10/site-packages'
[12.355s] Level 1:colcon.colcon_core.environment:checking '/home/jone/ws_moveit/install/moveit_resources_prbt_ikfast_manipulator_plugin/bin'
[12.355s] INFO:colcon.colcon_core.shell:Creating package script '/home/jone/ws_moveit/install/moveit_resources_prbt_ikfast_manipulator_plugin/share/moveit_resources_prbt_ikfast_manipulator_plugin/package.ps1'
[12.355s] INFO:colcon.colcon_core.shell:Creating package descriptor '/home/jone/ws_moveit/install/moveit_resources_prbt_ikfast_manipulator_plugin/share/moveit_resources_prbt_ikfast_manipulator_plugin/package.dsv'
[12.356s] INFO:colcon.colcon_core.shell:Creating package script '/home/jone/ws_moveit/install/moveit_resources_prbt_ikfast_manipulator_plugin/share/moveit_resources_prbt_ikfast_manipulator_plugin/package.sh'
[12.356s] INFO:colcon.colcon_core.shell:Creating package script '/home/jone/ws_moveit/install/moveit_resources_prbt_ikfast_manipulator_plugin/share/moveit_resources_prbt_ikfast_manipulator_plugin/package.bash'
[12.356s] INFO:colcon.colcon_core.shell:Creating package script '/home/jone/ws_moveit/install/moveit_resources_prbt_ikfast_manipulator_plugin/share/moveit_resources_prbt_ikfast_manipulator_plugin/package.zsh'
[12.356s] Level 1:colcon.colcon_core.environment:create_file_with_runtime_dependencies(/home/jone/ws_moveit/install/moveit_resources_prbt_ikfast_manipulator_plugin/share/colcon-core/packages/moveit_resources_prbt_ikfast_manipulator_plugin)
[12.357s] DEBUG:colcon.colcon_core.executor.sequential:run_until_complete 'moveit_resources_prbt_ikfast_manipulator_plugin' finished with '0'
[12.357s] DEBUG:colcon.colcon_core.executor.sequential:run_until_complete 'moveit_ros_occupancy_map_monitor'
[12.357s] INFO:colcon.colcon_ros.task.ament_cmake.build:Building ROS package in '/home/jone/ws_moveit/src/moveit2/moveit_ros/occupancy_map_monitor' with build type 'ament_cmake'
[12.357s] INFO:colcon.colcon_cmake.task.cmake.build:Building CMake package in '/home/jone/ws_moveit/src/moveit2/moveit_ros/occupancy_map_monitor'
[12.357s] INFO:colcon.colcon_core.shell:Skip shell extension 'powershell' for command environment: Not usable outside of PowerShell
[12.357s] DEBUG:colcon.colcon_core.shell:Skip shell extension 'dsv' for command environment
[12.370s] DEBUG:colcon.colcon_core.event_handler.log_command:Invoking command in '/home/jone/ws_moveit/build/moveit_ros_occupancy_map_monitor': AMENT_PREFIX_PATH=/home/jone/ws_moveit/install/moveit_core:/home/jone/ws_moveit/install/moveit_resources_panda_moveit_config:/home/jone/ws_moveit/install/srdfdom:/home/jone/ws_moveit/install/moveit_resources_pr2_description:/home/jone/ws_moveit/install/moveit_resources_panda_description:/home/jone/ws_moveit/install/moveit_common:${AMENT_PREFIX_PATH} CMAKE_PREFIX_PATH=/home/jone/ws_moveit/install/moveit_core:/home/jone/ws_moveit/install/moveit_resources_panda_moveit_config:/home/jone/ws_moveit/install/srdfdom:/home/jone/ws_moveit/install/moveit_resources_pr2_description:/home/jone/ws_moveit/install/moveit_resources_panda_description:/home/jone/ws_moveit/install/moveit_common:/opt/ros/humble LD_LIBRARY_PATH=/home/jone/ws_moveit/install/moveit_core/lib:/home/jone/ws_moveit/install/srdfdom/lib:/opt/ros/humble/opt/rviz_ogre_vendor/lib:/opt/ros/humble/lib/x86_64-linux-gnu:/opt/ros/humble/lib:/usr/lib/x86_64-linux-gnu/gazebo-11/plugins:/usr/lib/x86_64-linux-gnu/gazebo-11/plugins:/usr/lib/x86_64-linux-gnu/gazebo-11/plugins PATH=/home/jone/ws_moveit/install/moveit_core/bin:${PATH} PYTHONPATH=/home/jone/ws_moveit/install/srdfdom/local/lib/python3.10/dist-packages:${PYTHONPATH} /usr/bin/cmake /home/jone/ws_moveit/src/moveit2/moveit_ros/occupancy_map_monitor -DCMAKE_INSTALL_PREFIX=/home/jone/ws_moveit/install/moveit_ros_occupancy_map_monitor
[13.118s] DEBUG:colcon.colcon_core.event_handler.log_command:Invoked command in '/home/jone/ws_moveit/build/moveit_ros_occupancy_map_monitor' returned '0': AMENT_PREFIX_PATH=/home/jone/ws_moveit/install/moveit_core:/home/jone/ws_moveit/install/moveit_resources_panda_moveit_config:/home/jone/ws_moveit/install/srdfdom:/home/jone/ws_moveit/install/moveit_resources_pr2_description:/home/jone/ws_moveit/install/moveit_resources_panda_description:/home/jone/ws_moveit/install/moveit_common:${AMENT_PREFIX_PATH} CMAKE_PREFIX_PATH=/home/jone/ws_moveit/install/moveit_core:/home/jone/ws_moveit/install/moveit_resources_panda_moveit_config:/home/jone/ws_moveit/install/srdfdom:/home/jone/ws_moveit/install/moveit_resources_pr2_description:/home/jone/ws_moveit/install/moveit_resources_panda_description:/home/jone/ws_moveit/install/moveit_common:/opt/ros/humble LD_LIBRARY_PATH=/home/jone/ws_moveit/install/moveit_core/lib:/home/jone/ws_moveit/install/srdfdom/lib:/opt/ros/humble/opt/rviz_ogre_vendor/lib:/opt/ros/humble/lib/x86_64-linux-gnu:/opt/ros/humble/lib:/usr/lib/x86_64-linux-gnu/gazebo-11/plugins:/usr/lib/x86_64-linux-gnu/gazebo-11/plugins:/usr/lib/x86_64-linux-gnu/gazebo-11/plugins PATH=/home/jone/ws_moveit/install/moveit_core/bin:${PATH} PYTHONPATH=/home/jone/ws_moveit/install/srdfdom/local/lib/python3.10/dist-packages:${PYTHONPATH} /usr/bin/cmake /home/jone/ws_moveit/src/moveit2/moveit_ros/occupancy_map_monitor -DCMAKE_INSTALL_PREFIX=/home/jone/ws_moveit/install/moveit_ros_occupancy_map_monitor
[13.120s] DEBUG:colcon.colcon_core.event_handler.log_command:Invoking command in '/home/jone/ws_moveit/build/moveit_ros_occupancy_map_monitor': AMENT_PREFIX_PATH=/home/jone/ws_moveit/install/moveit_core:/home/jone/ws_moveit/install/moveit_resources_panda_moveit_config:/home/jone/ws_moveit/install/srdfdom:/home/jone/ws_moveit/install/moveit_resources_pr2_description:/home/jone/ws_moveit/install/moveit_resources_panda_description:/home/jone/ws_moveit/install/moveit_common:${AMENT_PREFIX_PATH} CMAKE_PREFIX_PATH=/home/jone/ws_moveit/install/moveit_core:/home/jone/ws_moveit/install/moveit_resources_panda_moveit_config:/home/jone/ws_moveit/install/srdfdom:/home/jone/ws_moveit/install/moveit_resources_pr2_description:/home/jone/ws_moveit/install/moveit_resources_panda_description:/home/jone/ws_moveit/install/moveit_common:/opt/ros/humble LD_LIBRARY_PATH=/home/jone/ws_moveit/install/moveit_core/lib:/home/jone/ws_moveit/install/srdfdom/lib:/opt/ros/humble/opt/rviz_ogre_vendor/lib:/opt/ros/humble/lib/x86_64-linux-gnu:/opt/ros/humble/lib:/usr/lib/x86_64-linux-gnu/gazebo-11/plugins:/usr/lib/x86_64-linux-gnu/gazebo-11/plugins:/usr/lib/x86_64-linux-gnu/gazebo-11/plugins PATH=/home/jone/ws_moveit/install/moveit_core/bin:${PATH} PYTHONPATH=/home/jone/ws_moveit/install/srdfdom/local/lib/python3.10/dist-packages:${PYTHONPATH} /usr/bin/cmake --build /home/jone/ws_moveit/build/moveit_ros_occupancy_map_monitor -- -j16 -l16
[13.228s] DEBUG:colcon.colcon_core.event_handler.log_command:Invoked command in '/home/jone/ws_moveit/build/moveit_ros_occupancy_map_monitor' returned '0': AMENT_PREFIX_PATH=/home/jone/ws_moveit/install/moveit_core:/home/jone/ws_moveit/install/moveit_resources_panda_moveit_config:/home/jone/ws_moveit/install/srdfdom:/home/jone/ws_moveit/install/moveit_resources_pr2_description:/home/jone/ws_moveit/install/moveit_resources_panda_description:/home/jone/ws_moveit/install/moveit_common:${AMENT_PREFIX_PATH} CMAKE_PREFIX_PATH=/home/jone/ws_moveit/install/moveit_core:/home/jone/ws_moveit/install/moveit_resources_panda_moveit_config:/home/jone/ws_moveit/install/srdfdom:/home/jone/ws_moveit/install/moveit_resources_pr2_description:/home/jone/ws_moveit/install/moveit_resources_panda_description:/home/jone/ws_moveit/install/moveit_common:/opt/ros/humble LD_LIBRARY_PATH=/home/jone/ws_moveit/install/moveit_core/lib:/home/jone/ws_moveit/install/srdfdom/lib:/opt/ros/humble/opt/rviz_ogre_vendor/lib:/opt/ros/humble/lib/x86_64-linux-gnu:/opt/ros/humble/lib:/usr/lib/x86_64-linux-gnu/gazebo-11/plugins:/usr/lib/x86_64-linux-gnu/gazebo-11/plugins:/usr/lib/x86_64-linux-gnu/gazebo-11/plugins PATH=/home/jone/ws_moveit/install/moveit_core/bin:${PATH} PYTHONPATH=/home/jone/ws_moveit/install/srdfdom/local/lib/python3.10/dist-packages:${PYTHONPATH} /usr/bin/cmake --build /home/jone/ws_moveit/build/moveit_ros_occupancy_map_monitor -- -j16 -l16
[13.229s] DEBUG:colcon.colcon_core.event_handler.log_command:Invoking command in '/home/jone/ws_moveit/build/moveit_ros_occupancy_map_monitor': AMENT_PREFIX_PATH=/home/jone/ws_moveit/install/moveit_core:/home/jone/ws_moveit/install/moveit_resources_panda_moveit_config:/home/jone/ws_moveit/install/srdfdom:/home/jone/ws_moveit/install/moveit_resources_pr2_description:/home/jone/ws_moveit/install/moveit_resources_panda_description:/home/jone/ws_moveit/install/moveit_common:${AMENT_PREFIX_PATH} CMAKE_PREFIX_PATH=/home/jone/ws_moveit/install/moveit_core:/home/jone/ws_moveit/install/moveit_resources_panda_moveit_config:/home/jone/ws_moveit/install/srdfdom:/home/jone/ws_moveit/install/moveit_resources_pr2_description:/home/jone/ws_moveit/install/moveit_resources_panda_description:/home/jone/ws_moveit/install/moveit_common:/opt/ros/humble LD_LIBRARY_PATH=/home/jone/ws_moveit/install/moveit_core/lib:/home/jone/ws_moveit/install/srdfdom/lib:/opt/ros/humble/opt/rviz_ogre_vendor/lib:/opt/ros/humble/lib/x86_64-linux-gnu:/opt/ros/humble/lib:/usr/lib/x86_64-linux-gnu/gazebo-11/plugins:/usr/lib/x86_64-linux-gnu/gazebo-11/plugins:/usr/lib/x86_64-linux-gnu/gazebo-11/plugins PATH=/home/jone/ws_moveit/install/moveit_core/bin:${PATH} PYTHONPATH=/home/jone/ws_moveit/install/srdfdom/local/lib/python3.10/dist-packages:${PYTHONPATH} /usr/bin/cmake --install /home/jone/ws_moveit/build/moveit_ros_occupancy_map_monitor
[13.243s] Level 1:colcon.colcon_core.environment:create_environment_scripts_only(moveit_ros_occupancy_map_monitor)
[13.244s] Level 1:colcon.colcon_core.environment:checking '/home/jone/ws_moveit/install/moveit_ros_occupancy_map_monitor' for CMake module files
[13.244s] DEBUG:colcon.colcon_core.event_handler.log_command:Invoked command in '/home/jone/ws_moveit/build/moveit_ros_occupancy_map_monitor' returned '0': AMENT_PREFIX_PATH=/home/jone/ws_moveit/install/moveit_core:/home/jone/ws_moveit/install/moveit_resources_panda_moveit_config:/home/jone/ws_moveit/install/srdfdom:/home/jone/ws_moveit/install/moveit_resources_pr2_description:/home/jone/ws_moveit/install/moveit_resources_panda_description:/home/jone/ws_moveit/install/moveit_common:${AMENT_PREFIX_PATH} CMAKE_PREFIX_PATH=/home/jone/ws_moveit/install/moveit_core:/home/jone/ws_moveit/install/moveit_resources_panda_moveit_config:/home/jone/ws_moveit/install/srdfdom:/home/jone/ws_moveit/install/moveit_resources_pr2_description:/home/jone/ws_moveit/install/moveit_resources_panda_description:/home/jone/ws_moveit/install/moveit_common:/opt/ros/humble LD_LIBRARY_PATH=/home/jone/ws_moveit/install/moveit_core/lib:/home/jone/ws_moveit/install/srdfdom/lib:/opt/ros/humble/opt/rviz_ogre_vendor/lib:/opt/ros/humble/lib/x86_64-linux-gnu:/opt/ros/humble/lib:/usr/lib/x86_64-linux-gnu/gazebo-11/plugins:/usr/lib/x86_64-linux-gnu/gazebo-11/plugins:/usr/lib/x86_64-linux-gnu/gazebo-11/plugins PATH=/home/jone/ws_moveit/install/moveit_core/bin:${PATH} PYTHONPATH=/home/jone/ws_moveit/install/srdfdom/local/lib/python3.10/dist-packages:${PYTHONPATH} /usr/bin/cmake --install /home/jone/ws_moveit/build/moveit_ros_occupancy_map_monitor
[13.244s] Level 1:colcon.colcon_core.environment:checking '/home/jone/ws_moveit/install/moveit_ros_occupancy_map_monitor' for CMake config files
[13.245s] Level 1:colcon.colcon_core.shell:create_environment_hook('moveit_ros_occupancy_map_monitor', 'cmake_prefix_path')
[13.245s] INFO:colcon.colcon_core.shell:Creating environment hook '/home/jone/ws_moveit/install/moveit_ros_occupancy_map_monitor/share/moveit_ros_occupancy_map_monitor/hook/cmake_prefix_path.ps1'
[13.246s] INFO:colcon.colcon_core.shell:Creating environment descriptor '/home/jone/ws_moveit/install/moveit_ros_occupancy_map_monitor/share/moveit_ros_occupancy_map_monitor/hook/cmake_prefix_path.dsv'
[13.246s] INFO:colcon.colcon_core.shell:Creating environment hook '/home/jone/ws_moveit/install/moveit_ros_occupancy_map_monitor/share/moveit_ros_occupancy_map_monitor/hook/cmake_prefix_path.sh'
[13.246s] Level 1:colcon.colcon_core.environment:checking '/home/jone/ws_moveit/install/moveit_ros_occupancy_map_monitor/lib'
[13.246s] Level 1:colcon.colcon_core.shell:create_environment_hook('moveit_ros_occupancy_map_monitor', 'ld_library_path_lib')
[13.246s] INFO:colcon.colcon_core.shell:Creating environment hook '/home/jone/ws_moveit/install/moveit_ros_occupancy_map_monitor/share/moveit_ros_occupancy_map_monitor/hook/ld_library_path_lib.ps1'
[13.247s] INFO:colcon.colcon_core.shell:Creating environment descriptor '/home/jone/ws_moveit/install/moveit_ros_occupancy_map_monitor/share/moveit_ros_occupancy_map_monitor/hook/ld_library_path_lib.dsv'
[13.247s] INFO:colcon.colcon_core.shell:Creating environment hook '/home/jone/ws_moveit/install/moveit_ros_occupancy_map_monitor/share/moveit_ros_occupancy_map_monitor/hook/ld_library_path_lib.sh'
[13.247s] Level 1:colcon.colcon_core.environment:checking '/home/jone/ws_moveit/install/moveit_ros_occupancy_map_monitor/bin'
[13.247s] Level 1:colcon.colcon_core.environment:checking '/home/jone/ws_moveit/install/moveit_ros_occupancy_map_monitor/lib/pkgconfig/moveit_ros_occupancy_map_monitor.pc'
[13.248s] Level 1:colcon.colcon_core.environment:checking '/home/jone/ws_moveit/install/moveit_ros_occupancy_map_monitor/lib/python3.10/site-packages'
[13.248s] Level 1:colcon.colcon_core.environment:checking '/home/jone/ws_moveit/install/moveit_ros_occupancy_map_monitor/bin'
[13.248s] INFO:colcon.colcon_core.shell:Creating package script '/home/jone/ws_moveit/install/moveit_ros_occupancy_map_monitor/share/moveit_ros_occupancy_map_monitor/package.ps1'
[13.248s] INFO:colcon.colcon_core.shell:Creating package descriptor '/home/jone/ws_moveit/install/moveit_ros_occupancy_map_monitor/share/moveit_ros_occupancy_map_monitor/package.dsv'
[13.249s] INFO:colcon.colcon_core.shell:Creating package script '/home/jone/ws_moveit/install/moveit_ros_occupancy_map_monitor/share/moveit_ros_occupancy_map_monitor/package.sh'
[13.249s] INFO:colcon.colcon_core.shell:Creating package script '/home/jone/ws_moveit/install/moveit_ros_occupancy_map_monitor/share/moveit_ros_occupancy_map_monitor/package.bash'
[13.249s] INFO:colcon.colcon_core.shell:Creating package script '/home/jone/ws_moveit/install/moveit_ros_occupancy_map_monitor/share/moveit_ros_occupancy_map_monitor/package.zsh'
[13.250s] Level 1:colcon.colcon_core.environment:create_file_with_runtime_dependencies(/home/jone/ws_moveit/install/moveit_ros_occupancy_map_monitor/share/colcon-core/packages/moveit_ros_occupancy_map_monitor)
[13.250s] Level 1:colcon.colcon_core.environment:create_environment_scripts_only(moveit_ros_occupancy_map_monitor)
[13.250s] Level 1:colcon.colcon_core.environment:checking '/home/jone/ws_moveit/install/moveit_ros_occupancy_map_monitor' for CMake module files
[13.250s] Level 1:colcon.colcon_core.environment:checking '/home/jone/ws_moveit/install/moveit_ros_occupancy_map_monitor' for CMake config files
[13.251s] Level 1:colcon.colcon_core.shell:create_environment_hook('moveit_ros_occupancy_map_monitor', 'cmake_prefix_path')
[13.251s] INFO:colcon.colcon_core.shell:Creating environment hook '/home/jone/ws_moveit/install/moveit_ros_occupancy_map_monitor/share/moveit_ros_occupancy_map_monitor/hook/cmake_prefix_path.ps1'
[13.251s] INFO:colcon.colcon_core.shell:Creating environment descriptor '/home/jone/ws_moveit/install/moveit_ros_occupancy_map_monitor/share/moveit_ros_occupancy_map_monitor/hook/cmake_prefix_path.dsv'
[13.251s] INFO:colcon.colcon_core.shell:Creating environment hook '/home/jone/ws_moveit/install/moveit_ros_occupancy_map_monitor/share/moveit_ros_occupancy_map_monitor/hook/cmake_prefix_path.sh'
[13.252s] Level 1:colcon.colcon_core.environment:checking '/home/jone/ws_moveit/install/moveit_ros_occupancy_map_monitor/lib'
[13.252s] Level 1:colcon.colcon_core.shell:create_environment_hook('moveit_ros_occupancy_map_monitor', 'ld_library_path_lib')
[13.252s] INFO:colcon.colcon_core.shell:Creating environment hook '/home/jone/ws_moveit/install/moveit_ros_occupancy_map_monitor/share/moveit_ros_occupancy_map_monitor/hook/ld_library_path_lib.ps1'
[13.252s] INFO:colcon.colcon_core.shell:Creating environment descriptor '/home/jone/ws_moveit/install/moveit_ros_occupancy_map_monitor/share/moveit_ros_occupancy_map_monitor/hook/ld_library_path_lib.dsv'
[13.253s] INFO:colcon.colcon_core.shell:Creating environment hook '/home/jone/ws_moveit/install/moveit_ros_occupancy_map_monitor/share/moveit_ros_occupancy_map_monitor/hook/ld_library_path_lib.sh'
[13.253s] Level 1:colcon.colcon_core.environment:checking '/home/jone/ws_moveit/install/moveit_ros_occupancy_map_monitor/bin'
[13.253s] Level 1:colcon.colcon_core.environment:checking '/home/jone/ws_moveit/install/moveit_ros_occupancy_map_monitor/lib/pkgconfig/moveit_ros_occupancy_map_monitor.pc'
[13.253s] Level 1:colcon.colcon_core.environment:checking '/home/jone/ws_moveit/install/moveit_ros_occupancy_map_monitor/lib/python3.10/site-packages'
[13.253s] Level 1:colcon.colcon_core.environment:checking '/home/jone/ws_moveit/install/moveit_ros_occupancy_map_monitor/bin'
[13.253s] INFO:colcon.colcon_core.shell:Creating package script '/home/jone/ws_moveit/install/moveit_ros_occupancy_map_monitor/share/moveit_ros_occupancy_map_monitor/package.ps1'
[13.254s] INFO:colcon.colcon_core.shell:Creating package descriptor '/home/jone/ws_moveit/install/moveit_ros_occupancy_map_monitor/share/moveit_ros_occupancy_map_monitor/package.dsv'
[13.254s] INFO:colcon.colcon_core.shell:Creating package script '/home/jone/ws_moveit/install/moveit_ros_occupancy_map_monitor/share/moveit_ros_occupancy_map_monitor/package.sh'
[13.255s] INFO:colcon.colcon_core.shell:Creating package script '/home/jone/ws_moveit/install/moveit_ros_occupancy_map_monitor/share/moveit_ros_occupancy_map_monitor/package.bash'
[13.255s] INFO:colcon.colcon_core.shell:Creating package script '/home/jone/ws_moveit/install/moveit_ros_occupancy_map_monitor/share/moveit_ros_occupancy_map_monitor/package.zsh'
[13.255s] Level 1:colcon.colcon_core.environment:create_file_with_runtime_dependencies(/home/jone/ws_moveit/install/moveit_ros_occupancy_map_monitor/share/colcon-core/packages/moveit_ros_occupancy_map_monitor)
[13.255s] DEBUG:colcon.colcon_core.executor.sequential:run_until_complete 'moveit_ros_occupancy_map_monitor' finished with '0'
[13.255s] DEBUG:colcon.colcon_core.executor.sequential:run_until_complete 'moveit_simple_controller_manager'
[13.255s] INFO:colcon.colcon_ros.task.ament_cmake.build:Building ROS package in '/home/jone/ws_moveit/src/moveit2/moveit_plugins/moveit_simple_controller_manager' with build type 'ament_cmake'
[13.255s] INFO:colcon.colcon_cmake.task.cmake.build:Building CMake package in '/home/jone/ws_moveit/src/moveit2/moveit_plugins/moveit_simple_controller_manager'
[13.256s] INFO:colcon.colcon_core.shell:Skip shell extension 'powershell' for command environment: Not usable outside of PowerShell
[13.256s] DEBUG:colcon.colcon_core.shell:Skip shell extension 'dsv' for command environment
[13.269s] DEBUG:colcon.colcon_core.event_handler.log_command:Invoking command in '/home/jone/ws_moveit/build/moveit_simple_controller_manager': AMENT_PREFIX_PATH=/home/jone/ws_moveit/install/moveit_core:/home/jone/ws_moveit/install/moveit_resources_panda_moveit_config:/home/jone/ws_moveit/install/srdfdom:/home/jone/ws_moveit/install/moveit_resources_pr2_description:/home/jone/ws_moveit/install/moveit_resources_panda_description:/home/jone/ws_moveit/install/moveit_common:${AMENT_PREFIX_PATH} CMAKE_PREFIX_PATH=/home/jone/ws_moveit/install/moveit_core:/home/jone/ws_moveit/install/moveit_resources_panda_moveit_config:/home/jone/ws_moveit/install/srdfdom:/home/jone/ws_moveit/install/moveit_resources_pr2_description:/home/jone/ws_moveit/install/moveit_resources_panda_description:/home/jone/ws_moveit/install/moveit_common:/opt/ros/humble LD_LIBRARY_PATH=/home/jone/ws_moveit/install/moveit_core/lib:/home/jone/ws_moveit/install/srdfdom/lib:/opt/ros/humble/opt/rviz_ogre_vendor/lib:/opt/ros/humble/lib/x86_64-linux-gnu:/opt/ros/humble/lib:/usr/lib/x86_64-linux-gnu/gazebo-11/plugins:/usr/lib/x86_64-linux-gnu/gazebo-11/plugins:/usr/lib/x86_64-linux-gnu/gazebo-11/plugins PATH=/home/jone/ws_moveit/install/moveit_core/bin:${PATH} PYTHONPATH=/home/jone/ws_moveit/install/srdfdom/local/lib/python3.10/dist-packages:${PYTHONPATH} /usr/bin/cmake /home/jone/ws_moveit/src/moveit2/moveit_plugins/moveit_simple_controller_manager -DCMAKE_INSTALL_PREFIX=/home/jone/ws_moveit/install/moveit_simple_controller_manager
[14.102s] DEBUG:colcon.colcon_core.event_handler.log_command:Invoked command in '/home/jone/ws_moveit/build/moveit_simple_controller_manager' returned '0': AMENT_PREFIX_PATH=/home/jone/ws_moveit/install/moveit_core:/home/jone/ws_moveit/install/moveit_resources_panda_moveit_config:/home/jone/ws_moveit/install/srdfdom:/home/jone/ws_moveit/install/moveit_resources_pr2_description:/home/jone/ws_moveit/install/moveit_resources_panda_description:/home/jone/ws_moveit/install/moveit_common:${AMENT_PREFIX_PATH} CMAKE_PREFIX_PATH=/home/jone/ws_moveit/install/moveit_core:/home/jone/ws_moveit/install/moveit_resources_panda_moveit_config:/home/jone/ws_moveit/install/srdfdom:/home/jone/ws_moveit/install/moveit_resources_pr2_description:/home/jone/ws_moveit/install/moveit_resources_panda_description:/home/jone/ws_moveit/install/moveit_common:/opt/ros/humble LD_LIBRARY_PATH=/home/jone/ws_moveit/install/moveit_core/lib:/home/jone/ws_moveit/install/srdfdom/lib:/opt/ros/humble/opt/rviz_ogre_vendor/lib:/opt/ros/humble/lib/x86_64-linux-gnu:/opt/ros/humble/lib:/usr/lib/x86_64-linux-gnu/gazebo-11/plugins:/usr/lib/x86_64-linux-gnu/gazebo-11/plugins:/usr/lib/x86_64-linux-gnu/gazebo-11/plugins PATH=/home/jone/ws_moveit/install/moveit_core/bin:${PATH} PYTHONPATH=/home/jone/ws_moveit/install/srdfdom/local/lib/python3.10/dist-packages:${PYTHONPATH} /usr/bin/cmake /home/jone/ws_moveit/src/moveit2/moveit_plugins/moveit_simple_controller_manager -DCMAKE_INSTALL_PREFIX=/home/jone/ws_moveit/install/moveit_simple_controller_manager
[14.104s] DEBUG:colcon.colcon_core.event_handler.log_command:Invoking command in '/home/jone/ws_moveit/build/moveit_simple_controller_manager': AMENT_PREFIX_PATH=/home/jone/ws_moveit/install/moveit_core:/home/jone/ws_moveit/install/moveit_resources_panda_moveit_config:/home/jone/ws_moveit/install/srdfdom:/home/jone/ws_moveit/install/moveit_resources_pr2_description:/home/jone/ws_moveit/install/moveit_resources_panda_description:/home/jone/ws_moveit/install/moveit_common:${AMENT_PREFIX_PATH} CMAKE_PREFIX_PATH=/home/jone/ws_moveit/install/moveit_core:/home/jone/ws_moveit/install/moveit_resources_panda_moveit_config:/home/jone/ws_moveit/install/srdfdom:/home/jone/ws_moveit/install/moveit_resources_pr2_description:/home/jone/ws_moveit/install/moveit_resources_panda_description:/home/jone/ws_moveit/install/moveit_common:/opt/ros/humble LD_LIBRARY_PATH=/home/jone/ws_moveit/install/moveit_core/lib:/home/jone/ws_moveit/install/srdfdom/lib:/opt/ros/humble/opt/rviz_ogre_vendor/lib:/opt/ros/humble/lib/x86_64-linux-gnu:/opt/ros/humble/lib:/usr/lib/x86_64-linux-gnu/gazebo-11/plugins:/usr/lib/x86_64-linux-gnu/gazebo-11/plugins:/usr/lib/x86_64-linux-gnu/gazebo-11/plugins PATH=/home/jone/ws_moveit/install/moveit_core/bin:${PATH} PYTHONPATH=/home/jone/ws_moveit/install/srdfdom/local/lib/python3.10/dist-packages:${PYTHONPATH} /usr/bin/cmake --build /home/jone/ws_moveit/build/moveit_simple_controller_manager -- -j16 -l16
[14.182s] DEBUG:colcon.colcon_core.event_handler.log_command:Invoked command in '/home/jone/ws_moveit/build/moveit_simple_controller_manager' returned '0': AMENT_PREFIX_PATH=/home/jone/ws_moveit/install/moveit_core:/home/jone/ws_moveit/install/moveit_resources_panda_moveit_config:/home/jone/ws_moveit/install/srdfdom:/home/jone/ws_moveit/install/moveit_resources_pr2_description:/home/jone/ws_moveit/install/moveit_resources_panda_description:/home/jone/ws_moveit/install/moveit_common:${AMENT_PREFIX_PATH} CMAKE_PREFIX_PATH=/home/jone/ws_moveit/install/moveit_core:/home/jone/ws_moveit/install/moveit_resources_panda_moveit_config:/home/jone/ws_moveit/install/srdfdom:/home/jone/ws_moveit/install/moveit_resources_pr2_description:/home/jone/ws_moveit/install/moveit_resources_panda_description:/home/jone/ws_moveit/install/moveit_common:/opt/ros/humble LD_LIBRARY_PATH=/home/jone/ws_moveit/install/moveit_core/lib:/home/jone/ws_moveit/install/srdfdom/lib:/opt/ros/humble/opt/rviz_ogre_vendor/lib:/opt/ros/humble/lib/x86_64-linux-gnu:/opt/ros/humble/lib:/usr/lib/x86_64-linux-gnu/gazebo-11/plugins:/usr/lib/x86_64-linux-gnu/gazebo-11/plugins:/usr/lib/x86_64-linux-gnu/gazebo-11/plugins PATH=/home/jone/ws_moveit/install/moveit_core/bin:${PATH} PYTHONPATH=/home/jone/ws_moveit/install/srdfdom/local/lib/python3.10/dist-packages:${PYTHONPATH} /usr/bin/cmake --build /home/jone/ws_moveit/build/moveit_simple_controller_manager -- -j16 -l16
[14.183s] DEBUG:colcon.colcon_core.event_handler.log_command:Invoking command in '/home/jone/ws_moveit/build/moveit_simple_controller_manager': AMENT_PREFIX_PATH=/home/jone/ws_moveit/install/moveit_core:/home/jone/ws_moveit/install/moveit_resources_panda_moveit_config:/home/jone/ws_moveit/install/srdfdom:/home/jone/ws_moveit/install/moveit_resources_pr2_description:/home/jone/ws_moveit/install/moveit_resources_panda_description:/home/jone/ws_moveit/install/moveit_common:${AMENT_PREFIX_PATH} CMAKE_PREFIX_PATH=/home/jone/ws_moveit/install/moveit_core:/home/jone/ws_moveit/install/moveit_resources_panda_moveit_config:/home/jone/ws_moveit/install/srdfdom:/home/jone/ws_moveit/install/moveit_resources_pr2_description:/home/jone/ws_moveit/install/moveit_resources_panda_description:/home/jone/ws_moveit/install/moveit_common:/opt/ros/humble LD_LIBRARY_PATH=/home/jone/ws_moveit/install/moveit_core/lib:/home/jone/ws_moveit/install/srdfdom/lib:/opt/ros/humble/opt/rviz_ogre_vendor/lib:/opt/ros/humble/lib/x86_64-linux-gnu:/opt/ros/humble/lib:/usr/lib/x86_64-linux-gnu/gazebo-11/plugins:/usr/lib/x86_64-linux-gnu/gazebo-11/plugins:/usr/lib/x86_64-linux-gnu/gazebo-11/plugins PATH=/home/jone/ws_moveit/install/moveit_core/bin:${PATH} PYTHONPATH=/home/jone/ws_moveit/install/srdfdom/local/lib/python3.10/dist-packages:${PYTHONPATH} /usr/bin/cmake --install /home/jone/ws_moveit/build/moveit_simple_controller_manager
[14.194s] Level 1:colcon.colcon_core.environment:create_environment_scripts_only(moveit_simple_controller_manager)
[14.194s] Level 1:colcon.colcon_core.environment:checking '/home/jone/ws_moveit/install/moveit_simple_controller_manager' for CMake module files
[14.195s] DEBUG:colcon.colcon_core.event_handler.log_command:Invoked command in '/home/jone/ws_moveit/build/moveit_simple_controller_manager' returned '0': AMENT_PREFIX_PATH=/home/jone/ws_moveit/install/moveit_core:/home/jone/ws_moveit/install/moveit_resources_panda_moveit_config:/home/jone/ws_moveit/install/srdfdom:/home/jone/ws_moveit/install/moveit_resources_pr2_description:/home/jone/ws_moveit/install/moveit_resources_panda_description:/home/jone/ws_moveit/install/moveit_common:${AMENT_PREFIX_PATH} CMAKE_PREFIX_PATH=/home/jone/ws_moveit/install/moveit_core:/home/jone/ws_moveit/install/moveit_resources_panda_moveit_config:/home/jone/ws_moveit/install/srdfdom:/home/jone/ws_moveit/install/moveit_resources_pr2_description:/home/jone/ws_moveit/install/moveit_resources_panda_description:/home/jone/ws_moveit/install/moveit_common:/opt/ros/humble LD_LIBRARY_PATH=/home/jone/ws_moveit/install/moveit_core/lib:/home/jone/ws_moveit/install/srdfdom/lib:/opt/ros/humble/opt/rviz_ogre_vendor/lib:/opt/ros/humble/lib/x86_64-linux-gnu:/opt/ros/humble/lib:/usr/lib/x86_64-linux-gnu/gazebo-11/plugins:/usr/lib/x86_64-linux-gnu/gazebo-11/plugins:/usr/lib/x86_64-linux-gnu/gazebo-11/plugins PATH=/home/jone/ws_moveit/install/moveit_core/bin:${PATH} PYTHONPATH=/home/jone/ws_moveit/install/srdfdom/local/lib/python3.10/dist-packages:${PYTHONPATH} /usr/bin/cmake --install /home/jone/ws_moveit/build/moveit_simple_controller_manager
[14.195s] Level 1:colcon.colcon_core.environment:checking '/home/jone/ws_moveit/install/moveit_simple_controller_manager' for CMake config files
[14.195s] Level 1:colcon.colcon_core.shell:create_environment_hook('moveit_simple_controller_manager', 'cmake_prefix_path')
[14.195s] INFO:colcon.colcon_core.shell:Creating environment hook '/home/jone/ws_moveit/install/moveit_simple_controller_manager/share/moveit_simple_controller_manager/hook/cmake_prefix_path.ps1'
[14.196s] INFO:colcon.colcon_core.shell:Creating environment descriptor '/home/jone/ws_moveit/install/moveit_simple_controller_manager/share/moveit_simple_controller_manager/hook/cmake_prefix_path.dsv'
[14.196s] INFO:colcon.colcon_core.shell:Creating environment hook '/home/jone/ws_moveit/install/moveit_simple_controller_manager/share/moveit_simple_controller_manager/hook/cmake_prefix_path.sh'
[14.196s] Level 1:colcon.colcon_core.environment:checking '/home/jone/ws_moveit/install/moveit_simple_controller_manager/lib'
[14.196s] Level 1:colcon.colcon_core.shell:create_environment_hook('moveit_simple_controller_manager', 'ld_library_path_lib')
[14.197s] INFO:colcon.colcon_core.shell:Creating environment hook '/home/jone/ws_moveit/install/moveit_simple_controller_manager/share/moveit_simple_controller_manager/hook/ld_library_path_lib.ps1'
[14.197s] INFO:colcon.colcon_core.shell:Creating environment descriptor '/home/jone/ws_moveit/install/moveit_simple_controller_manager/share/moveit_simple_controller_manager/hook/ld_library_path_lib.dsv'
[14.197s] INFO:colcon.colcon_core.shell:Creating environment hook '/home/jone/ws_moveit/install/moveit_simple_controller_manager/share/moveit_simple_controller_manager/hook/ld_library_path_lib.sh'
[14.197s] Level 1:colcon.colcon_core.environment:checking '/home/jone/ws_moveit/install/moveit_simple_controller_manager/bin'
[14.197s] Level 1:colcon.colcon_core.environment:checking '/home/jone/ws_moveit/install/moveit_simple_controller_manager/lib/pkgconfig/moveit_simple_controller_manager.pc'
[14.198s] Level 1:colcon.colcon_core.environment:checking '/home/jone/ws_moveit/install/moveit_simple_controller_manager/lib/python3.10/site-packages'
[14.198s] Level 1:colcon.colcon_core.environment:checking '/home/jone/ws_moveit/install/moveit_simple_controller_manager/bin'
[14.198s] INFO:colcon.colcon_core.shell:Creating package script '/home/jone/ws_moveit/install/moveit_simple_controller_manager/share/moveit_simple_controller_manager/package.ps1'
[14.198s] INFO:colcon.colcon_core.shell:Creating package descriptor '/home/jone/ws_moveit/install/moveit_simple_controller_manager/share/moveit_simple_controller_manager/package.dsv'
[14.199s] INFO:colcon.colcon_core.shell:Creating package script '/home/jone/ws_moveit/install/moveit_simple_controller_manager/share/moveit_simple_controller_manager/package.sh'
[14.199s] INFO:colcon.colcon_core.shell:Creating package script '/home/jone/ws_moveit/install/moveit_simple_controller_manager/share/moveit_simple_controller_manager/package.bash'
[14.199s] INFO:colcon.colcon_core.shell:Creating package script '/home/jone/ws_moveit/install/moveit_simple_controller_manager/share/moveit_simple_controller_manager/package.zsh'
[14.199s] Level 1:colcon.colcon_core.environment:create_file_with_runtime_dependencies(/home/jone/ws_moveit/install/moveit_simple_controller_manager/share/colcon-core/packages/moveit_simple_controller_manager)
[14.200s] Level 1:colcon.colcon_core.environment:create_environment_scripts_only(moveit_simple_controller_manager)
[14.200s] Level 1:colcon.colcon_core.environment:checking '/home/jone/ws_moveit/install/moveit_simple_controller_manager' for CMake module files
[14.201s] Level 1:colcon.colcon_core.environment:checking '/home/jone/ws_moveit/install/moveit_simple_controller_manager' for CMake config files
[14.201s] Level 1:colcon.colcon_core.shell:create_environment_hook('moveit_simple_controller_manager', 'cmake_prefix_path')
[14.201s] INFO:colcon.colcon_core.shell:Creating environment hook '/home/jone/ws_moveit/install/moveit_simple_controller_manager/share/moveit_simple_controller_manager/hook/cmake_prefix_path.ps1'
[14.201s] INFO:colcon.colcon_core.shell:Creating environment descriptor '/home/jone/ws_moveit/install/moveit_simple_controller_manager/share/moveit_simple_controller_manager/hook/cmake_prefix_path.dsv'
[14.201s] INFO:colcon.colcon_core.shell:Creating environment hook '/home/jone/ws_moveit/install/moveit_simple_controller_manager/share/moveit_simple_controller_manager/hook/cmake_prefix_path.sh'
[14.202s] Level 1:colcon.colcon_core.environment:checking '/home/jone/ws_moveit/install/moveit_simple_controller_manager/lib'
[14.202s] Level 1:colcon.colcon_core.shell:create_environment_hook('moveit_simple_controller_manager', 'ld_library_path_lib')
[14.202s] INFO:colcon.colcon_core.shell:Creating environment hook '/home/jone/ws_moveit/install/moveit_simple_controller_manager/share/moveit_simple_controller_manager/hook/ld_library_path_lib.ps1'
[14.202s] INFO:colcon.colcon_core.shell:Creating environment descriptor '/home/jone/ws_moveit/install/moveit_simple_controller_manager/share/moveit_simple_controller_manager/hook/ld_library_path_lib.dsv'
[14.202s] INFO:colcon.colcon_core.shell:Creating environment hook '/home/jone/ws_moveit/install/moveit_simple_controller_manager/share/moveit_simple_controller_manager/hook/ld_library_path_lib.sh'
[14.203s] Level 1:colcon.colcon_core.environment:checking '/home/jone/ws_moveit/install/moveit_simple_controller_manager/bin'
[14.203s] Level 1:colcon.colcon_core.environment:checking '/home/jone/ws_moveit/install/moveit_simple_controller_manager/lib/pkgconfig/moveit_simple_controller_manager.pc'
[14.203s] Level 1:colcon.colcon_core.environment:checking '/home/jone/ws_moveit/install/moveit_simple_controller_manager/lib/python3.10/site-packages'
[14.203s] Level 1:colcon.colcon_core.environment:checking '/home/jone/ws_moveit/install/moveit_simple_controller_manager/bin'
[14.203s] INFO:colcon.colcon_core.shell:Creating package script '/home/jone/ws_moveit/install/moveit_simple_controller_manager/share/moveit_simple_controller_manager/package.ps1'
[14.204s] INFO:colcon.colcon_core.shell:Creating package descriptor '/home/jone/ws_moveit/install/moveit_simple_controller_manager/share/moveit_simple_controller_manager/package.dsv'
[14.204s] INFO:colcon.colcon_core.shell:Creating package script '/home/jone/ws_moveit/install/moveit_simple_controller_manager/share/moveit_simple_controller_manager/package.sh'
[14.204s] INFO:colcon.colcon_core.shell:Creating package script '/home/jone/ws_moveit/install/moveit_simple_controller_manager/share/moveit_simple_controller_manager/package.bash'
[14.205s] INFO:colcon.colcon_core.shell:Creating package script '/home/jone/ws_moveit/install/moveit_simple_controller_manager/share/moveit_simple_controller_manager/package.zsh'
[14.205s] Level 1:colcon.colcon_core.environment:create_file_with_runtime_dependencies(/home/jone/ws_moveit/install/moveit_simple_controller_manager/share/colcon-core/packages/moveit_simple_controller_manager)
[14.205s] DEBUG:colcon.colcon_core.executor.sequential:run_until_complete 'moveit_simple_controller_manager' finished with '0'
[14.205s] DEBUG:colcon.colcon_core.executor.sequential:run_until_complete 'pilz_industrial_motion_planner_testutils'
[14.205s] INFO:colcon.colcon_ros.task.ament_cmake.build:Building ROS package in '/home/jone/ws_moveit/src/moveit2/moveit_planners/pilz_industrial_motion_planner_testutils' with build type 'ament_cmake'
[14.205s] INFO:colcon.colcon_cmake.task.cmake.build:Building CMake package in '/home/jone/ws_moveit/src/moveit2/moveit_planners/pilz_industrial_motion_planner_testutils'
[14.205s] INFO:colcon.colcon_core.shell:Skip shell extension 'powershell' for command environment: Not usable outside of PowerShell
[14.206s] DEBUG:colcon.colcon_core.shell:Skip shell extension 'dsv' for command environment
[14.219s] DEBUG:colcon.colcon_core.event_handler.log_command:Invoking command in '/home/jone/ws_moveit/build/pilz_industrial_motion_planner_testutils': AMENT_PREFIX_PATH=/home/jone/ws_moveit/install/moveit_core:/home/jone/ws_moveit/install/moveit_resources_panda_moveit_config:/home/jone/ws_moveit/install/srdfdom:/home/jone/ws_moveit/install/moveit_resources_pr2_description:/home/jone/ws_moveit/install/moveit_resources_panda_description:/home/jone/ws_moveit/install/moveit_common:${AMENT_PREFIX_PATH} CMAKE_PREFIX_PATH=/home/jone/ws_moveit/install/moveit_core:/home/jone/ws_moveit/install/moveit_resources_panda_moveit_config:/home/jone/ws_moveit/install/srdfdom:/home/jone/ws_moveit/install/moveit_resources_pr2_description:/home/jone/ws_moveit/install/moveit_resources_panda_description:/home/jone/ws_moveit/install/moveit_common:/opt/ros/humble LD_LIBRARY_PATH=/home/jone/ws_moveit/install/moveit_core/lib:/home/jone/ws_moveit/install/srdfdom/lib:/opt/ros/humble/opt/rviz_ogre_vendor/lib:/opt/ros/humble/lib/x86_64-linux-gnu:/opt/ros/humble/lib:/usr/lib/x86_64-linux-gnu/gazebo-11/plugins:/usr/lib/x86_64-linux-gnu/gazebo-11/plugins:/usr/lib/x86_64-linux-gnu/gazebo-11/plugins PATH=/home/jone/ws_moveit/install/moveit_core/bin:${PATH} PYTHONPATH=/home/jone/ws_moveit/install/srdfdom/local/lib/python3.10/dist-packages:${PYTHONPATH} /usr/bin/cmake /home/jone/ws_moveit/src/moveit2/moveit_planners/pilz_industrial_motion_planner_testutils -DCMAKE_INSTALL_PREFIX=/home/jone/ws_moveit/install/pilz_industrial_motion_planner_testutils
[14.941s] DEBUG:colcon.colcon_core.event_handler.log_command:Invoked command in '/home/jone/ws_moveit/build/pilz_industrial_motion_planner_testutils' returned '0': AMENT_PREFIX_PATH=/home/jone/ws_moveit/install/moveit_core:/home/jone/ws_moveit/install/moveit_resources_panda_moveit_config:/home/jone/ws_moveit/install/srdfdom:/home/jone/ws_moveit/install/moveit_resources_pr2_description:/home/jone/ws_moveit/install/moveit_resources_panda_description:/home/jone/ws_moveit/install/moveit_common:${AMENT_PREFIX_PATH} CMAKE_PREFIX_PATH=/home/jone/ws_moveit/install/moveit_core:/home/jone/ws_moveit/install/moveit_resources_panda_moveit_config:/home/jone/ws_moveit/install/srdfdom:/home/jone/ws_moveit/install/moveit_resources_pr2_description:/home/jone/ws_moveit/install/moveit_resources_panda_description:/home/jone/ws_moveit/install/moveit_common:/opt/ros/humble LD_LIBRARY_PATH=/home/jone/ws_moveit/install/moveit_core/lib:/home/jone/ws_moveit/install/srdfdom/lib:/opt/ros/humble/opt/rviz_ogre_vendor/lib:/opt/ros/humble/lib/x86_64-linux-gnu:/opt/ros/humble/lib:/usr/lib/x86_64-linux-gnu/gazebo-11/plugins:/usr/lib/x86_64-linux-gnu/gazebo-11/plugins:/usr/lib/x86_64-linux-gnu/gazebo-11/plugins PATH=/home/jone/ws_moveit/install/moveit_core/bin:${PATH} PYTHONPATH=/home/jone/ws_moveit/install/srdfdom/local/lib/python3.10/dist-packages:${PYTHONPATH} /usr/bin/cmake /home/jone/ws_moveit/src/moveit2/moveit_planners/pilz_industrial_motion_planner_testutils -DCMAKE_INSTALL_PREFIX=/home/jone/ws_moveit/install/pilz_industrial_motion_planner_testutils
[14.943s] DEBUG:colcon.colcon_core.event_handler.log_command:Invoking command in '/home/jone/ws_moveit/build/pilz_industrial_motion_planner_testutils': AMENT_PREFIX_PATH=/home/jone/ws_moveit/install/moveit_core:/home/jone/ws_moveit/install/moveit_resources_panda_moveit_config:/home/jone/ws_moveit/install/srdfdom:/home/jone/ws_moveit/install/moveit_resources_pr2_description:/home/jone/ws_moveit/install/moveit_resources_panda_description:/home/jone/ws_moveit/install/moveit_common:${AMENT_PREFIX_PATH} CMAKE_PREFIX_PATH=/home/jone/ws_moveit/install/moveit_core:/home/jone/ws_moveit/install/moveit_resources_panda_moveit_config:/home/jone/ws_moveit/install/srdfdom:/home/jone/ws_moveit/install/moveit_resources_pr2_description:/home/jone/ws_moveit/install/moveit_resources_panda_description:/home/jone/ws_moveit/install/moveit_common:/opt/ros/humble LD_LIBRARY_PATH=/home/jone/ws_moveit/install/moveit_core/lib:/home/jone/ws_moveit/install/srdfdom/lib:/opt/ros/humble/opt/rviz_ogre_vendor/lib:/opt/ros/humble/lib/x86_64-linux-gnu:/opt/ros/humble/lib:/usr/lib/x86_64-linux-gnu/gazebo-11/plugins:/usr/lib/x86_64-linux-gnu/gazebo-11/plugins:/usr/lib/x86_64-linux-gnu/gazebo-11/plugins PATH=/home/jone/ws_moveit/install/moveit_core/bin:${PATH} PYTHONPATH=/home/jone/ws_moveit/install/srdfdom/local/lib/python3.10/dist-packages:${PYTHONPATH} /usr/bin/cmake --build /home/jone/ws_moveit/build/pilz_industrial_motion_planner_testutils -- -j16 -l16
[15.041s] DEBUG:colcon.colcon_core.event_handler.log_command:Invoked command in '/home/jone/ws_moveit/build/pilz_industrial_motion_planner_testutils' returned '0': AMENT_PREFIX_PATH=/home/jone/ws_moveit/install/moveit_core:/home/jone/ws_moveit/install/moveit_resources_panda_moveit_config:/home/jone/ws_moveit/install/srdfdom:/home/jone/ws_moveit/install/moveit_resources_pr2_description:/home/jone/ws_moveit/install/moveit_resources_panda_description:/home/jone/ws_moveit/install/moveit_common:${AMENT_PREFIX_PATH} CMAKE_PREFIX_PATH=/home/jone/ws_moveit/install/moveit_core:/home/jone/ws_moveit/install/moveit_resources_panda_moveit_config:/home/jone/ws_moveit/install/srdfdom:/home/jone/ws_moveit/install/moveit_resources_pr2_description:/home/jone/ws_moveit/install/moveit_resources_panda_description:/home/jone/ws_moveit/install/moveit_common:/opt/ros/humble LD_LIBRARY_PATH=/home/jone/ws_moveit/install/moveit_core/lib:/home/jone/ws_moveit/install/srdfdom/lib:/opt/ros/humble/opt/rviz_ogre_vendor/lib:/opt/ros/humble/lib/x86_64-linux-gnu:/opt/ros/humble/lib:/usr/lib/x86_64-linux-gnu/gazebo-11/plugins:/usr/lib/x86_64-linux-gnu/gazebo-11/plugins:/usr/lib/x86_64-linux-gnu/gazebo-11/plugins PATH=/home/jone/ws_moveit/install/moveit_core/bin:${PATH} PYTHONPATH=/home/jone/ws_moveit/install/srdfdom/local/lib/python3.10/dist-packages:${PYTHONPATH} /usr/bin/cmake --build /home/jone/ws_moveit/build/pilz_industrial_motion_planner_testutils -- -j16 -l16
[15.056s] DEBUG:colcon.colcon_core.event_handler.log_command:Invoking command in '/home/jone/ws_moveit/build/pilz_industrial_motion_planner_testutils': AMENT_PREFIX_PATH=/home/jone/ws_moveit/install/moveit_core:/home/jone/ws_moveit/install/moveit_resources_panda_moveit_config:/home/jone/ws_moveit/install/srdfdom:/home/jone/ws_moveit/install/moveit_resources_pr2_description:/home/jone/ws_moveit/install/moveit_resources_panda_description:/home/jone/ws_moveit/install/moveit_common:${AMENT_PREFIX_PATH} CMAKE_PREFIX_PATH=/home/jone/ws_moveit/install/moveit_core:/home/jone/ws_moveit/install/moveit_resources_panda_moveit_config:/home/jone/ws_moveit/install/srdfdom:/home/jone/ws_moveit/install/moveit_resources_pr2_description:/home/jone/ws_moveit/install/moveit_resources_panda_description:/home/jone/ws_moveit/install/moveit_common:/opt/ros/humble LD_LIBRARY_PATH=/home/jone/ws_moveit/install/moveit_core/lib:/home/jone/ws_moveit/install/srdfdom/lib:/opt/ros/humble/opt/rviz_ogre_vendor/lib:/opt/ros/humble/lib/x86_64-linux-gnu:/opt/ros/humble/lib:/usr/lib/x86_64-linux-gnu/gazebo-11/plugins:/usr/lib/x86_64-linux-gnu/gazebo-11/plugins:/usr/lib/x86_64-linux-gnu/gazebo-11/plugins PATH=/home/jone/ws_moveit/install/moveit_core/bin:${PATH} PYTHONPATH=/home/jone/ws_moveit/install/srdfdom/local/lib/python3.10/dist-packages:${PYTHONPATH} /usr/bin/cmake --install /home/jone/ws_moveit/build/pilz_industrial_motion_planner_testutils
[15.068s] Level 1:colcon.colcon_core.environment:create_environment_scripts_only(pilz_industrial_motion_planner_testutils)
[15.069s] Level 1:colcon.colcon_core.environment:checking '/home/jone/ws_moveit/install/pilz_industrial_motion_planner_testutils' for CMake module files
[15.069s] DEBUG:colcon.colcon_core.event_handler.log_command:Invoked command in '/home/jone/ws_moveit/build/pilz_industrial_motion_planner_testutils' returned '0': AMENT_PREFIX_PATH=/home/jone/ws_moveit/install/moveit_core:/home/jone/ws_moveit/install/moveit_resources_panda_moveit_config:/home/jone/ws_moveit/install/srdfdom:/home/jone/ws_moveit/install/moveit_resources_pr2_description:/home/jone/ws_moveit/install/moveit_resources_panda_description:/home/jone/ws_moveit/install/moveit_common:${AMENT_PREFIX_PATH} CMAKE_PREFIX_PATH=/home/jone/ws_moveit/install/moveit_core:/home/jone/ws_moveit/install/moveit_resources_panda_moveit_config:/home/jone/ws_moveit/install/srdfdom:/home/jone/ws_moveit/install/moveit_resources_pr2_description:/home/jone/ws_moveit/install/moveit_resources_panda_description:/home/jone/ws_moveit/install/moveit_common:/opt/ros/humble LD_LIBRARY_PATH=/home/jone/ws_moveit/install/moveit_core/lib:/home/jone/ws_moveit/install/srdfdom/lib:/opt/ros/humble/opt/rviz_ogre_vendor/lib:/opt/ros/humble/lib/x86_64-linux-gnu:/opt/ros/humble/lib:/usr/lib/x86_64-linux-gnu/gazebo-11/plugins:/usr/lib/x86_64-linux-gnu/gazebo-11/plugins:/usr/lib/x86_64-linux-gnu/gazebo-11/plugins PATH=/home/jone/ws_moveit/install/moveit_core/bin:${PATH} PYTHONPATH=/home/jone/ws_moveit/install/srdfdom/local/lib/python3.10/dist-packages:${PYTHONPATH} /usr/bin/cmake --install /home/jone/ws_moveit/build/pilz_industrial_motion_planner_testutils
[15.069s] Level 1:colcon.colcon_core.environment:checking '/home/jone/ws_moveit/install/pilz_industrial_motion_planner_testutils' for CMake config files
[15.070s] Level 1:colcon.colcon_core.shell:create_environment_hook('pilz_industrial_motion_planner_testutils', 'cmake_prefix_path')
[15.070s] INFO:colcon.colcon_core.shell:Creating environment hook '/home/jone/ws_moveit/install/pilz_industrial_motion_planner_testutils/share/pilz_industrial_motion_planner_testutils/hook/cmake_prefix_path.ps1'
[15.070s] INFO:colcon.colcon_core.shell:Creating environment descriptor '/home/jone/ws_moveit/install/pilz_industrial_motion_planner_testutils/share/pilz_industrial_motion_planner_testutils/hook/cmake_prefix_path.dsv'
[15.070s] INFO:colcon.colcon_core.shell:Creating environment hook '/home/jone/ws_moveit/install/pilz_industrial_motion_planner_testutils/share/pilz_industrial_motion_planner_testutils/hook/cmake_prefix_path.sh'
[15.071s] Level 1:colcon.colcon_core.environment:checking '/home/jone/ws_moveit/install/pilz_industrial_motion_planner_testutils/lib'
[15.071s] Level 1:colcon.colcon_core.shell:create_environment_hook('pilz_industrial_motion_planner_testutils', 'ld_library_path_lib')
[15.071s] INFO:colcon.colcon_core.shell:Creating environment hook '/home/jone/ws_moveit/install/pilz_industrial_motion_planner_testutils/share/pilz_industrial_motion_planner_testutils/hook/ld_library_path_lib.ps1'
[15.071s] INFO:colcon.colcon_core.shell:Creating environment descriptor '/home/jone/ws_moveit/install/pilz_industrial_motion_planner_testutils/share/pilz_industrial_motion_planner_testutils/hook/ld_library_path_lib.dsv'
[15.072s] INFO:colcon.colcon_core.shell:Creating environment hook '/home/jone/ws_moveit/install/pilz_industrial_motion_planner_testutils/share/pilz_industrial_motion_planner_testutils/hook/ld_library_path_lib.sh'
[15.072s] Level 1:colcon.colcon_core.environment:checking '/home/jone/ws_moveit/install/pilz_industrial_motion_planner_testutils/bin'
[15.072s] Level 1:colcon.colcon_core.environment:checking '/home/jone/ws_moveit/install/pilz_industrial_motion_planner_testutils/lib/pkgconfig/pilz_industrial_motion_planner_testutils.pc'
[15.072s] Level 1:colcon.colcon_core.environment:checking '/home/jone/ws_moveit/install/pilz_industrial_motion_planner_testutils/lib/python3.10/site-packages'
[15.072s] Level 1:colcon.colcon_core.environment:checking '/home/jone/ws_moveit/install/pilz_industrial_motion_planner_testutils/bin'
[15.073s] INFO:colcon.colcon_core.shell:Creating package script '/home/jone/ws_moveit/install/pilz_industrial_motion_planner_testutils/share/pilz_industrial_motion_planner_testutils/package.ps1'
[15.073s] INFO:colcon.colcon_core.shell:Creating package descriptor '/home/jone/ws_moveit/install/pilz_industrial_motion_planner_testutils/share/pilz_industrial_motion_planner_testutils/package.dsv'
[15.073s] INFO:colcon.colcon_core.shell:Creating package script '/home/jone/ws_moveit/install/pilz_industrial_motion_planner_testutils/share/pilz_industrial_motion_planner_testutils/package.sh'
[15.073s] INFO:colcon.colcon_core.shell:Creating package script '/home/jone/ws_moveit/install/pilz_industrial_motion_planner_testutils/share/pilz_industrial_motion_planner_testutils/package.bash'
[15.074s] INFO:colcon.colcon_core.shell:Creating package script '/home/jone/ws_moveit/install/pilz_industrial_motion_planner_testutils/share/pilz_industrial_motion_planner_testutils/package.zsh'
[15.074s] Level 1:colcon.colcon_core.environment:create_file_with_runtime_dependencies(/home/jone/ws_moveit/install/pilz_industrial_motion_planner_testutils/share/colcon-core/packages/pilz_industrial_motion_planner_testutils)
[15.075s] Level 1:colcon.colcon_core.environment:create_environment_scripts_only(pilz_industrial_motion_planner_testutils)
[15.075s] Level 1:colcon.colcon_core.environment:checking '/home/jone/ws_moveit/install/pilz_industrial_motion_planner_testutils' for CMake module files
[15.075s] Level 1:colcon.colcon_core.environment:checking '/home/jone/ws_moveit/install/pilz_industrial_motion_planner_testutils' for CMake config files
[15.075s] Level 1:colcon.colcon_core.shell:create_environment_hook('pilz_industrial_motion_planner_testutils', 'cmake_prefix_path')
[15.075s] INFO:colcon.colcon_core.shell:Creating environment hook '/home/jone/ws_moveit/install/pilz_industrial_motion_planner_testutils/share/pilz_industrial_motion_planner_testutils/hook/cmake_prefix_path.ps1'
[15.076s] INFO:colcon.colcon_core.shell:Creating environment descriptor '/home/jone/ws_moveit/install/pilz_industrial_motion_planner_testutils/share/pilz_industrial_motion_planner_testutils/hook/cmake_prefix_path.dsv'
[15.076s] INFO:colcon.colcon_core.shell:Creating environment hook '/home/jone/ws_moveit/install/pilz_industrial_motion_planner_testutils/share/pilz_industrial_motion_planner_testutils/hook/cmake_prefix_path.sh'
[15.077s] Level 1:colcon.colcon_core.environment:checking '/home/jone/ws_moveit/install/pilz_industrial_motion_planner_testutils/lib'
[15.077s] Level 1:colcon.colcon_core.shell:create_environment_hook('pilz_industrial_motion_planner_testutils', 'ld_library_path_lib')
[15.077s] INFO:colcon.colcon_core.shell:Creating environment hook '/home/jone/ws_moveit/install/pilz_industrial_motion_planner_testutils/share/pilz_industrial_motion_planner_testutils/hook/ld_library_path_lib.ps1'
[15.077s] INFO:colcon.colcon_core.shell:Creating environment descriptor '/home/jone/ws_moveit/install/pilz_industrial_motion_planner_testutils/share/pilz_industrial_motion_planner_testutils/hook/ld_library_path_lib.dsv'
[15.077s] INFO:colcon.colcon_core.shell:Creating environment hook '/home/jone/ws_moveit/install/pilz_industrial_motion_planner_testutils/share/pilz_industrial_motion_planner_testutils/hook/ld_library_path_lib.sh'
[15.077s] Level 1:colcon.colcon_core.environment:checking '/home/jone/ws_moveit/install/pilz_industrial_motion_planner_testutils/bin'
[15.078s] Level 1:colcon.colcon_core.environment:checking '/home/jone/ws_moveit/install/pilz_industrial_motion_planner_testutils/lib/pkgconfig/pilz_industrial_motion_planner_testutils.pc'
[15.078s] Level 1:colcon.colcon_core.environment:checking '/home/jone/ws_moveit/install/pilz_industrial_motion_planner_testutils/lib/python3.10/site-packages'
[15.078s] Level 1:colcon.colcon_core.environment:checking '/home/jone/ws_moveit/install/pilz_industrial_motion_planner_testutils/bin'
[15.078s] INFO:colcon.colcon_core.shell:Creating package script '/home/jone/ws_moveit/install/pilz_industrial_motion_planner_testutils/share/pilz_industrial_motion_planner_testutils/package.ps1'
[15.078s] INFO:colcon.colcon_core.shell:Creating package descriptor '/home/jone/ws_moveit/install/pilz_industrial_motion_planner_testutils/share/pilz_industrial_motion_planner_testutils/package.dsv'
[15.079s] INFO:colcon.colcon_core.shell:Creating package script '/home/jone/ws_moveit/install/pilz_industrial_motion_planner_testutils/share/pilz_industrial_motion_planner_testutils/package.sh'
[15.079s] INFO:colcon.colcon_core.shell:Creating package script '/home/jone/ws_moveit/install/pilz_industrial_motion_planner_testutils/share/pilz_industrial_motion_planner_testutils/package.bash'
[15.079s] INFO:colcon.colcon_core.shell:Creating package script '/home/jone/ws_moveit/install/pilz_industrial_motion_planner_testutils/share/pilz_industrial_motion_planner_testutils/package.zsh'
[15.080s] Level 1:colcon.colcon_core.environment:create_file_with_runtime_dependencies(/home/jone/ws_moveit/install/pilz_industrial_motion_planner_testutils/share/colcon-core/packages/pilz_industrial_motion_planner_testutils)
[15.080s] DEBUG:colcon.colcon_core.executor.sequential:run_until_complete 'pilz_industrial_motion_planner_testutils' finished with '0'
[15.080s] DEBUG:colcon.colcon_core.executor.sequential:run_until_complete 'moveit_chomp_optimizer_adapter'
[15.080s] INFO:colcon.colcon_ros.task.ament_cmake.build:Building ROS package in '/home/jone/ws_moveit/src/moveit2/moveit_planners/chomp/chomp_optimizer_adapter' with build type 'ament_cmake'
[15.080s] INFO:colcon.colcon_cmake.task.cmake.build:Building CMake package in '/home/jone/ws_moveit/src/moveit2/moveit_planners/chomp/chomp_optimizer_adapter'
[15.080s] INFO:colcon.colcon_core.shell:Skip shell extension 'powershell' for command environment: Not usable outside of PowerShell
[15.080s] DEBUG:colcon.colcon_core.shell:Skip shell extension 'dsv' for command environment
[15.097s] DEBUG:colcon.colcon_core.event_handler.log_command:Invoking command in '/home/jone/ws_moveit/build/moveit_chomp_optimizer_adapter': AMENT_PREFIX_PATH=/home/jone/ws_moveit/install/chomp_motion_planner:/home/jone/ws_moveit/install/moveit_core:/home/jone/ws_moveit/install/moveit_resources_panda_moveit_config:/home/jone/ws_moveit/install/srdfdom:/home/jone/ws_moveit/install/moveit_resources_pr2_description:/home/jone/ws_moveit/install/moveit_resources_panda_description:/home/jone/ws_moveit/install/moveit_common:${AMENT_PREFIX_PATH} CMAKE_PREFIX_PATH=/home/jone/ws_moveit/install/chomp_motion_planner:/home/jone/ws_moveit/install/moveit_core:/home/jone/ws_moveit/install/moveit_resources_panda_moveit_config:/home/jone/ws_moveit/install/srdfdom:/home/jone/ws_moveit/install/moveit_resources_pr2_description:/home/jone/ws_moveit/install/moveit_resources_panda_description:/home/jone/ws_moveit/install/moveit_common:/opt/ros/humble LD_LIBRARY_PATH=/home/jone/ws_moveit/install/chomp_motion_planner/lib:/home/jone/ws_moveit/install/moveit_core/lib:/home/jone/ws_moveit/install/srdfdom/lib:/opt/ros/humble/opt/rviz_ogre_vendor/lib:/opt/ros/humble/lib/x86_64-linux-gnu:/opt/ros/humble/lib:/usr/lib/x86_64-linux-gnu/gazebo-11/plugins:/usr/lib/x86_64-linux-gnu/gazebo-11/plugins:/usr/lib/x86_64-linux-gnu/gazebo-11/plugins PATH=/home/jone/ws_moveit/install/moveit_core/bin:${PATH} PYTHONPATH=/home/jone/ws_moveit/install/srdfdom/local/lib/python3.10/dist-packages:${PYTHONPATH} /usr/bin/cmake /home/jone/ws_moveit/src/moveit2/moveit_planners/chomp/chomp_optimizer_adapter -DCMAKE_INSTALL_PREFIX=/home/jone/ws_moveit/install/moveit_chomp_optimizer_adapter
[15.807s] DEBUG:colcon.colcon_core.event_handler.log_command:Invoked command in '/home/jone/ws_moveit/build/moveit_chomp_optimizer_adapter' returned '0': AMENT_PREFIX_PATH=/home/jone/ws_moveit/install/chomp_motion_planner:/home/jone/ws_moveit/install/moveit_core:/home/jone/ws_moveit/install/moveit_resources_panda_moveit_config:/home/jone/ws_moveit/install/srdfdom:/home/jone/ws_moveit/install/moveit_resources_pr2_description:/home/jone/ws_moveit/install/moveit_resources_panda_description:/home/jone/ws_moveit/install/moveit_common:${AMENT_PREFIX_PATH} CMAKE_PREFIX_PATH=/home/jone/ws_moveit/install/chomp_motion_planner:/home/jone/ws_moveit/install/moveit_core:/home/jone/ws_moveit/install/moveit_resources_panda_moveit_config:/home/jone/ws_moveit/install/srdfdom:/home/jone/ws_moveit/install/moveit_resources_pr2_description:/home/jone/ws_moveit/install/moveit_resources_panda_description:/home/jone/ws_moveit/install/moveit_common:/opt/ros/humble LD_LIBRARY_PATH=/home/jone/ws_moveit/install/chomp_motion_planner/lib:/home/jone/ws_moveit/install/moveit_core/lib:/home/jone/ws_moveit/install/srdfdom/lib:/opt/ros/humble/opt/rviz_ogre_vendor/lib:/opt/ros/humble/lib/x86_64-linux-gnu:/opt/ros/humble/lib:/usr/lib/x86_64-linux-gnu/gazebo-11/plugins:/usr/lib/x86_64-linux-gnu/gazebo-11/plugins:/usr/lib/x86_64-linux-gnu/gazebo-11/plugins PATH=/home/jone/ws_moveit/install/moveit_core/bin:${PATH} PYTHONPATH=/home/jone/ws_moveit/install/srdfdom/local/lib/python3.10/dist-packages:${PYTHONPATH} /usr/bin/cmake /home/jone/ws_moveit/src/moveit2/moveit_planners/chomp/chomp_optimizer_adapter -DCMAKE_INSTALL_PREFIX=/home/jone/ws_moveit/install/moveit_chomp_optimizer_adapter
[15.808s] DEBUG:colcon.colcon_core.event_handler.log_command:Invoking command in '/home/jone/ws_moveit/build/moveit_chomp_optimizer_adapter': AMENT_PREFIX_PATH=/home/jone/ws_moveit/install/chomp_motion_planner:/home/jone/ws_moveit/install/moveit_core:/home/jone/ws_moveit/install/moveit_resources_panda_moveit_config:/home/jone/ws_moveit/install/srdfdom:/home/jone/ws_moveit/install/moveit_resources_pr2_description:/home/jone/ws_moveit/install/moveit_resources_panda_description:/home/jone/ws_moveit/install/moveit_common:${AMENT_PREFIX_PATH} CMAKE_PREFIX_PATH=/home/jone/ws_moveit/install/chomp_motion_planner:/home/jone/ws_moveit/install/moveit_core:/home/jone/ws_moveit/install/moveit_resources_panda_moveit_config:/home/jone/ws_moveit/install/srdfdom:/home/jone/ws_moveit/install/moveit_resources_pr2_description:/home/jone/ws_moveit/install/moveit_resources_panda_description:/home/jone/ws_moveit/install/moveit_common:/opt/ros/humble LD_LIBRARY_PATH=/home/jone/ws_moveit/install/chomp_motion_planner/lib:/home/jone/ws_moveit/install/moveit_core/lib:/home/jone/ws_moveit/install/srdfdom/lib:/opt/ros/humble/opt/rviz_ogre_vendor/lib:/opt/ros/humble/lib/x86_64-linux-gnu:/opt/ros/humble/lib:/usr/lib/x86_64-linux-gnu/gazebo-11/plugins:/usr/lib/x86_64-linux-gnu/gazebo-11/plugins:/usr/lib/x86_64-linux-gnu/gazebo-11/plugins PATH=/home/jone/ws_moveit/install/moveit_core/bin:${PATH} PYTHONPATH=/home/jone/ws_moveit/install/srdfdom/local/lib/python3.10/dist-packages:${PYTHONPATH} /usr/bin/cmake --build /home/jone/ws_moveit/build/moveit_chomp_optimizer_adapter -- -j16 -l16
[15.889s] DEBUG:colcon.colcon_core.event_handler.log_command:Invoked command in '/home/jone/ws_moveit/build/moveit_chomp_optimizer_adapter' returned '0': AMENT_PREFIX_PATH=/home/jone/ws_moveit/install/chomp_motion_planner:/home/jone/ws_moveit/install/moveit_core:/home/jone/ws_moveit/install/moveit_resources_panda_moveit_config:/home/jone/ws_moveit/install/srdfdom:/home/jone/ws_moveit/install/moveit_resources_pr2_description:/home/jone/ws_moveit/install/moveit_resources_panda_description:/home/jone/ws_moveit/install/moveit_common:${AMENT_PREFIX_PATH} CMAKE_PREFIX_PATH=/home/jone/ws_moveit/install/chomp_motion_planner:/home/jone/ws_moveit/install/moveit_core:/home/jone/ws_moveit/install/moveit_resources_panda_moveit_config:/home/jone/ws_moveit/install/srdfdom:/home/jone/ws_moveit/install/moveit_resources_pr2_description:/home/jone/ws_moveit/install/moveit_resources_panda_description:/home/jone/ws_moveit/install/moveit_common:/opt/ros/humble LD_LIBRARY_PATH=/home/jone/ws_moveit/install/chomp_motion_planner/lib:/home/jone/ws_moveit/install/moveit_core/lib:/home/jone/ws_moveit/install/srdfdom/lib:/opt/ros/humble/opt/rviz_ogre_vendor/lib:/opt/ros/humble/lib/x86_64-linux-gnu:/opt/ros/humble/lib:/usr/lib/x86_64-linux-gnu/gazebo-11/plugins:/usr/lib/x86_64-linux-gnu/gazebo-11/plugins:/usr/lib/x86_64-linux-gnu/gazebo-11/plugins PATH=/home/jone/ws_moveit/install/moveit_core/bin:${PATH} PYTHONPATH=/home/jone/ws_moveit/install/srdfdom/local/lib/python3.10/dist-packages:${PYTHONPATH} /usr/bin/cmake --build /home/jone/ws_moveit/build/moveit_chomp_optimizer_adapter -- -j16 -l16
[15.899s] DEBUG:colcon.colcon_core.event_handler.log_command:Invoking command in '/home/jone/ws_moveit/build/moveit_chomp_optimizer_adapter': AMENT_PREFIX_PATH=/home/jone/ws_moveit/install/chomp_motion_planner:/home/jone/ws_moveit/install/moveit_core:/home/jone/ws_moveit/install/moveit_resources_panda_moveit_config:/home/jone/ws_moveit/install/srdfdom:/home/jone/ws_moveit/install/moveit_resources_pr2_description:/home/jone/ws_moveit/install/moveit_resources_panda_description:/home/jone/ws_moveit/install/moveit_common:${AMENT_PREFIX_PATH} CMAKE_PREFIX_PATH=/home/jone/ws_moveit/install/chomp_motion_planner:/home/jone/ws_moveit/install/moveit_core:/home/jone/ws_moveit/install/moveit_resources_panda_moveit_config:/home/jone/ws_moveit/install/srdfdom:/home/jone/ws_moveit/install/moveit_resources_pr2_description:/home/jone/ws_moveit/install/moveit_resources_panda_description:/home/jone/ws_moveit/install/moveit_common:/opt/ros/humble LD_LIBRARY_PATH=/home/jone/ws_moveit/install/chomp_motion_planner/lib:/home/jone/ws_moveit/install/moveit_core/lib:/home/jone/ws_moveit/install/srdfdom/lib:/opt/ros/humble/opt/rviz_ogre_vendor/lib:/opt/ros/humble/lib/x86_64-linux-gnu:/opt/ros/humble/lib:/usr/lib/x86_64-linux-gnu/gazebo-11/plugins:/usr/lib/x86_64-linux-gnu/gazebo-11/plugins:/usr/lib/x86_64-linux-gnu/gazebo-11/plugins PATH=/home/jone/ws_moveit/install/moveit_core/bin:${PATH} PYTHONPATH=/home/jone/ws_moveit/install/srdfdom/local/lib/python3.10/dist-packages:${PYTHONPATH} /usr/bin/cmake --install /home/jone/ws_moveit/build/moveit_chomp_optimizer_adapter
[15.910s] Level 1:colcon.colcon_core.environment:create_environment_scripts_only(moveit_chomp_optimizer_adapter)
[15.911s] Level 1:colcon.colcon_core.environment:checking '/home/jone/ws_moveit/install/moveit_chomp_optimizer_adapter' for CMake module files
[15.911s] DEBUG:colcon.colcon_core.event_handler.log_command:Invoked command in '/home/jone/ws_moveit/build/moveit_chomp_optimizer_adapter' returned '0': AMENT_PREFIX_PATH=/home/jone/ws_moveit/install/chomp_motion_planner:/home/jone/ws_moveit/install/moveit_core:/home/jone/ws_moveit/install/moveit_resources_panda_moveit_config:/home/jone/ws_moveit/install/srdfdom:/home/jone/ws_moveit/install/moveit_resources_pr2_description:/home/jone/ws_moveit/install/moveit_resources_panda_description:/home/jone/ws_moveit/install/moveit_common:${AMENT_PREFIX_PATH} CMAKE_PREFIX_PATH=/home/jone/ws_moveit/install/chomp_motion_planner:/home/jone/ws_moveit/install/moveit_core:/home/jone/ws_moveit/install/moveit_resources_panda_moveit_config:/home/jone/ws_moveit/install/srdfdom:/home/jone/ws_moveit/install/moveit_resources_pr2_description:/home/jone/ws_moveit/install/moveit_resources_panda_description:/home/jone/ws_moveit/install/moveit_common:/opt/ros/humble LD_LIBRARY_PATH=/home/jone/ws_moveit/install/chomp_motion_planner/lib:/home/jone/ws_moveit/install/moveit_core/lib:/home/jone/ws_moveit/install/srdfdom/lib:/opt/ros/humble/opt/rviz_ogre_vendor/lib:/opt/ros/humble/lib/x86_64-linux-gnu:/opt/ros/humble/lib:/usr/lib/x86_64-linux-gnu/gazebo-11/plugins:/usr/lib/x86_64-linux-gnu/gazebo-11/plugins:/usr/lib/x86_64-linux-gnu/gazebo-11/plugins PATH=/home/jone/ws_moveit/install/moveit_core/bin:${PATH} PYTHONPATH=/home/jone/ws_moveit/install/srdfdom/local/lib/python3.10/dist-packages:${PYTHONPATH} /usr/bin/cmake --install /home/jone/ws_moveit/build/moveit_chomp_optimizer_adapter
[15.911s] Level 1:colcon.colcon_core.environment:checking '/home/jone/ws_moveit/install/moveit_chomp_optimizer_adapter' for CMake config files
[15.912s] Level 1:colcon.colcon_core.shell:create_environment_hook('moveit_chomp_optimizer_adapter', 'cmake_prefix_path')
[15.912s] INFO:colcon.colcon_core.shell:Creating environment hook '/home/jone/ws_moveit/install/moveit_chomp_optimizer_adapter/share/moveit_chomp_optimizer_adapter/hook/cmake_prefix_path.ps1'
[15.912s] INFO:colcon.colcon_core.shell:Creating environment descriptor '/home/jone/ws_moveit/install/moveit_chomp_optimizer_adapter/share/moveit_chomp_optimizer_adapter/hook/cmake_prefix_path.dsv'
[15.912s] INFO:colcon.colcon_core.shell:Creating environment hook '/home/jone/ws_moveit/install/moveit_chomp_optimizer_adapter/share/moveit_chomp_optimizer_adapter/hook/cmake_prefix_path.sh'
[15.913s] Level 1:colcon.colcon_core.environment:checking '/home/jone/ws_moveit/install/moveit_chomp_optimizer_adapter/lib'
[15.913s] Level 1:colcon.colcon_core.shell:create_environment_hook('moveit_chomp_optimizer_adapter', 'ld_library_path_lib')
[15.913s] INFO:colcon.colcon_core.shell:Creating environment hook '/home/jone/ws_moveit/install/moveit_chomp_optimizer_adapter/share/moveit_chomp_optimizer_adapter/hook/ld_library_path_lib.ps1'
[15.913s] INFO:colcon.colcon_core.shell:Creating environment descriptor '/home/jone/ws_moveit/install/moveit_chomp_optimizer_adapter/share/moveit_chomp_optimizer_adapter/hook/ld_library_path_lib.dsv'
[15.913s] INFO:colcon.colcon_core.shell:Creating environment hook '/home/jone/ws_moveit/install/moveit_chomp_optimizer_adapter/share/moveit_chomp_optimizer_adapter/hook/ld_library_path_lib.sh'
[15.914s] Level 1:colcon.colcon_core.environment:checking '/home/jone/ws_moveit/install/moveit_chomp_optimizer_adapter/bin'
[15.914s] Level 1:colcon.colcon_core.environment:checking '/home/jone/ws_moveit/install/moveit_chomp_optimizer_adapter/lib/pkgconfig/moveit_chomp_optimizer_adapter.pc'
[15.914s] Level 1:colcon.colcon_core.environment:checking '/home/jone/ws_moveit/install/moveit_chomp_optimizer_adapter/lib/python3.10/site-packages'
[15.914s] Level 1:colcon.colcon_core.environment:checking '/home/jone/ws_moveit/install/moveit_chomp_optimizer_adapter/bin'
[15.914s] INFO:colcon.colcon_core.shell:Creating package script '/home/jone/ws_moveit/install/moveit_chomp_optimizer_adapter/share/moveit_chomp_optimizer_adapter/package.ps1'
[15.915s] INFO:colcon.colcon_core.shell:Creating package descriptor '/home/jone/ws_moveit/install/moveit_chomp_optimizer_adapter/share/moveit_chomp_optimizer_adapter/package.dsv'
[15.915s] INFO:colcon.colcon_core.shell:Creating package script '/home/jone/ws_moveit/install/moveit_chomp_optimizer_adapter/share/moveit_chomp_optimizer_adapter/package.sh'
[15.915s] INFO:colcon.colcon_core.shell:Creating package script '/home/jone/ws_moveit/install/moveit_chomp_optimizer_adapter/share/moveit_chomp_optimizer_adapter/package.bash'
[15.916s] INFO:colcon.colcon_core.shell:Creating package script '/home/jone/ws_moveit/install/moveit_chomp_optimizer_adapter/share/moveit_chomp_optimizer_adapter/package.zsh'
[15.916s] Level 1:colcon.colcon_core.environment:create_file_with_runtime_dependencies(/home/jone/ws_moveit/install/moveit_chomp_optimizer_adapter/share/colcon-core/packages/moveit_chomp_optimizer_adapter)
[15.916s] Level 1:colcon.colcon_core.environment:create_environment_scripts_only(moveit_chomp_optimizer_adapter)
[15.917s] Level 1:colcon.colcon_core.environment:checking '/home/jone/ws_moveit/install/moveit_chomp_optimizer_adapter' for CMake module files
[15.917s] Level 1:colcon.colcon_core.environment:checking '/home/jone/ws_moveit/install/moveit_chomp_optimizer_adapter' for CMake config files
[15.917s] Level 1:colcon.colcon_core.shell:create_environment_hook('moveit_chomp_optimizer_adapter', 'cmake_prefix_path')
[15.917s] INFO:colcon.colcon_core.shell:Creating environment hook '/home/jone/ws_moveit/install/moveit_chomp_optimizer_adapter/share/moveit_chomp_optimizer_adapter/hook/cmake_prefix_path.ps1'
[15.917s] INFO:colcon.colcon_core.shell:Creating environment descriptor '/home/jone/ws_moveit/install/moveit_chomp_optimizer_adapter/share/moveit_chomp_optimizer_adapter/hook/cmake_prefix_path.dsv'
[15.918s] INFO:colcon.colcon_core.shell:Creating environment hook '/home/jone/ws_moveit/install/moveit_chomp_optimizer_adapter/share/moveit_chomp_optimizer_adapter/hook/cmake_prefix_path.sh'
[15.918s] Level 1:colcon.colcon_core.environment:checking '/home/jone/ws_moveit/install/moveit_chomp_optimizer_adapter/lib'
[15.918s] Level 1:colcon.colcon_core.shell:create_environment_hook('moveit_chomp_optimizer_adapter', 'ld_library_path_lib')
[15.918s] INFO:colcon.colcon_core.shell:Creating environment hook '/home/jone/ws_moveit/install/moveit_chomp_optimizer_adapter/share/moveit_chomp_optimizer_adapter/hook/ld_library_path_lib.ps1'
[15.918s] INFO:colcon.colcon_core.shell:Creating environment descriptor '/home/jone/ws_moveit/install/moveit_chomp_optimizer_adapter/share/moveit_chomp_optimizer_adapter/hook/ld_library_path_lib.dsv'
[15.919s] INFO:colcon.colcon_core.shell:Creating environment hook '/home/jone/ws_moveit/install/moveit_chomp_optimizer_adapter/share/moveit_chomp_optimizer_adapter/hook/ld_library_path_lib.sh'
[15.919s] Level 1:colcon.colcon_core.environment:checking '/home/jone/ws_moveit/install/moveit_chomp_optimizer_adapter/bin'
[15.919s] Level 1:colcon.colcon_core.environment:checking '/home/jone/ws_moveit/install/moveit_chomp_optimizer_adapter/lib/pkgconfig/moveit_chomp_optimizer_adapter.pc'
[15.919s] Level 1:colcon.colcon_core.environment:checking '/home/jone/ws_moveit/install/moveit_chomp_optimizer_adapter/lib/python3.10/site-packages'
[15.919s] Level 1:colcon.colcon_core.environment:checking '/home/jone/ws_moveit/install/moveit_chomp_optimizer_adapter/bin'
[15.920s] INFO:colcon.colcon_core.shell:Creating package script '/home/jone/ws_moveit/install/moveit_chomp_optimizer_adapter/share/moveit_chomp_optimizer_adapter/package.ps1'
[15.920s] INFO:colcon.colcon_core.shell:Creating package descriptor '/home/jone/ws_moveit/install/moveit_chomp_optimizer_adapter/share/moveit_chomp_optimizer_adapter/package.dsv'
[15.920s] INFO:colcon.colcon_core.shell:Creating package script '/home/jone/ws_moveit/install/moveit_chomp_optimizer_adapter/share/moveit_chomp_optimizer_adapter/package.sh'
[15.921s] INFO:colcon.colcon_core.shell:Creating package script '/home/jone/ws_moveit/install/moveit_chomp_optimizer_adapter/share/moveit_chomp_optimizer_adapter/package.bash'
[15.921s] INFO:colcon.colcon_core.shell:Creating package script '/home/jone/ws_moveit/install/moveit_chomp_optimizer_adapter/share/moveit_chomp_optimizer_adapter/package.zsh'
[15.921s] Level 1:colcon.colcon_core.environment:create_file_with_runtime_dependencies(/home/jone/ws_moveit/install/moveit_chomp_optimizer_adapter/share/colcon-core/packages/moveit_chomp_optimizer_adapter)
[15.922s] DEBUG:colcon.colcon_core.executor.sequential:run_until_complete 'moveit_chomp_optimizer_adapter' finished with '0'
[15.922s] DEBUG:colcon.colcon_core.executor.sequential:run_until_complete 'moveit_planners_chomp'
[15.922s] INFO:colcon.colcon_ros.task.ament_cmake.build:Building ROS package in '/home/jone/ws_moveit/src/moveit2/moveit_planners/chomp/chomp_interface' with build type 'ament_cmake'
[15.922s] INFO:colcon.colcon_cmake.task.cmake.build:Building CMake package in '/home/jone/ws_moveit/src/moveit2/moveit_planners/chomp/chomp_interface'
[15.922s] INFO:colcon.colcon_core.shell:Skip shell extension 'powershell' for command environment: Not usable outside of PowerShell
[15.922s] DEBUG:colcon.colcon_core.shell:Skip shell extension 'dsv' for command environment
[15.938s] DEBUG:colcon.colcon_core.event_handler.log_command:Invoking command in '/home/jone/ws_moveit/build/moveit_planners_chomp': AMENT_PREFIX_PATH=/home/jone/ws_moveit/install/chomp_motion_planner:/home/jone/ws_moveit/install/moveit_core:/home/jone/ws_moveit/install/moveit_resources_panda_moveit_config:/home/jone/ws_moveit/install/srdfdom:/home/jone/ws_moveit/install/moveit_resources_pr2_description:/home/jone/ws_moveit/install/moveit_resources_panda_description:/home/jone/ws_moveit/install/moveit_common:${AMENT_PREFIX_PATH} CMAKE_PREFIX_PATH=/home/jone/ws_moveit/install/chomp_motion_planner:/home/jone/ws_moveit/install/moveit_core:/home/jone/ws_moveit/install/moveit_resources_panda_moveit_config:/home/jone/ws_moveit/install/srdfdom:/home/jone/ws_moveit/install/moveit_resources_pr2_description:/home/jone/ws_moveit/install/moveit_resources_panda_description:/home/jone/ws_moveit/install/moveit_common:/opt/ros/humble LD_LIBRARY_PATH=/home/jone/ws_moveit/install/chomp_motion_planner/lib:/home/jone/ws_moveit/install/moveit_core/lib:/home/jone/ws_moveit/install/srdfdom/lib:/opt/ros/humble/opt/rviz_ogre_vendor/lib:/opt/ros/humble/lib/x86_64-linux-gnu:/opt/ros/humble/lib:/usr/lib/x86_64-linux-gnu/gazebo-11/plugins:/usr/lib/x86_64-linux-gnu/gazebo-11/plugins:/usr/lib/x86_64-linux-gnu/gazebo-11/plugins PATH=/home/jone/ws_moveit/install/moveit_core/bin:${PATH} PYTHONPATH=/home/jone/ws_moveit/install/srdfdom/local/lib/python3.10/dist-packages:${PYTHONPATH} /usr/bin/cmake /home/jone/ws_moveit/src/moveit2/moveit_planners/chomp/chomp_interface -DCMAKE_INSTALL_PREFIX=/home/jone/ws_moveit/install/moveit_planners_chomp
[16.692s] DEBUG:colcon.colcon_core.event_handler.log_command:Invoked command in '/home/jone/ws_moveit/build/moveit_planners_chomp' returned '0': AMENT_PREFIX_PATH=/home/jone/ws_moveit/install/chomp_motion_planner:/home/jone/ws_moveit/install/moveit_core:/home/jone/ws_moveit/install/moveit_resources_panda_moveit_config:/home/jone/ws_moveit/install/srdfdom:/home/jone/ws_moveit/install/moveit_resources_pr2_description:/home/jone/ws_moveit/install/moveit_resources_panda_description:/home/jone/ws_moveit/install/moveit_common:${AMENT_PREFIX_PATH} CMAKE_PREFIX_PATH=/home/jone/ws_moveit/install/chomp_motion_planner:/home/jone/ws_moveit/install/moveit_core:/home/jone/ws_moveit/install/moveit_resources_panda_moveit_config:/home/jone/ws_moveit/install/srdfdom:/home/jone/ws_moveit/install/moveit_resources_pr2_description:/home/jone/ws_moveit/install/moveit_resources_panda_description:/home/jone/ws_moveit/install/moveit_common:/opt/ros/humble LD_LIBRARY_PATH=/home/jone/ws_moveit/install/chomp_motion_planner/lib:/home/jone/ws_moveit/install/moveit_core/lib:/home/jone/ws_moveit/install/srdfdom/lib:/opt/ros/humble/opt/rviz_ogre_vendor/lib:/opt/ros/humble/lib/x86_64-linux-gnu:/opt/ros/humble/lib:/usr/lib/x86_64-linux-gnu/gazebo-11/plugins:/usr/lib/x86_64-linux-gnu/gazebo-11/plugins:/usr/lib/x86_64-linux-gnu/gazebo-11/plugins PATH=/home/jone/ws_moveit/install/moveit_core/bin:${PATH} PYTHONPATH=/home/jone/ws_moveit/install/srdfdom/local/lib/python3.10/dist-packages:${PYTHONPATH} /usr/bin/cmake /home/jone/ws_moveit/src/moveit2/moveit_planners/chomp/chomp_interface -DCMAKE_INSTALL_PREFIX=/home/jone/ws_moveit/install/moveit_planners_chomp
[16.693s] DEBUG:colcon.colcon_core.event_handler.log_command:Invoking command in '/home/jone/ws_moveit/build/moveit_planners_chomp': AMENT_PREFIX_PATH=/home/jone/ws_moveit/install/chomp_motion_planner:/home/jone/ws_moveit/install/moveit_core:/home/jone/ws_moveit/install/moveit_resources_panda_moveit_config:/home/jone/ws_moveit/install/srdfdom:/home/jone/ws_moveit/install/moveit_resources_pr2_description:/home/jone/ws_moveit/install/moveit_resources_panda_description:/home/jone/ws_moveit/install/moveit_common:${AMENT_PREFIX_PATH} CMAKE_PREFIX_PATH=/home/jone/ws_moveit/install/chomp_motion_planner:/home/jone/ws_moveit/install/moveit_core:/home/jone/ws_moveit/install/moveit_resources_panda_moveit_config:/home/jone/ws_moveit/install/srdfdom:/home/jone/ws_moveit/install/moveit_resources_pr2_description:/home/jone/ws_moveit/install/moveit_resources_panda_description:/home/jone/ws_moveit/install/moveit_common:/opt/ros/humble LD_LIBRARY_PATH=/home/jone/ws_moveit/install/chomp_motion_planner/lib:/home/jone/ws_moveit/install/moveit_core/lib:/home/jone/ws_moveit/install/srdfdom/lib:/opt/ros/humble/opt/rviz_ogre_vendor/lib:/opt/ros/humble/lib/x86_64-linux-gnu:/opt/ros/humble/lib:/usr/lib/x86_64-linux-gnu/gazebo-11/plugins:/usr/lib/x86_64-linux-gnu/gazebo-11/plugins:/usr/lib/x86_64-linux-gnu/gazebo-11/plugins PATH=/home/jone/ws_moveit/install/moveit_core/bin:${PATH} PYTHONPATH=/home/jone/ws_moveit/install/srdfdom/local/lib/python3.10/dist-packages:${PYTHONPATH} /usr/bin/cmake --build /home/jone/ws_moveit/build/moveit_planners_chomp -- -j16 -l16
[16.816s] DEBUG:colcon.colcon_core.event_handler.log_command:Invoked command in '/home/jone/ws_moveit/build/moveit_planners_chomp' returned '0': AMENT_PREFIX_PATH=/home/jone/ws_moveit/install/chomp_motion_planner:/home/jone/ws_moveit/install/moveit_core:/home/jone/ws_moveit/install/moveit_resources_panda_moveit_config:/home/jone/ws_moveit/install/srdfdom:/home/jone/ws_moveit/install/moveit_resources_pr2_description:/home/jone/ws_moveit/install/moveit_resources_panda_description:/home/jone/ws_moveit/install/moveit_common:${AMENT_PREFIX_PATH} CMAKE_PREFIX_PATH=/home/jone/ws_moveit/install/chomp_motion_planner:/home/jone/ws_moveit/install/moveit_core:/home/jone/ws_moveit/install/moveit_resources_panda_moveit_config:/home/jone/ws_moveit/install/srdfdom:/home/jone/ws_moveit/install/moveit_resources_pr2_description:/home/jone/ws_moveit/install/moveit_resources_panda_description:/home/jone/ws_moveit/install/moveit_common:/opt/ros/humble LD_LIBRARY_PATH=/home/jone/ws_moveit/install/chomp_motion_planner/lib:/home/jone/ws_moveit/install/moveit_core/lib:/home/jone/ws_moveit/install/srdfdom/lib:/opt/ros/humble/opt/rviz_ogre_vendor/lib:/opt/ros/humble/lib/x86_64-linux-gnu:/opt/ros/humble/lib:/usr/lib/x86_64-linux-gnu/gazebo-11/plugins:/usr/lib/x86_64-linux-gnu/gazebo-11/plugins:/usr/lib/x86_64-linux-gnu/gazebo-11/plugins PATH=/home/jone/ws_moveit/install/moveit_core/bin:${PATH} PYTHONPATH=/home/jone/ws_moveit/install/srdfdom/local/lib/python3.10/dist-packages:${PYTHONPATH} /usr/bin/cmake --build /home/jone/ws_moveit/build/moveit_planners_chomp -- -j16 -l16
[16.829s] DEBUG:colcon.colcon_core.event_handler.log_command:Invoking command in '/home/jone/ws_moveit/build/moveit_planners_chomp': AMENT_PREFIX_PATH=/home/jone/ws_moveit/install/chomp_motion_planner:/home/jone/ws_moveit/install/moveit_core:/home/jone/ws_moveit/install/moveit_resources_panda_moveit_config:/home/jone/ws_moveit/install/srdfdom:/home/jone/ws_moveit/install/moveit_resources_pr2_description:/home/jone/ws_moveit/install/moveit_resources_panda_description:/home/jone/ws_moveit/install/moveit_common:${AMENT_PREFIX_PATH} CMAKE_PREFIX_PATH=/home/jone/ws_moveit/install/chomp_motion_planner:/home/jone/ws_moveit/install/moveit_core:/home/jone/ws_moveit/install/moveit_resources_panda_moveit_config:/home/jone/ws_moveit/install/srdfdom:/home/jone/ws_moveit/install/moveit_resources_pr2_description:/home/jone/ws_moveit/install/moveit_resources_panda_description:/home/jone/ws_moveit/install/moveit_common:/opt/ros/humble LD_LIBRARY_PATH=/home/jone/ws_moveit/install/chomp_motion_planner/lib:/home/jone/ws_moveit/install/moveit_core/lib:/home/jone/ws_moveit/install/srdfdom/lib:/opt/ros/humble/opt/rviz_ogre_vendor/lib:/opt/ros/humble/lib/x86_64-linux-gnu:/opt/ros/humble/lib:/usr/lib/x86_64-linux-gnu/gazebo-11/plugins:/usr/lib/x86_64-linux-gnu/gazebo-11/plugins:/usr/lib/x86_64-linux-gnu/gazebo-11/plugins PATH=/home/jone/ws_moveit/install/moveit_core/bin:${PATH} PYTHONPATH=/home/jone/ws_moveit/install/srdfdom/local/lib/python3.10/dist-packages:${PYTHONPATH} /usr/bin/cmake --install /home/jone/ws_moveit/build/moveit_planners_chomp
[16.842s] Level 1:colcon.colcon_core.environment:create_environment_scripts_only(moveit_planners_chomp)
[16.842s] DEBUG:colcon.colcon_core.event_handler.log_command:Invoked command in '/home/jone/ws_moveit/build/moveit_planners_chomp' returned '0': AMENT_PREFIX_PATH=/home/jone/ws_moveit/install/chomp_motion_planner:/home/jone/ws_moveit/install/moveit_core:/home/jone/ws_moveit/install/moveit_resources_panda_moveit_config:/home/jone/ws_moveit/install/srdfdom:/home/jone/ws_moveit/install/moveit_resources_pr2_description:/home/jone/ws_moveit/install/moveit_resources_panda_description:/home/jone/ws_moveit/install/moveit_common:${AMENT_PREFIX_PATH} CMAKE_PREFIX_PATH=/home/jone/ws_moveit/install/chomp_motion_planner:/home/jone/ws_moveit/install/moveit_core:/home/jone/ws_moveit/install/moveit_resources_panda_moveit_config:/home/jone/ws_moveit/install/srdfdom:/home/jone/ws_moveit/install/moveit_resources_pr2_description:/home/jone/ws_moveit/install/moveit_resources_panda_description:/home/jone/ws_moveit/install/moveit_common:/opt/ros/humble LD_LIBRARY_PATH=/home/jone/ws_moveit/install/chomp_motion_planner/lib:/home/jone/ws_moveit/install/moveit_core/lib:/home/jone/ws_moveit/install/srdfdom/lib:/opt/ros/humble/opt/rviz_ogre_vendor/lib:/opt/ros/humble/lib/x86_64-linux-gnu:/opt/ros/humble/lib:/usr/lib/x86_64-linux-gnu/gazebo-11/plugins:/usr/lib/x86_64-linux-gnu/gazebo-11/plugins:/usr/lib/x86_64-linux-gnu/gazebo-11/plugins PATH=/home/jone/ws_moveit/install/moveit_core/bin:${PATH} PYTHONPATH=/home/jone/ws_moveit/install/srdfdom/local/lib/python3.10/dist-packages:${PYTHONPATH} /usr/bin/cmake --install /home/jone/ws_moveit/build/moveit_planners_chomp
[16.842s] Level 1:colcon.colcon_core.environment:checking '/home/jone/ws_moveit/install/moveit_planners_chomp' for CMake module files
[16.843s] Level 1:colcon.colcon_core.environment:checking '/home/jone/ws_moveit/install/moveit_planners_chomp' for CMake config files
[16.843s] Level 1:colcon.colcon_core.shell:create_environment_hook('moveit_planners_chomp', 'cmake_prefix_path')
[16.844s] INFO:colcon.colcon_core.shell:Creating environment hook '/home/jone/ws_moveit/install/moveit_planners_chomp/share/moveit_planners_chomp/hook/cmake_prefix_path.ps1'
[16.844s] INFO:colcon.colcon_core.shell:Creating environment descriptor '/home/jone/ws_moveit/install/moveit_planners_chomp/share/moveit_planners_chomp/hook/cmake_prefix_path.dsv'
[16.844s] INFO:colcon.colcon_core.shell:Creating environment hook '/home/jone/ws_moveit/install/moveit_planners_chomp/share/moveit_planners_chomp/hook/cmake_prefix_path.sh'
[16.845s] Level 1:colcon.colcon_core.environment:checking '/home/jone/ws_moveit/install/moveit_planners_chomp/lib'
[16.845s] Level 1:colcon.colcon_core.shell:create_environment_hook('moveit_planners_chomp', 'ld_library_path_lib')
[16.845s] INFO:colcon.colcon_core.shell:Creating environment hook '/home/jone/ws_moveit/install/moveit_planners_chomp/share/moveit_planners_chomp/hook/ld_library_path_lib.ps1'
[16.845s] INFO:colcon.colcon_core.shell:Creating environment descriptor '/home/jone/ws_moveit/install/moveit_planners_chomp/share/moveit_planners_chomp/hook/ld_library_path_lib.dsv'
[16.845s] INFO:colcon.colcon_core.shell:Creating environment hook '/home/jone/ws_moveit/install/moveit_planners_chomp/share/moveit_planners_chomp/hook/ld_library_path_lib.sh'
[16.846s] Level 1:colcon.colcon_core.environment:checking '/home/jone/ws_moveit/install/moveit_planners_chomp/bin'
[16.846s] Level 1:colcon.colcon_core.environment:checking '/home/jone/ws_moveit/install/moveit_planners_chomp/lib/pkgconfig/moveit_planners_chomp.pc'
[16.846s] Level 1:colcon.colcon_core.environment:checking '/home/jone/ws_moveit/install/moveit_planners_chomp/lib/python3.10/site-packages'
[16.846s] Level 1:colcon.colcon_core.environment:checking '/home/jone/ws_moveit/install/moveit_planners_chomp/bin'
[16.847s] INFO:colcon.colcon_core.shell:Creating package script '/home/jone/ws_moveit/install/moveit_planners_chomp/share/moveit_planners_chomp/package.ps1'
[16.847s] INFO:colcon.colcon_core.shell:Creating package descriptor '/home/jone/ws_moveit/install/moveit_planners_chomp/share/moveit_planners_chomp/package.dsv'
[16.847s] INFO:colcon.colcon_core.shell:Creating package script '/home/jone/ws_moveit/install/moveit_planners_chomp/share/moveit_planners_chomp/package.sh'
[16.848s] INFO:colcon.colcon_core.shell:Creating package script '/home/jone/ws_moveit/install/moveit_planners_chomp/share/moveit_planners_chomp/package.bash'
[16.848s] INFO:colcon.colcon_core.shell:Creating package script '/home/jone/ws_moveit/install/moveit_planners_chomp/share/moveit_planners_chomp/package.zsh'
[16.848s] Level 1:colcon.colcon_core.environment:create_file_with_runtime_dependencies(/home/jone/ws_moveit/install/moveit_planners_chomp/share/colcon-core/packages/moveit_planners_chomp)
[16.849s] Level 1:colcon.colcon_core.environment:create_environment_scripts_only(moveit_planners_chomp)
[16.849s] Level 1:colcon.colcon_core.environment:checking '/home/jone/ws_moveit/install/moveit_planners_chomp' for CMake module files
[16.849s] Level 1:colcon.colcon_core.environment:checking '/home/jone/ws_moveit/install/moveit_planners_chomp' for CMake config files
[16.850s] Level 1:colcon.colcon_core.shell:create_environment_hook('moveit_planners_chomp', 'cmake_prefix_path')
[16.850s] INFO:colcon.colcon_core.shell:Creating environment hook '/home/jone/ws_moveit/install/moveit_planners_chomp/share/moveit_planners_chomp/hook/cmake_prefix_path.ps1'
[16.850s] INFO:colcon.colcon_core.shell:Creating environment descriptor '/home/jone/ws_moveit/install/moveit_planners_chomp/share/moveit_planners_chomp/hook/cmake_prefix_path.dsv'
[16.850s] INFO:colcon.colcon_core.shell:Creating environment hook '/home/jone/ws_moveit/install/moveit_planners_chomp/share/moveit_planners_chomp/hook/cmake_prefix_path.sh'
[16.851s] Level 1:colcon.colcon_core.environment:checking '/home/jone/ws_moveit/install/moveit_planners_chomp/lib'
[16.851s] Level 1:colcon.colcon_core.shell:create_environment_hook('moveit_planners_chomp', 'ld_library_path_lib')
[16.851s] INFO:colcon.colcon_core.shell:Creating environment hook '/home/jone/ws_moveit/install/moveit_planners_chomp/share/moveit_planners_chomp/hook/ld_library_path_lib.ps1'
[16.851s] INFO:colcon.colcon_core.shell:Creating environment descriptor '/home/jone/ws_moveit/install/moveit_planners_chomp/share/moveit_planners_chomp/hook/ld_library_path_lib.dsv'
[16.851s] INFO:colcon.colcon_core.shell:Creating environment hook '/home/jone/ws_moveit/install/moveit_planners_chomp/share/moveit_planners_chomp/hook/ld_library_path_lib.sh'
[16.852s] Level 1:colcon.colcon_core.environment:checking '/home/jone/ws_moveit/install/moveit_planners_chomp/bin'
[16.852s] Level 1:colcon.colcon_core.environment:checking '/home/jone/ws_moveit/install/moveit_planners_chomp/lib/pkgconfig/moveit_planners_chomp.pc'
[16.852s] Level 1:colcon.colcon_core.environment:checking '/home/jone/ws_moveit/install/moveit_planners_chomp/lib/python3.10/site-packages'
[16.852s] Level 1:colcon.colcon_core.environment:checking '/home/jone/ws_moveit/install/moveit_planners_chomp/bin'
[16.852s] INFO:colcon.colcon_core.shell:Creating package script '/home/jone/ws_moveit/install/moveit_planners_chomp/share/moveit_planners_chomp/package.ps1'
[16.853s] INFO:colcon.colcon_core.shell:Creating package descriptor '/home/jone/ws_moveit/install/moveit_planners_chomp/share/moveit_planners_chomp/package.dsv'
[16.853s] INFO:colcon.colcon_core.shell:Creating package script '/home/jone/ws_moveit/install/moveit_planners_chomp/share/moveit_planners_chomp/package.sh'
[16.853s] INFO:colcon.colcon_core.shell:Creating package script '/home/jone/ws_moveit/install/moveit_planners_chomp/share/moveit_planners_chomp/package.bash'
[16.854s] INFO:colcon.colcon_core.shell:Creating package script '/home/jone/ws_moveit/install/moveit_planners_chomp/share/moveit_planners_chomp/package.zsh'
[16.854s] Level 1:colcon.colcon_core.environment:create_file_with_runtime_dependencies(/home/jone/ws_moveit/install/moveit_planners_chomp/share/colcon-core/packages/moveit_planners_chomp)
[16.854s] DEBUG:colcon.colcon_core.executor.sequential:run_until_complete 'moveit_planners_chomp' finished with '0'
[16.854s] DEBUG:colcon.colcon_core.executor.sequential:run_until_complete 'moveit_plugins'
[16.854s] INFO:colcon.colcon_ros.task.ament_cmake.build:Building ROS package in '/home/jone/ws_moveit/src/moveit2/moveit_plugins/moveit_plugins' with build type 'ament_cmake'
[16.854s] INFO:colcon.colcon_cmake.task.cmake.build:Building CMake package in '/home/jone/ws_moveit/src/moveit2/moveit_plugins/moveit_plugins'
[16.854s] INFO:colcon.colcon_core.shell:Skip shell extension 'powershell' for command environment: Not usable outside of PowerShell
[16.854s] DEBUG:colcon.colcon_core.shell:Skip shell extension 'dsv' for command environment
[16.870s] DEBUG:colcon.colcon_core.event_handler.log_command:Invoking command in '/home/jone/ws_moveit/build/moveit_plugins': AMENT_PREFIX_PATH=/home/jone/ws_moveit/install/moveit_simple_controller_manager:/home/jone/ws_moveit/install/moveit_core:/home/jone/ws_moveit/install/moveit_resources_panda_moveit_config:/home/jone/ws_moveit/install/srdfdom:/home/jone/ws_moveit/install/moveit_resources_pr2_description:/home/jone/ws_moveit/install/moveit_resources_panda_description:/home/jone/ws_moveit/install/moveit_common:${AMENT_PREFIX_PATH} CMAKE_PREFIX_PATH=/home/jone/ws_moveit/install/moveit_simple_controller_manager:/home/jone/ws_moveit/install/moveit_core:/home/jone/ws_moveit/install/moveit_resources_panda_moveit_config:/home/jone/ws_moveit/install/srdfdom:/home/jone/ws_moveit/install/moveit_resources_pr2_description:/home/jone/ws_moveit/install/moveit_resources_panda_description:/home/jone/ws_moveit/install/moveit_common:/opt/ros/humble LD_LIBRARY_PATH=/home/jone/ws_moveit/install/moveit_simple_controller_manager/lib:/home/jone/ws_moveit/install/moveit_core/lib:/home/jone/ws_moveit/install/srdfdom/lib:/opt/ros/humble/opt/rviz_ogre_vendor/lib:/opt/ros/humble/lib/x86_64-linux-gnu:/opt/ros/humble/lib:/usr/lib/x86_64-linux-gnu/gazebo-11/plugins:/usr/lib/x86_64-linux-gnu/gazebo-11/plugins:/usr/lib/x86_64-linux-gnu/gazebo-11/plugins PATH=/home/jone/ws_moveit/install/moveit_core/bin:${PATH} PYTHONPATH=/home/jone/ws_moveit/install/srdfdom/local/lib/python3.10/dist-packages:${PYTHONPATH} /usr/bin/cmake /home/jone/ws_moveit/src/moveit2/moveit_plugins/moveit_plugins -DCMAKE_INSTALL_PREFIX=/home/jone/ws_moveit/install/moveit_plugins
[17.060s] DEBUG:colcon.colcon_core.event_handler.log_command:Invoked command in '/home/jone/ws_moveit/build/moveit_plugins' returned '0': AMENT_PREFIX_PATH=/home/jone/ws_moveit/install/moveit_simple_controller_manager:/home/jone/ws_moveit/install/moveit_core:/home/jone/ws_moveit/install/moveit_resources_panda_moveit_config:/home/jone/ws_moveit/install/srdfdom:/home/jone/ws_moveit/install/moveit_resources_pr2_description:/home/jone/ws_moveit/install/moveit_resources_panda_description:/home/jone/ws_moveit/install/moveit_common:${AMENT_PREFIX_PATH} CMAKE_PREFIX_PATH=/home/jone/ws_moveit/install/moveit_simple_controller_manager:/home/jone/ws_moveit/install/moveit_core:/home/jone/ws_moveit/install/moveit_resources_panda_moveit_config:/home/jone/ws_moveit/install/srdfdom:/home/jone/ws_moveit/install/moveit_resources_pr2_description:/home/jone/ws_moveit/install/moveit_resources_panda_description:/home/jone/ws_moveit/install/moveit_common:/opt/ros/humble LD_LIBRARY_PATH=/home/jone/ws_moveit/install/moveit_simple_controller_manager/lib:/home/jone/ws_moveit/install/moveit_core/lib:/home/jone/ws_moveit/install/srdfdom/lib:/opt/ros/humble/opt/rviz_ogre_vendor/lib:/opt/ros/humble/lib/x86_64-linux-gnu:/opt/ros/humble/lib:/usr/lib/x86_64-linux-gnu/gazebo-11/plugins:/usr/lib/x86_64-linux-gnu/gazebo-11/plugins:/usr/lib/x86_64-linux-gnu/gazebo-11/plugins PATH=/home/jone/ws_moveit/install/moveit_core/bin:${PATH} PYTHONPATH=/home/jone/ws_moveit/install/srdfdom/local/lib/python3.10/dist-packages:${PYTHONPATH} /usr/bin/cmake /home/jone/ws_moveit/src/moveit2/moveit_plugins/moveit_plugins -DCMAKE_INSTALL_PREFIX=/home/jone/ws_moveit/install/moveit_plugins
[17.061s] DEBUG:colcon.colcon_core.event_handler.log_command:Invoking command in '/home/jone/ws_moveit/build/moveit_plugins': AMENT_PREFIX_PATH=/home/jone/ws_moveit/install/moveit_simple_controller_manager:/home/jone/ws_moveit/install/moveit_core:/home/jone/ws_moveit/install/moveit_resources_panda_moveit_config:/home/jone/ws_moveit/install/srdfdom:/home/jone/ws_moveit/install/moveit_resources_pr2_description:/home/jone/ws_moveit/install/moveit_resources_panda_description:/home/jone/ws_moveit/install/moveit_common:${AMENT_PREFIX_PATH} CMAKE_PREFIX_PATH=/home/jone/ws_moveit/install/moveit_simple_controller_manager:/home/jone/ws_moveit/install/moveit_core:/home/jone/ws_moveit/install/moveit_resources_panda_moveit_config:/home/jone/ws_moveit/install/srdfdom:/home/jone/ws_moveit/install/moveit_resources_pr2_description:/home/jone/ws_moveit/install/moveit_resources_panda_description:/home/jone/ws_moveit/install/moveit_common:/opt/ros/humble LD_LIBRARY_PATH=/home/jone/ws_moveit/install/moveit_simple_controller_manager/lib:/home/jone/ws_moveit/install/moveit_core/lib:/home/jone/ws_moveit/install/srdfdom/lib:/opt/ros/humble/opt/rviz_ogre_vendor/lib:/opt/ros/humble/lib/x86_64-linux-gnu:/opt/ros/humble/lib:/usr/lib/x86_64-linux-gnu/gazebo-11/plugins:/usr/lib/x86_64-linux-gnu/gazebo-11/plugins:/usr/lib/x86_64-linux-gnu/gazebo-11/plugins PATH=/home/jone/ws_moveit/install/moveit_core/bin:${PATH} PYTHONPATH=/home/jone/ws_moveit/install/srdfdom/local/lib/python3.10/dist-packages:${PYTHONPATH} /usr/bin/cmake --build /home/jone/ws_moveit/build/moveit_plugins -- -j16 -l16
[17.094s] DEBUG:colcon.colcon_core.event_handler.log_command:Invoked command in '/home/jone/ws_moveit/build/moveit_plugins' returned '0': AMENT_PREFIX_PATH=/home/jone/ws_moveit/install/moveit_simple_controller_manager:/home/jone/ws_moveit/install/moveit_core:/home/jone/ws_moveit/install/moveit_resources_panda_moveit_config:/home/jone/ws_moveit/install/srdfdom:/home/jone/ws_moveit/install/moveit_resources_pr2_description:/home/jone/ws_moveit/install/moveit_resources_panda_description:/home/jone/ws_moveit/install/moveit_common:${AMENT_PREFIX_PATH} CMAKE_PREFIX_PATH=/home/jone/ws_moveit/install/moveit_simple_controller_manager:/home/jone/ws_moveit/install/moveit_core:/home/jone/ws_moveit/install/moveit_resources_panda_moveit_config:/home/jone/ws_moveit/install/srdfdom:/home/jone/ws_moveit/install/moveit_resources_pr2_description:/home/jone/ws_moveit/install/moveit_resources_panda_description:/home/jone/ws_moveit/install/moveit_common:/opt/ros/humble LD_LIBRARY_PATH=/home/jone/ws_moveit/install/moveit_simple_controller_manager/lib:/home/jone/ws_moveit/install/moveit_core/lib:/home/jone/ws_moveit/install/srdfdom/lib:/opt/ros/humble/opt/rviz_ogre_vendor/lib:/opt/ros/humble/lib/x86_64-linux-gnu:/opt/ros/humble/lib:/usr/lib/x86_64-linux-gnu/gazebo-11/plugins:/usr/lib/x86_64-linux-gnu/gazebo-11/plugins:/usr/lib/x86_64-linux-gnu/gazebo-11/plugins PATH=/home/jone/ws_moveit/install/moveit_core/bin:${PATH} PYTHONPATH=/home/jone/ws_moveit/install/srdfdom/local/lib/python3.10/dist-packages:${PYTHONPATH} /usr/bin/cmake --build /home/jone/ws_moveit/build/moveit_plugins -- -j16 -l16
[17.101s] DEBUG:colcon.colcon_core.event_handler.log_command:Invoking command in '/home/jone/ws_moveit/build/moveit_plugins': AMENT_PREFIX_PATH=/home/jone/ws_moveit/install/moveit_simple_controller_manager:/home/jone/ws_moveit/install/moveit_core:/home/jone/ws_moveit/install/moveit_resources_panda_moveit_config:/home/jone/ws_moveit/install/srdfdom:/home/jone/ws_moveit/install/moveit_resources_pr2_description:/home/jone/ws_moveit/install/moveit_resources_panda_description:/home/jone/ws_moveit/install/moveit_common:${AMENT_PREFIX_PATH} CMAKE_PREFIX_PATH=/home/jone/ws_moveit/install/moveit_simple_controller_manager:/home/jone/ws_moveit/install/moveit_core:/home/jone/ws_moveit/install/moveit_resources_panda_moveit_config:/home/jone/ws_moveit/install/srdfdom:/home/jone/ws_moveit/install/moveit_resources_pr2_description:/home/jone/ws_moveit/install/moveit_resources_panda_description:/home/jone/ws_moveit/install/moveit_common:/opt/ros/humble LD_LIBRARY_PATH=/home/jone/ws_moveit/install/moveit_simple_controller_manager/lib:/home/jone/ws_moveit/install/moveit_core/lib:/home/jone/ws_moveit/install/srdfdom/lib:/opt/ros/humble/opt/rviz_ogre_vendor/lib:/opt/ros/humble/lib/x86_64-linux-gnu:/opt/ros/humble/lib:/usr/lib/x86_64-linux-gnu/gazebo-11/plugins:/usr/lib/x86_64-linux-gnu/gazebo-11/plugins:/usr/lib/x86_64-linux-gnu/gazebo-11/plugins PATH=/home/jone/ws_moveit/install/moveit_core/bin:${PATH} PYTHONPATH=/home/jone/ws_moveit/install/srdfdom/local/lib/python3.10/dist-packages:${PYTHONPATH} /usr/bin/cmake --install /home/jone/ws_moveit/build/moveit_plugins
[17.111s] Level 1:colcon.colcon_core.environment:create_environment_scripts_only(moveit_plugins)
[17.111s] Level 1:colcon.colcon_core.environment:checking '/home/jone/ws_moveit/install/moveit_plugins' for CMake module files
[17.112s] DEBUG:colcon.colcon_core.event_handler.log_command:Invoked command in '/home/jone/ws_moveit/build/moveit_plugins' returned '0': AMENT_PREFIX_PATH=/home/jone/ws_moveit/install/moveit_simple_controller_manager:/home/jone/ws_moveit/install/moveit_core:/home/jone/ws_moveit/install/moveit_resources_panda_moveit_config:/home/jone/ws_moveit/install/srdfdom:/home/jone/ws_moveit/install/moveit_resources_pr2_description:/home/jone/ws_moveit/install/moveit_resources_panda_description:/home/jone/ws_moveit/install/moveit_common:${AMENT_PREFIX_PATH} CMAKE_PREFIX_PATH=/home/jone/ws_moveit/install/moveit_simple_controller_manager:/home/jone/ws_moveit/install/moveit_core:/home/jone/ws_moveit/install/moveit_resources_panda_moveit_config:/home/jone/ws_moveit/install/srdfdom:/home/jone/ws_moveit/install/moveit_resources_pr2_description:/home/jone/ws_moveit/install/moveit_resources_panda_description:/home/jone/ws_moveit/install/moveit_common:/opt/ros/humble LD_LIBRARY_PATH=/home/jone/ws_moveit/install/moveit_simple_controller_manager/lib:/home/jone/ws_moveit/install/moveit_core/lib:/home/jone/ws_moveit/install/srdfdom/lib:/opt/ros/humble/opt/rviz_ogre_vendor/lib:/opt/ros/humble/lib/x86_64-linux-gnu:/opt/ros/humble/lib:/usr/lib/x86_64-linux-gnu/gazebo-11/plugins:/usr/lib/x86_64-linux-gnu/gazebo-11/plugins:/usr/lib/x86_64-linux-gnu/gazebo-11/plugins PATH=/home/jone/ws_moveit/install/moveit_core/bin:${PATH} PYTHONPATH=/home/jone/ws_moveit/install/srdfdom/local/lib/python3.10/dist-packages:${PYTHONPATH} /usr/bin/cmake --install /home/jone/ws_moveit/build/moveit_plugins
[17.112s] Level 1:colcon.colcon_core.environment:checking '/home/jone/ws_moveit/install/moveit_plugins' for CMake config files
[17.112s] Level 1:colcon.colcon_core.shell:create_environment_hook('moveit_plugins', 'cmake_prefix_path')
[17.112s] INFO:colcon.colcon_core.shell:Creating environment hook '/home/jone/ws_moveit/install/moveit_plugins/share/moveit_plugins/hook/cmake_prefix_path.ps1'
[17.113s] INFO:colcon.colcon_core.shell:Creating environment descriptor '/home/jone/ws_moveit/install/moveit_plugins/share/moveit_plugins/hook/cmake_prefix_path.dsv'
[17.113s] INFO:colcon.colcon_core.shell:Creating environment hook '/home/jone/ws_moveit/install/moveit_plugins/share/moveit_plugins/hook/cmake_prefix_path.sh'
[17.113s] Level 1:colcon.colcon_core.environment:checking '/home/jone/ws_moveit/install/moveit_plugins/bin'
[17.113s] Level 1:colcon.colcon_core.environment:checking '/home/jone/ws_moveit/install/moveit_plugins/lib/pkgconfig/moveit_plugins.pc'
[17.114s] Level 1:colcon.colcon_core.environment:checking '/home/jone/ws_moveit/install/moveit_plugins/lib/python3.10/site-packages'
[17.114s] Level 1:colcon.colcon_core.environment:checking '/home/jone/ws_moveit/install/moveit_plugins/bin'
[17.114s] INFO:colcon.colcon_core.shell:Creating package script '/home/jone/ws_moveit/install/moveit_plugins/share/moveit_plugins/package.ps1'
[17.114s] INFO:colcon.colcon_core.shell:Creating package descriptor '/home/jone/ws_moveit/install/moveit_plugins/share/moveit_plugins/package.dsv'
[17.115s] INFO:colcon.colcon_core.shell:Creating package script '/home/jone/ws_moveit/install/moveit_plugins/share/moveit_plugins/package.sh'
[17.115s] INFO:colcon.colcon_core.shell:Creating package script '/home/jone/ws_moveit/install/moveit_plugins/share/moveit_plugins/package.bash'
[17.115s] INFO:colcon.colcon_core.shell:Creating package script '/home/jone/ws_moveit/install/moveit_plugins/share/moveit_plugins/package.zsh'
[17.115s] Level 1:colcon.colcon_core.environment:create_file_with_runtime_dependencies(/home/jone/ws_moveit/install/moveit_plugins/share/colcon-core/packages/moveit_plugins)
[17.116s] Level 1:colcon.colcon_core.environment:create_environment_scripts_only(moveit_plugins)
[17.116s] Level 1:colcon.colcon_core.environment:checking '/home/jone/ws_moveit/install/moveit_plugins' for CMake module files
[17.117s] Level 1:colcon.colcon_core.environment:checking '/home/jone/ws_moveit/install/moveit_plugins' for CMake config files
[17.117s] Level 1:colcon.colcon_core.shell:create_environment_hook('moveit_plugins', 'cmake_prefix_path')
[17.117s] INFO:colcon.colcon_core.shell:Creating environment hook '/home/jone/ws_moveit/install/moveit_plugins/share/moveit_plugins/hook/cmake_prefix_path.ps1'
[17.117s] INFO:colcon.colcon_core.shell:Creating environment descriptor '/home/jone/ws_moveit/install/moveit_plugins/share/moveit_plugins/hook/cmake_prefix_path.dsv'
[17.117s] INFO:colcon.colcon_core.shell:Creating environment hook '/home/jone/ws_moveit/install/moveit_plugins/share/moveit_plugins/hook/cmake_prefix_path.sh'
[17.118s] Level 1:colcon.colcon_core.environment:checking '/home/jone/ws_moveit/install/moveit_plugins/bin'
[17.118s] Level 1:colcon.colcon_core.environment:checking '/home/jone/ws_moveit/install/moveit_plugins/lib/pkgconfig/moveit_plugins.pc'
[17.118s] Level 1:colcon.colcon_core.environment:checking '/home/jone/ws_moveit/install/moveit_plugins/lib/python3.10/site-packages'
[17.118s] Level 1:colcon.colcon_core.environment:checking '/home/jone/ws_moveit/install/moveit_plugins/bin'
[17.118s] INFO:colcon.colcon_core.shell:Creating package script '/home/jone/ws_moveit/install/moveit_plugins/share/moveit_plugins/package.ps1'
[17.119s] INFO:colcon.colcon_core.shell:Creating package descriptor '/home/jone/ws_moveit/install/moveit_plugins/share/moveit_plugins/package.dsv'
[17.119s] INFO:colcon.colcon_core.shell:Creating package script '/home/jone/ws_moveit/install/moveit_plugins/share/moveit_plugins/package.sh'
[17.119s] INFO:colcon.colcon_core.shell:Creating package script '/home/jone/ws_moveit/install/moveit_plugins/share/moveit_plugins/package.bash'
[17.120s] INFO:colcon.colcon_core.shell:Creating package script '/home/jone/ws_moveit/install/moveit_plugins/share/moveit_plugins/package.zsh'
[17.120s] Level 1:colcon.colcon_core.environment:create_file_with_runtime_dependencies(/home/jone/ws_moveit/install/moveit_plugins/share/colcon-core/packages/moveit_plugins)
[17.120s] DEBUG:colcon.colcon_core.executor.sequential:run_until_complete 'moveit_plugins' finished with '0'
[17.120s] DEBUG:colcon.colcon_core.executor.sequential:run_until_complete 'moveit_ros_control_interface'
[17.120s] INFO:colcon.colcon_ros.task.ament_cmake.build:Building ROS package in '/home/jone/ws_moveit/src/moveit2/moveit_plugins/moveit_ros_control_interface' with build type 'ament_cmake'
[17.120s] INFO:colcon.colcon_cmake.task.cmake.build:Building CMake package in '/home/jone/ws_moveit/src/moveit2/moveit_plugins/moveit_ros_control_interface'
[17.121s] INFO:colcon.colcon_core.shell:Skip shell extension 'powershell' for command environment: Not usable outside of PowerShell
[17.121s] DEBUG:colcon.colcon_core.shell:Skip shell extension 'dsv' for command environment
[17.137s] DEBUG:colcon.colcon_core.event_handler.log_command:Invoking command in '/home/jone/ws_moveit/build/moveit_ros_control_interface': AMENT_PREFIX_PATH=/home/jone/ws_moveit/install/moveit_simple_controller_manager:/home/jone/ws_moveit/install/moveit_core:/home/jone/ws_moveit/install/moveit_resources_panda_moveit_config:/home/jone/ws_moveit/install/srdfdom:/home/jone/ws_moveit/install/moveit_resources_pr2_description:/home/jone/ws_moveit/install/moveit_resources_panda_description:/home/jone/ws_moveit/install/moveit_common:${AMENT_PREFIX_PATH} CMAKE_PREFIX_PATH=/home/jone/ws_moveit/install/moveit_simple_controller_manager:/home/jone/ws_moveit/install/moveit_core:/home/jone/ws_moveit/install/moveit_resources_panda_moveit_config:/home/jone/ws_moveit/install/srdfdom:/home/jone/ws_moveit/install/moveit_resources_pr2_description:/home/jone/ws_moveit/install/moveit_resources_panda_description:/home/jone/ws_moveit/install/moveit_common:/opt/ros/humble LD_LIBRARY_PATH=/home/jone/ws_moveit/install/moveit_simple_controller_manager/lib:/home/jone/ws_moveit/install/moveit_core/lib:/home/jone/ws_moveit/install/srdfdom/lib:/opt/ros/humble/opt/rviz_ogre_vendor/lib:/opt/ros/humble/lib/x86_64-linux-gnu:/opt/ros/humble/lib:/usr/lib/x86_64-linux-gnu/gazebo-11/plugins:/usr/lib/x86_64-linux-gnu/gazebo-11/plugins:/usr/lib/x86_64-linux-gnu/gazebo-11/plugins PATH=/home/jone/ws_moveit/install/moveit_core/bin:${PATH} PYTHONPATH=/home/jone/ws_moveit/install/srdfdom/local/lib/python3.10/dist-packages:${PYTHONPATH} /usr/bin/cmake /home/jone/ws_moveit/src/moveit2/moveit_plugins/moveit_ros_control_interface -DCMAKE_INSTALL_PREFIX=/home/jone/ws_moveit/install/moveit_ros_control_interface
[18.049s] DEBUG:colcon.colcon_core.event_handler.log_command:Invoked command in '/home/jone/ws_moveit/build/moveit_ros_control_interface' returned '0': AMENT_PREFIX_PATH=/home/jone/ws_moveit/install/moveit_simple_controller_manager:/home/jone/ws_moveit/install/moveit_core:/home/jone/ws_moveit/install/moveit_resources_panda_moveit_config:/home/jone/ws_moveit/install/srdfdom:/home/jone/ws_moveit/install/moveit_resources_pr2_description:/home/jone/ws_moveit/install/moveit_resources_panda_description:/home/jone/ws_moveit/install/moveit_common:${AMENT_PREFIX_PATH} CMAKE_PREFIX_PATH=/home/jone/ws_moveit/install/moveit_simple_controller_manager:/home/jone/ws_moveit/install/moveit_core:/home/jone/ws_moveit/install/moveit_resources_panda_moveit_config:/home/jone/ws_moveit/install/srdfdom:/home/jone/ws_moveit/install/moveit_resources_pr2_description:/home/jone/ws_moveit/install/moveit_resources_panda_description:/home/jone/ws_moveit/install/moveit_common:/opt/ros/humble LD_LIBRARY_PATH=/home/jone/ws_moveit/install/moveit_simple_controller_manager/lib:/home/jone/ws_moveit/install/moveit_core/lib:/home/jone/ws_moveit/install/srdfdom/lib:/opt/ros/humble/opt/rviz_ogre_vendor/lib:/opt/ros/humble/lib/x86_64-linux-gnu:/opt/ros/humble/lib:/usr/lib/x86_64-linux-gnu/gazebo-11/plugins:/usr/lib/x86_64-linux-gnu/gazebo-11/plugins:/usr/lib/x86_64-linux-gnu/gazebo-11/plugins PATH=/home/jone/ws_moveit/install/moveit_core/bin:${PATH} PYTHONPATH=/home/jone/ws_moveit/install/srdfdom/local/lib/python3.10/dist-packages:${PYTHONPATH} /usr/bin/cmake /home/jone/ws_moveit/src/moveit2/moveit_plugins/moveit_ros_control_interface -DCMAKE_INSTALL_PREFIX=/home/jone/ws_moveit/install/moveit_ros_control_interface
[18.050s] DEBUG:colcon.colcon_core.event_handler.log_command:Invoking command in '/home/jone/ws_moveit/build/moveit_ros_control_interface': AMENT_PREFIX_PATH=/home/jone/ws_moveit/install/moveit_simple_controller_manager:/home/jone/ws_moveit/install/moveit_core:/home/jone/ws_moveit/install/moveit_resources_panda_moveit_config:/home/jone/ws_moveit/install/srdfdom:/home/jone/ws_moveit/install/moveit_resources_pr2_description:/home/jone/ws_moveit/install/moveit_resources_panda_description:/home/jone/ws_moveit/install/moveit_common:${AMENT_PREFIX_PATH} CMAKE_PREFIX_PATH=/home/jone/ws_moveit/install/moveit_simple_controller_manager:/home/jone/ws_moveit/install/moveit_core:/home/jone/ws_moveit/install/moveit_resources_panda_moveit_config:/home/jone/ws_moveit/install/srdfdom:/home/jone/ws_moveit/install/moveit_resources_pr2_description:/home/jone/ws_moveit/install/moveit_resources_panda_description:/home/jone/ws_moveit/install/moveit_common:/opt/ros/humble LD_LIBRARY_PATH=/home/jone/ws_moveit/install/moveit_simple_controller_manager/lib:/home/jone/ws_moveit/install/moveit_core/lib:/home/jone/ws_moveit/install/srdfdom/lib:/opt/ros/humble/opt/rviz_ogre_vendor/lib:/opt/ros/humble/lib/x86_64-linux-gnu:/opt/ros/humble/lib:/usr/lib/x86_64-linux-gnu/gazebo-11/plugins:/usr/lib/x86_64-linux-gnu/gazebo-11/plugins:/usr/lib/x86_64-linux-gnu/gazebo-11/plugins PATH=/home/jone/ws_moveit/install/moveit_core/bin:${PATH} PYTHONPATH=/home/jone/ws_moveit/install/srdfdom/local/lib/python3.10/dist-packages:${PYTHONPATH} /usr/bin/cmake --build /home/jone/ws_moveit/build/moveit_ros_control_interface -- -j16 -l16
[18.165s] DEBUG:colcon.colcon_core.event_handler.log_command:Invoked command in '/home/jone/ws_moveit/build/moveit_ros_control_interface' returned '0': AMENT_PREFIX_PATH=/home/jone/ws_moveit/install/moveit_simple_controller_manager:/home/jone/ws_moveit/install/moveit_core:/home/jone/ws_moveit/install/moveit_resources_panda_moveit_config:/home/jone/ws_moveit/install/srdfdom:/home/jone/ws_moveit/install/moveit_resources_pr2_description:/home/jone/ws_moveit/install/moveit_resources_panda_description:/home/jone/ws_moveit/install/moveit_common:${AMENT_PREFIX_PATH} CMAKE_PREFIX_PATH=/home/jone/ws_moveit/install/moveit_simple_controller_manager:/home/jone/ws_moveit/install/moveit_core:/home/jone/ws_moveit/install/moveit_resources_panda_moveit_config:/home/jone/ws_moveit/install/srdfdom:/home/jone/ws_moveit/install/moveit_resources_pr2_description:/home/jone/ws_moveit/install/moveit_resources_panda_description:/home/jone/ws_moveit/install/moveit_common:/opt/ros/humble LD_LIBRARY_PATH=/home/jone/ws_moveit/install/moveit_simple_controller_manager/lib:/home/jone/ws_moveit/install/moveit_core/lib:/home/jone/ws_moveit/install/srdfdom/lib:/opt/ros/humble/opt/rviz_ogre_vendor/lib:/opt/ros/humble/lib/x86_64-linux-gnu:/opt/ros/humble/lib:/usr/lib/x86_64-linux-gnu/gazebo-11/plugins:/usr/lib/x86_64-linux-gnu/gazebo-11/plugins:/usr/lib/x86_64-linux-gnu/gazebo-11/plugins PATH=/home/jone/ws_moveit/install/moveit_core/bin:${PATH} PYTHONPATH=/home/jone/ws_moveit/install/srdfdom/local/lib/python3.10/dist-packages:${PYTHONPATH} /usr/bin/cmake --build /home/jone/ws_moveit/build/moveit_ros_control_interface -- -j16 -l16
[18.166s] DEBUG:colcon.colcon_core.event_handler.log_command:Invoking command in '/home/jone/ws_moveit/build/moveit_ros_control_interface': AMENT_PREFIX_PATH=/home/jone/ws_moveit/install/moveit_simple_controller_manager:/home/jone/ws_moveit/install/moveit_core:/home/jone/ws_moveit/install/moveit_resources_panda_moveit_config:/home/jone/ws_moveit/install/srdfdom:/home/jone/ws_moveit/install/moveit_resources_pr2_description:/home/jone/ws_moveit/install/moveit_resources_panda_description:/home/jone/ws_moveit/install/moveit_common:${AMENT_PREFIX_PATH} CMAKE_PREFIX_PATH=/home/jone/ws_moveit/install/moveit_simple_controller_manager:/home/jone/ws_moveit/install/moveit_core:/home/jone/ws_moveit/install/moveit_resources_panda_moveit_config:/home/jone/ws_moveit/install/srdfdom:/home/jone/ws_moveit/install/moveit_resources_pr2_description:/home/jone/ws_moveit/install/moveit_resources_panda_description:/home/jone/ws_moveit/install/moveit_common:/opt/ros/humble LD_LIBRARY_PATH=/home/jone/ws_moveit/install/moveit_simple_controller_manager/lib:/home/jone/ws_moveit/install/moveit_core/lib:/home/jone/ws_moveit/install/srdfdom/lib:/opt/ros/humble/opt/rviz_ogre_vendor/lib:/opt/ros/humble/lib/x86_64-linux-gnu:/opt/ros/humble/lib:/usr/lib/x86_64-linux-gnu/gazebo-11/plugins:/usr/lib/x86_64-linux-gnu/gazebo-11/plugins:/usr/lib/x86_64-linux-gnu/gazebo-11/plugins PATH=/home/jone/ws_moveit/install/moveit_core/bin:${PATH} PYTHONPATH=/home/jone/ws_moveit/install/srdfdom/local/lib/python3.10/dist-packages:${PYTHONPATH} /usr/bin/cmake --install /home/jone/ws_moveit/build/moveit_ros_control_interface
[18.181s] Level 1:colcon.colcon_core.environment:create_environment_scripts_only(moveit_ros_control_interface)
[18.182s] DEBUG:colcon.colcon_core.event_handler.log_command:Invoked command in '/home/jone/ws_moveit/build/moveit_ros_control_interface' returned '0': AMENT_PREFIX_PATH=/home/jone/ws_moveit/install/moveit_simple_controller_manager:/home/jone/ws_moveit/install/moveit_core:/home/jone/ws_moveit/install/moveit_resources_panda_moveit_config:/home/jone/ws_moveit/install/srdfdom:/home/jone/ws_moveit/install/moveit_resources_pr2_description:/home/jone/ws_moveit/install/moveit_resources_panda_description:/home/jone/ws_moveit/install/moveit_common:${AMENT_PREFIX_PATH} CMAKE_PREFIX_PATH=/home/jone/ws_moveit/install/moveit_simple_controller_manager:/home/jone/ws_moveit/install/moveit_core:/home/jone/ws_moveit/install/moveit_resources_panda_moveit_config:/home/jone/ws_moveit/install/srdfdom:/home/jone/ws_moveit/install/moveit_resources_pr2_description:/home/jone/ws_moveit/install/moveit_resources_panda_description:/home/jone/ws_moveit/install/moveit_common:/opt/ros/humble LD_LIBRARY_PATH=/home/jone/ws_moveit/install/moveit_simple_controller_manager/lib:/home/jone/ws_moveit/install/moveit_core/lib:/home/jone/ws_moveit/install/srdfdom/lib:/opt/ros/humble/opt/rviz_ogre_vendor/lib:/opt/ros/humble/lib/x86_64-linux-gnu:/opt/ros/humble/lib:/usr/lib/x86_64-linux-gnu/gazebo-11/plugins:/usr/lib/x86_64-linux-gnu/gazebo-11/plugins:/usr/lib/x86_64-linux-gnu/gazebo-11/plugins PATH=/home/jone/ws_moveit/install/moveit_core/bin:${PATH} PYTHONPATH=/home/jone/ws_moveit/install/srdfdom/local/lib/python3.10/dist-packages:${PYTHONPATH} /usr/bin/cmake --install /home/jone/ws_moveit/build/moveit_ros_control_interface
[18.182s] Level 1:colcon.colcon_core.environment:checking '/home/jone/ws_moveit/install/moveit_ros_control_interface' for CMake module files
[18.182s] Level 1:colcon.colcon_core.environment:checking '/home/jone/ws_moveit/install/moveit_ros_control_interface' for CMake config files
[18.183s] Level 1:colcon.colcon_core.shell:create_environment_hook('moveit_ros_control_interface', 'cmake_prefix_path')
[18.183s] INFO:colcon.colcon_core.shell:Creating environment hook '/home/jone/ws_moveit/install/moveit_ros_control_interface/share/moveit_ros_control_interface/hook/cmake_prefix_path.ps1'
[18.183s] INFO:colcon.colcon_core.shell:Creating environment descriptor '/home/jone/ws_moveit/install/moveit_ros_control_interface/share/moveit_ros_control_interface/hook/cmake_prefix_path.dsv'
[18.184s] INFO:colcon.colcon_core.shell:Creating environment hook '/home/jone/ws_moveit/install/moveit_ros_control_interface/share/moveit_ros_control_interface/hook/cmake_prefix_path.sh'
[18.184s] Level 1:colcon.colcon_core.environment:checking '/home/jone/ws_moveit/install/moveit_ros_control_interface/lib'
[18.184s] Level 1:colcon.colcon_core.shell:create_environment_hook('moveit_ros_control_interface', 'ld_library_path_lib')
[18.184s] INFO:colcon.colcon_core.shell:Creating environment hook '/home/jone/ws_moveit/install/moveit_ros_control_interface/share/moveit_ros_control_interface/hook/ld_library_path_lib.ps1'
[18.185s] INFO:colcon.colcon_core.shell:Creating environment descriptor '/home/jone/ws_moveit/install/moveit_ros_control_interface/share/moveit_ros_control_interface/hook/ld_library_path_lib.dsv'
[18.185s] INFO:colcon.colcon_core.shell:Creating environment hook '/home/jone/ws_moveit/install/moveit_ros_control_interface/share/moveit_ros_control_interface/hook/ld_library_path_lib.sh'
[18.185s] Level 1:colcon.colcon_core.environment:checking '/home/jone/ws_moveit/install/moveit_ros_control_interface/bin'
[18.185s] Level 1:colcon.colcon_core.environment:checking '/home/jone/ws_moveit/install/moveit_ros_control_interface/lib/pkgconfig/moveit_ros_control_interface.pc'
[18.185s] Level 1:colcon.colcon_core.environment:checking '/home/jone/ws_moveit/install/moveit_ros_control_interface/lib/python3.10/site-packages'
[18.186s] Level 1:colcon.colcon_core.environment:checking '/home/jone/ws_moveit/install/moveit_ros_control_interface/bin'
[18.186s] INFO:colcon.colcon_core.shell:Creating package script '/home/jone/ws_moveit/install/moveit_ros_control_interface/share/moveit_ros_control_interface/package.ps1'
[18.186s] INFO:colcon.colcon_core.shell:Creating package descriptor '/home/jone/ws_moveit/install/moveit_ros_control_interface/share/moveit_ros_control_interface/package.dsv'
[18.187s] INFO:colcon.colcon_core.shell:Creating package script '/home/jone/ws_moveit/install/moveit_ros_control_interface/share/moveit_ros_control_interface/package.sh'
[18.187s] INFO:colcon.colcon_core.shell:Creating package script '/home/jone/ws_moveit/install/moveit_ros_control_interface/share/moveit_ros_control_interface/package.bash'
[18.187s] INFO:colcon.colcon_core.shell:Creating package script '/home/jone/ws_moveit/install/moveit_ros_control_interface/share/moveit_ros_control_interface/package.zsh'
[18.187s] Level 1:colcon.colcon_core.environment:create_file_with_runtime_dependencies(/home/jone/ws_moveit/install/moveit_ros_control_interface/share/colcon-core/packages/moveit_ros_control_interface)
[18.188s] Level 1:colcon.colcon_core.environment:create_environment_scripts_only(moveit_ros_control_interface)
[18.188s] Level 1:colcon.colcon_core.environment:checking '/home/jone/ws_moveit/install/moveit_ros_control_interface' for CMake module files
[18.188s] Level 1:colcon.colcon_core.environment:checking '/home/jone/ws_moveit/install/moveit_ros_control_interface' for CMake config files
[18.189s] Level 1:colcon.colcon_core.shell:create_environment_hook('moveit_ros_control_interface', 'cmake_prefix_path')
[18.189s] INFO:colcon.colcon_core.shell:Creating environment hook '/home/jone/ws_moveit/install/moveit_ros_control_interface/share/moveit_ros_control_interface/hook/cmake_prefix_path.ps1'
[18.189s] INFO:colcon.colcon_core.shell:Creating environment descriptor '/home/jone/ws_moveit/install/moveit_ros_control_interface/share/moveit_ros_control_interface/hook/cmake_prefix_path.dsv'
[18.189s] INFO:colcon.colcon_core.shell:Creating environment hook '/home/jone/ws_moveit/install/moveit_ros_control_interface/share/moveit_ros_control_interface/hook/cmake_prefix_path.sh'
[18.190s] Level 1:colcon.colcon_core.environment:checking '/home/jone/ws_moveit/install/moveit_ros_control_interface/lib'
[18.190s] Level 1:colcon.colcon_core.shell:create_environment_hook('moveit_ros_control_interface', 'ld_library_path_lib')
[18.190s] INFO:colcon.colcon_core.shell:Creating environment hook '/home/jone/ws_moveit/install/moveit_ros_control_interface/share/moveit_ros_control_interface/hook/ld_library_path_lib.ps1'
[18.190s] INFO:colcon.colcon_core.shell:Creating environment descriptor '/home/jone/ws_moveit/install/moveit_ros_control_interface/share/moveit_ros_control_interface/hook/ld_library_path_lib.dsv'
[18.190s] INFO:colcon.colcon_core.shell:Creating environment hook '/home/jone/ws_moveit/install/moveit_ros_control_interface/share/moveit_ros_control_interface/hook/ld_library_path_lib.sh'
[18.191s] Level 1:colcon.colcon_core.environment:checking '/home/jone/ws_moveit/install/moveit_ros_control_interface/bin'
[18.191s] Level 1:colcon.colcon_core.environment:checking '/home/jone/ws_moveit/install/moveit_ros_control_interface/lib/pkgconfig/moveit_ros_control_interface.pc'
[18.191s] Level 1:colcon.colcon_core.environment:checking '/home/jone/ws_moveit/install/moveit_ros_control_interface/lib/python3.10/site-packages'
[18.191s] Level 1:colcon.colcon_core.environment:checking '/home/jone/ws_moveit/install/moveit_ros_control_interface/bin'
[18.191s] INFO:colcon.colcon_core.shell:Creating package script '/home/jone/ws_moveit/install/moveit_ros_control_interface/share/moveit_ros_control_interface/package.ps1'
[18.192s] INFO:colcon.colcon_core.shell:Creating package descriptor '/home/jone/ws_moveit/install/moveit_ros_control_interface/share/moveit_ros_control_interface/package.dsv'
[18.192s] INFO:colcon.colcon_core.shell:Creating package script '/home/jone/ws_moveit/install/moveit_ros_control_interface/share/moveit_ros_control_interface/package.sh'
[18.192s] INFO:colcon.colcon_core.shell:Creating package script '/home/jone/ws_moveit/install/moveit_ros_control_interface/share/moveit_ros_control_interface/package.bash'
[18.193s] INFO:colcon.colcon_core.shell:Creating package script '/home/jone/ws_moveit/install/moveit_ros_control_interface/share/moveit_ros_control_interface/package.zsh'
[18.193s] Level 1:colcon.colcon_core.environment:create_file_with_runtime_dependencies(/home/jone/ws_moveit/install/moveit_ros_control_interface/share/colcon-core/packages/moveit_ros_control_interface)
[18.193s] DEBUG:colcon.colcon_core.executor.sequential:run_until_complete 'moveit_ros_control_interface' finished with '0'
[18.193s] DEBUG:colcon.colcon_core.executor.sequential:run_until_complete 'moveit_ros_planning'
[18.193s] INFO:colcon.colcon_ros.task.ament_cmake.build:Building ROS package in '/home/jone/ws_moveit/src/moveit2/moveit_ros/planning' with build type 'ament_cmake'
[18.193s] INFO:colcon.colcon_cmake.task.cmake.build:Building CMake package in '/home/jone/ws_moveit/src/moveit2/moveit_ros/planning'
[18.193s] INFO:colcon.colcon_core.shell:Skip shell extension 'powershell' for command environment: Not usable outside of PowerShell
[18.193s] DEBUG:colcon.colcon_core.shell:Skip shell extension 'dsv' for command environment
[18.212s] DEBUG:colcon.colcon_core.event_handler.log_command:Invoking command in '/home/jone/ws_moveit/build/moveit_ros_planning': AMENT_PREFIX_PATH=/home/jone/ws_moveit/install/moveit_ros_occupancy_map_monitor:/home/jone/ws_moveit/install/moveit_core:/home/jone/ws_moveit/install/moveit_resources_panda_moveit_config:/home/jone/ws_moveit/install/moveit_configs_utils:/home/jone/ws_moveit/install/srdfdom:/home/jone/ws_moveit/install/moveit_resources_pr2_description:/home/jone/ws_moveit/install/moveit_resources_panda_description:/home/jone/ws_moveit/install/moveit_common:/home/jone/ws_moveit/install/launch_param_builder:${AMENT_PREFIX_PATH} CMAKE_PREFIX_PATH=/home/jone/ws_moveit/install/moveit_ros_occupancy_map_monitor:/home/jone/ws_moveit/install/moveit_core:/home/jone/ws_moveit/install/moveit_resources_panda_moveit_config:/home/jone/ws_moveit/install/srdfdom:/home/jone/ws_moveit/install/moveit_resources_pr2_description:/home/jone/ws_moveit/install/moveit_resources_panda_description:/home/jone/ws_moveit/install/moveit_common:/opt/ros/humble LD_LIBRARY_PATH=/home/jone/ws_moveit/install/moveit_ros_occupancy_map_monitor/lib:/home/jone/ws_moveit/install/moveit_core/lib:/home/jone/ws_moveit/install/srdfdom/lib:/opt/ros/humble/opt/rviz_ogre_vendor/lib:/opt/ros/humble/lib/x86_64-linux-gnu:/opt/ros/humble/lib:/usr/lib/x86_64-linux-gnu/gazebo-11/plugins:/usr/lib/x86_64-linux-gnu/gazebo-11/plugins:/usr/lib/x86_64-linux-gnu/gazebo-11/plugins PATH=/home/jone/ws_moveit/install/moveit_core/bin:${PATH} PYTHONPATH=/home/jone/ws_moveit/install/moveit_configs_utils/lib/python3.10/site-packages:/home/jone/ws_moveit/install/srdfdom/local/lib/python3.10/dist-packages:/home/jone/ws_moveit/install/launch_param_builder/lib/python3.10/site-packages:${PYTHONPATH} /usr/bin/cmake /home/jone/ws_moveit/src/moveit2/moveit_ros/planning -DCMAKE_INSTALL_PREFIX=/home/jone/ws_moveit/install/moveit_ros_planning
[19.411s] DEBUG:colcon.colcon_core.event_handler.log_command:Invoked command in '/home/jone/ws_moveit/build/moveit_ros_planning' returned '0': AMENT_PREFIX_PATH=/home/jone/ws_moveit/install/moveit_ros_occupancy_map_monitor:/home/jone/ws_moveit/install/moveit_core:/home/jone/ws_moveit/install/moveit_resources_panda_moveit_config:/home/jone/ws_moveit/install/moveit_configs_utils:/home/jone/ws_moveit/install/srdfdom:/home/jone/ws_moveit/install/moveit_resources_pr2_description:/home/jone/ws_moveit/install/moveit_resources_panda_description:/home/jone/ws_moveit/install/moveit_common:/home/jone/ws_moveit/install/launch_param_builder:${AMENT_PREFIX_PATH} CMAKE_PREFIX_PATH=/home/jone/ws_moveit/install/moveit_ros_occupancy_map_monitor:/home/jone/ws_moveit/install/moveit_core:/home/jone/ws_moveit/install/moveit_resources_panda_moveit_config:/home/jone/ws_moveit/install/srdfdom:/home/jone/ws_moveit/install/moveit_resources_pr2_description:/home/jone/ws_moveit/install/moveit_resources_panda_description:/home/jone/ws_moveit/install/moveit_common:/opt/ros/humble LD_LIBRARY_PATH=/home/jone/ws_moveit/install/moveit_ros_occupancy_map_monitor/lib:/home/jone/ws_moveit/install/moveit_core/lib:/home/jone/ws_moveit/install/srdfdom/lib:/opt/ros/humble/opt/rviz_ogre_vendor/lib:/opt/ros/humble/lib/x86_64-linux-gnu:/opt/ros/humble/lib:/usr/lib/x86_64-linux-gnu/gazebo-11/plugins:/usr/lib/x86_64-linux-gnu/gazebo-11/plugins:/usr/lib/x86_64-linux-gnu/gazebo-11/plugins PATH=/home/jone/ws_moveit/install/moveit_core/bin:${PATH} PYTHONPATH=/home/jone/ws_moveit/install/moveit_configs_utils/lib/python3.10/site-packages:/home/jone/ws_moveit/install/srdfdom/local/lib/python3.10/dist-packages:/home/jone/ws_moveit/install/launch_param_builder/lib/python3.10/site-packages:${PYTHONPATH} /usr/bin/cmake /home/jone/ws_moveit/src/moveit2/moveit_ros/planning -DCMAKE_INSTALL_PREFIX=/home/jone/ws_moveit/install/moveit_ros_planning
[19.412s] DEBUG:colcon.colcon_core.event_handler.log_command:Invoking command in '/home/jone/ws_moveit/build/moveit_ros_planning': AMENT_PREFIX_PATH=/home/jone/ws_moveit/install/moveit_ros_occupancy_map_monitor:/home/jone/ws_moveit/install/moveit_core:/home/jone/ws_moveit/install/moveit_resources_panda_moveit_config:/home/jone/ws_moveit/install/moveit_configs_utils:/home/jone/ws_moveit/install/srdfdom:/home/jone/ws_moveit/install/moveit_resources_pr2_description:/home/jone/ws_moveit/install/moveit_resources_panda_description:/home/jone/ws_moveit/install/moveit_common:/home/jone/ws_moveit/install/launch_param_builder:${AMENT_PREFIX_PATH} CMAKE_PREFIX_PATH=/home/jone/ws_moveit/install/moveit_ros_occupancy_map_monitor:/home/jone/ws_moveit/install/moveit_core:/home/jone/ws_moveit/install/moveit_resources_panda_moveit_config:/home/jone/ws_moveit/install/srdfdom:/home/jone/ws_moveit/install/moveit_resources_pr2_description:/home/jone/ws_moveit/install/moveit_resources_panda_description:/home/jone/ws_moveit/install/moveit_common:/opt/ros/humble LD_LIBRARY_PATH=/home/jone/ws_moveit/install/moveit_ros_occupancy_map_monitor/lib:/home/jone/ws_moveit/install/moveit_core/lib:/home/jone/ws_moveit/install/srdfdom/lib:/opt/ros/humble/opt/rviz_ogre_vendor/lib:/opt/ros/humble/lib/x86_64-linux-gnu:/opt/ros/humble/lib:/usr/lib/x86_64-linux-gnu/gazebo-11/plugins:/usr/lib/x86_64-linux-gnu/gazebo-11/plugins:/usr/lib/x86_64-linux-gnu/gazebo-11/plugins PATH=/home/jone/ws_moveit/install/moveit_core/bin:${PATH} PYTHONPATH=/home/jone/ws_moveit/install/moveit_configs_utils/lib/python3.10/site-packages:/home/jone/ws_moveit/install/srdfdom/local/lib/python3.10/dist-packages:/home/jone/ws_moveit/install/launch_param_builder/lib/python3.10/site-packages:${PYTHONPATH} /usr/bin/cmake --build /home/jone/ws_moveit/build/moveit_ros_planning -- -j16 -l16
[19.767s] DEBUG:colcon.colcon_core.event_handler.log_command:Invoked command in '/home/jone/ws_moveit/build/moveit_ros_planning' returned '0': AMENT_PREFIX_PATH=/home/jone/ws_moveit/install/moveit_ros_occupancy_map_monitor:/home/jone/ws_moveit/install/moveit_core:/home/jone/ws_moveit/install/moveit_resources_panda_moveit_config:/home/jone/ws_moveit/install/moveit_configs_utils:/home/jone/ws_moveit/install/srdfdom:/home/jone/ws_moveit/install/moveit_resources_pr2_description:/home/jone/ws_moveit/install/moveit_resources_panda_description:/home/jone/ws_moveit/install/moveit_common:/home/jone/ws_moveit/install/launch_param_builder:${AMENT_PREFIX_PATH} CMAKE_PREFIX_PATH=/home/jone/ws_moveit/install/moveit_ros_occupancy_map_monitor:/home/jone/ws_moveit/install/moveit_core:/home/jone/ws_moveit/install/moveit_resources_panda_moveit_config:/home/jone/ws_moveit/install/srdfdom:/home/jone/ws_moveit/install/moveit_resources_pr2_description:/home/jone/ws_moveit/install/moveit_resources_panda_description:/home/jone/ws_moveit/install/moveit_common:/opt/ros/humble LD_LIBRARY_PATH=/home/jone/ws_moveit/install/moveit_ros_occupancy_map_monitor/lib:/home/jone/ws_moveit/install/moveit_core/lib:/home/jone/ws_moveit/install/srdfdom/lib:/opt/ros/humble/opt/rviz_ogre_vendor/lib:/opt/ros/humble/lib/x86_64-linux-gnu:/opt/ros/humble/lib:/usr/lib/x86_64-linux-gnu/gazebo-11/plugins:/usr/lib/x86_64-linux-gnu/gazebo-11/plugins:/usr/lib/x86_64-linux-gnu/gazebo-11/plugins PATH=/home/jone/ws_moveit/install/moveit_core/bin:${PATH} PYTHONPATH=/home/jone/ws_moveit/install/moveit_configs_utils/lib/python3.10/site-packages:/home/jone/ws_moveit/install/srdfdom/local/lib/python3.10/dist-packages:/home/jone/ws_moveit/install/launch_param_builder/lib/python3.10/site-packages:${PYTHONPATH} /usr/bin/cmake --build /home/jone/ws_moveit/build/moveit_ros_planning -- -j16 -l16
[19.782s] DEBUG:colcon.colcon_core.event_handler.log_command:Invoking command in '/home/jone/ws_moveit/build/moveit_ros_planning': AMENT_PREFIX_PATH=/home/jone/ws_moveit/install/moveit_ros_occupancy_map_monitor:/home/jone/ws_moveit/install/moveit_core:/home/jone/ws_moveit/install/moveit_resources_panda_moveit_config:/home/jone/ws_moveit/install/moveit_configs_utils:/home/jone/ws_moveit/install/srdfdom:/home/jone/ws_moveit/install/moveit_resources_pr2_description:/home/jone/ws_moveit/install/moveit_resources_panda_description:/home/jone/ws_moveit/install/moveit_common:/home/jone/ws_moveit/install/launch_param_builder:${AMENT_PREFIX_PATH} CMAKE_PREFIX_PATH=/home/jone/ws_moveit/install/moveit_ros_occupancy_map_monitor:/home/jone/ws_moveit/install/moveit_core:/home/jone/ws_moveit/install/moveit_resources_panda_moveit_config:/home/jone/ws_moveit/install/srdfdom:/home/jone/ws_moveit/install/moveit_resources_pr2_description:/home/jone/ws_moveit/install/moveit_resources_panda_description:/home/jone/ws_moveit/install/moveit_common:/opt/ros/humble LD_LIBRARY_PATH=/home/jone/ws_moveit/install/moveit_ros_occupancy_map_monitor/lib:/home/jone/ws_moveit/install/moveit_core/lib:/home/jone/ws_moveit/install/srdfdom/lib:/opt/ros/humble/opt/rviz_ogre_vendor/lib:/opt/ros/humble/lib/x86_64-linux-gnu:/opt/ros/humble/lib:/usr/lib/x86_64-linux-gnu/gazebo-11/plugins:/usr/lib/x86_64-linux-gnu/gazebo-11/plugins:/usr/lib/x86_64-linux-gnu/gazebo-11/plugins PATH=/home/jone/ws_moveit/install/moveit_core/bin:${PATH} PYTHONPATH=/home/jone/ws_moveit/install/moveit_configs_utils/lib/python3.10/site-packages:/home/jone/ws_moveit/install/srdfdom/local/lib/python3.10/dist-packages:/home/jone/ws_moveit/install/launch_param_builder/lib/python3.10/site-packages:${PYTHONPATH} /usr/bin/cmake --install /home/jone/ws_moveit/build/moveit_ros_planning
[19.814s] Level 1:colcon.colcon_core.environment:create_environment_scripts_only(moveit_ros_planning)
[19.814s] Level 1:colcon.colcon_core.environment:checking '/home/jone/ws_moveit/install/moveit_ros_planning' for CMake module files
[19.815s] DEBUG:colcon.colcon_core.event_handler.log_command:Invoked command in '/home/jone/ws_moveit/build/moveit_ros_planning' returned '0': AMENT_PREFIX_PATH=/home/jone/ws_moveit/install/moveit_ros_occupancy_map_monitor:/home/jone/ws_moveit/install/moveit_core:/home/jone/ws_moveit/install/moveit_resources_panda_moveit_config:/home/jone/ws_moveit/install/moveit_configs_utils:/home/jone/ws_moveit/install/srdfdom:/home/jone/ws_moveit/install/moveit_resources_pr2_description:/home/jone/ws_moveit/install/moveit_resources_panda_description:/home/jone/ws_moveit/install/moveit_common:/home/jone/ws_moveit/install/launch_param_builder:${AMENT_PREFIX_PATH} CMAKE_PREFIX_PATH=/home/jone/ws_moveit/install/moveit_ros_occupancy_map_monitor:/home/jone/ws_moveit/install/moveit_core:/home/jone/ws_moveit/install/moveit_resources_panda_moveit_config:/home/jone/ws_moveit/install/srdfdom:/home/jone/ws_moveit/install/moveit_resources_pr2_description:/home/jone/ws_moveit/install/moveit_resources_panda_description:/home/jone/ws_moveit/install/moveit_common:/opt/ros/humble LD_LIBRARY_PATH=/home/jone/ws_moveit/install/moveit_ros_occupancy_map_monitor/lib:/home/jone/ws_moveit/install/moveit_core/lib:/home/jone/ws_moveit/install/srdfdom/lib:/opt/ros/humble/opt/rviz_ogre_vendor/lib:/opt/ros/humble/lib/x86_64-linux-gnu:/opt/ros/humble/lib:/usr/lib/x86_64-linux-gnu/gazebo-11/plugins:/usr/lib/x86_64-linux-gnu/gazebo-11/plugins:/usr/lib/x86_64-linux-gnu/gazebo-11/plugins PATH=/home/jone/ws_moveit/install/moveit_core/bin:${PATH} PYTHONPATH=/home/jone/ws_moveit/install/moveit_configs_utils/lib/python3.10/site-packages:/home/jone/ws_moveit/install/srdfdom/local/lib/python3.10/dist-packages:/home/jone/ws_moveit/install/launch_param_builder/lib/python3.10/site-packages:${PYTHONPATH} /usr/bin/cmake --install /home/jone/ws_moveit/build/moveit_ros_planning
[19.815s] Level 1:colcon.colcon_core.environment:checking '/home/jone/ws_moveit/install/moveit_ros_planning' for CMake config files
[19.815s] Level 1:colcon.colcon_core.shell:create_environment_hook('moveit_ros_planning', 'cmake_prefix_path')
[19.815s] INFO:colcon.colcon_core.shell:Creating environment hook '/home/jone/ws_moveit/install/moveit_ros_planning/share/moveit_ros_planning/hook/cmake_prefix_path.ps1'
[19.816s] INFO:colcon.colcon_core.shell:Creating environment descriptor '/home/jone/ws_moveit/install/moveit_ros_planning/share/moveit_ros_planning/hook/cmake_prefix_path.dsv'
[19.816s] INFO:colcon.colcon_core.shell:Creating environment hook '/home/jone/ws_moveit/install/moveit_ros_planning/share/moveit_ros_planning/hook/cmake_prefix_path.sh'
[19.817s] Level 1:colcon.colcon_core.environment:checking '/home/jone/ws_moveit/install/moveit_ros_planning/lib'
[19.817s] Level 1:colcon.colcon_core.shell:create_environment_hook('moveit_ros_planning', 'ld_library_path_lib')
[19.817s] INFO:colcon.colcon_core.shell:Creating environment hook '/home/jone/ws_moveit/install/moveit_ros_planning/share/moveit_ros_planning/hook/ld_library_path_lib.ps1'
[19.817s] INFO:colcon.colcon_core.shell:Creating environment descriptor '/home/jone/ws_moveit/install/moveit_ros_planning/share/moveit_ros_planning/hook/ld_library_path_lib.dsv'
[19.817s] INFO:colcon.colcon_core.shell:Creating environment hook '/home/jone/ws_moveit/install/moveit_ros_planning/share/moveit_ros_planning/hook/ld_library_path_lib.sh'
[19.818s] Level 1:colcon.colcon_core.environment:checking '/home/jone/ws_moveit/install/moveit_ros_planning/bin'
[19.818s] Level 1:colcon.colcon_core.environment:checking '/home/jone/ws_moveit/install/moveit_ros_planning/lib/pkgconfig/moveit_ros_planning.pc'
[19.818s] Level 1:colcon.colcon_core.environment:checking '/home/jone/ws_moveit/install/moveit_ros_planning/lib/python3.10/site-packages'
[19.818s] Level 1:colcon.colcon_core.environment:checking '/home/jone/ws_moveit/install/moveit_ros_planning/bin'
[19.818s] INFO:colcon.colcon_core.shell:Creating package script '/home/jone/ws_moveit/install/moveit_ros_planning/share/moveit_ros_planning/package.ps1'
[19.818s] INFO:colcon.colcon_core.shell:Creating package descriptor '/home/jone/ws_moveit/install/moveit_ros_planning/share/moveit_ros_planning/package.dsv'
[19.819s] INFO:colcon.colcon_core.shell:Creating package script '/home/jone/ws_moveit/install/moveit_ros_planning/share/moveit_ros_planning/package.sh'
[19.819s] INFO:colcon.colcon_core.shell:Creating package script '/home/jone/ws_moveit/install/moveit_ros_planning/share/moveit_ros_planning/package.bash'
[19.819s] INFO:colcon.colcon_core.shell:Creating package script '/home/jone/ws_moveit/install/moveit_ros_planning/share/moveit_ros_planning/package.zsh'
[19.820s] Level 1:colcon.colcon_core.environment:create_file_with_runtime_dependencies(/home/jone/ws_moveit/install/moveit_ros_planning/share/colcon-core/packages/moveit_ros_planning)
[19.820s] Level 1:colcon.colcon_core.environment:create_environment_scripts_only(moveit_ros_planning)
[19.820s] Level 1:colcon.colcon_core.environment:checking '/home/jone/ws_moveit/install/moveit_ros_planning' for CMake module files
[19.821s] Level 1:colcon.colcon_core.environment:checking '/home/jone/ws_moveit/install/moveit_ros_planning' for CMake config files
[19.821s] Level 1:colcon.colcon_core.shell:create_environment_hook('moveit_ros_planning', 'cmake_prefix_path')
[19.821s] INFO:colcon.colcon_core.shell:Creating environment hook '/home/jone/ws_moveit/install/moveit_ros_planning/share/moveit_ros_planning/hook/cmake_prefix_path.ps1'
[19.821s] INFO:colcon.colcon_core.shell:Creating environment descriptor '/home/jone/ws_moveit/install/moveit_ros_planning/share/moveit_ros_planning/hook/cmake_prefix_path.dsv'
[19.822s] INFO:colcon.colcon_core.shell:Creating environment hook '/home/jone/ws_moveit/install/moveit_ros_planning/share/moveit_ros_planning/hook/cmake_prefix_path.sh'
[19.822s] Level 1:colcon.colcon_core.environment:checking '/home/jone/ws_moveit/install/moveit_ros_planning/lib'
[19.822s] Level 1:colcon.colcon_core.shell:create_environment_hook('moveit_ros_planning', 'ld_library_path_lib')
[19.822s] INFO:colcon.colcon_core.shell:Creating environment hook '/home/jone/ws_moveit/install/moveit_ros_planning/share/moveit_ros_planning/hook/ld_library_path_lib.ps1'
[19.823s] INFO:colcon.colcon_core.shell:Creating environment descriptor '/home/jone/ws_moveit/install/moveit_ros_planning/share/moveit_ros_planning/hook/ld_library_path_lib.dsv'
[19.823s] INFO:colcon.colcon_core.shell:Creating environment hook '/home/jone/ws_moveit/install/moveit_ros_planning/share/moveit_ros_planning/hook/ld_library_path_lib.sh'
[19.823s] Level 1:colcon.colcon_core.environment:checking '/home/jone/ws_moveit/install/moveit_ros_planning/bin'
[19.823s] Level 1:colcon.colcon_core.environment:checking '/home/jone/ws_moveit/install/moveit_ros_planning/lib/pkgconfig/moveit_ros_planning.pc'
[19.823s] Level 1:colcon.colcon_core.environment:checking '/home/jone/ws_moveit/install/moveit_ros_planning/lib/python3.10/site-packages'
[19.824s] Level 1:colcon.colcon_core.environment:checking '/home/jone/ws_moveit/install/moveit_ros_planning/bin'
[19.824s] INFO:colcon.colcon_core.shell:Creating package script '/home/jone/ws_moveit/install/moveit_ros_planning/share/moveit_ros_planning/package.ps1'
[19.824s] INFO:colcon.colcon_core.shell:Creating package descriptor '/home/jone/ws_moveit/install/moveit_ros_planning/share/moveit_ros_planning/package.dsv'
[19.825s] INFO:colcon.colcon_core.shell:Creating package script '/home/jone/ws_moveit/install/moveit_ros_planning/share/moveit_ros_planning/package.sh'
[19.825s] INFO:colcon.colcon_core.shell:Creating package script '/home/jone/ws_moveit/install/moveit_ros_planning/share/moveit_ros_planning/package.bash'
[19.825s] INFO:colcon.colcon_core.shell:Creating package script '/home/jone/ws_moveit/install/moveit_ros_planning/share/moveit_ros_planning/package.zsh'
[19.826s] Level 1:colcon.colcon_core.environment:create_file_with_runtime_dependencies(/home/jone/ws_moveit/install/moveit_ros_planning/share/colcon-core/packages/moveit_ros_planning)
[19.826s] DEBUG:colcon.colcon_core.executor.sequential:run_until_complete 'moveit_ros_planning' finished with '0'
[19.826s] DEBUG:colcon.colcon_core.executor.sequential:run_until_complete 'moveit_kinematics'
[19.826s] INFO:colcon.colcon_ros.task.ament_cmake.build:Building ROS package in '/home/jone/ws_moveit/src/moveit2/moveit_kinematics' with build type 'ament_cmake'
[19.826s] INFO:colcon.colcon_cmake.task.cmake.build:Building CMake package in '/home/jone/ws_moveit/src/moveit2/moveit_kinematics'
[19.826s] INFO:colcon.colcon_core.shell:Skip shell extension 'powershell' for command environment: Not usable outside of PowerShell
[19.826s] DEBUG:colcon.colcon_core.shell:Skip shell extension 'dsv' for command environment
[19.847s] DEBUG:colcon.colcon_core.event_handler.log_command:Invoking command in '/home/jone/ws_moveit/build/moveit_kinematics': AMENT_PREFIX_PATH=/home/jone/ws_moveit/install/moveit_ros_planning:/home/jone/ws_moveit/install/moveit_ros_occupancy_map_monitor:/home/jone/ws_moveit/install/moveit_core:/home/jone/ws_moveit/install/moveit_resources_panda_moveit_config:/home/jone/ws_moveit/install/moveit_resources_fanuc_moveit_config:/home/jone/ws_moveit/install/moveit_configs_utils:/home/jone/ws_moveit/install/srdfdom:/home/jone/ws_moveit/install/moveit_resources_pr2_description:/home/jone/ws_moveit/install/moveit_resources_panda_description:/home/jone/ws_moveit/install/moveit_resources_fanuc_description:/home/jone/ws_moveit/install/moveit_common:/home/jone/ws_moveit/install/launch_param_builder:${AMENT_PREFIX_PATH} CMAKE_PREFIX_PATH=/home/jone/ws_moveit/install/moveit_ros_planning:/home/jone/ws_moveit/install/moveit_ros_occupancy_map_monitor:/home/jone/ws_moveit/install/moveit_core:/home/jone/ws_moveit/install/moveit_resources_panda_moveit_config:/home/jone/ws_moveit/install/moveit_resources_fanuc_moveit_config:/home/jone/ws_moveit/install/srdfdom:/home/jone/ws_moveit/install/moveit_resources_pr2_description:/home/jone/ws_moveit/install/moveit_resources_panda_description:/home/jone/ws_moveit/install/moveit_resources_fanuc_description:/home/jone/ws_moveit/install/moveit_common:/opt/ros/humble LD_LIBRARY_PATH=/home/jone/ws_moveit/install/moveit_ros_planning/lib:/home/jone/ws_moveit/install/moveit_ros_occupancy_map_monitor/lib:/home/jone/ws_moveit/install/moveit_core/lib:/home/jone/ws_moveit/install/srdfdom/lib:/opt/ros/humble/opt/rviz_ogre_vendor/lib:/opt/ros/humble/lib/x86_64-linux-gnu:/opt/ros/humble/lib:/usr/lib/x86_64-linux-gnu/gazebo-11/plugins:/usr/lib/x86_64-linux-gnu/gazebo-11/plugins:/usr/lib/x86_64-linux-gnu/gazebo-11/plugins PATH=/home/jone/ws_moveit/install/moveit_core/bin:${PATH} PYTHONPATH=/home/jone/ws_moveit/install/moveit_configs_utils/lib/python3.10/site-packages:/home/jone/ws_moveit/install/srdfdom/local/lib/python3.10/dist-packages:/home/jone/ws_moveit/install/launch_param_builder/lib/python3.10/site-packages:${PYTHONPATH} /usr/bin/cmake /home/jone/ws_moveit/src/moveit2/moveit_kinematics -DCMAKE_INSTALL_PREFIX=/home/jone/ws_moveit/install/moveit_kinematics
[20.855s] DEBUG:colcon.colcon_core.event_handler.log_command:Invoked command in '/home/jone/ws_moveit/build/moveit_kinematics' returned '0': AMENT_PREFIX_PATH=/home/jone/ws_moveit/install/moveit_ros_planning:/home/jone/ws_moveit/install/moveit_ros_occupancy_map_monitor:/home/jone/ws_moveit/install/moveit_core:/home/jone/ws_moveit/install/moveit_resources_panda_moveit_config:/home/jone/ws_moveit/install/moveit_resources_fanuc_moveit_config:/home/jone/ws_moveit/install/moveit_configs_utils:/home/jone/ws_moveit/install/srdfdom:/home/jone/ws_moveit/install/moveit_resources_pr2_description:/home/jone/ws_moveit/install/moveit_resources_panda_description:/home/jone/ws_moveit/install/moveit_resources_fanuc_description:/home/jone/ws_moveit/install/moveit_common:/home/jone/ws_moveit/install/launch_param_builder:${AMENT_PREFIX_PATH} CMAKE_PREFIX_PATH=/home/jone/ws_moveit/install/moveit_ros_planning:/home/jone/ws_moveit/install/moveit_ros_occupancy_map_monitor:/home/jone/ws_moveit/install/moveit_core:/home/jone/ws_moveit/install/moveit_resources_panda_moveit_config:/home/jone/ws_moveit/install/moveit_resources_fanuc_moveit_config:/home/jone/ws_moveit/install/srdfdom:/home/jone/ws_moveit/install/moveit_resources_pr2_description:/home/jone/ws_moveit/install/moveit_resources_panda_description:/home/jone/ws_moveit/install/moveit_resources_fanuc_description:/home/jone/ws_moveit/install/moveit_common:/opt/ros/humble LD_LIBRARY_PATH=/home/jone/ws_moveit/install/moveit_ros_planning/lib:/home/jone/ws_moveit/install/moveit_ros_occupancy_map_monitor/lib:/home/jone/ws_moveit/install/moveit_core/lib:/home/jone/ws_moveit/install/srdfdom/lib:/opt/ros/humble/opt/rviz_ogre_vendor/lib:/opt/ros/humble/lib/x86_64-linux-gnu:/opt/ros/humble/lib:/usr/lib/x86_64-linux-gnu/gazebo-11/plugins:/usr/lib/x86_64-linux-gnu/gazebo-11/plugins:/usr/lib/x86_64-linux-gnu/gazebo-11/plugins PATH=/home/jone/ws_moveit/install/moveit_core/bin:${PATH} PYTHONPATH=/home/jone/ws_moveit/install/moveit_configs_utils/lib/python3.10/site-packages:/home/jone/ws_moveit/install/srdfdom/local/lib/python3.10/dist-packages:/home/jone/ws_moveit/install/launch_param_builder/lib/python3.10/site-packages:${PYTHONPATH} /usr/bin/cmake /home/jone/ws_moveit/src/moveit2/moveit_kinematics -DCMAKE_INSTALL_PREFIX=/home/jone/ws_moveit/install/moveit_kinematics
[20.857s] DEBUG:colcon.colcon_core.event_handler.log_command:Invoking command in '/home/jone/ws_moveit/build/moveit_kinematics': AMENT_PREFIX_PATH=/home/jone/ws_moveit/install/moveit_ros_planning:/home/jone/ws_moveit/install/moveit_ros_occupancy_map_monitor:/home/jone/ws_moveit/install/moveit_core:/home/jone/ws_moveit/install/moveit_resources_panda_moveit_config:/home/jone/ws_moveit/install/moveit_resources_fanuc_moveit_config:/home/jone/ws_moveit/install/moveit_configs_utils:/home/jone/ws_moveit/install/srdfdom:/home/jone/ws_moveit/install/moveit_resources_pr2_description:/home/jone/ws_moveit/install/moveit_resources_panda_description:/home/jone/ws_moveit/install/moveit_resources_fanuc_description:/home/jone/ws_moveit/install/moveit_common:/home/jone/ws_moveit/install/launch_param_builder:${AMENT_PREFIX_PATH} CMAKE_PREFIX_PATH=/home/jone/ws_moveit/install/moveit_ros_planning:/home/jone/ws_moveit/install/moveit_ros_occupancy_map_monitor:/home/jone/ws_moveit/install/moveit_core:/home/jone/ws_moveit/install/moveit_resources_panda_moveit_config:/home/jone/ws_moveit/install/moveit_resources_fanuc_moveit_config:/home/jone/ws_moveit/install/srdfdom:/home/jone/ws_moveit/install/moveit_resources_pr2_description:/home/jone/ws_moveit/install/moveit_resources_panda_description:/home/jone/ws_moveit/install/moveit_resources_fanuc_description:/home/jone/ws_moveit/install/moveit_common:/opt/ros/humble LD_LIBRARY_PATH=/home/jone/ws_moveit/install/moveit_ros_planning/lib:/home/jone/ws_moveit/install/moveit_ros_occupancy_map_monitor/lib:/home/jone/ws_moveit/install/moveit_core/lib:/home/jone/ws_moveit/install/srdfdom/lib:/opt/ros/humble/opt/rviz_ogre_vendor/lib:/opt/ros/humble/lib/x86_64-linux-gnu:/opt/ros/humble/lib:/usr/lib/x86_64-linux-gnu/gazebo-11/plugins:/usr/lib/x86_64-linux-gnu/gazebo-11/plugins:/usr/lib/x86_64-linux-gnu/gazebo-11/plugins PATH=/home/jone/ws_moveit/install/moveit_core/bin:${PATH} PYTHONPATH=/home/jone/ws_moveit/install/moveit_configs_utils/lib/python3.10/site-packages:/home/jone/ws_moveit/install/srdfdom/local/lib/python3.10/dist-packages:/home/jone/ws_moveit/install/launch_param_builder/lib/python3.10/site-packages:${PYTHONPATH} /usr/bin/cmake --build /home/jone/ws_moveit/build/moveit_kinematics -- -j16 -l16
[20.973s] DEBUG:colcon.colcon_core.event_handler.log_command:Invoked command in '/home/jone/ws_moveit/build/moveit_kinematics' returned '0': AMENT_PREFIX_PATH=/home/jone/ws_moveit/install/moveit_ros_planning:/home/jone/ws_moveit/install/moveit_ros_occupancy_map_monitor:/home/jone/ws_moveit/install/moveit_core:/home/jone/ws_moveit/install/moveit_resources_panda_moveit_config:/home/jone/ws_moveit/install/moveit_resources_fanuc_moveit_config:/home/jone/ws_moveit/install/moveit_configs_utils:/home/jone/ws_moveit/install/srdfdom:/home/jone/ws_moveit/install/moveit_resources_pr2_description:/home/jone/ws_moveit/install/moveit_resources_panda_description:/home/jone/ws_moveit/install/moveit_resources_fanuc_description:/home/jone/ws_moveit/install/moveit_common:/home/jone/ws_moveit/install/launch_param_builder:${AMENT_PREFIX_PATH} CMAKE_PREFIX_PATH=/home/jone/ws_moveit/install/moveit_ros_planning:/home/jone/ws_moveit/install/moveit_ros_occupancy_map_monitor:/home/jone/ws_moveit/install/moveit_core:/home/jone/ws_moveit/install/moveit_resources_panda_moveit_config:/home/jone/ws_moveit/install/moveit_resources_fanuc_moveit_config:/home/jone/ws_moveit/install/srdfdom:/home/jone/ws_moveit/install/moveit_resources_pr2_description:/home/jone/ws_moveit/install/moveit_resources_panda_description:/home/jone/ws_moveit/install/moveit_resources_fanuc_description:/home/jone/ws_moveit/install/moveit_common:/opt/ros/humble LD_LIBRARY_PATH=/home/jone/ws_moveit/install/moveit_ros_planning/lib:/home/jone/ws_moveit/install/moveit_ros_occupancy_map_monitor/lib:/home/jone/ws_moveit/install/moveit_core/lib:/home/jone/ws_moveit/install/srdfdom/lib:/opt/ros/humble/opt/rviz_ogre_vendor/lib:/opt/ros/humble/lib/x86_64-linux-gnu:/opt/ros/humble/lib:/usr/lib/x86_64-linux-gnu/gazebo-11/plugins:/usr/lib/x86_64-linux-gnu/gazebo-11/plugins:/usr/lib/x86_64-linux-gnu/gazebo-11/plugins PATH=/home/jone/ws_moveit/install/moveit_core/bin:${PATH} PYTHONPATH=/home/jone/ws_moveit/install/moveit_configs_utils/lib/python3.10/site-packages:/home/jone/ws_moveit/install/srdfdom/local/lib/python3.10/dist-packages:/home/jone/ws_moveit/install/launch_param_builder/lib/python3.10/site-packages:${PYTHONPATH} /usr/bin/cmake --build /home/jone/ws_moveit/build/moveit_kinematics -- -j16 -l16
[20.980s] DEBUG:colcon.colcon_core.event_handler.log_command:Invoking command in '/home/jone/ws_moveit/build/moveit_kinematics': AMENT_PREFIX_PATH=/home/jone/ws_moveit/install/moveit_ros_planning:/home/jone/ws_moveit/install/moveit_ros_occupancy_map_monitor:/home/jone/ws_moveit/install/moveit_core:/home/jone/ws_moveit/install/moveit_resources_panda_moveit_config:/home/jone/ws_moveit/install/moveit_resources_fanuc_moveit_config:/home/jone/ws_moveit/install/moveit_configs_utils:/home/jone/ws_moveit/install/srdfdom:/home/jone/ws_moveit/install/moveit_resources_pr2_description:/home/jone/ws_moveit/install/moveit_resources_panda_description:/home/jone/ws_moveit/install/moveit_resources_fanuc_description:/home/jone/ws_moveit/install/moveit_common:/home/jone/ws_moveit/install/launch_param_builder:${AMENT_PREFIX_PATH} CMAKE_PREFIX_PATH=/home/jone/ws_moveit/install/moveit_ros_planning:/home/jone/ws_moveit/install/moveit_ros_occupancy_map_monitor:/home/jone/ws_moveit/install/moveit_core:/home/jone/ws_moveit/install/moveit_resources_panda_moveit_config:/home/jone/ws_moveit/install/moveit_resources_fanuc_moveit_config:/home/jone/ws_moveit/install/srdfdom:/home/jone/ws_moveit/install/moveit_resources_pr2_description:/home/jone/ws_moveit/install/moveit_resources_panda_description:/home/jone/ws_moveit/install/moveit_resources_fanuc_description:/home/jone/ws_moveit/install/moveit_common:/opt/ros/humble LD_LIBRARY_PATH=/home/jone/ws_moveit/install/moveit_ros_planning/lib:/home/jone/ws_moveit/install/moveit_ros_occupancy_map_monitor/lib:/home/jone/ws_moveit/install/moveit_core/lib:/home/jone/ws_moveit/install/srdfdom/lib:/opt/ros/humble/opt/rviz_ogre_vendor/lib:/opt/ros/humble/lib/x86_64-linux-gnu:/opt/ros/humble/lib:/usr/lib/x86_64-linux-gnu/gazebo-11/plugins:/usr/lib/x86_64-linux-gnu/gazebo-11/plugins:/usr/lib/x86_64-linux-gnu/gazebo-11/plugins PATH=/home/jone/ws_moveit/install/moveit_core/bin:${PATH} PYTHONPATH=/home/jone/ws_moveit/install/moveit_configs_utils/lib/python3.10/site-packages:/home/jone/ws_moveit/install/srdfdom/local/lib/python3.10/dist-packages:/home/jone/ws_moveit/install/launch_param_builder/lib/python3.10/site-packages:${PYTHONPATH} /usr/bin/cmake --install /home/jone/ws_moveit/build/moveit_kinematics
[20.999s] Level 1:colcon.colcon_core.environment:create_environment_scripts_only(moveit_kinematics)
[20.999s] Level 1:colcon.colcon_core.environment:checking '/home/jone/ws_moveit/install/moveit_kinematics' for CMake module files
[21.000s] DEBUG:colcon.colcon_core.event_handler.log_command:Invoked command in '/home/jone/ws_moveit/build/moveit_kinematics' returned '0': AMENT_PREFIX_PATH=/home/jone/ws_moveit/install/moveit_ros_planning:/home/jone/ws_moveit/install/moveit_ros_occupancy_map_monitor:/home/jone/ws_moveit/install/moveit_core:/home/jone/ws_moveit/install/moveit_resources_panda_moveit_config:/home/jone/ws_moveit/install/moveit_resources_fanuc_moveit_config:/home/jone/ws_moveit/install/moveit_configs_utils:/home/jone/ws_moveit/install/srdfdom:/home/jone/ws_moveit/install/moveit_resources_pr2_description:/home/jone/ws_moveit/install/moveit_resources_panda_description:/home/jone/ws_moveit/install/moveit_resources_fanuc_description:/home/jone/ws_moveit/install/moveit_common:/home/jone/ws_moveit/install/launch_param_builder:${AMENT_PREFIX_PATH} CMAKE_PREFIX_PATH=/home/jone/ws_moveit/install/moveit_ros_planning:/home/jone/ws_moveit/install/moveit_ros_occupancy_map_monitor:/home/jone/ws_moveit/install/moveit_core:/home/jone/ws_moveit/install/moveit_resources_panda_moveit_config:/home/jone/ws_moveit/install/moveit_resources_fanuc_moveit_config:/home/jone/ws_moveit/install/srdfdom:/home/jone/ws_moveit/install/moveit_resources_pr2_description:/home/jone/ws_moveit/install/moveit_resources_panda_description:/home/jone/ws_moveit/install/moveit_resources_fanuc_description:/home/jone/ws_moveit/install/moveit_common:/opt/ros/humble LD_LIBRARY_PATH=/home/jone/ws_moveit/install/moveit_ros_planning/lib:/home/jone/ws_moveit/install/moveit_ros_occupancy_map_monitor/lib:/home/jone/ws_moveit/install/moveit_core/lib:/home/jone/ws_moveit/install/srdfdom/lib:/opt/ros/humble/opt/rviz_ogre_vendor/lib:/opt/ros/humble/lib/x86_64-linux-gnu:/opt/ros/humble/lib:/usr/lib/x86_64-linux-gnu/gazebo-11/plugins:/usr/lib/x86_64-linux-gnu/gazebo-11/plugins:/usr/lib/x86_64-linux-gnu/gazebo-11/plugins PATH=/home/jone/ws_moveit/install/moveit_core/bin:${PATH} PYTHONPATH=/home/jone/ws_moveit/install/moveit_configs_utils/lib/python3.10/site-packages:/home/jone/ws_moveit/install/srdfdom/local/lib/python3.10/dist-packages:/home/jone/ws_moveit/install/launch_param_builder/lib/python3.10/site-packages:${PYTHONPATH} /usr/bin/cmake --install /home/jone/ws_moveit/build/moveit_kinematics
[21.000s] Level 1:colcon.colcon_core.environment:checking '/home/jone/ws_moveit/install/moveit_kinematics' for CMake config files
[21.000s] Level 1:colcon.colcon_core.shell:create_environment_hook('moveit_kinematics', 'cmake_prefix_path')
[21.001s] INFO:colcon.colcon_core.shell:Creating environment hook '/home/jone/ws_moveit/install/moveit_kinematics/share/moveit_kinematics/hook/cmake_prefix_path.ps1'
[21.001s] INFO:colcon.colcon_core.shell:Creating environment descriptor '/home/jone/ws_moveit/install/moveit_kinematics/share/moveit_kinematics/hook/cmake_prefix_path.dsv'
[21.001s] INFO:colcon.colcon_core.shell:Creating environment hook '/home/jone/ws_moveit/install/moveit_kinematics/share/moveit_kinematics/hook/cmake_prefix_path.sh'
[21.002s] Level 1:colcon.colcon_core.environment:checking '/home/jone/ws_moveit/install/moveit_kinematics/lib'
[21.002s] Level 1:colcon.colcon_core.shell:create_environment_hook('moveit_kinematics', 'ld_library_path_lib')
[21.002s] INFO:colcon.colcon_core.shell:Creating environment hook '/home/jone/ws_moveit/install/moveit_kinematics/share/moveit_kinematics/hook/ld_library_path_lib.ps1'
[21.002s] INFO:colcon.colcon_core.shell:Creating environment descriptor '/home/jone/ws_moveit/install/moveit_kinematics/share/moveit_kinematics/hook/ld_library_path_lib.dsv'
[21.002s] INFO:colcon.colcon_core.shell:Creating environment hook '/home/jone/ws_moveit/install/moveit_kinematics/share/moveit_kinematics/hook/ld_library_path_lib.sh'
[21.003s] Level 1:colcon.colcon_core.environment:checking '/home/jone/ws_moveit/install/moveit_kinematics/bin'
[21.003s] Level 1:colcon.colcon_core.environment:checking '/home/jone/ws_moveit/install/moveit_kinematics/lib/pkgconfig/moveit_kinematics.pc'
[21.003s] Level 1:colcon.colcon_core.environment:checking '/home/jone/ws_moveit/install/moveit_kinematics/lib/python3.10/site-packages'
[21.003s] Level 1:colcon.colcon_core.environment:checking '/home/jone/ws_moveit/install/moveit_kinematics/bin'
[21.003s] INFO:colcon.colcon_core.shell:Creating package script '/home/jone/ws_moveit/install/moveit_kinematics/share/moveit_kinematics/package.ps1'
[21.004s] INFO:colcon.colcon_core.shell:Creating package descriptor '/home/jone/ws_moveit/install/moveit_kinematics/share/moveit_kinematics/package.dsv'
[21.004s] INFO:colcon.colcon_core.shell:Creating package script '/home/jone/ws_moveit/install/moveit_kinematics/share/moveit_kinematics/package.sh'
[21.004s] INFO:colcon.colcon_core.shell:Creating package script '/home/jone/ws_moveit/install/moveit_kinematics/share/moveit_kinematics/package.bash'
[21.005s] INFO:colcon.colcon_core.shell:Creating package script '/home/jone/ws_moveit/install/moveit_kinematics/share/moveit_kinematics/package.zsh'
[21.005s] Level 1:colcon.colcon_core.environment:create_file_with_runtime_dependencies(/home/jone/ws_moveit/install/moveit_kinematics/share/colcon-core/packages/moveit_kinematics)
[21.005s] Level 1:colcon.colcon_core.environment:create_environment_scripts_only(moveit_kinematics)
[21.006s] Level 1:colcon.colcon_core.environment:checking '/home/jone/ws_moveit/install/moveit_kinematics' for CMake module files
[21.006s] Level 1:colcon.colcon_core.environment:checking '/home/jone/ws_moveit/install/moveit_kinematics' for CMake config files
[21.006s] Level 1:colcon.colcon_core.shell:create_environment_hook('moveit_kinematics', 'cmake_prefix_path')
[21.006s] INFO:colcon.colcon_core.shell:Creating environment hook '/home/jone/ws_moveit/install/moveit_kinematics/share/moveit_kinematics/hook/cmake_prefix_path.ps1'
[21.007s] INFO:colcon.colcon_core.shell:Creating environment descriptor '/home/jone/ws_moveit/install/moveit_kinematics/share/moveit_kinematics/hook/cmake_prefix_path.dsv'
[21.007s] INFO:colcon.colcon_core.shell:Creating environment hook '/home/jone/ws_moveit/install/moveit_kinematics/share/moveit_kinematics/hook/cmake_prefix_path.sh'
[21.007s] Level 1:colcon.colcon_core.environment:checking '/home/jone/ws_moveit/install/moveit_kinematics/lib'
[21.007s] Level 1:colcon.colcon_core.shell:create_environment_hook('moveit_kinematics', 'ld_library_path_lib')
[21.007s] INFO:colcon.colcon_core.shell:Creating environment hook '/home/jone/ws_moveit/install/moveit_kinematics/share/moveit_kinematics/hook/ld_library_path_lib.ps1'
[21.008s] INFO:colcon.colcon_core.shell:Creating environment descriptor '/home/jone/ws_moveit/install/moveit_kinematics/share/moveit_kinematics/hook/ld_library_path_lib.dsv'
[21.008s] INFO:colcon.colcon_core.shell:Creating environment hook '/home/jone/ws_moveit/install/moveit_kinematics/share/moveit_kinematics/hook/ld_library_path_lib.sh'
[21.008s] Level 1:colcon.colcon_core.environment:checking '/home/jone/ws_moveit/install/moveit_kinematics/bin'
[21.008s] Level 1:colcon.colcon_core.environment:checking '/home/jone/ws_moveit/install/moveit_kinematics/lib/pkgconfig/moveit_kinematics.pc'
[21.008s] Level 1:colcon.colcon_core.environment:checking '/home/jone/ws_moveit/install/moveit_kinematics/lib/python3.10/site-packages'
[21.009s] Level 1:colcon.colcon_core.environment:checking '/home/jone/ws_moveit/install/moveit_kinematics/bin'
[21.009s] INFO:colcon.colcon_core.shell:Creating package script '/home/jone/ws_moveit/install/moveit_kinematics/share/moveit_kinematics/package.ps1'
[21.009s] INFO:colcon.colcon_core.shell:Creating package descriptor '/home/jone/ws_moveit/install/moveit_kinematics/share/moveit_kinematics/package.dsv'
[21.010s] INFO:colcon.colcon_core.shell:Creating package script '/home/jone/ws_moveit/install/moveit_kinematics/share/moveit_kinematics/package.sh'
[21.010s] INFO:colcon.colcon_core.shell:Creating package script '/home/jone/ws_moveit/install/moveit_kinematics/share/moveit_kinematics/package.bash'
[21.010s] INFO:colcon.colcon_core.shell:Creating package script '/home/jone/ws_moveit/install/moveit_kinematics/share/moveit_kinematics/package.zsh'
[21.010s] Level 1:colcon.colcon_core.environment:create_file_with_runtime_dependencies(/home/jone/ws_moveit/install/moveit_kinematics/share/colcon-core/packages/moveit_kinematics)
[21.011s] DEBUG:colcon.colcon_core.executor.sequential:run_until_complete 'moveit_kinematics' finished with '0'
[21.011s] DEBUG:colcon.colcon_core.executor.sequential:run_until_complete 'moveit_planners_ompl'
[21.011s] INFO:colcon.colcon_ros.task.ament_cmake.build:Building ROS package in '/home/jone/ws_moveit/src/moveit2/moveit_planners/ompl' with build type 'ament_cmake'
[21.011s] INFO:colcon.colcon_cmake.task.cmake.build:Building CMake package in '/home/jone/ws_moveit/src/moveit2/moveit_planners/ompl'
[21.011s] INFO:colcon.colcon_core.shell:Skip shell extension 'powershell' for command environment: Not usable outside of PowerShell
[21.011s] DEBUG:colcon.colcon_core.shell:Skip shell extension 'dsv' for command environment
[21.032s] DEBUG:colcon.colcon_core.event_handler.log_command:Invoking command in '/home/jone/ws_moveit/build/moveit_planners_ompl': AMENT_PREFIX_PATH=/home/jone/ws_moveit/install/moveit_ros_planning:/home/jone/ws_moveit/install/moveit_ros_occupancy_map_monitor:/home/jone/ws_moveit/install/moveit_core:/home/jone/ws_moveit/install/moveit_resources_panda_moveit_config:/home/jone/ws_moveit/install/moveit_resources_fanuc_moveit_config:/home/jone/ws_moveit/install/moveit_configs_utils:/home/jone/ws_moveit/install/srdfdom:/home/jone/ws_moveit/install/moveit_resources_pr2_description:/home/jone/ws_moveit/install/moveit_resources_panda_description:/home/jone/ws_moveit/install/moveit_resources_fanuc_description:/home/jone/ws_moveit/install/moveit_common:/home/jone/ws_moveit/install/launch_param_builder:${AMENT_PREFIX_PATH} CMAKE_PREFIX_PATH=/home/jone/ws_moveit/install/moveit_ros_planning:/home/jone/ws_moveit/install/moveit_ros_occupancy_map_monitor:/home/jone/ws_moveit/install/moveit_core:/home/jone/ws_moveit/install/moveit_resources_panda_moveit_config:/home/jone/ws_moveit/install/moveit_resources_fanuc_moveit_config:/home/jone/ws_moveit/install/srdfdom:/home/jone/ws_moveit/install/moveit_resources_pr2_description:/home/jone/ws_moveit/install/moveit_resources_panda_description:/home/jone/ws_moveit/install/moveit_resources_fanuc_description:/home/jone/ws_moveit/install/moveit_common:/opt/ros/humble LD_LIBRARY_PATH=/home/jone/ws_moveit/install/moveit_ros_planning/lib:/home/jone/ws_moveit/install/moveit_ros_occupancy_map_monitor/lib:/home/jone/ws_moveit/install/moveit_core/lib:/home/jone/ws_moveit/install/srdfdom/lib:/opt/ros/humble/opt/rviz_ogre_vendor/lib:/opt/ros/humble/lib/x86_64-linux-gnu:/opt/ros/humble/lib:/usr/lib/x86_64-linux-gnu/gazebo-11/plugins:/usr/lib/x86_64-linux-gnu/gazebo-11/plugins:/usr/lib/x86_64-linux-gnu/gazebo-11/plugins PATH=/home/jone/ws_moveit/install/moveit_core/bin:${PATH} PYTHONPATH=/home/jone/ws_moveit/install/moveit_configs_utils/lib/python3.10/site-packages:/home/jone/ws_moveit/install/srdfdom/local/lib/python3.10/dist-packages:/home/jone/ws_moveit/install/launch_param_builder/lib/python3.10/site-packages:${PYTHONPATH} /usr/bin/cmake /home/jone/ws_moveit/src/moveit2/moveit_planners/ompl -DCMAKE_INSTALL_PREFIX=/home/jone/ws_moveit/install/moveit_planners_ompl
[21.998s] DEBUG:colcon.colcon_core.event_handler.log_command:Invoked command in '/home/jone/ws_moveit/build/moveit_planners_ompl' returned '0': AMENT_PREFIX_PATH=/home/jone/ws_moveit/install/moveit_ros_planning:/home/jone/ws_moveit/install/moveit_ros_occupancy_map_monitor:/home/jone/ws_moveit/install/moveit_core:/home/jone/ws_moveit/install/moveit_resources_panda_moveit_config:/home/jone/ws_moveit/install/moveit_resources_fanuc_moveit_config:/home/jone/ws_moveit/install/moveit_configs_utils:/home/jone/ws_moveit/install/srdfdom:/home/jone/ws_moveit/install/moveit_resources_pr2_description:/home/jone/ws_moveit/install/moveit_resources_panda_description:/home/jone/ws_moveit/install/moveit_resources_fanuc_description:/home/jone/ws_moveit/install/moveit_common:/home/jone/ws_moveit/install/launch_param_builder:${AMENT_PREFIX_PATH} CMAKE_PREFIX_PATH=/home/jone/ws_moveit/install/moveit_ros_planning:/home/jone/ws_moveit/install/moveit_ros_occupancy_map_monitor:/home/jone/ws_moveit/install/moveit_core:/home/jone/ws_moveit/install/moveit_resources_panda_moveit_config:/home/jone/ws_moveit/install/moveit_resources_fanuc_moveit_config:/home/jone/ws_moveit/install/srdfdom:/home/jone/ws_moveit/install/moveit_resources_pr2_description:/home/jone/ws_moveit/install/moveit_resources_panda_description:/home/jone/ws_moveit/install/moveit_resources_fanuc_description:/home/jone/ws_moveit/install/moveit_common:/opt/ros/humble LD_LIBRARY_PATH=/home/jone/ws_moveit/install/moveit_ros_planning/lib:/home/jone/ws_moveit/install/moveit_ros_occupancy_map_monitor/lib:/home/jone/ws_moveit/install/moveit_core/lib:/home/jone/ws_moveit/install/srdfdom/lib:/opt/ros/humble/opt/rviz_ogre_vendor/lib:/opt/ros/humble/lib/x86_64-linux-gnu:/opt/ros/humble/lib:/usr/lib/x86_64-linux-gnu/gazebo-11/plugins:/usr/lib/x86_64-linux-gnu/gazebo-11/plugins:/usr/lib/x86_64-linux-gnu/gazebo-11/plugins PATH=/home/jone/ws_moveit/install/moveit_core/bin:${PATH} PYTHONPATH=/home/jone/ws_moveit/install/moveit_configs_utils/lib/python3.10/site-packages:/home/jone/ws_moveit/install/srdfdom/local/lib/python3.10/dist-packages:/home/jone/ws_moveit/install/launch_param_builder/lib/python3.10/site-packages:${PYTHONPATH} /usr/bin/cmake /home/jone/ws_moveit/src/moveit2/moveit_planners/ompl -DCMAKE_INSTALL_PREFIX=/home/jone/ws_moveit/install/moveit_planners_ompl
[22.000s] DEBUG:colcon.colcon_core.event_handler.log_command:Invoking command in '/home/jone/ws_moveit/build/moveit_planners_ompl': AMENT_PREFIX_PATH=/home/jone/ws_moveit/install/moveit_ros_planning:/home/jone/ws_moveit/install/moveit_ros_occupancy_map_monitor:/home/jone/ws_moveit/install/moveit_core:/home/jone/ws_moveit/install/moveit_resources_panda_moveit_config:/home/jone/ws_moveit/install/moveit_resources_fanuc_moveit_config:/home/jone/ws_moveit/install/moveit_configs_utils:/home/jone/ws_moveit/install/srdfdom:/home/jone/ws_moveit/install/moveit_resources_pr2_description:/home/jone/ws_moveit/install/moveit_resources_panda_description:/home/jone/ws_moveit/install/moveit_resources_fanuc_description:/home/jone/ws_moveit/install/moveit_common:/home/jone/ws_moveit/install/launch_param_builder:${AMENT_PREFIX_PATH} CMAKE_PREFIX_PATH=/home/jone/ws_moveit/install/moveit_ros_planning:/home/jone/ws_moveit/install/moveit_ros_occupancy_map_monitor:/home/jone/ws_moveit/install/moveit_core:/home/jone/ws_moveit/install/moveit_resources_panda_moveit_config:/home/jone/ws_moveit/install/moveit_resources_fanuc_moveit_config:/home/jone/ws_moveit/install/srdfdom:/home/jone/ws_moveit/install/moveit_resources_pr2_description:/home/jone/ws_moveit/install/moveit_resources_panda_description:/home/jone/ws_moveit/install/moveit_resources_fanuc_description:/home/jone/ws_moveit/install/moveit_common:/opt/ros/humble LD_LIBRARY_PATH=/home/jone/ws_moveit/install/moveit_ros_planning/lib:/home/jone/ws_moveit/install/moveit_ros_occupancy_map_monitor/lib:/home/jone/ws_moveit/install/moveit_core/lib:/home/jone/ws_moveit/install/srdfdom/lib:/opt/ros/humble/opt/rviz_ogre_vendor/lib:/opt/ros/humble/lib/x86_64-linux-gnu:/opt/ros/humble/lib:/usr/lib/x86_64-linux-gnu/gazebo-11/plugins:/usr/lib/x86_64-linux-gnu/gazebo-11/plugins:/usr/lib/x86_64-linux-gnu/gazebo-11/plugins PATH=/home/jone/ws_moveit/install/moveit_core/bin:${PATH} PYTHONPATH=/home/jone/ws_moveit/install/moveit_configs_utils/lib/python3.10/site-packages:/home/jone/ws_moveit/install/srdfdom/local/lib/python3.10/dist-packages:/home/jone/ws_moveit/install/launch_param_builder/lib/python3.10/site-packages:${PYTHONPATH} /usr/bin/cmake --build /home/jone/ws_moveit/build/moveit_planners_ompl -- -j16 -l16
[22.272s] DEBUG:colcon.colcon_core.event_handler.log_command:Invoked command in '/home/jone/ws_moveit/build/moveit_planners_ompl' returned '0': AMENT_PREFIX_PATH=/home/jone/ws_moveit/install/moveit_ros_planning:/home/jone/ws_moveit/install/moveit_ros_occupancy_map_monitor:/home/jone/ws_moveit/install/moveit_core:/home/jone/ws_moveit/install/moveit_resources_panda_moveit_config:/home/jone/ws_moveit/install/moveit_resources_fanuc_moveit_config:/home/jone/ws_moveit/install/moveit_configs_utils:/home/jone/ws_moveit/install/srdfdom:/home/jone/ws_moveit/install/moveit_resources_pr2_description:/home/jone/ws_moveit/install/moveit_resources_panda_description:/home/jone/ws_moveit/install/moveit_resources_fanuc_description:/home/jone/ws_moveit/install/moveit_common:/home/jone/ws_moveit/install/launch_param_builder:${AMENT_PREFIX_PATH} CMAKE_PREFIX_PATH=/home/jone/ws_moveit/install/moveit_ros_planning:/home/jone/ws_moveit/install/moveit_ros_occupancy_map_monitor:/home/jone/ws_moveit/install/moveit_core:/home/jone/ws_moveit/install/moveit_resources_panda_moveit_config:/home/jone/ws_moveit/install/moveit_resources_fanuc_moveit_config:/home/jone/ws_moveit/install/srdfdom:/home/jone/ws_moveit/install/moveit_resources_pr2_description:/home/jone/ws_moveit/install/moveit_resources_panda_description:/home/jone/ws_moveit/install/moveit_resources_fanuc_description:/home/jone/ws_moveit/install/moveit_common:/opt/ros/humble LD_LIBRARY_PATH=/home/jone/ws_moveit/install/moveit_ros_planning/lib:/home/jone/ws_moveit/install/moveit_ros_occupancy_map_monitor/lib:/home/jone/ws_moveit/install/moveit_core/lib:/home/jone/ws_moveit/install/srdfdom/lib:/opt/ros/humble/opt/rviz_ogre_vendor/lib:/opt/ros/humble/lib/x86_64-linux-gnu:/opt/ros/humble/lib:/usr/lib/x86_64-linux-gnu/gazebo-11/plugins:/usr/lib/x86_64-linux-gnu/gazebo-11/plugins:/usr/lib/x86_64-linux-gnu/gazebo-11/plugins PATH=/home/jone/ws_moveit/install/moveit_core/bin:${PATH} PYTHONPATH=/home/jone/ws_moveit/install/moveit_configs_utils/lib/python3.10/site-packages:/home/jone/ws_moveit/install/srdfdom/local/lib/python3.10/dist-packages:/home/jone/ws_moveit/install/launch_param_builder/lib/python3.10/site-packages:${PYTHONPATH} /usr/bin/cmake --build /home/jone/ws_moveit/build/moveit_planners_ompl -- -j16 -l16
[22.287s] DEBUG:colcon.colcon_core.event_handler.log_command:Invoking command in '/home/jone/ws_moveit/build/moveit_planners_ompl': AMENT_PREFIX_PATH=/home/jone/ws_moveit/install/moveit_ros_planning:/home/jone/ws_moveit/install/moveit_ros_occupancy_map_monitor:/home/jone/ws_moveit/install/moveit_core:/home/jone/ws_moveit/install/moveit_resources_panda_moveit_config:/home/jone/ws_moveit/install/moveit_resources_fanuc_moveit_config:/home/jone/ws_moveit/install/moveit_configs_utils:/home/jone/ws_moveit/install/srdfdom:/home/jone/ws_moveit/install/moveit_resources_pr2_description:/home/jone/ws_moveit/install/moveit_resources_panda_description:/home/jone/ws_moveit/install/moveit_resources_fanuc_description:/home/jone/ws_moveit/install/moveit_common:/home/jone/ws_moveit/install/launch_param_builder:${AMENT_PREFIX_PATH} CMAKE_PREFIX_PATH=/home/jone/ws_moveit/install/moveit_ros_planning:/home/jone/ws_moveit/install/moveit_ros_occupancy_map_monitor:/home/jone/ws_moveit/install/moveit_core:/home/jone/ws_moveit/install/moveit_resources_panda_moveit_config:/home/jone/ws_moveit/install/moveit_resources_fanuc_moveit_config:/home/jone/ws_moveit/install/srdfdom:/home/jone/ws_moveit/install/moveit_resources_pr2_description:/home/jone/ws_moveit/install/moveit_resources_panda_description:/home/jone/ws_moveit/install/moveit_resources_fanuc_description:/home/jone/ws_moveit/install/moveit_common:/opt/ros/humble LD_LIBRARY_PATH=/home/jone/ws_moveit/install/moveit_ros_planning/lib:/home/jone/ws_moveit/install/moveit_ros_occupancy_map_monitor/lib:/home/jone/ws_moveit/install/moveit_core/lib:/home/jone/ws_moveit/install/srdfdom/lib:/opt/ros/humble/opt/rviz_ogre_vendor/lib:/opt/ros/humble/lib/x86_64-linux-gnu:/opt/ros/humble/lib:/usr/lib/x86_64-linux-gnu/gazebo-11/plugins:/usr/lib/x86_64-linux-gnu/gazebo-11/plugins:/usr/lib/x86_64-linux-gnu/gazebo-11/plugins PATH=/home/jone/ws_moveit/install/moveit_core/bin:${PATH} PYTHONPATH=/home/jone/ws_moveit/install/moveit_configs_utils/lib/python3.10/site-packages:/home/jone/ws_moveit/install/srdfdom/local/lib/python3.10/dist-packages:/home/jone/ws_moveit/install/launch_param_builder/lib/python3.10/site-packages:${PYTHONPATH} /usr/bin/cmake --install /home/jone/ws_moveit/build/moveit_planners_ompl
[22.302s] Level 1:colcon.colcon_core.environment:create_environment_scripts_only(moveit_planners_ompl)
[22.302s] Level 1:colcon.colcon_core.environment:checking '/home/jone/ws_moveit/install/moveit_planners_ompl' for CMake module files
[22.302s] DEBUG:colcon.colcon_core.event_handler.log_command:Invoked command in '/home/jone/ws_moveit/build/moveit_planners_ompl' returned '0': AMENT_PREFIX_PATH=/home/jone/ws_moveit/install/moveit_ros_planning:/home/jone/ws_moveit/install/moveit_ros_occupancy_map_monitor:/home/jone/ws_moveit/install/moveit_core:/home/jone/ws_moveit/install/moveit_resources_panda_moveit_config:/home/jone/ws_moveit/install/moveit_resources_fanuc_moveit_config:/home/jone/ws_moveit/install/moveit_configs_utils:/home/jone/ws_moveit/install/srdfdom:/home/jone/ws_moveit/install/moveit_resources_pr2_description:/home/jone/ws_moveit/install/moveit_resources_panda_description:/home/jone/ws_moveit/install/moveit_resources_fanuc_description:/home/jone/ws_moveit/install/moveit_common:/home/jone/ws_moveit/install/launch_param_builder:${AMENT_PREFIX_PATH} CMAKE_PREFIX_PATH=/home/jone/ws_moveit/install/moveit_ros_planning:/home/jone/ws_moveit/install/moveit_ros_occupancy_map_monitor:/home/jone/ws_moveit/install/moveit_core:/home/jone/ws_moveit/install/moveit_resources_panda_moveit_config:/home/jone/ws_moveit/install/moveit_resources_fanuc_moveit_config:/home/jone/ws_moveit/install/srdfdom:/home/jone/ws_moveit/install/moveit_resources_pr2_description:/home/jone/ws_moveit/install/moveit_resources_panda_description:/home/jone/ws_moveit/install/moveit_resources_fanuc_description:/home/jone/ws_moveit/install/moveit_common:/opt/ros/humble LD_LIBRARY_PATH=/home/jone/ws_moveit/install/moveit_ros_planning/lib:/home/jone/ws_moveit/install/moveit_ros_occupancy_map_monitor/lib:/home/jone/ws_moveit/install/moveit_core/lib:/home/jone/ws_moveit/install/srdfdom/lib:/opt/ros/humble/opt/rviz_ogre_vendor/lib:/opt/ros/humble/lib/x86_64-linux-gnu:/opt/ros/humble/lib:/usr/lib/x86_64-linux-gnu/gazebo-11/plugins:/usr/lib/x86_64-linux-gnu/gazebo-11/plugins:/usr/lib/x86_64-linux-gnu/gazebo-11/plugins PATH=/home/jone/ws_moveit/install/moveit_core/bin:${PATH} PYTHONPATH=/home/jone/ws_moveit/install/moveit_configs_utils/lib/python3.10/site-packages:/home/jone/ws_moveit/install/srdfdom/local/lib/python3.10/dist-packages:/home/jone/ws_moveit/install/launch_param_builder/lib/python3.10/site-packages:${PYTHONPATH} /usr/bin/cmake --install /home/jone/ws_moveit/build/moveit_planners_ompl
[22.303s] Level 1:colcon.colcon_core.environment:checking '/home/jone/ws_moveit/install/moveit_planners_ompl' for CMake config files
[22.303s] Level 1:colcon.colcon_core.shell:create_environment_hook('moveit_planners_ompl', 'cmake_prefix_path')
[22.303s] INFO:colcon.colcon_core.shell:Creating environment hook '/home/jone/ws_moveit/install/moveit_planners_ompl/share/moveit_planners_ompl/hook/cmake_prefix_path.ps1'
[22.304s] INFO:colcon.colcon_core.shell:Creating environment descriptor '/home/jone/ws_moveit/install/moveit_planners_ompl/share/moveit_planners_ompl/hook/cmake_prefix_path.dsv'
[22.304s] INFO:colcon.colcon_core.shell:Creating environment hook '/home/jone/ws_moveit/install/moveit_planners_ompl/share/moveit_planners_ompl/hook/cmake_prefix_path.sh'
[22.304s] Level 1:colcon.colcon_core.environment:checking '/home/jone/ws_moveit/install/moveit_planners_ompl/lib'
[22.304s] Level 1:colcon.colcon_core.shell:create_environment_hook('moveit_planners_ompl', 'ld_library_path_lib')
[22.304s] INFO:colcon.colcon_core.shell:Creating environment hook '/home/jone/ws_moveit/install/moveit_planners_ompl/share/moveit_planners_ompl/hook/ld_library_path_lib.ps1'
[22.305s] INFO:colcon.colcon_core.shell:Creating environment descriptor '/home/jone/ws_moveit/install/moveit_planners_ompl/share/moveit_planners_ompl/hook/ld_library_path_lib.dsv'
[22.305s] INFO:colcon.colcon_core.shell:Creating environment hook '/home/jone/ws_moveit/install/moveit_planners_ompl/share/moveit_planners_ompl/hook/ld_library_path_lib.sh'
[22.305s] Level 1:colcon.colcon_core.environment:checking '/home/jone/ws_moveit/install/moveit_planners_ompl/bin'
[22.305s] Level 1:colcon.colcon_core.environment:checking '/home/jone/ws_moveit/install/moveit_planners_ompl/lib/pkgconfig/moveit_planners_ompl.pc'
[22.305s] Level 1:colcon.colcon_core.environment:checking '/home/jone/ws_moveit/install/moveit_planners_ompl/lib/python3.10/site-packages'
[22.306s] Level 1:colcon.colcon_core.environment:checking '/home/jone/ws_moveit/install/moveit_planners_ompl/bin'
[22.306s] INFO:colcon.colcon_core.shell:Creating package script '/home/jone/ws_moveit/install/moveit_planners_ompl/share/moveit_planners_ompl/package.ps1'
[22.306s] INFO:colcon.colcon_core.shell:Creating package descriptor '/home/jone/ws_moveit/install/moveit_planners_ompl/share/moveit_planners_ompl/package.dsv'
[22.307s] INFO:colcon.colcon_core.shell:Creating package script '/home/jone/ws_moveit/install/moveit_planners_ompl/share/moveit_planners_ompl/package.sh'
[22.307s] INFO:colcon.colcon_core.shell:Creating package script '/home/jone/ws_moveit/install/moveit_planners_ompl/share/moveit_planners_ompl/package.bash'
[22.307s] INFO:colcon.colcon_core.shell:Creating package script '/home/jone/ws_moveit/install/moveit_planners_ompl/share/moveit_planners_ompl/package.zsh'
[22.307s] Level 1:colcon.colcon_core.environment:create_file_with_runtime_dependencies(/home/jone/ws_moveit/install/moveit_planners_ompl/share/colcon-core/packages/moveit_planners_ompl)
[22.308s] Level 1:colcon.colcon_core.environment:create_environment_scripts_only(moveit_planners_ompl)
[22.308s] Level 1:colcon.colcon_core.environment:checking '/home/jone/ws_moveit/install/moveit_planners_ompl' for CMake module files
[22.309s] Level 1:colcon.colcon_core.environment:checking '/home/jone/ws_moveit/install/moveit_planners_ompl' for CMake config files
[22.309s] Level 1:colcon.colcon_core.shell:create_environment_hook('moveit_planners_ompl', 'cmake_prefix_path')
[22.309s] INFO:colcon.colcon_core.shell:Creating environment hook '/home/jone/ws_moveit/install/moveit_planners_ompl/share/moveit_planners_ompl/hook/cmake_prefix_path.ps1'
[22.309s] INFO:colcon.colcon_core.shell:Creating environment descriptor '/home/jone/ws_moveit/install/moveit_planners_ompl/share/moveit_planners_ompl/hook/cmake_prefix_path.dsv'
[22.310s] INFO:colcon.colcon_core.shell:Creating environment hook '/home/jone/ws_moveit/install/moveit_planners_ompl/share/moveit_planners_ompl/hook/cmake_prefix_path.sh'
[22.310s] Level 1:colcon.colcon_core.environment:checking '/home/jone/ws_moveit/install/moveit_planners_ompl/lib'
[22.310s] Level 1:colcon.colcon_core.shell:create_environment_hook('moveit_planners_ompl', 'ld_library_path_lib')
[22.310s] INFO:colcon.colcon_core.shell:Creating environment hook '/home/jone/ws_moveit/install/moveit_planners_ompl/share/moveit_planners_ompl/hook/ld_library_path_lib.ps1'
[22.310s] INFO:colcon.colcon_core.shell:Creating environment descriptor '/home/jone/ws_moveit/install/moveit_planners_ompl/share/moveit_planners_ompl/hook/ld_library_path_lib.dsv'
[22.311s] INFO:colcon.colcon_core.shell:Creating environment hook '/home/jone/ws_moveit/install/moveit_planners_ompl/share/moveit_planners_ompl/hook/ld_library_path_lib.sh'
[22.311s] Level 1:colcon.colcon_core.environment:checking '/home/jone/ws_moveit/install/moveit_planners_ompl/bin'
[22.311s] Level 1:colcon.colcon_core.environment:checking '/home/jone/ws_moveit/install/moveit_planners_ompl/lib/pkgconfig/moveit_planners_ompl.pc'
[22.311s] Level 1:colcon.colcon_core.environment:checking '/home/jone/ws_moveit/install/moveit_planners_ompl/lib/python3.10/site-packages'
[22.311s] Level 1:colcon.colcon_core.environment:checking '/home/jone/ws_moveit/install/moveit_planners_ompl/bin'
[22.312s] INFO:colcon.colcon_core.shell:Creating package script '/home/jone/ws_moveit/install/moveit_planners_ompl/share/moveit_planners_ompl/package.ps1'
[22.312s] INFO:colcon.colcon_core.shell:Creating package descriptor '/home/jone/ws_moveit/install/moveit_planners_ompl/share/moveit_planners_ompl/package.dsv'
[22.312s] INFO:colcon.colcon_core.shell:Creating package script '/home/jone/ws_moveit/install/moveit_planners_ompl/share/moveit_planners_ompl/package.sh'
[22.313s] INFO:colcon.colcon_core.shell:Creating package script '/home/jone/ws_moveit/install/moveit_planners_ompl/share/moveit_planners_ompl/package.bash'
[22.313s] INFO:colcon.colcon_core.shell:Creating package script '/home/jone/ws_moveit/install/moveit_planners_ompl/share/moveit_planners_ompl/package.zsh'
[22.313s] Level 1:colcon.colcon_core.environment:create_file_with_runtime_dependencies(/home/jone/ws_moveit/install/moveit_planners_ompl/share/colcon-core/packages/moveit_planners_ompl)
[22.313s] DEBUG:colcon.colcon_core.executor.sequential:run_until_complete 'moveit_planners_ompl' finished with '0'
[22.313s] DEBUG:colcon.colcon_core.executor.sequential:run_until_complete 'moveit_ros_perception'
[22.313s] INFO:colcon.colcon_ros.task.ament_cmake.build:Building ROS package in '/home/jone/ws_moveit/src/moveit2/moveit_ros/perception' with build type 'ament_cmake'
[22.314s] INFO:colcon.colcon_cmake.task.cmake.build:Building CMake package in '/home/jone/ws_moveit/src/moveit2/moveit_ros/perception'
[22.314s] INFO:colcon.colcon_core.shell:Skip shell extension 'powershell' for command environment: Not usable outside of PowerShell
[22.314s] DEBUG:colcon.colcon_core.shell:Skip shell extension 'dsv' for command environment
[22.333s] DEBUG:colcon.colcon_core.event_handler.log_command:Invoking command in '/home/jone/ws_moveit/build/moveit_ros_perception': AMENT_PREFIX_PATH=/home/jone/ws_moveit/install/moveit_ros_planning:/home/jone/ws_moveit/install/moveit_ros_occupancy_map_monitor:/home/jone/ws_moveit/install/moveit_core:/home/jone/ws_moveit/install/moveit_resources_panda_moveit_config:/home/jone/ws_moveit/install/moveit_configs_utils:/home/jone/ws_moveit/install/srdfdom:/home/jone/ws_moveit/install/moveit_resources_pr2_description:/home/jone/ws_moveit/install/moveit_resources_panda_description:/home/jone/ws_moveit/install/moveit_common:/home/jone/ws_moveit/install/launch_param_builder:${AMENT_PREFIX_PATH} CMAKE_PREFIX_PATH=/home/jone/ws_moveit/install/moveit_ros_planning:/home/jone/ws_moveit/install/moveit_ros_occupancy_map_monitor:/home/jone/ws_moveit/install/moveit_core:/home/jone/ws_moveit/install/moveit_resources_panda_moveit_config:/home/jone/ws_moveit/install/srdfdom:/home/jone/ws_moveit/install/moveit_resources_pr2_description:/home/jone/ws_moveit/install/moveit_resources_panda_description:/home/jone/ws_moveit/install/moveit_common:/opt/ros/humble LD_LIBRARY_PATH=/home/jone/ws_moveit/install/moveit_ros_planning/lib:/home/jone/ws_moveit/install/moveit_ros_occupancy_map_monitor/lib:/home/jone/ws_moveit/install/moveit_core/lib:/home/jone/ws_moveit/install/srdfdom/lib:/opt/ros/humble/opt/rviz_ogre_vendor/lib:/opt/ros/humble/lib/x86_64-linux-gnu:/opt/ros/humble/lib:/usr/lib/x86_64-linux-gnu/gazebo-11/plugins:/usr/lib/x86_64-linux-gnu/gazebo-11/plugins:/usr/lib/x86_64-linux-gnu/gazebo-11/plugins PATH=/home/jone/ws_moveit/install/moveit_core/bin:${PATH} PYTHONPATH=/home/jone/ws_moveit/install/moveit_configs_utils/lib/python3.10/site-packages:/home/jone/ws_moveit/install/srdfdom/local/lib/python3.10/dist-packages:/home/jone/ws_moveit/install/launch_param_builder/lib/python3.10/site-packages:${PYTHONPATH} /usr/bin/cmake /home/jone/ws_moveit/src/moveit2/moveit_ros/perception -DCMAKE_INSTALL_PREFIX=/home/jone/ws_moveit/install/moveit_ros_perception
[23.327s] DEBUG:colcon.colcon_core.event_handler.log_command:Invoked command in '/home/jone/ws_moveit/build/moveit_ros_perception' returned '0': AMENT_PREFIX_PATH=/home/jone/ws_moveit/install/moveit_ros_planning:/home/jone/ws_moveit/install/moveit_ros_occupancy_map_monitor:/home/jone/ws_moveit/install/moveit_core:/home/jone/ws_moveit/install/moveit_resources_panda_moveit_config:/home/jone/ws_moveit/install/moveit_configs_utils:/home/jone/ws_moveit/install/srdfdom:/home/jone/ws_moveit/install/moveit_resources_pr2_description:/home/jone/ws_moveit/install/moveit_resources_panda_description:/home/jone/ws_moveit/install/moveit_common:/home/jone/ws_moveit/install/launch_param_builder:${AMENT_PREFIX_PATH} CMAKE_PREFIX_PATH=/home/jone/ws_moveit/install/moveit_ros_planning:/home/jone/ws_moveit/install/moveit_ros_occupancy_map_monitor:/home/jone/ws_moveit/install/moveit_core:/home/jone/ws_moveit/install/moveit_resources_panda_moveit_config:/home/jone/ws_moveit/install/srdfdom:/home/jone/ws_moveit/install/moveit_resources_pr2_description:/home/jone/ws_moveit/install/moveit_resources_panda_description:/home/jone/ws_moveit/install/moveit_common:/opt/ros/humble LD_LIBRARY_PATH=/home/jone/ws_moveit/install/moveit_ros_planning/lib:/home/jone/ws_moveit/install/moveit_ros_occupancy_map_monitor/lib:/home/jone/ws_moveit/install/moveit_core/lib:/home/jone/ws_moveit/install/srdfdom/lib:/opt/ros/humble/opt/rviz_ogre_vendor/lib:/opt/ros/humble/lib/x86_64-linux-gnu:/opt/ros/humble/lib:/usr/lib/x86_64-linux-gnu/gazebo-11/plugins:/usr/lib/x86_64-linux-gnu/gazebo-11/plugins:/usr/lib/x86_64-linux-gnu/gazebo-11/plugins PATH=/home/jone/ws_moveit/install/moveit_core/bin:${PATH} PYTHONPATH=/home/jone/ws_moveit/install/moveit_configs_utils/lib/python3.10/site-packages:/home/jone/ws_moveit/install/srdfdom/local/lib/python3.10/dist-packages:/home/jone/ws_moveit/install/launch_param_builder/lib/python3.10/site-packages:${PYTHONPATH} /usr/bin/cmake /home/jone/ws_moveit/src/moveit2/moveit_ros/perception -DCMAKE_INSTALL_PREFIX=/home/jone/ws_moveit/install/moveit_ros_perception
[23.329s] DEBUG:colcon.colcon_core.event_handler.log_command:Invoking command in '/home/jone/ws_moveit/build/moveit_ros_perception': AMENT_PREFIX_PATH=/home/jone/ws_moveit/install/moveit_ros_planning:/home/jone/ws_moveit/install/moveit_ros_occupancy_map_monitor:/home/jone/ws_moveit/install/moveit_core:/home/jone/ws_moveit/install/moveit_resources_panda_moveit_config:/home/jone/ws_moveit/install/moveit_configs_utils:/home/jone/ws_moveit/install/srdfdom:/home/jone/ws_moveit/install/moveit_resources_pr2_description:/home/jone/ws_moveit/install/moveit_resources_panda_description:/home/jone/ws_moveit/install/moveit_common:/home/jone/ws_moveit/install/launch_param_builder:${AMENT_PREFIX_PATH} CMAKE_PREFIX_PATH=/home/jone/ws_moveit/install/moveit_ros_planning:/home/jone/ws_moveit/install/moveit_ros_occupancy_map_monitor:/home/jone/ws_moveit/install/moveit_core:/home/jone/ws_moveit/install/moveit_resources_panda_moveit_config:/home/jone/ws_moveit/install/srdfdom:/home/jone/ws_moveit/install/moveit_resources_pr2_description:/home/jone/ws_moveit/install/moveit_resources_panda_description:/home/jone/ws_moveit/install/moveit_common:/opt/ros/humble LD_LIBRARY_PATH=/home/jone/ws_moveit/install/moveit_ros_planning/lib:/home/jone/ws_moveit/install/moveit_ros_occupancy_map_monitor/lib:/home/jone/ws_moveit/install/moveit_core/lib:/home/jone/ws_moveit/install/srdfdom/lib:/opt/ros/humble/opt/rviz_ogre_vendor/lib:/opt/ros/humble/lib/x86_64-linux-gnu:/opt/ros/humble/lib:/usr/lib/x86_64-linux-gnu/gazebo-11/plugins:/usr/lib/x86_64-linux-gnu/gazebo-11/plugins:/usr/lib/x86_64-linux-gnu/gazebo-11/plugins PATH=/home/jone/ws_moveit/install/moveit_core/bin:${PATH} PYTHONPATH=/home/jone/ws_moveit/install/moveit_configs_utils/lib/python3.10/site-packages:/home/jone/ws_moveit/install/srdfdom/local/lib/python3.10/dist-packages:/home/jone/ws_moveit/install/launch_param_builder/lib/python3.10/site-packages:${PYTHONPATH} /usr/bin/cmake --build /home/jone/ws_moveit/build/moveit_ros_perception -- -j16 -l16
[23.482s] DEBUG:colcon.colcon_core.event_handler.log_command:Invoked command in '/home/jone/ws_moveit/build/moveit_ros_perception' returned '0': AMENT_PREFIX_PATH=/home/jone/ws_moveit/install/moveit_ros_planning:/home/jone/ws_moveit/install/moveit_ros_occupancy_map_monitor:/home/jone/ws_moveit/install/moveit_core:/home/jone/ws_moveit/install/moveit_resources_panda_moveit_config:/home/jone/ws_moveit/install/moveit_configs_utils:/home/jone/ws_moveit/install/srdfdom:/home/jone/ws_moveit/install/moveit_resources_pr2_description:/home/jone/ws_moveit/install/moveit_resources_panda_description:/home/jone/ws_moveit/install/moveit_common:/home/jone/ws_moveit/install/launch_param_builder:${AMENT_PREFIX_PATH} CMAKE_PREFIX_PATH=/home/jone/ws_moveit/install/moveit_ros_planning:/home/jone/ws_moveit/install/moveit_ros_occupancy_map_monitor:/home/jone/ws_moveit/install/moveit_core:/home/jone/ws_moveit/install/moveit_resources_panda_moveit_config:/home/jone/ws_moveit/install/srdfdom:/home/jone/ws_moveit/install/moveit_resources_pr2_description:/home/jone/ws_moveit/install/moveit_resources_panda_description:/home/jone/ws_moveit/install/moveit_common:/opt/ros/humble LD_LIBRARY_PATH=/home/jone/ws_moveit/install/moveit_ros_planning/lib:/home/jone/ws_moveit/install/moveit_ros_occupancy_map_monitor/lib:/home/jone/ws_moveit/install/moveit_core/lib:/home/jone/ws_moveit/install/srdfdom/lib:/opt/ros/humble/opt/rviz_ogre_vendor/lib:/opt/ros/humble/lib/x86_64-linux-gnu:/opt/ros/humble/lib:/usr/lib/x86_64-linux-gnu/gazebo-11/plugins:/usr/lib/x86_64-linux-gnu/gazebo-11/plugins:/usr/lib/x86_64-linux-gnu/gazebo-11/plugins PATH=/home/jone/ws_moveit/install/moveit_core/bin:${PATH} PYTHONPATH=/home/jone/ws_moveit/install/moveit_configs_utils/lib/python3.10/site-packages:/home/jone/ws_moveit/install/srdfdom/local/lib/python3.10/dist-packages:/home/jone/ws_moveit/install/launch_param_builder/lib/python3.10/site-packages:${PYTHONPATH} /usr/bin/cmake --build /home/jone/ws_moveit/build/moveit_ros_perception -- -j16 -l16
[23.483s] DEBUG:colcon.colcon_core.event_handler.log_command:Invoking command in '/home/jone/ws_moveit/build/moveit_ros_perception': AMENT_PREFIX_PATH=/home/jone/ws_moveit/install/moveit_ros_planning:/home/jone/ws_moveit/install/moveit_ros_occupancy_map_monitor:/home/jone/ws_moveit/install/moveit_core:/home/jone/ws_moveit/install/moveit_resources_panda_moveit_config:/home/jone/ws_moveit/install/moveit_configs_utils:/home/jone/ws_moveit/install/srdfdom:/home/jone/ws_moveit/install/moveit_resources_pr2_description:/home/jone/ws_moveit/install/moveit_resources_panda_description:/home/jone/ws_moveit/install/moveit_common:/home/jone/ws_moveit/install/launch_param_builder:${AMENT_PREFIX_PATH} CMAKE_PREFIX_PATH=/home/jone/ws_moveit/install/moveit_ros_planning:/home/jone/ws_moveit/install/moveit_ros_occupancy_map_monitor:/home/jone/ws_moveit/install/moveit_core:/home/jone/ws_moveit/install/moveit_resources_panda_moveit_config:/home/jone/ws_moveit/install/srdfdom:/home/jone/ws_moveit/install/moveit_resources_pr2_description:/home/jone/ws_moveit/install/moveit_resources_panda_description:/home/jone/ws_moveit/install/moveit_common:/opt/ros/humble LD_LIBRARY_PATH=/home/jone/ws_moveit/install/moveit_ros_planning/lib:/home/jone/ws_moveit/install/moveit_ros_occupancy_map_monitor/lib:/home/jone/ws_moveit/install/moveit_core/lib:/home/jone/ws_moveit/install/srdfdom/lib:/opt/ros/humble/opt/rviz_ogre_vendor/lib:/opt/ros/humble/lib/x86_64-linux-gnu:/opt/ros/humble/lib:/usr/lib/x86_64-linux-gnu/gazebo-11/plugins:/usr/lib/x86_64-linux-gnu/gazebo-11/plugins:/usr/lib/x86_64-linux-gnu/gazebo-11/plugins PATH=/home/jone/ws_moveit/install/moveit_core/bin:${PATH} PYTHONPATH=/home/jone/ws_moveit/install/moveit_configs_utils/lib/python3.10/site-packages:/home/jone/ws_moveit/install/srdfdom/local/lib/python3.10/dist-packages:/home/jone/ws_moveit/install/launch_param_builder/lib/python3.10/site-packages:${PYTHONPATH} /usr/bin/cmake --install /home/jone/ws_moveit/build/moveit_ros_perception
[23.506s] Level 1:colcon.colcon_core.environment:create_environment_scripts_only(moveit_ros_perception)
[23.506s] Level 1:colcon.colcon_core.environment:checking '/home/jone/ws_moveit/install/moveit_ros_perception' for CMake module files
[23.506s] DEBUG:colcon.colcon_core.event_handler.log_command:Invoked command in '/home/jone/ws_moveit/build/moveit_ros_perception' returned '0': AMENT_PREFIX_PATH=/home/jone/ws_moveit/install/moveit_ros_planning:/home/jone/ws_moveit/install/moveit_ros_occupancy_map_monitor:/home/jone/ws_moveit/install/moveit_core:/home/jone/ws_moveit/install/moveit_resources_panda_moveit_config:/home/jone/ws_moveit/install/moveit_configs_utils:/home/jone/ws_moveit/install/srdfdom:/home/jone/ws_moveit/install/moveit_resources_pr2_description:/home/jone/ws_moveit/install/moveit_resources_panda_description:/home/jone/ws_moveit/install/moveit_common:/home/jone/ws_moveit/install/launch_param_builder:${AMENT_PREFIX_PATH} CMAKE_PREFIX_PATH=/home/jone/ws_moveit/install/moveit_ros_planning:/home/jone/ws_moveit/install/moveit_ros_occupancy_map_monitor:/home/jone/ws_moveit/install/moveit_core:/home/jone/ws_moveit/install/moveit_resources_panda_moveit_config:/home/jone/ws_moveit/install/srdfdom:/home/jone/ws_moveit/install/moveit_resources_pr2_description:/home/jone/ws_moveit/install/moveit_resources_panda_description:/home/jone/ws_moveit/install/moveit_common:/opt/ros/humble LD_LIBRARY_PATH=/home/jone/ws_moveit/install/moveit_ros_planning/lib:/home/jone/ws_moveit/install/moveit_ros_occupancy_map_monitor/lib:/home/jone/ws_moveit/install/moveit_core/lib:/home/jone/ws_moveit/install/srdfdom/lib:/opt/ros/humble/opt/rviz_ogre_vendor/lib:/opt/ros/humble/lib/x86_64-linux-gnu:/opt/ros/humble/lib:/usr/lib/x86_64-linux-gnu/gazebo-11/plugins:/usr/lib/x86_64-linux-gnu/gazebo-11/plugins:/usr/lib/x86_64-linux-gnu/gazebo-11/plugins PATH=/home/jone/ws_moveit/install/moveit_core/bin:${PATH} PYTHONPATH=/home/jone/ws_moveit/install/moveit_configs_utils/lib/python3.10/site-packages:/home/jone/ws_moveit/install/srdfdom/local/lib/python3.10/dist-packages:/home/jone/ws_moveit/install/launch_param_builder/lib/python3.10/site-packages:${PYTHONPATH} /usr/bin/cmake --install /home/jone/ws_moveit/build/moveit_ros_perception
[23.507s] Level 1:colcon.colcon_core.environment:checking '/home/jone/ws_moveit/install/moveit_ros_perception' for CMake config files
[23.507s] Level 1:colcon.colcon_core.shell:create_environment_hook('moveit_ros_perception', 'cmake_prefix_path')
[23.507s] INFO:colcon.colcon_core.shell:Creating environment hook '/home/jone/ws_moveit/install/moveit_ros_perception/share/moveit_ros_perception/hook/cmake_prefix_path.ps1'
[23.508s] INFO:colcon.colcon_core.shell:Creating environment descriptor '/home/jone/ws_moveit/install/moveit_ros_perception/share/moveit_ros_perception/hook/cmake_prefix_path.dsv'
[23.508s] INFO:colcon.colcon_core.shell:Creating environment hook '/home/jone/ws_moveit/install/moveit_ros_perception/share/moveit_ros_perception/hook/cmake_prefix_path.sh'
[23.508s] Level 1:colcon.colcon_core.environment:checking '/home/jone/ws_moveit/install/moveit_ros_perception/lib'
[23.508s] Level 1:colcon.colcon_core.shell:create_environment_hook('moveit_ros_perception', 'ld_library_path_lib')
[23.509s] INFO:colcon.colcon_core.shell:Creating environment hook '/home/jone/ws_moveit/install/moveit_ros_perception/share/moveit_ros_perception/hook/ld_library_path_lib.ps1'
[23.509s] INFO:colcon.colcon_core.shell:Creating environment descriptor '/home/jone/ws_moveit/install/moveit_ros_perception/share/moveit_ros_perception/hook/ld_library_path_lib.dsv'
[23.509s] INFO:colcon.colcon_core.shell:Creating environment hook '/home/jone/ws_moveit/install/moveit_ros_perception/share/moveit_ros_perception/hook/ld_library_path_lib.sh'
[23.509s] Level 1:colcon.colcon_core.environment:checking '/home/jone/ws_moveit/install/moveit_ros_perception/bin'
[23.509s] Level 1:colcon.colcon_core.environment:checking '/home/jone/ws_moveit/install/moveit_ros_perception/lib/pkgconfig/moveit_ros_perception.pc'
[23.510s] Level 1:colcon.colcon_core.environment:checking '/home/jone/ws_moveit/install/moveit_ros_perception/lib/python3.10/site-packages'
[23.510s] Level 1:colcon.colcon_core.environment:checking '/home/jone/ws_moveit/install/moveit_ros_perception/bin'
[23.510s] INFO:colcon.colcon_core.shell:Creating package script '/home/jone/ws_moveit/install/moveit_ros_perception/share/moveit_ros_perception/package.ps1'
[23.510s] INFO:colcon.colcon_core.shell:Creating package descriptor '/home/jone/ws_moveit/install/moveit_ros_perception/share/moveit_ros_perception/package.dsv'
[23.511s] INFO:colcon.colcon_core.shell:Creating package script '/home/jone/ws_moveit/install/moveit_ros_perception/share/moveit_ros_perception/package.sh'
[23.511s] INFO:colcon.colcon_core.shell:Creating package script '/home/jone/ws_moveit/install/moveit_ros_perception/share/moveit_ros_perception/package.bash'
[23.511s] INFO:colcon.colcon_core.shell:Creating package script '/home/jone/ws_moveit/install/moveit_ros_perception/share/moveit_ros_perception/package.zsh'
[23.512s] Level 1:colcon.colcon_core.environment:create_file_with_runtime_dependencies(/home/jone/ws_moveit/install/moveit_ros_perception/share/colcon-core/packages/moveit_ros_perception)
[23.512s] Level 1:colcon.colcon_core.environment:create_environment_scripts_only(moveit_ros_perception)
[23.512s] Level 1:colcon.colcon_core.environment:checking '/home/jone/ws_moveit/install/moveit_ros_perception' for CMake module files
[23.513s] Level 1:colcon.colcon_core.environment:checking '/home/jone/ws_moveit/install/moveit_ros_perception' for CMake config files
[23.513s] Level 1:colcon.colcon_core.shell:create_environment_hook('moveit_ros_perception', 'cmake_prefix_path')
[23.513s] INFO:colcon.colcon_core.shell:Creating environment hook '/home/jone/ws_moveit/install/moveit_ros_perception/share/moveit_ros_perception/hook/cmake_prefix_path.ps1'
[23.513s] INFO:colcon.colcon_core.shell:Creating environment descriptor '/home/jone/ws_moveit/install/moveit_ros_perception/share/moveit_ros_perception/hook/cmake_prefix_path.dsv'
[23.513s] INFO:colcon.colcon_core.shell:Creating environment hook '/home/jone/ws_moveit/install/moveit_ros_perception/share/moveit_ros_perception/hook/cmake_prefix_path.sh'
[23.514s] Level 1:colcon.colcon_core.environment:checking '/home/jone/ws_moveit/install/moveit_ros_perception/lib'
[23.514s] Level 1:colcon.colcon_core.shell:create_environment_hook('moveit_ros_perception', 'ld_library_path_lib')
[23.514s] INFO:colcon.colcon_core.shell:Creating environment hook '/home/jone/ws_moveit/install/moveit_ros_perception/share/moveit_ros_perception/hook/ld_library_path_lib.ps1'
[23.514s] INFO:colcon.colcon_core.shell:Creating environment descriptor '/home/jone/ws_moveit/install/moveit_ros_perception/share/moveit_ros_perception/hook/ld_library_path_lib.dsv'
[23.515s] INFO:colcon.colcon_core.shell:Creating environment hook '/home/jone/ws_moveit/install/moveit_ros_perception/share/moveit_ros_perception/hook/ld_library_path_lib.sh'
[23.515s] Level 1:colcon.colcon_core.environment:checking '/home/jone/ws_moveit/install/moveit_ros_perception/bin'
[23.515s] Level 1:colcon.colcon_core.environment:checking '/home/jone/ws_moveit/install/moveit_ros_perception/lib/pkgconfig/moveit_ros_perception.pc'
[23.515s] Level 1:colcon.colcon_core.environment:checking '/home/jone/ws_moveit/install/moveit_ros_perception/lib/python3.10/site-packages'
[23.515s] Level 1:colcon.colcon_core.environment:checking '/home/jone/ws_moveit/install/moveit_ros_perception/bin'
[23.516s] INFO:colcon.colcon_core.shell:Creating package script '/home/jone/ws_moveit/install/moveit_ros_perception/share/moveit_ros_perception/package.ps1'
[23.516s] INFO:colcon.colcon_core.shell:Creating package descriptor '/home/jone/ws_moveit/install/moveit_ros_perception/share/moveit_ros_perception/package.dsv'
[23.516s] INFO:colcon.colcon_core.shell:Creating package script '/home/jone/ws_moveit/install/moveit_ros_perception/share/moveit_ros_perception/package.sh'
[23.517s] INFO:colcon.colcon_core.shell:Creating package script '/home/jone/ws_moveit/install/moveit_ros_perception/share/moveit_ros_perception/package.bash'
[23.517s] INFO:colcon.colcon_core.shell:Creating package script '/home/jone/ws_moveit/install/moveit_ros_perception/share/moveit_ros_perception/package.zsh'
[23.517s] Level 1:colcon.colcon_core.environment:create_file_with_runtime_dependencies(/home/jone/ws_moveit/install/moveit_ros_perception/share/colcon-core/packages/moveit_ros_perception)
[23.518s] DEBUG:colcon.colcon_core.executor.sequential:run_until_complete 'moveit_ros_perception' finished with '0'
[23.518s] DEBUG:colcon.colcon_core.executor.sequential:run_until_complete 'moveit_ros_robot_interaction'
[23.518s] INFO:colcon.colcon_ros.task.ament_cmake.build:Building ROS package in '/home/jone/ws_moveit/src/moveit2/moveit_ros/robot_interaction' with build type 'ament_cmake'
[23.518s] INFO:colcon.colcon_cmake.task.cmake.build:Building CMake package in '/home/jone/ws_moveit/src/moveit2/moveit_ros/robot_interaction'
[23.518s] INFO:colcon.colcon_core.shell:Skip shell extension 'powershell' for command environment: Not usable outside of PowerShell
[23.518s] DEBUG:colcon.colcon_core.shell:Skip shell extension 'dsv' for command environment
[23.576s] DEBUG:colcon.colcon_core.event_handler.log_command:Invoking command in '/home/jone/ws_moveit/build/moveit_ros_robot_interaction': AMENT_PREFIX_PATH=/home/jone/ws_moveit/install/moveit_ros_planning:/home/jone/ws_moveit/install/moveit_ros_occupancy_map_monitor:/home/jone/ws_moveit/install/moveit_core:/home/jone/ws_moveit/install/moveit_resources_panda_moveit_config:/home/jone/ws_moveit/install/moveit_configs_utils:/home/jone/ws_moveit/install/srdfdom:/home/jone/ws_moveit/install/moveit_resources_pr2_description:/home/jone/ws_moveit/install/moveit_resources_panda_description:/home/jone/ws_moveit/install/moveit_common:/home/jone/ws_moveit/install/launch_param_builder:${AMENT_PREFIX_PATH} CMAKE_PREFIX_PATH=/home/jone/ws_moveit/install/moveit_ros_planning:/home/jone/ws_moveit/install/moveit_ros_occupancy_map_monitor:/home/jone/ws_moveit/install/moveit_core:/home/jone/ws_moveit/install/moveit_resources_panda_moveit_config:/home/jone/ws_moveit/install/srdfdom:/home/jone/ws_moveit/install/moveit_resources_pr2_description:/home/jone/ws_moveit/install/moveit_resources_panda_description:/home/jone/ws_moveit/install/moveit_common:/opt/ros/humble LD_LIBRARY_PATH=/home/jone/ws_moveit/install/moveit_ros_planning/lib:/home/jone/ws_moveit/install/moveit_ros_occupancy_map_monitor/lib:/home/jone/ws_moveit/install/moveit_core/lib:/home/jone/ws_moveit/install/srdfdom/lib:/opt/ros/humble/opt/rviz_ogre_vendor/lib:/opt/ros/humble/lib/x86_64-linux-gnu:/opt/ros/humble/lib:/usr/lib/x86_64-linux-gnu/gazebo-11/plugins:/usr/lib/x86_64-linux-gnu/gazebo-11/plugins:/usr/lib/x86_64-linux-gnu/gazebo-11/plugins PATH=/home/jone/ws_moveit/install/moveit_core/bin:${PATH} PYTHONPATH=/home/jone/ws_moveit/install/moveit_configs_utils/lib/python3.10/site-packages:/home/jone/ws_moveit/install/srdfdom/local/lib/python3.10/dist-packages:/home/jone/ws_moveit/install/launch_param_builder/lib/python3.10/site-packages:${PYTHONPATH} /usr/bin/cmake /home/jone/ws_moveit/src/moveit2/moveit_ros/robot_interaction -DCMAKE_INSTALL_PREFIX=/home/jone/ws_moveit/install/moveit_ros_robot_interaction
[24.380s] DEBUG:colcon.colcon_core.event_handler.log_command:Invoked command in '/home/jone/ws_moveit/build/moveit_ros_robot_interaction' returned '0': AMENT_PREFIX_PATH=/home/jone/ws_moveit/install/moveit_ros_planning:/home/jone/ws_moveit/install/moveit_ros_occupancy_map_monitor:/home/jone/ws_moveit/install/moveit_core:/home/jone/ws_moveit/install/moveit_resources_panda_moveit_config:/home/jone/ws_moveit/install/moveit_configs_utils:/home/jone/ws_moveit/install/srdfdom:/home/jone/ws_moveit/install/moveit_resources_pr2_description:/home/jone/ws_moveit/install/moveit_resources_panda_description:/home/jone/ws_moveit/install/moveit_common:/home/jone/ws_moveit/install/launch_param_builder:${AMENT_PREFIX_PATH} CMAKE_PREFIX_PATH=/home/jone/ws_moveit/install/moveit_ros_planning:/home/jone/ws_moveit/install/moveit_ros_occupancy_map_monitor:/home/jone/ws_moveit/install/moveit_core:/home/jone/ws_moveit/install/moveit_resources_panda_moveit_config:/home/jone/ws_moveit/install/srdfdom:/home/jone/ws_moveit/install/moveit_resources_pr2_description:/home/jone/ws_moveit/install/moveit_resources_panda_description:/home/jone/ws_moveit/install/moveit_common:/opt/ros/humble LD_LIBRARY_PATH=/home/jone/ws_moveit/install/moveit_ros_planning/lib:/home/jone/ws_moveit/install/moveit_ros_occupancy_map_monitor/lib:/home/jone/ws_moveit/install/moveit_core/lib:/home/jone/ws_moveit/install/srdfdom/lib:/opt/ros/humble/opt/rviz_ogre_vendor/lib:/opt/ros/humble/lib/x86_64-linux-gnu:/opt/ros/humble/lib:/usr/lib/x86_64-linux-gnu/gazebo-11/plugins:/usr/lib/x86_64-linux-gnu/gazebo-11/plugins:/usr/lib/x86_64-linux-gnu/gazebo-11/plugins PATH=/home/jone/ws_moveit/install/moveit_core/bin:${PATH} PYTHONPATH=/home/jone/ws_moveit/install/moveit_configs_utils/lib/python3.10/site-packages:/home/jone/ws_moveit/install/srdfdom/local/lib/python3.10/dist-packages:/home/jone/ws_moveit/install/launch_param_builder/lib/python3.10/site-packages:${PYTHONPATH} /usr/bin/cmake /home/jone/ws_moveit/src/moveit2/moveit_ros/robot_interaction -DCMAKE_INSTALL_PREFIX=/home/jone/ws_moveit/install/moveit_ros_robot_interaction
[24.381s] DEBUG:colcon.colcon_core.event_handler.log_command:Invoking command in '/home/jone/ws_moveit/build/moveit_ros_robot_interaction': AMENT_PREFIX_PATH=/home/jone/ws_moveit/install/moveit_ros_planning:/home/jone/ws_moveit/install/moveit_ros_occupancy_map_monitor:/home/jone/ws_moveit/install/moveit_core:/home/jone/ws_moveit/install/moveit_resources_panda_moveit_config:/home/jone/ws_moveit/install/moveit_configs_utils:/home/jone/ws_moveit/install/srdfdom:/home/jone/ws_moveit/install/moveit_resources_pr2_description:/home/jone/ws_moveit/install/moveit_resources_panda_description:/home/jone/ws_moveit/install/moveit_common:/home/jone/ws_moveit/install/launch_param_builder:${AMENT_PREFIX_PATH} CMAKE_PREFIX_PATH=/home/jone/ws_moveit/install/moveit_ros_planning:/home/jone/ws_moveit/install/moveit_ros_occupancy_map_monitor:/home/jone/ws_moveit/install/moveit_core:/home/jone/ws_moveit/install/moveit_resources_panda_moveit_config:/home/jone/ws_moveit/install/srdfdom:/home/jone/ws_moveit/install/moveit_resources_pr2_description:/home/jone/ws_moveit/install/moveit_resources_panda_description:/home/jone/ws_moveit/install/moveit_common:/opt/ros/humble LD_LIBRARY_PATH=/home/jone/ws_moveit/install/moveit_ros_planning/lib:/home/jone/ws_moveit/install/moveit_ros_occupancy_map_monitor/lib:/home/jone/ws_moveit/install/moveit_core/lib:/home/jone/ws_moveit/install/srdfdom/lib:/opt/ros/humble/opt/rviz_ogre_vendor/lib:/opt/ros/humble/lib/x86_64-linux-gnu:/opt/ros/humble/lib:/usr/lib/x86_64-linux-gnu/gazebo-11/plugins:/usr/lib/x86_64-linux-gnu/gazebo-11/plugins:/usr/lib/x86_64-linux-gnu/gazebo-11/plugins PATH=/home/jone/ws_moveit/install/moveit_core/bin:${PATH} PYTHONPATH=/home/jone/ws_moveit/install/moveit_configs_utils/lib/python3.10/site-packages:/home/jone/ws_moveit/install/srdfdom/local/lib/python3.10/dist-packages:/home/jone/ws_moveit/install/launch_param_builder/lib/python3.10/site-packages:${PYTHONPATH} /usr/bin/cmake --build /home/jone/ws_moveit/build/moveit_ros_robot_interaction -- -j16 -l16
[24.520s] DEBUG:colcon.colcon_core.event_handler.log_command:Invoked command in '/home/jone/ws_moveit/build/moveit_ros_robot_interaction' returned '0': AMENT_PREFIX_PATH=/home/jone/ws_moveit/install/moveit_ros_planning:/home/jone/ws_moveit/install/moveit_ros_occupancy_map_monitor:/home/jone/ws_moveit/install/moveit_core:/home/jone/ws_moveit/install/moveit_resources_panda_moveit_config:/home/jone/ws_moveit/install/moveit_configs_utils:/home/jone/ws_moveit/install/srdfdom:/home/jone/ws_moveit/install/moveit_resources_pr2_description:/home/jone/ws_moveit/install/moveit_resources_panda_description:/home/jone/ws_moveit/install/moveit_common:/home/jone/ws_moveit/install/launch_param_builder:${AMENT_PREFIX_PATH} CMAKE_PREFIX_PATH=/home/jone/ws_moveit/install/moveit_ros_planning:/home/jone/ws_moveit/install/moveit_ros_occupancy_map_monitor:/home/jone/ws_moveit/install/moveit_core:/home/jone/ws_moveit/install/moveit_resources_panda_moveit_config:/home/jone/ws_moveit/install/srdfdom:/home/jone/ws_moveit/install/moveit_resources_pr2_description:/home/jone/ws_moveit/install/moveit_resources_panda_description:/home/jone/ws_moveit/install/moveit_common:/opt/ros/humble LD_LIBRARY_PATH=/home/jone/ws_moveit/install/moveit_ros_planning/lib:/home/jone/ws_moveit/install/moveit_ros_occupancy_map_monitor/lib:/home/jone/ws_moveit/install/moveit_core/lib:/home/jone/ws_moveit/install/srdfdom/lib:/opt/ros/humble/opt/rviz_ogre_vendor/lib:/opt/ros/humble/lib/x86_64-linux-gnu:/opt/ros/humble/lib:/usr/lib/x86_64-linux-gnu/gazebo-11/plugins:/usr/lib/x86_64-linux-gnu/gazebo-11/plugins:/usr/lib/x86_64-linux-gnu/gazebo-11/plugins PATH=/home/jone/ws_moveit/install/moveit_core/bin:${PATH} PYTHONPATH=/home/jone/ws_moveit/install/moveit_configs_utils/lib/python3.10/site-packages:/home/jone/ws_moveit/install/srdfdom/local/lib/python3.10/dist-packages:/home/jone/ws_moveit/install/launch_param_builder/lib/python3.10/site-packages:${PYTHONPATH} /usr/bin/cmake --build /home/jone/ws_moveit/build/moveit_ros_robot_interaction -- -j16 -l16
[24.521s] DEBUG:colcon.colcon_core.event_handler.log_command:Invoking command in '/home/jone/ws_moveit/build/moveit_ros_robot_interaction': AMENT_PREFIX_PATH=/home/jone/ws_moveit/install/moveit_ros_planning:/home/jone/ws_moveit/install/moveit_ros_occupancy_map_monitor:/home/jone/ws_moveit/install/moveit_core:/home/jone/ws_moveit/install/moveit_resources_panda_moveit_config:/home/jone/ws_moveit/install/moveit_configs_utils:/home/jone/ws_moveit/install/srdfdom:/home/jone/ws_moveit/install/moveit_resources_pr2_description:/home/jone/ws_moveit/install/moveit_resources_panda_description:/home/jone/ws_moveit/install/moveit_common:/home/jone/ws_moveit/install/launch_param_builder:${AMENT_PREFIX_PATH} CMAKE_PREFIX_PATH=/home/jone/ws_moveit/install/moveit_ros_planning:/home/jone/ws_moveit/install/moveit_ros_occupancy_map_monitor:/home/jone/ws_moveit/install/moveit_core:/home/jone/ws_moveit/install/moveit_resources_panda_moveit_config:/home/jone/ws_moveit/install/srdfdom:/home/jone/ws_moveit/install/moveit_resources_pr2_description:/home/jone/ws_moveit/install/moveit_resources_panda_description:/home/jone/ws_moveit/install/moveit_common:/opt/ros/humble LD_LIBRARY_PATH=/home/jone/ws_moveit/install/moveit_ros_planning/lib:/home/jone/ws_moveit/install/moveit_ros_occupancy_map_monitor/lib:/home/jone/ws_moveit/install/moveit_core/lib:/home/jone/ws_moveit/install/srdfdom/lib:/opt/ros/humble/opt/rviz_ogre_vendor/lib:/opt/ros/humble/lib/x86_64-linux-gnu:/opt/ros/humble/lib:/usr/lib/x86_64-linux-gnu/gazebo-11/plugins:/usr/lib/x86_64-linux-gnu/gazebo-11/plugins:/usr/lib/x86_64-linux-gnu/gazebo-11/plugins PATH=/home/jone/ws_moveit/install/moveit_core/bin:${PATH} PYTHONPATH=/home/jone/ws_moveit/install/moveit_configs_utils/lib/python3.10/site-packages:/home/jone/ws_moveit/install/srdfdom/local/lib/python3.10/dist-packages:/home/jone/ws_moveit/install/launch_param_builder/lib/python3.10/site-packages:${PYTHONPATH} /usr/bin/cmake --install /home/jone/ws_moveit/build/moveit_ros_robot_interaction
[24.533s] Level 1:colcon.colcon_core.environment:create_environment_scripts_only(moveit_ros_robot_interaction)
[24.533s] Level 1:colcon.colcon_core.environment:checking '/home/jone/ws_moveit/install/moveit_ros_robot_interaction' for CMake module files
[24.534s] DEBUG:colcon.colcon_core.event_handler.log_command:Invoked command in '/home/jone/ws_moveit/build/moveit_ros_robot_interaction' returned '0': AMENT_PREFIX_PATH=/home/jone/ws_moveit/install/moveit_ros_planning:/home/jone/ws_moveit/install/moveit_ros_occupancy_map_monitor:/home/jone/ws_moveit/install/moveit_core:/home/jone/ws_moveit/install/moveit_resources_panda_moveit_config:/home/jone/ws_moveit/install/moveit_configs_utils:/home/jone/ws_moveit/install/srdfdom:/home/jone/ws_moveit/install/moveit_resources_pr2_description:/home/jone/ws_moveit/install/moveit_resources_panda_description:/home/jone/ws_moveit/install/moveit_common:/home/jone/ws_moveit/install/launch_param_builder:${AMENT_PREFIX_PATH} CMAKE_PREFIX_PATH=/home/jone/ws_moveit/install/moveit_ros_planning:/home/jone/ws_moveit/install/moveit_ros_occupancy_map_monitor:/home/jone/ws_moveit/install/moveit_core:/home/jone/ws_moveit/install/moveit_resources_panda_moveit_config:/home/jone/ws_moveit/install/srdfdom:/home/jone/ws_moveit/install/moveit_resources_pr2_description:/home/jone/ws_moveit/install/moveit_resources_panda_description:/home/jone/ws_moveit/install/moveit_common:/opt/ros/humble LD_LIBRARY_PATH=/home/jone/ws_moveit/install/moveit_ros_planning/lib:/home/jone/ws_moveit/install/moveit_ros_occupancy_map_monitor/lib:/home/jone/ws_moveit/install/moveit_core/lib:/home/jone/ws_moveit/install/srdfdom/lib:/opt/ros/humble/opt/rviz_ogre_vendor/lib:/opt/ros/humble/lib/x86_64-linux-gnu:/opt/ros/humble/lib:/usr/lib/x86_64-linux-gnu/gazebo-11/plugins:/usr/lib/x86_64-linux-gnu/gazebo-11/plugins:/usr/lib/x86_64-linux-gnu/gazebo-11/plugins PATH=/home/jone/ws_moveit/install/moveit_core/bin:${PATH} PYTHONPATH=/home/jone/ws_moveit/install/moveit_configs_utils/lib/python3.10/site-packages:/home/jone/ws_moveit/install/srdfdom/local/lib/python3.10/dist-packages:/home/jone/ws_moveit/install/launch_param_builder/lib/python3.10/site-packages:${PYTHONPATH} /usr/bin/cmake --install /home/jone/ws_moveit/build/moveit_ros_robot_interaction
[24.534s] Level 1:colcon.colcon_core.environment:checking '/home/jone/ws_moveit/install/moveit_ros_robot_interaction' for CMake config files
[24.534s] Level 1:colcon.colcon_core.shell:create_environment_hook('moveit_ros_robot_interaction', 'cmake_prefix_path')
[24.534s] INFO:colcon.colcon_core.shell:Creating environment hook '/home/jone/ws_moveit/install/moveit_ros_robot_interaction/share/moveit_ros_robot_interaction/hook/cmake_prefix_path.ps1'
[24.535s] INFO:colcon.colcon_core.shell:Creating environment descriptor '/home/jone/ws_moveit/install/moveit_ros_robot_interaction/share/moveit_ros_robot_interaction/hook/cmake_prefix_path.dsv'
[24.535s] INFO:colcon.colcon_core.shell:Creating environment hook '/home/jone/ws_moveit/install/moveit_ros_robot_interaction/share/moveit_ros_robot_interaction/hook/cmake_prefix_path.sh'
[24.535s] Level 1:colcon.colcon_core.environment:checking '/home/jone/ws_moveit/install/moveit_ros_robot_interaction/lib'
[24.535s] Level 1:colcon.colcon_core.shell:create_environment_hook('moveit_ros_robot_interaction', 'ld_library_path_lib')
[24.535s] INFO:colcon.colcon_core.shell:Creating environment hook '/home/jone/ws_moveit/install/moveit_ros_robot_interaction/share/moveit_ros_robot_interaction/hook/ld_library_path_lib.ps1'
[24.536s] INFO:colcon.colcon_core.shell:Creating environment descriptor '/home/jone/ws_moveit/install/moveit_ros_robot_interaction/share/moveit_ros_robot_interaction/hook/ld_library_path_lib.dsv'
[24.536s] INFO:colcon.colcon_core.shell:Creating environment hook '/home/jone/ws_moveit/install/moveit_ros_robot_interaction/share/moveit_ros_robot_interaction/hook/ld_library_path_lib.sh'
[24.536s] Level 1:colcon.colcon_core.environment:checking '/home/jone/ws_moveit/install/moveit_ros_robot_interaction/bin'
[24.536s] Level 1:colcon.colcon_core.environment:checking '/home/jone/ws_moveit/install/moveit_ros_robot_interaction/lib/pkgconfig/moveit_ros_robot_interaction.pc'
[24.537s] Level 1:colcon.colcon_core.environment:checking '/home/jone/ws_moveit/install/moveit_ros_robot_interaction/lib/python3.10/site-packages'
[24.537s] Level 1:colcon.colcon_core.environment:checking '/home/jone/ws_moveit/install/moveit_ros_robot_interaction/bin'
[24.537s] INFO:colcon.colcon_core.shell:Creating package script '/home/jone/ws_moveit/install/moveit_ros_robot_interaction/share/moveit_ros_robot_interaction/package.ps1'
[24.537s] INFO:colcon.colcon_core.shell:Creating package descriptor '/home/jone/ws_moveit/install/moveit_ros_robot_interaction/share/moveit_ros_robot_interaction/package.dsv'
[24.538s] INFO:colcon.colcon_core.shell:Creating package script '/home/jone/ws_moveit/install/moveit_ros_robot_interaction/share/moveit_ros_robot_interaction/package.sh'
[24.538s] INFO:colcon.colcon_core.shell:Creating package script '/home/jone/ws_moveit/install/moveit_ros_robot_interaction/share/moveit_ros_robot_interaction/package.bash'
[24.538s] INFO:colcon.colcon_core.shell:Creating package script '/home/jone/ws_moveit/install/moveit_ros_robot_interaction/share/moveit_ros_robot_interaction/package.zsh'
[24.538s] Level 1:colcon.colcon_core.environment:create_file_with_runtime_dependencies(/home/jone/ws_moveit/install/moveit_ros_robot_interaction/share/colcon-core/packages/moveit_ros_robot_interaction)
[24.539s] Level 1:colcon.colcon_core.environment:create_environment_scripts_only(moveit_ros_robot_interaction)
[24.539s] Level 1:colcon.colcon_core.environment:checking '/home/jone/ws_moveit/install/moveit_ros_robot_interaction' for CMake module files
[24.539s] Level 1:colcon.colcon_core.environment:checking '/home/jone/ws_moveit/install/moveit_ros_robot_interaction' for CMake config files
[24.540s] Level 1:colcon.colcon_core.shell:create_environment_hook('moveit_ros_robot_interaction', 'cmake_prefix_path')
[24.540s] INFO:colcon.colcon_core.shell:Creating environment hook '/home/jone/ws_moveit/install/moveit_ros_robot_interaction/share/moveit_ros_robot_interaction/hook/cmake_prefix_path.ps1'
[24.540s] INFO:colcon.colcon_core.shell:Creating environment descriptor '/home/jone/ws_moveit/install/moveit_ros_robot_interaction/share/moveit_ros_robot_interaction/hook/cmake_prefix_path.dsv'
[24.540s] INFO:colcon.colcon_core.shell:Creating environment hook '/home/jone/ws_moveit/install/moveit_ros_robot_interaction/share/moveit_ros_robot_interaction/hook/cmake_prefix_path.sh'
[24.541s] Level 1:colcon.colcon_core.environment:checking '/home/jone/ws_moveit/install/moveit_ros_robot_interaction/lib'
[24.541s] Level 1:colcon.colcon_core.shell:create_environment_hook('moveit_ros_robot_interaction', 'ld_library_path_lib')
[24.541s] INFO:colcon.colcon_core.shell:Creating environment hook '/home/jone/ws_moveit/install/moveit_ros_robot_interaction/share/moveit_ros_robot_interaction/hook/ld_library_path_lib.ps1'
[24.541s] INFO:colcon.colcon_core.shell:Creating environment descriptor '/home/jone/ws_moveit/install/moveit_ros_robot_interaction/share/moveit_ros_robot_interaction/hook/ld_library_path_lib.dsv'
[24.541s] INFO:colcon.colcon_core.shell:Creating environment hook '/home/jone/ws_moveit/install/moveit_ros_robot_interaction/share/moveit_ros_robot_interaction/hook/ld_library_path_lib.sh'
[24.542s] Level 1:colcon.colcon_core.environment:checking '/home/jone/ws_moveit/install/moveit_ros_robot_interaction/bin'
[24.542s] Level 1:colcon.colcon_core.environment:checking '/home/jone/ws_moveit/install/moveit_ros_robot_interaction/lib/pkgconfig/moveit_ros_robot_interaction.pc'
[24.542s] Level 1:colcon.colcon_core.environment:checking '/home/jone/ws_moveit/install/moveit_ros_robot_interaction/lib/python3.10/site-packages'
[24.542s] Level 1:colcon.colcon_core.environment:checking '/home/jone/ws_moveit/install/moveit_ros_robot_interaction/bin'
[24.542s] INFO:colcon.colcon_core.shell:Creating package script '/home/jone/ws_moveit/install/moveit_ros_robot_interaction/share/moveit_ros_robot_interaction/package.ps1'
[24.543s] INFO:colcon.colcon_core.shell:Creating package descriptor '/home/jone/ws_moveit/install/moveit_ros_robot_interaction/share/moveit_ros_robot_interaction/package.dsv'
[24.543s] INFO:colcon.colcon_core.shell:Creating package script '/home/jone/ws_moveit/install/moveit_ros_robot_interaction/share/moveit_ros_robot_interaction/package.sh'
[24.543s] INFO:colcon.colcon_core.shell:Creating package script '/home/jone/ws_moveit/install/moveit_ros_robot_interaction/share/moveit_ros_robot_interaction/package.bash'
[24.544s] INFO:colcon.colcon_core.shell:Creating package script '/home/jone/ws_moveit/install/moveit_ros_robot_interaction/share/moveit_ros_robot_interaction/package.zsh'
[24.544s] Level 1:colcon.colcon_core.environment:create_file_with_runtime_dependencies(/home/jone/ws_moveit/install/moveit_ros_robot_interaction/share/colcon-core/packages/moveit_ros_robot_interaction)
[24.544s] DEBUG:colcon.colcon_core.executor.sequential:run_until_complete 'moveit_ros_robot_interaction' finished with '0'
[24.544s] DEBUG:colcon.colcon_core.executor.sequential:run_until_complete 'moveit_ros_warehouse'
[24.544s] INFO:colcon.colcon_ros.task.ament_cmake.build:Building ROS package in '/home/jone/ws_moveit/src/moveit2/moveit_ros/warehouse' with build type 'ament_cmake'
[24.544s] INFO:colcon.colcon_cmake.task.cmake.build:Building CMake package in '/home/jone/ws_moveit/src/moveit2/moveit_ros/warehouse'
[24.544s] INFO:colcon.colcon_core.shell:Skip shell extension 'powershell' for command environment: Not usable outside of PowerShell
[24.544s] DEBUG:colcon.colcon_core.shell:Skip shell extension 'dsv' for command environment
[24.564s] DEBUG:colcon.colcon_core.event_handler.log_command:Invoking command in '/home/jone/ws_moveit/build/moveit_ros_warehouse': AMENT_PREFIX_PATH=/home/jone/ws_moveit/install/moveit_ros_planning:/home/jone/ws_moveit/install/moveit_ros_occupancy_map_monitor:/home/jone/ws_moveit/install/moveit_core:/home/jone/ws_moveit/install/moveit_resources_panda_moveit_config:/home/jone/ws_moveit/install/moveit_configs_utils:/home/jone/ws_moveit/install/srdfdom:/home/jone/ws_moveit/install/moveit_resources_pr2_description:/home/jone/ws_moveit/install/moveit_resources_panda_description:/home/jone/ws_moveit/install/moveit_common:/home/jone/ws_moveit/install/launch_param_builder:${AMENT_PREFIX_PATH} CMAKE_PREFIX_PATH=/home/jone/ws_moveit/install/moveit_ros_planning:/home/jone/ws_moveit/install/moveit_ros_occupancy_map_monitor:/home/jone/ws_moveit/install/moveit_core:/home/jone/ws_moveit/install/moveit_resources_panda_moveit_config:/home/jone/ws_moveit/install/srdfdom:/home/jone/ws_moveit/install/moveit_resources_pr2_description:/home/jone/ws_moveit/install/moveit_resources_panda_description:/home/jone/ws_moveit/install/moveit_common:/opt/ros/humble LD_LIBRARY_PATH=/home/jone/ws_moveit/install/moveit_ros_planning/lib:/home/jone/ws_moveit/install/moveit_ros_occupancy_map_monitor/lib:/home/jone/ws_moveit/install/moveit_core/lib:/home/jone/ws_moveit/install/srdfdom/lib:/opt/ros/humble/opt/rviz_ogre_vendor/lib:/opt/ros/humble/lib/x86_64-linux-gnu:/opt/ros/humble/lib:/usr/lib/x86_64-linux-gnu/gazebo-11/plugins:/usr/lib/x86_64-linux-gnu/gazebo-11/plugins:/usr/lib/x86_64-linux-gnu/gazebo-11/plugins PATH=/home/jone/ws_moveit/install/moveit_core/bin:${PATH} PYTHONPATH=/home/jone/ws_moveit/install/moveit_configs_utils/lib/python3.10/site-packages:/home/jone/ws_moveit/install/srdfdom/local/lib/python3.10/dist-packages:/home/jone/ws_moveit/install/launch_param_builder/lib/python3.10/site-packages:${PYTHONPATH} /usr/bin/cmake /home/jone/ws_moveit/src/moveit2/moveit_ros/warehouse -DCMAKE_INSTALL_PREFIX=/home/jone/ws_moveit/install/moveit_ros_warehouse
[25.430s] DEBUG:colcon.colcon_core.event_handler.log_command:Invoked command in '/home/jone/ws_moveit/build/moveit_ros_warehouse' returned '0': AMENT_PREFIX_PATH=/home/jone/ws_moveit/install/moveit_ros_planning:/home/jone/ws_moveit/install/moveit_ros_occupancy_map_monitor:/home/jone/ws_moveit/install/moveit_core:/home/jone/ws_moveit/install/moveit_resources_panda_moveit_config:/home/jone/ws_moveit/install/moveit_configs_utils:/home/jone/ws_moveit/install/srdfdom:/home/jone/ws_moveit/install/moveit_resources_pr2_description:/home/jone/ws_moveit/install/moveit_resources_panda_description:/home/jone/ws_moveit/install/moveit_common:/home/jone/ws_moveit/install/launch_param_builder:${AMENT_PREFIX_PATH} CMAKE_PREFIX_PATH=/home/jone/ws_moveit/install/moveit_ros_planning:/home/jone/ws_moveit/install/moveit_ros_occupancy_map_monitor:/home/jone/ws_moveit/install/moveit_core:/home/jone/ws_moveit/install/moveit_resources_panda_moveit_config:/home/jone/ws_moveit/install/srdfdom:/home/jone/ws_moveit/install/moveit_resources_pr2_description:/home/jone/ws_moveit/install/moveit_resources_panda_description:/home/jone/ws_moveit/install/moveit_common:/opt/ros/humble LD_LIBRARY_PATH=/home/jone/ws_moveit/install/moveit_ros_planning/lib:/home/jone/ws_moveit/install/moveit_ros_occupancy_map_monitor/lib:/home/jone/ws_moveit/install/moveit_core/lib:/home/jone/ws_moveit/install/srdfdom/lib:/opt/ros/humble/opt/rviz_ogre_vendor/lib:/opt/ros/humble/lib/x86_64-linux-gnu:/opt/ros/humble/lib:/usr/lib/x86_64-linux-gnu/gazebo-11/plugins:/usr/lib/x86_64-linux-gnu/gazebo-11/plugins:/usr/lib/x86_64-linux-gnu/gazebo-11/plugins PATH=/home/jone/ws_moveit/install/moveit_core/bin:${PATH} PYTHONPATH=/home/jone/ws_moveit/install/moveit_configs_utils/lib/python3.10/site-packages:/home/jone/ws_moveit/install/srdfdom/local/lib/python3.10/dist-packages:/home/jone/ws_moveit/install/launch_param_builder/lib/python3.10/site-packages:${PYTHONPATH} /usr/bin/cmake /home/jone/ws_moveit/src/moveit2/moveit_ros/warehouse -DCMAKE_INSTALL_PREFIX=/home/jone/ws_moveit/install/moveit_ros_warehouse
[25.431s] DEBUG:colcon.colcon_core.event_handler.log_command:Invoking command in '/home/jone/ws_moveit/build/moveit_ros_warehouse': AMENT_PREFIX_PATH=/home/jone/ws_moveit/install/moveit_ros_planning:/home/jone/ws_moveit/install/moveit_ros_occupancy_map_monitor:/home/jone/ws_moveit/install/moveit_core:/home/jone/ws_moveit/install/moveit_resources_panda_moveit_config:/home/jone/ws_moveit/install/moveit_configs_utils:/home/jone/ws_moveit/install/srdfdom:/home/jone/ws_moveit/install/moveit_resources_pr2_description:/home/jone/ws_moveit/install/moveit_resources_panda_description:/home/jone/ws_moveit/install/moveit_common:/home/jone/ws_moveit/install/launch_param_builder:${AMENT_PREFIX_PATH} CMAKE_PREFIX_PATH=/home/jone/ws_moveit/install/moveit_ros_planning:/home/jone/ws_moveit/install/moveit_ros_occupancy_map_monitor:/home/jone/ws_moveit/install/moveit_core:/home/jone/ws_moveit/install/moveit_resources_panda_moveit_config:/home/jone/ws_moveit/install/srdfdom:/home/jone/ws_moveit/install/moveit_resources_pr2_description:/home/jone/ws_moveit/install/moveit_resources_panda_description:/home/jone/ws_moveit/install/moveit_common:/opt/ros/humble LD_LIBRARY_PATH=/home/jone/ws_moveit/install/moveit_ros_planning/lib:/home/jone/ws_moveit/install/moveit_ros_occupancy_map_monitor/lib:/home/jone/ws_moveit/install/moveit_core/lib:/home/jone/ws_moveit/install/srdfdom/lib:/opt/ros/humble/opt/rviz_ogre_vendor/lib:/opt/ros/humble/lib/x86_64-linux-gnu:/opt/ros/humble/lib:/usr/lib/x86_64-linux-gnu/gazebo-11/plugins:/usr/lib/x86_64-linux-gnu/gazebo-11/plugins:/usr/lib/x86_64-linux-gnu/gazebo-11/plugins PATH=/home/jone/ws_moveit/install/moveit_core/bin:${PATH} PYTHONPATH=/home/jone/ws_moveit/install/moveit_configs_utils/lib/python3.10/site-packages:/home/jone/ws_moveit/install/srdfdom/local/lib/python3.10/dist-packages:/home/jone/ws_moveit/install/launch_param_builder/lib/python3.10/site-packages:${PYTHONPATH} /usr/bin/cmake --build /home/jone/ws_moveit/build/moveit_ros_warehouse -- -j16 -l16
[25.565s] DEBUG:colcon.colcon_core.event_handler.log_command:Invoked command in '/home/jone/ws_moveit/build/moveit_ros_warehouse' returned '0': AMENT_PREFIX_PATH=/home/jone/ws_moveit/install/moveit_ros_planning:/home/jone/ws_moveit/install/moveit_ros_occupancy_map_monitor:/home/jone/ws_moveit/install/moveit_core:/home/jone/ws_moveit/install/moveit_resources_panda_moveit_config:/home/jone/ws_moveit/install/moveit_configs_utils:/home/jone/ws_moveit/install/srdfdom:/home/jone/ws_moveit/install/moveit_resources_pr2_description:/home/jone/ws_moveit/install/moveit_resources_panda_description:/home/jone/ws_moveit/install/moveit_common:/home/jone/ws_moveit/install/launch_param_builder:${AMENT_PREFIX_PATH} CMAKE_PREFIX_PATH=/home/jone/ws_moveit/install/moveit_ros_planning:/home/jone/ws_moveit/install/moveit_ros_occupancy_map_monitor:/home/jone/ws_moveit/install/moveit_core:/home/jone/ws_moveit/install/moveit_resources_panda_moveit_config:/home/jone/ws_moveit/install/srdfdom:/home/jone/ws_moveit/install/moveit_resources_pr2_description:/home/jone/ws_moveit/install/moveit_resources_panda_description:/home/jone/ws_moveit/install/moveit_common:/opt/ros/humble LD_LIBRARY_PATH=/home/jone/ws_moveit/install/moveit_ros_planning/lib:/home/jone/ws_moveit/install/moveit_ros_occupancy_map_monitor/lib:/home/jone/ws_moveit/install/moveit_core/lib:/home/jone/ws_moveit/install/srdfdom/lib:/opt/ros/humble/opt/rviz_ogre_vendor/lib:/opt/ros/humble/lib/x86_64-linux-gnu:/opt/ros/humble/lib:/usr/lib/x86_64-linux-gnu/gazebo-11/plugins:/usr/lib/x86_64-linux-gnu/gazebo-11/plugins:/usr/lib/x86_64-linux-gnu/gazebo-11/plugins PATH=/home/jone/ws_moveit/install/moveit_core/bin:${PATH} PYTHONPATH=/home/jone/ws_moveit/install/moveit_configs_utils/lib/python3.10/site-packages:/home/jone/ws_moveit/install/srdfdom/local/lib/python3.10/dist-packages:/home/jone/ws_moveit/install/launch_param_builder/lib/python3.10/site-packages:${PYTHONPATH} /usr/bin/cmake --build /home/jone/ws_moveit/build/moveit_ros_warehouse -- -j16 -l16
[25.580s] DEBUG:colcon.colcon_core.event_handler.log_command:Invoking command in '/home/jone/ws_moveit/build/moveit_ros_warehouse': AMENT_PREFIX_PATH=/home/jone/ws_moveit/install/moveit_ros_planning:/home/jone/ws_moveit/install/moveit_ros_occupancy_map_monitor:/home/jone/ws_moveit/install/moveit_core:/home/jone/ws_moveit/install/moveit_resources_panda_moveit_config:/home/jone/ws_moveit/install/moveit_configs_utils:/home/jone/ws_moveit/install/srdfdom:/home/jone/ws_moveit/install/moveit_resources_pr2_description:/home/jone/ws_moveit/install/moveit_resources_panda_description:/home/jone/ws_moveit/install/moveit_common:/home/jone/ws_moveit/install/launch_param_builder:${AMENT_PREFIX_PATH} CMAKE_PREFIX_PATH=/home/jone/ws_moveit/install/moveit_ros_planning:/home/jone/ws_moveit/install/moveit_ros_occupancy_map_monitor:/home/jone/ws_moveit/install/moveit_core:/home/jone/ws_moveit/install/moveit_resources_panda_moveit_config:/home/jone/ws_moveit/install/srdfdom:/home/jone/ws_moveit/install/moveit_resources_pr2_description:/home/jone/ws_moveit/install/moveit_resources_panda_description:/home/jone/ws_moveit/install/moveit_common:/opt/ros/humble LD_LIBRARY_PATH=/home/jone/ws_moveit/install/moveit_ros_planning/lib:/home/jone/ws_moveit/install/moveit_ros_occupancy_map_monitor/lib:/home/jone/ws_moveit/install/moveit_core/lib:/home/jone/ws_moveit/install/srdfdom/lib:/opt/ros/humble/opt/rviz_ogre_vendor/lib:/opt/ros/humble/lib/x86_64-linux-gnu:/opt/ros/humble/lib:/usr/lib/x86_64-linux-gnu/gazebo-11/plugins:/usr/lib/x86_64-linux-gnu/gazebo-11/plugins:/usr/lib/x86_64-linux-gnu/gazebo-11/plugins PATH=/home/jone/ws_moveit/install/moveit_core/bin:${PATH} PYTHONPATH=/home/jone/ws_moveit/install/moveit_configs_utils/lib/python3.10/site-packages:/home/jone/ws_moveit/install/srdfdom/local/lib/python3.10/dist-packages:/home/jone/ws_moveit/install/launch_param_builder/lib/python3.10/site-packages:${PYTHONPATH} /usr/bin/cmake --install /home/jone/ws_moveit/build/moveit_ros_warehouse
[25.596s] Level 1:colcon.colcon_core.environment:create_environment_scripts_only(moveit_ros_warehouse)
[25.597s] Level 1:colcon.colcon_core.environment:checking '/home/jone/ws_moveit/install/moveit_ros_warehouse' for CMake module files
[25.597s] DEBUG:colcon.colcon_core.event_handler.log_command:Invoked command in '/home/jone/ws_moveit/build/moveit_ros_warehouse' returned '0': AMENT_PREFIX_PATH=/home/jone/ws_moveit/install/moveit_ros_planning:/home/jone/ws_moveit/install/moveit_ros_occupancy_map_monitor:/home/jone/ws_moveit/install/moveit_core:/home/jone/ws_moveit/install/moveit_resources_panda_moveit_config:/home/jone/ws_moveit/install/moveit_configs_utils:/home/jone/ws_moveit/install/srdfdom:/home/jone/ws_moveit/install/moveit_resources_pr2_description:/home/jone/ws_moveit/install/moveit_resources_panda_description:/home/jone/ws_moveit/install/moveit_common:/home/jone/ws_moveit/install/launch_param_builder:${AMENT_PREFIX_PATH} CMAKE_PREFIX_PATH=/home/jone/ws_moveit/install/moveit_ros_planning:/home/jone/ws_moveit/install/moveit_ros_occupancy_map_monitor:/home/jone/ws_moveit/install/moveit_core:/home/jone/ws_moveit/install/moveit_resources_panda_moveit_config:/home/jone/ws_moveit/install/srdfdom:/home/jone/ws_moveit/install/moveit_resources_pr2_description:/home/jone/ws_moveit/install/moveit_resources_panda_description:/home/jone/ws_moveit/install/moveit_common:/opt/ros/humble LD_LIBRARY_PATH=/home/jone/ws_moveit/install/moveit_ros_planning/lib:/home/jone/ws_moveit/install/moveit_ros_occupancy_map_monitor/lib:/home/jone/ws_moveit/install/moveit_core/lib:/home/jone/ws_moveit/install/srdfdom/lib:/opt/ros/humble/opt/rviz_ogre_vendor/lib:/opt/ros/humble/lib/x86_64-linux-gnu:/opt/ros/humble/lib:/usr/lib/x86_64-linux-gnu/gazebo-11/plugins:/usr/lib/x86_64-linux-gnu/gazebo-11/plugins:/usr/lib/x86_64-linux-gnu/gazebo-11/plugins PATH=/home/jone/ws_moveit/install/moveit_core/bin:${PATH} PYTHONPATH=/home/jone/ws_moveit/install/moveit_configs_utils/lib/python3.10/site-packages:/home/jone/ws_moveit/install/srdfdom/local/lib/python3.10/dist-packages:/home/jone/ws_moveit/install/launch_param_builder/lib/python3.10/site-packages:${PYTHONPATH} /usr/bin/cmake --install /home/jone/ws_moveit/build/moveit_ros_warehouse
[25.597s] Level 1:colcon.colcon_core.environment:checking '/home/jone/ws_moveit/install/moveit_ros_warehouse' for CMake config files
[25.598s] Level 1:colcon.colcon_core.shell:create_environment_hook('moveit_ros_warehouse', 'cmake_prefix_path')
[25.598s] INFO:colcon.colcon_core.shell:Creating environment hook '/home/jone/ws_moveit/install/moveit_ros_warehouse/share/moveit_ros_warehouse/hook/cmake_prefix_path.ps1'
[25.598s] INFO:colcon.colcon_core.shell:Creating environment descriptor '/home/jone/ws_moveit/install/moveit_ros_warehouse/share/moveit_ros_warehouse/hook/cmake_prefix_path.dsv'
[25.598s] INFO:colcon.colcon_core.shell:Creating environment hook '/home/jone/ws_moveit/install/moveit_ros_warehouse/share/moveit_ros_warehouse/hook/cmake_prefix_path.sh'
[25.599s] Level 1:colcon.colcon_core.environment:checking '/home/jone/ws_moveit/install/moveit_ros_warehouse/lib'
[25.599s] Level 1:colcon.colcon_core.shell:create_environment_hook('moveit_ros_warehouse', 'ld_library_path_lib')
[25.599s] INFO:colcon.colcon_core.shell:Creating environment hook '/home/jone/ws_moveit/install/moveit_ros_warehouse/share/moveit_ros_warehouse/hook/ld_library_path_lib.ps1'
[25.599s] INFO:colcon.colcon_core.shell:Creating environment descriptor '/home/jone/ws_moveit/install/moveit_ros_warehouse/share/moveit_ros_warehouse/hook/ld_library_path_lib.dsv'
[25.599s] INFO:colcon.colcon_core.shell:Creating environment hook '/home/jone/ws_moveit/install/moveit_ros_warehouse/share/moveit_ros_warehouse/hook/ld_library_path_lib.sh'
[25.600s] Level 1:colcon.colcon_core.environment:checking '/home/jone/ws_moveit/install/moveit_ros_warehouse/bin'
[25.600s] Level 1:colcon.colcon_core.environment:checking '/home/jone/ws_moveit/install/moveit_ros_warehouse/lib/pkgconfig/moveit_ros_warehouse.pc'
[25.600s] Level 1:colcon.colcon_core.environment:checking '/home/jone/ws_moveit/install/moveit_ros_warehouse/lib/python3.10/site-packages'
[25.600s] Level 1:colcon.colcon_core.environment:checking '/home/jone/ws_moveit/install/moveit_ros_warehouse/bin'
[25.600s] INFO:colcon.colcon_core.shell:Creating package script '/home/jone/ws_moveit/install/moveit_ros_warehouse/share/moveit_ros_warehouse/package.ps1'
[25.601s] INFO:colcon.colcon_core.shell:Creating package descriptor '/home/jone/ws_moveit/install/moveit_ros_warehouse/share/moveit_ros_warehouse/package.dsv'
[25.601s] INFO:colcon.colcon_core.shell:Creating package script '/home/jone/ws_moveit/install/moveit_ros_warehouse/share/moveit_ros_warehouse/package.sh'
[25.601s] INFO:colcon.colcon_core.shell:Creating package script '/home/jone/ws_moveit/install/moveit_ros_warehouse/share/moveit_ros_warehouse/package.bash'
[25.602s] INFO:colcon.colcon_core.shell:Creating package script '/home/jone/ws_moveit/install/moveit_ros_warehouse/share/moveit_ros_warehouse/package.zsh'
[25.602s] Level 1:colcon.colcon_core.environment:create_file_with_runtime_dependencies(/home/jone/ws_moveit/install/moveit_ros_warehouse/share/colcon-core/packages/moveit_ros_warehouse)
[25.603s] Level 1:colcon.colcon_core.environment:create_environment_scripts_only(moveit_ros_warehouse)
[25.603s] Level 1:colcon.colcon_core.environment:checking '/home/jone/ws_moveit/install/moveit_ros_warehouse' for CMake module files
[25.603s] Level 1:colcon.colcon_core.environment:checking '/home/jone/ws_moveit/install/moveit_ros_warehouse' for CMake config files
[25.604s] Level 1:colcon.colcon_core.shell:create_environment_hook('moveit_ros_warehouse', 'cmake_prefix_path')
[25.604s] INFO:colcon.colcon_core.shell:Creating environment hook '/home/jone/ws_moveit/install/moveit_ros_warehouse/share/moveit_ros_warehouse/hook/cmake_prefix_path.ps1'
[25.604s] INFO:colcon.colcon_core.shell:Creating environment descriptor '/home/jone/ws_moveit/install/moveit_ros_warehouse/share/moveit_ros_warehouse/hook/cmake_prefix_path.dsv'
[25.604s] INFO:colcon.colcon_core.shell:Creating environment hook '/home/jone/ws_moveit/install/moveit_ros_warehouse/share/moveit_ros_warehouse/hook/cmake_prefix_path.sh'
[25.605s] Level 1:colcon.colcon_core.environment:checking '/home/jone/ws_moveit/install/moveit_ros_warehouse/lib'
[25.605s] Level 1:colcon.colcon_core.shell:create_environment_hook('moveit_ros_warehouse', 'ld_library_path_lib')
[25.605s] INFO:colcon.colcon_core.shell:Creating environment hook '/home/jone/ws_moveit/install/moveit_ros_warehouse/share/moveit_ros_warehouse/hook/ld_library_path_lib.ps1'
[25.605s] INFO:colcon.colcon_core.shell:Creating environment descriptor '/home/jone/ws_moveit/install/moveit_ros_warehouse/share/moveit_ros_warehouse/hook/ld_library_path_lib.dsv'
[25.605s] INFO:colcon.colcon_core.shell:Creating environment hook '/home/jone/ws_moveit/install/moveit_ros_warehouse/share/moveit_ros_warehouse/hook/ld_library_path_lib.sh'
[25.606s] Level 1:colcon.colcon_core.environment:checking '/home/jone/ws_moveit/install/moveit_ros_warehouse/bin'
[25.606s] Level 1:colcon.colcon_core.environment:checking '/home/jone/ws_moveit/install/moveit_ros_warehouse/lib/pkgconfig/moveit_ros_warehouse.pc'
[25.606s] Level 1:colcon.colcon_core.environment:checking '/home/jone/ws_moveit/install/moveit_ros_warehouse/lib/python3.10/site-packages'
[25.606s] Level 1:colcon.colcon_core.environment:checking '/home/jone/ws_moveit/install/moveit_ros_warehouse/bin'
[25.606s] INFO:colcon.colcon_core.shell:Creating package script '/home/jone/ws_moveit/install/moveit_ros_warehouse/share/moveit_ros_warehouse/package.ps1'
[25.607s] INFO:colcon.colcon_core.shell:Creating package descriptor '/home/jone/ws_moveit/install/moveit_ros_warehouse/share/moveit_ros_warehouse/package.dsv'
[25.608s] INFO:colcon.colcon_core.shell:Creating package script '/home/jone/ws_moveit/install/moveit_ros_warehouse/share/moveit_ros_warehouse/package.sh'
[25.608s] INFO:colcon.colcon_core.shell:Creating package script '/home/jone/ws_moveit/install/moveit_ros_warehouse/share/moveit_ros_warehouse/package.bash'
[25.608s] INFO:colcon.colcon_core.shell:Creating package script '/home/jone/ws_moveit/install/moveit_ros_warehouse/share/moveit_ros_warehouse/package.zsh'
[25.609s] Level 1:colcon.colcon_core.environment:create_file_with_runtime_dependencies(/home/jone/ws_moveit/install/moveit_ros_warehouse/share/colcon-core/packages/moveit_ros_warehouse)
[25.609s] DEBUG:colcon.colcon_core.executor.sequential:run_until_complete 'moveit_ros_warehouse' finished with '0'
[25.609s] DEBUG:colcon.colcon_core.executor.sequential:run_until_complete 'moveit_visual_tools'
[25.609s] INFO:colcon.colcon_ros.task.ament_cmake.build:Building ROS package in '/home/jone/ws_moveit/src/moveit_visual_tools' with build type 'ament_cmake'
[25.609s] INFO:colcon.colcon_cmake.task.cmake.build:Building CMake package in '/home/jone/ws_moveit/src/moveit_visual_tools'
[25.610s] INFO:colcon.colcon_core.shell:Skip shell extension 'powershell' for command environment: Not usable outside of PowerShell
[25.610s] DEBUG:colcon.colcon_core.shell:Skip shell extension 'dsv' for command environment
[25.629s] DEBUG:colcon.colcon_core.event_handler.log_command:Invoking command in '/home/jone/ws_moveit/build/moveit_visual_tools': AMENT_PREFIX_PATH=/home/jone/ws_moveit/install/moveit_ros_planning:/home/jone/ws_moveit/install/moveit_ros_occupancy_map_monitor:/home/jone/ws_moveit/install/moveit_core:/home/jone/ws_moveit/install/moveit_resources_panda_moveit_config:/home/jone/ws_moveit/install/moveit_configs_utils:/home/jone/ws_moveit/install/srdfdom:/home/jone/ws_moveit/install/moveit_resources_pr2_description:/home/jone/ws_moveit/install/moveit_resources_panda_description:/home/jone/ws_moveit/install/moveit_common:/home/jone/ws_moveit/install/launch_param_builder:${AMENT_PREFIX_PATH} CMAKE_PREFIX_PATH=/home/jone/ws_moveit/install/moveit_ros_planning:/home/jone/ws_moveit/install/moveit_ros_occupancy_map_monitor:/home/jone/ws_moveit/install/moveit_core:/home/jone/ws_moveit/install/moveit_resources_panda_moveit_config:/home/jone/ws_moveit/install/srdfdom:/home/jone/ws_moveit/install/moveit_resources_pr2_description:/home/jone/ws_moveit/install/moveit_resources_panda_description:/home/jone/ws_moveit/install/moveit_common:/opt/ros/humble LD_LIBRARY_PATH=/home/jone/ws_moveit/install/moveit_ros_planning/lib:/home/jone/ws_moveit/install/moveit_ros_occupancy_map_monitor/lib:/home/jone/ws_moveit/install/moveit_core/lib:/home/jone/ws_moveit/install/srdfdom/lib:/opt/ros/humble/opt/rviz_ogre_vendor/lib:/opt/ros/humble/lib/x86_64-linux-gnu:/opt/ros/humble/lib:/usr/lib/x86_64-linux-gnu/gazebo-11/plugins:/usr/lib/x86_64-linux-gnu/gazebo-11/plugins:/usr/lib/x86_64-linux-gnu/gazebo-11/plugins PATH=/home/jone/ws_moveit/install/moveit_core/bin:${PATH} PYTHONPATH=/home/jone/ws_moveit/install/moveit_configs_utils/lib/python3.10/site-packages:/home/jone/ws_moveit/install/srdfdom/local/lib/python3.10/dist-packages:/home/jone/ws_moveit/install/launch_param_builder/lib/python3.10/site-packages:${PYTHONPATH} /usr/bin/cmake /home/jone/ws_moveit/src/moveit_visual_tools -DCMAKE_INSTALL_PREFIX=/home/jone/ws_moveit/install/moveit_visual_tools
[26.626s] DEBUG:colcon.colcon_core.event_handler.log_command:Invoked command in '/home/jone/ws_moveit/build/moveit_visual_tools' returned '0': AMENT_PREFIX_PATH=/home/jone/ws_moveit/install/moveit_ros_planning:/home/jone/ws_moveit/install/moveit_ros_occupancy_map_monitor:/home/jone/ws_moveit/install/moveit_core:/home/jone/ws_moveit/install/moveit_resources_panda_moveit_config:/home/jone/ws_moveit/install/moveit_configs_utils:/home/jone/ws_moveit/install/srdfdom:/home/jone/ws_moveit/install/moveit_resources_pr2_description:/home/jone/ws_moveit/install/moveit_resources_panda_description:/home/jone/ws_moveit/install/moveit_common:/home/jone/ws_moveit/install/launch_param_builder:${AMENT_PREFIX_PATH} CMAKE_PREFIX_PATH=/home/jone/ws_moveit/install/moveit_ros_planning:/home/jone/ws_moveit/install/moveit_ros_occupancy_map_monitor:/home/jone/ws_moveit/install/moveit_core:/home/jone/ws_moveit/install/moveit_resources_panda_moveit_config:/home/jone/ws_moveit/install/srdfdom:/home/jone/ws_moveit/install/moveit_resources_pr2_description:/home/jone/ws_moveit/install/moveit_resources_panda_description:/home/jone/ws_moveit/install/moveit_common:/opt/ros/humble LD_LIBRARY_PATH=/home/jone/ws_moveit/install/moveit_ros_planning/lib:/home/jone/ws_moveit/install/moveit_ros_occupancy_map_monitor/lib:/home/jone/ws_moveit/install/moveit_core/lib:/home/jone/ws_moveit/install/srdfdom/lib:/opt/ros/humble/opt/rviz_ogre_vendor/lib:/opt/ros/humble/lib/x86_64-linux-gnu:/opt/ros/humble/lib:/usr/lib/x86_64-linux-gnu/gazebo-11/plugins:/usr/lib/x86_64-linux-gnu/gazebo-11/plugins:/usr/lib/x86_64-linux-gnu/gazebo-11/plugins PATH=/home/jone/ws_moveit/install/moveit_core/bin:${PATH} PYTHONPATH=/home/jone/ws_moveit/install/moveit_configs_utils/lib/python3.10/site-packages:/home/jone/ws_moveit/install/srdfdom/local/lib/python3.10/dist-packages:/home/jone/ws_moveit/install/launch_param_builder/lib/python3.10/site-packages:${PYTHONPATH} /usr/bin/cmake /home/jone/ws_moveit/src/moveit_visual_tools -DCMAKE_INSTALL_PREFIX=/home/jone/ws_moveit/install/moveit_visual_tools
[26.627s] DEBUG:colcon.colcon_core.event_handler.log_command:Invoking command in '/home/jone/ws_moveit/build/moveit_visual_tools': AMENT_PREFIX_PATH=/home/jone/ws_moveit/install/moveit_ros_planning:/home/jone/ws_moveit/install/moveit_ros_occupancy_map_monitor:/home/jone/ws_moveit/install/moveit_core:/home/jone/ws_moveit/install/moveit_resources_panda_moveit_config:/home/jone/ws_moveit/install/moveit_configs_utils:/home/jone/ws_moveit/install/srdfdom:/home/jone/ws_moveit/install/moveit_resources_pr2_description:/home/jone/ws_moveit/install/moveit_resources_panda_description:/home/jone/ws_moveit/install/moveit_common:/home/jone/ws_moveit/install/launch_param_builder:${AMENT_PREFIX_PATH} CMAKE_PREFIX_PATH=/home/jone/ws_moveit/install/moveit_ros_planning:/home/jone/ws_moveit/install/moveit_ros_occupancy_map_monitor:/home/jone/ws_moveit/install/moveit_core:/home/jone/ws_moveit/install/moveit_resources_panda_moveit_config:/home/jone/ws_moveit/install/srdfdom:/home/jone/ws_moveit/install/moveit_resources_pr2_description:/home/jone/ws_moveit/install/moveit_resources_panda_description:/home/jone/ws_moveit/install/moveit_common:/opt/ros/humble LD_LIBRARY_PATH=/home/jone/ws_moveit/install/moveit_ros_planning/lib:/home/jone/ws_moveit/install/moveit_ros_occupancy_map_monitor/lib:/home/jone/ws_moveit/install/moveit_core/lib:/home/jone/ws_moveit/install/srdfdom/lib:/opt/ros/humble/opt/rviz_ogre_vendor/lib:/opt/ros/humble/lib/x86_64-linux-gnu:/opt/ros/humble/lib:/usr/lib/x86_64-linux-gnu/gazebo-11/plugins:/usr/lib/x86_64-linux-gnu/gazebo-11/plugins:/usr/lib/x86_64-linux-gnu/gazebo-11/plugins PATH=/home/jone/ws_moveit/install/moveit_core/bin:${PATH} PYTHONPATH=/home/jone/ws_moveit/install/moveit_configs_utils/lib/python3.10/site-packages:/home/jone/ws_moveit/install/srdfdom/local/lib/python3.10/dist-packages:/home/jone/ws_moveit/install/launch_param_builder/lib/python3.10/site-packages:${PYTHONPATH} /usr/bin/cmake --build /home/jone/ws_moveit/build/moveit_visual_tools -- -j16 -l16
[26.773s] DEBUG:colcon.colcon_core.event_handler.log_command:Invoked command in '/home/jone/ws_moveit/build/moveit_visual_tools' returned '0': AMENT_PREFIX_PATH=/home/jone/ws_moveit/install/moveit_ros_planning:/home/jone/ws_moveit/install/moveit_ros_occupancy_map_monitor:/home/jone/ws_moveit/install/moveit_core:/home/jone/ws_moveit/install/moveit_resources_panda_moveit_config:/home/jone/ws_moveit/install/moveit_configs_utils:/home/jone/ws_moveit/install/srdfdom:/home/jone/ws_moveit/install/moveit_resources_pr2_description:/home/jone/ws_moveit/install/moveit_resources_panda_description:/home/jone/ws_moveit/install/moveit_common:/home/jone/ws_moveit/install/launch_param_builder:${AMENT_PREFIX_PATH} CMAKE_PREFIX_PATH=/home/jone/ws_moveit/install/moveit_ros_planning:/home/jone/ws_moveit/install/moveit_ros_occupancy_map_monitor:/home/jone/ws_moveit/install/moveit_core:/home/jone/ws_moveit/install/moveit_resources_panda_moveit_config:/home/jone/ws_moveit/install/srdfdom:/home/jone/ws_moveit/install/moveit_resources_pr2_description:/home/jone/ws_moveit/install/moveit_resources_panda_description:/home/jone/ws_moveit/install/moveit_common:/opt/ros/humble LD_LIBRARY_PATH=/home/jone/ws_moveit/install/moveit_ros_planning/lib:/home/jone/ws_moveit/install/moveit_ros_occupancy_map_monitor/lib:/home/jone/ws_moveit/install/moveit_core/lib:/home/jone/ws_moveit/install/srdfdom/lib:/opt/ros/humble/opt/rviz_ogre_vendor/lib:/opt/ros/humble/lib/x86_64-linux-gnu:/opt/ros/humble/lib:/usr/lib/x86_64-linux-gnu/gazebo-11/plugins:/usr/lib/x86_64-linux-gnu/gazebo-11/plugins:/usr/lib/x86_64-linux-gnu/gazebo-11/plugins PATH=/home/jone/ws_moveit/install/moveit_core/bin:${PATH} PYTHONPATH=/home/jone/ws_moveit/install/moveit_configs_utils/lib/python3.10/site-packages:/home/jone/ws_moveit/install/srdfdom/local/lib/python3.10/dist-packages:/home/jone/ws_moveit/install/launch_param_builder/lib/python3.10/site-packages:${PYTHONPATH} /usr/bin/cmake --build /home/jone/ws_moveit/build/moveit_visual_tools -- -j16 -l16
[26.779s] DEBUG:colcon.colcon_core.event_handler.log_command:Invoking command in '/home/jone/ws_moveit/build/moveit_visual_tools': AMENT_PREFIX_PATH=/home/jone/ws_moveit/install/moveit_ros_planning:/home/jone/ws_moveit/install/moveit_ros_occupancy_map_monitor:/home/jone/ws_moveit/install/moveit_core:/home/jone/ws_moveit/install/moveit_resources_panda_moveit_config:/home/jone/ws_moveit/install/moveit_configs_utils:/home/jone/ws_moveit/install/srdfdom:/home/jone/ws_moveit/install/moveit_resources_pr2_description:/home/jone/ws_moveit/install/moveit_resources_panda_description:/home/jone/ws_moveit/install/moveit_common:/home/jone/ws_moveit/install/launch_param_builder:${AMENT_PREFIX_PATH} CMAKE_PREFIX_PATH=/home/jone/ws_moveit/install/moveit_ros_planning:/home/jone/ws_moveit/install/moveit_ros_occupancy_map_monitor:/home/jone/ws_moveit/install/moveit_core:/home/jone/ws_moveit/install/moveit_resources_panda_moveit_config:/home/jone/ws_moveit/install/srdfdom:/home/jone/ws_moveit/install/moveit_resources_pr2_description:/home/jone/ws_moveit/install/moveit_resources_panda_description:/home/jone/ws_moveit/install/moveit_common:/opt/ros/humble LD_LIBRARY_PATH=/home/jone/ws_moveit/install/moveit_ros_planning/lib:/home/jone/ws_moveit/install/moveit_ros_occupancy_map_monitor/lib:/home/jone/ws_moveit/install/moveit_core/lib:/home/jone/ws_moveit/install/srdfdom/lib:/opt/ros/humble/opt/rviz_ogre_vendor/lib:/opt/ros/humble/lib/x86_64-linux-gnu:/opt/ros/humble/lib:/usr/lib/x86_64-linux-gnu/gazebo-11/plugins:/usr/lib/x86_64-linux-gnu/gazebo-11/plugins:/usr/lib/x86_64-linux-gnu/gazebo-11/plugins PATH=/home/jone/ws_moveit/install/moveit_core/bin:${PATH} PYTHONPATH=/home/jone/ws_moveit/install/moveit_configs_utils/lib/python3.10/site-packages:/home/jone/ws_moveit/install/srdfdom/local/lib/python3.10/dist-packages:/home/jone/ws_moveit/install/launch_param_builder/lib/python3.10/site-packages:${PYTHONPATH} /usr/bin/cmake --install /home/jone/ws_moveit/build/moveit_visual_tools
[26.794s] Level 1:colcon.colcon_core.environment:create_environment_scripts_only(moveit_visual_tools)
[26.795s] Level 1:colcon.colcon_core.environment:checking '/home/jone/ws_moveit/install/moveit_visual_tools' for CMake module files
[26.795s] DEBUG:colcon.colcon_core.event_handler.log_command:Invoked command in '/home/jone/ws_moveit/build/moveit_visual_tools' returned '0': AMENT_PREFIX_PATH=/home/jone/ws_moveit/install/moveit_ros_planning:/home/jone/ws_moveit/install/moveit_ros_occupancy_map_monitor:/home/jone/ws_moveit/install/moveit_core:/home/jone/ws_moveit/install/moveit_resources_panda_moveit_config:/home/jone/ws_moveit/install/moveit_configs_utils:/home/jone/ws_moveit/install/srdfdom:/home/jone/ws_moveit/install/moveit_resources_pr2_description:/home/jone/ws_moveit/install/moveit_resources_panda_description:/home/jone/ws_moveit/install/moveit_common:/home/jone/ws_moveit/install/launch_param_builder:${AMENT_PREFIX_PATH} CMAKE_PREFIX_PATH=/home/jone/ws_moveit/install/moveit_ros_planning:/home/jone/ws_moveit/install/moveit_ros_occupancy_map_monitor:/home/jone/ws_moveit/install/moveit_core:/home/jone/ws_moveit/install/moveit_resources_panda_moveit_config:/home/jone/ws_moveit/install/srdfdom:/home/jone/ws_moveit/install/moveit_resources_pr2_description:/home/jone/ws_moveit/install/moveit_resources_panda_description:/home/jone/ws_moveit/install/moveit_common:/opt/ros/humble LD_LIBRARY_PATH=/home/jone/ws_moveit/install/moveit_ros_planning/lib:/home/jone/ws_moveit/install/moveit_ros_occupancy_map_monitor/lib:/home/jone/ws_moveit/install/moveit_core/lib:/home/jone/ws_moveit/install/srdfdom/lib:/opt/ros/humble/opt/rviz_ogre_vendor/lib:/opt/ros/humble/lib/x86_64-linux-gnu:/opt/ros/humble/lib:/usr/lib/x86_64-linux-gnu/gazebo-11/plugins:/usr/lib/x86_64-linux-gnu/gazebo-11/plugins:/usr/lib/x86_64-linux-gnu/gazebo-11/plugins PATH=/home/jone/ws_moveit/install/moveit_core/bin:${PATH} PYTHONPATH=/home/jone/ws_moveit/install/moveit_configs_utils/lib/python3.10/site-packages:/home/jone/ws_moveit/install/srdfdom/local/lib/python3.10/dist-packages:/home/jone/ws_moveit/install/launch_param_builder/lib/python3.10/site-packages:${PYTHONPATH} /usr/bin/cmake --install /home/jone/ws_moveit/build/moveit_visual_tools
[26.795s] Level 1:colcon.colcon_core.environment:checking '/home/jone/ws_moveit/install/moveit_visual_tools' for CMake config files
[26.796s] Level 1:colcon.colcon_core.shell:create_environment_hook('moveit_visual_tools', 'cmake_prefix_path')
[26.796s] INFO:colcon.colcon_core.shell:Creating environment hook '/home/jone/ws_moveit/install/moveit_visual_tools/share/moveit_visual_tools/hook/cmake_prefix_path.ps1'
[26.797s] INFO:colcon.colcon_core.shell:Creating environment descriptor '/home/jone/ws_moveit/install/moveit_visual_tools/share/moveit_visual_tools/hook/cmake_prefix_path.dsv'
[26.797s] INFO:colcon.colcon_core.shell:Creating environment hook '/home/jone/ws_moveit/install/moveit_visual_tools/share/moveit_visual_tools/hook/cmake_prefix_path.sh'
[26.797s] Level 1:colcon.colcon_core.environment:checking '/home/jone/ws_moveit/install/moveit_visual_tools/lib'
[26.797s] Level 1:colcon.colcon_core.shell:create_environment_hook('moveit_visual_tools', 'ld_library_path_lib')
[26.798s] INFO:colcon.colcon_core.shell:Creating environment hook '/home/jone/ws_moveit/install/moveit_visual_tools/share/moveit_visual_tools/hook/ld_library_path_lib.ps1'
[26.798s] INFO:colcon.colcon_core.shell:Creating environment descriptor '/home/jone/ws_moveit/install/moveit_visual_tools/share/moveit_visual_tools/hook/ld_library_path_lib.dsv'
[26.798s] INFO:colcon.colcon_core.shell:Creating environment hook '/home/jone/ws_moveit/install/moveit_visual_tools/share/moveit_visual_tools/hook/ld_library_path_lib.sh'
[26.799s] Level 1:colcon.colcon_core.environment:checking '/home/jone/ws_moveit/install/moveit_visual_tools/bin'
[26.799s] Level 1:colcon.colcon_core.environment:checking '/home/jone/ws_moveit/install/moveit_visual_tools/lib/pkgconfig/moveit_visual_tools.pc'
[26.799s] Level 1:colcon.colcon_core.environment:checking '/home/jone/ws_moveit/install/moveit_visual_tools/lib/python3.10/site-packages'
[26.799s] Level 1:colcon.colcon_core.environment:checking '/home/jone/ws_moveit/install/moveit_visual_tools/bin'
[26.799s] INFO:colcon.colcon_core.shell:Creating package script '/home/jone/ws_moveit/install/moveit_visual_tools/share/moveit_visual_tools/package.ps1'
[26.800s] INFO:colcon.colcon_core.shell:Creating package descriptor '/home/jone/ws_moveit/install/moveit_visual_tools/share/moveit_visual_tools/package.dsv'
[26.800s] INFO:colcon.colcon_core.shell:Creating package script '/home/jone/ws_moveit/install/moveit_visual_tools/share/moveit_visual_tools/package.sh'
[26.801s] INFO:colcon.colcon_core.shell:Creating package script '/home/jone/ws_moveit/install/moveit_visual_tools/share/moveit_visual_tools/package.bash'
[26.801s] INFO:colcon.colcon_core.shell:Creating package script '/home/jone/ws_moveit/install/moveit_visual_tools/share/moveit_visual_tools/package.zsh'
[26.801s] Level 1:colcon.colcon_core.environment:create_file_with_runtime_dependencies(/home/jone/ws_moveit/install/moveit_visual_tools/share/colcon-core/packages/moveit_visual_tools)
[26.802s] Level 1:colcon.colcon_core.environment:create_environment_scripts_only(moveit_visual_tools)
[26.802s] Level 1:colcon.colcon_core.environment:checking '/home/jone/ws_moveit/install/moveit_visual_tools' for CMake module files
[26.802s] Level 1:colcon.colcon_core.environment:checking '/home/jone/ws_moveit/install/moveit_visual_tools' for CMake config files
[26.802s] Level 1:colcon.colcon_core.shell:create_environment_hook('moveit_visual_tools', 'cmake_prefix_path')
[26.803s] INFO:colcon.colcon_core.shell:Creating environment hook '/home/jone/ws_moveit/install/moveit_visual_tools/share/moveit_visual_tools/hook/cmake_prefix_path.ps1'
[26.803s] INFO:colcon.colcon_core.shell:Creating environment descriptor '/home/jone/ws_moveit/install/moveit_visual_tools/share/moveit_visual_tools/hook/cmake_prefix_path.dsv'
[26.803s] INFO:colcon.colcon_core.shell:Creating environment hook '/home/jone/ws_moveit/install/moveit_visual_tools/share/moveit_visual_tools/hook/cmake_prefix_path.sh'
[26.804s] Level 1:colcon.colcon_core.environment:checking '/home/jone/ws_moveit/install/moveit_visual_tools/lib'
[26.804s] Level 1:colcon.colcon_core.shell:create_environment_hook('moveit_visual_tools', 'ld_library_path_lib')
[26.804s] INFO:colcon.colcon_core.shell:Creating environment hook '/home/jone/ws_moveit/install/moveit_visual_tools/share/moveit_visual_tools/hook/ld_library_path_lib.ps1'
[26.804s] INFO:colcon.colcon_core.shell:Creating environment descriptor '/home/jone/ws_moveit/install/moveit_visual_tools/share/moveit_visual_tools/hook/ld_library_path_lib.dsv'
[26.804s] INFO:colcon.colcon_core.shell:Creating environment hook '/home/jone/ws_moveit/install/moveit_visual_tools/share/moveit_visual_tools/hook/ld_library_path_lib.sh'
[26.805s] Level 1:colcon.colcon_core.environment:checking '/home/jone/ws_moveit/install/moveit_visual_tools/bin'
[26.805s] Level 1:colcon.colcon_core.environment:checking '/home/jone/ws_moveit/install/moveit_visual_tools/lib/pkgconfig/moveit_visual_tools.pc'
[26.805s] Level 1:colcon.colcon_core.environment:checking '/home/jone/ws_moveit/install/moveit_visual_tools/lib/python3.10/site-packages'
[26.805s] Level 1:colcon.colcon_core.environment:checking '/home/jone/ws_moveit/install/moveit_visual_tools/bin'
[26.805s] INFO:colcon.colcon_core.shell:Creating package script '/home/jone/ws_moveit/install/moveit_visual_tools/share/moveit_visual_tools/package.ps1'
[26.806s] INFO:colcon.colcon_core.shell:Creating package descriptor '/home/jone/ws_moveit/install/moveit_visual_tools/share/moveit_visual_tools/package.dsv'
[26.806s] INFO:colcon.colcon_core.shell:Creating package script '/home/jone/ws_moveit/install/moveit_visual_tools/share/moveit_visual_tools/package.sh'
[26.807s] INFO:colcon.colcon_core.shell:Creating package script '/home/jone/ws_moveit/install/moveit_visual_tools/share/moveit_visual_tools/package.bash'
[26.807s] INFO:colcon.colcon_core.shell:Creating package script '/home/jone/ws_moveit/install/moveit_visual_tools/share/moveit_visual_tools/package.zsh'
[26.807s] Level 1:colcon.colcon_core.environment:create_file_with_runtime_dependencies(/home/jone/ws_moveit/install/moveit_visual_tools/share/colcon-core/packages/moveit_visual_tools)
[26.807s] DEBUG:colcon.colcon_core.executor.sequential:run_until_complete 'moveit_visual_tools' finished with '0'
[26.807s] DEBUG:colcon.colcon_core.executor.sequential:run_until_complete 'moveit_ros_benchmarks'
[26.807s] INFO:colcon.colcon_ros.task.ament_cmake.build:Building ROS package in '/home/jone/ws_moveit/src/moveit2/moveit_ros/benchmarks' with build type 'ament_cmake'
[26.808s] INFO:colcon.colcon_cmake.task.cmake.build:Building CMake package in '/home/jone/ws_moveit/src/moveit2/moveit_ros/benchmarks'
[26.808s] INFO:colcon.colcon_core.shell:Skip shell extension 'powershell' for command environment: Not usable outside of PowerShell
[26.808s] DEBUG:colcon.colcon_core.shell:Skip shell extension 'dsv' for command environment
[26.832s] DEBUG:colcon.colcon_core.event_handler.log_command:Invoking command in '/home/jone/ws_moveit/build/moveit_ros_benchmarks': AMENT_PREFIX_PATH=/home/jone/ws_moveit/install/moveit_ros_warehouse:/home/jone/ws_moveit/install/moveit_ros_planning:/home/jone/ws_moveit/install/moveit_ros_occupancy_map_monitor:/home/jone/ws_moveit/install/moveit_core:/home/jone/ws_moveit/install/moveit_resources_panda_moveit_config:/home/jone/ws_moveit/install/moveit_configs_utils:/home/jone/ws_moveit/install/srdfdom:/home/jone/ws_moveit/install/moveit_resources_pr2_description:/home/jone/ws_moveit/install/moveit_resources_panda_description:/home/jone/ws_moveit/install/moveit_common:/home/jone/ws_moveit/install/launch_param_builder:${AMENT_PREFIX_PATH} CMAKE_PREFIX_PATH=/home/jone/ws_moveit/install/moveit_ros_warehouse:/home/jone/ws_moveit/install/moveit_ros_planning:/home/jone/ws_moveit/install/moveit_ros_occupancy_map_monitor:/home/jone/ws_moveit/install/moveit_core:/home/jone/ws_moveit/install/moveit_resources_panda_moveit_config:/home/jone/ws_moveit/install/srdfdom:/home/jone/ws_moveit/install/moveit_resources_pr2_description:/home/jone/ws_moveit/install/moveit_resources_panda_description:/home/jone/ws_moveit/install/moveit_common:/opt/ros/humble LD_LIBRARY_PATH=/home/jone/ws_moveit/install/moveit_ros_warehouse/lib:/home/jone/ws_moveit/install/moveit_ros_planning/lib:/home/jone/ws_moveit/install/moveit_ros_occupancy_map_monitor/lib:/home/jone/ws_moveit/install/moveit_core/lib:/home/jone/ws_moveit/install/srdfdom/lib:/opt/ros/humble/opt/rviz_ogre_vendor/lib:/opt/ros/humble/lib/x86_64-linux-gnu:/opt/ros/humble/lib:/usr/lib/x86_64-linux-gnu/gazebo-11/plugins:/usr/lib/x86_64-linux-gnu/gazebo-11/plugins:/usr/lib/x86_64-linux-gnu/gazebo-11/plugins PATH=/home/jone/ws_moveit/install/moveit_core/bin:${PATH} PYTHONPATH=/home/jone/ws_moveit/install/moveit_configs_utils/lib/python3.10/site-packages:/home/jone/ws_moveit/install/srdfdom/local/lib/python3.10/dist-packages:/home/jone/ws_moveit/install/launch_param_builder/lib/python3.10/site-packages:${PYTHONPATH} /usr/bin/cmake /home/jone/ws_moveit/src/moveit2/moveit_ros/benchmarks -DCMAKE_INSTALL_PREFIX=/home/jone/ws_moveit/install/moveit_ros_benchmarks
[27.686s] DEBUG:colcon.colcon_core.event_handler.log_command:Invoked command in '/home/jone/ws_moveit/build/moveit_ros_benchmarks' returned '0': AMENT_PREFIX_PATH=/home/jone/ws_moveit/install/moveit_ros_warehouse:/home/jone/ws_moveit/install/moveit_ros_planning:/home/jone/ws_moveit/install/moveit_ros_occupancy_map_monitor:/home/jone/ws_moveit/install/moveit_core:/home/jone/ws_moveit/install/moveit_resources_panda_moveit_config:/home/jone/ws_moveit/install/moveit_configs_utils:/home/jone/ws_moveit/install/srdfdom:/home/jone/ws_moveit/install/moveit_resources_pr2_description:/home/jone/ws_moveit/install/moveit_resources_panda_description:/home/jone/ws_moveit/install/moveit_common:/home/jone/ws_moveit/install/launch_param_builder:${AMENT_PREFIX_PATH} CMAKE_PREFIX_PATH=/home/jone/ws_moveit/install/moveit_ros_warehouse:/home/jone/ws_moveit/install/moveit_ros_planning:/home/jone/ws_moveit/install/moveit_ros_occupancy_map_monitor:/home/jone/ws_moveit/install/moveit_core:/home/jone/ws_moveit/install/moveit_resources_panda_moveit_config:/home/jone/ws_moveit/install/srdfdom:/home/jone/ws_moveit/install/moveit_resources_pr2_description:/home/jone/ws_moveit/install/moveit_resources_panda_description:/home/jone/ws_moveit/install/moveit_common:/opt/ros/humble LD_LIBRARY_PATH=/home/jone/ws_moveit/install/moveit_ros_warehouse/lib:/home/jone/ws_moveit/install/moveit_ros_planning/lib:/home/jone/ws_moveit/install/moveit_ros_occupancy_map_monitor/lib:/home/jone/ws_moveit/install/moveit_core/lib:/home/jone/ws_moveit/install/srdfdom/lib:/opt/ros/humble/opt/rviz_ogre_vendor/lib:/opt/ros/humble/lib/x86_64-linux-gnu:/opt/ros/humble/lib:/usr/lib/x86_64-linux-gnu/gazebo-11/plugins:/usr/lib/x86_64-linux-gnu/gazebo-11/plugins:/usr/lib/x86_64-linux-gnu/gazebo-11/plugins PATH=/home/jone/ws_moveit/install/moveit_core/bin:${PATH} PYTHONPATH=/home/jone/ws_moveit/install/moveit_configs_utils/lib/python3.10/site-packages:/home/jone/ws_moveit/install/srdfdom/local/lib/python3.10/dist-packages:/home/jone/ws_moveit/install/launch_param_builder/lib/python3.10/site-packages:${PYTHONPATH} /usr/bin/cmake /home/jone/ws_moveit/src/moveit2/moveit_ros/benchmarks -DCMAKE_INSTALL_PREFIX=/home/jone/ws_moveit/install/moveit_ros_benchmarks
[27.688s] DEBUG:colcon.colcon_core.event_handler.log_command:Invoking command in '/home/jone/ws_moveit/build/moveit_ros_benchmarks': AMENT_PREFIX_PATH=/home/jone/ws_moveit/install/moveit_ros_warehouse:/home/jone/ws_moveit/install/moveit_ros_planning:/home/jone/ws_moveit/install/moveit_ros_occupancy_map_monitor:/home/jone/ws_moveit/install/moveit_core:/home/jone/ws_moveit/install/moveit_resources_panda_moveit_config:/home/jone/ws_moveit/install/moveit_configs_utils:/home/jone/ws_moveit/install/srdfdom:/home/jone/ws_moveit/install/moveit_resources_pr2_description:/home/jone/ws_moveit/install/moveit_resources_panda_description:/home/jone/ws_moveit/install/moveit_common:/home/jone/ws_moveit/install/launch_param_builder:${AMENT_PREFIX_PATH} CMAKE_PREFIX_PATH=/home/jone/ws_moveit/install/moveit_ros_warehouse:/home/jone/ws_moveit/install/moveit_ros_planning:/home/jone/ws_moveit/install/moveit_ros_occupancy_map_monitor:/home/jone/ws_moveit/install/moveit_core:/home/jone/ws_moveit/install/moveit_resources_panda_moveit_config:/home/jone/ws_moveit/install/srdfdom:/home/jone/ws_moveit/install/moveit_resources_pr2_description:/home/jone/ws_moveit/install/moveit_resources_panda_description:/home/jone/ws_moveit/install/moveit_common:/opt/ros/humble LD_LIBRARY_PATH=/home/jone/ws_moveit/install/moveit_ros_warehouse/lib:/home/jone/ws_moveit/install/moveit_ros_planning/lib:/home/jone/ws_moveit/install/moveit_ros_occupancy_map_monitor/lib:/home/jone/ws_moveit/install/moveit_core/lib:/home/jone/ws_moveit/install/srdfdom/lib:/opt/ros/humble/opt/rviz_ogre_vendor/lib:/opt/ros/humble/lib/x86_64-linux-gnu:/opt/ros/humble/lib:/usr/lib/x86_64-linux-gnu/gazebo-11/plugins:/usr/lib/x86_64-linux-gnu/gazebo-11/plugins:/usr/lib/x86_64-linux-gnu/gazebo-11/plugins PATH=/home/jone/ws_moveit/install/moveit_core/bin:${PATH} PYTHONPATH=/home/jone/ws_moveit/install/moveit_configs_utils/lib/python3.10/site-packages:/home/jone/ws_moveit/install/srdfdom/local/lib/python3.10/dist-packages:/home/jone/ws_moveit/install/launch_param_builder/lib/python3.10/site-packages:${PYTHONPATH} /usr/bin/cmake --build /home/jone/ws_moveit/build/moveit_ros_benchmarks -- -j16 -l16
[27.831s] DEBUG:colcon.colcon_core.event_handler.log_command:Invoked command in '/home/jone/ws_moveit/build/moveit_ros_benchmarks' returned '0': AMENT_PREFIX_PATH=/home/jone/ws_moveit/install/moveit_ros_warehouse:/home/jone/ws_moveit/install/moveit_ros_planning:/home/jone/ws_moveit/install/moveit_ros_occupancy_map_monitor:/home/jone/ws_moveit/install/moveit_core:/home/jone/ws_moveit/install/moveit_resources_panda_moveit_config:/home/jone/ws_moveit/install/moveit_configs_utils:/home/jone/ws_moveit/install/srdfdom:/home/jone/ws_moveit/install/moveit_resources_pr2_description:/home/jone/ws_moveit/install/moveit_resources_panda_description:/home/jone/ws_moveit/install/moveit_common:/home/jone/ws_moveit/install/launch_param_builder:${AMENT_PREFIX_PATH} CMAKE_PREFIX_PATH=/home/jone/ws_moveit/install/moveit_ros_warehouse:/home/jone/ws_moveit/install/moveit_ros_planning:/home/jone/ws_moveit/install/moveit_ros_occupancy_map_monitor:/home/jone/ws_moveit/install/moveit_core:/home/jone/ws_moveit/install/moveit_resources_panda_moveit_config:/home/jone/ws_moveit/install/srdfdom:/home/jone/ws_moveit/install/moveit_resources_pr2_description:/home/jone/ws_moveit/install/moveit_resources_panda_description:/home/jone/ws_moveit/install/moveit_common:/opt/ros/humble LD_LIBRARY_PATH=/home/jone/ws_moveit/install/moveit_ros_warehouse/lib:/home/jone/ws_moveit/install/moveit_ros_planning/lib:/home/jone/ws_moveit/install/moveit_ros_occupancy_map_monitor/lib:/home/jone/ws_moveit/install/moveit_core/lib:/home/jone/ws_moveit/install/srdfdom/lib:/opt/ros/humble/opt/rviz_ogre_vendor/lib:/opt/ros/humble/lib/x86_64-linux-gnu:/opt/ros/humble/lib:/usr/lib/x86_64-linux-gnu/gazebo-11/plugins:/usr/lib/x86_64-linux-gnu/gazebo-11/plugins:/usr/lib/x86_64-linux-gnu/gazebo-11/plugins PATH=/home/jone/ws_moveit/install/moveit_core/bin:${PATH} PYTHONPATH=/home/jone/ws_moveit/install/moveit_configs_utils/lib/python3.10/site-packages:/home/jone/ws_moveit/install/srdfdom/local/lib/python3.10/dist-packages:/home/jone/ws_moveit/install/launch_param_builder/lib/python3.10/site-packages:${PYTHONPATH} /usr/bin/cmake --build /home/jone/ws_moveit/build/moveit_ros_benchmarks -- -j16 -l16
[27.843s] DEBUG:colcon.colcon_core.event_handler.log_command:Invoking command in '/home/jone/ws_moveit/build/moveit_ros_benchmarks': AMENT_PREFIX_PATH=/home/jone/ws_moveit/install/moveit_ros_warehouse:/home/jone/ws_moveit/install/moveit_ros_planning:/home/jone/ws_moveit/install/moveit_ros_occupancy_map_monitor:/home/jone/ws_moveit/install/moveit_core:/home/jone/ws_moveit/install/moveit_resources_panda_moveit_config:/home/jone/ws_moveit/install/moveit_configs_utils:/home/jone/ws_moveit/install/srdfdom:/home/jone/ws_moveit/install/moveit_resources_pr2_description:/home/jone/ws_moveit/install/moveit_resources_panda_description:/home/jone/ws_moveit/install/moveit_common:/home/jone/ws_moveit/install/launch_param_builder:${AMENT_PREFIX_PATH} CMAKE_PREFIX_PATH=/home/jone/ws_moveit/install/moveit_ros_warehouse:/home/jone/ws_moveit/install/moveit_ros_planning:/home/jone/ws_moveit/install/moveit_ros_occupancy_map_monitor:/home/jone/ws_moveit/install/moveit_core:/home/jone/ws_moveit/install/moveit_resources_panda_moveit_config:/home/jone/ws_moveit/install/srdfdom:/home/jone/ws_moveit/install/moveit_resources_pr2_description:/home/jone/ws_moveit/install/moveit_resources_panda_description:/home/jone/ws_moveit/install/moveit_common:/opt/ros/humble LD_LIBRARY_PATH=/home/jone/ws_moveit/install/moveit_ros_warehouse/lib:/home/jone/ws_moveit/install/moveit_ros_planning/lib:/home/jone/ws_moveit/install/moveit_ros_occupancy_map_monitor/lib:/home/jone/ws_moveit/install/moveit_core/lib:/home/jone/ws_moveit/install/srdfdom/lib:/opt/ros/humble/opt/rviz_ogre_vendor/lib:/opt/ros/humble/lib/x86_64-linux-gnu:/opt/ros/humble/lib:/usr/lib/x86_64-linux-gnu/gazebo-11/plugins:/usr/lib/x86_64-linux-gnu/gazebo-11/plugins:/usr/lib/x86_64-linux-gnu/gazebo-11/plugins PATH=/home/jone/ws_moveit/install/moveit_core/bin:${PATH} PYTHONPATH=/home/jone/ws_moveit/install/moveit_configs_utils/lib/python3.10/site-packages:/home/jone/ws_moveit/install/srdfdom/local/lib/python3.10/dist-packages:/home/jone/ws_moveit/install/launch_param_builder/lib/python3.10/site-packages:${PYTHONPATH} /usr/bin/cmake --install /home/jone/ws_moveit/build/moveit_ros_benchmarks
[27.857s] Level 1:colcon.colcon_core.environment:create_environment_scripts_only(moveit_ros_benchmarks)
[27.858s] Level 1:colcon.colcon_core.environment:checking '/home/jone/ws_moveit/install/moveit_ros_benchmarks' for CMake module files
[27.858s] DEBUG:colcon.colcon_core.event_handler.log_command:Invoked command in '/home/jone/ws_moveit/build/moveit_ros_benchmarks' returned '0': AMENT_PREFIX_PATH=/home/jone/ws_moveit/install/moveit_ros_warehouse:/home/jone/ws_moveit/install/moveit_ros_planning:/home/jone/ws_moveit/install/moveit_ros_occupancy_map_monitor:/home/jone/ws_moveit/install/moveit_core:/home/jone/ws_moveit/install/moveit_resources_panda_moveit_config:/home/jone/ws_moveit/install/moveit_configs_utils:/home/jone/ws_moveit/install/srdfdom:/home/jone/ws_moveit/install/moveit_resources_pr2_description:/home/jone/ws_moveit/install/moveit_resources_panda_description:/home/jone/ws_moveit/install/moveit_common:/home/jone/ws_moveit/install/launch_param_builder:${AMENT_PREFIX_PATH} CMAKE_PREFIX_PATH=/home/jone/ws_moveit/install/moveit_ros_warehouse:/home/jone/ws_moveit/install/moveit_ros_planning:/home/jone/ws_moveit/install/moveit_ros_occupancy_map_monitor:/home/jone/ws_moveit/install/moveit_core:/home/jone/ws_moveit/install/moveit_resources_panda_moveit_config:/home/jone/ws_moveit/install/srdfdom:/home/jone/ws_moveit/install/moveit_resources_pr2_description:/home/jone/ws_moveit/install/moveit_resources_panda_description:/home/jone/ws_moveit/install/moveit_common:/opt/ros/humble LD_LIBRARY_PATH=/home/jone/ws_moveit/install/moveit_ros_warehouse/lib:/home/jone/ws_moveit/install/moveit_ros_planning/lib:/home/jone/ws_moveit/install/moveit_ros_occupancy_map_monitor/lib:/home/jone/ws_moveit/install/moveit_core/lib:/home/jone/ws_moveit/install/srdfdom/lib:/opt/ros/humble/opt/rviz_ogre_vendor/lib:/opt/ros/humble/lib/x86_64-linux-gnu:/opt/ros/humble/lib:/usr/lib/x86_64-linux-gnu/gazebo-11/plugins:/usr/lib/x86_64-linux-gnu/gazebo-11/plugins:/usr/lib/x86_64-linux-gnu/gazebo-11/plugins PATH=/home/jone/ws_moveit/install/moveit_core/bin:${PATH} PYTHONPATH=/home/jone/ws_moveit/install/moveit_configs_utils/lib/python3.10/site-packages:/home/jone/ws_moveit/install/srdfdom/local/lib/python3.10/dist-packages:/home/jone/ws_moveit/install/launch_param_builder/lib/python3.10/site-packages:${PYTHONPATH} /usr/bin/cmake --install /home/jone/ws_moveit/build/moveit_ros_benchmarks
[27.858s] Level 1:colcon.colcon_core.environment:checking '/home/jone/ws_moveit/install/moveit_ros_benchmarks' for CMake config files
[27.859s] Level 1:colcon.colcon_core.shell:create_environment_hook('moveit_ros_benchmarks', 'cmake_prefix_path')
[27.859s] INFO:colcon.colcon_core.shell:Creating environment hook '/home/jone/ws_moveit/install/moveit_ros_benchmarks/share/moveit_ros_benchmarks/hook/cmake_prefix_path.ps1'
[27.859s] INFO:colcon.colcon_core.shell:Creating environment descriptor '/home/jone/ws_moveit/install/moveit_ros_benchmarks/share/moveit_ros_benchmarks/hook/cmake_prefix_path.dsv'
[27.859s] INFO:colcon.colcon_core.shell:Creating environment hook '/home/jone/ws_moveit/install/moveit_ros_benchmarks/share/moveit_ros_benchmarks/hook/cmake_prefix_path.sh'
[27.860s] Level 1:colcon.colcon_core.environment:checking '/home/jone/ws_moveit/install/moveit_ros_benchmarks/lib'
[27.860s] Level 1:colcon.colcon_core.shell:create_environment_hook('moveit_ros_benchmarks', 'ld_library_path_lib')
[27.860s] INFO:colcon.colcon_core.shell:Creating environment hook '/home/jone/ws_moveit/install/moveit_ros_benchmarks/share/moveit_ros_benchmarks/hook/ld_library_path_lib.ps1'
[27.860s] INFO:colcon.colcon_core.shell:Creating environment descriptor '/home/jone/ws_moveit/install/moveit_ros_benchmarks/share/moveit_ros_benchmarks/hook/ld_library_path_lib.dsv'
[27.861s] INFO:colcon.colcon_core.shell:Creating environment hook '/home/jone/ws_moveit/install/moveit_ros_benchmarks/share/moveit_ros_benchmarks/hook/ld_library_path_lib.sh'
[27.861s] Level 1:colcon.colcon_core.environment:checking '/home/jone/ws_moveit/install/moveit_ros_benchmarks/bin'
[27.861s] Level 1:colcon.colcon_core.environment:checking '/home/jone/ws_moveit/install/moveit_ros_benchmarks/lib/pkgconfig/moveit_ros_benchmarks.pc'
[27.861s] Level 1:colcon.colcon_core.environment:checking '/home/jone/ws_moveit/install/moveit_ros_benchmarks/lib/python3.10/site-packages'
[27.861s] Level 1:colcon.colcon_core.environment:checking '/home/jone/ws_moveit/install/moveit_ros_benchmarks/bin'
[27.862s] INFO:colcon.colcon_core.shell:Creating package script '/home/jone/ws_moveit/install/moveit_ros_benchmarks/share/moveit_ros_benchmarks/package.ps1'
[27.862s] INFO:colcon.colcon_core.shell:Creating package descriptor '/home/jone/ws_moveit/install/moveit_ros_benchmarks/share/moveit_ros_benchmarks/package.dsv'
[27.862s] INFO:colcon.colcon_core.shell:Creating package script '/home/jone/ws_moveit/install/moveit_ros_benchmarks/share/moveit_ros_benchmarks/package.sh'
[27.863s] INFO:colcon.colcon_core.shell:Creating package script '/home/jone/ws_moveit/install/moveit_ros_benchmarks/share/moveit_ros_benchmarks/package.bash'
[27.863s] INFO:colcon.colcon_core.shell:Creating package script '/home/jone/ws_moveit/install/moveit_ros_benchmarks/share/moveit_ros_benchmarks/package.zsh'
[27.863s] Level 1:colcon.colcon_core.environment:create_file_with_runtime_dependencies(/home/jone/ws_moveit/install/moveit_ros_benchmarks/share/colcon-core/packages/moveit_ros_benchmarks)
[27.864s] Level 1:colcon.colcon_core.environment:create_environment_scripts_only(moveit_ros_benchmarks)
[27.864s] Level 1:colcon.colcon_core.environment:checking '/home/jone/ws_moveit/install/moveit_ros_benchmarks' for CMake module files
[27.864s] Level 1:colcon.colcon_core.environment:checking '/home/jone/ws_moveit/install/moveit_ros_benchmarks' for CMake config files
[27.865s] Level 1:colcon.colcon_core.shell:create_environment_hook('moveit_ros_benchmarks', 'cmake_prefix_path')
[27.865s] INFO:colcon.colcon_core.shell:Creating environment hook '/home/jone/ws_moveit/install/moveit_ros_benchmarks/share/moveit_ros_benchmarks/hook/cmake_prefix_path.ps1'
[27.865s] INFO:colcon.colcon_core.shell:Creating environment descriptor '/home/jone/ws_moveit/install/moveit_ros_benchmarks/share/moveit_ros_benchmarks/hook/cmake_prefix_path.dsv'
[27.865s] INFO:colcon.colcon_core.shell:Creating environment hook '/home/jone/ws_moveit/install/moveit_ros_benchmarks/share/moveit_ros_benchmarks/hook/cmake_prefix_path.sh'
[27.866s] Level 1:colcon.colcon_core.environment:checking '/home/jone/ws_moveit/install/moveit_ros_benchmarks/lib'
[27.866s] Level 1:colcon.colcon_core.shell:create_environment_hook('moveit_ros_benchmarks', 'ld_library_path_lib')
[27.866s] INFO:colcon.colcon_core.shell:Creating environment hook '/home/jone/ws_moveit/install/moveit_ros_benchmarks/share/moveit_ros_benchmarks/hook/ld_library_path_lib.ps1'
[27.866s] INFO:colcon.colcon_core.shell:Creating environment descriptor '/home/jone/ws_moveit/install/moveit_ros_benchmarks/share/moveit_ros_benchmarks/hook/ld_library_path_lib.dsv'
[27.866s] INFO:colcon.colcon_core.shell:Creating environment hook '/home/jone/ws_moveit/install/moveit_ros_benchmarks/share/moveit_ros_benchmarks/hook/ld_library_path_lib.sh'
[27.867s] Level 1:colcon.colcon_core.environment:checking '/home/jone/ws_moveit/install/moveit_ros_benchmarks/bin'
[27.867s] Level 1:colcon.colcon_core.environment:checking '/home/jone/ws_moveit/install/moveit_ros_benchmarks/lib/pkgconfig/moveit_ros_benchmarks.pc'
[27.867s] Level 1:colcon.colcon_core.environment:checking '/home/jone/ws_moveit/install/moveit_ros_benchmarks/lib/python3.10/site-packages'
[27.867s] Level 1:colcon.colcon_core.environment:checking '/home/jone/ws_moveit/install/moveit_ros_benchmarks/bin'
[27.867s] INFO:colcon.colcon_core.shell:Creating package script '/home/jone/ws_moveit/install/moveit_ros_benchmarks/share/moveit_ros_benchmarks/package.ps1'
[27.868s] INFO:colcon.colcon_core.shell:Creating package descriptor '/home/jone/ws_moveit/install/moveit_ros_benchmarks/share/moveit_ros_benchmarks/package.dsv'
[27.868s] INFO:colcon.colcon_core.shell:Creating package script '/home/jone/ws_moveit/install/moveit_ros_benchmarks/share/moveit_ros_benchmarks/package.sh'
[27.868s] INFO:colcon.colcon_core.shell:Creating package script '/home/jone/ws_moveit/install/moveit_ros_benchmarks/share/moveit_ros_benchmarks/package.bash'
[27.869s] INFO:colcon.colcon_core.shell:Creating package script '/home/jone/ws_moveit/install/moveit_ros_benchmarks/share/moveit_ros_benchmarks/package.zsh'
[27.869s] Level 1:colcon.colcon_core.environment:create_file_with_runtime_dependencies(/home/jone/ws_moveit/install/moveit_ros_benchmarks/share/colcon-core/packages/moveit_ros_benchmarks)
[27.869s] DEBUG:colcon.colcon_core.executor.sequential:run_until_complete 'moveit_ros_benchmarks' finished with '0'
[27.869s] DEBUG:colcon.colcon_core.executor.sequential:run_until_complete 'moveit_ros_move_group'
[27.869s] INFO:colcon.colcon_ros.task.ament_cmake.build:Building ROS package in '/home/jone/ws_moveit/src/moveit2/moveit_ros/move_group' with build type 'ament_cmake'
[27.869s] INFO:colcon.colcon_cmake.task.cmake.build:Building CMake package in '/home/jone/ws_moveit/src/moveit2/moveit_ros/move_group'
[27.870s] INFO:colcon.colcon_core.shell:Skip shell extension 'powershell' for command environment: Not usable outside of PowerShell
[27.870s] DEBUG:colcon.colcon_core.shell:Skip shell extension 'dsv' for command environment
[27.893s] DEBUG:colcon.colcon_core.event_handler.log_command:Invoking command in '/home/jone/ws_moveit/build/moveit_ros_move_group': AMENT_PREFIX_PATH=/home/jone/ws_moveit/install/moveit_kinematics:/home/jone/ws_moveit/install/moveit_ros_planning:/home/jone/ws_moveit/install/moveit_ros_occupancy_map_monitor:/home/jone/ws_moveit/install/moveit_core:/home/jone/ws_moveit/install/moveit_resources_panda_moveit_config:/home/jone/ws_moveit/install/moveit_resources_fanuc_moveit_config:/home/jone/ws_moveit/install/moveit_configs_utils:/home/jone/ws_moveit/install/srdfdom:/home/jone/ws_moveit/install/moveit_resources_pr2_description:/home/jone/ws_moveit/install/moveit_resources_panda_description:/home/jone/ws_moveit/install/moveit_resources_fanuc_description:/home/jone/ws_moveit/install/moveit_common:/home/jone/ws_moveit/install/launch_param_builder:${AMENT_PREFIX_PATH} CMAKE_PREFIX_PATH=/home/jone/ws_moveit/install/moveit_kinematics:/home/jone/ws_moveit/install/moveit_ros_planning:/home/jone/ws_moveit/install/moveit_ros_occupancy_map_monitor:/home/jone/ws_moveit/install/moveit_core:/home/jone/ws_moveit/install/moveit_resources_panda_moveit_config:/home/jone/ws_moveit/install/moveit_resources_fanuc_moveit_config:/home/jone/ws_moveit/install/srdfdom:/home/jone/ws_moveit/install/moveit_resources_pr2_description:/home/jone/ws_moveit/install/moveit_resources_panda_description:/home/jone/ws_moveit/install/moveit_resources_fanuc_description:/home/jone/ws_moveit/install/moveit_common:/opt/ros/humble LD_LIBRARY_PATH=/home/jone/ws_moveit/install/moveit_kinematics/lib:/home/jone/ws_moveit/install/moveit_ros_planning/lib:/home/jone/ws_moveit/install/moveit_ros_occupancy_map_monitor/lib:/home/jone/ws_moveit/install/moveit_core/lib:/home/jone/ws_moveit/install/srdfdom/lib:/opt/ros/humble/opt/rviz_ogre_vendor/lib:/opt/ros/humble/lib/x86_64-linux-gnu:/opt/ros/humble/lib:/usr/lib/x86_64-linux-gnu/gazebo-11/plugins:/usr/lib/x86_64-linux-gnu/gazebo-11/plugins:/usr/lib/x86_64-linux-gnu/gazebo-11/plugins PATH=/home/jone/ws_moveit/install/moveit_core/bin:${PATH} PYTHONPATH=/home/jone/ws_moveit/install/moveit_configs_utils/lib/python3.10/site-packages:/home/jone/ws_moveit/install/srdfdom/local/lib/python3.10/dist-packages:/home/jone/ws_moveit/install/launch_param_builder/lib/python3.10/site-packages:${PYTHONPATH} /usr/bin/cmake /home/jone/ws_moveit/src/moveit2/moveit_ros/move_group -DCMAKE_INSTALL_PREFIX=/home/jone/ws_moveit/install/moveit_ros_move_group
[28.746s] DEBUG:colcon.colcon_core.event_handler.log_command:Invoked command in '/home/jone/ws_moveit/build/moveit_ros_move_group' returned '0': AMENT_PREFIX_PATH=/home/jone/ws_moveit/install/moveit_kinematics:/home/jone/ws_moveit/install/moveit_ros_planning:/home/jone/ws_moveit/install/moveit_ros_occupancy_map_monitor:/home/jone/ws_moveit/install/moveit_core:/home/jone/ws_moveit/install/moveit_resources_panda_moveit_config:/home/jone/ws_moveit/install/moveit_resources_fanuc_moveit_config:/home/jone/ws_moveit/install/moveit_configs_utils:/home/jone/ws_moveit/install/srdfdom:/home/jone/ws_moveit/install/moveit_resources_pr2_description:/home/jone/ws_moveit/install/moveit_resources_panda_description:/home/jone/ws_moveit/install/moveit_resources_fanuc_description:/home/jone/ws_moveit/install/moveit_common:/home/jone/ws_moveit/install/launch_param_builder:${AMENT_PREFIX_PATH} CMAKE_PREFIX_PATH=/home/jone/ws_moveit/install/moveit_kinematics:/home/jone/ws_moveit/install/moveit_ros_planning:/home/jone/ws_moveit/install/moveit_ros_occupancy_map_monitor:/home/jone/ws_moveit/install/moveit_core:/home/jone/ws_moveit/install/moveit_resources_panda_moveit_config:/home/jone/ws_moveit/install/moveit_resources_fanuc_moveit_config:/home/jone/ws_moveit/install/srdfdom:/home/jone/ws_moveit/install/moveit_resources_pr2_description:/home/jone/ws_moveit/install/moveit_resources_panda_description:/home/jone/ws_moveit/install/moveit_resources_fanuc_description:/home/jone/ws_moveit/install/moveit_common:/opt/ros/humble LD_LIBRARY_PATH=/home/jone/ws_moveit/install/moveit_kinematics/lib:/home/jone/ws_moveit/install/moveit_ros_planning/lib:/home/jone/ws_moveit/install/moveit_ros_occupancy_map_monitor/lib:/home/jone/ws_moveit/install/moveit_core/lib:/home/jone/ws_moveit/install/srdfdom/lib:/opt/ros/humble/opt/rviz_ogre_vendor/lib:/opt/ros/humble/lib/x86_64-linux-gnu:/opt/ros/humble/lib:/usr/lib/x86_64-linux-gnu/gazebo-11/plugins:/usr/lib/x86_64-linux-gnu/gazebo-11/plugins:/usr/lib/x86_64-linux-gnu/gazebo-11/plugins PATH=/home/jone/ws_moveit/install/moveit_core/bin:${PATH} PYTHONPATH=/home/jone/ws_moveit/install/moveit_configs_utils/lib/python3.10/site-packages:/home/jone/ws_moveit/install/srdfdom/local/lib/python3.10/dist-packages:/home/jone/ws_moveit/install/launch_param_builder/lib/python3.10/site-packages:${PYTHONPATH} /usr/bin/cmake /home/jone/ws_moveit/src/moveit2/moveit_ros/move_group -DCMAKE_INSTALL_PREFIX=/home/jone/ws_moveit/install/moveit_ros_move_group
[28.748s] DEBUG:colcon.colcon_core.event_handler.log_command:Invoking command in '/home/jone/ws_moveit/build/moveit_ros_move_group': AMENT_PREFIX_PATH=/home/jone/ws_moveit/install/moveit_kinematics:/home/jone/ws_moveit/install/moveit_ros_planning:/home/jone/ws_moveit/install/moveit_ros_occupancy_map_monitor:/home/jone/ws_moveit/install/moveit_core:/home/jone/ws_moveit/install/moveit_resources_panda_moveit_config:/home/jone/ws_moveit/install/moveit_resources_fanuc_moveit_config:/home/jone/ws_moveit/install/moveit_configs_utils:/home/jone/ws_moveit/install/srdfdom:/home/jone/ws_moveit/install/moveit_resources_pr2_description:/home/jone/ws_moveit/install/moveit_resources_panda_description:/home/jone/ws_moveit/install/moveit_resources_fanuc_description:/home/jone/ws_moveit/install/moveit_common:/home/jone/ws_moveit/install/launch_param_builder:${AMENT_PREFIX_PATH} CMAKE_PREFIX_PATH=/home/jone/ws_moveit/install/moveit_kinematics:/home/jone/ws_moveit/install/moveit_ros_planning:/home/jone/ws_moveit/install/moveit_ros_occupancy_map_monitor:/home/jone/ws_moveit/install/moveit_core:/home/jone/ws_moveit/install/moveit_resources_panda_moveit_config:/home/jone/ws_moveit/install/moveit_resources_fanuc_moveit_config:/home/jone/ws_moveit/install/srdfdom:/home/jone/ws_moveit/install/moveit_resources_pr2_description:/home/jone/ws_moveit/install/moveit_resources_panda_description:/home/jone/ws_moveit/install/moveit_resources_fanuc_description:/home/jone/ws_moveit/install/moveit_common:/opt/ros/humble LD_LIBRARY_PATH=/home/jone/ws_moveit/install/moveit_kinematics/lib:/home/jone/ws_moveit/install/moveit_ros_planning/lib:/home/jone/ws_moveit/install/moveit_ros_occupancy_map_monitor/lib:/home/jone/ws_moveit/install/moveit_core/lib:/home/jone/ws_moveit/install/srdfdom/lib:/opt/ros/humble/opt/rviz_ogre_vendor/lib:/opt/ros/humble/lib/x86_64-linux-gnu:/opt/ros/humble/lib:/usr/lib/x86_64-linux-gnu/gazebo-11/plugins:/usr/lib/x86_64-linux-gnu/gazebo-11/plugins:/usr/lib/x86_64-linux-gnu/gazebo-11/plugins PATH=/home/jone/ws_moveit/install/moveit_core/bin:${PATH} PYTHONPATH=/home/jone/ws_moveit/install/moveit_configs_utils/lib/python3.10/site-packages:/home/jone/ws_moveit/install/srdfdom/local/lib/python3.10/dist-packages:/home/jone/ws_moveit/install/launch_param_builder/lib/python3.10/site-packages:${PYTHONPATH} /usr/bin/cmake --build /home/jone/ws_moveit/build/moveit_ros_move_group -- -j16 -l16
[28.979s] DEBUG:colcon.colcon_core.event_handler.log_command:Invoked command in '/home/jone/ws_moveit/build/moveit_ros_move_group' returned '0': AMENT_PREFIX_PATH=/home/jone/ws_moveit/install/moveit_kinematics:/home/jone/ws_moveit/install/moveit_ros_planning:/home/jone/ws_moveit/install/moveit_ros_occupancy_map_monitor:/home/jone/ws_moveit/install/moveit_core:/home/jone/ws_moveit/install/moveit_resources_panda_moveit_config:/home/jone/ws_moveit/install/moveit_resources_fanuc_moveit_config:/home/jone/ws_moveit/install/moveit_configs_utils:/home/jone/ws_moveit/install/srdfdom:/home/jone/ws_moveit/install/moveit_resources_pr2_description:/home/jone/ws_moveit/install/moveit_resources_panda_description:/home/jone/ws_moveit/install/moveit_resources_fanuc_description:/home/jone/ws_moveit/install/moveit_common:/home/jone/ws_moveit/install/launch_param_builder:${AMENT_PREFIX_PATH} CMAKE_PREFIX_PATH=/home/jone/ws_moveit/install/moveit_kinematics:/home/jone/ws_moveit/install/moveit_ros_planning:/home/jone/ws_moveit/install/moveit_ros_occupancy_map_monitor:/home/jone/ws_moveit/install/moveit_core:/home/jone/ws_moveit/install/moveit_resources_panda_moveit_config:/home/jone/ws_moveit/install/moveit_resources_fanuc_moveit_config:/home/jone/ws_moveit/install/srdfdom:/home/jone/ws_moveit/install/moveit_resources_pr2_description:/home/jone/ws_moveit/install/moveit_resources_panda_description:/home/jone/ws_moveit/install/moveit_resources_fanuc_description:/home/jone/ws_moveit/install/moveit_common:/opt/ros/humble LD_LIBRARY_PATH=/home/jone/ws_moveit/install/moveit_kinematics/lib:/home/jone/ws_moveit/install/moveit_ros_planning/lib:/home/jone/ws_moveit/install/moveit_ros_occupancy_map_monitor/lib:/home/jone/ws_moveit/install/moveit_core/lib:/home/jone/ws_moveit/install/srdfdom/lib:/opt/ros/humble/opt/rviz_ogre_vendor/lib:/opt/ros/humble/lib/x86_64-linux-gnu:/opt/ros/humble/lib:/usr/lib/x86_64-linux-gnu/gazebo-11/plugins:/usr/lib/x86_64-linux-gnu/gazebo-11/plugins:/usr/lib/x86_64-linux-gnu/gazebo-11/plugins PATH=/home/jone/ws_moveit/install/moveit_core/bin:${PATH} PYTHONPATH=/home/jone/ws_moveit/install/moveit_configs_utils/lib/python3.10/site-packages:/home/jone/ws_moveit/install/srdfdom/local/lib/python3.10/dist-packages:/home/jone/ws_moveit/install/launch_param_builder/lib/python3.10/site-packages:${PYTHONPATH} /usr/bin/cmake --build /home/jone/ws_moveit/build/moveit_ros_move_group -- -j16 -l16
[28.981s] DEBUG:colcon.colcon_core.event_handler.log_command:Invoking command in '/home/jone/ws_moveit/build/moveit_ros_move_group': AMENT_PREFIX_PATH=/home/jone/ws_moveit/install/moveit_kinematics:/home/jone/ws_moveit/install/moveit_ros_planning:/home/jone/ws_moveit/install/moveit_ros_occupancy_map_monitor:/home/jone/ws_moveit/install/moveit_core:/home/jone/ws_moveit/install/moveit_resources_panda_moveit_config:/home/jone/ws_moveit/install/moveit_resources_fanuc_moveit_config:/home/jone/ws_moveit/install/moveit_configs_utils:/home/jone/ws_moveit/install/srdfdom:/home/jone/ws_moveit/install/moveit_resources_pr2_description:/home/jone/ws_moveit/install/moveit_resources_panda_description:/home/jone/ws_moveit/install/moveit_resources_fanuc_description:/home/jone/ws_moveit/install/moveit_common:/home/jone/ws_moveit/install/launch_param_builder:${AMENT_PREFIX_PATH} CMAKE_PREFIX_PATH=/home/jone/ws_moveit/install/moveit_kinematics:/home/jone/ws_moveit/install/moveit_ros_planning:/home/jone/ws_moveit/install/moveit_ros_occupancy_map_monitor:/home/jone/ws_moveit/install/moveit_core:/home/jone/ws_moveit/install/moveit_resources_panda_moveit_config:/home/jone/ws_moveit/install/moveit_resources_fanuc_moveit_config:/home/jone/ws_moveit/install/srdfdom:/home/jone/ws_moveit/install/moveit_resources_pr2_description:/home/jone/ws_moveit/install/moveit_resources_panda_description:/home/jone/ws_moveit/install/moveit_resources_fanuc_description:/home/jone/ws_moveit/install/moveit_common:/opt/ros/humble LD_LIBRARY_PATH=/home/jone/ws_moveit/install/moveit_kinematics/lib:/home/jone/ws_moveit/install/moveit_ros_planning/lib:/home/jone/ws_moveit/install/moveit_ros_occupancy_map_monitor/lib:/home/jone/ws_moveit/install/moveit_core/lib:/home/jone/ws_moveit/install/srdfdom/lib:/opt/ros/humble/opt/rviz_ogre_vendor/lib:/opt/ros/humble/lib/x86_64-linux-gnu:/opt/ros/humble/lib:/usr/lib/x86_64-linux-gnu/gazebo-11/plugins:/usr/lib/x86_64-linux-gnu/gazebo-11/plugins:/usr/lib/x86_64-linux-gnu/gazebo-11/plugins PATH=/home/jone/ws_moveit/install/moveit_core/bin:${PATH} PYTHONPATH=/home/jone/ws_moveit/install/moveit_configs_utils/lib/python3.10/site-packages:/home/jone/ws_moveit/install/srdfdom/local/lib/python3.10/dist-packages:/home/jone/ws_moveit/install/launch_param_builder/lib/python3.10/site-packages:${PYTHONPATH} /usr/bin/cmake --install /home/jone/ws_moveit/build/moveit_ros_move_group
[28.996s] Level 1:colcon.colcon_core.environment:create_environment_scripts_only(moveit_ros_move_group)
[28.997s] Level 1:colcon.colcon_core.environment:checking '/home/jone/ws_moveit/install/moveit_ros_move_group' for CMake module files
[28.997s] DEBUG:colcon.colcon_core.event_handler.log_command:Invoked command in '/home/jone/ws_moveit/build/moveit_ros_move_group' returned '0': AMENT_PREFIX_PATH=/home/jone/ws_moveit/install/moveit_kinematics:/home/jone/ws_moveit/install/moveit_ros_planning:/home/jone/ws_moveit/install/moveit_ros_occupancy_map_monitor:/home/jone/ws_moveit/install/moveit_core:/home/jone/ws_moveit/install/moveit_resources_panda_moveit_config:/home/jone/ws_moveit/install/moveit_resources_fanuc_moveit_config:/home/jone/ws_moveit/install/moveit_configs_utils:/home/jone/ws_moveit/install/srdfdom:/home/jone/ws_moveit/install/moveit_resources_pr2_description:/home/jone/ws_moveit/install/moveit_resources_panda_description:/home/jone/ws_moveit/install/moveit_resources_fanuc_description:/home/jone/ws_moveit/install/moveit_common:/home/jone/ws_moveit/install/launch_param_builder:${AMENT_PREFIX_PATH} CMAKE_PREFIX_PATH=/home/jone/ws_moveit/install/moveit_kinematics:/home/jone/ws_moveit/install/moveit_ros_planning:/home/jone/ws_moveit/install/moveit_ros_occupancy_map_monitor:/home/jone/ws_moveit/install/moveit_core:/home/jone/ws_moveit/install/moveit_resources_panda_moveit_config:/home/jone/ws_moveit/install/moveit_resources_fanuc_moveit_config:/home/jone/ws_moveit/install/srdfdom:/home/jone/ws_moveit/install/moveit_resources_pr2_description:/home/jone/ws_moveit/install/moveit_resources_panda_description:/home/jone/ws_moveit/install/moveit_resources_fanuc_description:/home/jone/ws_moveit/install/moveit_common:/opt/ros/humble LD_LIBRARY_PATH=/home/jone/ws_moveit/install/moveit_kinematics/lib:/home/jone/ws_moveit/install/moveit_ros_planning/lib:/home/jone/ws_moveit/install/moveit_ros_occupancy_map_monitor/lib:/home/jone/ws_moveit/install/moveit_core/lib:/home/jone/ws_moveit/install/srdfdom/lib:/opt/ros/humble/opt/rviz_ogre_vendor/lib:/opt/ros/humble/lib/x86_64-linux-gnu:/opt/ros/humble/lib:/usr/lib/x86_64-linux-gnu/gazebo-11/plugins:/usr/lib/x86_64-linux-gnu/gazebo-11/plugins:/usr/lib/x86_64-linux-gnu/gazebo-11/plugins PATH=/home/jone/ws_moveit/install/moveit_core/bin:${PATH} PYTHONPATH=/home/jone/ws_moveit/install/moveit_configs_utils/lib/python3.10/site-packages:/home/jone/ws_moveit/install/srdfdom/local/lib/python3.10/dist-packages:/home/jone/ws_moveit/install/launch_param_builder/lib/python3.10/site-packages:${PYTHONPATH} /usr/bin/cmake --install /home/jone/ws_moveit/build/moveit_ros_move_group
[28.997s] Level 1:colcon.colcon_core.environment:checking '/home/jone/ws_moveit/install/moveit_ros_move_group' for CMake config files
[28.998s] Level 1:colcon.colcon_core.shell:create_environment_hook('moveit_ros_move_group', 'cmake_prefix_path')
[28.998s] INFO:colcon.colcon_core.shell:Creating environment hook '/home/jone/ws_moveit/install/moveit_ros_move_group/share/moveit_ros_move_group/hook/cmake_prefix_path.ps1'
[28.998s] INFO:colcon.colcon_core.shell:Creating environment descriptor '/home/jone/ws_moveit/install/moveit_ros_move_group/share/moveit_ros_move_group/hook/cmake_prefix_path.dsv'
[28.999s] INFO:colcon.colcon_core.shell:Creating environment hook '/home/jone/ws_moveit/install/moveit_ros_move_group/share/moveit_ros_move_group/hook/cmake_prefix_path.sh'
[28.999s] Level 1:colcon.colcon_core.environment:checking '/home/jone/ws_moveit/install/moveit_ros_move_group/lib'
[28.999s] Level 1:colcon.colcon_core.shell:create_environment_hook('moveit_ros_move_group', 'ld_library_path_lib')
[28.999s] INFO:colcon.colcon_core.shell:Creating environment hook '/home/jone/ws_moveit/install/moveit_ros_move_group/share/moveit_ros_move_group/hook/ld_library_path_lib.ps1'
[29.000s] INFO:colcon.colcon_core.shell:Creating environment descriptor '/home/jone/ws_moveit/install/moveit_ros_move_group/share/moveit_ros_move_group/hook/ld_library_path_lib.dsv'
[29.000s] INFO:colcon.colcon_core.shell:Creating environment hook '/home/jone/ws_moveit/install/moveit_ros_move_group/share/moveit_ros_move_group/hook/ld_library_path_lib.sh'
[29.000s] Level 1:colcon.colcon_core.environment:checking '/home/jone/ws_moveit/install/moveit_ros_move_group/bin'
[29.000s] Level 1:colcon.colcon_core.environment:checking '/home/jone/ws_moveit/install/moveit_ros_move_group/lib/pkgconfig/moveit_ros_move_group.pc'
[29.000s] Level 1:colcon.colcon_core.environment:checking '/home/jone/ws_moveit/install/moveit_ros_move_group/lib/python3.10/site-packages'
[29.001s] Level 1:colcon.colcon_core.environment:checking '/home/jone/ws_moveit/install/moveit_ros_move_group/bin'
[29.001s] INFO:colcon.colcon_core.shell:Creating package script '/home/jone/ws_moveit/install/moveit_ros_move_group/share/moveit_ros_move_group/package.ps1'
[29.001s] INFO:colcon.colcon_core.shell:Creating package descriptor '/home/jone/ws_moveit/install/moveit_ros_move_group/share/moveit_ros_move_group/package.dsv'
[29.002s] INFO:colcon.colcon_core.shell:Creating package script '/home/jone/ws_moveit/install/moveit_ros_move_group/share/moveit_ros_move_group/package.sh'
[29.002s] INFO:colcon.colcon_core.shell:Creating package script '/home/jone/ws_moveit/install/moveit_ros_move_group/share/moveit_ros_move_group/package.bash'
[29.002s] INFO:colcon.colcon_core.shell:Creating package script '/home/jone/ws_moveit/install/moveit_ros_move_group/share/moveit_ros_move_group/package.zsh'
[29.002s] Level 1:colcon.colcon_core.environment:create_file_with_runtime_dependencies(/home/jone/ws_moveit/install/moveit_ros_move_group/share/colcon-core/packages/moveit_ros_move_group)
[29.003s] Level 1:colcon.colcon_core.environment:create_environment_scripts_only(moveit_ros_move_group)
[29.003s] Level 1:colcon.colcon_core.environment:checking '/home/jone/ws_moveit/install/moveit_ros_move_group' for CMake module files
[29.003s] Level 1:colcon.colcon_core.environment:checking '/home/jone/ws_moveit/install/moveit_ros_move_group' for CMake config files
[29.004s] Level 1:colcon.colcon_core.shell:create_environment_hook('moveit_ros_move_group', 'cmake_prefix_path')
[29.004s] INFO:colcon.colcon_core.shell:Creating environment hook '/home/jone/ws_moveit/install/moveit_ros_move_group/share/moveit_ros_move_group/hook/cmake_prefix_path.ps1'
[29.004s] INFO:colcon.colcon_core.shell:Creating environment descriptor '/home/jone/ws_moveit/install/moveit_ros_move_group/share/moveit_ros_move_group/hook/cmake_prefix_path.dsv'
[29.004s] INFO:colcon.colcon_core.shell:Creating environment hook '/home/jone/ws_moveit/install/moveit_ros_move_group/share/moveit_ros_move_group/hook/cmake_prefix_path.sh'
[29.005s] Level 1:colcon.colcon_core.environment:checking '/home/jone/ws_moveit/install/moveit_ros_move_group/lib'
[29.005s] Level 1:colcon.colcon_core.shell:create_environment_hook('moveit_ros_move_group', 'ld_library_path_lib')
[29.005s] INFO:colcon.colcon_core.shell:Creating environment hook '/home/jone/ws_moveit/install/moveit_ros_move_group/share/moveit_ros_move_group/hook/ld_library_path_lib.ps1'
[29.005s] INFO:colcon.colcon_core.shell:Creating environment descriptor '/home/jone/ws_moveit/install/moveit_ros_move_group/share/moveit_ros_move_group/hook/ld_library_path_lib.dsv'
[29.005s] INFO:colcon.colcon_core.shell:Creating environment hook '/home/jone/ws_moveit/install/moveit_ros_move_group/share/moveit_ros_move_group/hook/ld_library_path_lib.sh'
[29.006s] Level 1:colcon.colcon_core.environment:checking '/home/jone/ws_moveit/install/moveit_ros_move_group/bin'
[29.006s] Level 1:colcon.colcon_core.environment:checking '/home/jone/ws_moveit/install/moveit_ros_move_group/lib/pkgconfig/moveit_ros_move_group.pc'
[29.006s] Level 1:colcon.colcon_core.environment:checking '/home/jone/ws_moveit/install/moveit_ros_move_group/lib/python3.10/site-packages'
[29.006s] Level 1:colcon.colcon_core.environment:checking '/home/jone/ws_moveit/install/moveit_ros_move_group/bin'
[29.006s] INFO:colcon.colcon_core.shell:Creating package script '/home/jone/ws_moveit/install/moveit_ros_move_group/share/moveit_ros_move_group/package.ps1'
[29.007s] INFO:colcon.colcon_core.shell:Creating package descriptor '/home/jone/ws_moveit/install/moveit_ros_move_group/share/moveit_ros_move_group/package.dsv'
[29.007s] INFO:colcon.colcon_core.shell:Creating package script '/home/jone/ws_moveit/install/moveit_ros_move_group/share/moveit_ros_move_group/package.sh'
[29.008s] INFO:colcon.colcon_core.shell:Creating package script '/home/jone/ws_moveit/install/moveit_ros_move_group/share/moveit_ros_move_group/package.bash'
[29.008s] INFO:colcon.colcon_core.shell:Creating package script '/home/jone/ws_moveit/install/moveit_ros_move_group/share/moveit_ros_move_group/package.zsh'
[29.008s] Level 1:colcon.colcon_core.environment:create_file_with_runtime_dependencies(/home/jone/ws_moveit/install/moveit_ros_move_group/share/colcon-core/packages/moveit_ros_move_group)
[29.008s] DEBUG:colcon.colcon_core.executor.sequential:run_until_complete 'moveit_ros_move_group' finished with '0'
[29.008s] DEBUG:colcon.colcon_core.executor.sequential:run_until_complete 'moveit_resources_prbt_moveit_config'
[29.008s] INFO:colcon.colcon_ros.task.ament_cmake.build:Building ROS package in '/home/jone/ws_moveit/src/moveit2/moveit_planners/test_configs/prbt_moveit_config' with build type 'ament_cmake'
[29.008s] INFO:colcon.colcon_cmake.task.cmake.build:Building CMake package in '/home/jone/ws_moveit/src/moveit2/moveit_planners/test_configs/prbt_moveit_config'
[29.009s] INFO:colcon.colcon_core.shell:Skip shell extension 'powershell' for command environment: Not usable outside of PowerShell
[29.009s] DEBUG:colcon.colcon_core.shell:Skip shell extension 'dsv' for command environment
[29.038s] DEBUG:colcon.colcon_core.event_handler.log_command:Invoking command in '/home/jone/ws_moveit/build/moveit_resources_prbt_moveit_config': AMENT_PREFIX_PATH=/home/jone/ws_moveit/install/moveit_ros_move_group:/home/jone/ws_moveit/install/moveit_kinematics:/home/jone/ws_moveit/install/moveit_ros_planning:/home/jone/ws_moveit/install/moveit_ros_occupancy_map_monitor:/home/jone/ws_moveit/install/moveit_resources_prbt_ikfast_manipulator_plugin:/home/jone/ws_moveit/install/moveit_core:/home/jone/ws_moveit/install/moveit_resources_panda_moveit_config:/home/jone/ws_moveit/install/moveit_resources_fanuc_moveit_config:/home/jone/ws_moveit/install/moveit_configs_utils:/home/jone/ws_moveit/install/srdfdom:/home/jone/ws_moveit/install/moveit_resources_prbt_support:/home/jone/ws_moveit/install/moveit_resources_pr2_description:/home/jone/ws_moveit/install/moveit_resources_panda_description:/home/jone/ws_moveit/install/moveit_resources_fanuc_description:/home/jone/ws_moveit/install/moveit_common:/home/jone/ws_moveit/install/launch_param_builder:${AMENT_PREFIX_PATH} CMAKE_PREFIX_PATH=/home/jone/ws_moveit/install/moveit_ros_move_group:/home/jone/ws_moveit/install/moveit_kinematics:/home/jone/ws_moveit/install/moveit_ros_planning:/home/jone/ws_moveit/install/moveit_ros_occupancy_map_monitor:/home/jone/ws_moveit/install/moveit_resources_prbt_ikfast_manipulator_plugin:/home/jone/ws_moveit/install/moveit_core:/home/jone/ws_moveit/install/moveit_resources_panda_moveit_config:/home/jone/ws_moveit/install/moveit_resources_fanuc_moveit_config:/home/jone/ws_moveit/install/srdfdom:/home/jone/ws_moveit/install/moveit_resources_prbt_support:/home/jone/ws_moveit/install/moveit_resources_pr2_description:/home/jone/ws_moveit/install/moveit_resources_panda_description:/home/jone/ws_moveit/install/moveit_resources_fanuc_description:/home/jone/ws_moveit/install/moveit_common:/opt/ros/humble LD_LIBRARY_PATH=/home/jone/ws_moveit/install/moveit_ros_move_group/lib:/home/jone/ws_moveit/install/moveit_kinematics/lib:/home/jone/ws_moveit/install/moveit_ros_planning/lib:/home/jone/ws_moveit/install/moveit_ros_occupancy_map_monitor/lib:/home/jone/ws_moveit/install/moveit_resources_prbt_ikfast_manipulator_plugin/lib:/home/jone/ws_moveit/install/moveit_core/lib:/home/jone/ws_moveit/install/srdfdom/lib:/opt/ros/humble/opt/rviz_ogre_vendor/lib:/opt/ros/humble/lib/x86_64-linux-gnu:/opt/ros/humble/lib:/usr/lib/x86_64-linux-gnu/gazebo-11/plugins:/usr/lib/x86_64-linux-gnu/gazebo-11/plugins:/usr/lib/x86_64-linux-gnu/gazebo-11/plugins PATH=/home/jone/ws_moveit/install/moveit_core/bin:${PATH} PYTHONPATH=/home/jone/ws_moveit/install/moveit_configs_utils/lib/python3.10/site-packages:/home/jone/ws_moveit/install/srdfdom/local/lib/python3.10/dist-packages:/home/jone/ws_moveit/install/launch_param_builder/lib/python3.10/site-packages:${PYTHONPATH} /usr/bin/cmake /home/jone/ws_moveit/src/moveit2/moveit_planners/test_configs/prbt_moveit_config -DCMAKE_INSTALL_PREFIX=/home/jone/ws_moveit/install/moveit_resources_prbt_moveit_config
[29.226s] DEBUG:colcon.colcon_core.event_handler.log_command:Invoked command in '/home/jone/ws_moveit/build/moveit_resources_prbt_moveit_config' returned '0': AMENT_PREFIX_PATH=/home/jone/ws_moveit/install/moveit_ros_move_group:/home/jone/ws_moveit/install/moveit_kinematics:/home/jone/ws_moveit/install/moveit_ros_planning:/home/jone/ws_moveit/install/moveit_ros_occupancy_map_monitor:/home/jone/ws_moveit/install/moveit_resources_prbt_ikfast_manipulator_plugin:/home/jone/ws_moveit/install/moveit_core:/home/jone/ws_moveit/install/moveit_resources_panda_moveit_config:/home/jone/ws_moveit/install/moveit_resources_fanuc_moveit_config:/home/jone/ws_moveit/install/moveit_configs_utils:/home/jone/ws_moveit/install/srdfdom:/home/jone/ws_moveit/install/moveit_resources_prbt_support:/home/jone/ws_moveit/install/moveit_resources_pr2_description:/home/jone/ws_moveit/install/moveit_resources_panda_description:/home/jone/ws_moveit/install/moveit_resources_fanuc_description:/home/jone/ws_moveit/install/moveit_common:/home/jone/ws_moveit/install/launch_param_builder:${AMENT_PREFIX_PATH} CMAKE_PREFIX_PATH=/home/jone/ws_moveit/install/moveit_ros_move_group:/home/jone/ws_moveit/install/moveit_kinematics:/home/jone/ws_moveit/install/moveit_ros_planning:/home/jone/ws_moveit/install/moveit_ros_occupancy_map_monitor:/home/jone/ws_moveit/install/moveit_resources_prbt_ikfast_manipulator_plugin:/home/jone/ws_moveit/install/moveit_core:/home/jone/ws_moveit/install/moveit_resources_panda_moveit_config:/home/jone/ws_moveit/install/moveit_resources_fanuc_moveit_config:/home/jone/ws_moveit/install/srdfdom:/home/jone/ws_moveit/install/moveit_resources_prbt_support:/home/jone/ws_moveit/install/moveit_resources_pr2_description:/home/jone/ws_moveit/install/moveit_resources_panda_description:/home/jone/ws_moveit/install/moveit_resources_fanuc_description:/home/jone/ws_moveit/install/moveit_common:/opt/ros/humble LD_LIBRARY_PATH=/home/jone/ws_moveit/install/moveit_ros_move_group/lib:/home/jone/ws_moveit/install/moveit_kinematics/lib:/home/jone/ws_moveit/install/moveit_ros_planning/lib:/home/jone/ws_moveit/install/moveit_ros_occupancy_map_monitor/lib:/home/jone/ws_moveit/install/moveit_resources_prbt_ikfast_manipulator_plugin/lib:/home/jone/ws_moveit/install/moveit_core/lib:/home/jone/ws_moveit/install/srdfdom/lib:/opt/ros/humble/opt/rviz_ogre_vendor/lib:/opt/ros/humble/lib/x86_64-linux-gnu:/opt/ros/humble/lib:/usr/lib/x86_64-linux-gnu/gazebo-11/plugins:/usr/lib/x86_64-linux-gnu/gazebo-11/plugins:/usr/lib/x86_64-linux-gnu/gazebo-11/plugins PATH=/home/jone/ws_moveit/install/moveit_core/bin:${PATH} PYTHONPATH=/home/jone/ws_moveit/install/moveit_configs_utils/lib/python3.10/site-packages:/home/jone/ws_moveit/install/srdfdom/local/lib/python3.10/dist-packages:/home/jone/ws_moveit/install/launch_param_builder/lib/python3.10/site-packages:${PYTHONPATH} /usr/bin/cmake /home/jone/ws_moveit/src/moveit2/moveit_planners/test_configs/prbt_moveit_config -DCMAKE_INSTALL_PREFIX=/home/jone/ws_moveit/install/moveit_resources_prbt_moveit_config
[29.228s] DEBUG:colcon.colcon_core.event_handler.log_command:Invoking command in '/home/jone/ws_moveit/build/moveit_resources_prbt_moveit_config': AMENT_PREFIX_PATH=/home/jone/ws_moveit/install/moveit_ros_move_group:/home/jone/ws_moveit/install/moveit_kinematics:/home/jone/ws_moveit/install/moveit_ros_planning:/home/jone/ws_moveit/install/moveit_ros_occupancy_map_monitor:/home/jone/ws_moveit/install/moveit_resources_prbt_ikfast_manipulator_plugin:/home/jone/ws_moveit/install/moveit_core:/home/jone/ws_moveit/install/moveit_resources_panda_moveit_config:/home/jone/ws_moveit/install/moveit_resources_fanuc_moveit_config:/home/jone/ws_moveit/install/moveit_configs_utils:/home/jone/ws_moveit/install/srdfdom:/home/jone/ws_moveit/install/moveit_resources_prbt_support:/home/jone/ws_moveit/install/moveit_resources_pr2_description:/home/jone/ws_moveit/install/moveit_resources_panda_description:/home/jone/ws_moveit/install/moveit_resources_fanuc_description:/home/jone/ws_moveit/install/moveit_common:/home/jone/ws_moveit/install/launch_param_builder:${AMENT_PREFIX_PATH} CMAKE_PREFIX_PATH=/home/jone/ws_moveit/install/moveit_ros_move_group:/home/jone/ws_moveit/install/moveit_kinematics:/home/jone/ws_moveit/install/moveit_ros_planning:/home/jone/ws_moveit/install/moveit_ros_occupancy_map_monitor:/home/jone/ws_moveit/install/moveit_resources_prbt_ikfast_manipulator_plugin:/home/jone/ws_moveit/install/moveit_core:/home/jone/ws_moveit/install/moveit_resources_panda_moveit_config:/home/jone/ws_moveit/install/moveit_resources_fanuc_moveit_config:/home/jone/ws_moveit/install/srdfdom:/home/jone/ws_moveit/install/moveit_resources_prbt_support:/home/jone/ws_moveit/install/moveit_resources_pr2_description:/home/jone/ws_moveit/install/moveit_resources_panda_description:/home/jone/ws_moveit/install/moveit_resources_fanuc_description:/home/jone/ws_moveit/install/moveit_common:/opt/ros/humble LD_LIBRARY_PATH=/home/jone/ws_moveit/install/moveit_ros_move_group/lib:/home/jone/ws_moveit/install/moveit_kinematics/lib:/home/jone/ws_moveit/install/moveit_ros_planning/lib:/home/jone/ws_moveit/install/moveit_ros_occupancy_map_monitor/lib:/home/jone/ws_moveit/install/moveit_resources_prbt_ikfast_manipulator_plugin/lib:/home/jone/ws_moveit/install/moveit_core/lib:/home/jone/ws_moveit/install/srdfdom/lib:/opt/ros/humble/opt/rviz_ogre_vendor/lib:/opt/ros/humble/lib/x86_64-linux-gnu:/opt/ros/humble/lib:/usr/lib/x86_64-linux-gnu/gazebo-11/plugins:/usr/lib/x86_64-linux-gnu/gazebo-11/plugins:/usr/lib/x86_64-linux-gnu/gazebo-11/plugins PATH=/home/jone/ws_moveit/install/moveit_core/bin:${PATH} PYTHONPATH=/home/jone/ws_moveit/install/moveit_configs_utils/lib/python3.10/site-packages:/home/jone/ws_moveit/install/srdfdom/local/lib/python3.10/dist-packages:/home/jone/ws_moveit/install/launch_param_builder/lib/python3.10/site-packages:${PYTHONPATH} /usr/bin/cmake --build /home/jone/ws_moveit/build/moveit_resources_prbt_moveit_config -- -j16 -l16
[29.263s] DEBUG:colcon.colcon_core.event_handler.log_command:Invoked command in '/home/jone/ws_moveit/build/moveit_resources_prbt_moveit_config' returned '0': AMENT_PREFIX_PATH=/home/jone/ws_moveit/install/moveit_ros_move_group:/home/jone/ws_moveit/install/moveit_kinematics:/home/jone/ws_moveit/install/moveit_ros_planning:/home/jone/ws_moveit/install/moveit_ros_occupancy_map_monitor:/home/jone/ws_moveit/install/moveit_resources_prbt_ikfast_manipulator_plugin:/home/jone/ws_moveit/install/moveit_core:/home/jone/ws_moveit/install/moveit_resources_panda_moveit_config:/home/jone/ws_moveit/install/moveit_resources_fanuc_moveit_config:/home/jone/ws_moveit/install/moveit_configs_utils:/home/jone/ws_moveit/install/srdfdom:/home/jone/ws_moveit/install/moveit_resources_prbt_support:/home/jone/ws_moveit/install/moveit_resources_pr2_description:/home/jone/ws_moveit/install/moveit_resources_panda_description:/home/jone/ws_moveit/install/moveit_resources_fanuc_description:/home/jone/ws_moveit/install/moveit_common:/home/jone/ws_moveit/install/launch_param_builder:${AMENT_PREFIX_PATH} CMAKE_PREFIX_PATH=/home/jone/ws_moveit/install/moveit_ros_move_group:/home/jone/ws_moveit/install/moveit_kinematics:/home/jone/ws_moveit/install/moveit_ros_planning:/home/jone/ws_moveit/install/moveit_ros_occupancy_map_monitor:/home/jone/ws_moveit/install/moveit_resources_prbt_ikfast_manipulator_plugin:/home/jone/ws_moveit/install/moveit_core:/home/jone/ws_moveit/install/moveit_resources_panda_moveit_config:/home/jone/ws_moveit/install/moveit_resources_fanuc_moveit_config:/home/jone/ws_moveit/install/srdfdom:/home/jone/ws_moveit/install/moveit_resources_prbt_support:/home/jone/ws_moveit/install/moveit_resources_pr2_description:/home/jone/ws_moveit/install/moveit_resources_panda_description:/home/jone/ws_moveit/install/moveit_resources_fanuc_description:/home/jone/ws_moveit/install/moveit_common:/opt/ros/humble LD_LIBRARY_PATH=/home/jone/ws_moveit/install/moveit_ros_move_group/lib:/home/jone/ws_moveit/install/moveit_kinematics/lib:/home/jone/ws_moveit/install/moveit_ros_planning/lib:/home/jone/ws_moveit/install/moveit_ros_occupancy_map_monitor/lib:/home/jone/ws_moveit/install/moveit_resources_prbt_ikfast_manipulator_plugin/lib:/home/jone/ws_moveit/install/moveit_core/lib:/home/jone/ws_moveit/install/srdfdom/lib:/opt/ros/humble/opt/rviz_ogre_vendor/lib:/opt/ros/humble/lib/x86_64-linux-gnu:/opt/ros/humble/lib:/usr/lib/x86_64-linux-gnu/gazebo-11/plugins:/usr/lib/x86_64-linux-gnu/gazebo-11/plugins:/usr/lib/x86_64-linux-gnu/gazebo-11/plugins PATH=/home/jone/ws_moveit/install/moveit_core/bin:${PATH} PYTHONPATH=/home/jone/ws_moveit/install/moveit_configs_utils/lib/python3.10/site-packages:/home/jone/ws_moveit/install/srdfdom/local/lib/python3.10/dist-packages:/home/jone/ws_moveit/install/launch_param_builder/lib/python3.10/site-packages:${PYTHONPATH} /usr/bin/cmake --build /home/jone/ws_moveit/build/moveit_resources_prbt_moveit_config -- -j16 -l16
[29.279s] DEBUG:colcon.colcon_core.event_handler.log_command:Invoking command in '/home/jone/ws_moveit/build/moveit_resources_prbt_moveit_config': AMENT_PREFIX_PATH=/home/jone/ws_moveit/install/moveit_ros_move_group:/home/jone/ws_moveit/install/moveit_kinematics:/home/jone/ws_moveit/install/moveit_ros_planning:/home/jone/ws_moveit/install/moveit_ros_occupancy_map_monitor:/home/jone/ws_moveit/install/moveit_resources_prbt_ikfast_manipulator_plugin:/home/jone/ws_moveit/install/moveit_core:/home/jone/ws_moveit/install/moveit_resources_panda_moveit_config:/home/jone/ws_moveit/install/moveit_resources_fanuc_moveit_config:/home/jone/ws_moveit/install/moveit_configs_utils:/home/jone/ws_moveit/install/srdfdom:/home/jone/ws_moveit/install/moveit_resources_prbt_support:/home/jone/ws_moveit/install/moveit_resources_pr2_description:/home/jone/ws_moveit/install/moveit_resources_panda_description:/home/jone/ws_moveit/install/moveit_resources_fanuc_description:/home/jone/ws_moveit/install/moveit_common:/home/jone/ws_moveit/install/launch_param_builder:${AMENT_PREFIX_PATH} CMAKE_PREFIX_PATH=/home/jone/ws_moveit/install/moveit_ros_move_group:/home/jone/ws_moveit/install/moveit_kinematics:/home/jone/ws_moveit/install/moveit_ros_planning:/home/jone/ws_moveit/install/moveit_ros_occupancy_map_monitor:/home/jone/ws_moveit/install/moveit_resources_prbt_ikfast_manipulator_plugin:/home/jone/ws_moveit/install/moveit_core:/home/jone/ws_moveit/install/moveit_resources_panda_moveit_config:/home/jone/ws_moveit/install/moveit_resources_fanuc_moveit_config:/home/jone/ws_moveit/install/srdfdom:/home/jone/ws_moveit/install/moveit_resources_prbt_support:/home/jone/ws_moveit/install/moveit_resources_pr2_description:/home/jone/ws_moveit/install/moveit_resources_panda_description:/home/jone/ws_moveit/install/moveit_resources_fanuc_description:/home/jone/ws_moveit/install/moveit_common:/opt/ros/humble LD_LIBRARY_PATH=/home/jone/ws_moveit/install/moveit_ros_move_group/lib:/home/jone/ws_moveit/install/moveit_kinematics/lib:/home/jone/ws_moveit/install/moveit_ros_planning/lib:/home/jone/ws_moveit/install/moveit_ros_occupancy_map_monitor/lib:/home/jone/ws_moveit/install/moveit_resources_prbt_ikfast_manipulator_plugin/lib:/home/jone/ws_moveit/install/moveit_core/lib:/home/jone/ws_moveit/install/srdfdom/lib:/opt/ros/humble/opt/rviz_ogre_vendor/lib:/opt/ros/humble/lib/x86_64-linux-gnu:/opt/ros/humble/lib:/usr/lib/x86_64-linux-gnu/gazebo-11/plugins:/usr/lib/x86_64-linux-gnu/gazebo-11/plugins:/usr/lib/x86_64-linux-gnu/gazebo-11/plugins PATH=/home/jone/ws_moveit/install/moveit_core/bin:${PATH} PYTHONPATH=/home/jone/ws_moveit/install/moveit_configs_utils/lib/python3.10/site-packages:/home/jone/ws_moveit/install/srdfdom/local/lib/python3.10/dist-packages:/home/jone/ws_moveit/install/launch_param_builder/lib/python3.10/site-packages:${PYTHONPATH} /usr/bin/cmake --install /home/jone/ws_moveit/build/moveit_resources_prbt_moveit_config
[29.289s] Level 1:colcon.colcon_core.environment:create_environment_scripts_only(moveit_resources_prbt_moveit_config)
[29.290s] Level 1:colcon.colcon_core.environment:checking '/home/jone/ws_moveit/install/moveit_resources_prbt_moveit_config' for CMake module files
[29.290s] DEBUG:colcon.colcon_core.event_handler.log_command:Invoked command in '/home/jone/ws_moveit/build/moveit_resources_prbt_moveit_config' returned '0': AMENT_PREFIX_PATH=/home/jone/ws_moveit/install/moveit_ros_move_group:/home/jone/ws_moveit/install/moveit_kinematics:/home/jone/ws_moveit/install/moveit_ros_planning:/home/jone/ws_moveit/install/moveit_ros_occupancy_map_monitor:/home/jone/ws_moveit/install/moveit_resources_prbt_ikfast_manipulator_plugin:/home/jone/ws_moveit/install/moveit_core:/home/jone/ws_moveit/install/moveit_resources_panda_moveit_config:/home/jone/ws_moveit/install/moveit_resources_fanuc_moveit_config:/home/jone/ws_moveit/install/moveit_configs_utils:/home/jone/ws_moveit/install/srdfdom:/home/jone/ws_moveit/install/moveit_resources_prbt_support:/home/jone/ws_moveit/install/moveit_resources_pr2_description:/home/jone/ws_moveit/install/moveit_resources_panda_description:/home/jone/ws_moveit/install/moveit_resources_fanuc_description:/home/jone/ws_moveit/install/moveit_common:/home/jone/ws_moveit/install/launch_param_builder:${AMENT_PREFIX_PATH} CMAKE_PREFIX_PATH=/home/jone/ws_moveit/install/moveit_ros_move_group:/home/jone/ws_moveit/install/moveit_kinematics:/home/jone/ws_moveit/install/moveit_ros_planning:/home/jone/ws_moveit/install/moveit_ros_occupancy_map_monitor:/home/jone/ws_moveit/install/moveit_resources_prbt_ikfast_manipulator_plugin:/home/jone/ws_moveit/install/moveit_core:/home/jone/ws_moveit/install/moveit_resources_panda_moveit_config:/home/jone/ws_moveit/install/moveit_resources_fanuc_moveit_config:/home/jone/ws_moveit/install/srdfdom:/home/jone/ws_moveit/install/moveit_resources_prbt_support:/home/jone/ws_moveit/install/moveit_resources_pr2_description:/home/jone/ws_moveit/install/moveit_resources_panda_description:/home/jone/ws_moveit/install/moveit_resources_fanuc_description:/home/jone/ws_moveit/install/moveit_common:/opt/ros/humble LD_LIBRARY_PATH=/home/jone/ws_moveit/install/moveit_ros_move_group/lib:/home/jone/ws_moveit/install/moveit_kinematics/lib:/home/jone/ws_moveit/install/moveit_ros_planning/lib:/home/jone/ws_moveit/install/moveit_ros_occupancy_map_monitor/lib:/home/jone/ws_moveit/install/moveit_resources_prbt_ikfast_manipulator_plugin/lib:/home/jone/ws_moveit/install/moveit_core/lib:/home/jone/ws_moveit/install/srdfdom/lib:/opt/ros/humble/opt/rviz_ogre_vendor/lib:/opt/ros/humble/lib/x86_64-linux-gnu:/opt/ros/humble/lib:/usr/lib/x86_64-linux-gnu/gazebo-11/plugins:/usr/lib/x86_64-linux-gnu/gazebo-11/plugins:/usr/lib/x86_64-linux-gnu/gazebo-11/plugins PATH=/home/jone/ws_moveit/install/moveit_core/bin:${PATH} PYTHONPATH=/home/jone/ws_moveit/install/moveit_configs_utils/lib/python3.10/site-packages:/home/jone/ws_moveit/install/srdfdom/local/lib/python3.10/dist-packages:/home/jone/ws_moveit/install/launch_param_builder/lib/python3.10/site-packages:${PYTHONPATH} /usr/bin/cmake --install /home/jone/ws_moveit/build/moveit_resources_prbt_moveit_config
[29.290s] Level 1:colcon.colcon_core.environment:checking '/home/jone/ws_moveit/install/moveit_resources_prbt_moveit_config' for CMake config files
[29.291s] Level 1:colcon.colcon_core.shell:create_environment_hook('moveit_resources_prbt_moveit_config', 'cmake_prefix_path')
[29.291s] INFO:colcon.colcon_core.shell:Creating environment hook '/home/jone/ws_moveit/install/moveit_resources_prbt_moveit_config/share/moveit_resources_prbt_moveit_config/hook/cmake_prefix_path.ps1'
[29.291s] INFO:colcon.colcon_core.shell:Creating environment descriptor '/home/jone/ws_moveit/install/moveit_resources_prbt_moveit_config/share/moveit_resources_prbt_moveit_config/hook/cmake_prefix_path.dsv'
[29.291s] INFO:colcon.colcon_core.shell:Creating environment hook '/home/jone/ws_moveit/install/moveit_resources_prbt_moveit_config/share/moveit_resources_prbt_moveit_config/hook/cmake_prefix_path.sh'
[29.292s] Level 1:colcon.colcon_core.environment:checking '/home/jone/ws_moveit/install/moveit_resources_prbt_moveit_config/bin'
[29.292s] Level 1:colcon.colcon_core.environment:checking '/home/jone/ws_moveit/install/moveit_resources_prbt_moveit_config/lib/pkgconfig/moveit_resources_prbt_moveit_config.pc'
[29.292s] Level 1:colcon.colcon_core.environment:checking '/home/jone/ws_moveit/install/moveit_resources_prbt_moveit_config/lib/python3.10/site-packages'
[29.292s] Level 1:colcon.colcon_core.environment:checking '/home/jone/ws_moveit/install/moveit_resources_prbt_moveit_config/bin'
[29.292s] INFO:colcon.colcon_core.shell:Creating package script '/home/jone/ws_moveit/install/moveit_resources_prbt_moveit_config/share/moveit_resources_prbt_moveit_config/package.ps1'
[29.293s] INFO:colcon.colcon_core.shell:Creating package descriptor '/home/jone/ws_moveit/install/moveit_resources_prbt_moveit_config/share/moveit_resources_prbt_moveit_config/package.dsv'
[29.293s] INFO:colcon.colcon_core.shell:Creating package script '/home/jone/ws_moveit/install/moveit_resources_prbt_moveit_config/share/moveit_resources_prbt_moveit_config/package.sh'
[29.293s] INFO:colcon.colcon_core.shell:Creating package script '/home/jone/ws_moveit/install/moveit_resources_prbt_moveit_config/share/moveit_resources_prbt_moveit_config/package.bash'
[29.294s] INFO:colcon.colcon_core.shell:Creating package script '/home/jone/ws_moveit/install/moveit_resources_prbt_moveit_config/share/moveit_resources_prbt_moveit_config/package.zsh'
[29.294s] Level 1:colcon.colcon_core.environment:create_file_with_runtime_dependencies(/home/jone/ws_moveit/install/moveit_resources_prbt_moveit_config/share/colcon-core/packages/moveit_resources_prbt_moveit_config)
[29.295s] Level 1:colcon.colcon_core.environment:create_environment_scripts_only(moveit_resources_prbt_moveit_config)
[29.295s] Level 1:colcon.colcon_core.environment:checking '/home/jone/ws_moveit/install/moveit_resources_prbt_moveit_config' for CMake module files
[29.295s] Level 1:colcon.colcon_core.environment:checking '/home/jone/ws_moveit/install/moveit_resources_prbt_moveit_config' for CMake config files
[29.295s] Level 1:colcon.colcon_core.shell:create_environment_hook('moveit_resources_prbt_moveit_config', 'cmake_prefix_path')
[29.295s] INFO:colcon.colcon_core.shell:Creating environment hook '/home/jone/ws_moveit/install/moveit_resources_prbt_moveit_config/share/moveit_resources_prbt_moveit_config/hook/cmake_prefix_path.ps1'
[29.296s] INFO:colcon.colcon_core.shell:Creating environment descriptor '/home/jone/ws_moveit/install/moveit_resources_prbt_moveit_config/share/moveit_resources_prbt_moveit_config/hook/cmake_prefix_path.dsv'
[29.296s] INFO:colcon.colcon_core.shell:Creating environment hook '/home/jone/ws_moveit/install/moveit_resources_prbt_moveit_config/share/moveit_resources_prbt_moveit_config/hook/cmake_prefix_path.sh'
[29.296s] Level 1:colcon.colcon_core.environment:checking '/home/jone/ws_moveit/install/moveit_resources_prbt_moveit_config/bin'
[29.296s] Level 1:colcon.colcon_core.environment:checking '/home/jone/ws_moveit/install/moveit_resources_prbt_moveit_config/lib/pkgconfig/moveit_resources_prbt_moveit_config.pc'
[29.297s] Level 1:colcon.colcon_core.environment:checking '/home/jone/ws_moveit/install/moveit_resources_prbt_moveit_config/lib/python3.10/site-packages'
[29.297s] Level 1:colcon.colcon_core.environment:checking '/home/jone/ws_moveit/install/moveit_resources_prbt_moveit_config/bin'
[29.297s] INFO:colcon.colcon_core.shell:Creating package script '/home/jone/ws_moveit/install/moveit_resources_prbt_moveit_config/share/moveit_resources_prbt_moveit_config/package.ps1'
[29.297s] INFO:colcon.colcon_core.shell:Creating package descriptor '/home/jone/ws_moveit/install/moveit_resources_prbt_moveit_config/share/moveit_resources_prbt_moveit_config/package.dsv'
[29.298s] INFO:colcon.colcon_core.shell:Creating package script '/home/jone/ws_moveit/install/moveit_resources_prbt_moveit_config/share/moveit_resources_prbt_moveit_config/package.sh'
[29.298s] INFO:colcon.colcon_core.shell:Creating package script '/home/jone/ws_moveit/install/moveit_resources_prbt_moveit_config/share/moveit_resources_prbt_moveit_config/package.bash'
[29.298s] INFO:colcon.colcon_core.shell:Creating package script '/home/jone/ws_moveit/install/moveit_resources_prbt_moveit_config/share/moveit_resources_prbt_moveit_config/package.zsh'
[29.298s] Level 1:colcon.colcon_core.environment:create_file_with_runtime_dependencies(/home/jone/ws_moveit/install/moveit_resources_prbt_moveit_config/share/colcon-core/packages/moveit_resources_prbt_moveit_config)
[29.299s] DEBUG:colcon.colcon_core.executor.sequential:run_until_complete 'moveit_resources_prbt_moveit_config' finished with '0'
[29.299s] DEBUG:colcon.colcon_core.executor.sequential:run_until_complete 'moveit_ros_planning_interface'
[29.299s] INFO:colcon.colcon_ros.task.ament_cmake.build:Building ROS package in '/home/jone/ws_moveit/src/moveit2/moveit_ros/planning_interface' with build type 'ament_cmake'
[29.299s] INFO:colcon.colcon_cmake.task.cmake.build:Building CMake package in '/home/jone/ws_moveit/src/moveit2/moveit_ros/planning_interface'
[29.299s] INFO:colcon.colcon_core.shell:Skip shell extension 'powershell' for command environment: Not usable outside of PowerShell
[29.299s] DEBUG:colcon.colcon_core.shell:Skip shell extension 'dsv' for command environment
[29.332s] DEBUG:colcon.colcon_core.event_handler.log_command:Invoking command in '/home/jone/ws_moveit/build/moveit_ros_planning_interface': AMENT_PREFIX_PATH=/home/jone/ws_moveit/install/moveit_ros_move_group:/home/jone/ws_moveit/install/moveit_ros_warehouse:/home/jone/ws_moveit/install/moveit_planners_ompl:/home/jone/ws_moveit/install/moveit_kinematics:/home/jone/ws_moveit/install/moveit_ros_planning:/home/jone/ws_moveit/install/moveit_simple_controller_manager:/home/jone/ws_moveit/install/moveit_ros_occupancy_map_monitor:/home/jone/ws_moveit/install/moveit_core:/home/jone/ws_moveit/install/moveit_resources_panda_moveit_config:/home/jone/ws_moveit/install/moveit_resources_fanuc_moveit_config:/home/jone/ws_moveit/install/moveit_configs_utils:/home/jone/ws_moveit/install/srdfdom:/home/jone/ws_moveit/install/moveit_resources_pr2_description:/home/jone/ws_moveit/install/moveit_resources_panda_description:/home/jone/ws_moveit/install/moveit_resources_fanuc_description:/home/jone/ws_moveit/install/moveit_common:/home/jone/ws_moveit/install/launch_param_builder:${AMENT_PREFIX_PATH} CMAKE_PREFIX_PATH=/home/jone/ws_moveit/install/moveit_ros_move_group:/home/jone/ws_moveit/install/moveit_ros_warehouse:/home/jone/ws_moveit/install/moveit_planners_ompl:/home/jone/ws_moveit/install/moveit_kinematics:/home/jone/ws_moveit/install/moveit_ros_planning:/home/jone/ws_moveit/install/moveit_simple_controller_manager:/home/jone/ws_moveit/install/moveit_ros_occupancy_map_monitor:/home/jone/ws_moveit/install/moveit_core:/home/jone/ws_moveit/install/moveit_resources_panda_moveit_config:/home/jone/ws_moveit/install/moveit_resources_fanuc_moveit_config:/home/jone/ws_moveit/install/srdfdom:/home/jone/ws_moveit/install/moveit_resources_pr2_description:/home/jone/ws_moveit/install/moveit_resources_panda_description:/home/jone/ws_moveit/install/moveit_resources_fanuc_description:/home/jone/ws_moveit/install/moveit_common:/opt/ros/humble LD_LIBRARY_PATH=/home/jone/ws_moveit/install/moveit_ros_move_group/lib:/home/jone/ws_moveit/install/moveit_ros_warehouse/lib:/home/jone/ws_moveit/install/moveit_planners_ompl/lib:/home/jone/ws_moveit/install/moveit_kinematics/lib:/home/jone/ws_moveit/install/moveit_ros_planning/lib:/home/jone/ws_moveit/install/moveit_simple_controller_manager/lib:/home/jone/ws_moveit/install/moveit_ros_occupancy_map_monitor/lib:/home/jone/ws_moveit/install/moveit_core/lib:/home/jone/ws_moveit/install/srdfdom/lib:/opt/ros/humble/opt/rviz_ogre_vendor/lib:/opt/ros/humble/lib/x86_64-linux-gnu:/opt/ros/humble/lib:/usr/lib/x86_64-linux-gnu/gazebo-11/plugins:/usr/lib/x86_64-linux-gnu/gazebo-11/plugins:/usr/lib/x86_64-linux-gnu/gazebo-11/plugins PATH=/home/jone/ws_moveit/install/moveit_core/bin:${PATH} PYTHONPATH=/home/jone/ws_moveit/install/moveit_configs_utils/lib/python3.10/site-packages:/home/jone/ws_moveit/install/srdfdom/local/lib/python3.10/dist-packages:/home/jone/ws_moveit/install/launch_param_builder/lib/python3.10/site-packages:${PYTHONPATH} /usr/bin/cmake /home/jone/ws_moveit/src/moveit2/moveit_ros/planning_interface -DCMAKE_INSTALL_PREFIX=/home/jone/ws_moveit/install/moveit_ros_planning_interface
[30.267s] DEBUG:colcon.colcon_core.event_handler.log_command:Invoked command in '/home/jone/ws_moveit/build/moveit_ros_planning_interface' returned '0': AMENT_PREFIX_PATH=/home/jone/ws_moveit/install/moveit_ros_move_group:/home/jone/ws_moveit/install/moveit_ros_warehouse:/home/jone/ws_moveit/install/moveit_planners_ompl:/home/jone/ws_moveit/install/moveit_kinematics:/home/jone/ws_moveit/install/moveit_ros_planning:/home/jone/ws_moveit/install/moveit_simple_controller_manager:/home/jone/ws_moveit/install/moveit_ros_occupancy_map_monitor:/home/jone/ws_moveit/install/moveit_core:/home/jone/ws_moveit/install/moveit_resources_panda_moveit_config:/home/jone/ws_moveit/install/moveit_resources_fanuc_moveit_config:/home/jone/ws_moveit/install/moveit_configs_utils:/home/jone/ws_moveit/install/srdfdom:/home/jone/ws_moveit/install/moveit_resources_pr2_description:/home/jone/ws_moveit/install/moveit_resources_panda_description:/home/jone/ws_moveit/install/moveit_resources_fanuc_description:/home/jone/ws_moveit/install/moveit_common:/home/jone/ws_moveit/install/launch_param_builder:${AMENT_PREFIX_PATH} CMAKE_PREFIX_PATH=/home/jone/ws_moveit/install/moveit_ros_move_group:/home/jone/ws_moveit/install/moveit_ros_warehouse:/home/jone/ws_moveit/install/moveit_planners_ompl:/home/jone/ws_moveit/install/moveit_kinematics:/home/jone/ws_moveit/install/moveit_ros_planning:/home/jone/ws_moveit/install/moveit_simple_controller_manager:/home/jone/ws_moveit/install/moveit_ros_occupancy_map_monitor:/home/jone/ws_moveit/install/moveit_core:/home/jone/ws_moveit/install/moveit_resources_panda_moveit_config:/home/jone/ws_moveit/install/moveit_resources_fanuc_moveit_config:/home/jone/ws_moveit/install/srdfdom:/home/jone/ws_moveit/install/moveit_resources_pr2_description:/home/jone/ws_moveit/install/moveit_resources_panda_description:/home/jone/ws_moveit/install/moveit_resources_fanuc_description:/home/jone/ws_moveit/install/moveit_common:/opt/ros/humble LD_LIBRARY_PATH=/home/jone/ws_moveit/install/moveit_ros_move_group/lib:/home/jone/ws_moveit/install/moveit_ros_warehouse/lib:/home/jone/ws_moveit/install/moveit_planners_ompl/lib:/home/jone/ws_moveit/install/moveit_kinematics/lib:/home/jone/ws_moveit/install/moveit_ros_planning/lib:/home/jone/ws_moveit/install/moveit_simple_controller_manager/lib:/home/jone/ws_moveit/install/moveit_ros_occupancy_map_monitor/lib:/home/jone/ws_moveit/install/moveit_core/lib:/home/jone/ws_moveit/install/srdfdom/lib:/opt/ros/humble/opt/rviz_ogre_vendor/lib:/opt/ros/humble/lib/x86_64-linux-gnu:/opt/ros/humble/lib:/usr/lib/x86_64-linux-gnu/gazebo-11/plugins:/usr/lib/x86_64-linux-gnu/gazebo-11/plugins:/usr/lib/x86_64-linux-gnu/gazebo-11/plugins PATH=/home/jone/ws_moveit/install/moveit_core/bin:${PATH} PYTHONPATH=/home/jone/ws_moveit/install/moveit_configs_utils/lib/python3.10/site-packages:/home/jone/ws_moveit/install/srdfdom/local/lib/python3.10/dist-packages:/home/jone/ws_moveit/install/launch_param_builder/lib/python3.10/site-packages:${PYTHONPATH} /usr/bin/cmake /home/jone/ws_moveit/src/moveit2/moveit_ros/planning_interface -DCMAKE_INSTALL_PREFIX=/home/jone/ws_moveit/install/moveit_ros_planning_interface
[30.268s] DEBUG:colcon.colcon_core.event_handler.log_command:Invoking command in '/home/jone/ws_moveit/build/moveit_ros_planning_interface': AMENT_PREFIX_PATH=/home/jone/ws_moveit/install/moveit_ros_move_group:/home/jone/ws_moveit/install/moveit_ros_warehouse:/home/jone/ws_moveit/install/moveit_planners_ompl:/home/jone/ws_moveit/install/moveit_kinematics:/home/jone/ws_moveit/install/moveit_ros_planning:/home/jone/ws_moveit/install/moveit_simple_controller_manager:/home/jone/ws_moveit/install/moveit_ros_occupancy_map_monitor:/home/jone/ws_moveit/install/moveit_core:/home/jone/ws_moveit/install/moveit_resources_panda_moveit_config:/home/jone/ws_moveit/install/moveit_resources_fanuc_moveit_config:/home/jone/ws_moveit/install/moveit_configs_utils:/home/jone/ws_moveit/install/srdfdom:/home/jone/ws_moveit/install/moveit_resources_pr2_description:/home/jone/ws_moveit/install/moveit_resources_panda_description:/home/jone/ws_moveit/install/moveit_resources_fanuc_description:/home/jone/ws_moveit/install/moveit_common:/home/jone/ws_moveit/install/launch_param_builder:${AMENT_PREFIX_PATH} CMAKE_PREFIX_PATH=/home/jone/ws_moveit/install/moveit_ros_move_group:/home/jone/ws_moveit/install/moveit_ros_warehouse:/home/jone/ws_moveit/install/moveit_planners_ompl:/home/jone/ws_moveit/install/moveit_kinematics:/home/jone/ws_moveit/install/moveit_ros_planning:/home/jone/ws_moveit/install/moveit_simple_controller_manager:/home/jone/ws_moveit/install/moveit_ros_occupancy_map_monitor:/home/jone/ws_moveit/install/moveit_core:/home/jone/ws_moveit/install/moveit_resources_panda_moveit_config:/home/jone/ws_moveit/install/moveit_resources_fanuc_moveit_config:/home/jone/ws_moveit/install/srdfdom:/home/jone/ws_moveit/install/moveit_resources_pr2_description:/home/jone/ws_moveit/install/moveit_resources_panda_description:/home/jone/ws_moveit/install/moveit_resources_fanuc_description:/home/jone/ws_moveit/install/moveit_common:/opt/ros/humble LD_LIBRARY_PATH=/home/jone/ws_moveit/install/moveit_ros_move_group/lib:/home/jone/ws_moveit/install/moveit_ros_warehouse/lib:/home/jone/ws_moveit/install/moveit_planners_ompl/lib:/home/jone/ws_moveit/install/moveit_kinematics/lib:/home/jone/ws_moveit/install/moveit_ros_planning/lib:/home/jone/ws_moveit/install/moveit_simple_controller_manager/lib:/home/jone/ws_moveit/install/moveit_ros_occupancy_map_monitor/lib:/home/jone/ws_moveit/install/moveit_core/lib:/home/jone/ws_moveit/install/srdfdom/lib:/opt/ros/humble/opt/rviz_ogre_vendor/lib:/opt/ros/humble/lib/x86_64-linux-gnu:/opt/ros/humble/lib:/usr/lib/x86_64-linux-gnu/gazebo-11/plugins:/usr/lib/x86_64-linux-gnu/gazebo-11/plugins:/usr/lib/x86_64-linux-gnu/gazebo-11/plugins PATH=/home/jone/ws_moveit/install/moveit_core/bin:${PATH} PYTHONPATH=/home/jone/ws_moveit/install/moveit_configs_utils/lib/python3.10/site-packages:/home/jone/ws_moveit/install/srdfdom/local/lib/python3.10/dist-packages:/home/jone/ws_moveit/install/launch_param_builder/lib/python3.10/site-packages:${PYTHONPATH} /usr/bin/cmake --build /home/jone/ws_moveit/build/moveit_ros_planning_interface -- -j16 -l16
[30.395s] DEBUG:colcon.colcon_core.event_handler.log_command:Invoked command in '/home/jone/ws_moveit/build/moveit_ros_planning_interface' returned '0': AMENT_PREFIX_PATH=/home/jone/ws_moveit/install/moveit_ros_move_group:/home/jone/ws_moveit/install/moveit_ros_warehouse:/home/jone/ws_moveit/install/moveit_planners_ompl:/home/jone/ws_moveit/install/moveit_kinematics:/home/jone/ws_moveit/install/moveit_ros_planning:/home/jone/ws_moveit/install/moveit_simple_controller_manager:/home/jone/ws_moveit/install/moveit_ros_occupancy_map_monitor:/home/jone/ws_moveit/install/moveit_core:/home/jone/ws_moveit/install/moveit_resources_panda_moveit_config:/home/jone/ws_moveit/install/moveit_resources_fanuc_moveit_config:/home/jone/ws_moveit/install/moveit_configs_utils:/home/jone/ws_moveit/install/srdfdom:/home/jone/ws_moveit/install/moveit_resources_pr2_description:/home/jone/ws_moveit/install/moveit_resources_panda_description:/home/jone/ws_moveit/install/moveit_resources_fanuc_description:/home/jone/ws_moveit/install/moveit_common:/home/jone/ws_moveit/install/launch_param_builder:${AMENT_PREFIX_PATH} CMAKE_PREFIX_PATH=/home/jone/ws_moveit/install/moveit_ros_move_group:/home/jone/ws_moveit/install/moveit_ros_warehouse:/home/jone/ws_moveit/install/moveit_planners_ompl:/home/jone/ws_moveit/install/moveit_kinematics:/home/jone/ws_moveit/install/moveit_ros_planning:/home/jone/ws_moveit/install/moveit_simple_controller_manager:/home/jone/ws_moveit/install/moveit_ros_occupancy_map_monitor:/home/jone/ws_moveit/install/moveit_core:/home/jone/ws_moveit/install/moveit_resources_panda_moveit_config:/home/jone/ws_moveit/install/moveit_resources_fanuc_moveit_config:/home/jone/ws_moveit/install/srdfdom:/home/jone/ws_moveit/install/moveit_resources_pr2_description:/home/jone/ws_moveit/install/moveit_resources_panda_description:/home/jone/ws_moveit/install/moveit_resources_fanuc_description:/home/jone/ws_moveit/install/moveit_common:/opt/ros/humble LD_LIBRARY_PATH=/home/jone/ws_moveit/install/moveit_ros_move_group/lib:/home/jone/ws_moveit/install/moveit_ros_warehouse/lib:/home/jone/ws_moveit/install/moveit_planners_ompl/lib:/home/jone/ws_moveit/install/moveit_kinematics/lib:/home/jone/ws_moveit/install/moveit_ros_planning/lib:/home/jone/ws_moveit/install/moveit_simple_controller_manager/lib:/home/jone/ws_moveit/install/moveit_ros_occupancy_map_monitor/lib:/home/jone/ws_moveit/install/moveit_core/lib:/home/jone/ws_moveit/install/srdfdom/lib:/opt/ros/humble/opt/rviz_ogre_vendor/lib:/opt/ros/humble/lib/x86_64-linux-gnu:/opt/ros/humble/lib:/usr/lib/x86_64-linux-gnu/gazebo-11/plugins:/usr/lib/x86_64-linux-gnu/gazebo-11/plugins:/usr/lib/x86_64-linux-gnu/gazebo-11/plugins PATH=/home/jone/ws_moveit/install/moveit_core/bin:${PATH} PYTHONPATH=/home/jone/ws_moveit/install/moveit_configs_utils/lib/python3.10/site-packages:/home/jone/ws_moveit/install/srdfdom/local/lib/python3.10/dist-packages:/home/jone/ws_moveit/install/launch_param_builder/lib/python3.10/site-packages:${PYTHONPATH} /usr/bin/cmake --build /home/jone/ws_moveit/build/moveit_ros_planning_interface -- -j16 -l16
[30.447s] DEBUG:colcon.colcon_core.event_handler.log_command:Invoking command in '/home/jone/ws_moveit/build/moveit_ros_planning_interface': AMENT_PREFIX_PATH=/home/jone/ws_moveit/install/moveit_ros_move_group:/home/jone/ws_moveit/install/moveit_ros_warehouse:/home/jone/ws_moveit/install/moveit_planners_ompl:/home/jone/ws_moveit/install/moveit_kinematics:/home/jone/ws_moveit/install/moveit_ros_planning:/home/jone/ws_moveit/install/moveit_simple_controller_manager:/home/jone/ws_moveit/install/moveit_ros_occupancy_map_monitor:/home/jone/ws_moveit/install/moveit_core:/home/jone/ws_moveit/install/moveit_resources_panda_moveit_config:/home/jone/ws_moveit/install/moveit_resources_fanuc_moveit_config:/home/jone/ws_moveit/install/moveit_configs_utils:/home/jone/ws_moveit/install/srdfdom:/home/jone/ws_moveit/install/moveit_resources_pr2_description:/home/jone/ws_moveit/install/moveit_resources_panda_description:/home/jone/ws_moveit/install/moveit_resources_fanuc_description:/home/jone/ws_moveit/install/moveit_common:/home/jone/ws_moveit/install/launch_param_builder:${AMENT_PREFIX_PATH} CMAKE_PREFIX_PATH=/home/jone/ws_moveit/install/moveit_ros_move_group:/home/jone/ws_moveit/install/moveit_ros_warehouse:/home/jone/ws_moveit/install/moveit_planners_ompl:/home/jone/ws_moveit/install/moveit_kinematics:/home/jone/ws_moveit/install/moveit_ros_planning:/home/jone/ws_moveit/install/moveit_simple_controller_manager:/home/jone/ws_moveit/install/moveit_ros_occupancy_map_monitor:/home/jone/ws_moveit/install/moveit_core:/home/jone/ws_moveit/install/moveit_resources_panda_moveit_config:/home/jone/ws_moveit/install/moveit_resources_fanuc_moveit_config:/home/jone/ws_moveit/install/srdfdom:/home/jone/ws_moveit/install/moveit_resources_pr2_description:/home/jone/ws_moveit/install/moveit_resources_panda_description:/home/jone/ws_moveit/install/moveit_resources_fanuc_description:/home/jone/ws_moveit/install/moveit_common:/opt/ros/humble LD_LIBRARY_PATH=/home/jone/ws_moveit/install/moveit_ros_move_group/lib:/home/jone/ws_moveit/install/moveit_ros_warehouse/lib:/home/jone/ws_moveit/install/moveit_planners_ompl/lib:/home/jone/ws_moveit/install/moveit_kinematics/lib:/home/jone/ws_moveit/install/moveit_ros_planning/lib:/home/jone/ws_moveit/install/moveit_simple_controller_manager/lib:/home/jone/ws_moveit/install/moveit_ros_occupancy_map_monitor/lib:/home/jone/ws_moveit/install/moveit_core/lib:/home/jone/ws_moveit/install/srdfdom/lib:/opt/ros/humble/opt/rviz_ogre_vendor/lib:/opt/ros/humble/lib/x86_64-linux-gnu:/opt/ros/humble/lib:/usr/lib/x86_64-linux-gnu/gazebo-11/plugins:/usr/lib/x86_64-linux-gnu/gazebo-11/plugins:/usr/lib/x86_64-linux-gnu/gazebo-11/plugins PATH=/home/jone/ws_moveit/install/moveit_core/bin:${PATH} PYTHONPATH=/home/jone/ws_moveit/install/moveit_configs_utils/lib/python3.10/site-packages:/home/jone/ws_moveit/install/srdfdom/local/lib/python3.10/dist-packages:/home/jone/ws_moveit/install/launch_param_builder/lib/python3.10/site-packages:${PYTHONPATH} /usr/bin/cmake --install /home/jone/ws_moveit/build/moveit_ros_planning_interface
[30.459s] Level 1:colcon.colcon_core.environment:create_environment_scripts_only(moveit_ros_planning_interface)
[30.459s] Level 1:colcon.colcon_core.environment:checking '/home/jone/ws_moveit/install/moveit_ros_planning_interface' for CMake module files
[30.460s] DEBUG:colcon.colcon_core.event_handler.log_command:Invoked command in '/home/jone/ws_moveit/build/moveit_ros_planning_interface' returned '0': AMENT_PREFIX_PATH=/home/jone/ws_moveit/install/moveit_ros_move_group:/home/jone/ws_moveit/install/moveit_ros_warehouse:/home/jone/ws_moveit/install/moveit_planners_ompl:/home/jone/ws_moveit/install/moveit_kinematics:/home/jone/ws_moveit/install/moveit_ros_planning:/home/jone/ws_moveit/install/moveit_simple_controller_manager:/home/jone/ws_moveit/install/moveit_ros_occupancy_map_monitor:/home/jone/ws_moveit/install/moveit_core:/home/jone/ws_moveit/install/moveit_resources_panda_moveit_config:/home/jone/ws_moveit/install/moveit_resources_fanuc_moveit_config:/home/jone/ws_moveit/install/moveit_configs_utils:/home/jone/ws_moveit/install/srdfdom:/home/jone/ws_moveit/install/moveit_resources_pr2_description:/home/jone/ws_moveit/install/moveit_resources_panda_description:/home/jone/ws_moveit/install/moveit_resources_fanuc_description:/home/jone/ws_moveit/install/moveit_common:/home/jone/ws_moveit/install/launch_param_builder:${AMENT_PREFIX_PATH} CMAKE_PREFIX_PATH=/home/jone/ws_moveit/install/moveit_ros_move_group:/home/jone/ws_moveit/install/moveit_ros_warehouse:/home/jone/ws_moveit/install/moveit_planners_ompl:/home/jone/ws_moveit/install/moveit_kinematics:/home/jone/ws_moveit/install/moveit_ros_planning:/home/jone/ws_moveit/install/moveit_simple_controller_manager:/home/jone/ws_moveit/install/moveit_ros_occupancy_map_monitor:/home/jone/ws_moveit/install/moveit_core:/home/jone/ws_moveit/install/moveit_resources_panda_moveit_config:/home/jone/ws_moveit/install/moveit_resources_fanuc_moveit_config:/home/jone/ws_moveit/install/srdfdom:/home/jone/ws_moveit/install/moveit_resources_pr2_description:/home/jone/ws_moveit/install/moveit_resources_panda_description:/home/jone/ws_moveit/install/moveit_resources_fanuc_description:/home/jone/ws_moveit/install/moveit_common:/opt/ros/humble LD_LIBRARY_PATH=/home/jone/ws_moveit/install/moveit_ros_move_group/lib:/home/jone/ws_moveit/install/moveit_ros_warehouse/lib:/home/jone/ws_moveit/install/moveit_planners_ompl/lib:/home/jone/ws_moveit/install/moveit_kinematics/lib:/home/jone/ws_moveit/install/moveit_ros_planning/lib:/home/jone/ws_moveit/install/moveit_simple_controller_manager/lib:/home/jone/ws_moveit/install/moveit_ros_occupancy_map_monitor/lib:/home/jone/ws_moveit/install/moveit_core/lib:/home/jone/ws_moveit/install/srdfdom/lib:/opt/ros/humble/opt/rviz_ogre_vendor/lib:/opt/ros/humble/lib/x86_64-linux-gnu:/opt/ros/humble/lib:/usr/lib/x86_64-linux-gnu/gazebo-11/plugins:/usr/lib/x86_64-linux-gnu/gazebo-11/plugins:/usr/lib/x86_64-linux-gnu/gazebo-11/plugins PATH=/home/jone/ws_moveit/install/moveit_core/bin:${PATH} PYTHONPATH=/home/jone/ws_moveit/install/moveit_configs_utils/lib/python3.10/site-packages:/home/jone/ws_moveit/install/srdfdom/local/lib/python3.10/dist-packages:/home/jone/ws_moveit/install/launch_param_builder/lib/python3.10/site-packages:${PYTHONPATH} /usr/bin/cmake --install /home/jone/ws_moveit/build/moveit_ros_planning_interface
[30.460s] Level 1:colcon.colcon_core.environment:checking '/home/jone/ws_moveit/install/moveit_ros_planning_interface' for CMake config files
[30.461s] Level 1:colcon.colcon_core.shell:create_environment_hook('moveit_ros_planning_interface', 'cmake_prefix_path')
[30.461s] INFO:colcon.colcon_core.shell:Creating environment hook '/home/jone/ws_moveit/install/moveit_ros_planning_interface/share/moveit_ros_planning_interface/hook/cmake_prefix_path.ps1'
[30.462s] INFO:colcon.colcon_core.shell:Creating environment descriptor '/home/jone/ws_moveit/install/moveit_ros_planning_interface/share/moveit_ros_planning_interface/hook/cmake_prefix_path.dsv'
[30.462s] INFO:colcon.colcon_core.shell:Creating environment hook '/home/jone/ws_moveit/install/moveit_ros_planning_interface/share/moveit_ros_planning_interface/hook/cmake_prefix_path.sh'
[30.463s] Level 1:colcon.colcon_core.environment:checking '/home/jone/ws_moveit/install/moveit_ros_planning_interface/lib'
[30.463s] Level 1:colcon.colcon_core.shell:create_environment_hook('moveit_ros_planning_interface', 'ld_library_path_lib')
[30.463s] INFO:colcon.colcon_core.shell:Creating environment hook '/home/jone/ws_moveit/install/moveit_ros_planning_interface/share/moveit_ros_planning_interface/hook/ld_library_path_lib.ps1'
[30.463s] INFO:colcon.colcon_core.shell:Creating environment descriptor '/home/jone/ws_moveit/install/moveit_ros_planning_interface/share/moveit_ros_planning_interface/hook/ld_library_path_lib.dsv'
[30.464s] INFO:colcon.colcon_core.shell:Creating environment hook '/home/jone/ws_moveit/install/moveit_ros_planning_interface/share/moveit_ros_planning_interface/hook/ld_library_path_lib.sh'
[30.464s] Level 1:colcon.colcon_core.environment:checking '/home/jone/ws_moveit/install/moveit_ros_planning_interface/bin'
[30.464s] Level 1:colcon.colcon_core.environment:checking '/home/jone/ws_moveit/install/moveit_ros_planning_interface/lib/pkgconfig/moveit_ros_planning_interface.pc'
[30.464s] Level 1:colcon.colcon_core.environment:checking '/home/jone/ws_moveit/install/moveit_ros_planning_interface/lib/python3.10/site-packages'
[30.465s] Level 1:colcon.colcon_core.environment:checking '/home/jone/ws_moveit/install/moveit_ros_planning_interface/bin'
[30.465s] INFO:colcon.colcon_core.shell:Creating package script '/home/jone/ws_moveit/install/moveit_ros_planning_interface/share/moveit_ros_planning_interface/package.ps1'
[30.465s] INFO:colcon.colcon_core.shell:Creating package descriptor '/home/jone/ws_moveit/install/moveit_ros_planning_interface/share/moveit_ros_planning_interface/package.dsv'
[30.466s] INFO:colcon.colcon_core.shell:Creating package script '/home/jone/ws_moveit/install/moveit_ros_planning_interface/share/moveit_ros_planning_interface/package.sh'
[30.466s] INFO:colcon.colcon_core.shell:Creating package script '/home/jone/ws_moveit/install/moveit_ros_planning_interface/share/moveit_ros_planning_interface/package.bash'
[30.466s] INFO:colcon.colcon_core.shell:Creating package script '/home/jone/ws_moveit/install/moveit_ros_planning_interface/share/moveit_ros_planning_interface/package.zsh'
[30.467s] Level 1:colcon.colcon_core.environment:create_file_with_runtime_dependencies(/home/jone/ws_moveit/install/moveit_ros_planning_interface/share/colcon-core/packages/moveit_ros_planning_interface)
[30.467s] Level 1:colcon.colcon_core.environment:create_environment_scripts_only(moveit_ros_planning_interface)
[30.467s] Level 1:colcon.colcon_core.environment:checking '/home/jone/ws_moveit/install/moveit_ros_planning_interface' for CMake module files
[30.468s] Level 1:colcon.colcon_core.environment:checking '/home/jone/ws_moveit/install/moveit_ros_planning_interface' for CMake config files
[30.468s] Level 1:colcon.colcon_core.shell:create_environment_hook('moveit_ros_planning_interface', 'cmake_prefix_path')
[30.468s] INFO:colcon.colcon_core.shell:Creating environment hook '/home/jone/ws_moveit/install/moveit_ros_planning_interface/share/moveit_ros_planning_interface/hook/cmake_prefix_path.ps1'
[30.468s] INFO:colcon.colcon_core.shell:Creating environment descriptor '/home/jone/ws_moveit/install/moveit_ros_planning_interface/share/moveit_ros_planning_interface/hook/cmake_prefix_path.dsv'
[30.468s] INFO:colcon.colcon_core.shell:Creating environment hook '/home/jone/ws_moveit/install/moveit_ros_planning_interface/share/moveit_ros_planning_interface/hook/cmake_prefix_path.sh'
[30.469s] Level 1:colcon.colcon_core.environment:checking '/home/jone/ws_moveit/install/moveit_ros_planning_interface/lib'
[30.469s] Level 1:colcon.colcon_core.shell:create_environment_hook('moveit_ros_planning_interface', 'ld_library_path_lib')
[30.469s] INFO:colcon.colcon_core.shell:Creating environment hook '/home/jone/ws_moveit/install/moveit_ros_planning_interface/share/moveit_ros_planning_interface/hook/ld_library_path_lib.ps1'
[30.469s] INFO:colcon.colcon_core.shell:Creating environment descriptor '/home/jone/ws_moveit/install/moveit_ros_planning_interface/share/moveit_ros_planning_interface/hook/ld_library_path_lib.dsv'
[30.470s] INFO:colcon.colcon_core.shell:Creating environment hook '/home/jone/ws_moveit/install/moveit_ros_planning_interface/share/moveit_ros_planning_interface/hook/ld_library_path_lib.sh'
[30.470s] Level 1:colcon.colcon_core.environment:checking '/home/jone/ws_moveit/install/moveit_ros_planning_interface/bin'
[30.470s] Level 1:colcon.colcon_core.environment:checking '/home/jone/ws_moveit/install/moveit_ros_planning_interface/lib/pkgconfig/moveit_ros_planning_interface.pc'
[30.470s] Level 1:colcon.colcon_core.environment:checking '/home/jone/ws_moveit/install/moveit_ros_planning_interface/lib/python3.10/site-packages'
[30.470s] Level 1:colcon.colcon_core.environment:checking '/home/jone/ws_moveit/install/moveit_ros_planning_interface/bin'
[30.470s] INFO:colcon.colcon_core.shell:Creating package script '/home/jone/ws_moveit/install/moveit_ros_planning_interface/share/moveit_ros_planning_interface/package.ps1'
[30.471s] INFO:colcon.colcon_core.shell:Creating package descriptor '/home/jone/ws_moveit/install/moveit_ros_planning_interface/share/moveit_ros_planning_interface/package.dsv'
[30.471s] INFO:colcon.colcon_core.shell:Creating package script '/home/jone/ws_moveit/install/moveit_ros_planning_interface/share/moveit_ros_planning_interface/package.sh'
[30.472s] INFO:colcon.colcon_core.shell:Creating package script '/home/jone/ws_moveit/install/moveit_ros_planning_interface/share/moveit_ros_planning_interface/package.bash'
[30.472s] INFO:colcon.colcon_core.shell:Creating package script '/home/jone/ws_moveit/install/moveit_ros_planning_interface/share/moveit_ros_planning_interface/package.zsh'
[30.472s] Level 1:colcon.colcon_core.environment:create_file_with_runtime_dependencies(/home/jone/ws_moveit/install/moveit_ros_planning_interface/share/colcon-core/packages/moveit_ros_planning_interface)
[30.472s] DEBUG:colcon.colcon_core.executor.sequential:run_until_complete 'moveit_ros_planning_interface' finished with '0'
[30.472s] DEBUG:colcon.colcon_core.executor.sequential:run_until_complete 'moveit_hybrid_planning'
[30.472s] INFO:colcon.colcon_ros.task.ament_cmake.build:Building ROS package in '/home/jone/ws_moveit/src/moveit2/moveit_ros/hybrid_planning' with build type 'ament_cmake'
[30.473s] INFO:colcon.colcon_cmake.task.cmake.build:Building CMake package in '/home/jone/ws_moveit/src/moveit2/moveit_ros/hybrid_planning'
[30.473s] INFO:colcon.colcon_core.shell:Skip shell extension 'powershell' for command environment: Not usable outside of PowerShell
[30.473s] DEBUG:colcon.colcon_core.shell:Skip shell extension 'dsv' for command environment
[30.508s] DEBUG:colcon.colcon_core.event_handler.log_command:Invoking command in '/home/jone/ws_moveit/build/moveit_hybrid_planning': AMENT_PREFIX_PATH=/home/jone/ws_moveit/install/moveit_ros_planning_interface:/home/jone/ws_moveit/install/moveit_ros_move_group:/home/jone/ws_moveit/install/moveit_ros_warehouse:/home/jone/ws_moveit/install/moveit_planners_ompl:/home/jone/ws_moveit/install/moveit_kinematics:/home/jone/ws_moveit/install/moveit_ros_planning:/home/jone/ws_moveit/install/moveit_simple_controller_manager:/home/jone/ws_moveit/install/moveit_ros_occupancy_map_monitor:/home/jone/ws_moveit/install/moveit_core:/home/jone/ws_moveit/install/moveit_resources_panda_moveit_config:/home/jone/ws_moveit/install/moveit_resources_fanuc_moveit_config:/home/jone/ws_moveit/install/moveit_configs_utils:/home/jone/ws_moveit/install/srdfdom:/home/jone/ws_moveit/install/moveit_resources_pr2_description:/home/jone/ws_moveit/install/moveit_resources_panda_description:/home/jone/ws_moveit/install/moveit_resources_fanuc_description:/home/jone/ws_moveit/install/moveit_common:/home/jone/ws_moveit/install/launch_param_builder:${AMENT_PREFIX_PATH} CMAKE_PREFIX_PATH=/home/jone/ws_moveit/install/moveit_ros_planning_interface:/home/jone/ws_moveit/install/moveit_ros_move_group:/home/jone/ws_moveit/install/moveit_ros_warehouse:/home/jone/ws_moveit/install/moveit_planners_ompl:/home/jone/ws_moveit/install/moveit_kinematics:/home/jone/ws_moveit/install/moveit_ros_planning:/home/jone/ws_moveit/install/moveit_simple_controller_manager:/home/jone/ws_moveit/install/moveit_ros_occupancy_map_monitor:/home/jone/ws_moveit/install/moveit_core:/home/jone/ws_moveit/install/moveit_resources_panda_moveit_config:/home/jone/ws_moveit/install/moveit_resources_fanuc_moveit_config:/home/jone/ws_moveit/install/srdfdom:/home/jone/ws_moveit/install/moveit_resources_pr2_description:/home/jone/ws_moveit/install/moveit_resources_panda_description:/home/jone/ws_moveit/install/moveit_resources_fanuc_description:/home/jone/ws_moveit/install/moveit_common:/opt/ros/humble LD_LIBRARY_PATH=/home/jone/ws_moveit/install/moveit_ros_planning_interface/lib:/home/jone/ws_moveit/install/moveit_ros_move_group/lib:/home/jone/ws_moveit/install/moveit_ros_warehouse/lib:/home/jone/ws_moveit/install/moveit_planners_ompl/lib:/home/jone/ws_moveit/install/moveit_kinematics/lib:/home/jone/ws_moveit/install/moveit_ros_planning/lib:/home/jone/ws_moveit/install/moveit_simple_controller_manager/lib:/home/jone/ws_moveit/install/moveit_ros_occupancy_map_monitor/lib:/home/jone/ws_moveit/install/moveit_core/lib:/home/jone/ws_moveit/install/srdfdom/lib:/opt/ros/humble/opt/rviz_ogre_vendor/lib:/opt/ros/humble/lib/x86_64-linux-gnu:/opt/ros/humble/lib:/usr/lib/x86_64-linux-gnu/gazebo-11/plugins:/usr/lib/x86_64-linux-gnu/gazebo-11/plugins:/usr/lib/x86_64-linux-gnu/gazebo-11/plugins PATH=/home/jone/ws_moveit/install/moveit_core/bin:${PATH} PYTHONPATH=/home/jone/ws_moveit/install/moveit_configs_utils/lib/python3.10/site-packages:/home/jone/ws_moveit/install/srdfdom/local/lib/python3.10/dist-packages:/home/jone/ws_moveit/install/launch_param_builder/lib/python3.10/site-packages:${PYTHONPATH} /usr/bin/cmake /home/jone/ws_moveit/src/moveit2/moveit_ros/hybrid_planning -DCMAKE_INSTALL_PREFIX=/home/jone/ws_moveit/install/moveit_hybrid_planning
[31.703s] DEBUG:colcon.colcon_core.event_handler.log_command:Invoked command in '/home/jone/ws_moveit/build/moveit_hybrid_planning' returned '0': AMENT_PREFIX_PATH=/home/jone/ws_moveit/install/moveit_ros_planning_interface:/home/jone/ws_moveit/install/moveit_ros_move_group:/home/jone/ws_moveit/install/moveit_ros_warehouse:/home/jone/ws_moveit/install/moveit_planners_ompl:/home/jone/ws_moveit/install/moveit_kinematics:/home/jone/ws_moveit/install/moveit_ros_planning:/home/jone/ws_moveit/install/moveit_simple_controller_manager:/home/jone/ws_moveit/install/moveit_ros_occupancy_map_monitor:/home/jone/ws_moveit/install/moveit_core:/home/jone/ws_moveit/install/moveit_resources_panda_moveit_config:/home/jone/ws_moveit/install/moveit_resources_fanuc_moveit_config:/home/jone/ws_moveit/install/moveit_configs_utils:/home/jone/ws_moveit/install/srdfdom:/home/jone/ws_moveit/install/moveit_resources_pr2_description:/home/jone/ws_moveit/install/moveit_resources_panda_description:/home/jone/ws_moveit/install/moveit_resources_fanuc_description:/home/jone/ws_moveit/install/moveit_common:/home/jone/ws_moveit/install/launch_param_builder:${AMENT_PREFIX_PATH} CMAKE_PREFIX_PATH=/home/jone/ws_moveit/install/moveit_ros_planning_interface:/home/jone/ws_moveit/install/moveit_ros_move_group:/home/jone/ws_moveit/install/moveit_ros_warehouse:/home/jone/ws_moveit/install/moveit_planners_ompl:/home/jone/ws_moveit/install/moveit_kinematics:/home/jone/ws_moveit/install/moveit_ros_planning:/home/jone/ws_moveit/install/moveit_simple_controller_manager:/home/jone/ws_moveit/install/moveit_ros_occupancy_map_monitor:/home/jone/ws_moveit/install/moveit_core:/home/jone/ws_moveit/install/moveit_resources_panda_moveit_config:/home/jone/ws_moveit/install/moveit_resources_fanuc_moveit_config:/home/jone/ws_moveit/install/srdfdom:/home/jone/ws_moveit/install/moveit_resources_pr2_description:/home/jone/ws_moveit/install/moveit_resources_panda_description:/home/jone/ws_moveit/install/moveit_resources_fanuc_description:/home/jone/ws_moveit/install/moveit_common:/opt/ros/humble LD_LIBRARY_PATH=/home/jone/ws_moveit/install/moveit_ros_planning_interface/lib:/home/jone/ws_moveit/install/moveit_ros_move_group/lib:/home/jone/ws_moveit/install/moveit_ros_warehouse/lib:/home/jone/ws_moveit/install/moveit_planners_ompl/lib:/home/jone/ws_moveit/install/moveit_kinematics/lib:/home/jone/ws_moveit/install/moveit_ros_planning/lib:/home/jone/ws_moveit/install/moveit_simple_controller_manager/lib:/home/jone/ws_moveit/install/moveit_ros_occupancy_map_monitor/lib:/home/jone/ws_moveit/install/moveit_core/lib:/home/jone/ws_moveit/install/srdfdom/lib:/opt/ros/humble/opt/rviz_ogre_vendor/lib:/opt/ros/humble/lib/x86_64-linux-gnu:/opt/ros/humble/lib:/usr/lib/x86_64-linux-gnu/gazebo-11/plugins:/usr/lib/x86_64-linux-gnu/gazebo-11/plugins:/usr/lib/x86_64-linux-gnu/gazebo-11/plugins PATH=/home/jone/ws_moveit/install/moveit_core/bin:${PATH} PYTHONPATH=/home/jone/ws_moveit/install/moveit_configs_utils/lib/python3.10/site-packages:/home/jone/ws_moveit/install/srdfdom/local/lib/python3.10/dist-packages:/home/jone/ws_moveit/install/launch_param_builder/lib/python3.10/site-packages:${PYTHONPATH} /usr/bin/cmake /home/jone/ws_moveit/src/moveit2/moveit_ros/hybrid_planning -DCMAKE_INSTALL_PREFIX=/home/jone/ws_moveit/install/moveit_hybrid_planning
[31.705s] DEBUG:colcon.colcon_core.event_handler.log_command:Invoking command in '/home/jone/ws_moveit/build/moveit_hybrid_planning': AMENT_PREFIX_PATH=/home/jone/ws_moveit/install/moveit_ros_planning_interface:/home/jone/ws_moveit/install/moveit_ros_move_group:/home/jone/ws_moveit/install/moveit_ros_warehouse:/home/jone/ws_moveit/install/moveit_planners_ompl:/home/jone/ws_moveit/install/moveit_kinematics:/home/jone/ws_moveit/install/moveit_ros_planning:/home/jone/ws_moveit/install/moveit_simple_controller_manager:/home/jone/ws_moveit/install/moveit_ros_occupancy_map_monitor:/home/jone/ws_moveit/install/moveit_core:/home/jone/ws_moveit/install/moveit_resources_panda_moveit_config:/home/jone/ws_moveit/install/moveit_resources_fanuc_moveit_config:/home/jone/ws_moveit/install/moveit_configs_utils:/home/jone/ws_moveit/install/srdfdom:/home/jone/ws_moveit/install/moveit_resources_pr2_description:/home/jone/ws_moveit/install/moveit_resources_panda_description:/home/jone/ws_moveit/install/moveit_resources_fanuc_description:/home/jone/ws_moveit/install/moveit_common:/home/jone/ws_moveit/install/launch_param_builder:${AMENT_PREFIX_PATH} CMAKE_PREFIX_PATH=/home/jone/ws_moveit/install/moveit_ros_planning_interface:/home/jone/ws_moveit/install/moveit_ros_move_group:/home/jone/ws_moveit/install/moveit_ros_warehouse:/home/jone/ws_moveit/install/moveit_planners_ompl:/home/jone/ws_moveit/install/moveit_kinematics:/home/jone/ws_moveit/install/moveit_ros_planning:/home/jone/ws_moveit/install/moveit_simple_controller_manager:/home/jone/ws_moveit/install/moveit_ros_occupancy_map_monitor:/home/jone/ws_moveit/install/moveit_core:/home/jone/ws_moveit/install/moveit_resources_panda_moveit_config:/home/jone/ws_moveit/install/moveit_resources_fanuc_moveit_config:/home/jone/ws_moveit/install/srdfdom:/home/jone/ws_moveit/install/moveit_resources_pr2_description:/home/jone/ws_moveit/install/moveit_resources_panda_description:/home/jone/ws_moveit/install/moveit_resources_fanuc_description:/home/jone/ws_moveit/install/moveit_common:/opt/ros/humble LD_LIBRARY_PATH=/home/jone/ws_moveit/install/moveit_ros_planning_interface/lib:/home/jone/ws_moveit/install/moveit_ros_move_group/lib:/home/jone/ws_moveit/install/moveit_ros_warehouse/lib:/home/jone/ws_moveit/install/moveit_planners_ompl/lib:/home/jone/ws_moveit/install/moveit_kinematics/lib:/home/jone/ws_moveit/install/moveit_ros_planning/lib:/home/jone/ws_moveit/install/moveit_simple_controller_manager/lib:/home/jone/ws_moveit/install/moveit_ros_occupancy_map_monitor/lib:/home/jone/ws_moveit/install/moveit_core/lib:/home/jone/ws_moveit/install/srdfdom/lib:/opt/ros/humble/opt/rviz_ogre_vendor/lib:/opt/ros/humble/lib/x86_64-linux-gnu:/opt/ros/humble/lib:/usr/lib/x86_64-linux-gnu/gazebo-11/plugins:/usr/lib/x86_64-linux-gnu/gazebo-11/plugins:/usr/lib/x86_64-linux-gnu/gazebo-11/plugins PATH=/home/jone/ws_moveit/install/moveit_core/bin:${PATH} PYTHONPATH=/home/jone/ws_moveit/install/moveit_configs_utils/lib/python3.10/site-packages:/home/jone/ws_moveit/install/srdfdom/local/lib/python3.10/dist-packages:/home/jone/ws_moveit/install/launch_param_builder/lib/python3.10/site-packages:${PYTHONPATH} /usr/bin/cmake --build /home/jone/ws_moveit/build/moveit_hybrid_planning -- -j16 -l16
[31.915s] DEBUG:colcon.colcon_core.event_handler.log_command:Invoked command in '/home/jone/ws_moveit/build/moveit_hybrid_planning' returned '0': AMENT_PREFIX_PATH=/home/jone/ws_moveit/install/moveit_ros_planning_interface:/home/jone/ws_moveit/install/moveit_ros_move_group:/home/jone/ws_moveit/install/moveit_ros_warehouse:/home/jone/ws_moveit/install/moveit_planners_ompl:/home/jone/ws_moveit/install/moveit_kinematics:/home/jone/ws_moveit/install/moveit_ros_planning:/home/jone/ws_moveit/install/moveit_simple_controller_manager:/home/jone/ws_moveit/install/moveit_ros_occupancy_map_monitor:/home/jone/ws_moveit/install/moveit_core:/home/jone/ws_moveit/install/moveit_resources_panda_moveit_config:/home/jone/ws_moveit/install/moveit_resources_fanuc_moveit_config:/home/jone/ws_moveit/install/moveit_configs_utils:/home/jone/ws_moveit/install/srdfdom:/home/jone/ws_moveit/install/moveit_resources_pr2_description:/home/jone/ws_moveit/install/moveit_resources_panda_description:/home/jone/ws_moveit/install/moveit_resources_fanuc_description:/home/jone/ws_moveit/install/moveit_common:/home/jone/ws_moveit/install/launch_param_builder:${AMENT_PREFIX_PATH} CMAKE_PREFIX_PATH=/home/jone/ws_moveit/install/moveit_ros_planning_interface:/home/jone/ws_moveit/install/moveit_ros_move_group:/home/jone/ws_moveit/install/moveit_ros_warehouse:/home/jone/ws_moveit/install/moveit_planners_ompl:/home/jone/ws_moveit/install/moveit_kinematics:/home/jone/ws_moveit/install/moveit_ros_planning:/home/jone/ws_moveit/install/moveit_simple_controller_manager:/home/jone/ws_moveit/install/moveit_ros_occupancy_map_monitor:/home/jone/ws_moveit/install/moveit_core:/home/jone/ws_moveit/install/moveit_resources_panda_moveit_config:/home/jone/ws_moveit/install/moveit_resources_fanuc_moveit_config:/home/jone/ws_moveit/install/srdfdom:/home/jone/ws_moveit/install/moveit_resources_pr2_description:/home/jone/ws_moveit/install/moveit_resources_panda_description:/home/jone/ws_moveit/install/moveit_resources_fanuc_description:/home/jone/ws_moveit/install/moveit_common:/opt/ros/humble LD_LIBRARY_PATH=/home/jone/ws_moveit/install/moveit_ros_planning_interface/lib:/home/jone/ws_moveit/install/moveit_ros_move_group/lib:/home/jone/ws_moveit/install/moveit_ros_warehouse/lib:/home/jone/ws_moveit/install/moveit_planners_ompl/lib:/home/jone/ws_moveit/install/moveit_kinematics/lib:/home/jone/ws_moveit/install/moveit_ros_planning/lib:/home/jone/ws_moveit/install/moveit_simple_controller_manager/lib:/home/jone/ws_moveit/install/moveit_ros_occupancy_map_monitor/lib:/home/jone/ws_moveit/install/moveit_core/lib:/home/jone/ws_moveit/install/srdfdom/lib:/opt/ros/humble/opt/rviz_ogre_vendor/lib:/opt/ros/humble/lib/x86_64-linux-gnu:/opt/ros/humble/lib:/usr/lib/x86_64-linux-gnu/gazebo-11/plugins:/usr/lib/x86_64-linux-gnu/gazebo-11/plugins:/usr/lib/x86_64-linux-gnu/gazebo-11/plugins PATH=/home/jone/ws_moveit/install/moveit_core/bin:${PATH} PYTHONPATH=/home/jone/ws_moveit/install/moveit_configs_utils/lib/python3.10/site-packages:/home/jone/ws_moveit/install/srdfdom/local/lib/python3.10/dist-packages:/home/jone/ws_moveit/install/launch_param_builder/lib/python3.10/site-packages:${PYTHONPATH} /usr/bin/cmake --build /home/jone/ws_moveit/build/moveit_hybrid_planning -- -j16 -l16
[31.926s] DEBUG:colcon.colcon_core.event_handler.log_command:Invoking command in '/home/jone/ws_moveit/build/moveit_hybrid_planning': AMENT_PREFIX_PATH=/home/jone/ws_moveit/install/moveit_ros_planning_interface:/home/jone/ws_moveit/install/moveit_ros_move_group:/home/jone/ws_moveit/install/moveit_ros_warehouse:/home/jone/ws_moveit/install/moveit_planners_ompl:/home/jone/ws_moveit/install/moveit_kinematics:/home/jone/ws_moveit/install/moveit_ros_planning:/home/jone/ws_moveit/install/moveit_simple_controller_manager:/home/jone/ws_moveit/install/moveit_ros_occupancy_map_monitor:/home/jone/ws_moveit/install/moveit_core:/home/jone/ws_moveit/install/moveit_resources_panda_moveit_config:/home/jone/ws_moveit/install/moveit_resources_fanuc_moveit_config:/home/jone/ws_moveit/install/moveit_configs_utils:/home/jone/ws_moveit/install/srdfdom:/home/jone/ws_moveit/install/moveit_resources_pr2_description:/home/jone/ws_moveit/install/moveit_resources_panda_description:/home/jone/ws_moveit/install/moveit_resources_fanuc_description:/home/jone/ws_moveit/install/moveit_common:/home/jone/ws_moveit/install/launch_param_builder:${AMENT_PREFIX_PATH} CMAKE_PREFIX_PATH=/home/jone/ws_moveit/install/moveit_ros_planning_interface:/home/jone/ws_moveit/install/moveit_ros_move_group:/home/jone/ws_moveit/install/moveit_ros_warehouse:/home/jone/ws_moveit/install/moveit_planners_ompl:/home/jone/ws_moveit/install/moveit_kinematics:/home/jone/ws_moveit/install/moveit_ros_planning:/home/jone/ws_moveit/install/moveit_simple_controller_manager:/home/jone/ws_moveit/install/moveit_ros_occupancy_map_monitor:/home/jone/ws_moveit/install/moveit_core:/home/jone/ws_moveit/install/moveit_resources_panda_moveit_config:/home/jone/ws_moveit/install/moveit_resources_fanuc_moveit_config:/home/jone/ws_moveit/install/srdfdom:/home/jone/ws_moveit/install/moveit_resources_pr2_description:/home/jone/ws_moveit/install/moveit_resources_panda_description:/home/jone/ws_moveit/install/moveit_resources_fanuc_description:/home/jone/ws_moveit/install/moveit_common:/opt/ros/humble LD_LIBRARY_PATH=/home/jone/ws_moveit/install/moveit_ros_planning_interface/lib:/home/jone/ws_moveit/install/moveit_ros_move_group/lib:/home/jone/ws_moveit/install/moveit_ros_warehouse/lib:/home/jone/ws_moveit/install/moveit_planners_ompl/lib:/home/jone/ws_moveit/install/moveit_kinematics/lib:/home/jone/ws_moveit/install/moveit_ros_planning/lib:/home/jone/ws_moveit/install/moveit_simple_controller_manager/lib:/home/jone/ws_moveit/install/moveit_ros_occupancy_map_monitor/lib:/home/jone/ws_moveit/install/moveit_core/lib:/home/jone/ws_moveit/install/srdfdom/lib:/opt/ros/humble/opt/rviz_ogre_vendor/lib:/opt/ros/humble/lib/x86_64-linux-gnu:/opt/ros/humble/lib:/usr/lib/x86_64-linux-gnu/gazebo-11/plugins:/usr/lib/x86_64-linux-gnu/gazebo-11/plugins:/usr/lib/x86_64-linux-gnu/gazebo-11/plugins PATH=/home/jone/ws_moveit/install/moveit_core/bin:${PATH} PYTHONPATH=/home/jone/ws_moveit/install/moveit_configs_utils/lib/python3.10/site-packages:/home/jone/ws_moveit/install/srdfdom/local/lib/python3.10/dist-packages:/home/jone/ws_moveit/install/launch_param_builder/lib/python3.10/site-packages:${PYTHONPATH} /usr/bin/cmake --install /home/jone/ws_moveit/build/moveit_hybrid_planning
[31.951s] Level 1:colcon.colcon_core.environment:create_environment_scripts_only(moveit_hybrid_planning)
[31.951s] Level 1:colcon.colcon_core.environment:checking '/home/jone/ws_moveit/install/moveit_hybrid_planning' for CMake module files
[31.951s] DEBUG:colcon.colcon_core.event_handler.log_command:Invoked command in '/home/jone/ws_moveit/build/moveit_hybrid_planning' returned '0': AMENT_PREFIX_PATH=/home/jone/ws_moveit/install/moveit_ros_planning_interface:/home/jone/ws_moveit/install/moveit_ros_move_group:/home/jone/ws_moveit/install/moveit_ros_warehouse:/home/jone/ws_moveit/install/moveit_planners_ompl:/home/jone/ws_moveit/install/moveit_kinematics:/home/jone/ws_moveit/install/moveit_ros_planning:/home/jone/ws_moveit/install/moveit_simple_controller_manager:/home/jone/ws_moveit/install/moveit_ros_occupancy_map_monitor:/home/jone/ws_moveit/install/moveit_core:/home/jone/ws_moveit/install/moveit_resources_panda_moveit_config:/home/jone/ws_moveit/install/moveit_resources_fanuc_moveit_config:/home/jone/ws_moveit/install/moveit_configs_utils:/home/jone/ws_moveit/install/srdfdom:/home/jone/ws_moveit/install/moveit_resources_pr2_description:/home/jone/ws_moveit/install/moveit_resources_panda_description:/home/jone/ws_moveit/install/moveit_resources_fanuc_description:/home/jone/ws_moveit/install/moveit_common:/home/jone/ws_moveit/install/launch_param_builder:${AMENT_PREFIX_PATH} CMAKE_PREFIX_PATH=/home/jone/ws_moveit/install/moveit_ros_planning_interface:/home/jone/ws_moveit/install/moveit_ros_move_group:/home/jone/ws_moveit/install/moveit_ros_warehouse:/home/jone/ws_moveit/install/moveit_planners_ompl:/home/jone/ws_moveit/install/moveit_kinematics:/home/jone/ws_moveit/install/moveit_ros_planning:/home/jone/ws_moveit/install/moveit_simple_controller_manager:/home/jone/ws_moveit/install/moveit_ros_occupancy_map_monitor:/home/jone/ws_moveit/install/moveit_core:/home/jone/ws_moveit/install/moveit_resources_panda_moveit_config:/home/jone/ws_moveit/install/moveit_resources_fanuc_moveit_config:/home/jone/ws_moveit/install/srdfdom:/home/jone/ws_moveit/install/moveit_resources_pr2_description:/home/jone/ws_moveit/install/moveit_resources_panda_description:/home/jone/ws_moveit/install/moveit_resources_fanuc_description:/home/jone/ws_moveit/install/moveit_common:/opt/ros/humble LD_LIBRARY_PATH=/home/jone/ws_moveit/install/moveit_ros_planning_interface/lib:/home/jone/ws_moveit/install/moveit_ros_move_group/lib:/home/jone/ws_moveit/install/moveit_ros_warehouse/lib:/home/jone/ws_moveit/install/moveit_planners_ompl/lib:/home/jone/ws_moveit/install/moveit_kinematics/lib:/home/jone/ws_moveit/install/moveit_ros_planning/lib:/home/jone/ws_moveit/install/moveit_simple_controller_manager/lib:/home/jone/ws_moveit/install/moveit_ros_occupancy_map_monitor/lib:/home/jone/ws_moveit/install/moveit_core/lib:/home/jone/ws_moveit/install/srdfdom/lib:/opt/ros/humble/opt/rviz_ogre_vendor/lib:/opt/ros/humble/lib/x86_64-linux-gnu:/opt/ros/humble/lib:/usr/lib/x86_64-linux-gnu/gazebo-11/plugins:/usr/lib/x86_64-linux-gnu/gazebo-11/plugins:/usr/lib/x86_64-linux-gnu/gazebo-11/plugins PATH=/home/jone/ws_moveit/install/moveit_core/bin:${PATH} PYTHONPATH=/home/jone/ws_moveit/install/moveit_configs_utils/lib/python3.10/site-packages:/home/jone/ws_moveit/install/srdfdom/local/lib/python3.10/dist-packages:/home/jone/ws_moveit/install/launch_param_builder/lib/python3.10/site-packages:${PYTHONPATH} /usr/bin/cmake --install /home/jone/ws_moveit/build/moveit_hybrid_planning
[31.952s] Level 1:colcon.colcon_core.environment:checking '/home/jone/ws_moveit/install/moveit_hybrid_planning' for CMake config files
[31.953s] Level 1:colcon.colcon_core.shell:create_environment_hook('moveit_hybrid_planning', 'cmake_prefix_path')
[31.953s] INFO:colcon.colcon_core.shell:Creating environment hook '/home/jone/ws_moveit/install/moveit_hybrid_planning/share/moveit_hybrid_planning/hook/cmake_prefix_path.ps1'
[31.953s] INFO:colcon.colcon_core.shell:Creating environment descriptor '/home/jone/ws_moveit/install/moveit_hybrid_planning/share/moveit_hybrid_planning/hook/cmake_prefix_path.dsv'
[31.954s] INFO:colcon.colcon_core.shell:Creating environment hook '/home/jone/ws_moveit/install/moveit_hybrid_planning/share/moveit_hybrid_planning/hook/cmake_prefix_path.sh'
[31.954s] Level 1:colcon.colcon_core.environment:checking '/home/jone/ws_moveit/install/moveit_hybrid_planning/lib'
[31.954s] Level 1:colcon.colcon_core.shell:create_environment_hook('moveit_hybrid_planning', 'ld_library_path_lib')
[31.954s] INFO:colcon.colcon_core.shell:Creating environment hook '/home/jone/ws_moveit/install/moveit_hybrid_planning/share/moveit_hybrid_planning/hook/ld_library_path_lib.ps1'
[31.955s] INFO:colcon.colcon_core.shell:Creating environment descriptor '/home/jone/ws_moveit/install/moveit_hybrid_planning/share/moveit_hybrid_planning/hook/ld_library_path_lib.dsv'
[31.955s] INFO:colcon.colcon_core.shell:Creating environment hook '/home/jone/ws_moveit/install/moveit_hybrid_planning/share/moveit_hybrid_planning/hook/ld_library_path_lib.sh'
[31.955s] Level 1:colcon.colcon_core.environment:checking '/home/jone/ws_moveit/install/moveit_hybrid_planning/bin'
[31.955s] Level 1:colcon.colcon_core.environment:checking '/home/jone/ws_moveit/install/moveit_hybrid_planning/lib/pkgconfig/moveit_hybrid_planning.pc'
[31.956s] Level 1:colcon.colcon_core.environment:checking '/home/jone/ws_moveit/install/moveit_hybrid_planning/lib/python3.10/site-packages'
[31.956s] Level 1:colcon.colcon_core.environment:checking '/home/jone/ws_moveit/install/moveit_hybrid_planning/bin'
[31.956s] INFO:colcon.colcon_core.shell:Creating package script '/home/jone/ws_moveit/install/moveit_hybrid_planning/share/moveit_hybrid_planning/package.ps1'
[31.956s] INFO:colcon.colcon_core.shell:Creating package descriptor '/home/jone/ws_moveit/install/moveit_hybrid_planning/share/moveit_hybrid_planning/package.dsv'
[31.957s] INFO:colcon.colcon_core.shell:Creating package script '/home/jone/ws_moveit/install/moveit_hybrid_planning/share/moveit_hybrid_planning/package.sh'
[31.957s] INFO:colcon.colcon_core.shell:Creating package script '/home/jone/ws_moveit/install/moveit_hybrid_planning/share/moveit_hybrid_planning/package.bash'
[31.957s] INFO:colcon.colcon_core.shell:Creating package script '/home/jone/ws_moveit/install/moveit_hybrid_planning/share/moveit_hybrid_planning/package.zsh'
[31.958s] Level 1:colcon.colcon_core.environment:create_file_with_runtime_dependencies(/home/jone/ws_moveit/install/moveit_hybrid_planning/share/colcon-core/packages/moveit_hybrid_planning)
[31.958s] Level 1:colcon.colcon_core.environment:create_environment_scripts_only(moveit_hybrid_planning)
[31.958s] Level 1:colcon.colcon_core.environment:checking '/home/jone/ws_moveit/install/moveit_hybrid_planning' for CMake module files
[31.958s] Level 1:colcon.colcon_core.environment:checking '/home/jone/ws_moveit/install/moveit_hybrid_planning' for CMake config files
[31.959s] Level 1:colcon.colcon_core.shell:create_environment_hook('moveit_hybrid_planning', 'cmake_prefix_path')
[31.959s] INFO:colcon.colcon_core.shell:Creating environment hook '/home/jone/ws_moveit/install/moveit_hybrid_planning/share/moveit_hybrid_planning/hook/cmake_prefix_path.ps1'
[31.959s] INFO:colcon.colcon_core.shell:Creating environment descriptor '/home/jone/ws_moveit/install/moveit_hybrid_planning/share/moveit_hybrid_planning/hook/cmake_prefix_path.dsv'
[31.959s] INFO:colcon.colcon_core.shell:Creating environment hook '/home/jone/ws_moveit/install/moveit_hybrid_planning/share/moveit_hybrid_planning/hook/cmake_prefix_path.sh'
[31.960s] Level 1:colcon.colcon_core.environment:checking '/home/jone/ws_moveit/install/moveit_hybrid_planning/lib'
[31.960s] Level 1:colcon.colcon_core.shell:create_environment_hook('moveit_hybrid_planning', 'ld_library_path_lib')
[31.960s] INFO:colcon.colcon_core.shell:Creating environment hook '/home/jone/ws_moveit/install/moveit_hybrid_planning/share/moveit_hybrid_planning/hook/ld_library_path_lib.ps1'
[31.960s] INFO:colcon.colcon_core.shell:Creating environment descriptor '/home/jone/ws_moveit/install/moveit_hybrid_planning/share/moveit_hybrid_planning/hook/ld_library_path_lib.dsv'
[31.961s] INFO:colcon.colcon_core.shell:Creating environment hook '/home/jone/ws_moveit/install/moveit_hybrid_planning/share/moveit_hybrid_planning/hook/ld_library_path_lib.sh'
[31.961s] Level 1:colcon.colcon_core.environment:checking '/home/jone/ws_moveit/install/moveit_hybrid_planning/bin'
[31.961s] Level 1:colcon.colcon_core.environment:checking '/home/jone/ws_moveit/install/moveit_hybrid_planning/lib/pkgconfig/moveit_hybrid_planning.pc'
[31.961s] Level 1:colcon.colcon_core.environment:checking '/home/jone/ws_moveit/install/moveit_hybrid_planning/lib/python3.10/site-packages'
[31.961s] Level 1:colcon.colcon_core.environment:checking '/home/jone/ws_moveit/install/moveit_hybrid_planning/bin'
[31.961s] INFO:colcon.colcon_core.shell:Creating package script '/home/jone/ws_moveit/install/moveit_hybrid_planning/share/moveit_hybrid_planning/package.ps1'
[31.962s] INFO:colcon.colcon_core.shell:Creating package descriptor '/home/jone/ws_moveit/install/moveit_hybrid_planning/share/moveit_hybrid_planning/package.dsv'
[31.962s] INFO:colcon.colcon_core.shell:Creating package script '/home/jone/ws_moveit/install/moveit_hybrid_planning/share/moveit_hybrid_planning/package.sh'
[31.963s] INFO:colcon.colcon_core.shell:Creating package script '/home/jone/ws_moveit/install/moveit_hybrid_planning/share/moveit_hybrid_planning/package.bash'
[31.963s] INFO:colcon.colcon_core.shell:Creating package script '/home/jone/ws_moveit/install/moveit_hybrid_planning/share/moveit_hybrid_planning/package.zsh'
[31.963s] Level 1:colcon.colcon_core.environment:create_file_with_runtime_dependencies(/home/jone/ws_moveit/install/moveit_hybrid_planning/share/colcon-core/packages/moveit_hybrid_planning)
[31.963s] DEBUG:colcon.colcon_core.executor.sequential:run_until_complete 'moveit_hybrid_planning' finished with '0'
[31.963s] DEBUG:colcon.colcon_core.executor.sequential:run_until_complete 'moveit_resources_prbt_pg70_support'
[31.963s] INFO:colcon.colcon_ros.task.ament_cmake.build:Building ROS package in '/home/jone/ws_moveit/src/moveit2/moveit_planners/test_configs/prbt_pg70_support' with build type 'ament_cmake'
[31.963s] INFO:colcon.colcon_cmake.task.cmake.build:Building CMake package in '/home/jone/ws_moveit/src/moveit2/moveit_planners/test_configs/prbt_pg70_support'
[31.964s] INFO:colcon.colcon_core.shell:Skip shell extension 'powershell' for command environment: Not usable outside of PowerShell
[31.964s] DEBUG:colcon.colcon_core.shell:Skip shell extension 'dsv' for command environment
[31.992s] DEBUG:colcon.colcon_core.event_handler.log_command:Invoking command in '/home/jone/ws_moveit/build/moveit_resources_prbt_pg70_support': AMENT_PREFIX_PATH=/home/jone/ws_moveit/install/moveit_resources_prbt_moveit_config:/home/jone/ws_moveit/install/moveit_ros_move_group:/home/jone/ws_moveit/install/moveit_kinematics:/home/jone/ws_moveit/install/moveit_ros_planning:/home/jone/ws_moveit/install/moveit_ros_occupancy_map_monitor:/home/jone/ws_moveit/install/moveit_resources_prbt_ikfast_manipulator_plugin:/home/jone/ws_moveit/install/moveit_core:/home/jone/ws_moveit/install/moveit_resources_panda_moveit_config:/home/jone/ws_moveit/install/moveit_resources_fanuc_moveit_config:/home/jone/ws_moveit/install/moveit_configs_utils:/home/jone/ws_moveit/install/srdfdom:/home/jone/ws_moveit/install/moveit_resources_prbt_support:/home/jone/ws_moveit/install/moveit_resources_pr2_description:/home/jone/ws_moveit/install/moveit_resources_panda_description:/home/jone/ws_moveit/install/moveit_resources_fanuc_description:/home/jone/ws_moveit/install/moveit_common:/home/jone/ws_moveit/install/launch_param_builder:${AMENT_PREFIX_PATH} CMAKE_PREFIX_PATH=/home/jone/ws_moveit/install/moveit_resources_prbt_moveit_config:/home/jone/ws_moveit/install/moveit_ros_move_group:/home/jone/ws_moveit/install/moveit_kinematics:/home/jone/ws_moveit/install/moveit_ros_planning:/home/jone/ws_moveit/install/moveit_ros_occupancy_map_monitor:/home/jone/ws_moveit/install/moveit_resources_prbt_ikfast_manipulator_plugin:/home/jone/ws_moveit/install/moveit_core:/home/jone/ws_moveit/install/moveit_resources_panda_moveit_config:/home/jone/ws_moveit/install/moveit_resources_fanuc_moveit_config:/home/jone/ws_moveit/install/srdfdom:/home/jone/ws_moveit/install/moveit_resources_prbt_support:/home/jone/ws_moveit/install/moveit_resources_pr2_description:/home/jone/ws_moveit/install/moveit_resources_panda_description:/home/jone/ws_moveit/install/moveit_resources_fanuc_description:/home/jone/ws_moveit/install/moveit_common:/opt/ros/humble LD_LIBRARY_PATH=/home/jone/ws_moveit/install/moveit_ros_move_group/lib:/home/jone/ws_moveit/install/moveit_kinematics/lib:/home/jone/ws_moveit/install/moveit_ros_planning/lib:/home/jone/ws_moveit/install/moveit_ros_occupancy_map_monitor/lib:/home/jone/ws_moveit/install/moveit_resources_prbt_ikfast_manipulator_plugin/lib:/home/jone/ws_moveit/install/moveit_core/lib:/home/jone/ws_moveit/install/srdfdom/lib:/opt/ros/humble/opt/rviz_ogre_vendor/lib:/opt/ros/humble/lib/x86_64-linux-gnu:/opt/ros/humble/lib:/usr/lib/x86_64-linux-gnu/gazebo-11/plugins:/usr/lib/x86_64-linux-gnu/gazebo-11/plugins:/usr/lib/x86_64-linux-gnu/gazebo-11/plugins PATH=/home/jone/ws_moveit/install/moveit_core/bin:${PATH} PYTHONPATH=/home/jone/ws_moveit/install/moveit_configs_utils/lib/python3.10/site-packages:/home/jone/ws_moveit/install/srdfdom/local/lib/python3.10/dist-packages:/home/jone/ws_moveit/install/launch_param_builder/lib/python3.10/site-packages:${PYTHONPATH} /usr/bin/cmake /home/jone/ws_moveit/src/moveit2/moveit_planners/test_configs/prbt_pg70_support -DCMAKE_INSTALL_PREFIX=/home/jone/ws_moveit/install/moveit_resources_prbt_pg70_support
[32.189s] DEBUG:colcon.colcon_core.event_handler.log_command:Invoked command in '/home/jone/ws_moveit/build/moveit_resources_prbt_pg70_support' returned '0': AMENT_PREFIX_PATH=/home/jone/ws_moveit/install/moveit_resources_prbt_moveit_config:/home/jone/ws_moveit/install/moveit_ros_move_group:/home/jone/ws_moveit/install/moveit_kinematics:/home/jone/ws_moveit/install/moveit_ros_planning:/home/jone/ws_moveit/install/moveit_ros_occupancy_map_monitor:/home/jone/ws_moveit/install/moveit_resources_prbt_ikfast_manipulator_plugin:/home/jone/ws_moveit/install/moveit_core:/home/jone/ws_moveit/install/moveit_resources_panda_moveit_config:/home/jone/ws_moveit/install/moveit_resources_fanuc_moveit_config:/home/jone/ws_moveit/install/moveit_configs_utils:/home/jone/ws_moveit/install/srdfdom:/home/jone/ws_moveit/install/moveit_resources_prbt_support:/home/jone/ws_moveit/install/moveit_resources_pr2_description:/home/jone/ws_moveit/install/moveit_resources_panda_description:/home/jone/ws_moveit/install/moveit_resources_fanuc_description:/home/jone/ws_moveit/install/moveit_common:/home/jone/ws_moveit/install/launch_param_builder:${AMENT_PREFIX_PATH} CMAKE_PREFIX_PATH=/home/jone/ws_moveit/install/moveit_resources_prbt_moveit_config:/home/jone/ws_moveit/install/moveit_ros_move_group:/home/jone/ws_moveit/install/moveit_kinematics:/home/jone/ws_moveit/install/moveit_ros_planning:/home/jone/ws_moveit/install/moveit_ros_occupancy_map_monitor:/home/jone/ws_moveit/install/moveit_resources_prbt_ikfast_manipulator_plugin:/home/jone/ws_moveit/install/moveit_core:/home/jone/ws_moveit/install/moveit_resources_panda_moveit_config:/home/jone/ws_moveit/install/moveit_resources_fanuc_moveit_config:/home/jone/ws_moveit/install/srdfdom:/home/jone/ws_moveit/install/moveit_resources_prbt_support:/home/jone/ws_moveit/install/moveit_resources_pr2_description:/home/jone/ws_moveit/install/moveit_resources_panda_description:/home/jone/ws_moveit/install/moveit_resources_fanuc_description:/home/jone/ws_moveit/install/moveit_common:/opt/ros/humble LD_LIBRARY_PATH=/home/jone/ws_moveit/install/moveit_ros_move_group/lib:/home/jone/ws_moveit/install/moveit_kinematics/lib:/home/jone/ws_moveit/install/moveit_ros_planning/lib:/home/jone/ws_moveit/install/moveit_ros_occupancy_map_monitor/lib:/home/jone/ws_moveit/install/moveit_resources_prbt_ikfast_manipulator_plugin/lib:/home/jone/ws_moveit/install/moveit_core/lib:/home/jone/ws_moveit/install/srdfdom/lib:/opt/ros/humble/opt/rviz_ogre_vendor/lib:/opt/ros/humble/lib/x86_64-linux-gnu:/opt/ros/humble/lib:/usr/lib/x86_64-linux-gnu/gazebo-11/plugins:/usr/lib/x86_64-linux-gnu/gazebo-11/plugins:/usr/lib/x86_64-linux-gnu/gazebo-11/plugins PATH=/home/jone/ws_moveit/install/moveit_core/bin:${PATH} PYTHONPATH=/home/jone/ws_moveit/install/moveit_configs_utils/lib/python3.10/site-packages:/home/jone/ws_moveit/install/srdfdom/local/lib/python3.10/dist-packages:/home/jone/ws_moveit/install/launch_param_builder/lib/python3.10/site-packages:${PYTHONPATH} /usr/bin/cmake /home/jone/ws_moveit/src/moveit2/moveit_planners/test_configs/prbt_pg70_support -DCMAKE_INSTALL_PREFIX=/home/jone/ws_moveit/install/moveit_resources_prbt_pg70_support
[32.189s] DEBUG:colcon.colcon_core.event_handler.log_command:Invoking command in '/home/jone/ws_moveit/build/moveit_resources_prbt_pg70_support': AMENT_PREFIX_PATH=/home/jone/ws_moveit/install/moveit_resources_prbt_moveit_config:/home/jone/ws_moveit/install/moveit_ros_move_group:/home/jone/ws_moveit/install/moveit_kinematics:/home/jone/ws_moveit/install/moveit_ros_planning:/home/jone/ws_moveit/install/moveit_ros_occupancy_map_monitor:/home/jone/ws_moveit/install/moveit_resources_prbt_ikfast_manipulator_plugin:/home/jone/ws_moveit/install/moveit_core:/home/jone/ws_moveit/install/moveit_resources_panda_moveit_config:/home/jone/ws_moveit/install/moveit_resources_fanuc_moveit_config:/home/jone/ws_moveit/install/moveit_configs_utils:/home/jone/ws_moveit/install/srdfdom:/home/jone/ws_moveit/install/moveit_resources_prbt_support:/home/jone/ws_moveit/install/moveit_resources_pr2_description:/home/jone/ws_moveit/install/moveit_resources_panda_description:/home/jone/ws_moveit/install/moveit_resources_fanuc_description:/home/jone/ws_moveit/install/moveit_common:/home/jone/ws_moveit/install/launch_param_builder:${AMENT_PREFIX_PATH} CMAKE_PREFIX_PATH=/home/jone/ws_moveit/install/moveit_resources_prbt_moveit_config:/home/jone/ws_moveit/install/moveit_ros_move_group:/home/jone/ws_moveit/install/moveit_kinematics:/home/jone/ws_moveit/install/moveit_ros_planning:/home/jone/ws_moveit/install/moveit_ros_occupancy_map_monitor:/home/jone/ws_moveit/install/moveit_resources_prbt_ikfast_manipulator_plugin:/home/jone/ws_moveit/install/moveit_core:/home/jone/ws_moveit/install/moveit_resources_panda_moveit_config:/home/jone/ws_moveit/install/moveit_resources_fanuc_moveit_config:/home/jone/ws_moveit/install/srdfdom:/home/jone/ws_moveit/install/moveit_resources_prbt_support:/home/jone/ws_moveit/install/moveit_resources_pr2_description:/home/jone/ws_moveit/install/moveit_resources_panda_description:/home/jone/ws_moveit/install/moveit_resources_fanuc_description:/home/jone/ws_moveit/install/moveit_common:/opt/ros/humble LD_LIBRARY_PATH=/home/jone/ws_moveit/install/moveit_ros_move_group/lib:/home/jone/ws_moveit/install/moveit_kinematics/lib:/home/jone/ws_moveit/install/moveit_ros_planning/lib:/home/jone/ws_moveit/install/moveit_ros_occupancy_map_monitor/lib:/home/jone/ws_moveit/install/moveit_resources_prbt_ikfast_manipulator_plugin/lib:/home/jone/ws_moveit/install/moveit_core/lib:/home/jone/ws_moveit/install/srdfdom/lib:/opt/ros/humble/opt/rviz_ogre_vendor/lib:/opt/ros/humble/lib/x86_64-linux-gnu:/opt/ros/humble/lib:/usr/lib/x86_64-linux-gnu/gazebo-11/plugins:/usr/lib/x86_64-linux-gnu/gazebo-11/plugins:/usr/lib/x86_64-linux-gnu/gazebo-11/plugins PATH=/home/jone/ws_moveit/install/moveit_core/bin:${PATH} PYTHONPATH=/home/jone/ws_moveit/install/moveit_configs_utils/lib/python3.10/site-packages:/home/jone/ws_moveit/install/srdfdom/local/lib/python3.10/dist-packages:/home/jone/ws_moveit/install/launch_param_builder/lib/python3.10/site-packages:${PYTHONPATH} /usr/bin/cmake --build /home/jone/ws_moveit/build/moveit_resources_prbt_pg70_support -- -j16 -l16
[32.225s] DEBUG:colcon.colcon_core.event_handler.log_command:Invoked command in '/home/jone/ws_moveit/build/moveit_resources_prbt_pg70_support' returned '0': AMENT_PREFIX_PATH=/home/jone/ws_moveit/install/moveit_resources_prbt_moveit_config:/home/jone/ws_moveit/install/moveit_ros_move_group:/home/jone/ws_moveit/install/moveit_kinematics:/home/jone/ws_moveit/install/moveit_ros_planning:/home/jone/ws_moveit/install/moveit_ros_occupancy_map_monitor:/home/jone/ws_moveit/install/moveit_resources_prbt_ikfast_manipulator_plugin:/home/jone/ws_moveit/install/moveit_core:/home/jone/ws_moveit/install/moveit_resources_panda_moveit_config:/home/jone/ws_moveit/install/moveit_resources_fanuc_moveit_config:/home/jone/ws_moveit/install/moveit_configs_utils:/home/jone/ws_moveit/install/srdfdom:/home/jone/ws_moveit/install/moveit_resources_prbt_support:/home/jone/ws_moveit/install/moveit_resources_pr2_description:/home/jone/ws_moveit/install/moveit_resources_panda_description:/home/jone/ws_moveit/install/moveit_resources_fanuc_description:/home/jone/ws_moveit/install/moveit_common:/home/jone/ws_moveit/install/launch_param_builder:${AMENT_PREFIX_PATH} CMAKE_PREFIX_PATH=/home/jone/ws_moveit/install/moveit_resources_prbt_moveit_config:/home/jone/ws_moveit/install/moveit_ros_move_group:/home/jone/ws_moveit/install/moveit_kinematics:/home/jone/ws_moveit/install/moveit_ros_planning:/home/jone/ws_moveit/install/moveit_ros_occupancy_map_monitor:/home/jone/ws_moveit/install/moveit_resources_prbt_ikfast_manipulator_plugin:/home/jone/ws_moveit/install/moveit_core:/home/jone/ws_moveit/install/moveit_resources_panda_moveit_config:/home/jone/ws_moveit/install/moveit_resources_fanuc_moveit_config:/home/jone/ws_moveit/install/srdfdom:/home/jone/ws_moveit/install/moveit_resources_prbt_support:/home/jone/ws_moveit/install/moveit_resources_pr2_description:/home/jone/ws_moveit/install/moveit_resources_panda_description:/home/jone/ws_moveit/install/moveit_resources_fanuc_description:/home/jone/ws_moveit/install/moveit_common:/opt/ros/humble LD_LIBRARY_PATH=/home/jone/ws_moveit/install/moveit_ros_move_group/lib:/home/jone/ws_moveit/install/moveit_kinematics/lib:/home/jone/ws_moveit/install/moveit_ros_planning/lib:/home/jone/ws_moveit/install/moveit_ros_occupancy_map_monitor/lib:/home/jone/ws_moveit/install/moveit_resources_prbt_ikfast_manipulator_plugin/lib:/home/jone/ws_moveit/install/moveit_core/lib:/home/jone/ws_moveit/install/srdfdom/lib:/opt/ros/humble/opt/rviz_ogre_vendor/lib:/opt/ros/humble/lib/x86_64-linux-gnu:/opt/ros/humble/lib:/usr/lib/x86_64-linux-gnu/gazebo-11/plugins:/usr/lib/x86_64-linux-gnu/gazebo-11/plugins:/usr/lib/x86_64-linux-gnu/gazebo-11/plugins PATH=/home/jone/ws_moveit/install/moveit_core/bin:${PATH} PYTHONPATH=/home/jone/ws_moveit/install/moveit_configs_utils/lib/python3.10/site-packages:/home/jone/ws_moveit/install/srdfdom/local/lib/python3.10/dist-packages:/home/jone/ws_moveit/install/launch_param_builder/lib/python3.10/site-packages:${PYTHONPATH} /usr/bin/cmake --build /home/jone/ws_moveit/build/moveit_resources_prbt_pg70_support -- -j16 -l16
[32.235s] DEBUG:colcon.colcon_core.event_handler.log_command:Invoking command in '/home/jone/ws_moveit/build/moveit_resources_prbt_pg70_support': AMENT_PREFIX_PATH=/home/jone/ws_moveit/install/moveit_resources_prbt_moveit_config:/home/jone/ws_moveit/install/moveit_ros_move_group:/home/jone/ws_moveit/install/moveit_kinematics:/home/jone/ws_moveit/install/moveit_ros_planning:/home/jone/ws_moveit/install/moveit_ros_occupancy_map_monitor:/home/jone/ws_moveit/install/moveit_resources_prbt_ikfast_manipulator_plugin:/home/jone/ws_moveit/install/moveit_core:/home/jone/ws_moveit/install/moveit_resources_panda_moveit_config:/home/jone/ws_moveit/install/moveit_resources_fanuc_moveit_config:/home/jone/ws_moveit/install/moveit_configs_utils:/home/jone/ws_moveit/install/srdfdom:/home/jone/ws_moveit/install/moveit_resources_prbt_support:/home/jone/ws_moveit/install/moveit_resources_pr2_description:/home/jone/ws_moveit/install/moveit_resources_panda_description:/home/jone/ws_moveit/install/moveit_resources_fanuc_description:/home/jone/ws_moveit/install/moveit_common:/home/jone/ws_moveit/install/launch_param_builder:${AMENT_PREFIX_PATH} CMAKE_PREFIX_PATH=/home/jone/ws_moveit/install/moveit_resources_prbt_moveit_config:/home/jone/ws_moveit/install/moveit_ros_move_group:/home/jone/ws_moveit/install/moveit_kinematics:/home/jone/ws_moveit/install/moveit_ros_planning:/home/jone/ws_moveit/install/moveit_ros_occupancy_map_monitor:/home/jone/ws_moveit/install/moveit_resources_prbt_ikfast_manipulator_plugin:/home/jone/ws_moveit/install/moveit_core:/home/jone/ws_moveit/install/moveit_resources_panda_moveit_config:/home/jone/ws_moveit/install/moveit_resources_fanuc_moveit_config:/home/jone/ws_moveit/install/srdfdom:/home/jone/ws_moveit/install/moveit_resources_prbt_support:/home/jone/ws_moveit/install/moveit_resources_pr2_description:/home/jone/ws_moveit/install/moveit_resources_panda_description:/home/jone/ws_moveit/install/moveit_resources_fanuc_description:/home/jone/ws_moveit/install/moveit_common:/opt/ros/humble LD_LIBRARY_PATH=/home/jone/ws_moveit/install/moveit_ros_move_group/lib:/home/jone/ws_moveit/install/moveit_kinematics/lib:/home/jone/ws_moveit/install/moveit_ros_planning/lib:/home/jone/ws_moveit/install/moveit_ros_occupancy_map_monitor/lib:/home/jone/ws_moveit/install/moveit_resources_prbt_ikfast_manipulator_plugin/lib:/home/jone/ws_moveit/install/moveit_core/lib:/home/jone/ws_moveit/install/srdfdom/lib:/opt/ros/humble/opt/rviz_ogre_vendor/lib:/opt/ros/humble/lib/x86_64-linux-gnu:/opt/ros/humble/lib:/usr/lib/x86_64-linux-gnu/gazebo-11/plugins:/usr/lib/x86_64-linux-gnu/gazebo-11/plugins:/usr/lib/x86_64-linux-gnu/gazebo-11/plugins PATH=/home/jone/ws_moveit/install/moveit_core/bin:${PATH} PYTHONPATH=/home/jone/ws_moveit/install/moveit_configs_utils/lib/python3.10/site-packages:/home/jone/ws_moveit/install/srdfdom/local/lib/python3.10/dist-packages:/home/jone/ws_moveit/install/launch_param_builder/lib/python3.10/site-packages:${PYTHONPATH} /usr/bin/cmake --install /home/jone/ws_moveit/build/moveit_resources_prbt_pg70_support
[32.248s] Level 1:colcon.colcon_core.environment:create_environment_scripts_only(moveit_resources_prbt_pg70_support)
[32.249s] Level 1:colcon.colcon_core.environment:checking '/home/jone/ws_moveit/install/moveit_resources_prbt_pg70_support' for CMake module files
[32.249s] DEBUG:colcon.colcon_core.event_handler.log_command:Invoked command in '/home/jone/ws_moveit/build/moveit_resources_prbt_pg70_support' returned '0': AMENT_PREFIX_PATH=/home/jone/ws_moveit/install/moveit_resources_prbt_moveit_config:/home/jone/ws_moveit/install/moveit_ros_move_group:/home/jone/ws_moveit/install/moveit_kinematics:/home/jone/ws_moveit/install/moveit_ros_planning:/home/jone/ws_moveit/install/moveit_ros_occupancy_map_monitor:/home/jone/ws_moveit/install/moveit_resources_prbt_ikfast_manipulator_plugin:/home/jone/ws_moveit/install/moveit_core:/home/jone/ws_moveit/install/moveit_resources_panda_moveit_config:/home/jone/ws_moveit/install/moveit_resources_fanuc_moveit_config:/home/jone/ws_moveit/install/moveit_configs_utils:/home/jone/ws_moveit/install/srdfdom:/home/jone/ws_moveit/install/moveit_resources_prbt_support:/home/jone/ws_moveit/install/moveit_resources_pr2_description:/home/jone/ws_moveit/install/moveit_resources_panda_description:/home/jone/ws_moveit/install/moveit_resources_fanuc_description:/home/jone/ws_moveit/install/moveit_common:/home/jone/ws_moveit/install/launch_param_builder:${AMENT_PREFIX_PATH} CMAKE_PREFIX_PATH=/home/jone/ws_moveit/install/moveit_resources_prbt_moveit_config:/home/jone/ws_moveit/install/moveit_ros_move_group:/home/jone/ws_moveit/install/moveit_kinematics:/home/jone/ws_moveit/install/moveit_ros_planning:/home/jone/ws_moveit/install/moveit_ros_occupancy_map_monitor:/home/jone/ws_moveit/install/moveit_resources_prbt_ikfast_manipulator_plugin:/home/jone/ws_moveit/install/moveit_core:/home/jone/ws_moveit/install/moveit_resources_panda_moveit_config:/home/jone/ws_moveit/install/moveit_resources_fanuc_moveit_config:/home/jone/ws_moveit/install/srdfdom:/home/jone/ws_moveit/install/moveit_resources_prbt_support:/home/jone/ws_moveit/install/moveit_resources_pr2_description:/home/jone/ws_moveit/install/moveit_resources_panda_description:/home/jone/ws_moveit/install/moveit_resources_fanuc_description:/home/jone/ws_moveit/install/moveit_common:/opt/ros/humble LD_LIBRARY_PATH=/home/jone/ws_moveit/install/moveit_ros_move_group/lib:/home/jone/ws_moveit/install/moveit_kinematics/lib:/home/jone/ws_moveit/install/moveit_ros_planning/lib:/home/jone/ws_moveit/install/moveit_ros_occupancy_map_monitor/lib:/home/jone/ws_moveit/install/moveit_resources_prbt_ikfast_manipulator_plugin/lib:/home/jone/ws_moveit/install/moveit_core/lib:/home/jone/ws_moveit/install/srdfdom/lib:/opt/ros/humble/opt/rviz_ogre_vendor/lib:/opt/ros/humble/lib/x86_64-linux-gnu:/opt/ros/humble/lib:/usr/lib/x86_64-linux-gnu/gazebo-11/plugins:/usr/lib/x86_64-linux-gnu/gazebo-11/plugins:/usr/lib/x86_64-linux-gnu/gazebo-11/plugins PATH=/home/jone/ws_moveit/install/moveit_core/bin:${PATH} PYTHONPATH=/home/jone/ws_moveit/install/moveit_configs_utils/lib/python3.10/site-packages:/home/jone/ws_moveit/install/srdfdom/local/lib/python3.10/dist-packages:/home/jone/ws_moveit/install/launch_param_builder/lib/python3.10/site-packages:${PYTHONPATH} /usr/bin/cmake --install /home/jone/ws_moveit/build/moveit_resources_prbt_pg70_support
[32.249s] Level 1:colcon.colcon_core.environment:checking '/home/jone/ws_moveit/install/moveit_resources_prbt_pg70_support' for CMake config files
[32.250s] Level 1:colcon.colcon_core.shell:create_environment_hook('moveit_resources_prbt_pg70_support', 'cmake_prefix_path')
[32.250s] INFO:colcon.colcon_core.shell:Creating environment hook '/home/jone/ws_moveit/install/moveit_resources_prbt_pg70_support/share/moveit_resources_prbt_pg70_support/hook/cmake_prefix_path.ps1'
[32.251s] INFO:colcon.colcon_core.shell:Creating environment descriptor '/home/jone/ws_moveit/install/moveit_resources_prbt_pg70_support/share/moveit_resources_prbt_pg70_support/hook/cmake_prefix_path.dsv'
[32.251s] INFO:colcon.colcon_core.shell:Creating environment hook '/home/jone/ws_moveit/install/moveit_resources_prbt_pg70_support/share/moveit_resources_prbt_pg70_support/hook/cmake_prefix_path.sh'
[32.251s] Level 1:colcon.colcon_core.environment:checking '/home/jone/ws_moveit/install/moveit_resources_prbt_pg70_support/bin'
[32.251s] Level 1:colcon.colcon_core.environment:checking '/home/jone/ws_moveit/install/moveit_resources_prbt_pg70_support/lib/pkgconfig/moveit_resources_prbt_pg70_support.pc'
[32.252s] Level 1:colcon.colcon_core.environment:checking '/home/jone/ws_moveit/install/moveit_resources_prbt_pg70_support/lib/python3.10/site-packages'
[32.252s] Level 1:colcon.colcon_core.environment:checking '/home/jone/ws_moveit/install/moveit_resources_prbt_pg70_support/bin'
[32.252s] INFO:colcon.colcon_core.shell:Creating package script '/home/jone/ws_moveit/install/moveit_resources_prbt_pg70_support/share/moveit_resources_prbt_pg70_support/package.ps1'
[32.252s] INFO:colcon.colcon_core.shell:Creating package descriptor '/home/jone/ws_moveit/install/moveit_resources_prbt_pg70_support/share/moveit_resources_prbt_pg70_support/package.dsv'
[32.253s] INFO:colcon.colcon_core.shell:Creating package script '/home/jone/ws_moveit/install/moveit_resources_prbt_pg70_support/share/moveit_resources_prbt_pg70_support/package.sh'
[32.253s] INFO:colcon.colcon_core.shell:Creating package script '/home/jone/ws_moveit/install/moveit_resources_prbt_pg70_support/share/moveit_resources_prbt_pg70_support/package.bash'
[32.253s] INFO:colcon.colcon_core.shell:Creating package script '/home/jone/ws_moveit/install/moveit_resources_prbt_pg70_support/share/moveit_resources_prbt_pg70_support/package.zsh'
[32.254s] Level 1:colcon.colcon_core.environment:create_file_with_runtime_dependencies(/home/jone/ws_moveit/install/moveit_resources_prbt_pg70_support/share/colcon-core/packages/moveit_resources_prbt_pg70_support)
[32.254s] Level 1:colcon.colcon_core.environment:create_environment_scripts_only(moveit_resources_prbt_pg70_support)
[32.254s] Level 1:colcon.colcon_core.environment:checking '/home/jone/ws_moveit/install/moveit_resources_prbt_pg70_support' for CMake module files
[32.254s] Level 1:colcon.colcon_core.environment:checking '/home/jone/ws_moveit/install/moveit_resources_prbt_pg70_support' for CMake config files
[32.255s] Level 1:colcon.colcon_core.shell:create_environment_hook('moveit_resources_prbt_pg70_support', 'cmake_prefix_path')
[32.255s] INFO:colcon.colcon_core.shell:Creating environment hook '/home/jone/ws_moveit/install/moveit_resources_prbt_pg70_support/share/moveit_resources_prbt_pg70_support/hook/cmake_prefix_path.ps1'
[32.255s] INFO:colcon.colcon_core.shell:Creating environment descriptor '/home/jone/ws_moveit/install/moveit_resources_prbt_pg70_support/share/moveit_resources_prbt_pg70_support/hook/cmake_prefix_path.dsv'
[32.255s] INFO:colcon.colcon_core.shell:Creating environment hook '/home/jone/ws_moveit/install/moveit_resources_prbt_pg70_support/share/moveit_resources_prbt_pg70_support/hook/cmake_prefix_path.sh'
[32.256s] Level 1:colcon.colcon_core.environment:checking '/home/jone/ws_moveit/install/moveit_resources_prbt_pg70_support/bin'
[32.256s] Level 1:colcon.colcon_core.environment:checking '/home/jone/ws_moveit/install/moveit_resources_prbt_pg70_support/lib/pkgconfig/moveit_resources_prbt_pg70_support.pc'
[32.256s] Level 1:colcon.colcon_core.environment:checking '/home/jone/ws_moveit/install/moveit_resources_prbt_pg70_support/lib/python3.10/site-packages'
[32.256s] Level 1:colcon.colcon_core.environment:checking '/home/jone/ws_moveit/install/moveit_resources_prbt_pg70_support/bin'
[32.256s] INFO:colcon.colcon_core.shell:Creating package script '/home/jone/ws_moveit/install/moveit_resources_prbt_pg70_support/share/moveit_resources_prbt_pg70_support/package.ps1'
[32.257s] INFO:colcon.colcon_core.shell:Creating package descriptor '/home/jone/ws_moveit/install/moveit_resources_prbt_pg70_support/share/moveit_resources_prbt_pg70_support/package.dsv'
[32.257s] INFO:colcon.colcon_core.shell:Creating package script '/home/jone/ws_moveit/install/moveit_resources_prbt_pg70_support/share/moveit_resources_prbt_pg70_support/package.sh'
[32.258s] INFO:colcon.colcon_core.shell:Creating package script '/home/jone/ws_moveit/install/moveit_resources_prbt_pg70_support/share/moveit_resources_prbt_pg70_support/package.bash'
[32.258s] INFO:colcon.colcon_core.shell:Creating package script '/home/jone/ws_moveit/install/moveit_resources_prbt_pg70_support/share/moveit_resources_prbt_pg70_support/package.zsh'
[32.258s] Level 1:colcon.colcon_core.environment:create_file_with_runtime_dependencies(/home/jone/ws_moveit/install/moveit_resources_prbt_pg70_support/share/colcon-core/packages/moveit_resources_prbt_pg70_support)
[32.258s] DEBUG:colcon.colcon_core.executor.sequential:run_until_complete 'moveit_resources_prbt_pg70_support' finished with '0'
[32.258s] DEBUG:colcon.colcon_core.executor.sequential:run_until_complete 'moveit_ros_visualization'
[32.258s] INFO:colcon.colcon_ros.task.ament_cmake.build:Building ROS package in '/home/jone/ws_moveit/src/moveit2/moveit_ros/visualization' with build type 'ament_cmake'
[32.259s] INFO:colcon.colcon_cmake.task.cmake.build:Building CMake package in '/home/jone/ws_moveit/src/moveit2/moveit_ros/visualization'
[32.259s] INFO:colcon.colcon_core.shell:Skip shell extension 'powershell' for command environment: Not usable outside of PowerShell
[32.259s] DEBUG:colcon.colcon_core.shell:Skip shell extension 'dsv' for command environment
[32.295s] DEBUG:colcon.colcon_core.event_handler.log_command:Invoking command in '/home/jone/ws_moveit/build/moveit_ros_visualization': AMENT_PREFIX_PATH=/home/jone/ws_moveit/install/moveit_ros_planning_interface:/home/jone/ws_moveit/install/moveit_ros_move_group:/home/jone/ws_moveit/install/moveit_ros_warehouse:/home/jone/ws_moveit/install/moveit_ros_robot_interaction:/home/jone/ws_moveit/install/moveit_planners_ompl:/home/jone/ws_moveit/install/moveit_kinematics:/home/jone/ws_moveit/install/moveit_ros_planning:/home/jone/ws_moveit/install/moveit_simple_controller_manager:/home/jone/ws_moveit/install/moveit_ros_occupancy_map_monitor:/home/jone/ws_moveit/install/moveit_core:/home/jone/ws_moveit/install/moveit_resources_panda_moveit_config:/home/jone/ws_moveit/install/moveit_resources_fanuc_moveit_config:/home/jone/ws_moveit/install/moveit_configs_utils:/home/jone/ws_moveit/install/srdfdom:/home/jone/ws_moveit/install/moveit_resources_pr2_description:/home/jone/ws_moveit/install/moveit_resources_panda_description:/home/jone/ws_moveit/install/moveit_resources_fanuc_description:/home/jone/ws_moveit/install/moveit_common:/home/jone/ws_moveit/install/launch_param_builder:${AMENT_PREFIX_PATH} CMAKE_PREFIX_PATH=/home/jone/ws_moveit/install/moveit_ros_planning_interface:/home/jone/ws_moveit/install/moveit_ros_move_group:/home/jone/ws_moveit/install/moveit_ros_warehouse:/home/jone/ws_moveit/install/moveit_ros_robot_interaction:/home/jone/ws_moveit/install/moveit_planners_ompl:/home/jone/ws_moveit/install/moveit_kinematics:/home/jone/ws_moveit/install/moveit_ros_planning:/home/jone/ws_moveit/install/moveit_simple_controller_manager:/home/jone/ws_moveit/install/moveit_ros_occupancy_map_monitor:/home/jone/ws_moveit/install/moveit_core:/home/jone/ws_moveit/install/moveit_resources_panda_moveit_config:/home/jone/ws_moveit/install/moveit_resources_fanuc_moveit_config:/home/jone/ws_moveit/install/srdfdom:/home/jone/ws_moveit/install/moveit_resources_pr2_description:/home/jone/ws_moveit/install/moveit_resources_panda_description:/home/jone/ws_moveit/install/moveit_resources_fanuc_description:/home/jone/ws_moveit/install/moveit_common:/opt/ros/humble LD_LIBRARY_PATH=/home/jone/ws_moveit/install/moveit_ros_planning_interface/lib:/home/jone/ws_moveit/install/moveit_ros_move_group/lib:/home/jone/ws_moveit/install/moveit_ros_warehouse/lib:/home/jone/ws_moveit/install/moveit_ros_robot_interaction/lib:/home/jone/ws_moveit/install/moveit_planners_ompl/lib:/home/jone/ws_moveit/install/moveit_kinematics/lib:/home/jone/ws_moveit/install/moveit_ros_planning/lib:/home/jone/ws_moveit/install/moveit_simple_controller_manager/lib:/home/jone/ws_moveit/install/moveit_ros_occupancy_map_monitor/lib:/home/jone/ws_moveit/install/moveit_core/lib:/home/jone/ws_moveit/install/srdfdom/lib:/opt/ros/humble/opt/rviz_ogre_vendor/lib:/opt/ros/humble/lib/x86_64-linux-gnu:/opt/ros/humble/lib:/usr/lib/x86_64-linux-gnu/gazebo-11/plugins:/usr/lib/x86_64-linux-gnu/gazebo-11/plugins:/usr/lib/x86_64-linux-gnu/gazebo-11/plugins PATH=/home/jone/ws_moveit/install/moveit_core/bin:${PATH} PYTHONPATH=/home/jone/ws_moveit/install/moveit_configs_utils/lib/python3.10/site-packages:/home/jone/ws_moveit/install/srdfdom/local/lib/python3.10/dist-packages:/home/jone/ws_moveit/install/launch_param_builder/lib/python3.10/site-packages:${PYTHONPATH} /usr/bin/cmake /home/jone/ws_moveit/src/moveit2/moveit_ros/visualization -DCMAKE_INSTALL_PREFIX=/home/jone/ws_moveit/install/moveit_ros_visualization
[33.601s] DEBUG:colcon.colcon_core.event_handler.log_command:Invoked command in '/home/jone/ws_moveit/build/moveit_ros_visualization' returned '0': AMENT_PREFIX_PATH=/home/jone/ws_moveit/install/moveit_ros_planning_interface:/home/jone/ws_moveit/install/moveit_ros_move_group:/home/jone/ws_moveit/install/moveit_ros_warehouse:/home/jone/ws_moveit/install/moveit_ros_robot_interaction:/home/jone/ws_moveit/install/moveit_planners_ompl:/home/jone/ws_moveit/install/moveit_kinematics:/home/jone/ws_moveit/install/moveit_ros_planning:/home/jone/ws_moveit/install/moveit_simple_controller_manager:/home/jone/ws_moveit/install/moveit_ros_occupancy_map_monitor:/home/jone/ws_moveit/install/moveit_core:/home/jone/ws_moveit/install/moveit_resources_panda_moveit_config:/home/jone/ws_moveit/install/moveit_resources_fanuc_moveit_config:/home/jone/ws_moveit/install/moveit_configs_utils:/home/jone/ws_moveit/install/srdfdom:/home/jone/ws_moveit/install/moveit_resources_pr2_description:/home/jone/ws_moveit/install/moveit_resources_panda_description:/home/jone/ws_moveit/install/moveit_resources_fanuc_description:/home/jone/ws_moveit/install/moveit_common:/home/jone/ws_moveit/install/launch_param_builder:${AMENT_PREFIX_PATH} CMAKE_PREFIX_PATH=/home/jone/ws_moveit/install/moveit_ros_planning_interface:/home/jone/ws_moveit/install/moveit_ros_move_group:/home/jone/ws_moveit/install/moveit_ros_warehouse:/home/jone/ws_moveit/install/moveit_ros_robot_interaction:/home/jone/ws_moveit/install/moveit_planners_ompl:/home/jone/ws_moveit/install/moveit_kinematics:/home/jone/ws_moveit/install/moveit_ros_planning:/home/jone/ws_moveit/install/moveit_simple_controller_manager:/home/jone/ws_moveit/install/moveit_ros_occupancy_map_monitor:/home/jone/ws_moveit/install/moveit_core:/home/jone/ws_moveit/install/moveit_resources_panda_moveit_config:/home/jone/ws_moveit/install/moveit_resources_fanuc_moveit_config:/home/jone/ws_moveit/install/srdfdom:/home/jone/ws_moveit/install/moveit_resources_pr2_description:/home/jone/ws_moveit/install/moveit_resources_panda_description:/home/jone/ws_moveit/install/moveit_resources_fanuc_description:/home/jone/ws_moveit/install/moveit_common:/opt/ros/humble LD_LIBRARY_PATH=/home/jone/ws_moveit/install/moveit_ros_planning_interface/lib:/home/jone/ws_moveit/install/moveit_ros_move_group/lib:/home/jone/ws_moveit/install/moveit_ros_warehouse/lib:/home/jone/ws_moveit/install/moveit_ros_robot_interaction/lib:/home/jone/ws_moveit/install/moveit_planners_ompl/lib:/home/jone/ws_moveit/install/moveit_kinematics/lib:/home/jone/ws_moveit/install/moveit_ros_planning/lib:/home/jone/ws_moveit/install/moveit_simple_controller_manager/lib:/home/jone/ws_moveit/install/moveit_ros_occupancy_map_monitor/lib:/home/jone/ws_moveit/install/moveit_core/lib:/home/jone/ws_moveit/install/srdfdom/lib:/opt/ros/humble/opt/rviz_ogre_vendor/lib:/opt/ros/humble/lib/x86_64-linux-gnu:/opt/ros/humble/lib:/usr/lib/x86_64-linux-gnu/gazebo-11/plugins:/usr/lib/x86_64-linux-gnu/gazebo-11/plugins:/usr/lib/x86_64-linux-gnu/gazebo-11/plugins PATH=/home/jone/ws_moveit/install/moveit_core/bin:${PATH} PYTHONPATH=/home/jone/ws_moveit/install/moveit_configs_utils/lib/python3.10/site-packages:/home/jone/ws_moveit/install/srdfdom/local/lib/python3.10/dist-packages:/home/jone/ws_moveit/install/launch_param_builder/lib/python3.10/site-packages:${PYTHONPATH} /usr/bin/cmake /home/jone/ws_moveit/src/moveit2/moveit_ros/visualization -DCMAKE_INSTALL_PREFIX=/home/jone/ws_moveit/install/moveit_ros_visualization
[33.602s] DEBUG:colcon.colcon_core.event_handler.log_command:Invoking command in '/home/jone/ws_moveit/build/moveit_ros_visualization': AMENT_PREFIX_PATH=/home/jone/ws_moveit/install/moveit_ros_planning_interface:/home/jone/ws_moveit/install/moveit_ros_move_group:/home/jone/ws_moveit/install/moveit_ros_warehouse:/home/jone/ws_moveit/install/moveit_ros_robot_interaction:/home/jone/ws_moveit/install/moveit_planners_ompl:/home/jone/ws_moveit/install/moveit_kinematics:/home/jone/ws_moveit/install/moveit_ros_planning:/home/jone/ws_moveit/install/moveit_simple_controller_manager:/home/jone/ws_moveit/install/moveit_ros_occupancy_map_monitor:/home/jone/ws_moveit/install/moveit_core:/home/jone/ws_moveit/install/moveit_resources_panda_moveit_config:/home/jone/ws_moveit/install/moveit_resources_fanuc_moveit_config:/home/jone/ws_moveit/install/moveit_configs_utils:/home/jone/ws_moveit/install/srdfdom:/home/jone/ws_moveit/install/moveit_resources_pr2_description:/home/jone/ws_moveit/install/moveit_resources_panda_description:/home/jone/ws_moveit/install/moveit_resources_fanuc_description:/home/jone/ws_moveit/install/moveit_common:/home/jone/ws_moveit/install/launch_param_builder:${AMENT_PREFIX_PATH} CMAKE_PREFIX_PATH=/home/jone/ws_moveit/install/moveit_ros_planning_interface:/home/jone/ws_moveit/install/moveit_ros_move_group:/home/jone/ws_moveit/install/moveit_ros_warehouse:/home/jone/ws_moveit/install/moveit_ros_robot_interaction:/home/jone/ws_moveit/install/moveit_planners_ompl:/home/jone/ws_moveit/install/moveit_kinematics:/home/jone/ws_moveit/install/moveit_ros_planning:/home/jone/ws_moveit/install/moveit_simple_controller_manager:/home/jone/ws_moveit/install/moveit_ros_occupancy_map_monitor:/home/jone/ws_moveit/install/moveit_core:/home/jone/ws_moveit/install/moveit_resources_panda_moveit_config:/home/jone/ws_moveit/install/moveit_resources_fanuc_moveit_config:/home/jone/ws_moveit/install/srdfdom:/home/jone/ws_moveit/install/moveit_resources_pr2_description:/home/jone/ws_moveit/install/moveit_resources_panda_description:/home/jone/ws_moveit/install/moveit_resources_fanuc_description:/home/jone/ws_moveit/install/moveit_common:/opt/ros/humble LD_LIBRARY_PATH=/home/jone/ws_moveit/install/moveit_ros_planning_interface/lib:/home/jone/ws_moveit/install/moveit_ros_move_group/lib:/home/jone/ws_moveit/install/moveit_ros_warehouse/lib:/home/jone/ws_moveit/install/moveit_ros_robot_interaction/lib:/home/jone/ws_moveit/install/moveit_planners_ompl/lib:/home/jone/ws_moveit/install/moveit_kinematics/lib:/home/jone/ws_moveit/install/moveit_ros_planning/lib:/home/jone/ws_moveit/install/moveit_simple_controller_manager/lib:/home/jone/ws_moveit/install/moveit_ros_occupancy_map_monitor/lib:/home/jone/ws_moveit/install/moveit_core/lib:/home/jone/ws_moveit/install/srdfdom/lib:/opt/ros/humble/opt/rviz_ogre_vendor/lib:/opt/ros/humble/lib/x86_64-linux-gnu:/opt/ros/humble/lib:/usr/lib/x86_64-linux-gnu/gazebo-11/plugins:/usr/lib/x86_64-linux-gnu/gazebo-11/plugins:/usr/lib/x86_64-linux-gnu/gazebo-11/plugins PATH=/home/jone/ws_moveit/install/moveit_core/bin:${PATH} PYTHONPATH=/home/jone/ws_moveit/install/moveit_configs_utils/lib/python3.10/site-packages:/home/jone/ws_moveit/install/srdfdom/local/lib/python3.10/dist-packages:/home/jone/ws_moveit/install/launch_param_builder/lib/python3.10/site-packages:${PYTHONPATH} /usr/bin/cmake --build /home/jone/ws_moveit/build/moveit_ros_visualization -- -j16 -l16
