[0.303s] DEBUG:colcon:Command line arguments: ['/usr/bin/colcon', 'build', '--executor', 'sequential', '--mixin', 'debug']
[0.303s] DEBUG:colcon:Parsed command line arguments: Namespace(log_base=None, log_level=None, verb_name='build', build_base='build', install_base='install', merge_install=False, symlink_install=False, test_result_base=None, continue_on_error=False, executor='sequential', parallel_workers=16, event_handlers=None, ignore_user_meta=False, metas=['./colcon.meta'], base_paths=['.'], packages_ignore=None, packages_ignore_regex=None, paths=None, packages_up_to=None, packages_up_to_regex=None, packages_above=None, packages_above_and_dependencies=None, packages_above_depth=None, packages_select_by_dep=None, packages_skip_by_dep=None, packages_skip_up_to=None, packages_select_build_failed=False, packages_skip_build_finished=False, packages_select_test_failures=False, packages_skip_test_passed=False, packages_select=None, packages_skip=None, packages_select_regex=None, packages_skip_regex=None, packages_start=None, packages_end=None, allow_overriding=[], cmake_args=['-DCMAKE_BUILD_TYPE=Debug'], cmake_target=None, cmake_target_skip_unavailable=False, cmake_clean_cache=False, cmake_clean_first=False, cmake_force_configure=False, ament_cmake_args=None, catkin_cmake_args=None, catkin_skip_building_tests=False, mixin_files=None, mixin=['debug'], verb_parser=<colcon_mixin.mixin.mixin_argument.MixinArgumentDecorator object at 0x7430f624b610>, verb_extension=<colcon_core.verb.build.BuildVerb object at 0x7430f6394430>, main=<bound method BuildVerb.main of <colcon_core.verb.build.BuildVerb object at 0x7430f6394430>>, mixin_verb=('build',))
[0.516s] Level 1:colcon.colcon_core.package_discovery:discover_packages(colcon_meta) check parameters
[0.517s] Level 1:colcon.colcon_core.package_discovery:discover_packages(recursive) check parameters
[0.517s] Level 1:colcon.colcon_core.package_discovery:discover_packages(ignore) check parameters
[0.517s] Level 1:colcon.colcon_core.package_discovery:discover_packages(path) check parameters
[0.517s] Level 1:colcon.colcon_core.package_discovery:discover_packages(colcon_meta) discover
[0.517s] Level 1:colcon.colcon_core.package_discovery:discover_packages(recursive) discover
[0.517s] INFO:colcon.colcon_core.package_discovery:Crawling recursively for packages in '/home/jone/ws_moveit'
[0.517s] Level 1:colcon.colcon_core.package_identification:_identify(.) by extensions ['ignore', 'ignore_ament_install']
[0.517s] Level 1:colcon.colcon_core.package_identification:_identify(.) by extension 'ignore'
[0.517s] Level 1:colcon.colcon_core.package_identification:_identify(.) by extension 'ignore_ament_install'
[0.517s] Level 1:colcon.colcon_core.package_identification:_identify(.) by extensions ['colcon_pkg']
[0.517s] Level 1:colcon.colcon_core.package_identification:_identify(.) by extension 'colcon_pkg'
[0.517s] Level 1:colcon.colcon_core.package_identification:_identify(.) by extensions ['colcon_meta']
[0.517s] Level 1:colcon.colcon_core.package_identification:_identify(.) by extension 'colcon_meta'
[0.517s] Level 1:colcon.colcon_core.package_identification:_identify(.) by extensions ['ros']
[0.517s] Level 1:colcon.colcon_core.package_identification:_identify(.) by extension 'ros'
[0.528s] Level 1:colcon.colcon_core.package_identification:_identify(.) by extensions ['cmake', 'python']
[0.528s] Level 1:colcon.colcon_core.package_identification:_identify(.) by extension 'cmake'
[0.528s] Level 1:colcon.colcon_core.package_identification:_identify(.) by extension 'python'
[0.528s] Level 1:colcon.colcon_core.package_identification:_identify(.) by extensions ['python_setup_py']
[0.528s] Level 1:colcon.colcon_core.package_identification:_identify(.) by extension 'python_setup_py'
[0.528s] Level 1:colcon.colcon_core.package_identification:_identify(build) by extensions ['ignore', 'ignore_ament_install']
[0.528s] Level 1:colcon.colcon_core.package_identification:_identify(build) by extension 'ignore'
[0.528s] Level 1:colcon.colcon_core.package_identification:_identify(build) ignored
[0.528s] Level 1:colcon.colcon_core.package_identification:_identify(install) by extensions ['ignore', 'ignore_ament_install']
[0.528s] Level 1:colcon.colcon_core.package_identification:_identify(install) by extension 'ignore'
[0.528s] Level 1:colcon.colcon_core.package_identification:_identify(install) ignored
[0.528s] Level 1:colcon.colcon_core.package_identification:_identify(log) by extensions ['ignore', 'ignore_ament_install']
[0.528s] Level 1:colcon.colcon_core.package_identification:_identify(log) by extension 'ignore'
[0.528s] Level 1:colcon.colcon_core.package_identification:_identify(log) ignored
[0.529s] Level 1:colcon.colcon_core.package_identification:_identify(src) by extensions ['ignore', 'ignore_ament_install']
[0.529s] Level 1:colcon.colcon_core.package_identification:_identify(src) by extension 'ignore'
[0.529s] Level 1:colcon.colcon_core.package_identification:_identify(src) by extension 'ignore_ament_install'
[0.529s] Level 1:colcon.colcon_core.package_identification:_identify(src) by extensions ['colcon_pkg']
[0.529s] Level 1:colcon.colcon_core.package_identification:_identify(src) by extension 'colcon_pkg'
[0.529s] Level 1:colcon.colcon_core.package_identification:_identify(src) by extensions ['colcon_meta']
[0.529s] Level 1:colcon.colcon_core.package_identification:_identify(src) by extension 'colcon_meta'
[0.529s] Level 1:colcon.colcon_core.package_identification:_identify(src) by extensions ['ros']
[0.529s] Level 1:colcon.colcon_core.package_identification:_identify(src) by extension 'ros'
[0.529s] Level 1:colcon.colcon_core.package_identification:_identify(src) by extensions ['cmake', 'python']
[0.529s] Level 1:colcon.colcon_core.package_identification:_identify(src) by extension 'cmake'
[0.529s] Level 1:colcon.colcon_core.package_identification:_identify(src) by extension 'python'
[0.529s] Level 1:colcon.colcon_core.package_identification:_identify(src) by extensions ['python_setup_py']
[0.529s] Level 1:colcon.colcon_core.package_identification:_identify(src) by extension 'python_setup_py'
[0.529s] Level 1:colcon.colcon_core.package_identification:_identify(src/hello_moveit) by extensions ['ignore', 'ignore_ament_install']
[0.529s] Level 1:colcon.colcon_core.package_identification:_identify(src/hello_moveit) by extension 'ignore'
[0.529s] Level 1:colcon.colcon_core.package_identification:_identify(src/hello_moveit) by extension 'ignore_ament_install'
[0.529s] Level 1:colcon.colcon_core.package_identification:_identify(src/hello_moveit) by extensions ['colcon_pkg']
[0.529s] Level 1:colcon.colcon_core.package_identification:_identify(src/hello_moveit) by extension 'colcon_pkg'
[0.529s] Level 1:colcon.colcon_core.package_identification:_identify(src/hello_moveit) by extensions ['colcon_meta']
[0.529s] Level 1:colcon.colcon_core.package_identification:_identify(src/hello_moveit) by extension 'colcon_meta'
[0.529s] Level 1:colcon.colcon_core.package_identification:_identify(src/hello_moveit) by extensions ['ros']
[0.530s] Level 1:colcon.colcon_core.package_identification:_identify(src/hello_moveit) by extension 'ros'
[0.532s] DEBUG:colcon.colcon_core.package_identification:Package 'src/hello_moveit' with type 'ros.ament_cmake' and name 'hello_moveit'
[0.532s] Level 1:colcon.colcon_core.package_identification:_identify(src/launch_param_builder) by extensions ['ignore', 'ignore_ament_install']
[0.532s] Level 1:colcon.colcon_core.package_identification:_identify(src/launch_param_builder) by extension 'ignore'
[0.532s] Level 1:colcon.colcon_core.package_identification:_identify(src/launch_param_builder) by extension 'ignore_ament_install'
[0.532s] Level 1:colcon.colcon_core.package_identification:_identify(src/launch_param_builder) by extensions ['colcon_pkg']
[0.532s] Level 1:colcon.colcon_core.package_identification:_identify(src/launch_param_builder) by extension 'colcon_pkg'
[0.532s] Level 1:colcon.colcon_core.package_identification:_identify(src/launch_param_builder) by extensions ['colcon_meta']
[0.532s] Level 1:colcon.colcon_core.package_identification:_identify(src/launch_param_builder) by extension 'colcon_meta'
[0.532s] Level 1:colcon.colcon_core.package_identification:_identify(src/launch_param_builder) by extensions ['ros']
[0.532s] Level 1:colcon.colcon_core.package_identification:_identify(src/launch_param_builder) by extension 'ros'
[0.533s] DEBUG:colcon.colcon_core.package_identification:Package 'src/launch_param_builder' with type 'ros.ament_python' and name 'launch_param_builder'
[0.533s] Level 1:colcon.colcon_core.package_identification:_identify(src/moveit2) by extensions ['ignore', 'ignore_ament_install']
[0.533s] Level 1:colcon.colcon_core.package_identification:_identify(src/moveit2) by extension 'ignore'
[0.533s] Level 1:colcon.colcon_core.package_identification:_identify(src/moveit2) by extension 'ignore_ament_install'
[0.533s] Level 1:colcon.colcon_core.package_identification:_identify(src/moveit2) by extensions ['colcon_pkg']
[0.533s] Level 1:colcon.colcon_core.package_identification:_identify(src/moveit2) by extension 'colcon_pkg'
[0.533s] Level 1:colcon.colcon_core.package_identification:_identify(src/moveit2) by extensions ['colcon_meta']
[0.533s] Level 1:colcon.colcon_core.package_identification:_identify(src/moveit2) by extension 'colcon_meta'
[0.533s] Level 1:colcon.colcon_core.package_identification:_identify(src/moveit2) by extensions ['ros']
[0.533s] Level 1:colcon.colcon_core.package_identification:_identify(src/moveit2) by extension 'ros'
[0.534s] Level 1:colcon.colcon_core.package_identification:_identify(src/moveit2) by extensions ['cmake', 'python']
[0.534s] Level 1:colcon.colcon_core.package_identification:_identify(src/moveit2) by extension 'cmake'
[0.534s] Level 1:colcon.colcon_core.package_identification:_identify(src/moveit2) by extension 'python'
[0.534s] Level 1:colcon.colcon_core.package_identification:_identify(src/moveit2) by extensions ['python_setup_py']
[0.534s] Level 1:colcon.colcon_core.package_identification:_identify(src/moveit2) by extension 'python_setup_py'
[0.534s] Level 1:colcon.colcon_core.package_identification:_identify(src/moveit2/doc) by extensions ['ignore', 'ignore_ament_install']
[0.534s] Level 1:colcon.colcon_core.package_identification:_identify(src/moveit2/doc) by extension 'ignore'
[0.535s] Level 1:colcon.colcon_core.package_identification:_identify(src/moveit2/doc) by extension 'ignore_ament_install'
[0.535s] Level 1:colcon.colcon_core.package_identification:_identify(src/moveit2/doc) by extensions ['colcon_pkg']
[0.535s] Level 1:colcon.colcon_core.package_identification:_identify(src/moveit2/doc) by extension 'colcon_pkg'
[0.535s] Level 1:colcon.colcon_core.package_identification:_identify(src/moveit2/doc) by extensions ['colcon_meta']
[0.535s] Level 1:colcon.colcon_core.package_identification:_identify(src/moveit2/doc) by extension 'colcon_meta'
[0.535s] Level 1:colcon.colcon_core.package_identification:_identify(src/moveit2/doc) by extensions ['ros']
[0.535s] Level 1:colcon.colcon_core.package_identification:_identify(src/moveit2/doc) by extension 'ros'
[0.535s] Level 1:colcon.colcon_core.package_identification:_identify(src/moveit2/doc) by extensions ['cmake', 'python']
[0.535s] Level 1:colcon.colcon_core.package_identification:_identify(src/moveit2/doc) by extension 'cmake'
[0.535s] Level 1:colcon.colcon_core.package_identification:_identify(src/moveit2/doc) by extension 'python'
[0.535s] Level 1:colcon.colcon_core.package_identification:_identify(src/moveit2/doc) by extensions ['python_setup_py']
[0.535s] Level 1:colcon.colcon_core.package_identification:_identify(src/moveit2/doc) by extension 'python_setup_py'
[0.535s] Level 1:colcon.colcon_core.package_identification:_identify(src/moveit2/moveit) by extensions ['ignore', 'ignore_ament_install']
[0.535s] Level 1:colcon.colcon_core.package_identification:_identify(src/moveit2/moveit) by extension 'ignore'
[0.535s] Level 1:colcon.colcon_core.package_identification:_identify(src/moveit2/moveit) by extension 'ignore_ament_install'
[0.535s] Level 1:colcon.colcon_core.package_identification:_identify(src/moveit2/moveit) by extensions ['colcon_pkg']
[0.535s] Level 1:colcon.colcon_core.package_identification:_identify(src/moveit2/moveit) by extension 'colcon_pkg'
[0.535s] Level 1:colcon.colcon_core.package_identification:_identify(src/moveit2/moveit) by extensions ['colcon_meta']
[0.535s] Level 1:colcon.colcon_core.package_identification:_identify(src/moveit2/moveit) by extension 'colcon_meta'
[0.535s] Level 1:colcon.colcon_core.package_identification:_identify(src/moveit2/moveit) by extensions ['ros']
[0.535s] Level 1:colcon.colcon_core.package_identification:_identify(src/moveit2/moveit) by extension 'ros'
[0.536s] DEBUG:colcon.colcon_core.package_identification:Package 'src/moveit2/moveit' with type 'ros.ament_cmake' and name 'moveit'
[0.536s] Level 1:colcon.colcon_core.package_identification:_identify(src/moveit2/moveit_commander) by extensions ['ignore', 'ignore_ament_install']
[0.536s] Level 1:colcon.colcon_core.package_identification:_identify(src/moveit2/moveit_commander) by extension 'ignore'
[0.536s] Level 1:colcon.colcon_core.package_identification:_identify(src/moveit2/moveit_commander) ignored
[0.536s] Level 1:colcon.colcon_core.package_identification:_identify(src/moveit2/moveit_common) by extensions ['ignore', 'ignore_ament_install']
[0.536s] Level 1:colcon.colcon_core.package_identification:_identify(src/moveit2/moveit_common) by extension 'ignore'
[0.537s] Level 1:colcon.colcon_core.package_identification:_identify(src/moveit2/moveit_common) by extension 'ignore_ament_install'
[0.537s] Level 1:colcon.colcon_core.package_identification:_identify(src/moveit2/moveit_common) by extensions ['colcon_pkg']
[0.537s] Level 1:colcon.colcon_core.package_identification:_identify(src/moveit2/moveit_common) by extension 'colcon_pkg'
[0.537s] Level 1:colcon.colcon_core.package_identification:_identify(src/moveit2/moveit_common) by extensions ['colcon_meta']
[0.537s] Level 1:colcon.colcon_core.package_identification:_identify(src/moveit2/moveit_common) by extension 'colcon_meta'
[0.537s] Level 1:colcon.colcon_core.package_identification:_identify(src/moveit2/moveit_common) by extensions ['ros']
[0.537s] Level 1:colcon.colcon_core.package_identification:_identify(src/moveit2/moveit_common) by extension 'ros'
[0.537s] DEBUG:colcon.colcon_core.package_identification:Package 'src/moveit2/moveit_common' with type 'ros.ament_cmake' and name 'moveit_common'
[0.537s] Level 1:colcon.colcon_core.package_identification:_identify(src/moveit2/moveit_configs_utils) by extensions ['ignore', 'ignore_ament_install']
[0.538s] Level 1:colcon.colcon_core.package_identification:_identify(src/moveit2/moveit_configs_utils) by extension 'ignore'
[0.538s] Level 1:colcon.colcon_core.package_identification:_identify(src/moveit2/moveit_configs_utils) by extension 'ignore_ament_install'
[0.538s] Level 1:colcon.colcon_core.package_identification:_identify(src/moveit2/moveit_configs_utils) by extensions ['colcon_pkg']
[0.538s] Level 1:colcon.colcon_core.package_identification:_identify(src/moveit2/moveit_configs_utils) by extension 'colcon_pkg'
[0.538s] Level 1:colcon.colcon_core.package_identification:_identify(src/moveit2/moveit_configs_utils) by extensions ['colcon_meta']
[0.538s] Level 1:colcon.colcon_core.package_identification:_identify(src/moveit2/moveit_configs_utils) by extension 'colcon_meta'
[0.538s] Level 1:colcon.colcon_core.package_identification:_identify(src/moveit2/moveit_configs_utils) by extensions ['ros']
[0.538s] Level 1:colcon.colcon_core.package_identification:_identify(src/moveit2/moveit_configs_utils) by extension 'ros'
[0.538s] DEBUG:colcon.colcon_core.package_identification:Package 'src/moveit2/moveit_configs_utils' with type 'ros.ament_python' and name 'moveit_configs_utils'
[0.538s] Level 1:colcon.colcon_core.package_identification:_identify(src/moveit2/moveit_core) by extensions ['ignore', 'ignore_ament_install']
[0.538s] Level 1:colcon.colcon_core.package_identification:_identify(src/moveit2/moveit_core) by extension 'ignore'
[0.539s] Level 1:colcon.colcon_core.package_identification:_identify(src/moveit2/moveit_core) by extension 'ignore_ament_install'
[0.539s] Level 1:colcon.colcon_core.package_identification:_identify(src/moveit2/moveit_core) by extensions ['colcon_pkg']
[0.539s] Level 1:colcon.colcon_core.package_identification:_identify(src/moveit2/moveit_core) by extension 'colcon_pkg'
[0.539s] Level 1:colcon.colcon_core.package_identification:_identify(src/moveit2/moveit_core) by extensions ['colcon_meta']
[0.539s] Level 1:colcon.colcon_core.package_identification:_identify(src/moveit2/moveit_core) by extension 'colcon_meta'
[0.539s] Level 1:colcon.colcon_core.package_identification:_identify(src/moveit2/moveit_core) by extensions ['ros']
[0.539s] Level 1:colcon.colcon_core.package_identification:_identify(src/moveit2/moveit_core) by extension 'ros'
[0.542s] DEBUG:colcon.colcon_core.package_identification:Package 'src/moveit2/moveit_core' with type 'ros.ament_cmake' and name 'moveit_core'
[0.542s] Level 1:colcon.colcon_core.package_identification:_identify(src/moveit2/moveit_experimental) by extensions ['ignore', 'ignore_ament_install']
[0.542s] Level 1:colcon.colcon_core.package_identification:_identify(src/moveit2/moveit_experimental) by extension 'ignore'
[0.542s] Level 1:colcon.colcon_core.package_identification:_identify(src/moveit2/moveit_experimental) ignored
[0.543s] Level 1:colcon.colcon_core.package_identification:_identify(src/moveit2/moveit_kinematics) by extensions ['ignore', 'ignore_ament_install']
[0.543s] Level 1:colcon.colcon_core.package_identification:_identify(src/moveit2/moveit_kinematics) by extension 'ignore'
[0.543s] Level 1:colcon.colcon_core.package_identification:_identify(src/moveit2/moveit_kinematics) by extension 'ignore_ament_install'
[0.543s] Level 1:colcon.colcon_core.package_identification:_identify(src/moveit2/moveit_kinematics) by extensions ['colcon_pkg']
[0.543s] Level 1:colcon.colcon_core.package_identification:_identify(src/moveit2/moveit_kinematics) by extension 'colcon_pkg'
[0.543s] Level 1:colcon.colcon_core.package_identification:_identify(src/moveit2/moveit_kinematics) by extensions ['colcon_meta']
[0.543s] Level 1:colcon.colcon_core.package_identification:_identify(src/moveit2/moveit_kinematics) by extension 'colcon_meta'
[0.543s] Level 1:colcon.colcon_core.package_identification:_identify(src/moveit2/moveit_kinematics) by extensions ['ros']
[0.543s] Level 1:colcon.colcon_core.package_identification:_identify(src/moveit2/moveit_kinematics) by extension 'ros'
[0.551s] DEBUG:colcon.colcon_core.package_identification:Package 'src/moveit2/moveit_kinematics' with type 'ros.ament_cmake' and name 'moveit_kinematics'
[0.551s] Level 1:colcon.colcon_core.package_identification:_identify(src/moveit2/moveit_planners) by extensions ['ignore', 'ignore_ament_install']
[0.551s] Level 1:colcon.colcon_core.package_identification:_identify(src/moveit2/moveit_planners) by extension 'ignore'
[0.551s] Level 1:colcon.colcon_core.package_identification:_identify(src/moveit2/moveit_planners) by extension 'ignore_ament_install'
[0.551s] Level 1:colcon.colcon_core.package_identification:_identify(src/moveit2/moveit_planners) by extensions ['colcon_pkg']
[0.551s] Level 1:colcon.colcon_core.package_identification:_identify(src/moveit2/moveit_planners) by extension 'colcon_pkg'
[0.551s] Level 1:colcon.colcon_core.package_identification:_identify(src/moveit2/moveit_planners) by extensions ['colcon_meta']
[0.551s] Level 1:colcon.colcon_core.package_identification:_identify(src/moveit2/moveit_planners) by extension 'colcon_meta'
[0.551s] Level 1:colcon.colcon_core.package_identification:_identify(src/moveit2/moveit_planners) by extensions ['ros']
[0.551s] Level 1:colcon.colcon_core.package_identification:_identify(src/moveit2/moveit_planners) by extension 'ros'
[0.551s] Level 1:colcon.colcon_core.package_identification:_identify(src/moveit2/moveit_planners) by extensions ['cmake', 'python']
[0.551s] Level 1:colcon.colcon_core.package_identification:_identify(src/moveit2/moveit_planners) by extension 'cmake'
[0.552s] Level 1:colcon.colcon_core.package_identification:_identify(src/moveit2/moveit_planners) by extension 'python'
[0.552s] Level 1:colcon.colcon_core.package_identification:_identify(src/moveit2/moveit_planners) by extensions ['python_setup_py']
[0.552s] Level 1:colcon.colcon_core.package_identification:_identify(src/moveit2/moveit_planners) by extension 'python_setup_py'
[0.552s] Level 1:colcon.colcon_core.package_identification:_identify(src/moveit2/moveit_planners/chomp) by extensions ['ignore', 'ignore_ament_install']
[0.552s] Level 1:colcon.colcon_core.package_identification:_identify(src/moveit2/moveit_planners/chomp) by extension 'ignore'
[0.552s] Level 1:colcon.colcon_core.package_identification:_identify(src/moveit2/moveit_planners/chomp) by extension 'ignore_ament_install'
[0.552s] Level 1:colcon.colcon_core.package_identification:_identify(src/moveit2/moveit_planners/chomp) by extensions ['colcon_pkg']
[0.552s] Level 1:colcon.colcon_core.package_identification:_identify(src/moveit2/moveit_planners/chomp) by extension 'colcon_pkg'
[0.552s] Level 1:colcon.colcon_core.package_identification:_identify(src/moveit2/moveit_planners/chomp) by extensions ['colcon_meta']
[0.552s] Level 1:colcon.colcon_core.package_identification:_identify(src/moveit2/moveit_planners/chomp) by extension 'colcon_meta'
[0.552s] Level 1:colcon.colcon_core.package_identification:_identify(src/moveit2/moveit_planners/chomp) by extensions ['ros']
[0.552s] Level 1:colcon.colcon_core.package_identification:_identify(src/moveit2/moveit_planners/chomp) by extension 'ros'
[0.552s] Level 1:colcon.colcon_core.package_identification:_identify(src/moveit2/moveit_planners/chomp) by extensions ['cmake', 'python']
[0.552s] Level 1:colcon.colcon_core.package_identification:_identify(src/moveit2/moveit_planners/chomp) by extension 'cmake'
[0.552s] Level 1:colcon.colcon_core.package_identification:_identify(src/moveit2/moveit_planners/chomp) by extension 'python'
[0.552s] Level 1:colcon.colcon_core.package_identification:_identify(src/moveit2/moveit_planners/chomp) by extensions ['python_setup_py']
[0.552s] Level 1:colcon.colcon_core.package_identification:_identify(src/moveit2/moveit_planners/chomp) by extension 'python_setup_py'
[0.552s] Level 1:colcon.colcon_core.package_identification:_identify(src/moveit2/moveit_planners/chomp/chomp_interface) by extensions ['ignore', 'ignore_ament_install']
[0.553s] Level 1:colcon.colcon_core.package_identification:_identify(src/moveit2/moveit_planners/chomp/chomp_interface) by extension 'ignore'
[0.553s] Level 1:colcon.colcon_core.package_identification:_identify(src/moveit2/moveit_planners/chomp/chomp_interface) by extension 'ignore_ament_install'
[0.553s] Level 1:colcon.colcon_core.package_identification:_identify(src/moveit2/moveit_planners/chomp/chomp_interface) by extensions ['colcon_pkg']
[0.553s] Level 1:colcon.colcon_core.package_identification:_identify(src/moveit2/moveit_planners/chomp/chomp_interface) by extension 'colcon_pkg'
[0.553s] Level 1:colcon.colcon_core.package_identification:_identify(src/moveit2/moveit_planners/chomp/chomp_interface) by extensions ['colcon_meta']
[0.553s] Level 1:colcon.colcon_core.package_identification:_identify(src/moveit2/moveit_planners/chomp/chomp_interface) by extension 'colcon_meta'
[0.553s] Level 1:colcon.colcon_core.package_identification:_identify(src/moveit2/moveit_planners/chomp/chomp_interface) by extensions ['ros']
[0.553s] Level 1:colcon.colcon_core.package_identification:_identify(src/moveit2/moveit_planners/chomp/chomp_interface) by extension 'ros'
[0.554s] DEBUG:colcon.colcon_core.package_identification:Package 'src/moveit2/moveit_planners/chomp/chomp_interface' with type 'ros.ament_cmake' and name 'moveit_planners_chomp'
[0.554s] Level 1:colcon.colcon_core.package_identification:_identify(src/moveit2/moveit_planners/chomp/chomp_motion_planner) by extensions ['ignore', 'ignore_ament_install']
[0.554s] Level 1:colcon.colcon_core.package_identification:_identify(src/moveit2/moveit_planners/chomp/chomp_motion_planner) by extension 'ignore'
[0.554s] Level 1:colcon.colcon_core.package_identification:_identify(src/moveit2/moveit_planners/chomp/chomp_motion_planner) by extension 'ignore_ament_install'
[0.554s] Level 1:colcon.colcon_core.package_identification:_identify(src/moveit2/moveit_planners/chomp/chomp_motion_planner) by extensions ['colcon_pkg']
[0.554s] Level 1:colcon.colcon_core.package_identification:_identify(src/moveit2/moveit_planners/chomp/chomp_motion_planner) by extension 'colcon_pkg'
[0.554s] Level 1:colcon.colcon_core.package_identification:_identify(src/moveit2/moveit_planners/chomp/chomp_motion_planner) by extensions ['colcon_meta']
[0.554s] Level 1:colcon.colcon_core.package_identification:_identify(src/moveit2/moveit_planners/chomp/chomp_motion_planner) by extension 'colcon_meta'
[0.554s] Level 1:colcon.colcon_core.package_identification:_identify(src/moveit2/moveit_planners/chomp/chomp_motion_planner) by extensions ['ros']
[0.554s] Level 1:colcon.colcon_core.package_identification:_identify(src/moveit2/moveit_planners/chomp/chomp_motion_planner) by extension 'ros'
[0.555s] DEBUG:colcon.colcon_core.package_identification:Package 'src/moveit2/moveit_planners/chomp/chomp_motion_planner' with type 'ros.ament_cmake' and name 'chomp_motion_planner'
[0.555s] Level 1:colcon.colcon_core.package_identification:_identify(src/moveit2/moveit_planners/chomp/chomp_optimizer_adapter) by extensions ['ignore', 'ignore_ament_install']
[0.555s] Level 1:colcon.colcon_core.package_identification:_identify(src/moveit2/moveit_planners/chomp/chomp_optimizer_adapter) by extension 'ignore'
[0.555s] Level 1:colcon.colcon_core.package_identification:_identify(src/moveit2/moveit_planners/chomp/chomp_optimizer_adapter) by extension 'ignore_ament_install'
[0.555s] Level 1:colcon.colcon_core.package_identification:_identify(src/moveit2/moveit_planners/chomp/chomp_optimizer_adapter) by extensions ['colcon_pkg']
[0.555s] Level 1:colcon.colcon_core.package_identification:_identify(src/moveit2/moveit_planners/chomp/chomp_optimizer_adapter) by extension 'colcon_pkg'
[0.555s] Level 1:colcon.colcon_core.package_identification:_identify(src/moveit2/moveit_planners/chomp/chomp_optimizer_adapter) by extensions ['colcon_meta']
[0.555s] Level 1:colcon.colcon_core.package_identification:_identify(src/moveit2/moveit_planners/chomp/chomp_optimizer_adapter) by extension 'colcon_meta'
[0.555s] Level 1:colcon.colcon_core.package_identification:_identify(src/moveit2/moveit_planners/chomp/chomp_optimizer_adapter) by extensions ['ros']
[0.555s] Level 1:colcon.colcon_core.package_identification:_identify(src/moveit2/moveit_planners/chomp/chomp_optimizer_adapter) by extension 'ros'
[0.556s] DEBUG:colcon.colcon_core.package_identification:Package 'src/moveit2/moveit_planners/chomp/chomp_optimizer_adapter' with type 'ros.ament_cmake' and name 'moveit_chomp_optimizer_adapter'
[0.556s] Level 1:colcon.colcon_core.package_identification:_identify(src/moveit2/moveit_planners/moveit_planners) by extensions ['ignore', 'ignore_ament_install']
[0.556s] Level 1:colcon.colcon_core.package_identification:_identify(src/moveit2/moveit_planners/moveit_planners) by extension 'ignore'
[0.556s] Level 1:colcon.colcon_core.package_identification:_identify(src/moveit2/moveit_planners/moveit_planners) by extension 'ignore_ament_install'
[0.556s] Level 1:colcon.colcon_core.package_identification:_identify(src/moveit2/moveit_planners/moveit_planners) by extensions ['colcon_pkg']
[0.556s] Level 1:colcon.colcon_core.package_identification:_identify(src/moveit2/moveit_planners/moveit_planners) by extension 'colcon_pkg'
[0.556s] Level 1:colcon.colcon_core.package_identification:_identify(src/moveit2/moveit_planners/moveit_planners) by extensions ['colcon_meta']
[0.556s] Level 1:colcon.colcon_core.package_identification:_identify(src/moveit2/moveit_planners/moveit_planners) by extension 'colcon_meta'
[0.556s] Level 1:colcon.colcon_core.package_identification:_identify(src/moveit2/moveit_planners/moveit_planners) by extensions ['ros']
[0.556s] Level 1:colcon.colcon_core.package_identification:_identify(src/moveit2/moveit_planners/moveit_planners) by extension 'ros'
[0.557s] DEBUG:colcon.colcon_core.package_identification:Package 'src/moveit2/moveit_planners/moveit_planners' with type 'ros.ament_cmake' and name 'moveit_planners'
[0.557s] Level 1:colcon.colcon_core.package_identification:_identify(src/moveit2/moveit_planners/ompl) by extensions ['ignore', 'ignore_ament_install']
[0.557s] Level 1:colcon.colcon_core.package_identification:_identify(src/moveit2/moveit_planners/ompl) by extension 'ignore'
[0.557s] Level 1:colcon.colcon_core.package_identification:_identify(src/moveit2/moveit_planners/ompl) by extension 'ignore_ament_install'
[0.557s] Level 1:colcon.colcon_core.package_identification:_identify(src/moveit2/moveit_planners/ompl) by extensions ['colcon_pkg']
[0.557s] Level 1:colcon.colcon_core.package_identification:_identify(src/moveit2/moveit_planners/ompl) by extension 'colcon_pkg'
[0.557s] Level 1:colcon.colcon_core.package_identification:_identify(src/moveit2/moveit_planners/ompl) by extensions ['colcon_meta']
[0.557s] Level 1:colcon.colcon_core.package_identification:_identify(src/moveit2/moveit_planners/ompl) by extension 'colcon_meta'
[0.557s] Level 1:colcon.colcon_core.package_identification:_identify(src/moveit2/moveit_planners/ompl) by extensions ['ros']
[0.557s] Level 1:colcon.colcon_core.package_identification:_identify(src/moveit2/moveit_planners/ompl) by extension 'ros'
[0.558s] DEBUG:colcon.colcon_core.package_identification:Package 'src/moveit2/moveit_planners/ompl' with type 'ros.ament_cmake' and name 'moveit_planners_ompl'
[0.558s] Level 1:colcon.colcon_core.package_identification:_identify(src/moveit2/moveit_planners/pilz_industrial_motion_planner) by extensions ['ignore', 'ignore_ament_install']
[0.558s] Level 1:colcon.colcon_core.package_identification:_identify(src/moveit2/moveit_planners/pilz_industrial_motion_planner) by extension 'ignore'
[0.558s] Level 1:colcon.colcon_core.package_identification:_identify(src/moveit2/moveit_planners/pilz_industrial_motion_planner) by extension 'ignore_ament_install'
[0.558s] Level 1:colcon.colcon_core.package_identification:_identify(src/moveit2/moveit_planners/pilz_industrial_motion_planner) by extensions ['colcon_pkg']
[0.559s] Level 1:colcon.colcon_core.package_identification:_identify(src/moveit2/moveit_planners/pilz_industrial_motion_planner) by extension 'colcon_pkg'
[0.559s] Level 1:colcon.colcon_core.package_identification:_identify(src/moveit2/moveit_planners/pilz_industrial_motion_planner) by extensions ['colcon_meta']
[0.559s] Level 1:colcon.colcon_core.package_identification:_identify(src/moveit2/moveit_planners/pilz_industrial_motion_planner) by extension 'colcon_meta'
[0.559s] Level 1:colcon.colcon_core.package_identification:_identify(src/moveit2/moveit_planners/pilz_industrial_motion_planner) by extensions ['ros']
[0.559s] Level 1:colcon.colcon_core.package_identification:_identify(src/moveit2/moveit_planners/pilz_industrial_motion_planner) by extension 'ros'
[0.560s] DEBUG:colcon.colcon_core.package_identification:Package 'src/moveit2/moveit_planners/pilz_industrial_motion_planner' with type 'ros.ament_cmake' and name 'pilz_industrial_motion_planner'
[0.560s] Level 1:colcon.colcon_core.package_identification:_identify(src/moveit2/moveit_planners/pilz_industrial_motion_planner_testutils) by extensions ['ignore', 'ignore_ament_install']
[0.560s] Level 1:colcon.colcon_core.package_identification:_identify(src/moveit2/moveit_planners/pilz_industrial_motion_planner_testutils) by extension 'ignore'
[0.560s] Level 1:colcon.colcon_core.package_identification:_identify(src/moveit2/moveit_planners/pilz_industrial_motion_planner_testutils) by extension 'ignore_ament_install'
[0.560s] Level 1:colcon.colcon_core.package_identification:_identify(src/moveit2/moveit_planners/pilz_industrial_motion_planner_testutils) by extensions ['colcon_pkg']
[0.560s] Level 1:colcon.colcon_core.package_identification:_identify(src/moveit2/moveit_planners/pilz_industrial_motion_planner_testutils) by extension 'colcon_pkg'
[0.560s] Level 1:colcon.colcon_core.package_identification:_identify(src/moveit2/moveit_planners/pilz_industrial_motion_planner_testutils) by extensions ['colcon_meta']
[0.560s] Level 1:colcon.colcon_core.package_identification:_identify(src/moveit2/moveit_planners/pilz_industrial_motion_planner_testutils) by extension 'colcon_meta'
[0.560s] Level 1:colcon.colcon_core.package_identification:_identify(src/moveit2/moveit_planners/pilz_industrial_motion_planner_testutils) by extensions ['ros']
[0.560s] Level 1:colcon.colcon_core.package_identification:_identify(src/moveit2/moveit_planners/pilz_industrial_motion_planner_testutils) by extension 'ros'
[0.561s] DEBUG:colcon.colcon_core.package_identification:Package 'src/moveit2/moveit_planners/pilz_industrial_motion_planner_testutils' with type 'ros.ament_cmake' and name 'pilz_industrial_motion_planner_testutils'
[0.561s] Level 1:colcon.colcon_core.package_identification:_identify(src/moveit2/moveit_planners/test_configs) by extensions ['ignore', 'ignore_ament_install']
[0.562s] Level 1:colcon.colcon_core.package_identification:_identify(src/moveit2/moveit_planners/test_configs) by extension 'ignore'
[0.562s] Level 1:colcon.colcon_core.package_identification:_identify(src/moveit2/moveit_planners/test_configs) by extension 'ignore_ament_install'
[0.562s] Level 1:colcon.colcon_core.package_identification:_identify(src/moveit2/moveit_planners/test_configs) by extensions ['colcon_pkg']
[0.562s] Level 1:colcon.colcon_core.package_identification:_identify(src/moveit2/moveit_planners/test_configs) by extension 'colcon_pkg'
[0.562s] Level 1:colcon.colcon_core.package_identification:_identify(src/moveit2/moveit_planners/test_configs) by extensions ['colcon_meta']
[0.562s] Level 1:colcon.colcon_core.package_identification:_identify(src/moveit2/moveit_planners/test_configs) by extension 'colcon_meta'
[0.562s] Level 1:colcon.colcon_core.package_identification:_identify(src/moveit2/moveit_planners/test_configs) by extensions ['ros']
[0.562s] Level 1:colcon.colcon_core.package_identification:_identify(src/moveit2/moveit_planners/test_configs) by extension 'ros'
[0.562s] Level 1:colcon.colcon_core.package_identification:_identify(src/moveit2/moveit_planners/test_configs) by extensions ['cmake', 'python']
[0.562s] Level 1:colcon.colcon_core.package_identification:_identify(src/moveit2/moveit_planners/test_configs) by extension 'cmake'
[0.562s] Level 1:colcon.colcon_core.package_identification:_identify(src/moveit2/moveit_planners/test_configs) by extension 'python'
[0.562s] Level 1:colcon.colcon_core.package_identification:_identify(src/moveit2/moveit_planners/test_configs) by extensions ['python_setup_py']
[0.562s] Level 1:colcon.colcon_core.package_identification:_identify(src/moveit2/moveit_planners/test_configs) by extension 'python_setup_py'
[0.562s] Level 1:colcon.colcon_core.package_identification:_identify(src/moveit2/moveit_planners/test_configs/prbt_ikfast_manipulator_plugin) by extensions ['ignore', 'ignore_ament_install']
[0.562s] Level 1:colcon.colcon_core.package_identification:_identify(src/moveit2/moveit_planners/test_configs/prbt_ikfast_manipulator_plugin) by extension 'ignore'
[0.562s] Level 1:colcon.colcon_core.package_identification:_identify(src/moveit2/moveit_planners/test_configs/prbt_ikfast_manipulator_plugin) by extension 'ignore_ament_install'
[0.562s] Level 1:colcon.colcon_core.package_identification:_identify(src/moveit2/moveit_planners/test_configs/prbt_ikfast_manipulator_plugin) by extensions ['colcon_pkg']
[0.562s] Level 1:colcon.colcon_core.package_identification:_identify(src/moveit2/moveit_planners/test_configs/prbt_ikfast_manipulator_plugin) by extension 'colcon_pkg'
[0.562s] Level 1:colcon.colcon_core.package_identification:_identify(src/moveit2/moveit_planners/test_configs/prbt_ikfast_manipulator_plugin) by extensions ['colcon_meta']
[0.562s] Level 1:colcon.colcon_core.package_identification:_identify(src/moveit2/moveit_planners/test_configs/prbt_ikfast_manipulator_plugin) by extension 'colcon_meta'
[0.562s] Level 1:colcon.colcon_core.package_identification:_identify(src/moveit2/moveit_planners/test_configs/prbt_ikfast_manipulator_plugin) by extensions ['ros']
[0.562s] Level 1:colcon.colcon_core.package_identification:_identify(src/moveit2/moveit_planners/test_configs/prbt_ikfast_manipulator_plugin) by extension 'ros'
[0.563s] DEBUG:colcon.colcon_core.package_identification:Package 'src/moveit2/moveit_planners/test_configs/prbt_ikfast_manipulator_plugin' with type 'ros.ament_cmake' and name 'moveit_resources_prbt_ikfast_manipulator_plugin'
[0.563s] Level 1:colcon.colcon_core.package_identification:_identify(src/moveit2/moveit_planners/test_configs/prbt_moveit_config) by extensions ['ignore', 'ignore_ament_install']
[0.563s] Level 1:colcon.colcon_core.package_identification:_identify(src/moveit2/moveit_planners/test_configs/prbt_moveit_config) by extension 'ignore'
[0.563s] Level 1:colcon.colcon_core.package_identification:_identify(src/moveit2/moveit_planners/test_configs/prbt_moveit_config) by extension 'ignore_ament_install'
[0.564s] Level 1:colcon.colcon_core.package_identification:_identify(src/moveit2/moveit_planners/test_configs/prbt_moveit_config) by extensions ['colcon_pkg']
[0.564s] Level 1:colcon.colcon_core.package_identification:_identify(src/moveit2/moveit_planners/test_configs/prbt_moveit_config) by extension 'colcon_pkg'
[0.564s] Level 1:colcon.colcon_core.package_identification:_identify(src/moveit2/moveit_planners/test_configs/prbt_moveit_config) by extensions ['colcon_meta']
[0.564s] Level 1:colcon.colcon_core.package_identification:_identify(src/moveit2/moveit_planners/test_configs/prbt_moveit_config) by extension 'colcon_meta'
[0.564s] Level 1:colcon.colcon_core.package_identification:_identify(src/moveit2/moveit_planners/test_configs/prbt_moveit_config) by extensions ['ros']
[0.564s] Level 1:colcon.colcon_core.package_identification:_identify(src/moveit2/moveit_planners/test_configs/prbt_moveit_config) by extension 'ros'
[0.564s] DEBUG:colcon.colcon_core.package_identification:Package 'src/moveit2/moveit_planners/test_configs/prbt_moveit_config' with type 'ros.ament_cmake' and name 'moveit_resources_prbt_moveit_config'
[0.564s] Level 1:colcon.colcon_core.package_identification:_identify(src/moveit2/moveit_planners/test_configs/prbt_pg70_support) by extensions ['ignore', 'ignore_ament_install']
[0.564s] Level 1:colcon.colcon_core.package_identification:_identify(src/moveit2/moveit_planners/test_configs/prbt_pg70_support) by extension 'ignore'
[0.565s] Level 1:colcon.colcon_core.package_identification:_identify(src/moveit2/moveit_planners/test_configs/prbt_pg70_support) by extension 'ignore_ament_install'
[0.565s] Level 1:colcon.colcon_core.package_identification:_identify(src/moveit2/moveit_planners/test_configs/prbt_pg70_support) by extensions ['colcon_pkg']
[0.565s] Level 1:colcon.colcon_core.package_identification:_identify(src/moveit2/moveit_planners/test_configs/prbt_pg70_support) by extension 'colcon_pkg'
[0.565s] Level 1:colcon.colcon_core.package_identification:_identify(src/moveit2/moveit_planners/test_configs/prbt_pg70_support) by extensions ['colcon_meta']
[0.565s] Level 1:colcon.colcon_core.package_identification:_identify(src/moveit2/moveit_planners/test_configs/prbt_pg70_support) by extension 'colcon_meta'
[0.565s] Level 1:colcon.colcon_core.package_identification:_identify(src/moveit2/moveit_planners/test_configs/prbt_pg70_support) by extensions ['ros']
[0.565s] Level 1:colcon.colcon_core.package_identification:_identify(src/moveit2/moveit_planners/test_configs/prbt_pg70_support) by extension 'ros'
[0.565s] DEBUG:colcon.colcon_core.package_identification:Package 'src/moveit2/moveit_planners/test_configs/prbt_pg70_support' with type 'ros.ament_cmake' and name 'moveit_resources_prbt_pg70_support'
[0.566s] Level 1:colcon.colcon_core.package_identification:_identify(src/moveit2/moveit_planners/test_configs/prbt_support) by extensions ['ignore', 'ignore_ament_install']
[0.566s] Level 1:colcon.colcon_core.package_identification:_identify(src/moveit2/moveit_planners/test_configs/prbt_support) by extension 'ignore'
[0.566s] Level 1:colcon.colcon_core.package_identification:_identify(src/moveit2/moveit_planners/test_configs/prbt_support) by extension 'ignore_ament_install'
[0.566s] Level 1:colcon.colcon_core.package_identification:_identify(src/moveit2/moveit_planners/test_configs/prbt_support) by extensions ['colcon_pkg']
[0.566s] Level 1:colcon.colcon_core.package_identification:_identify(src/moveit2/moveit_planners/test_configs/prbt_support) by extension 'colcon_pkg'
[0.566s] Level 1:colcon.colcon_core.package_identification:_identify(src/moveit2/moveit_planners/test_configs/prbt_support) by extensions ['colcon_meta']
[0.566s] Level 1:colcon.colcon_core.package_identification:_identify(src/moveit2/moveit_planners/test_configs/prbt_support) by extension 'colcon_meta'
[0.566s] Level 1:colcon.colcon_core.package_identification:_identify(src/moveit2/moveit_planners/test_configs/prbt_support) by extensions ['ros']
[0.566s] Level 1:colcon.colcon_core.package_identification:_identify(src/moveit2/moveit_planners/test_configs/prbt_support) by extension 'ros'
[0.566s] DEBUG:colcon.colcon_core.package_identification:Package 'src/moveit2/moveit_planners/test_configs/prbt_support' with type 'ros.ament_cmake' and name 'moveit_resources_prbt_support'
[0.568s] Level 1:colcon.colcon_core.package_identification:_identify(src/moveit2/moveit_planners/trajopt) by extensions ['ignore', 'ignore_ament_install']
[0.568s] Level 1:colcon.colcon_core.package_identification:_identify(src/moveit2/moveit_planners/trajopt) by extension 'ignore'
[0.568s] Level 1:colcon.colcon_core.package_identification:_identify(src/moveit2/moveit_planners/trajopt) ignored
[0.568s] Level 1:colcon.colcon_core.package_identification:_identify(src/moveit2/moveit_plugins) by extensions ['ignore', 'ignore_ament_install']
[0.568s] Level 1:colcon.colcon_core.package_identification:_identify(src/moveit2/moveit_plugins) by extension 'ignore'
[0.568s] Level 1:colcon.colcon_core.package_identification:_identify(src/moveit2/moveit_plugins) by extension 'ignore_ament_install'
[0.568s] Level 1:colcon.colcon_core.package_identification:_identify(src/moveit2/moveit_plugins) by extensions ['colcon_pkg']
[0.568s] Level 1:colcon.colcon_core.package_identification:_identify(src/moveit2/moveit_plugins) by extension 'colcon_pkg'
[0.568s] Level 1:colcon.colcon_core.package_identification:_identify(src/moveit2/moveit_plugins) by extensions ['colcon_meta']
[0.568s] Level 1:colcon.colcon_core.package_identification:_identify(src/moveit2/moveit_plugins) by extension 'colcon_meta'
[0.568s] Level 1:colcon.colcon_core.package_identification:_identify(src/moveit2/moveit_plugins) by extensions ['ros']
[0.568s] Level 1:colcon.colcon_core.package_identification:_identify(src/moveit2/moveit_plugins) by extension 'ros'
[0.568s] Level 1:colcon.colcon_core.package_identification:_identify(src/moveit2/moveit_plugins) by extensions ['cmake', 'python']
[0.568s] Level 1:colcon.colcon_core.package_identification:_identify(src/moveit2/moveit_plugins) by extension 'cmake'
[0.568s] Level 1:colcon.colcon_core.package_identification:_identify(src/moveit2/moveit_plugins) by extension 'python'
[0.568s] Level 1:colcon.colcon_core.package_identification:_identify(src/moveit2/moveit_plugins) by extensions ['python_setup_py']
[0.568s] Level 1:colcon.colcon_core.package_identification:_identify(src/moveit2/moveit_plugins) by extension 'python_setup_py'
[0.569s] Level 1:colcon.colcon_core.package_identification:_identify(src/moveit2/moveit_plugins/moveit_plugins) by extensions ['ignore', 'ignore_ament_install']
[0.569s] Level 1:colcon.colcon_core.package_identification:_identify(src/moveit2/moveit_plugins/moveit_plugins) by extension 'ignore'
[0.569s] Level 1:colcon.colcon_core.package_identification:_identify(src/moveit2/moveit_plugins/moveit_plugins) by extension 'ignore_ament_install'
[0.569s] Level 1:colcon.colcon_core.package_identification:_identify(src/moveit2/moveit_plugins/moveit_plugins) by extensions ['colcon_pkg']
[0.569s] Level 1:colcon.colcon_core.package_identification:_identify(src/moveit2/moveit_plugins/moveit_plugins) by extension 'colcon_pkg'
[0.569s] Level 1:colcon.colcon_core.package_identification:_identify(src/moveit2/moveit_plugins/moveit_plugins) by extensions ['colcon_meta']
[0.569s] Level 1:colcon.colcon_core.package_identification:_identify(src/moveit2/moveit_plugins/moveit_plugins) by extension 'colcon_meta'
[0.569s] Level 1:colcon.colcon_core.package_identification:_identify(src/moveit2/moveit_plugins/moveit_plugins) by extensions ['ros']
[0.569s] Level 1:colcon.colcon_core.package_identification:_identify(src/moveit2/moveit_plugins/moveit_plugins) by extension 'ros'
[0.569s] DEBUG:colcon.colcon_core.package_identification:Package 'src/moveit2/moveit_plugins/moveit_plugins' with type 'ros.ament_cmake' and name 'moveit_plugins'
[0.570s] Level 1:colcon.colcon_core.package_identification:_identify(src/moveit2/moveit_plugins/moveit_ros_control_interface) by extensions ['ignore', 'ignore_ament_install']
[0.570s] Level 1:colcon.colcon_core.package_identification:_identify(src/moveit2/moveit_plugins/moveit_ros_control_interface) by extension 'ignore'
[0.570s] Level 1:colcon.colcon_core.package_identification:_identify(src/moveit2/moveit_plugins/moveit_ros_control_interface) by extension 'ignore_ament_install'
[0.570s] Level 1:colcon.colcon_core.package_identification:_identify(src/moveit2/moveit_plugins/moveit_ros_control_interface) by extensions ['colcon_pkg']
[0.570s] Level 1:colcon.colcon_core.package_identification:_identify(src/moveit2/moveit_plugins/moveit_ros_control_interface) by extension 'colcon_pkg'
[0.570s] Level 1:colcon.colcon_core.package_identification:_identify(src/moveit2/moveit_plugins/moveit_ros_control_interface) by extensions ['colcon_meta']
[0.570s] Level 1:colcon.colcon_core.package_identification:_identify(src/moveit2/moveit_plugins/moveit_ros_control_interface) by extension 'colcon_meta'
[0.570s] Level 1:colcon.colcon_core.package_identification:_identify(src/moveit2/moveit_plugins/moveit_ros_control_interface) by extensions ['ros']
[0.570s] Level 1:colcon.colcon_core.package_identification:_identify(src/moveit2/moveit_plugins/moveit_ros_control_interface) by extension 'ros'
[0.571s] DEBUG:colcon.colcon_core.package_identification:Package 'src/moveit2/moveit_plugins/moveit_ros_control_interface' with type 'ros.ament_cmake' and name 'moveit_ros_control_interface'
[0.571s] Level 1:colcon.colcon_core.package_identification:_identify(src/moveit2/moveit_plugins/moveit_simple_controller_manager) by extensions ['ignore', 'ignore_ament_install']
[0.571s] Level 1:colcon.colcon_core.package_identification:_identify(src/moveit2/moveit_plugins/moveit_simple_controller_manager) by extension 'ignore'
[0.571s] Level 1:colcon.colcon_core.package_identification:_identify(src/moveit2/moveit_plugins/moveit_simple_controller_manager) by extension 'ignore_ament_install'
[0.571s] Level 1:colcon.colcon_core.package_identification:_identify(src/moveit2/moveit_plugins/moveit_simple_controller_manager) by extensions ['colcon_pkg']
[0.571s] Level 1:colcon.colcon_core.package_identification:_identify(src/moveit2/moveit_plugins/moveit_simple_controller_manager) by extension 'colcon_pkg'
[0.571s] Level 1:colcon.colcon_core.package_identification:_identify(src/moveit2/moveit_plugins/moveit_simple_controller_manager) by extensions ['colcon_meta']
[0.571s] Level 1:colcon.colcon_core.package_identification:_identify(src/moveit2/moveit_plugins/moveit_simple_controller_manager) by extension 'colcon_meta'
[0.571s] Level 1:colcon.colcon_core.package_identification:_identify(src/moveit2/moveit_plugins/moveit_simple_controller_manager) by extensions ['ros']
[0.571s] Level 1:colcon.colcon_core.package_identification:_identify(src/moveit2/moveit_plugins/moveit_simple_controller_manager) by extension 'ros'
[0.572s] DEBUG:colcon.colcon_core.package_identification:Package 'src/moveit2/moveit_plugins/moveit_simple_controller_manager' with type 'ros.ament_cmake' and name 'moveit_simple_controller_manager'
[0.572s] Level 1:colcon.colcon_core.package_identification:_identify(src/moveit2/moveit_ros) by extensions ['ignore', 'ignore_ament_install']
[0.572s] Level 1:colcon.colcon_core.package_identification:_identify(src/moveit2/moveit_ros) by extension 'ignore'
[0.572s] Level 1:colcon.colcon_core.package_identification:_identify(src/moveit2/moveit_ros) by extension 'ignore_ament_install'
[0.572s] Level 1:colcon.colcon_core.package_identification:_identify(src/moveit2/moveit_ros) by extensions ['colcon_pkg']
[0.572s] Level 1:colcon.colcon_core.package_identification:_identify(src/moveit2/moveit_ros) by extension 'colcon_pkg'
[0.572s] Level 1:colcon.colcon_core.package_identification:_identify(src/moveit2/moveit_ros) by extensions ['colcon_meta']
[0.572s] Level 1:colcon.colcon_core.package_identification:_identify(src/moveit2/moveit_ros) by extension 'colcon_meta'
[0.573s] Level 1:colcon.colcon_core.package_identification:_identify(src/moveit2/moveit_ros) by extensions ['ros']
[0.573s] Level 1:colcon.colcon_core.package_identification:_identify(src/moveit2/moveit_ros) by extension 'ros'
[0.573s] Level 1:colcon.colcon_core.package_identification:_identify(src/moveit2/moveit_ros) by extensions ['cmake', 'python']
[0.573s] Level 1:colcon.colcon_core.package_identification:_identify(src/moveit2/moveit_ros) by extension 'cmake'
[0.573s] Level 1:colcon.colcon_core.package_identification:_identify(src/moveit2/moveit_ros) by extension 'python'
[0.573s] Level 1:colcon.colcon_core.package_identification:_identify(src/moveit2/moveit_ros) by extensions ['python_setup_py']
[0.573s] Level 1:colcon.colcon_core.package_identification:_identify(src/moveit2/moveit_ros) by extension 'python_setup_py'
[0.573s] Level 1:colcon.colcon_core.package_identification:_identify(src/moveit2/moveit_ros/benchmarks) by extensions ['ignore', 'ignore_ament_install']
[0.573s] Level 1:colcon.colcon_core.package_identification:_identify(src/moveit2/moveit_ros/benchmarks) by extension 'ignore'
[0.573s] Level 1:colcon.colcon_core.package_identification:_identify(src/moveit2/moveit_ros/benchmarks) by extension 'ignore_ament_install'
[0.573s] Level 1:colcon.colcon_core.package_identification:_identify(src/moveit2/moveit_ros/benchmarks) by extensions ['colcon_pkg']
[0.573s] Level 1:colcon.colcon_core.package_identification:_identify(src/moveit2/moveit_ros/benchmarks) by extension 'colcon_pkg'
[0.573s] Level 1:colcon.colcon_core.package_identification:_identify(src/moveit2/moveit_ros/benchmarks) by extensions ['colcon_meta']
[0.573s] Level 1:colcon.colcon_core.package_identification:_identify(src/moveit2/moveit_ros/benchmarks) by extension 'colcon_meta'
[0.573s] Level 1:colcon.colcon_core.package_identification:_identify(src/moveit2/moveit_ros/benchmarks) by extensions ['ros']
[0.573s] Level 1:colcon.colcon_core.package_identification:_identify(src/moveit2/moveit_ros/benchmarks) by extension 'ros'
[0.574s] DEBUG:colcon.colcon_core.package_identification:Package 'src/moveit2/moveit_ros/benchmarks' with type 'ros.ament_cmake' and name 'moveit_ros_benchmarks'
[0.574s] Level 1:colcon.colcon_core.package_identification:_identify(src/moveit2/moveit_ros/hybrid_planning) by extensions ['ignore', 'ignore_ament_install']
[0.574s] Level 1:colcon.colcon_core.package_identification:_identify(src/moveit2/moveit_ros/hybrid_planning) by extension 'ignore'
[0.574s] Level 1:colcon.colcon_core.package_identification:_identify(src/moveit2/moveit_ros/hybrid_planning) by extension 'ignore_ament_install'
[0.574s] Level 1:colcon.colcon_core.package_identification:_identify(src/moveit2/moveit_ros/hybrid_planning) by extensions ['colcon_pkg']
[0.574s] Level 1:colcon.colcon_core.package_identification:_identify(src/moveit2/moveit_ros/hybrid_planning) by extension 'colcon_pkg'
[0.574s] Level 1:colcon.colcon_core.package_identification:_identify(src/moveit2/moveit_ros/hybrid_planning) by extensions ['colcon_meta']
[0.574s] Level 1:colcon.colcon_core.package_identification:_identify(src/moveit2/moveit_ros/hybrid_planning) by extension 'colcon_meta'
[0.574s] Level 1:colcon.colcon_core.package_identification:_identify(src/moveit2/moveit_ros/hybrid_planning) by extensions ['ros']
[0.574s] Level 1:colcon.colcon_core.package_identification:_identify(src/moveit2/moveit_ros/hybrid_planning) by extension 'ros'
[0.576s] DEBUG:colcon.colcon_core.package_identification:Package 'src/moveit2/moveit_ros/hybrid_planning' with type 'ros.ament_cmake' and name 'moveit_hybrid_planning'
[0.576s] Level 1:colcon.colcon_core.package_identification:_identify(src/moveit2/moveit_ros/move_group) by extensions ['ignore', 'ignore_ament_install']
[0.576s] Level 1:colcon.colcon_core.package_identification:_identify(src/moveit2/moveit_ros/move_group) by extension 'ignore'
[0.576s] Level 1:colcon.colcon_core.package_identification:_identify(src/moveit2/moveit_ros/move_group) by extension 'ignore_ament_install'
[0.576s] Level 1:colcon.colcon_core.package_identification:_identify(src/moveit2/moveit_ros/move_group) by extensions ['colcon_pkg']
[0.576s] Level 1:colcon.colcon_core.package_identification:_identify(src/moveit2/moveit_ros/move_group) by extension 'colcon_pkg'
[0.576s] Level 1:colcon.colcon_core.package_identification:_identify(src/moveit2/moveit_ros/move_group) by extensions ['colcon_meta']
[0.576s] Level 1:colcon.colcon_core.package_identification:_identify(src/moveit2/moveit_ros/move_group) by extension 'colcon_meta'
[0.576s] Level 1:colcon.colcon_core.package_identification:_identify(src/moveit2/moveit_ros/move_group) by extensions ['ros']
[0.576s] Level 1:colcon.colcon_core.package_identification:_identify(src/moveit2/moveit_ros/move_group) by extension 'ros'
[0.577s] DEBUG:colcon.colcon_core.package_identification:Package 'src/moveit2/moveit_ros/move_group' with type 'ros.ament_cmake' and name 'moveit_ros_move_group'
[0.577s] Level 1:colcon.colcon_core.package_identification:_identify(src/moveit2/moveit_ros/moveit_ros) by extensions ['ignore', 'ignore_ament_install']
[0.577s] Level 1:colcon.colcon_core.package_identification:_identify(src/moveit2/moveit_ros/moveit_ros) by extension 'ignore'
[0.577s] Level 1:colcon.colcon_core.package_identification:_identify(src/moveit2/moveit_ros/moveit_ros) by extension 'ignore_ament_install'
[0.578s] Level 1:colcon.colcon_core.package_identification:_identify(src/moveit2/moveit_ros/moveit_ros) by extensions ['colcon_pkg']
[0.578s] Level 1:colcon.colcon_core.package_identification:_identify(src/moveit2/moveit_ros/moveit_ros) by extension 'colcon_pkg'
[0.578s] Level 1:colcon.colcon_core.package_identification:_identify(src/moveit2/moveit_ros/moveit_ros) by extensions ['colcon_meta']
[0.578s] Level 1:colcon.colcon_core.package_identification:_identify(src/moveit2/moveit_ros/moveit_ros) by extension 'colcon_meta'
[0.578s] Level 1:colcon.colcon_core.package_identification:_identify(src/moveit2/moveit_ros/moveit_ros) by extensions ['ros']
[0.578s] Level 1:colcon.colcon_core.package_identification:_identify(src/moveit2/moveit_ros/moveit_ros) by extension 'ros'
[0.578s] DEBUG:colcon.colcon_core.package_identification:Package 'src/moveit2/moveit_ros/moveit_ros' with type 'ros.ament_cmake' and name 'moveit_ros'
[0.578s] Level 1:colcon.colcon_core.package_identification:_identify(src/moveit2/moveit_ros/moveit_servo) by extensions ['ignore', 'ignore_ament_install']
[0.578s] Level 1:colcon.colcon_core.package_identification:_identify(src/moveit2/moveit_ros/moveit_servo) by extension 'ignore'
[0.579s] Level 1:colcon.colcon_core.package_identification:_identify(src/moveit2/moveit_ros/moveit_servo) by extension 'ignore_ament_install'
[0.579s] Level 1:colcon.colcon_core.package_identification:_identify(src/moveit2/moveit_ros/moveit_servo) by extensions ['colcon_pkg']
[0.579s] Level 1:colcon.colcon_core.package_identification:_identify(src/moveit2/moveit_ros/moveit_servo) by extension 'colcon_pkg'
[0.579s] Level 1:colcon.colcon_core.package_identification:_identify(src/moveit2/moveit_ros/moveit_servo) by extensions ['colcon_meta']
[0.579s] Level 1:colcon.colcon_core.package_identification:_identify(src/moveit2/moveit_ros/moveit_servo) by extension 'colcon_meta'
[0.579s] Level 1:colcon.colcon_core.package_identification:_identify(src/moveit2/moveit_ros/moveit_servo) by extensions ['ros']
[0.579s] Level 1:colcon.colcon_core.package_identification:_identify(src/moveit2/moveit_ros/moveit_servo) by extension 'ros'
[0.580s] DEBUG:colcon.colcon_core.package_identification:Package 'src/moveit2/moveit_ros/moveit_servo' with type 'ros.ament_cmake' and name 'moveit_servo'
[0.580s] Level 1:colcon.colcon_core.package_identification:_identify(src/moveit2/moveit_ros/occupancy_map_monitor) by extensions ['ignore', 'ignore_ament_install']
[0.580s] Level 1:colcon.colcon_core.package_identification:_identify(src/moveit2/moveit_ros/occupancy_map_monitor) by extension 'ignore'
[0.580s] Level 1:colcon.colcon_core.package_identification:_identify(src/moveit2/moveit_ros/occupancy_map_monitor) by extension 'ignore_ament_install'
[0.580s] Level 1:colcon.colcon_core.package_identification:_identify(src/moveit2/moveit_ros/occupancy_map_monitor) by extensions ['colcon_pkg']
[0.580s] Level 1:colcon.colcon_core.package_identification:_identify(src/moveit2/moveit_ros/occupancy_map_monitor) by extension 'colcon_pkg'
[0.580s] Level 1:colcon.colcon_core.package_identification:_identify(src/moveit2/moveit_ros/occupancy_map_monitor) by extensions ['colcon_meta']
[0.580s] Level 1:colcon.colcon_core.package_identification:_identify(src/moveit2/moveit_ros/occupancy_map_monitor) by extension 'colcon_meta'
[0.580s] Level 1:colcon.colcon_core.package_identification:_identify(src/moveit2/moveit_ros/occupancy_map_monitor) by extensions ['ros']
[0.580s] Level 1:colcon.colcon_core.package_identification:_identify(src/moveit2/moveit_ros/occupancy_map_monitor) by extension 'ros'
[0.581s] DEBUG:colcon.colcon_core.package_identification:Package 'src/moveit2/moveit_ros/occupancy_map_monitor' with type 'ros.ament_cmake' and name 'moveit_ros_occupancy_map_monitor'
[0.581s] Level 1:colcon.colcon_core.package_identification:_identify(src/moveit2/moveit_ros/perception) by extensions ['ignore', 'ignore_ament_install']
[0.582s] Level 1:colcon.colcon_core.package_identification:_identify(src/moveit2/moveit_ros/perception) by extension 'ignore'
[0.582s] Level 1:colcon.colcon_core.package_identification:_identify(src/moveit2/moveit_ros/perception) by extension 'ignore_ament_install'
[0.582s] Level 1:colcon.colcon_core.package_identification:_identify(src/moveit2/moveit_ros/perception) by extensions ['colcon_pkg']
[0.582s] Level 1:colcon.colcon_core.package_identification:_identify(src/moveit2/moveit_ros/perception) by extension 'colcon_pkg'
[0.582s] Level 1:colcon.colcon_core.package_identification:_identify(src/moveit2/moveit_ros/perception) by extensions ['colcon_meta']
[0.582s] Level 1:colcon.colcon_core.package_identification:_identify(src/moveit2/moveit_ros/perception) by extension 'colcon_meta'
[0.582s] Level 1:colcon.colcon_core.package_identification:_identify(src/moveit2/moveit_ros/perception) by extensions ['ros']
[0.582s] Level 1:colcon.colcon_core.package_identification:_identify(src/moveit2/moveit_ros/perception) by extension 'ros'
[0.583s] DEBUG:colcon.colcon_core.package_identification:Package 'src/moveit2/moveit_ros/perception' with type 'ros.ament_cmake' and name 'moveit_ros_perception'
[0.584s] Level 1:colcon.colcon_core.package_identification:_identify(src/moveit2/moveit_ros/planning) by extensions ['ignore', 'ignore_ament_install']
[0.584s] Level 1:colcon.colcon_core.package_identification:_identify(src/moveit2/moveit_ros/planning) by extension 'ignore'
[0.584s] Level 1:colcon.colcon_core.package_identification:_identify(src/moveit2/moveit_ros/planning) by extension 'ignore_ament_install'
[0.584s] Level 1:colcon.colcon_core.package_identification:_identify(src/moveit2/moveit_ros/planning) by extensions ['colcon_pkg']
[0.584s] Level 1:colcon.colcon_core.package_identification:_identify(src/moveit2/moveit_ros/planning) by extension 'colcon_pkg'
[0.584s] Level 1:colcon.colcon_core.package_identification:_identify(src/moveit2/moveit_ros/planning) by extensions ['colcon_meta']
[0.584s] Level 1:colcon.colcon_core.package_identification:_identify(src/moveit2/moveit_ros/planning) by extension 'colcon_meta'
[0.584s] Level 1:colcon.colcon_core.package_identification:_identify(src/moveit2/moveit_ros/planning) by extensions ['ros']
[0.584s] Level 1:colcon.colcon_core.package_identification:_identify(src/moveit2/moveit_ros/planning) by extension 'ros'
[0.585s] DEBUG:colcon.colcon_core.package_identification:Package 'src/moveit2/moveit_ros/planning' with type 'ros.ament_cmake' and name 'moveit_ros_planning'
[0.586s] Level 1:colcon.colcon_core.package_identification:_identify(src/moveit2/moveit_ros/planning_interface) by extensions ['ignore', 'ignore_ament_install']
[0.586s] Level 1:colcon.colcon_core.package_identification:_identify(src/moveit2/moveit_ros/planning_interface) by extension 'ignore'
[0.586s] Level 1:colcon.colcon_core.package_identification:_identify(src/moveit2/moveit_ros/planning_interface) by extension 'ignore_ament_install'
[0.586s] Level 1:colcon.colcon_core.package_identification:_identify(src/moveit2/moveit_ros/planning_interface) by extensions ['colcon_pkg']
[0.586s] Level 1:colcon.colcon_core.package_identification:_identify(src/moveit2/moveit_ros/planning_interface) by extension 'colcon_pkg'
[0.586s] Level 1:colcon.colcon_core.package_identification:_identify(src/moveit2/moveit_ros/planning_interface) by extensions ['colcon_meta']
[0.586s] Level 1:colcon.colcon_core.package_identification:_identify(src/moveit2/moveit_ros/planning_interface) by extension 'colcon_meta'
[0.586s] Level 1:colcon.colcon_core.package_identification:_identify(src/moveit2/moveit_ros/planning_interface) by extensions ['ros']
[0.586s] Level 1:colcon.colcon_core.package_identification:_identify(src/moveit2/moveit_ros/planning_interface) by extension 'ros'
[0.587s] DEBUG:colcon.colcon_core.package_identification:Package 'src/moveit2/moveit_ros/planning_interface' with type 'ros.ament_cmake' and name 'moveit_ros_planning_interface'
[0.588s] Level 1:colcon.colcon_core.package_identification:_identify(src/moveit2/moveit_ros/robot_interaction) by extensions ['ignore', 'ignore_ament_install']
[0.588s] Level 1:colcon.colcon_core.package_identification:_identify(src/moveit2/moveit_ros/robot_interaction) by extension 'ignore'
[0.588s] Level 1:colcon.colcon_core.package_identification:_identify(src/moveit2/moveit_ros/robot_interaction) by extension 'ignore_ament_install'
[0.588s] Level 1:colcon.colcon_core.package_identification:_identify(src/moveit2/moveit_ros/robot_interaction) by extensions ['colcon_pkg']
[0.588s] Level 1:colcon.colcon_core.package_identification:_identify(src/moveit2/moveit_ros/robot_interaction) by extension 'colcon_pkg'
[0.588s] Level 1:colcon.colcon_core.package_identification:_identify(src/moveit2/moveit_ros/robot_interaction) by extensions ['colcon_meta']
[0.588s] Level 1:colcon.colcon_core.package_identification:_identify(src/moveit2/moveit_ros/robot_interaction) by extension 'colcon_meta'
[0.588s] Level 1:colcon.colcon_core.package_identification:_identify(src/moveit2/moveit_ros/robot_interaction) by extensions ['ros']
[0.588s] Level 1:colcon.colcon_core.package_identification:_identify(src/moveit2/moveit_ros/robot_interaction) by extension 'ros'
[0.589s] DEBUG:colcon.colcon_core.package_identification:Package 'src/moveit2/moveit_ros/robot_interaction' with type 'ros.ament_cmake' and name 'moveit_ros_robot_interaction'
[0.589s] Level 1:colcon.colcon_core.package_identification:_identify(src/moveit2/moveit_ros/visualization) by extensions ['ignore', 'ignore_ament_install']
[0.589s] Level 1:colcon.colcon_core.package_identification:_identify(src/moveit2/moveit_ros/visualization) by extension 'ignore'
[0.589s] Level 1:colcon.colcon_core.package_identification:_identify(src/moveit2/moveit_ros/visualization) by extension 'ignore_ament_install'
[0.589s] Level 1:colcon.colcon_core.package_identification:_identify(src/moveit2/moveit_ros/visualization) by extensions ['colcon_pkg']
[0.589s] Level 1:colcon.colcon_core.package_identification:_identify(src/moveit2/moveit_ros/visualization) by extension 'colcon_pkg'
[0.589s] Level 1:colcon.colcon_core.package_identification:_identify(src/moveit2/moveit_ros/visualization) by extensions ['colcon_meta']
[0.589s] Level 1:colcon.colcon_core.package_identification:_identify(src/moveit2/moveit_ros/visualization) by extension 'colcon_meta'
[0.589s] Level 1:colcon.colcon_core.package_identification:_identify(src/moveit2/moveit_ros/visualization) by extensions ['ros']
[0.589s] Level 1:colcon.colcon_core.package_identification:_identify(src/moveit2/moveit_ros/visualization) by extension 'ros'
[0.590s] DEBUG:colcon.colcon_core.package_identification:Package 'src/moveit2/moveit_ros/visualization' with type 'ros.ament_cmake' and name 'moveit_ros_visualization'
[0.591s] Level 1:colcon.colcon_core.package_identification:_identify(src/moveit2/moveit_ros/warehouse) by extensions ['ignore', 'ignore_ament_install']
[0.591s] Level 1:colcon.colcon_core.package_identification:_identify(src/moveit2/moveit_ros/warehouse) by extension 'ignore'
[0.591s] Level 1:colcon.colcon_core.package_identification:_identify(src/moveit2/moveit_ros/warehouse) by extension 'ignore_ament_install'
[0.591s] Level 1:colcon.colcon_core.package_identification:_identify(src/moveit2/moveit_ros/warehouse) by extensions ['colcon_pkg']
[0.591s] Level 1:colcon.colcon_core.package_identification:_identify(src/moveit2/moveit_ros/warehouse) by extension 'colcon_pkg'
[0.591s] Level 1:colcon.colcon_core.package_identification:_identify(src/moveit2/moveit_ros/warehouse) by extensions ['colcon_meta']
[0.591s] Level 1:colcon.colcon_core.package_identification:_identify(src/moveit2/moveit_ros/warehouse) by extension 'colcon_meta'
[0.591s] Level 1:colcon.colcon_core.package_identification:_identify(src/moveit2/moveit_ros/warehouse) by extensions ['ros']
[0.591s] Level 1:colcon.colcon_core.package_identification:_identify(src/moveit2/moveit_ros/warehouse) by extension 'ros'
[0.592s] DEBUG:colcon.colcon_core.package_identification:Package 'src/moveit2/moveit_ros/warehouse' with type 'ros.ament_cmake' and name 'moveit_ros_warehouse'
[0.592s] Level 1:colcon.colcon_core.package_identification:_identify(src/moveit2/moveit_runtime) by extensions ['ignore', 'ignore_ament_install']
[0.592s] Level 1:colcon.colcon_core.package_identification:_identify(src/moveit2/moveit_runtime) by extension 'ignore'
[0.592s] Level 1:colcon.colcon_core.package_identification:_identify(src/moveit2/moveit_runtime) by extension 'ignore_ament_install'
[0.592s] Level 1:colcon.colcon_core.package_identification:_identify(src/moveit2/moveit_runtime) by extensions ['colcon_pkg']
[0.592s] Level 1:colcon.colcon_core.package_identification:_identify(src/moveit2/moveit_runtime) by extension 'colcon_pkg'
[0.592s] Level 1:colcon.colcon_core.package_identification:_identify(src/moveit2/moveit_runtime) by extensions ['colcon_meta']
[0.592s] Level 1:colcon.colcon_core.package_identification:_identify(src/moveit2/moveit_runtime) by extension 'colcon_meta'
[0.592s] Level 1:colcon.colcon_core.package_identification:_identify(src/moveit2/moveit_runtime) by extensions ['ros']
[0.592s] Level 1:colcon.colcon_core.package_identification:_identify(src/moveit2/moveit_runtime) by extension 'ros'
[0.593s] DEBUG:colcon.colcon_core.package_identification:Package 'src/moveit2/moveit_runtime' with type 'ros.ament_cmake' and name 'moveit_runtime'
[0.593s] Level 1:colcon.colcon_core.package_identification:_identify(src/moveit2/moveit_setup_assistant) by extensions ['ignore', 'ignore_ament_install']
[0.593s] Level 1:colcon.colcon_core.package_identification:_identify(src/moveit2/moveit_setup_assistant) by extension 'ignore'
[0.593s] Level 1:colcon.colcon_core.package_identification:_identify(src/moveit2/moveit_setup_assistant) by extension 'ignore_ament_install'
[0.593s] Level 1:colcon.colcon_core.package_identification:_identify(src/moveit2/moveit_setup_assistant) by extensions ['colcon_pkg']
[0.593s] Level 1:colcon.colcon_core.package_identification:_identify(src/moveit2/moveit_setup_assistant) by extension 'colcon_pkg'
[0.593s] Level 1:colcon.colcon_core.package_identification:_identify(src/moveit2/moveit_setup_assistant) by extensions ['colcon_meta']
[0.593s] Level 1:colcon.colcon_core.package_identification:_identify(src/moveit2/moveit_setup_assistant) by extension 'colcon_meta'
[0.593s] Level 1:colcon.colcon_core.package_identification:_identify(src/moveit2/moveit_setup_assistant) by extensions ['ros']
[0.593s] Level 1:colcon.colcon_core.package_identification:_identify(src/moveit2/moveit_setup_assistant) by extension 'ros'
[0.593s] Level 1:colcon.colcon_core.package_identification:_identify(src/moveit2/moveit_setup_assistant) by extensions ['cmake', 'python']
[0.593s] Level 1:colcon.colcon_core.package_identification:_identify(src/moveit2/moveit_setup_assistant) by extension 'cmake'
[0.593s] Level 1:colcon.colcon_core.package_identification:_identify(src/moveit2/moveit_setup_assistant) by extension 'python'
[0.593s] Level 1:colcon.colcon_core.package_identification:_identify(src/moveit2/moveit_setup_assistant) by extensions ['python_setup_py']
[0.593s] Level 1:colcon.colcon_core.package_identification:_identify(src/moveit2/moveit_setup_assistant) by extension 'python_setup_py'
[0.594s] Level 1:colcon.colcon_core.package_identification:_identify(src/moveit2/moveit_setup_assistant/graphics) by extensions ['ignore', 'ignore_ament_install']
[0.594s] Level 1:colcon.colcon_core.package_identification:_identify(src/moveit2/moveit_setup_assistant/graphics) by extension 'ignore'
[0.594s] Level 1:colcon.colcon_core.package_identification:_identify(src/moveit2/moveit_setup_assistant/graphics) by extension 'ignore_ament_install'
[0.594s] Level 1:colcon.colcon_core.package_identification:_identify(src/moveit2/moveit_setup_assistant/graphics) by extensions ['colcon_pkg']
[0.594s] Level 1:colcon.colcon_core.package_identification:_identify(src/moveit2/moveit_setup_assistant/graphics) by extension 'colcon_pkg'
[0.594s] Level 1:colcon.colcon_core.package_identification:_identify(src/moveit2/moveit_setup_assistant/graphics) by extensions ['colcon_meta']
[0.595s] Level 1:colcon.colcon_core.package_identification:_identify(src/moveit2/moveit_setup_assistant/graphics) by extension 'colcon_meta'
[0.595s] Level 1:colcon.colcon_core.package_identification:_identify(src/moveit2/moveit_setup_assistant/graphics) by extensions ['ros']
[0.595s] Level 1:colcon.colcon_core.package_identification:_identify(src/moveit2/moveit_setup_assistant/graphics) by extension 'ros'
[0.595s] Level 1:colcon.colcon_core.package_identification:_identify(src/moveit2/moveit_setup_assistant/graphics) by extensions ['cmake', 'python']
[0.595s] Level 1:colcon.colcon_core.package_identification:_identify(src/moveit2/moveit_setup_assistant/graphics) by extension 'cmake'
[0.595s] Level 1:colcon.colcon_core.package_identification:_identify(src/moveit2/moveit_setup_assistant/graphics) by extension 'python'
[0.595s] Level 1:colcon.colcon_core.package_identification:_identify(src/moveit2/moveit_setup_assistant/graphics) by extensions ['python_setup_py']
[0.595s] Level 1:colcon.colcon_core.package_identification:_identify(src/moveit2/moveit_setup_assistant/graphics) by extension 'python_setup_py'
[0.595s] Level 1:colcon.colcon_core.package_identification:_identify(src/moveit2/moveit_setup_assistant/graphics/source) by extensions ['ignore', 'ignore_ament_install']
[0.595s] Level 1:colcon.colcon_core.package_identification:_identify(src/moveit2/moveit_setup_assistant/graphics/source) by extension 'ignore'
[0.595s] Level 1:colcon.colcon_core.package_identification:_identify(src/moveit2/moveit_setup_assistant/graphics/source) by extension 'ignore_ament_install'
[0.595s] Level 1:colcon.colcon_core.package_identification:_identify(src/moveit2/moveit_setup_assistant/graphics/source) by extensions ['colcon_pkg']
[0.595s] Level 1:colcon.colcon_core.package_identification:_identify(src/moveit2/moveit_setup_assistant/graphics/source) by extension 'colcon_pkg'
[0.595s] Level 1:colcon.colcon_core.package_identification:_identify(src/moveit2/moveit_setup_assistant/graphics/source) by extensions ['colcon_meta']
[0.595s] Level 1:colcon.colcon_core.package_identification:_identify(src/moveit2/moveit_setup_assistant/graphics/source) by extension 'colcon_meta'
[0.595s] Level 1:colcon.colcon_core.package_identification:_identify(src/moveit2/moveit_setup_assistant/graphics/source) by extensions ['ros']
[0.595s] Level 1:colcon.colcon_core.package_identification:_identify(src/moveit2/moveit_setup_assistant/graphics/source) by extension 'ros'
[0.595s] Level 1:colcon.colcon_core.package_identification:_identify(src/moveit2/moveit_setup_assistant/graphics/source) by extensions ['cmake', 'python']
[0.595s] Level 1:colcon.colcon_core.package_identification:_identify(src/moveit2/moveit_setup_assistant/graphics/source) by extension 'cmake'
[0.595s] Level 1:colcon.colcon_core.package_identification:_identify(src/moveit2/moveit_setup_assistant/graphics/source) by extension 'python'
[0.595s] Level 1:colcon.colcon_core.package_identification:_identify(src/moveit2/moveit_setup_assistant/graphics/source) by extensions ['python_setup_py']
[0.595s] Level 1:colcon.colcon_core.package_identification:_identify(src/moveit2/moveit_setup_assistant/graphics/source) by extension 'python_setup_py'
[0.596s] Level 1:colcon.colcon_core.package_identification:_identify(src/moveit2/moveit_setup_assistant/moveit_setup_app_plugins) by extensions ['ignore', 'ignore_ament_install']
[0.596s] Level 1:colcon.colcon_core.package_identification:_identify(src/moveit2/moveit_setup_assistant/moveit_setup_app_plugins) by extension 'ignore'
[0.596s] Level 1:colcon.colcon_core.package_identification:_identify(src/moveit2/moveit_setup_assistant/moveit_setup_app_plugins) by extension 'ignore_ament_install'
[0.596s] Level 1:colcon.colcon_core.package_identification:_identify(src/moveit2/moveit_setup_assistant/moveit_setup_app_plugins) by extensions ['colcon_pkg']
[0.596s] Level 1:colcon.colcon_core.package_identification:_identify(src/moveit2/moveit_setup_assistant/moveit_setup_app_plugins) by extension 'colcon_pkg'
[0.596s] Level 1:colcon.colcon_core.package_identification:_identify(src/moveit2/moveit_setup_assistant/moveit_setup_app_plugins) by extensions ['colcon_meta']
[0.596s] Level 1:colcon.colcon_core.package_identification:_identify(src/moveit2/moveit_setup_assistant/moveit_setup_app_plugins) by extension 'colcon_meta'
[0.596s] Level 1:colcon.colcon_core.package_identification:_identify(src/moveit2/moveit_setup_assistant/moveit_setup_app_plugins) by extensions ['ros']
[0.596s] Level 1:colcon.colcon_core.package_identification:_identify(src/moveit2/moveit_setup_assistant/moveit_setup_app_plugins) by extension 'ros'
[0.597s] DEBUG:colcon.colcon_core.package_identification:Package 'src/moveit2/moveit_setup_assistant/moveit_setup_app_plugins' with type 'ros.ament_cmake' and name 'moveit_setup_app_plugins'
[0.597s] Level 1:colcon.colcon_core.package_identification:_identify(src/moveit2/moveit_setup_assistant/moveit_setup_assistant) by extensions ['ignore', 'ignore_ament_install']
[0.597s] Level 1:colcon.colcon_core.package_identification:_identify(src/moveit2/moveit_setup_assistant/moveit_setup_assistant) by extension 'ignore'
[0.597s] Level 1:colcon.colcon_core.package_identification:_identify(src/moveit2/moveit_setup_assistant/moveit_setup_assistant) by extension 'ignore_ament_install'
[0.597s] Level 1:colcon.colcon_core.package_identification:_identify(src/moveit2/moveit_setup_assistant/moveit_setup_assistant) by extensions ['colcon_pkg']
[0.597s] Level 1:colcon.colcon_core.package_identification:_identify(src/moveit2/moveit_setup_assistant/moveit_setup_assistant) by extension 'colcon_pkg'
[0.597s] Level 1:colcon.colcon_core.package_identification:_identify(src/moveit2/moveit_setup_assistant/moveit_setup_assistant) by extensions ['colcon_meta']
[0.597s] Level 1:colcon.colcon_core.package_identification:_identify(src/moveit2/moveit_setup_assistant/moveit_setup_assistant) by extension 'colcon_meta'
[0.597s] Level 1:colcon.colcon_core.package_identification:_identify(src/moveit2/moveit_setup_assistant/moveit_setup_assistant) by extensions ['ros']
[0.597s] Level 1:colcon.colcon_core.package_identification:_identify(src/moveit2/moveit_setup_assistant/moveit_setup_assistant) by extension 'ros'
[0.598s] DEBUG:colcon.colcon_core.package_identification:Package 'src/moveit2/moveit_setup_assistant/moveit_setup_assistant' with type 'ros.ament_cmake' and name 'moveit_setup_assistant'
[0.598s] Level 1:colcon.colcon_core.package_identification:_identify(src/moveit2/moveit_setup_assistant/moveit_setup_controllers) by extensions ['ignore', 'ignore_ament_install']
[0.598s] Level 1:colcon.colcon_core.package_identification:_identify(src/moveit2/moveit_setup_assistant/moveit_setup_controllers) by extension 'ignore'
[0.598s] Level 1:colcon.colcon_core.package_identification:_identify(src/moveit2/moveit_setup_assistant/moveit_setup_controllers) by extension 'ignore_ament_install'
[0.599s] Level 1:colcon.colcon_core.package_identification:_identify(src/moveit2/moveit_setup_assistant/moveit_setup_controllers) by extensions ['colcon_pkg']
[0.599s] Level 1:colcon.colcon_core.package_identification:_identify(src/moveit2/moveit_setup_assistant/moveit_setup_controllers) by extension 'colcon_pkg'
[0.599s] Level 1:colcon.colcon_core.package_identification:_identify(src/moveit2/moveit_setup_assistant/moveit_setup_controllers) by extensions ['colcon_meta']
[0.599s] Level 1:colcon.colcon_core.package_identification:_identify(src/moveit2/moveit_setup_assistant/moveit_setup_controllers) by extension 'colcon_meta'
[0.599s] Level 1:colcon.colcon_core.package_identification:_identify(src/moveit2/moveit_setup_assistant/moveit_setup_controllers) by extensions ['ros']
[0.599s] Level 1:colcon.colcon_core.package_identification:_identify(src/moveit2/moveit_setup_assistant/moveit_setup_controllers) by extension 'ros'
[0.599s] DEBUG:colcon.colcon_core.package_identification:Package 'src/moveit2/moveit_setup_assistant/moveit_setup_controllers' with type 'ros.ament_cmake' and name 'moveit_setup_controllers'
[0.600s] Level 1:colcon.colcon_core.package_identification:_identify(src/moveit2/moveit_setup_assistant/moveit_setup_core_plugins) by extensions ['ignore', 'ignore_ament_install']
[0.600s] Level 1:colcon.colcon_core.package_identification:_identify(src/moveit2/moveit_setup_assistant/moveit_setup_core_plugins) by extension 'ignore'
[0.600s] Level 1:colcon.colcon_core.package_identification:_identify(src/moveit2/moveit_setup_assistant/moveit_setup_core_plugins) by extension 'ignore_ament_install'
[0.600s] Level 1:colcon.colcon_core.package_identification:_identify(src/moveit2/moveit_setup_assistant/moveit_setup_core_plugins) by extensions ['colcon_pkg']
[0.600s] Level 1:colcon.colcon_core.package_identification:_identify(src/moveit2/moveit_setup_assistant/moveit_setup_core_plugins) by extension 'colcon_pkg'
[0.600s] Level 1:colcon.colcon_core.package_identification:_identify(src/moveit2/moveit_setup_assistant/moveit_setup_core_plugins) by extensions ['colcon_meta']
[0.600s] Level 1:colcon.colcon_core.package_identification:_identify(src/moveit2/moveit_setup_assistant/moveit_setup_core_plugins) by extension 'colcon_meta'
[0.600s] Level 1:colcon.colcon_core.package_identification:_identify(src/moveit2/moveit_setup_assistant/moveit_setup_core_plugins) by extensions ['ros']
[0.600s] Level 1:colcon.colcon_core.package_identification:_identify(src/moveit2/moveit_setup_assistant/moveit_setup_core_plugins) by extension 'ros'
[0.601s] DEBUG:colcon.colcon_core.package_identification:Package 'src/moveit2/moveit_setup_assistant/moveit_setup_core_plugins' with type 'ros.ament_cmake' and name 'moveit_setup_core_plugins'
[0.601s] Level 1:colcon.colcon_core.package_identification:_identify(src/moveit2/moveit_setup_assistant/moveit_setup_framework) by extensions ['ignore', 'ignore_ament_install']
[0.601s] Level 1:colcon.colcon_core.package_identification:_identify(src/moveit2/moveit_setup_assistant/moveit_setup_framework) by extension 'ignore'
[0.601s] Level 1:colcon.colcon_core.package_identification:_identify(src/moveit2/moveit_setup_assistant/moveit_setup_framework) by extension 'ignore_ament_install'
[0.601s] Level 1:colcon.colcon_core.package_identification:_identify(src/moveit2/moveit_setup_assistant/moveit_setup_framework) by extensions ['colcon_pkg']
[0.601s] Level 1:colcon.colcon_core.package_identification:_identify(src/moveit2/moveit_setup_assistant/moveit_setup_framework) by extension 'colcon_pkg'
[0.601s] Level 1:colcon.colcon_core.package_identification:_identify(src/moveit2/moveit_setup_assistant/moveit_setup_framework) by extensions ['colcon_meta']
[0.601s] Level 1:colcon.colcon_core.package_identification:_identify(src/moveit2/moveit_setup_assistant/moveit_setup_framework) by extension 'colcon_meta'
[0.601s] Level 1:colcon.colcon_core.package_identification:_identify(src/moveit2/moveit_setup_assistant/moveit_setup_framework) by extensions ['ros']
[0.601s] Level 1:colcon.colcon_core.package_identification:_identify(src/moveit2/moveit_setup_assistant/moveit_setup_framework) by extension 'ros'
[0.602s] DEBUG:colcon.colcon_core.package_identification:Package 'src/moveit2/moveit_setup_assistant/moveit_setup_framework' with type 'ros.ament_cmake' and name 'moveit_setup_framework'
[0.602s] Level 1:colcon.colcon_core.package_identification:_identify(src/moveit2/moveit_setup_assistant/moveit_setup_simulation) by extensions ['ignore', 'ignore_ament_install']
[0.602s] Level 1:colcon.colcon_core.package_identification:_identify(src/moveit2/moveit_setup_assistant/moveit_setup_simulation) by extension 'ignore'
[0.602s] Level 1:colcon.colcon_core.package_identification:_identify(src/moveit2/moveit_setup_assistant/moveit_setup_simulation) ignored
[0.602s] Level 1:colcon.colcon_core.package_identification:_identify(src/moveit2/moveit_setup_assistant/moveit_setup_srdf_plugins) by extensions ['ignore', 'ignore_ament_install']
[0.603s] Level 1:colcon.colcon_core.package_identification:_identify(src/moveit2/moveit_setup_assistant/moveit_setup_srdf_plugins) by extension 'ignore'
[0.603s] Level 1:colcon.colcon_core.package_identification:_identify(src/moveit2/moveit_setup_assistant/moveit_setup_srdf_plugins) by extension 'ignore_ament_install'
[0.603s] Level 1:colcon.colcon_core.package_identification:_identify(src/moveit2/moveit_setup_assistant/moveit_setup_srdf_plugins) by extensions ['colcon_pkg']
[0.603s] Level 1:colcon.colcon_core.package_identification:_identify(src/moveit2/moveit_setup_assistant/moveit_setup_srdf_plugins) by extension 'colcon_pkg'
[0.603s] Level 1:colcon.colcon_core.package_identification:_identify(src/moveit2/moveit_setup_assistant/moveit_setup_srdf_plugins) by extensions ['colcon_meta']
[0.603s] Level 1:colcon.colcon_core.package_identification:_identify(src/moveit2/moveit_setup_assistant/moveit_setup_srdf_plugins) by extension 'colcon_meta'
[0.603s] Level 1:colcon.colcon_core.package_identification:_identify(src/moveit2/moveit_setup_assistant/moveit_setup_srdf_plugins) by extensions ['ros']
[0.603s] Level 1:colcon.colcon_core.package_identification:_identify(src/moveit2/moveit_setup_assistant/moveit_setup_srdf_plugins) by extension 'ros'
[0.603s] DEBUG:colcon.colcon_core.package_identification:Package 'src/moveit2/moveit_setup_assistant/moveit_setup_srdf_plugins' with type 'ros.ament_cmake' and name 'moveit_setup_srdf_plugins'
[0.603s] Level 1:colcon.colcon_core.package_identification:_identify(src/moveit2/moveit_setup_assistant/unported_templates) by extensions ['ignore', 'ignore_ament_install']
[0.604s] Level 1:colcon.colcon_core.package_identification:_identify(src/moveit2/moveit_setup_assistant/unported_templates) by extension 'ignore'
[0.604s] Level 1:colcon.colcon_core.package_identification:_identify(src/moveit2/moveit_setup_assistant/unported_templates) by extension 'ignore_ament_install'
[0.604s] Level 1:colcon.colcon_core.package_identification:_identify(src/moveit2/moveit_setup_assistant/unported_templates) by extensions ['colcon_pkg']
[0.604s] Level 1:colcon.colcon_core.package_identification:_identify(src/moveit2/moveit_setup_assistant/unported_templates) by extension 'colcon_pkg'
[0.604s] Level 1:colcon.colcon_core.package_identification:_identify(src/moveit2/moveit_setup_assistant/unported_templates) by extensions ['colcon_meta']
[0.604s] Level 1:colcon.colcon_core.package_identification:_identify(src/moveit2/moveit_setup_assistant/unported_templates) by extension 'colcon_meta'
[0.604s] Level 1:colcon.colcon_core.package_identification:_identify(src/moveit2/moveit_setup_assistant/unported_templates) by extensions ['ros']
[0.604s] Level 1:colcon.colcon_core.package_identification:_identify(src/moveit2/moveit_setup_assistant/unported_templates) by extension 'ros'
[0.604s] Level 1:colcon.colcon_core.package_identification:_identify(src/moveit2/moveit_setup_assistant/unported_templates) by extensions ['cmake', 'python']
[0.604s] Level 1:colcon.colcon_core.package_identification:_identify(src/moveit2/moveit_setup_assistant/unported_templates) by extension 'cmake'
[0.604s] Level 1:colcon.colcon_core.package_identification:_identify(src/moveit2/moveit_setup_assistant/unported_templates) by extension 'python'
[0.604s] Level 1:colcon.colcon_core.package_identification:_identify(src/moveit2/moveit_setup_assistant/unported_templates) by extensions ['python_setup_py']
[0.604s] Level 1:colcon.colcon_core.package_identification:_identify(src/moveit2/moveit_setup_assistant/unported_templates) by extension 'python_setup_py'
[0.604s] Level 1:colcon.colcon_core.package_identification:_identify(src/moveit2_tutorials) by extensions ['ignore', 'ignore_ament_install']
[0.604s] Level 1:colcon.colcon_core.package_identification:_identify(src/moveit2_tutorials) by extension 'ignore'
[0.604s] Level 1:colcon.colcon_core.package_identification:_identify(src/moveit2_tutorials) by extension 'ignore_ament_install'
[0.604s] Level 1:colcon.colcon_core.package_identification:_identify(src/moveit2_tutorials) by extensions ['colcon_pkg']
[0.604s] Level 1:colcon.colcon_core.package_identification:_identify(src/moveit2_tutorials) by extension 'colcon_pkg'
[0.604s] Level 1:colcon.colcon_core.package_identification:_identify(src/moveit2_tutorials) by extensions ['colcon_meta']
[0.604s] Level 1:colcon.colcon_core.package_identification:_identify(src/moveit2_tutorials) by extension 'colcon_meta'
[0.604s] Level 1:colcon.colcon_core.package_identification:_identify(src/moveit2_tutorials) by extensions ['ros']
[0.604s] Level 1:colcon.colcon_core.package_identification:_identify(src/moveit2_tutorials) by extension 'ros'
[0.606s] DEBUG:colcon.colcon_core.package_identification:Package 'src/moveit2_tutorials' with type 'ros.ament_cmake' and name 'moveit2_tutorials'
[0.606s] Level 1:colcon.colcon_core.package_identification:_identify(src/moveit_resources) by extensions ['ignore', 'ignore_ament_install']
[0.606s] Level 1:colcon.colcon_core.package_identification:_identify(src/moveit_resources) by extension 'ignore'
[0.606s] Level 1:colcon.colcon_core.package_identification:_identify(src/moveit_resources) by extension 'ignore_ament_install'
[0.606s] Level 1:colcon.colcon_core.package_identification:_identify(src/moveit_resources) by extensions ['colcon_pkg']
[0.606s] Level 1:colcon.colcon_core.package_identification:_identify(src/moveit_resources) by extension 'colcon_pkg'
[0.606s] Level 1:colcon.colcon_core.package_identification:_identify(src/moveit_resources) by extensions ['colcon_meta']
[0.606s] Level 1:colcon.colcon_core.package_identification:_identify(src/moveit_resources) by extension 'colcon_meta'
[0.606s] Level 1:colcon.colcon_core.package_identification:_identify(src/moveit_resources) by extensions ['ros']
[0.606s] Level 1:colcon.colcon_core.package_identification:_identify(src/moveit_resources) by extension 'ros'
[0.606s] Level 1:colcon.colcon_core.package_identification:_identify(src/moveit_resources) by extensions ['cmake', 'python']
[0.606s] Level 1:colcon.colcon_core.package_identification:_identify(src/moveit_resources) by extension 'cmake'
[0.607s] Level 1:colcon.colcon_core.package_identification:_identify(src/moveit_resources) by extension 'python'
[0.607s] Level 1:colcon.colcon_core.package_identification:_identify(src/moveit_resources) by extensions ['python_setup_py']
[0.607s] Level 1:colcon.colcon_core.package_identification:_identify(src/moveit_resources) by extension 'python_setup_py'
[0.607s] Level 1:colcon.colcon_core.package_identification:_identify(src/moveit_resources/fanuc_description) by extensions ['ignore', 'ignore_ament_install']
[0.607s] Level 1:colcon.colcon_core.package_identification:_identify(src/moveit_resources/fanuc_description) by extension 'ignore'
[0.607s] Level 1:colcon.colcon_core.package_identification:_identify(src/moveit_resources/fanuc_description) by extension 'ignore_ament_install'
[0.607s] Level 1:colcon.colcon_core.package_identification:_identify(src/moveit_resources/fanuc_description) by extensions ['colcon_pkg']
[0.607s] Level 1:colcon.colcon_core.package_identification:_identify(src/moveit_resources/fanuc_description) by extension 'colcon_pkg'
[0.607s] Level 1:colcon.colcon_core.package_identification:_identify(src/moveit_resources/fanuc_description) by extensions ['colcon_meta']
[0.607s] Level 1:colcon.colcon_core.package_identification:_identify(src/moveit_resources/fanuc_description) by extension 'colcon_meta'
[0.607s] Level 1:colcon.colcon_core.package_identification:_identify(src/moveit_resources/fanuc_description) by extensions ['ros']
[0.607s] Level 1:colcon.colcon_core.package_identification:_identify(src/moveit_resources/fanuc_description) by extension 'ros'
[0.608s] DEBUG:colcon.colcon_core.package_identification:Package 'src/moveit_resources/fanuc_description' with type 'ros.ament_cmake' and name 'moveit_resources_fanuc_description'
[0.608s] Level 1:colcon.colcon_core.package_identification:_identify(src/moveit_resources/fanuc_moveit_config) by extensions ['ignore', 'ignore_ament_install']
[0.608s] Level 1:colcon.colcon_core.package_identification:_identify(src/moveit_resources/fanuc_moveit_config) by extension 'ignore'
[0.608s] Level 1:colcon.colcon_core.package_identification:_identify(src/moveit_resources/fanuc_moveit_config) by extension 'ignore_ament_install'
[0.608s] Level 1:colcon.colcon_core.package_identification:_identify(src/moveit_resources/fanuc_moveit_config) by extensions ['colcon_pkg']
[0.608s] Level 1:colcon.colcon_core.package_identification:_identify(src/moveit_resources/fanuc_moveit_config) by extension 'colcon_pkg'
[0.608s] Level 1:colcon.colcon_core.package_identification:_identify(src/moveit_resources/fanuc_moveit_config) by extensions ['colcon_meta']
[0.608s] Level 1:colcon.colcon_core.package_identification:_identify(src/moveit_resources/fanuc_moveit_config) by extension 'colcon_meta'
[0.608s] Level 1:colcon.colcon_core.package_identification:_identify(src/moveit_resources/fanuc_moveit_config) by extensions ['ros']
[0.608s] Level 1:colcon.colcon_core.package_identification:_identify(src/moveit_resources/fanuc_moveit_config) by extension 'ros'
[0.609s] DEBUG:colcon.colcon_core.package_identification:Package 'src/moveit_resources/fanuc_moveit_config' with type 'ros.ament_cmake' and name 'moveit_resources_fanuc_moveit_config'
[0.609s] Level 1:colcon.colcon_core.package_identification:_identify(src/moveit_resources/moveit_resources) by extensions ['ignore', 'ignore_ament_install']
[0.609s] Level 1:colcon.colcon_core.package_identification:_identify(src/moveit_resources/moveit_resources) by extension 'ignore'
[0.609s] Level 1:colcon.colcon_core.package_identification:_identify(src/moveit_resources/moveit_resources) by extension 'ignore_ament_install'
[0.609s] Level 1:colcon.colcon_core.package_identification:_identify(src/moveit_resources/moveit_resources) by extensions ['colcon_pkg']
[0.609s] Level 1:colcon.colcon_core.package_identification:_identify(src/moveit_resources/moveit_resources) by extension 'colcon_pkg'
[0.609s] Level 1:colcon.colcon_core.package_identification:_identify(src/moveit_resources/moveit_resources) by extensions ['colcon_meta']
[0.609s] Level 1:colcon.colcon_core.package_identification:_identify(src/moveit_resources/moveit_resources) by extension 'colcon_meta'
[0.609s] Level 1:colcon.colcon_core.package_identification:_identify(src/moveit_resources/moveit_resources) by extensions ['ros']
[0.609s] Level 1:colcon.colcon_core.package_identification:_identify(src/moveit_resources/moveit_resources) by extension 'ros'
[0.610s] DEBUG:colcon.colcon_core.package_identification:Package 'src/moveit_resources/moveit_resources' with type 'ros.ament_cmake' and name 'moveit_resources'
[0.610s] Level 1:colcon.colcon_core.package_identification:_identify(src/moveit_resources/panda_description) by extensions ['ignore', 'ignore_ament_install']
[0.610s] Level 1:colcon.colcon_core.package_identification:_identify(src/moveit_resources/panda_description) by extension 'ignore'
[0.610s] Level 1:colcon.colcon_core.package_identification:_identify(src/moveit_resources/panda_description) by extension 'ignore_ament_install'
[0.610s] Level 1:colcon.colcon_core.package_identification:_identify(src/moveit_resources/panda_description) by extensions ['colcon_pkg']
[0.610s] Level 1:colcon.colcon_core.package_identification:_identify(src/moveit_resources/panda_description) by extension 'colcon_pkg'
[0.610s] Level 1:colcon.colcon_core.package_identification:_identify(src/moveit_resources/panda_description) by extensions ['colcon_meta']
[0.610s] Level 1:colcon.colcon_core.package_identification:_identify(src/moveit_resources/panda_description) by extension 'colcon_meta'
[0.610s] Level 1:colcon.colcon_core.package_identification:_identify(src/moveit_resources/panda_description) by extensions ['ros']
[0.610s] Level 1:colcon.colcon_core.package_identification:_identify(src/moveit_resources/panda_description) by extension 'ros'
[0.611s] DEBUG:colcon.colcon_core.package_identification:Package 'src/moveit_resources/panda_description' with type 'ros.ament_cmake' and name 'moveit_resources_panda_description'
[0.611s] Level 1:colcon.colcon_core.package_identification:_identify(src/moveit_resources/panda_moveit_config) by extensions ['ignore', 'ignore_ament_install']
[0.611s] Level 1:colcon.colcon_core.package_identification:_identify(src/moveit_resources/panda_moveit_config) by extension 'ignore'
[0.611s] Level 1:colcon.colcon_core.package_identification:_identify(src/moveit_resources/panda_moveit_config) by extension 'ignore_ament_install'
[0.611s] Level 1:colcon.colcon_core.package_identification:_identify(src/moveit_resources/panda_moveit_config) by extensions ['colcon_pkg']
[0.611s] Level 1:colcon.colcon_core.package_identification:_identify(src/moveit_resources/panda_moveit_config) by extension 'colcon_pkg'
[0.611s] Level 1:colcon.colcon_core.package_identification:_identify(src/moveit_resources/panda_moveit_config) by extensions ['colcon_meta']
[0.611s] Level 1:colcon.colcon_core.package_identification:_identify(src/moveit_resources/panda_moveit_config) by extension 'colcon_meta'
[0.611s] Level 1:colcon.colcon_core.package_identification:_identify(src/moveit_resources/panda_moveit_config) by extensions ['ros']
[0.611s] Level 1:colcon.colcon_core.package_identification:_identify(src/moveit_resources/panda_moveit_config) by extension 'ros'
[0.612s] DEBUG:colcon.colcon_core.package_identification:Package 'src/moveit_resources/panda_moveit_config' with type 'ros.ament_cmake' and name 'moveit_resources_panda_moveit_config'
[0.612s] Level 1:colcon.colcon_core.package_identification:_identify(src/moveit_resources/pr2_description) by extensions ['ignore', 'ignore_ament_install']
[0.612s] Level 1:colcon.colcon_core.package_identification:_identify(src/moveit_resources/pr2_description) by extension 'ignore'
[0.612s] Level 1:colcon.colcon_core.package_identification:_identify(src/moveit_resources/pr2_description) by extension 'ignore_ament_install'
[0.612s] Level 1:colcon.colcon_core.package_identification:_identify(src/moveit_resources/pr2_description) by extensions ['colcon_pkg']
[0.612s] Level 1:colcon.colcon_core.package_identification:_identify(src/moveit_resources/pr2_description) by extension 'colcon_pkg'
[0.612s] Level 1:colcon.colcon_core.package_identification:_identify(src/moveit_resources/pr2_description) by extensions ['colcon_meta']
[0.612s] Level 1:colcon.colcon_core.package_identification:_identify(src/moveit_resources/pr2_description) by extension 'colcon_meta'
[0.612s] Level 1:colcon.colcon_core.package_identification:_identify(src/moveit_resources/pr2_description) by extensions ['ros']
[0.612s] Level 1:colcon.colcon_core.package_identification:_identify(src/moveit_resources/pr2_description) by extension 'ros'
[0.613s] DEBUG:colcon.colcon_core.package_identification:Package 'src/moveit_resources/pr2_description' with type 'ros.ament_cmake' and name 'moveit_resources_pr2_description'
[0.613s] Level 1:colcon.colcon_core.package_identification:_identify(src/moveit_task_constructor) by extensions ['ignore', 'ignore_ament_install']
[0.613s] Level 1:colcon.colcon_core.package_identification:_identify(src/moveit_task_constructor) by extension 'ignore'
[0.613s] Level 1:colcon.colcon_core.package_identification:_identify(src/moveit_task_constructor) by extension 'ignore_ament_install'
[0.613s] Level 1:colcon.colcon_core.package_identification:_identify(src/moveit_task_constructor) by extensions ['colcon_pkg']
[0.613s] Level 1:colcon.colcon_core.package_identification:_identify(src/moveit_task_constructor) by extension 'colcon_pkg'
[0.613s] Level 1:colcon.colcon_core.package_identification:_identify(src/moveit_task_constructor) by extensions ['colcon_meta']
[0.613s] Level 1:colcon.colcon_core.package_identification:_identify(src/moveit_task_constructor) by extension 'colcon_meta'
[0.613s] Level 1:colcon.colcon_core.package_identification:_identify(src/moveit_task_constructor) by extensions ['ros']
[0.613s] Level 1:colcon.colcon_core.package_identification:_identify(src/moveit_task_constructor) by extension 'ros'
[0.613s] Level 1:colcon.colcon_core.package_identification:_identify(src/moveit_task_constructor) by extensions ['cmake', 'python']
[0.613s] Level 1:colcon.colcon_core.package_identification:_identify(src/moveit_task_constructor) by extension 'cmake'
[0.613s] Level 1:colcon.colcon_core.package_identification:_identify(src/moveit_task_constructor) by extension 'python'
[0.613s] Level 1:colcon.colcon_core.package_identification:_identify(src/moveit_task_constructor) by extensions ['python_setup_py']
[0.613s] Level 1:colcon.colcon_core.package_identification:_identify(src/moveit_task_constructor) by extension 'python_setup_py'
[0.614s] Level 1:colcon.colcon_core.package_identification:_identify(src/moveit_task_constructor/capabilities) by extensions ['ignore', 'ignore_ament_install']
[0.614s] Level 1:colcon.colcon_core.package_identification:_identify(src/moveit_task_constructor/capabilities) by extension 'ignore'
[0.614s] Level 1:colcon.colcon_core.package_identification:_identify(src/moveit_task_constructor/capabilities) by extension 'ignore_ament_install'
[0.614s] Level 1:colcon.colcon_core.package_identification:_identify(src/moveit_task_constructor/capabilities) by extensions ['colcon_pkg']
[0.614s] Level 1:colcon.colcon_core.package_identification:_identify(src/moveit_task_constructor/capabilities) by extension 'colcon_pkg'
[0.614s] Level 1:colcon.colcon_core.package_identification:_identify(src/moveit_task_constructor/capabilities) by extensions ['colcon_meta']
[0.614s] Level 1:colcon.colcon_core.package_identification:_identify(src/moveit_task_constructor/capabilities) by extension 'colcon_meta'
[0.614s] Level 1:colcon.colcon_core.package_identification:_identify(src/moveit_task_constructor/capabilities) by extensions ['ros']
[0.614s] Level 1:colcon.colcon_core.package_identification:_identify(src/moveit_task_constructor/capabilities) by extension 'ros'
[0.615s] DEBUG:colcon.colcon_core.package_identification:Package 'src/moveit_task_constructor/capabilities' with type 'ros.ament_cmake' and name 'moveit_task_constructor_capabilities'
[0.615s] Level 1:colcon.colcon_core.package_identification:_identify(src/moveit_task_constructor/core) by extensions ['ignore', 'ignore_ament_install']
[0.615s] Level 1:colcon.colcon_core.package_identification:_identify(src/moveit_task_constructor/core) by extension 'ignore'
[0.615s] Level 1:colcon.colcon_core.package_identification:_identify(src/moveit_task_constructor/core) by extension 'ignore_ament_install'
[0.615s] Level 1:colcon.colcon_core.package_identification:_identify(src/moveit_task_constructor/core) by extensions ['colcon_pkg']
[0.615s] Level 1:colcon.colcon_core.package_identification:_identify(src/moveit_task_constructor/core) by extension 'colcon_pkg'
[0.615s] Level 1:colcon.colcon_core.package_identification:_identify(src/moveit_task_constructor/core) by extensions ['colcon_meta']
[0.615s] Level 1:colcon.colcon_core.package_identification:_identify(src/moveit_task_constructor/core) by extension 'colcon_meta'
[0.615s] Level 1:colcon.colcon_core.package_identification:_identify(src/moveit_task_constructor/core) by extensions ['ros']
[0.615s] Level 1:colcon.colcon_core.package_identification:_identify(src/moveit_task_constructor/core) by extension 'ros'
[0.616s] DEBUG:colcon.colcon_core.package_identification:Package 'src/moveit_task_constructor/core' with type 'ros.ament_cmake' and name 'moveit_task_constructor_core'
[0.617s] Level 1:colcon.colcon_core.package_identification:_identify(src/moveit_task_constructor/demo) by extensions ['ignore', 'ignore_ament_install']
[0.617s] Level 1:colcon.colcon_core.package_identification:_identify(src/moveit_task_constructor/demo) by extension 'ignore'
[0.617s] Level 1:colcon.colcon_core.package_identification:_identify(src/moveit_task_constructor/demo) by extension 'ignore_ament_install'
[0.617s] Level 1:colcon.colcon_core.package_identification:_identify(src/moveit_task_constructor/demo) by extensions ['colcon_pkg']
[0.617s] Level 1:colcon.colcon_core.package_identification:_identify(src/moveit_task_constructor/demo) by extension 'colcon_pkg'
[0.617s] Level 1:colcon.colcon_core.package_identification:_identify(src/moveit_task_constructor/demo) by extensions ['colcon_meta']
[0.617s] Level 1:colcon.colcon_core.package_identification:_identify(src/moveit_task_constructor/demo) by extension 'colcon_meta'
[0.617s] Level 1:colcon.colcon_core.package_identification:_identify(src/moveit_task_constructor/demo) by extensions ['ros']
[0.617s] Level 1:colcon.colcon_core.package_identification:_identify(src/moveit_task_constructor/demo) by extension 'ros'
[0.617s] DEBUG:colcon.colcon_core.package_identification:Package 'src/moveit_task_constructor/demo' with type 'ros.ament_cmake' and name 'moveit_task_constructor_demo'
[0.618s] Level 1:colcon.colcon_core.package_identification:_identify(src/moveit_task_constructor/msgs) by extensions ['ignore', 'ignore_ament_install']
[0.618s] Level 1:colcon.colcon_core.package_identification:_identify(src/moveit_task_constructor/msgs) by extension 'ignore'
[0.618s] Level 1:colcon.colcon_core.package_identification:_identify(src/moveit_task_constructor/msgs) by extension 'ignore_ament_install'
[0.618s] Level 1:colcon.colcon_core.package_identification:_identify(src/moveit_task_constructor/msgs) by extensions ['colcon_pkg']
[0.618s] Level 1:colcon.colcon_core.package_identification:_identify(src/moveit_task_constructor/msgs) by extension 'colcon_pkg'
[0.618s] Level 1:colcon.colcon_core.package_identification:_identify(src/moveit_task_constructor/msgs) by extensions ['colcon_meta']
[0.618s] Level 1:colcon.colcon_core.package_identification:_identify(src/moveit_task_constructor/msgs) by extension 'colcon_meta'
[0.618s] Level 1:colcon.colcon_core.package_identification:_identify(src/moveit_task_constructor/msgs) by extensions ['ros']
[0.618s] Level 1:colcon.colcon_core.package_identification:_identify(src/moveit_task_constructor/msgs) by extension 'ros'
[0.618s] DEBUG:colcon.colcon_core.package_identification:Package 'src/moveit_task_constructor/msgs' with type 'ros.ament_cmake' and name 'moveit_task_constructor_msgs'
[0.619s] Level 1:colcon.colcon_core.package_identification:_identify(src/moveit_task_constructor/rviz_marker_tools) by extensions ['ignore', 'ignore_ament_install']
[0.619s] Level 1:colcon.colcon_core.package_identification:_identify(src/moveit_task_constructor/rviz_marker_tools) by extension 'ignore'
[0.619s] Level 1:colcon.colcon_core.package_identification:_identify(src/moveit_task_constructor/rviz_marker_tools) by extension 'ignore_ament_install'
[0.619s] Level 1:colcon.colcon_core.package_identification:_identify(src/moveit_task_constructor/rviz_marker_tools) by extensions ['colcon_pkg']
[0.619s] Level 1:colcon.colcon_core.package_identification:_identify(src/moveit_task_constructor/rviz_marker_tools) by extension 'colcon_pkg'
[0.619s] Level 1:colcon.colcon_core.package_identification:_identify(src/moveit_task_constructor/rviz_marker_tools) by extensions ['colcon_meta']
[0.619s] Level 1:colcon.colcon_core.package_identification:_identify(src/moveit_task_constructor/rviz_marker_tools) by extension 'colcon_meta'
[0.619s] Level 1:colcon.colcon_core.package_identification:_identify(src/moveit_task_constructor/rviz_marker_tools) by extensions ['ros']
[0.619s] Level 1:colcon.colcon_core.package_identification:_identify(src/moveit_task_constructor/rviz_marker_tools) by extension 'ros'
[0.620s] DEBUG:colcon.colcon_core.package_identification:Package 'src/moveit_task_constructor/rviz_marker_tools' with type 'ros.ament_cmake' and name 'rviz_marker_tools'
[0.620s] Level 1:colcon.colcon_core.package_identification:_identify(src/moveit_task_constructor/visualization) by extensions ['ignore', 'ignore_ament_install']
[0.620s] Level 1:colcon.colcon_core.package_identification:_identify(src/moveit_task_constructor/visualization) by extension 'ignore'
[0.620s] Level 1:colcon.colcon_core.package_identification:_identify(src/moveit_task_constructor/visualization) by extension 'ignore_ament_install'
[0.620s] Level 1:colcon.colcon_core.package_identification:_identify(src/moveit_task_constructor/visualization) by extensions ['colcon_pkg']
[0.620s] Level 1:colcon.colcon_core.package_identification:_identify(src/moveit_task_constructor/visualization) by extension 'colcon_pkg'
[0.620s] Level 1:colcon.colcon_core.package_identification:_identify(src/moveit_task_constructor/visualization) by extensions ['colcon_meta']
[0.620s] Level 1:colcon.colcon_core.package_identification:_identify(src/moveit_task_constructor/visualization) by extension 'colcon_meta'
[0.620s] Level 1:colcon.colcon_core.package_identification:_identify(src/moveit_task_constructor/visualization) by extensions ['ros']
[0.620s] Level 1:colcon.colcon_core.package_identification:_identify(src/moveit_task_constructor/visualization) by extension 'ros'
[0.621s] DEBUG:colcon.colcon_core.package_identification:Package 'src/moveit_task_constructor/visualization' with type 'ros.ament_cmake' and name 'moveit_task_constructor_visualization'
[0.621s] Level 1:colcon.colcon_core.package_identification:_identify(src/moveit_visual_tools) by extensions ['ignore', 'ignore_ament_install']
[0.621s] Level 1:colcon.colcon_core.package_identification:_identify(src/moveit_visual_tools) by extension 'ignore'
[0.621s] Level 1:colcon.colcon_core.package_identification:_identify(src/moveit_visual_tools) by extension 'ignore_ament_install'
[0.621s] Level 1:colcon.colcon_core.package_identification:_identify(src/moveit_visual_tools) by extensions ['colcon_pkg']
[0.621s] Level 1:colcon.colcon_core.package_identification:_identify(src/moveit_visual_tools) by extension 'colcon_pkg'
[0.621s] Level 1:colcon.colcon_core.package_identification:_identify(src/moveit_visual_tools) by extensions ['colcon_meta']
[0.621s] Level 1:colcon.colcon_core.package_identification:_identify(src/moveit_visual_tools) by extension 'colcon_meta'
[0.621s] Level 1:colcon.colcon_core.package_identification:_identify(src/moveit_visual_tools) by extensions ['ros']
[0.621s] Level 1:colcon.colcon_core.package_identification:_identify(src/moveit_visual_tools) by extension 'ros'
[0.622s] DEBUG:colcon.colcon_core.package_identification:Package 'src/moveit_visual_tools' with type 'ros.ament_cmake' and name 'moveit_visual_tools'
[0.622s] Level 1:colcon.colcon_core.package_identification:_identify(src/rosparam_shortcuts) by extensions ['ignore', 'ignore_ament_install']
[0.622s] Level 1:colcon.colcon_core.package_identification:_identify(src/rosparam_shortcuts) by extension 'ignore'
[0.622s] Level 1:colcon.colcon_core.package_identification:_identify(src/rosparam_shortcuts) by extension 'ignore_ament_install'
[0.623s] Level 1:colcon.colcon_core.package_identification:_identify(src/rosparam_shortcuts) by extensions ['colcon_pkg']
[0.623s] Level 1:colcon.colcon_core.package_identification:_identify(src/rosparam_shortcuts) by extension 'colcon_pkg'
[0.623s] Level 1:colcon.colcon_core.package_identification:_identify(src/rosparam_shortcuts) by extensions ['colcon_meta']
[0.623s] Level 1:colcon.colcon_core.package_identification:_identify(src/rosparam_shortcuts) by extension 'colcon_meta'
[0.623s] Level 1:colcon.colcon_core.package_identification:_identify(src/rosparam_shortcuts) by extensions ['ros']
[0.623s] Level 1:colcon.colcon_core.package_identification:_identify(src/rosparam_shortcuts) by extension 'ros'
[0.623s] DEBUG:colcon.colcon_core.package_identification:Package 'src/rosparam_shortcuts' with type 'ros.ament_cmake' and name 'rosparam_shortcuts'
[0.624s] Level 1:colcon.colcon_core.package_identification:_identify(src/srdfdom) by extensions ['ignore', 'ignore_ament_install']
[0.624s] Level 1:colcon.colcon_core.package_identification:_identify(src/srdfdom) by extension 'ignore'
[0.624s] Level 1:colcon.colcon_core.package_identification:_identify(src/srdfdom) by extension 'ignore_ament_install'
[0.624s] Level 1:colcon.colcon_core.package_identification:_identify(src/srdfdom) by extensions ['colcon_pkg']
[0.624s] Level 1:colcon.colcon_core.package_identification:_identify(src/srdfdom) by extension 'colcon_pkg'
[0.624s] Level 1:colcon.colcon_core.package_identification:_identify(src/srdfdom) by extensions ['colcon_meta']
[0.624s] Level 1:colcon.colcon_core.package_identification:_identify(src/srdfdom) by extension 'colcon_meta'
[0.624s] Level 1:colcon.colcon_core.package_identification:_identify(src/srdfdom) by extensions ['ros']
[0.624s] Level 1:colcon.colcon_core.package_identification:_identify(src/srdfdom) by extension 'ros'
[0.624s] DEBUG:colcon.colcon_core.package_identification:Package 'src/srdfdom' with type 'ros.ament_cmake' and name 'srdfdom'
[0.624s] Level 1:colcon.colcon_core.package_discovery:discover_packages(recursive) using defaults
[0.624s] Level 1:colcon.colcon_core.package_discovery:discover_packages(ignore) discover
[0.624s] Level 1:colcon.colcon_core.package_discovery:discover_packages(ignore) using defaults
[0.624s] Level 1:colcon.colcon_core.package_discovery:discover_packages(path) discover
[0.624s] Level 1:colcon.colcon_core.package_discovery:discover_packages(path) using defaults
[0.698s] Level 1:colcon.colcon_core.package_discovery:discover_packages(prefix_path) check parameters
[0.699s] Level 1:colcon.colcon_core.package_discovery:discover_packages(prefix_path) discover
[0.737s] DEBUG:colcon.colcon_installed_package_information.package_discovery:Found 55 installed packages in /home/jone/ws_moveit/install
[0.743s] DEBUG:colcon.colcon_installed_package_information.package_discovery:Found 413 installed packages in /opt/ros/humble
[0.746s] Level 1:colcon.colcon_core.package_discovery:discover_packages(prefix_path) using defaults
[0.924s] Level 5:colcon.colcon_core.verb:set package 'launch_param_builder' build argument 'cmake_args' from command line to '['-DCMAKE_BUILD_TYPE=Debug']'
[0.924s] Level 5:colcon.colcon_core.verb:set package 'launch_param_builder' build argument 'cmake_target' from command line to 'None'
[0.924s] Level 5:colcon.colcon_core.verb:set package 'launch_param_builder' build argument 'cmake_target_skip_unavailable' from command line to 'False'
[0.924s] Level 5:colcon.colcon_core.verb:set package 'launch_param_builder' build argument 'cmake_clean_cache' from command line to 'False'
[0.924s] Level 5:colcon.colcon_core.verb:set package 'launch_param_builder' build argument 'cmake_clean_first' from command line to 'False'
[0.924s] Level 5:colcon.colcon_core.verb:set package 'launch_param_builder' build argument 'cmake_force_configure' from command line to 'False'
[0.924s] Level 5:colcon.colcon_core.verb:set package 'launch_param_builder' build argument 'ament_cmake_args' from command line to 'None'
[0.924s] Level 5:colcon.colcon_core.verb:set package 'launch_param_builder' build argument 'catkin_cmake_args' from command line to 'None'
[0.924s] Level 5:colcon.colcon_core.verb:set package 'launch_param_builder' build argument 'catkin_skip_building_tests' from command line to 'False'
[0.924s] DEBUG:colcon.colcon_core.verb:Building package 'launch_param_builder' with the following arguments: {'ament_cmake_args': None, 'build_base': '/home/jone/ws_moveit/build/launch_param_builder', 'catkin_cmake_args': None, 'catkin_skip_building_tests': False, 'cmake_args': ['-DCMAKE_BUILD_TYPE=Debug'], 'cmake_clean_cache': False, 'cmake_clean_first': False, 'cmake_force_configure': False, 'cmake_target': None, 'cmake_target_skip_unavailable': False, 'install_base': '/home/jone/ws_moveit/install/launch_param_builder', 'merge_install': False, 'path': '/home/jone/ws_moveit/src/launch_param_builder', 'symlink_install': False, 'test_result_base': None}
[0.924s] Level 5:colcon.colcon_core.verb:set package 'moveit_common' build argument 'cmake_args' from command line to '['-DCMAKE_BUILD_TYPE=Debug']'
[0.924s] Level 5:colcon.colcon_core.verb:set package 'moveit_common' build argument 'cmake_target' from command line to 'None'
[0.925s] Level 5:colcon.colcon_core.verb:set package 'moveit_common' build argument 'cmake_target_skip_unavailable' from command line to 'False'
[0.925s] Level 5:colcon.colcon_core.verb:set package 'moveit_common' build argument 'cmake_clean_cache' from command line to 'False'
[0.925s] Level 5:colcon.colcon_core.verb:set package 'moveit_common' build argument 'cmake_clean_first' from command line to 'False'
[0.925s] Level 5:colcon.colcon_core.verb:set package 'moveit_common' build argument 'cmake_force_configure' from command line to 'False'
[0.925s] Level 5:colcon.colcon_core.verb:set package 'moveit_common' build argument 'ament_cmake_args' from command line to 'None'
[0.925s] Level 5:colcon.colcon_core.verb:set package 'moveit_common' build argument 'catkin_cmake_args' from command line to 'None'
[0.925s] Level 5:colcon.colcon_core.verb:set package 'moveit_common' build argument 'catkin_skip_building_tests' from command line to 'False'
[0.925s] DEBUG:colcon.colcon_core.verb:Building package 'moveit_common' with the following arguments: {'ament_cmake_args': None, 'build_base': '/home/jone/ws_moveit/build/moveit_common', 'catkin_cmake_args': None, 'catkin_skip_building_tests': False, 'cmake_args': ['-DCMAKE_BUILD_TYPE=Debug'], 'cmake_clean_cache': False, 'cmake_clean_first': False, 'cmake_force_configure': False, 'cmake_target': None, 'cmake_target_skip_unavailable': False, 'install_base': '/home/jone/ws_moveit/install/moveit_common', 'merge_install': False, 'path': '/home/jone/ws_moveit/src/moveit2/moveit_common', 'symlink_install': False, 'test_result_base': None}
[0.925s] Level 5:colcon.colcon_core.verb:set package 'moveit_resources_fanuc_description' build argument 'cmake_args' from command line to '['-DCMAKE_BUILD_TYPE=Debug']'
[0.925s] Level 5:colcon.colcon_core.verb:set package 'moveit_resources_fanuc_description' build argument 'cmake_target' from command line to 'None'
[0.925s] Level 5:colcon.colcon_core.verb:set package 'moveit_resources_fanuc_description' build argument 'cmake_target_skip_unavailable' from command line to 'False'
[0.925s] Level 5:colcon.colcon_core.verb:set package 'moveit_resources_fanuc_description' build argument 'cmake_clean_cache' from command line to 'False'
[0.925s] Level 5:colcon.colcon_core.verb:set package 'moveit_resources_fanuc_description' build argument 'cmake_clean_first' from command line to 'False'
[0.925s] Level 5:colcon.colcon_core.verb:set package 'moveit_resources_fanuc_description' build argument 'cmake_force_configure' from command line to 'False'
[0.925s] Level 5:colcon.colcon_core.verb:set package 'moveit_resources_fanuc_description' build argument 'ament_cmake_args' from command line to 'None'
[0.925s] Level 5:colcon.colcon_core.verb:set package 'moveit_resources_fanuc_description' build argument 'catkin_cmake_args' from command line to 'None'
[0.925s] Level 5:colcon.colcon_core.verb:set package 'moveit_resources_fanuc_description' build argument 'catkin_skip_building_tests' from command line to 'False'
[0.925s] DEBUG:colcon.colcon_core.verb:Building package 'moveit_resources_fanuc_description' with the following arguments: {'ament_cmake_args': None, 'build_base': '/home/jone/ws_moveit/build/moveit_resources_fanuc_description', 'catkin_cmake_args': None, 'catkin_skip_building_tests': False, 'cmake_args': ['-DCMAKE_BUILD_TYPE=Debug'], 'cmake_clean_cache': False, 'cmake_clean_first': False, 'cmake_force_configure': False, 'cmake_target': None, 'cmake_target_skip_unavailable': False, 'install_base': '/home/jone/ws_moveit/install/moveit_resources_fanuc_description', 'merge_install': False, 'path': '/home/jone/ws_moveit/src/moveit_resources/fanuc_description', 'symlink_install': False, 'test_result_base': None}
[0.925s] Level 5:colcon.colcon_core.verb:set package 'moveit_resources_panda_description' build argument 'cmake_args' from command line to '['-DCMAKE_BUILD_TYPE=Debug']'
[0.925s] Level 5:colcon.colcon_core.verb:set package 'moveit_resources_panda_description' build argument 'cmake_target' from command line to 'None'
[0.925s] Level 5:colcon.colcon_core.verb:set package 'moveit_resources_panda_description' build argument 'cmake_target_skip_unavailable' from command line to 'False'
[0.925s] Level 5:colcon.colcon_core.verb:set package 'moveit_resources_panda_description' build argument 'cmake_clean_cache' from command line to 'False'
[0.925s] Level 5:colcon.colcon_core.verb:set package 'moveit_resources_panda_description' build argument 'cmake_clean_first' from command line to 'False'
[0.925s] Level 5:colcon.colcon_core.verb:set package 'moveit_resources_panda_description' build argument 'cmake_force_configure' from command line to 'False'
[0.925s] Level 5:colcon.colcon_core.verb:set package 'moveit_resources_panda_description' build argument 'ament_cmake_args' from command line to 'None'
[0.925s] Level 5:colcon.colcon_core.verb:set package 'moveit_resources_panda_description' build argument 'catkin_cmake_args' from command line to 'None'
[0.925s] Level 5:colcon.colcon_core.verb:set package 'moveit_resources_panda_description' build argument 'catkin_skip_building_tests' from command line to 'False'
[0.925s] DEBUG:colcon.colcon_core.verb:Building package 'moveit_resources_panda_description' with the following arguments: {'ament_cmake_args': None, 'build_base': '/home/jone/ws_moveit/build/moveit_resources_panda_description', 'catkin_cmake_args': None, 'catkin_skip_building_tests': False, 'cmake_args': ['-DCMAKE_BUILD_TYPE=Debug'], 'cmake_clean_cache': False, 'cmake_clean_first': False, 'cmake_force_configure': False, 'cmake_target': None, 'cmake_target_skip_unavailable': False, 'install_base': '/home/jone/ws_moveit/install/moveit_resources_panda_description', 'merge_install': False, 'path': '/home/jone/ws_moveit/src/moveit_resources/panda_description', 'symlink_install': False, 'test_result_base': None}
[0.926s] Level 5:colcon.colcon_core.verb:set package 'moveit_resources_pr2_description' build argument 'cmake_args' from command line to '['-DCMAKE_BUILD_TYPE=Debug']'
[0.926s] Level 5:colcon.colcon_core.verb:set package 'moveit_resources_pr2_description' build argument 'cmake_target' from command line to 'None'
[0.926s] Level 5:colcon.colcon_core.verb:set package 'moveit_resources_pr2_description' build argument 'cmake_target_skip_unavailable' from command line to 'False'
[0.926s] Level 5:colcon.colcon_core.verb:set package 'moveit_resources_pr2_description' build argument 'cmake_clean_cache' from command line to 'False'
[0.926s] Level 5:colcon.colcon_core.verb:set package 'moveit_resources_pr2_description' build argument 'cmake_clean_first' from command line to 'False'
[0.926s] Level 5:colcon.colcon_core.verb:set package 'moveit_resources_pr2_description' build argument 'cmake_force_configure' from command line to 'False'
[0.926s] Level 5:colcon.colcon_core.verb:set package 'moveit_resources_pr2_description' build argument 'ament_cmake_args' from command line to 'None'
[0.926s] Level 5:colcon.colcon_core.verb:set package 'moveit_resources_pr2_description' build argument 'catkin_cmake_args' from command line to 'None'
[0.926s] Level 5:colcon.colcon_core.verb:set package 'moveit_resources_pr2_description' build argument 'catkin_skip_building_tests' from command line to 'False'
[0.926s] DEBUG:colcon.colcon_core.verb:Building package 'moveit_resources_pr2_description' with the following arguments: {'ament_cmake_args': None, 'build_base': '/home/jone/ws_moveit/build/moveit_resources_pr2_description', 'catkin_cmake_args': None, 'catkin_skip_building_tests': False, 'cmake_args': ['-DCMAKE_BUILD_TYPE=Debug'], 'cmake_clean_cache': False, 'cmake_clean_first': False, 'cmake_force_configure': False, 'cmake_target': None, 'cmake_target_skip_unavailable': False, 'install_base': '/home/jone/ws_moveit/install/moveit_resources_pr2_description', 'merge_install': False, 'path': '/home/jone/ws_moveit/src/moveit_resources/pr2_description', 'symlink_install': False, 'test_result_base': None}
[0.926s] Level 5:colcon.colcon_core.verb:set package 'moveit_resources_prbt_support' build argument 'cmake_args' from command line to '['-DCMAKE_BUILD_TYPE=Debug']'
[0.926s] Level 5:colcon.colcon_core.verb:set package 'moveit_resources_prbt_support' build argument 'cmake_target' from command line to 'None'
[0.926s] Level 5:colcon.colcon_core.verb:set package 'moveit_resources_prbt_support' build argument 'cmake_target_skip_unavailable' from command line to 'False'
[0.926s] Level 5:colcon.colcon_core.verb:set package 'moveit_resources_prbt_support' build argument 'cmake_clean_cache' from command line to 'False'
[0.926s] Level 5:colcon.colcon_core.verb:set package 'moveit_resources_prbt_support' build argument 'cmake_clean_first' from command line to 'False'
[0.926s] Level 5:colcon.colcon_core.verb:set package 'moveit_resources_prbt_support' build argument 'cmake_force_configure' from command line to 'False'
[0.926s] Level 5:colcon.colcon_core.verb:set package 'moveit_resources_prbt_support' build argument 'ament_cmake_args' from command line to 'None'
[0.926s] Level 5:colcon.colcon_core.verb:set package 'moveit_resources_prbt_support' build argument 'catkin_cmake_args' from command line to 'None'
[0.926s] Level 5:colcon.colcon_core.verb:set package 'moveit_resources_prbt_support' build argument 'catkin_skip_building_tests' from command line to 'False'
[0.926s] DEBUG:colcon.colcon_core.verb:Building package 'moveit_resources_prbt_support' with the following arguments: {'ament_cmake_args': None, 'build_base': '/home/jone/ws_moveit/build/moveit_resources_prbt_support', 'catkin_cmake_args': None, 'catkin_skip_building_tests': False, 'cmake_args': ['-DCMAKE_BUILD_TYPE=Debug'], 'cmake_clean_cache': False, 'cmake_clean_first': False, 'cmake_force_configure': False, 'cmake_target': None, 'cmake_target_skip_unavailable': False, 'install_base': '/home/jone/ws_moveit/install/moveit_resources_prbt_support', 'merge_install': False, 'path': '/home/jone/ws_moveit/src/moveit2/moveit_planners/test_configs/prbt_support', 'symlink_install': False, 'test_result_base': None}
[0.926s] Level 5:colcon.colcon_core.verb:set package 'moveit_task_constructor_msgs' build argument 'cmake_args' from command line to '['-DCMAKE_BUILD_TYPE=Debug']'
[0.926s] Level 5:colcon.colcon_core.verb:set package 'moveit_task_constructor_msgs' build argument 'cmake_target' from command line to 'None'
[0.926s] Level 5:colcon.colcon_core.verb:set package 'moveit_task_constructor_msgs' build argument 'cmake_target_skip_unavailable' from command line to 'False'
[0.926s] Level 5:colcon.colcon_core.verb:set package 'moveit_task_constructor_msgs' build argument 'cmake_clean_cache' from command line to 'False'
[0.926s] Level 5:colcon.colcon_core.verb:set package 'moveit_task_constructor_msgs' build argument 'cmake_clean_first' from command line to 'False'
[0.927s] Level 5:colcon.colcon_core.verb:set package 'moveit_task_constructor_msgs' build argument 'cmake_force_configure' from command line to 'False'
[0.927s] Level 5:colcon.colcon_core.verb:set package 'moveit_task_constructor_msgs' build argument 'ament_cmake_args' from command line to 'None'
[0.927s] Level 5:colcon.colcon_core.verb:set package 'moveit_task_constructor_msgs' build argument 'catkin_cmake_args' from command line to 'None'
[0.927s] Level 5:colcon.colcon_core.verb:set package 'moveit_task_constructor_msgs' build argument 'catkin_skip_building_tests' from command line to 'False'
[0.927s] DEBUG:colcon.colcon_core.verb:Building package 'moveit_task_constructor_msgs' with the following arguments: {'ament_cmake_args': None, 'build_base': '/home/jone/ws_moveit/build/moveit_task_constructor_msgs', 'catkin_cmake_args': None, 'catkin_skip_building_tests': False, 'cmake_args': ['-DCMAKE_BUILD_TYPE=Debug'], 'cmake_clean_cache': False, 'cmake_clean_first': False, 'cmake_force_configure': False, 'cmake_target': None, 'cmake_target_skip_unavailable': False, 'install_base': '/home/jone/ws_moveit/install/moveit_task_constructor_msgs', 'merge_install': False, 'path': '/home/jone/ws_moveit/src/moveit_task_constructor/msgs', 'symlink_install': False, 'test_result_base': None}
[0.927s] Level 5:colcon.colcon_core.verb:set package 'rosparam_shortcuts' build argument 'cmake_args' from command line to '['-DCMAKE_BUILD_TYPE=Debug']'
[0.927s] Level 5:colcon.colcon_core.verb:set package 'rosparam_shortcuts' build argument 'cmake_target' from command line to 'None'
[0.927s] Level 5:colcon.colcon_core.verb:set package 'rosparam_shortcuts' build argument 'cmake_target_skip_unavailable' from command line to 'False'
[0.927s] Level 5:colcon.colcon_core.verb:set package 'rosparam_shortcuts' build argument 'cmake_clean_cache' from command line to 'False'
[0.927s] Level 5:colcon.colcon_core.verb:set package 'rosparam_shortcuts' build argument 'cmake_clean_first' from command line to 'False'
[0.927s] Level 5:colcon.colcon_core.verb:set package 'rosparam_shortcuts' build argument 'cmake_force_configure' from command line to 'False'
[0.927s] Level 5:colcon.colcon_core.verb:set package 'rosparam_shortcuts' build argument 'ament_cmake_args' from command line to 'None'
[0.927s] Level 5:colcon.colcon_core.verb:set package 'rosparam_shortcuts' build argument 'catkin_cmake_args' from command line to 'None'
[0.927s] Level 5:colcon.colcon_core.verb:set package 'rosparam_shortcuts' build argument 'catkin_skip_building_tests' from command line to 'False'
[0.927s] DEBUG:colcon.colcon_core.verb:Building package 'rosparam_shortcuts' with the following arguments: {'ament_cmake_args': None, 'build_base': '/home/jone/ws_moveit/build/rosparam_shortcuts', 'catkin_cmake_args': None, 'catkin_skip_building_tests': False, 'cmake_args': ['-DCMAKE_BUILD_TYPE=Debug'], 'cmake_clean_cache': False, 'cmake_clean_first': False, 'cmake_force_configure': False, 'cmake_target': None, 'cmake_target_skip_unavailable': False, 'install_base': '/home/jone/ws_moveit/install/rosparam_shortcuts', 'merge_install': False, 'path': '/home/jone/ws_moveit/src/rosparam_shortcuts', 'symlink_install': False, 'test_result_base': None}
[0.927s] Level 5:colcon.colcon_core.verb:set package 'srdfdom' build argument 'cmake_args' from command line to '['-DCMAKE_BUILD_TYPE=Debug']'
[0.927s] Level 5:colcon.colcon_core.verb:set package 'srdfdom' build argument 'cmake_target' from command line to 'None'
[0.927s] Level 5:colcon.colcon_core.verb:set package 'srdfdom' build argument 'cmake_target_skip_unavailable' from command line to 'False'
[0.927s] Level 5:colcon.colcon_core.verb:set package 'srdfdom' build argument 'cmake_clean_cache' from command line to 'False'
[0.927s] Level 5:colcon.colcon_core.verb:set package 'srdfdom' build argument 'cmake_clean_first' from command line to 'False'
[0.927s] Level 5:colcon.colcon_core.verb:set package 'srdfdom' build argument 'cmake_force_configure' from command line to 'False'
[0.927s] Level 5:colcon.colcon_core.verb:set package 'srdfdom' build argument 'ament_cmake_args' from command line to 'None'
[0.927s] Level 5:colcon.colcon_core.verb:set package 'srdfdom' build argument 'catkin_cmake_args' from command line to 'None'
[0.927s] Level 5:colcon.colcon_core.verb:set package 'srdfdom' build argument 'catkin_skip_building_tests' from command line to 'False'
[0.927s] DEBUG:colcon.colcon_core.verb:Building package 'srdfdom' with the following arguments: {'ament_cmake_args': None, 'build_base': '/home/jone/ws_moveit/build/srdfdom', 'catkin_cmake_args': None, 'catkin_skip_building_tests': False, 'cmake_args': ['-DCMAKE_BUILD_TYPE=Debug'], 'cmake_clean_cache': False, 'cmake_clean_first': False, 'cmake_force_configure': False, 'cmake_target': None, 'cmake_target_skip_unavailable': False, 'install_base': '/home/jone/ws_moveit/install/srdfdom', 'merge_install': False, 'path': '/home/jone/ws_moveit/src/srdfdom', 'symlink_install': False, 'test_result_base': None}
[0.928s] Level 5:colcon.colcon_core.verb:set package 'moveit_configs_utils' build argument 'cmake_args' from command line to '['-DCMAKE_BUILD_TYPE=Debug']'
[0.928s] Level 5:colcon.colcon_core.verb:set package 'moveit_configs_utils' build argument 'cmake_target' from command line to 'None'
[0.928s] Level 5:colcon.colcon_core.verb:set package 'moveit_configs_utils' build argument 'cmake_target_skip_unavailable' from command line to 'False'
[0.928s] Level 5:colcon.colcon_core.verb:set package 'moveit_configs_utils' build argument 'cmake_clean_cache' from command line to 'False'
[0.928s] Level 5:colcon.colcon_core.verb:set package 'moveit_configs_utils' build argument 'cmake_clean_first' from command line to 'False'
[0.928s] Level 5:colcon.colcon_core.verb:set package 'moveit_configs_utils' build argument 'cmake_force_configure' from command line to 'False'
[0.928s] Level 5:colcon.colcon_core.verb:set package 'moveit_configs_utils' build argument 'ament_cmake_args' from command line to 'None'
[0.928s] Level 5:colcon.colcon_core.verb:set package 'moveit_configs_utils' build argument 'catkin_cmake_args' from command line to 'None'
[0.928s] Level 5:colcon.colcon_core.verb:set package 'moveit_configs_utils' build argument 'catkin_skip_building_tests' from command line to 'False'
[0.928s] DEBUG:colcon.colcon_core.verb:Building package 'moveit_configs_utils' with the following arguments: {'ament_cmake_args': None, 'build_base': '/home/jone/ws_moveit/build/moveit_configs_utils', 'catkin_cmake_args': None, 'catkin_skip_building_tests': False, 'cmake_args': ['-DCMAKE_BUILD_TYPE=Debug'], 'cmake_clean_cache': False, 'cmake_clean_first': False, 'cmake_force_configure': False, 'cmake_target': None, 'cmake_target_skip_unavailable': False, 'install_base': '/home/jone/ws_moveit/install/moveit_configs_utils', 'merge_install': False, 'path': '/home/jone/ws_moveit/src/moveit2/moveit_configs_utils', 'symlink_install': False, 'test_result_base': None}
[0.928s] Level 5:colcon.colcon_core.verb:set package 'moveit_resources_fanuc_moveit_config' build argument 'cmake_args' from command line to '['-DCMAKE_BUILD_TYPE=Debug']'
[0.928s] Level 5:colcon.colcon_core.verb:set package 'moveit_resources_fanuc_moveit_config' build argument 'cmake_target' from command line to 'None'
[0.928s] Level 5:colcon.colcon_core.verb:set package 'moveit_resources_fanuc_moveit_config' build argument 'cmake_target_skip_unavailable' from command line to 'False'
[0.928s] Level 5:colcon.colcon_core.verb:set package 'moveit_resources_fanuc_moveit_config' build argument 'cmake_clean_cache' from command line to 'False'
[0.928s] Level 5:colcon.colcon_core.verb:set package 'moveit_resources_fanuc_moveit_config' build argument 'cmake_clean_first' from command line to 'False'
[0.928s] Level 5:colcon.colcon_core.verb:set package 'moveit_resources_fanuc_moveit_config' build argument 'cmake_force_configure' from command line to 'False'
[0.928s] Level 5:colcon.colcon_core.verb:set package 'moveit_resources_fanuc_moveit_config' build argument 'ament_cmake_args' from command line to 'None'
[0.928s] Level 5:colcon.colcon_core.verb:set package 'moveit_resources_fanuc_moveit_config' build argument 'catkin_cmake_args' from command line to 'None'
[0.928s] Level 5:colcon.colcon_core.verb:set package 'moveit_resources_fanuc_moveit_config' build argument 'catkin_skip_building_tests' from command line to 'False'
[0.928s] DEBUG:colcon.colcon_core.verb:Building package 'moveit_resources_fanuc_moveit_config' with the following arguments: {'ament_cmake_args': None, 'build_base': '/home/jone/ws_moveit/build/moveit_resources_fanuc_moveit_config', 'catkin_cmake_args': None, 'catkin_skip_building_tests': False, 'cmake_args': ['-DCMAKE_BUILD_TYPE=Debug'], 'cmake_clean_cache': False, 'cmake_clean_first': False, 'cmake_force_configure': False, 'cmake_target': None, 'cmake_target_skip_unavailable': False, 'install_base': '/home/jone/ws_moveit/install/moveit_resources_fanuc_moveit_config', 'merge_install': False, 'path': '/home/jone/ws_moveit/src/moveit_resources/fanuc_moveit_config', 'symlink_install': False, 'test_result_base': None}
[0.928s] Level 5:colcon.colcon_core.verb:set package 'moveit_resources_panda_moveit_config' build argument 'cmake_args' from command line to '['-DCMAKE_BUILD_TYPE=Debug']'
[0.928s] Level 5:colcon.colcon_core.verb:set package 'moveit_resources_panda_moveit_config' build argument 'cmake_target' from command line to 'None'
[0.928s] Level 5:colcon.colcon_core.verb:set package 'moveit_resources_panda_moveit_config' build argument 'cmake_target_skip_unavailable' from command line to 'False'
[0.928s] Level 5:colcon.colcon_core.verb:set package 'moveit_resources_panda_moveit_config' build argument 'cmake_clean_cache' from command line to 'False'
[0.928s] Level 5:colcon.colcon_core.verb:set package 'moveit_resources_panda_moveit_config' build argument 'cmake_clean_first' from command line to 'False'
[0.928s] Level 5:colcon.colcon_core.verb:set package 'moveit_resources_panda_moveit_config' build argument 'cmake_force_configure' from command line to 'False'
[0.928s] Level 5:colcon.colcon_core.verb:set package 'moveit_resources_panda_moveit_config' build argument 'ament_cmake_args' from command line to 'None'
[0.928s] Level 5:colcon.colcon_core.verb:set package 'moveit_resources_panda_moveit_config' build argument 'catkin_cmake_args' from command line to 'None'
[0.928s] Level 5:colcon.colcon_core.verb:set package 'moveit_resources_panda_moveit_config' build argument 'catkin_skip_building_tests' from command line to 'False'
[0.929s] DEBUG:colcon.colcon_core.verb:Building package 'moveit_resources_panda_moveit_config' with the following arguments: {'ament_cmake_args': None, 'build_base': '/home/jone/ws_moveit/build/moveit_resources_panda_moveit_config', 'catkin_cmake_args': None, 'catkin_skip_building_tests': False, 'cmake_args': ['-DCMAKE_BUILD_TYPE=Debug'], 'cmake_clean_cache': False, 'cmake_clean_first': False, 'cmake_force_configure': False, 'cmake_target': None, 'cmake_target_skip_unavailable': False, 'install_base': '/home/jone/ws_moveit/install/moveit_resources_panda_moveit_config', 'merge_install': False, 'path': '/home/jone/ws_moveit/src/moveit_resources/panda_moveit_config', 'symlink_install': False, 'test_result_base': None}
[0.929s] Level 5:colcon.colcon_core.verb:set package 'rviz_marker_tools' build argument 'cmake_args' from command line to '['-DCMAKE_BUILD_TYPE=Debug']'
[0.929s] Level 5:colcon.colcon_core.verb:set package 'rviz_marker_tools' build argument 'cmake_target' from command line to 'None'
[0.929s] Level 5:colcon.colcon_core.verb:set package 'rviz_marker_tools' build argument 'cmake_target_skip_unavailable' from command line to 'False'
[0.929s] Level 5:colcon.colcon_core.verb:set package 'rviz_marker_tools' build argument 'cmake_clean_cache' from command line to 'False'
[0.929s] Level 5:colcon.colcon_core.verb:set package 'rviz_marker_tools' build argument 'cmake_clean_first' from command line to 'False'
[0.929s] Level 5:colcon.colcon_core.verb:set package 'rviz_marker_tools' build argument 'cmake_force_configure' from command line to 'False'
[0.929s] Level 5:colcon.colcon_core.verb:set package 'rviz_marker_tools' build argument 'ament_cmake_args' from command line to 'None'
[0.929s] Level 5:colcon.colcon_core.verb:set package 'rviz_marker_tools' build argument 'catkin_cmake_args' from command line to 'None'
[0.929s] Level 5:colcon.colcon_core.verb:set package 'rviz_marker_tools' build argument 'catkin_skip_building_tests' from command line to 'False'
[0.929s] DEBUG:colcon.colcon_core.verb:Building package 'rviz_marker_tools' with the following arguments: {'ament_cmake_args': None, 'build_base': '/home/jone/ws_moveit/build/rviz_marker_tools', 'catkin_cmake_args': None, 'catkin_skip_building_tests': False, 'cmake_args': ['-DCMAKE_BUILD_TYPE=Debug'], 'cmake_clean_cache': False, 'cmake_clean_first': False, 'cmake_force_configure': False, 'cmake_target': None, 'cmake_target_skip_unavailable': False, 'install_base': '/home/jone/ws_moveit/install/rviz_marker_tools', 'merge_install': False, 'path': '/home/jone/ws_moveit/src/moveit_task_constructor/rviz_marker_tools', 'symlink_install': False, 'test_result_base': None}
[0.929s] Level 5:colcon.colcon_core.verb:set package 'moveit_core' build argument 'cmake_args' from command line to '['-DCMAKE_BUILD_TYPE=Debug']'
[0.929s] Level 5:colcon.colcon_core.verb:set package 'moveit_core' build argument 'cmake_target' from command line to 'None'
[0.929s] Level 5:colcon.colcon_core.verb:set package 'moveit_core' build argument 'cmake_target_skip_unavailable' from command line to 'False'
[0.929s] Level 5:colcon.colcon_core.verb:set package 'moveit_core' build argument 'cmake_clean_cache' from command line to 'False'
[0.929s] Level 5:colcon.colcon_core.verb:set package 'moveit_core' build argument 'cmake_clean_first' from command line to 'False'
[0.929s] Level 5:colcon.colcon_core.verb:set package 'moveit_core' build argument 'cmake_force_configure' from command line to 'False'
[0.929s] Level 5:colcon.colcon_core.verb:set package 'moveit_core' build argument 'ament_cmake_args' from command line to 'None'
[0.929s] Level 5:colcon.colcon_core.verb:set package 'moveit_core' build argument 'catkin_cmake_args' from command line to 'None'
[0.929s] Level 5:colcon.colcon_core.verb:set package 'moveit_core' build argument 'catkin_skip_building_tests' from command line to 'False'
[0.929s] DEBUG:colcon.colcon_core.verb:Building package 'moveit_core' with the following arguments: {'ament_cmake_args': None, 'build_base': '/home/jone/ws_moveit/build/moveit_core', 'catkin_cmake_args': None, 'catkin_skip_building_tests': False, 'cmake_args': ['-DCMAKE_BUILD_TYPE=Debug'], 'cmake_clean_cache': False, 'cmake_clean_first': False, 'cmake_force_configure': False, 'cmake_target': None, 'cmake_target_skip_unavailable': False, 'install_base': '/home/jone/ws_moveit/install/moveit_core', 'merge_install': False, 'path': '/home/jone/ws_moveit/src/moveit2/moveit_core', 'symlink_install': False, 'test_result_base': None}
[0.929s] Level 5:colcon.colcon_core.verb:set package 'moveit_resources' build argument 'cmake_args' from command line to '['-DCMAKE_BUILD_TYPE=Debug']'
[0.930s] Level 5:colcon.colcon_core.verb:set package 'moveit_resources' build argument 'cmake_target' from command line to 'None'
[0.930s] Level 5:colcon.colcon_core.verb:set package 'moveit_resources' build argument 'cmake_target_skip_unavailable' from command line to 'False'
[0.930s] Level 5:colcon.colcon_core.verb:set package 'moveit_resources' build argument 'cmake_clean_cache' from command line to 'False'
[0.930s] Level 5:colcon.colcon_core.verb:set package 'moveit_resources' build argument 'cmake_clean_first' from command line to 'False'
[0.930s] Level 5:colcon.colcon_core.verb:set package 'moveit_resources' build argument 'cmake_force_configure' from command line to 'False'
[0.930s] Level 5:colcon.colcon_core.verb:set package 'moveit_resources' build argument 'ament_cmake_args' from command line to 'None'
[0.930s] Level 5:colcon.colcon_core.verb:set package 'moveit_resources' build argument 'catkin_cmake_args' from command line to 'None'
[0.930s] Level 5:colcon.colcon_core.verb:set package 'moveit_resources' build argument 'catkin_skip_building_tests' from command line to 'False'
[0.930s] DEBUG:colcon.colcon_core.verb:Building package 'moveit_resources' with the following arguments: {'ament_cmake_args': None, 'build_base': '/home/jone/ws_moveit/build/moveit_resources', 'catkin_cmake_args': None, 'catkin_skip_building_tests': False, 'cmake_args': ['-DCMAKE_BUILD_TYPE=Debug'], 'cmake_clean_cache': False, 'cmake_clean_first': False, 'cmake_force_configure': False, 'cmake_target': None, 'cmake_target_skip_unavailable': False, 'install_base': '/home/jone/ws_moveit/install/moveit_resources', 'merge_install': False, 'path': '/home/jone/ws_moveit/src/moveit_resources/moveit_resources', 'symlink_install': False, 'test_result_base': None}
[0.930s] Level 5:colcon.colcon_core.verb:set package 'chomp_motion_planner' build argument 'cmake_args' from command line to '['-DCMAKE_BUILD_TYPE=Debug']'
[0.930s] Level 5:colcon.colcon_core.verb:set package 'chomp_motion_planner' build argument 'cmake_target' from command line to 'None'
[0.930s] Level 5:colcon.colcon_core.verb:set package 'chomp_motion_planner' build argument 'cmake_target_skip_unavailable' from command line to 'False'
[0.930s] Level 5:colcon.colcon_core.verb:set package 'chomp_motion_planner' build argument 'cmake_clean_cache' from command line to 'False'
[0.930s] Level 5:colcon.colcon_core.verb:set package 'chomp_motion_planner' build argument 'cmake_clean_first' from command line to 'False'
[0.930s] Level 5:colcon.colcon_core.verb:set package 'chomp_motion_planner' build argument 'cmake_force_configure' from command line to 'False'
[0.930s] Level 5:colcon.colcon_core.verb:set package 'chomp_motion_planner' build argument 'ament_cmake_args' from command line to 'None'
[0.930s] Level 5:colcon.colcon_core.verb:set package 'chomp_motion_planner' build argument 'catkin_cmake_args' from command line to 'None'
[0.930s] Level 5:colcon.colcon_core.verb:set package 'chomp_motion_planner' build argument 'catkin_skip_building_tests' from command line to 'False'
[0.930s] DEBUG:colcon.colcon_core.verb:Building package 'chomp_motion_planner' with the following arguments: {'ament_cmake_args': None, 'build_base': '/home/jone/ws_moveit/build/chomp_motion_planner', 'catkin_cmake_args': None, 'catkin_skip_building_tests': False, 'cmake_args': ['-DCMAKE_BUILD_TYPE=Debug'], 'cmake_clean_cache': False, 'cmake_clean_first': False, 'cmake_force_configure': False, 'cmake_target': None, 'cmake_target_skip_unavailable': False, 'install_base': '/home/jone/ws_moveit/install/chomp_motion_planner', 'merge_install': False, 'path': '/home/jone/ws_moveit/src/moveit2/moveit_planners/chomp/chomp_motion_planner', 'symlink_install': False, 'test_result_base': None}
[0.930s] Level 5:colcon.colcon_core.verb:set package 'moveit_resources_prbt_ikfast_manipulator_plugin' build argument 'cmake_args' from command line to '['-DCMAKE_BUILD_TYPE=Debug']'
[0.930s] Level 5:colcon.colcon_core.verb:set package 'moveit_resources_prbt_ikfast_manipulator_plugin' build argument 'cmake_target' from command line to 'None'
[0.930s] Level 5:colcon.colcon_core.verb:set package 'moveit_resources_prbt_ikfast_manipulator_plugin' build argument 'cmake_target_skip_unavailable' from command line to 'False'
[0.930s] Level 5:colcon.colcon_core.verb:set package 'moveit_resources_prbt_ikfast_manipulator_plugin' build argument 'cmake_clean_cache' from command line to 'False'
[0.930s] Level 5:colcon.colcon_core.verb:set package 'moveit_resources_prbt_ikfast_manipulator_plugin' build argument 'cmake_clean_first' from command line to 'False'
[0.930s] Level 5:colcon.colcon_core.verb:set package 'moveit_resources_prbt_ikfast_manipulator_plugin' build argument 'cmake_force_configure' from command line to 'False'
[0.930s] Level 5:colcon.colcon_core.verb:set package 'moveit_resources_prbt_ikfast_manipulator_plugin' build argument 'ament_cmake_args' from command line to 'None'
[0.930s] Level 5:colcon.colcon_core.verb:set package 'moveit_resources_prbt_ikfast_manipulator_plugin' build argument 'catkin_cmake_args' from command line to 'None'
[0.930s] Level 5:colcon.colcon_core.verb:set package 'moveit_resources_prbt_ikfast_manipulator_plugin' build argument 'catkin_skip_building_tests' from command line to 'False'
[0.930s] DEBUG:colcon.colcon_core.verb:Building package 'moveit_resources_prbt_ikfast_manipulator_plugin' with the following arguments: {'ament_cmake_args': None, 'build_base': '/home/jone/ws_moveit/build/moveit_resources_prbt_ikfast_manipulator_plugin', 'catkin_cmake_args': None, 'catkin_skip_building_tests': False, 'cmake_args': ['-DCMAKE_BUILD_TYPE=Debug'], 'cmake_clean_cache': False, 'cmake_clean_first': False, 'cmake_force_configure': False, 'cmake_target': None, 'cmake_target_skip_unavailable': False, 'install_base': '/home/jone/ws_moveit/install/moveit_resources_prbt_ikfast_manipulator_plugin', 'merge_install': False, 'path': '/home/jone/ws_moveit/src/moveit2/moveit_planners/test_configs/prbt_ikfast_manipulator_plugin', 'symlink_install': False, 'test_result_base': None}
[0.931s] Level 5:colcon.colcon_core.verb:set package 'moveit_ros_occupancy_map_monitor' build argument 'cmake_args' from command line to '['-DCMAKE_BUILD_TYPE=Debug']'
[0.931s] Level 5:colcon.colcon_core.verb:set package 'moveit_ros_occupancy_map_monitor' build argument 'cmake_target' from command line to 'None'
[0.931s] Level 5:colcon.colcon_core.verb:set package 'moveit_ros_occupancy_map_monitor' build argument 'cmake_target_skip_unavailable' from command line to 'False'
[0.931s] Level 5:colcon.colcon_core.verb:set package 'moveit_ros_occupancy_map_monitor' build argument 'cmake_clean_cache' from command line to 'False'
[0.931s] Level 5:colcon.colcon_core.verb:set package 'moveit_ros_occupancy_map_monitor' build argument 'cmake_clean_first' from command line to 'False'
[0.931s] Level 5:colcon.colcon_core.verb:set package 'moveit_ros_occupancy_map_monitor' build argument 'cmake_force_configure' from command line to 'False'
[0.931s] Level 5:colcon.colcon_core.verb:set package 'moveit_ros_occupancy_map_monitor' build argument 'ament_cmake_args' from command line to 'None'
[0.931s] Level 5:colcon.colcon_core.verb:set package 'moveit_ros_occupancy_map_monitor' build argument 'catkin_cmake_args' from command line to 'None'
[0.931s] Level 5:colcon.colcon_core.verb:set package 'moveit_ros_occupancy_map_monitor' build argument 'catkin_skip_building_tests' from command line to 'False'
[0.931s] DEBUG:colcon.colcon_core.verb:Building package 'moveit_ros_occupancy_map_monitor' with the following arguments: {'ament_cmake_args': None, 'build_base': '/home/jone/ws_moveit/build/moveit_ros_occupancy_map_monitor', 'catkin_cmake_args': None, 'catkin_skip_building_tests': False, 'cmake_args': ['-DCMAKE_BUILD_TYPE=Debug'], 'cmake_clean_cache': False, 'cmake_clean_first': False, 'cmake_force_configure': False, 'cmake_target': None, 'cmake_target_skip_unavailable': False, 'install_base': '/home/jone/ws_moveit/install/moveit_ros_occupancy_map_monitor', 'merge_install': False, 'path': '/home/jone/ws_moveit/src/moveit2/moveit_ros/occupancy_map_monitor', 'symlink_install': False, 'test_result_base': None}
[0.931s] Level 5:colcon.colcon_core.verb:set package 'moveit_simple_controller_manager' build argument 'cmake_args' from command line to '['-DCMAKE_BUILD_TYPE=Debug']'
[0.931s] Level 5:colcon.colcon_core.verb:set package 'moveit_simple_controller_manager' build argument 'cmake_target' from command line to 'None'
[0.931s] Level 5:colcon.colcon_core.verb:set package 'moveit_simple_controller_manager' build argument 'cmake_target_skip_unavailable' from command line to 'False'
[0.931s] Level 5:colcon.colcon_core.verb:set package 'moveit_simple_controller_manager' build argument 'cmake_clean_cache' from command line to 'False'
[0.931s] Level 5:colcon.colcon_core.verb:set package 'moveit_simple_controller_manager' build argument 'cmake_clean_first' from command line to 'False'
[0.931s] Level 5:colcon.colcon_core.verb:set package 'moveit_simple_controller_manager' build argument 'cmake_force_configure' from command line to 'False'
[0.931s] Level 5:colcon.colcon_core.verb:set package 'moveit_simple_controller_manager' build argument 'ament_cmake_args' from command line to 'None'
[0.931s] Level 5:colcon.colcon_core.verb:set package 'moveit_simple_controller_manager' build argument 'catkin_cmake_args' from command line to 'None'
[0.931s] Level 5:colcon.colcon_core.verb:set package 'moveit_simple_controller_manager' build argument 'catkin_skip_building_tests' from command line to 'False'
[0.931s] DEBUG:colcon.colcon_core.verb:Building package 'moveit_simple_controller_manager' with the following arguments: {'ament_cmake_args': None, 'build_base': '/home/jone/ws_moveit/build/moveit_simple_controller_manager', 'catkin_cmake_args': None, 'catkin_skip_building_tests': False, 'cmake_args': ['-DCMAKE_BUILD_TYPE=Debug'], 'cmake_clean_cache': False, 'cmake_clean_first': False, 'cmake_force_configure': False, 'cmake_target': None, 'cmake_target_skip_unavailable': False, 'install_base': '/home/jone/ws_moveit/install/moveit_simple_controller_manager', 'merge_install': False, 'path': '/home/jone/ws_moveit/src/moveit2/moveit_plugins/moveit_simple_controller_manager', 'symlink_install': False, 'test_result_base': None}
[0.931s] Level 5:colcon.colcon_core.verb:set package 'pilz_industrial_motion_planner_testutils' build argument 'cmake_args' from command line to '['-DCMAKE_BUILD_TYPE=Debug']'
[0.931s] Level 5:colcon.colcon_core.verb:set package 'pilz_industrial_motion_planner_testutils' build argument 'cmake_target' from command line to 'None'
[0.931s] Level 5:colcon.colcon_core.verb:set package 'pilz_industrial_motion_planner_testutils' build argument 'cmake_target_skip_unavailable' from command line to 'False'
[0.932s] Level 5:colcon.colcon_core.verb:set package 'pilz_industrial_motion_planner_testutils' build argument 'cmake_clean_cache' from command line to 'False'
[0.932s] Level 5:colcon.colcon_core.verb:set package 'pilz_industrial_motion_planner_testutils' build argument 'cmake_clean_first' from command line to 'False'
[0.932s] Level 5:colcon.colcon_core.verb:set package 'pilz_industrial_motion_planner_testutils' build argument 'cmake_force_configure' from command line to 'False'
[0.932s] Level 5:colcon.colcon_core.verb:set package 'pilz_industrial_motion_planner_testutils' build argument 'ament_cmake_args' from command line to 'None'
[0.932s] Level 5:colcon.colcon_core.verb:set package 'pilz_industrial_motion_planner_testutils' build argument 'catkin_cmake_args' from command line to 'None'
[0.932s] Level 5:colcon.colcon_core.verb:set package 'pilz_industrial_motion_planner_testutils' build argument 'catkin_skip_building_tests' from command line to 'False'
[0.932s] DEBUG:colcon.colcon_core.verb:Building package 'pilz_industrial_motion_planner_testutils' with the following arguments: {'ament_cmake_args': None, 'build_base': '/home/jone/ws_moveit/build/pilz_industrial_motion_planner_testutils', 'catkin_cmake_args': None, 'catkin_skip_building_tests': False, 'cmake_args': ['-DCMAKE_BUILD_TYPE=Debug'], 'cmake_clean_cache': False, 'cmake_clean_first': False, 'cmake_force_configure': False, 'cmake_target': None, 'cmake_target_skip_unavailable': False, 'install_base': '/home/jone/ws_moveit/install/pilz_industrial_motion_planner_testutils', 'merge_install': False, 'path': '/home/jone/ws_moveit/src/moveit2/moveit_planners/pilz_industrial_motion_planner_testutils', 'symlink_install': False, 'test_result_base': None}
[0.932s] Level 5:colcon.colcon_core.verb:set package 'moveit_chomp_optimizer_adapter' build argument 'cmake_args' from command line to '['-DCMAKE_BUILD_TYPE=Debug']'
[0.932s] Level 5:colcon.colcon_core.verb:set package 'moveit_chomp_optimizer_adapter' build argument 'cmake_target' from command line to 'None'
[0.932s] Level 5:colcon.colcon_core.verb:set package 'moveit_chomp_optimizer_adapter' build argument 'cmake_target_skip_unavailable' from command line to 'False'
[0.932s] Level 5:colcon.colcon_core.verb:set package 'moveit_chomp_optimizer_adapter' build argument 'cmake_clean_cache' from command line to 'False'
[0.932s] Level 5:colcon.colcon_core.verb:set package 'moveit_chomp_optimizer_adapter' build argument 'cmake_clean_first' from command line to 'False'
[0.932s] Level 5:colcon.colcon_core.verb:set package 'moveit_chomp_optimizer_adapter' build argument 'cmake_force_configure' from command line to 'False'
[0.932s] Level 5:colcon.colcon_core.verb:set package 'moveit_chomp_optimizer_adapter' build argument 'ament_cmake_args' from command line to 'None'
[0.932s] Level 5:colcon.colcon_core.verb:set package 'moveit_chomp_optimizer_adapter' build argument 'catkin_cmake_args' from command line to 'None'
[0.932s] Level 5:colcon.colcon_core.verb:set package 'moveit_chomp_optimizer_adapter' build argument 'catkin_skip_building_tests' from command line to 'False'
[0.932s] DEBUG:colcon.colcon_core.verb:Building package 'moveit_chomp_optimizer_adapter' with the following arguments: {'ament_cmake_args': None, 'build_base': '/home/jone/ws_moveit/build/moveit_chomp_optimizer_adapter', 'catkin_cmake_args': None, 'catkin_skip_building_tests': False, 'cmake_args': ['-DCMAKE_BUILD_TYPE=Debug'], 'cmake_clean_cache': False, 'cmake_clean_first': False, 'cmake_force_configure': False, 'cmake_target': None, 'cmake_target_skip_unavailable': False, 'install_base': '/home/jone/ws_moveit/install/moveit_chomp_optimizer_adapter', 'merge_install': False, 'path': '/home/jone/ws_moveit/src/moveit2/moveit_planners/chomp/chomp_optimizer_adapter', 'symlink_install': False, 'test_result_base': None}
[0.932s] Level 5:colcon.colcon_core.verb:set package 'moveit_planners_chomp' build argument 'cmake_args' from command line to '['-DCMAKE_BUILD_TYPE=Debug']'
[0.932s] Level 5:colcon.colcon_core.verb:set package 'moveit_planners_chomp' build argument 'cmake_target' from command line to 'None'
[0.932s] Level 5:colcon.colcon_core.verb:set package 'moveit_planners_chomp' build argument 'cmake_target_skip_unavailable' from command line to 'False'
[0.932s] Level 5:colcon.colcon_core.verb:set package 'moveit_planners_chomp' build argument 'cmake_clean_cache' from command line to 'False'
[0.932s] Level 5:colcon.colcon_core.verb:set package 'moveit_planners_chomp' build argument 'cmake_clean_first' from command line to 'False'
[0.932s] Level 5:colcon.colcon_core.verb:set package 'moveit_planners_chomp' build argument 'cmake_force_configure' from command line to 'False'
[0.932s] Level 5:colcon.colcon_core.verb:set package 'moveit_planners_chomp' build argument 'ament_cmake_args' from command line to 'None'
[0.932s] Level 5:colcon.colcon_core.verb:set package 'moveit_planners_chomp' build argument 'catkin_cmake_args' from command line to 'None'
[0.932s] Level 5:colcon.colcon_core.verb:set package 'moveit_planners_chomp' build argument 'catkin_skip_building_tests' from command line to 'False'
[0.932s] DEBUG:colcon.colcon_core.verb:Building package 'moveit_planners_chomp' with the following arguments: {'ament_cmake_args': None, 'build_base': '/home/jone/ws_moveit/build/moveit_planners_chomp', 'catkin_cmake_args': None, 'catkin_skip_building_tests': False, 'cmake_args': ['-DCMAKE_BUILD_TYPE=Debug'], 'cmake_clean_cache': False, 'cmake_clean_first': False, 'cmake_force_configure': False, 'cmake_target': None, 'cmake_target_skip_unavailable': False, 'install_base': '/home/jone/ws_moveit/install/moveit_planners_chomp', 'merge_install': False, 'path': '/home/jone/ws_moveit/src/moveit2/moveit_planners/chomp/chomp_interface', 'symlink_install': False, 'test_result_base': None}
[0.933s] Level 5:colcon.colcon_core.verb:set package 'moveit_plugins' build argument 'cmake_args' from command line to '['-DCMAKE_BUILD_TYPE=Debug']'
[0.933s] Level 5:colcon.colcon_core.verb:set package 'moveit_plugins' build argument 'cmake_target' from command line to 'None'
[0.933s] Level 5:colcon.colcon_core.verb:set package 'moveit_plugins' build argument 'cmake_target_skip_unavailable' from command line to 'False'
[0.933s] Level 5:colcon.colcon_core.verb:set package 'moveit_plugins' build argument 'cmake_clean_cache' from command line to 'False'
[0.933s] Level 5:colcon.colcon_core.verb:set package 'moveit_plugins' build argument 'cmake_clean_first' from command line to 'False'
[0.933s] Level 5:colcon.colcon_core.verb:set package 'moveit_plugins' build argument 'cmake_force_configure' from command line to 'False'
[0.933s] Level 5:colcon.colcon_core.verb:set package 'moveit_plugins' build argument 'ament_cmake_args' from command line to 'None'
[0.933s] Level 5:colcon.colcon_core.verb:set package 'moveit_plugins' build argument 'catkin_cmake_args' from command line to 'None'
[0.933s] Level 5:colcon.colcon_core.verb:set package 'moveit_plugins' build argument 'catkin_skip_building_tests' from command line to 'False'
[0.933s] DEBUG:colcon.colcon_core.verb:Building package 'moveit_plugins' with the following arguments: {'ament_cmake_args': None, 'build_base': '/home/jone/ws_moveit/build/moveit_plugins', 'catkin_cmake_args': None, 'catkin_skip_building_tests': False, 'cmake_args': ['-DCMAKE_BUILD_TYPE=Debug'], 'cmake_clean_cache': False, 'cmake_clean_first': False, 'cmake_force_configure': False, 'cmake_target': None, 'cmake_target_skip_unavailable': False, 'install_base': '/home/jone/ws_moveit/install/moveit_plugins', 'merge_install': False, 'path': '/home/jone/ws_moveit/src/moveit2/moveit_plugins/moveit_plugins', 'symlink_install': False, 'test_result_base': None}
[0.933s] Level 5:colcon.colcon_core.verb:set package 'moveit_ros_control_interface' build argument 'cmake_args' from command line to '['-DCMAKE_BUILD_TYPE=Debug']'
[0.933s] Level 5:colcon.colcon_core.verb:set package 'moveit_ros_control_interface' build argument 'cmake_target' from command line to 'None'
[0.933s] Level 5:colcon.colcon_core.verb:set package 'moveit_ros_control_interface' build argument 'cmake_target_skip_unavailable' from command line to 'False'
[0.933s] Level 5:colcon.colcon_core.verb:set package 'moveit_ros_control_interface' build argument 'cmake_clean_cache' from command line to 'False'
[0.933s] Level 5:colcon.colcon_core.verb:set package 'moveit_ros_control_interface' build argument 'cmake_clean_first' from command line to 'False'
[0.933s] Level 5:colcon.colcon_core.verb:set package 'moveit_ros_control_interface' build argument 'cmake_force_configure' from command line to 'False'
[0.933s] Level 5:colcon.colcon_core.verb:set package 'moveit_ros_control_interface' build argument 'ament_cmake_args' from command line to 'None'
[0.933s] Level 5:colcon.colcon_core.verb:set package 'moveit_ros_control_interface' build argument 'catkin_cmake_args' from command line to 'None'
[0.933s] Level 5:colcon.colcon_core.verb:set package 'moveit_ros_control_interface' build argument 'catkin_skip_building_tests' from command line to 'False'
[0.933s] DEBUG:colcon.colcon_core.verb:Building package 'moveit_ros_control_interface' with the following arguments: {'ament_cmake_args': None, 'build_base': '/home/jone/ws_moveit/build/moveit_ros_control_interface', 'catkin_cmake_args': None, 'catkin_skip_building_tests': False, 'cmake_args': ['-DCMAKE_BUILD_TYPE=Debug'], 'cmake_clean_cache': False, 'cmake_clean_first': False, 'cmake_force_configure': False, 'cmake_target': None, 'cmake_target_skip_unavailable': False, 'install_base': '/home/jone/ws_moveit/install/moveit_ros_control_interface', 'merge_install': False, 'path': '/home/jone/ws_moveit/src/moveit2/moveit_plugins/moveit_ros_control_interface', 'symlink_install': False, 'test_result_base': None}
[0.933s] Level 5:colcon.colcon_core.verb:set package 'moveit_ros_planning' build argument 'cmake_args' from command line to '['-DCMAKE_BUILD_TYPE=Debug']'
[0.933s] Level 5:colcon.colcon_core.verb:set package 'moveit_ros_planning' build argument 'cmake_target' from command line to 'None'
[0.933s] Level 5:colcon.colcon_core.verb:set package 'moveit_ros_planning' build argument 'cmake_target_skip_unavailable' from command line to 'False'
[0.933s] Level 5:colcon.colcon_core.verb:set package 'moveit_ros_planning' build argument 'cmake_clean_cache' from command line to 'False'
[0.933s] Level 5:colcon.colcon_core.verb:set package 'moveit_ros_planning' build argument 'cmake_clean_first' from command line to 'False'
[0.933s] Level 5:colcon.colcon_core.verb:set package 'moveit_ros_planning' build argument 'cmake_force_configure' from command line to 'False'
[0.933s] Level 5:colcon.colcon_core.verb:set package 'moveit_ros_planning' build argument 'ament_cmake_args' from command line to 'None'
[0.933s] Level 5:colcon.colcon_core.verb:set package 'moveit_ros_planning' build argument 'catkin_cmake_args' from command line to 'None'
[0.934s] Level 5:colcon.colcon_core.verb:set package 'moveit_ros_planning' build argument 'catkin_skip_building_tests' from command line to 'False'
[0.934s] DEBUG:colcon.colcon_core.verb:Building package 'moveit_ros_planning' with the following arguments: {'ament_cmake_args': None, 'build_base': '/home/jone/ws_moveit/build/moveit_ros_planning', 'catkin_cmake_args': None, 'catkin_skip_building_tests': False, 'cmake_args': ['-DCMAKE_BUILD_TYPE=Debug'], 'cmake_clean_cache': False, 'cmake_clean_first': False, 'cmake_force_configure': False, 'cmake_target': None, 'cmake_target_skip_unavailable': False, 'install_base': '/home/jone/ws_moveit/install/moveit_ros_planning', 'merge_install': False, 'path': '/home/jone/ws_moveit/src/moveit2/moveit_ros/planning', 'symlink_install': False, 'test_result_base': None}
[0.934s] Level 5:colcon.colcon_core.verb:set package 'moveit_kinematics' build argument 'cmake_args' from command line to '['-DCMAKE_BUILD_TYPE=Debug']'
[0.934s] Level 5:colcon.colcon_core.verb:set package 'moveit_kinematics' build argument 'cmake_target' from command line to 'None'
[0.934s] Level 5:colcon.colcon_core.verb:set package 'moveit_kinematics' build argument 'cmake_target_skip_unavailable' from command line to 'False'
[0.934s] Level 5:colcon.colcon_core.verb:set package 'moveit_kinematics' build argument 'cmake_clean_cache' from command line to 'False'
[0.934s] Level 5:colcon.colcon_core.verb:set package 'moveit_kinematics' build argument 'cmake_clean_first' from command line to 'False'
[0.934s] Level 5:colcon.colcon_core.verb:set package 'moveit_kinematics' build argument 'cmake_force_configure' from command line to 'False'
[0.934s] Level 5:colcon.colcon_core.verb:set package 'moveit_kinematics' build argument 'ament_cmake_args' from command line to 'None'
[0.934s] Level 5:colcon.colcon_core.verb:set package 'moveit_kinematics' build argument 'catkin_cmake_args' from command line to 'None'
[0.934s] Level 5:colcon.colcon_core.verb:set package 'moveit_kinematics' build argument 'catkin_skip_building_tests' from command line to 'False'
[0.934s] DEBUG:colcon.colcon_core.verb:Building package 'moveit_kinematics' with the following arguments: {'ament_cmake_args': None, 'build_base': '/home/jone/ws_moveit/build/moveit_kinematics', 'catkin_cmake_args': None, 'catkin_skip_building_tests': False, 'cmake_args': ['-DCMAKE_BUILD_TYPE=Debug'], 'cmake_clean_cache': False, 'cmake_clean_first': False, 'cmake_force_configure': False, 'cmake_target': None, 'cmake_target_skip_unavailable': False, 'install_base': '/home/jone/ws_moveit/install/moveit_kinematics', 'merge_install': False, 'path': '/home/jone/ws_moveit/src/moveit2/moveit_kinematics', 'symlink_install': False, 'test_result_base': None}
[0.934s] Level 5:colcon.colcon_core.verb:set package 'moveit_planners_ompl' build argument 'cmake_args' from command line to '['-DCMAKE_BUILD_TYPE=Debug']'
[0.934s] Level 5:colcon.colcon_core.verb:set package 'moveit_planners_ompl' build argument 'cmake_target' from command line to 'None'
[0.934s] Level 5:colcon.colcon_core.verb:set package 'moveit_planners_ompl' build argument 'cmake_target_skip_unavailable' from command line to 'False'
[0.934s] Level 5:colcon.colcon_core.verb:set package 'moveit_planners_ompl' build argument 'cmake_clean_cache' from command line to 'False'
[0.934s] Level 5:colcon.colcon_core.verb:set package 'moveit_planners_ompl' build argument 'cmake_clean_first' from command line to 'False'
[0.934s] Level 5:colcon.colcon_core.verb:set package 'moveit_planners_ompl' build argument 'cmake_force_configure' from command line to 'False'
[0.934s] Level 5:colcon.colcon_core.verb:set package 'moveit_planners_ompl' build argument 'ament_cmake_args' from command line to 'None'
[0.934s] Level 5:colcon.colcon_core.verb:set package 'moveit_planners_ompl' build argument 'catkin_cmake_args' from command line to 'None'
[0.934s] Level 5:colcon.colcon_core.verb:set package 'moveit_planners_ompl' build argument 'catkin_skip_building_tests' from command line to 'False'
[0.934s] DEBUG:colcon.colcon_core.verb:Building package 'moveit_planners_ompl' with the following arguments: {'ament_cmake_args': None, 'build_base': '/home/jone/ws_moveit/build/moveit_planners_ompl', 'catkin_cmake_args': None, 'catkin_skip_building_tests': False, 'cmake_args': ['-DCMAKE_BUILD_TYPE=Debug'], 'cmake_clean_cache': False, 'cmake_clean_first': False, 'cmake_force_configure': False, 'cmake_target': None, 'cmake_target_skip_unavailable': False, 'install_base': '/home/jone/ws_moveit/install/moveit_planners_ompl', 'merge_install': False, 'path': '/home/jone/ws_moveit/src/moveit2/moveit_planners/ompl', 'symlink_install': False, 'test_result_base': None}
[0.935s] Level 5:colcon.colcon_core.verb:set package 'moveit_ros_perception' build argument 'cmake_args' from command line to '['-DCMAKE_BUILD_TYPE=Debug']'
[0.935s] Level 5:colcon.colcon_core.verb:set package 'moveit_ros_perception' build argument 'cmake_target' from command line to 'None'
[0.935s] Level 5:colcon.colcon_core.verb:set package 'moveit_ros_perception' build argument 'cmake_target_skip_unavailable' from command line to 'False'
[0.935s] Level 5:colcon.colcon_core.verb:set package 'moveit_ros_perception' build argument 'cmake_clean_cache' from command line to 'False'
[0.935s] Level 5:colcon.colcon_core.verb:set package 'moveit_ros_perception' build argument 'cmake_clean_first' from command line to 'False'
[0.935s] Level 5:colcon.colcon_core.verb:set package 'moveit_ros_perception' build argument 'cmake_force_configure' from command line to 'False'
[0.935s] Level 5:colcon.colcon_core.verb:set package 'moveit_ros_perception' build argument 'ament_cmake_args' from command line to 'None'
[0.935s] Level 5:colcon.colcon_core.verb:set package 'moveit_ros_perception' build argument 'catkin_cmake_args' from command line to 'None'
[0.935s] Level 5:colcon.colcon_core.verb:set package 'moveit_ros_perception' build argument 'catkin_skip_building_tests' from command line to 'False'
[0.935s] DEBUG:colcon.colcon_core.verb:Building package 'moveit_ros_perception' with the following arguments: {'ament_cmake_args': None, 'build_base': '/home/jone/ws_moveit/build/moveit_ros_perception', 'catkin_cmake_args': None, 'catkin_skip_building_tests': False, 'cmake_args': ['-DCMAKE_BUILD_TYPE=Debug'], 'cmake_clean_cache': False, 'cmake_clean_first': False, 'cmake_force_configure': False, 'cmake_target': None, 'cmake_target_skip_unavailable': False, 'install_base': '/home/jone/ws_moveit/install/moveit_ros_perception', 'merge_install': False, 'path': '/home/jone/ws_moveit/src/moveit2/moveit_ros/perception', 'symlink_install': False, 'test_result_base': None}
[0.935s] Level 5:colcon.colcon_core.verb:set package 'moveit_ros_robot_interaction' build argument 'cmake_args' from command line to '['-DCMAKE_BUILD_TYPE=Debug']'
[0.935s] Level 5:colcon.colcon_core.verb:set package 'moveit_ros_robot_interaction' build argument 'cmake_target' from command line to 'None'
[0.935s] Level 5:colcon.colcon_core.verb:set package 'moveit_ros_robot_interaction' build argument 'cmake_target_skip_unavailable' from command line to 'False'
[0.935s] Level 5:colcon.colcon_core.verb:set package 'moveit_ros_robot_interaction' build argument 'cmake_clean_cache' from command line to 'False'
[0.935s] Level 5:colcon.colcon_core.verb:set package 'moveit_ros_robot_interaction' build argument 'cmake_clean_first' from command line to 'False'
[0.935s] Level 5:colcon.colcon_core.verb:set package 'moveit_ros_robot_interaction' build argument 'cmake_force_configure' from command line to 'False'
[0.935s] Level 5:colcon.colcon_core.verb:set package 'moveit_ros_robot_interaction' build argument 'ament_cmake_args' from command line to 'None'
[0.935s] Level 5:colcon.colcon_core.verb:set package 'moveit_ros_robot_interaction' build argument 'catkin_cmake_args' from command line to 'None'
[0.935s] Level 5:colcon.colcon_core.verb:set package 'moveit_ros_robot_interaction' build argument 'catkin_skip_building_tests' from command line to 'False'
[0.935s] DEBUG:colcon.colcon_core.verb:Building package 'moveit_ros_robot_interaction' with the following arguments: {'ament_cmake_args': None, 'build_base': '/home/jone/ws_moveit/build/moveit_ros_robot_interaction', 'catkin_cmake_args': None, 'catkin_skip_building_tests': False, 'cmake_args': ['-DCMAKE_BUILD_TYPE=Debug'], 'cmake_clean_cache': False, 'cmake_clean_first': False, 'cmake_force_configure': False, 'cmake_target': None, 'cmake_target_skip_unavailable': False, 'install_base': '/home/jone/ws_moveit/install/moveit_ros_robot_interaction', 'merge_install': False, 'path': '/home/jone/ws_moveit/src/moveit2/moveit_ros/robot_interaction', 'symlink_install': False, 'test_result_base': None}
[0.935s] Level 5:colcon.colcon_core.verb:set package 'moveit_ros_warehouse' build argument 'cmake_args' from command line to '['-DCMAKE_BUILD_TYPE=Debug']'
[0.935s] Level 5:colcon.colcon_core.verb:set package 'moveit_ros_warehouse' build argument 'cmake_target' from command line to 'None'
[0.935s] Level 5:colcon.colcon_core.verb:set package 'moveit_ros_warehouse' build argument 'cmake_target_skip_unavailable' from command line to 'False'
[0.935s] Level 5:colcon.colcon_core.verb:set package 'moveit_ros_warehouse' build argument 'cmake_clean_cache' from command line to 'False'
[0.935s] Level 5:colcon.colcon_core.verb:set package 'moveit_ros_warehouse' build argument 'cmake_clean_first' from command line to 'False'
[0.935s] Level 5:colcon.colcon_core.verb:set package 'moveit_ros_warehouse' build argument 'cmake_force_configure' from command line to 'False'
[0.935s] Level 5:colcon.colcon_core.verb:set package 'moveit_ros_warehouse' build argument 'ament_cmake_args' from command line to 'None'
[0.935s] Level 5:colcon.colcon_core.verb:set package 'moveit_ros_warehouse' build argument 'catkin_cmake_args' from command line to 'None'
[0.935s] Level 5:colcon.colcon_core.verb:set package 'moveit_ros_warehouse' build argument 'catkin_skip_building_tests' from command line to 'False'
[0.935s] DEBUG:colcon.colcon_core.verb:Building package 'moveit_ros_warehouse' with the following arguments: {'ament_cmake_args': None, 'build_base': '/home/jone/ws_moveit/build/moveit_ros_warehouse', 'catkin_cmake_args': None, 'catkin_skip_building_tests': False, 'cmake_args': ['-DCMAKE_BUILD_TYPE=Debug'], 'cmake_clean_cache': False, 'cmake_clean_first': False, 'cmake_force_configure': False, 'cmake_target': None, 'cmake_target_skip_unavailable': False, 'install_base': '/home/jone/ws_moveit/install/moveit_ros_warehouse', 'merge_install': False, 'path': '/home/jone/ws_moveit/src/moveit2/moveit_ros/warehouse', 'symlink_install': False, 'test_result_base': None}
[0.936s] Level 5:colcon.colcon_core.verb:set package 'moveit_visual_tools' build argument 'cmake_args' from command line to '['-DCMAKE_BUILD_TYPE=Debug']'
[0.936s] Level 5:colcon.colcon_core.verb:set package 'moveit_visual_tools' build argument 'cmake_target' from command line to 'None'
[0.936s] Level 5:colcon.colcon_core.verb:set package 'moveit_visual_tools' build argument 'cmake_target_skip_unavailable' from command line to 'False'
[0.936s] Level 5:colcon.colcon_core.verb:set package 'moveit_visual_tools' build argument 'cmake_clean_cache' from command line to 'False'
[0.936s] Level 5:colcon.colcon_core.verb:set package 'moveit_visual_tools' build argument 'cmake_clean_first' from command line to 'False'
[0.936s] Level 5:colcon.colcon_core.verb:set package 'moveit_visual_tools' build argument 'cmake_force_configure' from command line to 'False'
[0.936s] Level 5:colcon.colcon_core.verb:set package 'moveit_visual_tools' build argument 'ament_cmake_args' from command line to 'None'
[0.936s] Level 5:colcon.colcon_core.verb:set package 'moveit_visual_tools' build argument 'catkin_cmake_args' from command line to 'None'
[0.936s] Level 5:colcon.colcon_core.verb:set package 'moveit_visual_tools' build argument 'catkin_skip_building_tests' from command line to 'False'
[0.936s] DEBUG:colcon.colcon_core.verb:Building package 'moveit_visual_tools' with the following arguments: {'ament_cmake_args': None, 'build_base': '/home/jone/ws_moveit/build/moveit_visual_tools', 'catkin_cmake_args': None, 'catkin_skip_building_tests': False, 'cmake_args': ['-DCMAKE_BUILD_TYPE=Debug'], 'cmake_clean_cache': False, 'cmake_clean_first': False, 'cmake_force_configure': False, 'cmake_target': None, 'cmake_target_skip_unavailable': False, 'install_base': '/home/jone/ws_moveit/install/moveit_visual_tools', 'merge_install': False, 'path': '/home/jone/ws_moveit/src/moveit_visual_tools', 'symlink_install': False, 'test_result_base': None}
[0.936s] Level 5:colcon.colcon_core.verb:set package 'moveit_ros_benchmarks' build argument 'cmake_args' from command line to '['-DCMAKE_BUILD_TYPE=Debug']'
[0.936s] Level 5:colcon.colcon_core.verb:set package 'moveit_ros_benchmarks' build argument 'cmake_target' from command line to 'None'
[0.936s] Level 5:colcon.colcon_core.verb:set package 'moveit_ros_benchmarks' build argument 'cmake_target_skip_unavailable' from command line to 'False'
[0.936s] Level 5:colcon.colcon_core.verb:set package 'moveit_ros_benchmarks' build argument 'cmake_clean_cache' from command line to 'False'
[0.936s] Level 5:colcon.colcon_core.verb:set package 'moveit_ros_benchmarks' build argument 'cmake_clean_first' from command line to 'False'
[0.936s] Level 5:colcon.colcon_core.verb:set package 'moveit_ros_benchmarks' build argument 'cmake_force_configure' from command line to 'False'
[0.936s] Level 5:colcon.colcon_core.verb:set package 'moveit_ros_benchmarks' build argument 'ament_cmake_args' from command line to 'None'
[0.936s] Level 5:colcon.colcon_core.verb:set package 'moveit_ros_benchmarks' build argument 'catkin_cmake_args' from command line to 'None'
[0.936s] Level 5:colcon.colcon_core.verb:set package 'moveit_ros_benchmarks' build argument 'catkin_skip_building_tests' from command line to 'False'
[0.936s] DEBUG:colcon.colcon_core.verb:Building package 'moveit_ros_benchmarks' with the following arguments: {'ament_cmake_args': None, 'build_base': '/home/jone/ws_moveit/build/moveit_ros_benchmarks', 'catkin_cmake_args': None, 'catkin_skip_building_tests': False, 'cmake_args': ['-DCMAKE_BUILD_TYPE=Debug'], 'cmake_clean_cache': False, 'cmake_clean_first': False, 'cmake_force_configure': False, 'cmake_target': None, 'cmake_target_skip_unavailable': False, 'install_base': '/home/jone/ws_moveit/install/moveit_ros_benchmarks', 'merge_install': False, 'path': '/home/jone/ws_moveit/src/moveit2/moveit_ros/benchmarks', 'symlink_install': False, 'test_result_base': None}
[0.936s] Level 5:colcon.colcon_core.verb:set package 'moveit_ros_move_group' build argument 'cmake_args' from command line to '['-DCMAKE_BUILD_TYPE=Debug']'
[0.936s] Level 5:colcon.colcon_core.verb:set package 'moveit_ros_move_group' build argument 'cmake_target' from command line to 'None'
[0.936s] Level 5:colcon.colcon_core.verb:set package 'moveit_ros_move_group' build argument 'cmake_target_skip_unavailable' from command line to 'False'
[0.936s] Level 5:colcon.colcon_core.verb:set package 'moveit_ros_move_group' build argument 'cmake_clean_cache' from command line to 'False'
[0.936s] Level 5:colcon.colcon_core.verb:set package 'moveit_ros_move_group' build argument 'cmake_clean_first' from command line to 'False'
[0.937s] Level 5:colcon.colcon_core.verb:set package 'moveit_ros_move_group' build argument 'cmake_force_configure' from command line to 'False'
[0.937s] Level 5:colcon.colcon_core.verb:set package 'moveit_ros_move_group' build argument 'ament_cmake_args' from command line to 'None'
[0.937s] Level 5:colcon.colcon_core.verb:set package 'moveit_ros_move_group' build argument 'catkin_cmake_args' from command line to 'None'
[0.937s] Level 5:colcon.colcon_core.verb:set package 'moveit_ros_move_group' build argument 'catkin_skip_building_tests' from command line to 'False'
[0.937s] DEBUG:colcon.colcon_core.verb:Building package 'moveit_ros_move_group' with the following arguments: {'ament_cmake_args': None, 'build_base': '/home/jone/ws_moveit/build/moveit_ros_move_group', 'catkin_cmake_args': None, 'catkin_skip_building_tests': False, 'cmake_args': ['-DCMAKE_BUILD_TYPE=Debug'], 'cmake_clean_cache': False, 'cmake_clean_first': False, 'cmake_force_configure': False, 'cmake_target': None, 'cmake_target_skip_unavailable': False, 'install_base': '/home/jone/ws_moveit/install/moveit_ros_move_group', 'merge_install': False, 'path': '/home/jone/ws_moveit/src/moveit2/moveit_ros/move_group', 'symlink_install': False, 'test_result_base': None}
[0.937s] Level 5:colcon.colcon_core.verb:set package 'moveit_resources_prbt_moveit_config' build argument 'cmake_args' from command line to '['-DCMAKE_BUILD_TYPE=Debug']'
[0.937s] Level 5:colcon.colcon_core.verb:set package 'moveit_resources_prbt_moveit_config' build argument 'cmake_target' from command line to 'None'
[0.937s] Level 5:colcon.colcon_core.verb:set package 'moveit_resources_prbt_moveit_config' build argument 'cmake_target_skip_unavailable' from command line to 'False'
[0.937s] Level 5:colcon.colcon_core.verb:set package 'moveit_resources_prbt_moveit_config' build argument 'cmake_clean_cache' from command line to 'False'
[0.937s] Level 5:colcon.colcon_core.verb:set package 'moveit_resources_prbt_moveit_config' build argument 'cmake_clean_first' from command line to 'False'
[0.937s] Level 5:colcon.colcon_core.verb:set package 'moveit_resources_prbt_moveit_config' build argument 'cmake_force_configure' from command line to 'False'
[0.937s] Level 5:colcon.colcon_core.verb:set package 'moveit_resources_prbt_moveit_config' build argument 'ament_cmake_args' from command line to 'None'
[0.937s] Level 5:colcon.colcon_core.verb:set package 'moveit_resources_prbt_moveit_config' build argument 'catkin_cmake_args' from command line to 'None'
[0.937s] Level 5:colcon.colcon_core.verb:set package 'moveit_resources_prbt_moveit_config' build argument 'catkin_skip_building_tests' from command line to 'False'
[0.937s] DEBUG:colcon.colcon_core.verb:Building package 'moveit_resources_prbt_moveit_config' with the following arguments: {'ament_cmake_args': None, 'build_base': '/home/jone/ws_moveit/build/moveit_resources_prbt_moveit_config', 'catkin_cmake_args': None, 'catkin_skip_building_tests': False, 'cmake_args': ['-DCMAKE_BUILD_TYPE=Debug'], 'cmake_clean_cache': False, 'cmake_clean_first': False, 'cmake_force_configure': False, 'cmake_target': None, 'cmake_target_skip_unavailable': False, 'install_base': '/home/jone/ws_moveit/install/moveit_resources_prbt_moveit_config', 'merge_install': False, 'path': '/home/jone/ws_moveit/src/moveit2/moveit_planners/test_configs/prbt_moveit_config', 'symlink_install': False, 'test_result_base': None}
[0.937s] Level 5:colcon.colcon_core.verb:set package 'moveit_ros_planning_interface' build argument 'cmake_args' from command line to '['-DCMAKE_BUILD_TYPE=Debug']'
[0.937s] Level 5:colcon.colcon_core.verb:set package 'moveit_ros_planning_interface' build argument 'cmake_target' from command line to 'None'
[0.937s] Level 5:colcon.colcon_core.verb:set package 'moveit_ros_planning_interface' build argument 'cmake_target_skip_unavailable' from command line to 'False'
[0.937s] Level 5:colcon.colcon_core.verb:set package 'moveit_ros_planning_interface' build argument 'cmake_clean_cache' from command line to 'False'
[0.937s] Level 5:colcon.colcon_core.verb:set package 'moveit_ros_planning_interface' build argument 'cmake_clean_first' from command line to 'False'
[0.937s] Level 5:colcon.colcon_core.verb:set package 'moveit_ros_planning_interface' build argument 'cmake_force_configure' from command line to 'False'
[0.937s] Level 5:colcon.colcon_core.verb:set package 'moveit_ros_planning_interface' build argument 'ament_cmake_args' from command line to 'None'
[0.937s] Level 5:colcon.colcon_core.verb:set package 'moveit_ros_planning_interface' build argument 'catkin_cmake_args' from command line to 'None'
[0.937s] Level 5:colcon.colcon_core.verb:set package 'moveit_ros_planning_interface' build argument 'catkin_skip_building_tests' from command line to 'False'
[0.937s] DEBUG:colcon.colcon_core.verb:Building package 'moveit_ros_planning_interface' with the following arguments: {'ament_cmake_args': None, 'build_base': '/home/jone/ws_moveit/build/moveit_ros_planning_interface', 'catkin_cmake_args': None, 'catkin_skip_building_tests': False, 'cmake_args': ['-DCMAKE_BUILD_TYPE=Debug'], 'cmake_clean_cache': False, 'cmake_clean_first': False, 'cmake_force_configure': False, 'cmake_target': None, 'cmake_target_skip_unavailable': False, 'install_base': '/home/jone/ws_moveit/install/moveit_ros_planning_interface', 'merge_install': False, 'path': '/home/jone/ws_moveit/src/moveit2/moveit_ros/planning_interface', 'symlink_install': False, 'test_result_base': None}
[0.938s] Level 5:colcon.colcon_core.verb:set package 'hello_moveit' build argument 'cmake_args' from command line to '['-DCMAKE_BUILD_TYPE=Debug']'
[0.938s] Level 5:colcon.colcon_core.verb:set package 'hello_moveit' build argument 'cmake_target' from command line to 'None'
[0.938s] Level 5:colcon.colcon_core.verb:set package 'hello_moveit' build argument 'cmake_target_skip_unavailable' from command line to 'False'
[0.938s] Level 5:colcon.colcon_core.verb:set package 'hello_moveit' build argument 'cmake_clean_cache' from command line to 'False'
[0.938s] Level 5:colcon.colcon_core.verb:set package 'hello_moveit' build argument 'cmake_clean_first' from command line to 'False'
[0.938s] Level 5:colcon.colcon_core.verb:set package 'hello_moveit' build argument 'cmake_force_configure' from command line to 'False'
[0.938s] Level 5:colcon.colcon_core.verb:set package 'hello_moveit' build argument 'ament_cmake_args' from command line to 'None'
[0.938s] Level 5:colcon.colcon_core.verb:set package 'hello_moveit' build argument 'catkin_cmake_args' from command line to 'None'
[0.938s] Level 5:colcon.colcon_core.verb:set package 'hello_moveit' build argument 'catkin_skip_building_tests' from command line to 'False'
[0.938s] DEBUG:colcon.colcon_core.verb:Building package 'hello_moveit' with the following arguments: {'ament_cmake_args': None, 'build_base': '/home/jone/ws_moveit/build/hello_moveit', 'catkin_cmake_args': None, 'catkin_skip_building_tests': False, 'cmake_args': ['-DCMAKE_BUILD_TYPE=Debug'], 'cmake_clean_cache': False, 'cmake_clean_first': False, 'cmake_force_configure': False, 'cmake_target': None, 'cmake_target_skip_unavailable': False, 'install_base': '/home/jone/ws_moveit/install/hello_moveit', 'merge_install': False, 'path': '/home/jone/ws_moveit/src/hello_moveit', 'symlink_install': False, 'test_result_base': None}
[0.938s] Level 5:colcon.colcon_core.verb:set package 'moveit_hybrid_planning' build argument 'cmake_args' from command line to '['-DCMAKE_BUILD_TYPE=Debug']'
[0.938s] Level 5:colcon.colcon_core.verb:set package 'moveit_hybrid_planning' build argument 'cmake_target' from command line to 'None'
[0.938s] Level 5:colcon.colcon_core.verb:set package 'moveit_hybrid_planning' build argument 'cmake_target_skip_unavailable' from command line to 'False'
[0.938s] Level 5:colcon.colcon_core.verb:set package 'moveit_hybrid_planning' build argument 'cmake_clean_cache' from command line to 'False'
[0.938s] Level 5:colcon.colcon_core.verb:set package 'moveit_hybrid_planning' build argument 'cmake_clean_first' from command line to 'False'
[0.938s] Level 5:colcon.colcon_core.verb:set package 'moveit_hybrid_planning' build argument 'cmake_force_configure' from command line to 'False'
[0.938s] Level 5:colcon.colcon_core.verb:set package 'moveit_hybrid_planning' build argument 'ament_cmake_args' from command line to 'None'
[0.938s] Level 5:colcon.colcon_core.verb:set package 'moveit_hybrid_planning' build argument 'catkin_cmake_args' from command line to 'None'
[0.938s] Level 5:colcon.colcon_core.verb:set package 'moveit_hybrid_planning' build argument 'catkin_skip_building_tests' from command line to 'False'
[0.938s] DEBUG:colcon.colcon_core.verb:Building package 'moveit_hybrid_planning' with the following arguments: {'ament_cmake_args': None, 'build_base': '/home/jone/ws_moveit/build/moveit_hybrid_planning', 'catkin_cmake_args': None, 'catkin_skip_building_tests': False, 'cmake_args': ['-DCMAKE_BUILD_TYPE=Debug'], 'cmake_clean_cache': False, 'cmake_clean_first': False, 'cmake_force_configure': False, 'cmake_target': None, 'cmake_target_skip_unavailable': False, 'install_base': '/home/jone/ws_moveit/install/moveit_hybrid_planning', 'merge_install': False, 'path': '/home/jone/ws_moveit/src/moveit2/moveit_ros/hybrid_planning', 'symlink_install': False, 'test_result_base': None}
[0.938s] Level 5:colcon.colcon_core.verb:set package 'moveit_resources_prbt_pg70_support' build argument 'cmake_args' from command line to '['-DCMAKE_BUILD_TYPE=Debug']'
[0.938s] Level 5:colcon.colcon_core.verb:set package 'moveit_resources_prbt_pg70_support' build argument 'cmake_target' from command line to 'None'
[0.938s] Level 5:colcon.colcon_core.verb:set package 'moveit_resources_prbt_pg70_support' build argument 'cmake_target_skip_unavailable' from command line to 'False'
[0.938s] Level 5:colcon.colcon_core.verb:set package 'moveit_resources_prbt_pg70_support' build argument 'cmake_clean_cache' from command line to 'False'
[0.938s] Level 5:colcon.colcon_core.verb:set package 'moveit_resources_prbt_pg70_support' build argument 'cmake_clean_first' from command line to 'False'
[0.938s] Level 5:colcon.colcon_core.verb:set package 'moveit_resources_prbt_pg70_support' build argument 'cmake_force_configure' from command line to 'False'
[0.938s] Level 5:colcon.colcon_core.verb:set package 'moveit_resources_prbt_pg70_support' build argument 'ament_cmake_args' from command line to 'None'
[0.938s] Level 5:colcon.colcon_core.verb:set package 'moveit_resources_prbt_pg70_support' build argument 'catkin_cmake_args' from command line to 'None'
[0.938s] Level 5:colcon.colcon_core.verb:set package 'moveit_resources_prbt_pg70_support' build argument 'catkin_skip_building_tests' from command line to 'False'
[0.939s] DEBUG:colcon.colcon_core.verb:Building package 'moveit_resources_prbt_pg70_support' with the following arguments: {'ament_cmake_args': None, 'build_base': '/home/jone/ws_moveit/build/moveit_resources_prbt_pg70_support', 'catkin_cmake_args': None, 'catkin_skip_building_tests': False, 'cmake_args': ['-DCMAKE_BUILD_TYPE=Debug'], 'cmake_clean_cache': False, 'cmake_clean_first': False, 'cmake_force_configure': False, 'cmake_target': None, 'cmake_target_skip_unavailable': False, 'install_base': '/home/jone/ws_moveit/install/moveit_resources_prbt_pg70_support', 'merge_install': False, 'path': '/home/jone/ws_moveit/src/moveit2/moveit_planners/test_configs/prbt_pg70_support', 'symlink_install': False, 'test_result_base': None}
[0.939s] Level 5:colcon.colcon_core.verb:set package 'moveit_ros_visualization' build argument 'cmake_args' from command line to '['-DCMAKE_BUILD_TYPE=Debug']'
[0.939s] Level 5:colcon.colcon_core.verb:set package 'moveit_ros_visualization' build argument 'cmake_target' from command line to 'None'
[0.939s] Level 5:colcon.colcon_core.verb:set package 'moveit_ros_visualization' build argument 'cmake_target_skip_unavailable' from command line to 'False'
[0.939s] Level 5:colcon.colcon_core.verb:set package 'moveit_ros_visualization' build argument 'cmake_clean_cache' from command line to 'False'
[0.939s] Level 5:colcon.colcon_core.verb:set package 'moveit_ros_visualization' build argument 'cmake_clean_first' from command line to 'False'
[0.939s] Level 5:colcon.colcon_core.verb:set package 'moveit_ros_visualization' build argument 'cmake_force_configure' from command line to 'False'
[0.939s] Level 5:colcon.colcon_core.verb:set package 'moveit_ros_visualization' build argument 'ament_cmake_args' from command line to 'None'
[0.939s] Level 5:colcon.colcon_core.verb:set package 'moveit_ros_visualization' build argument 'catkin_cmake_args' from command line to 'None'
[0.939s] Level 5:colcon.colcon_core.verb:set package 'moveit_ros_visualization' build argument 'catkin_skip_building_tests' from command line to 'False'
[0.939s] DEBUG:colcon.colcon_core.verb:Building package 'moveit_ros_visualization' with the following arguments: {'ament_cmake_args': None, 'build_base': '/home/jone/ws_moveit/build/moveit_ros_visualization', 'catkin_cmake_args': None, 'catkin_skip_building_tests': False, 'cmake_args': ['-DCMAKE_BUILD_TYPE=Debug'], 'cmake_clean_cache': False, 'cmake_clean_first': False, 'cmake_force_configure': False, 'cmake_target': None, 'cmake_target_skip_unavailable': False, 'install_base': '/home/jone/ws_moveit/install/moveit_ros_visualization', 'merge_install': False, 'path': '/home/jone/ws_moveit/src/moveit2/moveit_ros/visualization', 'symlink_install': False, 'test_result_base': None}
[0.939s] Level 5:colcon.colcon_core.verb:set package 'moveit_servo' build argument 'cmake_args' from command line to '['-DCMAKE_BUILD_TYPE=Debug']'
[0.939s] Level 5:colcon.colcon_core.verb:set package 'moveit_servo' build argument 'cmake_target' from command line to 'None'
[0.939s] Level 5:colcon.colcon_core.verb:set package 'moveit_servo' build argument 'cmake_target_skip_unavailable' from command line to 'False'
[0.939s] Level 5:colcon.colcon_core.verb:set package 'moveit_servo' build argument 'cmake_clean_cache' from command line to 'False'
[0.939s] Level 5:colcon.colcon_core.verb:set package 'moveit_servo' build argument 'cmake_clean_first' from command line to 'False'
[0.939s] Level 5:colcon.colcon_core.verb:set package 'moveit_servo' build argument 'cmake_force_configure' from command line to 'False'
[0.939s] Level 5:colcon.colcon_core.verb:set package 'moveit_servo' build argument 'ament_cmake_args' from command line to 'None'
[0.939s] Level 5:colcon.colcon_core.verb:set package 'moveit_servo' build argument 'catkin_cmake_args' from command line to 'None'
[0.939s] Level 5:colcon.colcon_core.verb:set package 'moveit_servo' build argument 'catkin_skip_building_tests' from command line to 'False'
[0.939s] DEBUG:colcon.colcon_core.verb:Building package 'moveit_servo' with the following arguments: {'ament_cmake_args': None, 'build_base': '/home/jone/ws_moveit/build/moveit_servo', 'catkin_cmake_args': None, 'catkin_skip_building_tests': False, 'cmake_args': ['-DCMAKE_BUILD_TYPE=Debug'], 'cmake_clean_cache': False, 'cmake_clean_first': False, 'cmake_force_configure': False, 'cmake_target': None, 'cmake_target_skip_unavailable': False, 'install_base': '/home/jone/ws_moveit/install/moveit_servo', 'merge_install': False, 'path': '/home/jone/ws_moveit/src/moveit2/moveit_ros/moveit_servo', 'symlink_install': False, 'test_result_base': None}
[0.940s] Level 5:colcon.colcon_core.verb:set package 'moveit_ros' build argument 'cmake_args' from command line to '['-DCMAKE_BUILD_TYPE=Debug']'
[0.940s] Level 5:colcon.colcon_core.verb:set package 'moveit_ros' build argument 'cmake_target' from command line to 'None'
[0.940s] Level 5:colcon.colcon_core.verb:set package 'moveit_ros' build argument 'cmake_target_skip_unavailable' from command line to 'False'
[0.940s] Level 5:colcon.colcon_core.verb:set package 'moveit_ros' build argument 'cmake_clean_cache' from command line to 'False'
[0.940s] Level 5:colcon.colcon_core.verb:set package 'moveit_ros' build argument 'cmake_clean_first' from command line to 'False'
[0.940s] Level 5:colcon.colcon_core.verb:set package 'moveit_ros' build argument 'cmake_force_configure' from command line to 'False'
[0.940s] Level 5:colcon.colcon_core.verb:set package 'moveit_ros' build argument 'ament_cmake_args' from command line to 'None'
[0.940s] Level 5:colcon.colcon_core.verb:set package 'moveit_ros' build argument 'catkin_cmake_args' from command line to 'None'
[0.940s] Level 5:colcon.colcon_core.verb:set package 'moveit_ros' build argument 'catkin_skip_building_tests' from command line to 'False'
[0.940s] DEBUG:colcon.colcon_core.verb:Building package 'moveit_ros' with the following arguments: {'ament_cmake_args': None, 'build_base': '/home/jone/ws_moveit/build/moveit_ros', 'catkin_cmake_args': None, 'catkin_skip_building_tests': False, 'cmake_args': ['-DCMAKE_BUILD_TYPE=Debug'], 'cmake_clean_cache': False, 'cmake_clean_first': False, 'cmake_force_configure': False, 'cmake_target': None, 'cmake_target_skip_unavailable': False, 'install_base': '/home/jone/ws_moveit/install/moveit_ros', 'merge_install': False, 'path': '/home/jone/ws_moveit/src/moveit2/moveit_ros/moveit_ros', 'symlink_install': False, 'test_result_base': None}
[0.940s] Level 5:colcon.colcon_core.verb:set package 'moveit_setup_framework' build argument 'cmake_args' from command line to '['-DCMAKE_BUILD_TYPE=Debug']'
[0.940s] Level 5:colcon.colcon_core.verb:set package 'moveit_setup_framework' build argument 'cmake_target' from command line to 'None'
[0.940s] Level 5:colcon.colcon_core.verb:set package 'moveit_setup_framework' build argument 'cmake_target_skip_unavailable' from command line to 'False'
[0.940s] Level 5:colcon.colcon_core.verb:set package 'moveit_setup_framework' build argument 'cmake_clean_cache' from command line to 'False'
[0.940s] Level 5:colcon.colcon_core.verb:set package 'moveit_setup_framework' build argument 'cmake_clean_first' from command line to 'False'
[0.940s] Level 5:colcon.colcon_core.verb:set package 'moveit_setup_framework' build argument 'cmake_force_configure' from command line to 'False'
[0.940s] Level 5:colcon.colcon_core.verb:set package 'moveit_setup_framework' build argument 'ament_cmake_args' from command line to 'None'
[0.940s] Level 5:colcon.colcon_core.verb:set package 'moveit_setup_framework' build argument 'catkin_cmake_args' from command line to 'None'
[0.940s] Level 5:colcon.colcon_core.verb:set package 'moveit_setup_framework' build argument 'catkin_skip_building_tests' from command line to 'False'
[0.940s] DEBUG:colcon.colcon_core.verb:Building package 'moveit_setup_framework' with the following arguments: {'ament_cmake_args': None, 'build_base': '/home/jone/ws_moveit/build/moveit_setup_framework', 'catkin_cmake_args': None, 'catkin_skip_building_tests': False, 'cmake_args': ['-DCMAKE_BUILD_TYPE=Debug'], 'cmake_clean_cache': False, 'cmake_clean_first': False, 'cmake_force_configure': False, 'cmake_target': None, 'cmake_target_skip_unavailable': False, 'install_base': '/home/jone/ws_moveit/install/moveit_setup_framework', 'merge_install': False, 'path': '/home/jone/ws_moveit/src/moveit2/moveit_setup_assistant/moveit_setup_framework', 'symlink_install': False, 'test_result_base': None}
[0.940s] Level 5:colcon.colcon_core.verb:set package 'pilz_industrial_motion_planner' build argument 'cmake_args' from command line to '['-DCMAKE_BUILD_TYPE=Debug']'
[0.940s] Level 5:colcon.colcon_core.verb:set package 'pilz_industrial_motion_planner' build argument 'cmake_target' from command line to 'None'
[0.940s] Level 5:colcon.colcon_core.verb:set package 'pilz_industrial_motion_planner' build argument 'cmake_target_skip_unavailable' from command line to 'False'
[0.940s] Level 5:colcon.colcon_core.verb:set package 'pilz_industrial_motion_planner' build argument 'cmake_clean_cache' from command line to 'False'
[0.940s] Level 5:colcon.colcon_core.verb:set package 'pilz_industrial_motion_planner' build argument 'cmake_clean_first' from command line to 'False'
[0.940s] Level 5:colcon.colcon_core.verb:set package 'pilz_industrial_motion_planner' build argument 'cmake_force_configure' from command line to 'False'
[0.940s] Level 5:colcon.colcon_core.verb:set package 'pilz_industrial_motion_planner' build argument 'ament_cmake_args' from command line to 'None'
[0.940s] Level 5:colcon.colcon_core.verb:set package 'pilz_industrial_motion_planner' build argument 'catkin_cmake_args' from command line to 'None'
[0.940s] Level 5:colcon.colcon_core.verb:set package 'pilz_industrial_motion_planner' build argument 'catkin_skip_building_tests' from command line to 'False'
[0.940s] DEBUG:colcon.colcon_core.verb:Building package 'pilz_industrial_motion_planner' with the following arguments: {'ament_cmake_args': None, 'build_base': '/home/jone/ws_moveit/build/pilz_industrial_motion_planner', 'catkin_cmake_args': None, 'catkin_skip_building_tests': False, 'cmake_args': ['-DCMAKE_BUILD_TYPE=Debug'], 'cmake_clean_cache': False, 'cmake_clean_first': False, 'cmake_force_configure': False, 'cmake_target': None, 'cmake_target_skip_unavailable': False, 'install_base': '/home/jone/ws_moveit/install/pilz_industrial_motion_planner', 'merge_install': False, 'path': '/home/jone/ws_moveit/src/moveit2/moveit_planners/pilz_industrial_motion_planner', 'symlink_install': False, 'test_result_base': None}
[0.941s] Level 5:colcon.colcon_core.verb:set package 'moveit_planners' build argument 'cmake_args' from command line to '['-DCMAKE_BUILD_TYPE=Debug']'
[0.941s] Level 5:colcon.colcon_core.verb:set package 'moveit_planners' build argument 'cmake_target' from command line to 'None'
[0.941s] Level 5:colcon.colcon_core.verb:set package 'moveit_planners' build argument 'cmake_target_skip_unavailable' from command line to 'False'
[0.941s] Level 5:colcon.colcon_core.verb:set package 'moveit_planners' build argument 'cmake_clean_cache' from command line to 'False'
[0.941s] Level 5:colcon.colcon_core.verb:set package 'moveit_planners' build argument 'cmake_clean_first' from command line to 'False'
[0.941s] Level 5:colcon.colcon_core.verb:set package 'moveit_planners' build argument 'cmake_force_configure' from command line to 'False'
[0.941s] Level 5:colcon.colcon_core.verb:set package 'moveit_planners' build argument 'ament_cmake_args' from command line to 'None'
[0.941s] Level 5:colcon.colcon_core.verb:set package 'moveit_planners' build argument 'catkin_cmake_args' from command line to 'None'
[0.941s] Level 5:colcon.colcon_core.verb:set package 'moveit_planners' build argument 'catkin_skip_building_tests' from command line to 'False'
[0.941s] DEBUG:colcon.colcon_core.verb:Building package 'moveit_planners' with the following arguments: {'ament_cmake_args': None, 'build_base': '/home/jone/ws_moveit/build/moveit_planners', 'catkin_cmake_args': None, 'catkin_skip_building_tests': False, 'cmake_args': ['-DCMAKE_BUILD_TYPE=Debug'], 'cmake_clean_cache': False, 'cmake_clean_first': False, 'cmake_force_configure': False, 'cmake_target': None, 'cmake_target_skip_unavailable': False, 'install_base': '/home/jone/ws_moveit/install/moveit_planners', 'merge_install': False, 'path': '/home/jone/ws_moveit/src/moveit2/moveit_planners/moveit_planners', 'symlink_install': False, 'test_result_base': None}
[0.941s] Level 5:colcon.colcon_core.verb:set package 'moveit_setup_app_plugins' build argument 'cmake_args' from command line to '['-DCMAKE_BUILD_TYPE=Debug']'
[0.941s] Level 5:colcon.colcon_core.verb:set package 'moveit_setup_app_plugins' build argument 'cmake_target' from command line to 'None'
[0.941s] Level 5:colcon.colcon_core.verb:set package 'moveit_setup_app_plugins' build argument 'cmake_target_skip_unavailable' from command line to 'False'
[0.941s] Level 5:colcon.colcon_core.verb:set package 'moveit_setup_app_plugins' build argument 'cmake_clean_cache' from command line to 'False'
[0.941s] Level 5:colcon.colcon_core.verb:set package 'moveit_setup_app_plugins' build argument 'cmake_clean_first' from command line to 'False'
[0.941s] Level 5:colcon.colcon_core.verb:set package 'moveit_setup_app_plugins' build argument 'cmake_force_configure' from command line to 'False'
[0.941s] Level 5:colcon.colcon_core.verb:set package 'moveit_setup_app_plugins' build argument 'ament_cmake_args' from command line to 'None'
[0.941s] Level 5:colcon.colcon_core.verb:set package 'moveit_setup_app_plugins' build argument 'catkin_cmake_args' from command line to 'None'
[0.941s] Level 5:colcon.colcon_core.verb:set package 'moveit_setup_app_plugins' build argument 'catkin_skip_building_tests' from command line to 'False'
[0.941s] DEBUG:colcon.colcon_core.verb:Building package 'moveit_setup_app_plugins' with the following arguments: {'ament_cmake_args': None, 'build_base': '/home/jone/ws_moveit/build/moveit_setup_app_plugins', 'catkin_cmake_args': None, 'catkin_skip_building_tests': False, 'cmake_args': ['-DCMAKE_BUILD_TYPE=Debug'], 'cmake_clean_cache': False, 'cmake_clean_first': False, 'cmake_force_configure': False, 'cmake_target': None, 'cmake_target_skip_unavailable': False, 'install_base': '/home/jone/ws_moveit/install/moveit_setup_app_plugins', 'merge_install': False, 'path': '/home/jone/ws_moveit/src/moveit2/moveit_setup_assistant/moveit_setup_app_plugins', 'symlink_install': False, 'test_result_base': None}
[0.941s] Level 5:colcon.colcon_core.verb:set package 'moveit_setup_controllers' build argument 'cmake_args' from command line to '['-DCMAKE_BUILD_TYPE=Debug']'
[0.941s] Level 5:colcon.colcon_core.verb:set package 'moveit_setup_controllers' build argument 'cmake_target' from command line to 'None'
[0.941s] Level 5:colcon.colcon_core.verb:set package 'moveit_setup_controllers' build argument 'cmake_target_skip_unavailable' from command line to 'False'
[0.942s] Level 5:colcon.colcon_core.verb:set package 'moveit_setup_controllers' build argument 'cmake_clean_cache' from command line to 'False'
[0.942s] Level 5:colcon.colcon_core.verb:set package 'moveit_setup_controllers' build argument 'cmake_clean_first' from command line to 'False'
[0.942s] Level 5:colcon.colcon_core.verb:set package 'moveit_setup_controllers' build argument 'cmake_force_configure' from command line to 'False'
[0.942s] Level 5:colcon.colcon_core.verb:set package 'moveit_setup_controllers' build argument 'ament_cmake_args' from command line to 'None'
[0.942s] Level 5:colcon.colcon_core.verb:set package 'moveit_setup_controllers' build argument 'catkin_cmake_args' from command line to 'None'
[0.942s] Level 5:colcon.colcon_core.verb:set package 'moveit_setup_controllers' build argument 'catkin_skip_building_tests' from command line to 'False'
[0.942s] DEBUG:colcon.colcon_core.verb:Building package 'moveit_setup_controllers' with the following arguments: {'ament_cmake_args': None, 'build_base': '/home/jone/ws_moveit/build/moveit_setup_controllers', 'catkin_cmake_args': None, 'catkin_skip_building_tests': False, 'cmake_args': ['-DCMAKE_BUILD_TYPE=Debug'], 'cmake_clean_cache': False, 'cmake_clean_first': False, 'cmake_force_configure': False, 'cmake_target': None, 'cmake_target_skip_unavailable': False, 'install_base': '/home/jone/ws_moveit/install/moveit_setup_controllers', 'merge_install': False, 'path': '/home/jone/ws_moveit/src/moveit2/moveit_setup_assistant/moveit_setup_controllers', 'symlink_install': False, 'test_result_base': None}
[0.942s] Level 5:colcon.colcon_core.verb:set package 'moveit_setup_core_plugins' build argument 'cmake_args' from command line to '['-DCMAKE_BUILD_TYPE=Debug']'
[0.942s] Level 5:colcon.colcon_core.verb:set package 'moveit_setup_core_plugins' build argument 'cmake_target' from command line to 'None'
[0.942s] Level 5:colcon.colcon_core.verb:set package 'moveit_setup_core_plugins' build argument 'cmake_target_skip_unavailable' from command line to 'False'
[0.942s] Level 5:colcon.colcon_core.verb:set package 'moveit_setup_core_plugins' build argument 'cmake_clean_cache' from command line to 'False'
[0.942s] Level 5:colcon.colcon_core.verb:set package 'moveit_setup_core_plugins' build argument 'cmake_clean_first' from command line to 'False'
[0.942s] Level 5:colcon.colcon_core.verb:set package 'moveit_setup_core_plugins' build argument 'cmake_force_configure' from command line to 'False'
[0.942s] Level 5:colcon.colcon_core.verb:set package 'moveit_setup_core_plugins' build argument 'ament_cmake_args' from command line to 'None'
[0.942s] Level 5:colcon.colcon_core.verb:set package 'moveit_setup_core_plugins' build argument 'catkin_cmake_args' from command line to 'None'
[0.942s] Level 5:colcon.colcon_core.verb:set package 'moveit_setup_core_plugins' build argument 'catkin_skip_building_tests' from command line to 'False'
[0.942s] DEBUG:colcon.colcon_core.verb:Building package 'moveit_setup_core_plugins' with the following arguments: {'ament_cmake_args': None, 'build_base': '/home/jone/ws_moveit/build/moveit_setup_core_plugins', 'catkin_cmake_args': None, 'catkin_skip_building_tests': False, 'cmake_args': ['-DCMAKE_BUILD_TYPE=Debug'], 'cmake_clean_cache': False, 'cmake_clean_first': False, 'cmake_force_configure': False, 'cmake_target': None, 'cmake_target_skip_unavailable': False, 'install_base': '/home/jone/ws_moveit/install/moveit_setup_core_plugins', 'merge_install': False, 'path': '/home/jone/ws_moveit/src/moveit2/moveit_setup_assistant/moveit_setup_core_plugins', 'symlink_install': False, 'test_result_base': None}
[0.942s] Level 5:colcon.colcon_core.verb:set package 'moveit_setup_srdf_plugins' build argument 'cmake_args' from command line to '['-DCMAKE_BUILD_TYPE=Debug']'
[0.942s] Level 5:colcon.colcon_core.verb:set package 'moveit_setup_srdf_plugins' build argument 'cmake_target' from command line to 'None'
[0.942s] Level 5:colcon.colcon_core.verb:set package 'moveit_setup_srdf_plugins' build argument 'cmake_target_skip_unavailable' from command line to 'False'
[0.942s] Level 5:colcon.colcon_core.verb:set package 'moveit_setup_srdf_plugins' build argument 'cmake_clean_cache' from command line to 'False'
[0.942s] Level 5:colcon.colcon_core.verb:set package 'moveit_setup_srdf_plugins' build argument 'cmake_clean_first' from command line to 'False'
[0.942s] Level 5:colcon.colcon_core.verb:set package 'moveit_setup_srdf_plugins' build argument 'cmake_force_configure' from command line to 'False'
[0.942s] Level 5:colcon.colcon_core.verb:set package 'moveit_setup_srdf_plugins' build argument 'ament_cmake_args' from command line to 'None'
[0.942s] Level 5:colcon.colcon_core.verb:set package 'moveit_setup_srdf_plugins' build argument 'catkin_cmake_args' from command line to 'None'
[0.942s] Level 5:colcon.colcon_core.verb:set package 'moveit_setup_srdf_plugins' build argument 'catkin_skip_building_tests' from command line to 'False'
[0.942s] DEBUG:colcon.colcon_core.verb:Building package 'moveit_setup_srdf_plugins' with the following arguments: {'ament_cmake_args': None, 'build_base': '/home/jone/ws_moveit/build/moveit_setup_srdf_plugins', 'catkin_cmake_args': None, 'catkin_skip_building_tests': False, 'cmake_args': ['-DCMAKE_BUILD_TYPE=Debug'], 'cmake_clean_cache': False, 'cmake_clean_first': False, 'cmake_force_configure': False, 'cmake_target': None, 'cmake_target_skip_unavailable': False, 'install_base': '/home/jone/ws_moveit/install/moveit_setup_srdf_plugins', 'merge_install': False, 'path': '/home/jone/ws_moveit/src/moveit2/moveit_setup_assistant/moveit_setup_srdf_plugins', 'symlink_install': False, 'test_result_base': None}
[0.943s] Level 5:colcon.colcon_core.verb:set package 'moveit_runtime' build argument 'cmake_args' from command line to '['-DCMAKE_BUILD_TYPE=Debug']'
[0.943s] Level 5:colcon.colcon_core.verb:set package 'moveit_runtime' build argument 'cmake_target' from command line to 'None'
[0.943s] Level 5:colcon.colcon_core.verb:set package 'moveit_runtime' build argument 'cmake_target_skip_unavailable' from command line to 'False'
[0.943s] Level 5:colcon.colcon_core.verb:set package 'moveit_runtime' build argument 'cmake_clean_cache' from command line to 'False'
[0.943s] Level 5:colcon.colcon_core.verb:set package 'moveit_runtime' build argument 'cmake_clean_first' from command line to 'False'
[0.943s] Level 5:colcon.colcon_core.verb:set package 'moveit_runtime' build argument 'cmake_force_configure' from command line to 'False'
[0.943s] Level 5:colcon.colcon_core.verb:set package 'moveit_runtime' build argument 'ament_cmake_args' from command line to 'None'
[0.943s] Level 5:colcon.colcon_core.verb:set package 'moveit_runtime' build argument 'catkin_cmake_args' from command line to 'None'
[0.943s] Level 5:colcon.colcon_core.verb:set package 'moveit_runtime' build argument 'catkin_skip_building_tests' from command line to 'False'
[0.943s] DEBUG:colcon.colcon_core.verb:Building package 'moveit_runtime' with the following arguments: {'ament_cmake_args': None, 'build_base': '/home/jone/ws_moveit/build/moveit_runtime', 'catkin_cmake_args': None, 'catkin_skip_building_tests': False, 'cmake_args': ['-DCMAKE_BUILD_TYPE=Debug'], 'cmake_clean_cache': False, 'cmake_clean_first': False, 'cmake_force_configure': False, 'cmake_target': None, 'cmake_target_skip_unavailable': False, 'install_base': '/home/jone/ws_moveit/install/moveit_runtime', 'merge_install': False, 'path': '/home/jone/ws_moveit/src/moveit2/moveit_runtime', 'symlink_install': False, 'test_result_base': None}
[0.943s] Level 5:colcon.colcon_core.verb:set package 'moveit_setup_assistant' build argument 'cmake_args' from command line to '['-DCMAKE_BUILD_TYPE=Debug']'
[0.943s] Level 5:colcon.colcon_core.verb:set package 'moveit_setup_assistant' build argument 'cmake_target' from command line to 'None'
[0.943s] Level 5:colcon.colcon_core.verb:set package 'moveit_setup_assistant' build argument 'cmake_target_skip_unavailable' from command line to 'False'
[0.943s] Level 5:colcon.colcon_core.verb:set package 'moveit_setup_assistant' build argument 'cmake_clean_cache' from command line to 'False'
[0.943s] Level 5:colcon.colcon_core.verb:set package 'moveit_setup_assistant' build argument 'cmake_clean_first' from command line to 'False'
[0.943s] Level 5:colcon.colcon_core.verb:set package 'moveit_setup_assistant' build argument 'cmake_force_configure' from command line to 'False'
[0.943s] Level 5:colcon.colcon_core.verb:set package 'moveit_setup_assistant' build argument 'ament_cmake_args' from command line to 'None'
[0.943s] Level 5:colcon.colcon_core.verb:set package 'moveit_setup_assistant' build argument 'catkin_cmake_args' from command line to 'None'
[0.943s] Level 5:colcon.colcon_core.verb:set package 'moveit_setup_assistant' build argument 'catkin_skip_building_tests' from command line to 'False'
[0.943s] DEBUG:colcon.colcon_core.verb:Building package 'moveit_setup_assistant' with the following arguments: {'ament_cmake_args': None, 'build_base': '/home/jone/ws_moveit/build/moveit_setup_assistant', 'catkin_cmake_args': None, 'catkin_skip_building_tests': False, 'cmake_args': ['-DCMAKE_BUILD_TYPE=Debug'], 'cmake_clean_cache': False, 'cmake_clean_first': False, 'cmake_force_configure': False, 'cmake_target': None, 'cmake_target_skip_unavailable': False, 'install_base': '/home/jone/ws_moveit/install/moveit_setup_assistant', 'merge_install': False, 'path': '/home/jone/ws_moveit/src/moveit2/moveit_setup_assistant/moveit_setup_assistant', 'symlink_install': False, 'test_result_base': None}
[0.943s] Level 5:colcon.colcon_core.verb:set package 'moveit_task_constructor_core' build argument 'cmake_args' from command line to '['-DCMAKE_BUILD_TYPE=Debug']'
[0.943s] Level 5:colcon.colcon_core.verb:set package 'moveit_task_constructor_core' build argument 'cmake_target' from command line to 'None'
[0.943s] Level 5:colcon.colcon_core.verb:set package 'moveit_task_constructor_core' build argument 'cmake_target_skip_unavailable' from command line to 'False'
[0.943s] Level 5:colcon.colcon_core.verb:set package 'moveit_task_constructor_core' build argument 'cmake_clean_cache' from command line to 'False'
[0.943s] Level 5:colcon.colcon_core.verb:set package 'moveit_task_constructor_core' build argument 'cmake_clean_first' from command line to 'False'
[0.944s] Level 5:colcon.colcon_core.verb:set package 'moveit_task_constructor_core' build argument 'cmake_force_configure' from command line to 'False'
[0.944s] Level 5:colcon.colcon_core.verb:set package 'moveit_task_constructor_core' build argument 'ament_cmake_args' from command line to 'None'
[0.944s] Level 5:colcon.colcon_core.verb:set package 'moveit_task_constructor_core' build argument 'catkin_cmake_args' from command line to 'None'
[0.944s] Level 5:colcon.colcon_core.verb:set package 'moveit_task_constructor_core' build argument 'catkin_skip_building_tests' from command line to 'False'
[0.944s] DEBUG:colcon.colcon_core.verb:Building package 'moveit_task_constructor_core' with the following arguments: {'ament_cmake_args': None, 'build_base': '/home/jone/ws_moveit/build/moveit_task_constructor_core', 'catkin_cmake_args': None, 'catkin_skip_building_tests': False, 'cmake_args': ['-DCMAKE_BUILD_TYPE=Debug'], 'cmake_clean_cache': False, 'cmake_clean_first': False, 'cmake_force_configure': False, 'cmake_target': None, 'cmake_target_skip_unavailable': False, 'install_base': '/home/jone/ws_moveit/install/moveit_task_constructor_core', 'merge_install': False, 'path': '/home/jone/ws_moveit/src/moveit_task_constructor/core', 'symlink_install': False, 'test_result_base': None}
[0.944s] Level 5:colcon.colcon_core.verb:set package 'moveit' build argument 'cmake_args' from command line to '['-DCMAKE_BUILD_TYPE=Debug']'
[0.944s] Level 5:colcon.colcon_core.verb:set package 'moveit' build argument 'cmake_target' from command line to 'None'
[0.944s] Level 5:colcon.colcon_core.verb:set package 'moveit' build argument 'cmake_target_skip_unavailable' from command line to 'False'
[0.944s] Level 5:colcon.colcon_core.verb:set package 'moveit' build argument 'cmake_clean_cache' from command line to 'False'
[0.944s] Level 5:colcon.colcon_core.verb:set package 'moveit' build argument 'cmake_clean_first' from command line to 'False'
[0.944s] Level 5:colcon.colcon_core.verb:set package 'moveit' build argument 'cmake_force_configure' from command line to 'False'
[0.944s] Level 5:colcon.colcon_core.verb:set package 'moveit' build argument 'ament_cmake_args' from command line to 'None'
[0.944s] Level 5:colcon.colcon_core.verb:set package 'moveit' build argument 'catkin_cmake_args' from command line to 'None'
[0.944s] Level 5:colcon.colcon_core.verb:set package 'moveit' build argument 'catkin_skip_building_tests' from command line to 'False'
[0.944s] DEBUG:colcon.colcon_core.verb:Building package 'moveit' with the following arguments: {'ament_cmake_args': None, 'build_base': '/home/jone/ws_moveit/build/moveit', 'catkin_cmake_args': None, 'catkin_skip_building_tests': False, 'cmake_args': ['-DCMAKE_BUILD_TYPE=Debug'], 'cmake_clean_cache': False, 'cmake_clean_first': False, 'cmake_force_configure': False, 'cmake_target': None, 'cmake_target_skip_unavailable': False, 'install_base': '/home/jone/ws_moveit/install/moveit', 'merge_install': False, 'path': '/home/jone/ws_moveit/src/moveit2/moveit', 'symlink_install': False, 'test_result_base': None}
[0.944s] Level 5:colcon.colcon_core.verb:set package 'moveit_task_constructor_capabilities' build argument 'cmake_args' from command line to '['-DCMAKE_BUILD_TYPE=Debug']'
[0.944s] Level 5:colcon.colcon_core.verb:set package 'moveit_task_constructor_capabilities' build argument 'cmake_target' from command line to 'None'
[0.944s] Level 5:colcon.colcon_core.verb:set package 'moveit_task_constructor_capabilities' build argument 'cmake_target_skip_unavailable' from command line to 'False'
[0.944s] Level 5:colcon.colcon_core.verb:set package 'moveit_task_constructor_capabilities' build argument 'cmake_clean_cache' from command line to 'False'
[0.944s] Level 5:colcon.colcon_core.verb:set package 'moveit_task_constructor_capabilities' build argument 'cmake_clean_first' from command line to 'False'
[0.944s] Level 5:colcon.colcon_core.verb:set package 'moveit_task_constructor_capabilities' build argument 'cmake_force_configure' from command line to 'False'
[0.944s] Level 5:colcon.colcon_core.verb:set package 'moveit_task_constructor_capabilities' build argument 'ament_cmake_args' from command line to 'None'
[0.944s] Level 5:colcon.colcon_core.verb:set package 'moveit_task_constructor_capabilities' build argument 'catkin_cmake_args' from command line to 'None'
[0.944s] Level 5:colcon.colcon_core.verb:set package 'moveit_task_constructor_capabilities' build argument 'catkin_skip_building_tests' from command line to 'False'
[0.944s] DEBUG:colcon.colcon_core.verb:Building package 'moveit_task_constructor_capabilities' with the following arguments: {'ament_cmake_args': None, 'build_base': '/home/jone/ws_moveit/build/moveit_task_constructor_capabilities', 'catkin_cmake_args': None, 'catkin_skip_building_tests': False, 'cmake_args': ['-DCMAKE_BUILD_TYPE=Debug'], 'cmake_clean_cache': False, 'cmake_clean_first': False, 'cmake_force_configure': False, 'cmake_target': None, 'cmake_target_skip_unavailable': False, 'install_base': '/home/jone/ws_moveit/install/moveit_task_constructor_capabilities', 'merge_install': False, 'path': '/home/jone/ws_moveit/src/moveit_task_constructor/capabilities', 'symlink_install': False, 'test_result_base': None}
[0.945s] Level 5:colcon.colcon_core.verb:set package 'moveit_task_constructor_visualization' build argument 'cmake_args' from command line to '['-DCMAKE_BUILD_TYPE=Debug']'
[0.945s] Level 5:colcon.colcon_core.verb:set package 'moveit_task_constructor_visualization' build argument 'cmake_target' from command line to 'None'
[0.945s] Level 5:colcon.colcon_core.verb:set package 'moveit_task_constructor_visualization' build argument 'cmake_target_skip_unavailable' from command line to 'False'
[0.945s] Level 5:colcon.colcon_core.verb:set package 'moveit_task_constructor_visualization' build argument 'cmake_clean_cache' from command line to 'False'
[0.945s] Level 5:colcon.colcon_core.verb:set package 'moveit_task_constructor_visualization' build argument 'cmake_clean_first' from command line to 'False'
[0.945s] Level 5:colcon.colcon_core.verb:set package 'moveit_task_constructor_visualization' build argument 'cmake_force_configure' from command line to 'False'
[0.945s] Level 5:colcon.colcon_core.verb:set package 'moveit_task_constructor_visualization' build argument 'ament_cmake_args' from command line to 'None'
[0.945s] Level 5:colcon.colcon_core.verb:set package 'moveit_task_constructor_visualization' build argument 'catkin_cmake_args' from command line to 'None'
[0.945s] Level 5:colcon.colcon_core.verb:set package 'moveit_task_constructor_visualization' build argument 'catkin_skip_building_tests' from command line to 'False'
[0.945s] DEBUG:colcon.colcon_core.verb:Building package 'moveit_task_constructor_visualization' with the following arguments: {'ament_cmake_args': None, 'build_base': '/home/jone/ws_moveit/build/moveit_task_constructor_visualization', 'catkin_cmake_args': None, 'catkin_skip_building_tests': False, 'cmake_args': ['-DCMAKE_BUILD_TYPE=Debug'], 'cmake_clean_cache': False, 'cmake_clean_first': False, 'cmake_force_configure': False, 'cmake_target': None, 'cmake_target_skip_unavailable': False, 'install_base': '/home/jone/ws_moveit/install/moveit_task_constructor_visualization', 'merge_install': False, 'path': '/home/jone/ws_moveit/src/moveit_task_constructor/visualization', 'symlink_install': False, 'test_result_base': None}
[0.945s] Level 5:colcon.colcon_core.verb:set package 'moveit2_tutorials' build argument 'cmake_args' from command line to '['-DCMAKE_BUILD_TYPE=Debug']'
[0.945s] Level 5:colcon.colcon_core.verb:set package 'moveit2_tutorials' build argument 'cmake_target' from command line to 'None'
[0.945s] Level 5:colcon.colcon_core.verb:set package 'moveit2_tutorials' build argument 'cmake_target_skip_unavailable' from command line to 'False'
[0.945s] Level 5:colcon.colcon_core.verb:set package 'moveit2_tutorials' build argument 'cmake_clean_cache' from command line to 'False'
[0.945s] Level 5:colcon.colcon_core.verb:set package 'moveit2_tutorials' build argument 'cmake_clean_first' from command line to 'False'
[0.945s] Level 5:colcon.colcon_core.verb:set package 'moveit2_tutorials' build argument 'cmake_force_configure' from command line to 'False'
[0.945s] Level 5:colcon.colcon_core.verb:set package 'moveit2_tutorials' build argument 'ament_cmake_args' from command line to 'None'
[0.945s] Level 5:colcon.colcon_core.verb:set package 'moveit2_tutorials' build argument 'catkin_cmake_args' from command line to 'None'
[0.945s] Level 5:colcon.colcon_core.verb:set package 'moveit2_tutorials' build argument 'catkin_skip_building_tests' from command line to 'False'
[0.945s] DEBUG:colcon.colcon_core.verb:Building package 'moveit2_tutorials' with the following arguments: {'ament_cmake_args': None, 'build_base': '/home/jone/ws_moveit/build/moveit2_tutorials', 'catkin_cmake_args': None, 'catkin_skip_building_tests': False, 'cmake_args': ['-DCMAKE_BUILD_TYPE=Debug'], 'cmake_clean_cache': False, 'cmake_clean_first': False, 'cmake_force_configure': False, 'cmake_target': None, 'cmake_target_skip_unavailable': False, 'install_base': '/home/jone/ws_moveit/install/moveit2_tutorials', 'merge_install': False, 'path': '/home/jone/ws_moveit/src/moveit2_tutorials', 'symlink_install': False, 'test_result_base': None}
[0.945s] Level 5:colcon.colcon_core.verb:set package 'moveit_task_constructor_demo' build argument 'cmake_args' from command line to '['-DCMAKE_BUILD_TYPE=Debug']'
[0.945s] Level 5:colcon.colcon_core.verb:set package 'moveit_task_constructor_demo' build argument 'cmake_target' from command line to 'None'
[0.945s] Level 5:colcon.colcon_core.verb:set package 'moveit_task_constructor_demo' build argument 'cmake_target_skip_unavailable' from command line to 'False'
[0.945s] Level 5:colcon.colcon_core.verb:set package 'moveit_task_constructor_demo' build argument 'cmake_clean_cache' from command line to 'False'
[0.945s] Level 5:colcon.colcon_core.verb:set package 'moveit_task_constructor_demo' build argument 'cmake_clean_first' from command line to 'False'
[0.945s] Level 5:colcon.colcon_core.verb:set package 'moveit_task_constructor_demo' build argument 'cmake_force_configure' from command line to 'False'
[0.945s] Level 5:colcon.colcon_core.verb:set package 'moveit_task_constructor_demo' build argument 'ament_cmake_args' from command line to 'None'
[0.946s] Level 5:colcon.colcon_core.verb:set package 'moveit_task_constructor_demo' build argument 'catkin_cmake_args' from command line to 'None'
[0.946s] Level 5:colcon.colcon_core.verb:set package 'moveit_task_constructor_demo' build argument 'catkin_skip_building_tests' from command line to 'False'
[0.946s] DEBUG:colcon.colcon_core.verb:Building package 'moveit_task_constructor_demo' with the following arguments: {'ament_cmake_args': None, 'build_base': '/home/jone/ws_moveit/build/moveit_task_constructor_demo', 'catkin_cmake_args': None, 'catkin_skip_building_tests': False, 'cmake_args': ['-DCMAKE_BUILD_TYPE=Debug'], 'cmake_clean_cache': False, 'cmake_clean_first': False, 'cmake_force_configure': False, 'cmake_target': None, 'cmake_target_skip_unavailable': False, 'install_base': '/home/jone/ws_moveit/install/moveit_task_constructor_demo', 'merge_install': False, 'path': '/home/jone/ws_moveit/src/moveit_task_constructor/demo', 'symlink_install': False, 'test_result_base': None}
[0.946s] INFO:colcon.colcon_core.executor:Executing jobs using 'sequential' executor
[0.946s] DEBUG:colcon.colcon_core.executor.sequential:run_until_complete 'launch_param_builder'
[0.946s] INFO:colcon.colcon_ros.task.ament_python.build:Building ROS package in '/home/jone/ws_moveit/src/launch_param_builder' with build type 'ament_python'
[0.947s] Level 1:colcon.colcon_core.shell:create_environment_hook('launch_param_builder', 'ament_prefix_path')
[0.961s] INFO:colcon.colcon_core.plugin_system:Skipping extension 'colcon_core.shell.bat': Not used on non-Windows systems
[0.961s] INFO:colcon.colcon_core.shell:Creating environment hook '/home/jone/ws_moveit/install/launch_param_builder/share/launch_param_builder/hook/ament_prefix_path.ps1'
[0.962s] INFO:colcon.colcon_core.shell:Creating environment descriptor '/home/jone/ws_moveit/install/launch_param_builder/share/launch_param_builder/hook/ament_prefix_path.dsv'
[0.962s] INFO:colcon.colcon_core.shell:Creating environment hook '/home/jone/ws_moveit/install/launch_param_builder/share/launch_param_builder/hook/ament_prefix_path.sh'
[0.963s] INFO:colcon.colcon_core.shell:Skip shell extension 'powershell' for command environment: Not usable outside of PowerShell
[0.963s] DEBUG:colcon.colcon_core.shell:Skip shell extension 'dsv' for command environment
[1.179s] INFO:colcon.colcon_core.task.python.build:Building Python package in '/home/jone/ws_moveit/src/launch_param_builder'
[1.179s] INFO:colcon.colcon_core.shell:Skip shell extension 'powershell' for command environment: Not usable outside of PowerShell
[1.179s] DEBUG:colcon.colcon_core.shell:Skip shell extension 'dsv' for command environment
[1.611s] DEBUG:colcon.colcon_core.event_handler.log_command:Invoking command in '/home/jone/ws_moveit/src/launch_param_builder': PYTHONPATH=/home/jone/ws_moveit/build/launch_param_builder/prefix_override:/usr/lib/python3/dist-packages/colcon_core/task/python/colcon_distutils_commands:/home/jone/ws_moveit/install/launch_param_builder/lib/python3.10/site-packages:${PYTHONPATH} /usr/bin/python3 -W ignore:setup.py install is deprecated -W ignore:easy_install command is deprecated setup.py egg_info --egg-base ../../build/launch_param_builder build --build-base /home/jone/ws_moveit/build/launch_param_builder/build install --record /home/jone/ws_moveit/build/launch_param_builder/install.log --single-version-externally-managed install_data
[1.849s] DEBUG:colcon.colcon_core.event_handler.log_command:Invoked command in '/home/jone/ws_moveit/src/launch_param_builder' returned '0': PYTHONPATH=/home/jone/ws_moveit/build/launch_param_builder/prefix_override:/usr/lib/python3/dist-packages/colcon_core/task/python/colcon_distutils_commands:/home/jone/ws_moveit/install/launch_param_builder/lib/python3.10/site-packages:${PYTHONPATH} /usr/bin/python3 -W ignore:setup.py install is deprecated -W ignore:easy_install command is deprecated setup.py egg_info --egg-base ../../build/launch_param_builder build --build-base /home/jone/ws_moveit/build/launch_param_builder/build install --record /home/jone/ws_moveit/build/launch_param_builder/install.log --single-version-externally-managed install_data
[1.855s] Level 1:colcon.colcon_core.environment:checking '/home/jone/ws_moveit/install/launch_param_builder' for CMake module files
[1.855s] Level 1:colcon.colcon_core.environment:checking '/home/jone/ws_moveit/install/launch_param_builder' for CMake config files
[1.856s] Level 1:colcon.colcon_core.environment:checking '/home/jone/ws_moveit/install/launch_param_builder/lib'
[1.856s] Level 1:colcon.colcon_core.environment:checking '/home/jone/ws_moveit/install/launch_param_builder/bin'
[1.856s] Level 1:colcon.colcon_core.environment:checking '/home/jone/ws_moveit/install/launch_param_builder/lib/pkgconfig/launch_param_builder.pc'
[1.856s] Level 1:colcon.colcon_core.environment:checking '/home/jone/ws_moveit/install/launch_param_builder/lib/python3.10/site-packages'
[1.856s] Level 1:colcon.colcon_core.shell:create_environment_hook('launch_param_builder', 'pythonpath')
[1.857s] INFO:colcon.colcon_core.shell:Creating environment hook '/home/jone/ws_moveit/install/launch_param_builder/share/launch_param_builder/hook/pythonpath.ps1'
[1.857s] INFO:colcon.colcon_core.shell:Creating environment descriptor '/home/jone/ws_moveit/install/launch_param_builder/share/launch_param_builder/hook/pythonpath.dsv'
[1.857s] INFO:colcon.colcon_core.shell:Creating environment hook '/home/jone/ws_moveit/install/launch_param_builder/share/launch_param_builder/hook/pythonpath.sh'
[1.858s] Level 1:colcon.colcon_core.environment:checking '/home/jone/ws_moveit/install/launch_param_builder/bin'
[1.858s] Level 1:colcon.colcon_core.environment:create_environment_scripts_only(launch_param_builder)
[1.858s] INFO:colcon.colcon_core.shell:Creating package script '/home/jone/ws_moveit/install/launch_param_builder/share/launch_param_builder/package.ps1'
[1.858s] INFO:colcon.colcon_core.shell:Creating package descriptor '/home/jone/ws_moveit/install/launch_param_builder/share/launch_param_builder/package.dsv'
[1.859s] INFO:colcon.colcon_core.shell:Creating package script '/home/jone/ws_moveit/install/launch_param_builder/share/launch_param_builder/package.sh'
[1.859s] INFO:colcon.colcon_core.shell:Creating package script '/home/jone/ws_moveit/install/launch_param_builder/share/launch_param_builder/package.bash'
[1.860s] INFO:colcon.colcon_core.shell:Creating package script '/home/jone/ws_moveit/install/launch_param_builder/share/launch_param_builder/package.zsh'
[1.860s] Level 1:colcon.colcon_core.environment:create_file_with_runtime_dependencies(/home/jone/ws_moveit/install/launch_param_builder/share/colcon-core/packages/launch_param_builder)
[1.860s] DEBUG:colcon.colcon_core.executor.sequential:run_until_complete 'launch_param_builder' finished with '0'
[1.860s] DEBUG:colcon.colcon_core.executor.sequential:run_until_complete 'moveit_common'
[1.860s] INFO:colcon.colcon_ros.task.ament_cmake.build:Building ROS package in '/home/jone/ws_moveit/src/moveit2/moveit_common' with build type 'ament_cmake'
[1.861s] INFO:colcon.colcon_cmake.task.cmake.build:Building CMake package in '/home/jone/ws_moveit/src/moveit2/moveit_common'
[1.861s] INFO:colcon.colcon_core.shell:Skip shell extension 'powershell' for command environment: Not usable outside of PowerShell
[1.861s] DEBUG:colcon.colcon_core.shell:Skip shell extension 'dsv' for command environment
[1.873s] DEBUG:colcon.colcon_core.event_handler.log_command:Invoking command in '/home/jone/ws_moveit/build/moveit_common': CMAKE_PREFIX_PATH=${CMAKE_PREFIX_PATH}:/home/jone/ws_moveit/install/moveit_configs_utils:/home/jone/ws_moveit/install/launch_param_builder:/opt/ros/humble /usr/bin/cmake --build /home/jone/ws_moveit/build/moveit_common
[1.942s] DEBUG:colcon.colcon_core.event_handler.log_command:Invoked command in '/home/jone/ws_moveit/build/moveit_common' returned '0': CMAKE_PREFIX_PATH=${CMAKE_PREFIX_PATH}:/home/jone/ws_moveit/install/moveit_configs_utils:/home/jone/ws_moveit/install/launch_param_builder:/opt/ros/humble /usr/bin/cmake --build /home/jone/ws_moveit/build/moveit_common
[1.956s] DEBUG:colcon.colcon_core.event_handler.log_command:Invoking command in '/home/jone/ws_moveit/build/moveit_common': CMAKE_PREFIX_PATH=${CMAKE_PREFIX_PATH}:/home/jone/ws_moveit/install/moveit_configs_utils:/home/jone/ws_moveit/install/launch_param_builder:/opt/ros/humble /usr/bin/cmake --install /home/jone/ws_moveit/build/moveit_common
[1.980s] Level 1:colcon.colcon_core.environment:create_environment_scripts_only(moveit_common)
[1.980s] DEBUG:colcon.colcon_core.event_handler.log_command:Invoked command in '/home/jone/ws_moveit/build/moveit_common' returned '0': CMAKE_PREFIX_PATH=${CMAKE_PREFIX_PATH}:/home/jone/ws_moveit/install/moveit_configs_utils:/home/jone/ws_moveit/install/launch_param_builder:/opt/ros/humble /usr/bin/cmake --install /home/jone/ws_moveit/build/moveit_common
[1.980s] Level 1:colcon.colcon_core.environment:checking '/home/jone/ws_moveit/install/moveit_common' for CMake module files
[1.981s] Level 1:colcon.colcon_core.environment:checking '/home/jone/ws_moveit/install/moveit_common' for CMake config files
[1.981s] Level 1:colcon.colcon_core.shell:create_environment_hook('moveit_common', 'cmake_prefix_path')
[1.981s] INFO:colcon.colcon_core.shell:Creating environment hook '/home/jone/ws_moveit/install/moveit_common/share/moveit_common/hook/cmake_prefix_path.ps1'
[1.982s] INFO:colcon.colcon_core.shell:Creating environment descriptor '/home/jone/ws_moveit/install/moveit_common/share/moveit_common/hook/cmake_prefix_path.dsv'
[1.982s] INFO:colcon.colcon_core.shell:Creating environment hook '/home/jone/ws_moveit/install/moveit_common/share/moveit_common/hook/cmake_prefix_path.sh'
[1.982s] Level 1:colcon.colcon_core.environment:checking '/home/jone/ws_moveit/install/moveit_common/bin'
[1.983s] Level 1:colcon.colcon_core.environment:checking '/home/jone/ws_moveit/install/moveit_common/lib/pkgconfig/moveit_common.pc'
[1.983s] Level 1:colcon.colcon_core.environment:checking '/home/jone/ws_moveit/install/moveit_common/lib/python3.10/site-packages'
[1.983s] Level 1:colcon.colcon_core.environment:checking '/home/jone/ws_moveit/install/moveit_common/bin'
[1.983s] INFO:colcon.colcon_core.shell:Creating package script '/home/jone/ws_moveit/install/moveit_common/share/moveit_common/package.ps1'
[1.983s] INFO:colcon.colcon_core.shell:Creating package descriptor '/home/jone/ws_moveit/install/moveit_common/share/moveit_common/package.dsv'
[1.984s] INFO:colcon.colcon_core.shell:Creating package script '/home/jone/ws_moveit/install/moveit_common/share/moveit_common/package.sh'
[1.984s] INFO:colcon.colcon_core.shell:Creating package script '/home/jone/ws_moveit/install/moveit_common/share/moveit_common/package.bash'
[1.984s] INFO:colcon.colcon_core.shell:Creating package script '/home/jone/ws_moveit/install/moveit_common/share/moveit_common/package.zsh'
[1.985s] Level 1:colcon.colcon_core.environment:create_file_with_runtime_dependencies(/home/jone/ws_moveit/install/moveit_common/share/colcon-core/packages/moveit_common)
[1.985s] Level 1:colcon.colcon_core.environment:create_environment_scripts_only(moveit_common)
[1.985s] Level 1:colcon.colcon_core.environment:checking '/home/jone/ws_moveit/install/moveit_common' for CMake module files
[1.985s] Level 1:colcon.colcon_core.environment:checking '/home/jone/ws_moveit/install/moveit_common' for CMake config files
[1.986s] Level 1:colcon.colcon_core.shell:create_environment_hook('moveit_common', 'cmake_prefix_path')
[1.986s] INFO:colcon.colcon_core.shell:Creating environment hook '/home/jone/ws_moveit/install/moveit_common/share/moveit_common/hook/cmake_prefix_path.ps1'
[1.986s] INFO:colcon.colcon_core.shell:Creating environment descriptor '/home/jone/ws_moveit/install/moveit_common/share/moveit_common/hook/cmake_prefix_path.dsv'
[1.986s] INFO:colcon.colcon_core.shell:Creating environment hook '/home/jone/ws_moveit/install/moveit_common/share/moveit_common/hook/cmake_prefix_path.sh'
[1.987s] Level 1:colcon.colcon_core.environment:checking '/home/jone/ws_moveit/install/moveit_common/bin'
[1.987s] Level 1:colcon.colcon_core.environment:checking '/home/jone/ws_moveit/install/moveit_common/lib/pkgconfig/moveit_common.pc'
[1.987s] Level 1:colcon.colcon_core.environment:checking '/home/jone/ws_moveit/install/moveit_common/lib/python3.10/site-packages'
[1.987s] Level 1:colcon.colcon_core.environment:checking '/home/jone/ws_moveit/install/moveit_common/bin'
[1.987s] INFO:colcon.colcon_core.shell:Creating package script '/home/jone/ws_moveit/install/moveit_common/share/moveit_common/package.ps1'
[1.988s] INFO:colcon.colcon_core.shell:Creating package descriptor '/home/jone/ws_moveit/install/moveit_common/share/moveit_common/package.dsv'
[1.988s] INFO:colcon.colcon_core.shell:Creating package script '/home/jone/ws_moveit/install/moveit_common/share/moveit_common/package.sh'
[1.988s] INFO:colcon.colcon_core.shell:Creating package script '/home/jone/ws_moveit/install/moveit_common/share/moveit_common/package.bash'
[1.988s] INFO:colcon.colcon_core.shell:Creating package script '/home/jone/ws_moveit/install/moveit_common/share/moveit_common/package.zsh'
[1.989s] Level 1:colcon.colcon_core.environment:create_file_with_runtime_dependencies(/home/jone/ws_moveit/install/moveit_common/share/colcon-core/packages/moveit_common)
[1.989s] DEBUG:colcon.colcon_core.executor.sequential:run_until_complete 'moveit_common' finished with '0'
[1.989s] DEBUG:colcon.colcon_core.executor.sequential:run_until_complete 'moveit_resources_fanuc_description'
[1.989s] INFO:colcon.colcon_ros.task.ament_cmake.build:Building ROS package in '/home/jone/ws_moveit/src/moveit_resources/fanuc_description' with build type 'ament_cmake'
[1.989s] INFO:colcon.colcon_cmake.task.cmake.build:Building CMake package in '/home/jone/ws_moveit/src/moveit_resources/fanuc_description'
[1.989s] INFO:colcon.colcon_core.shell:Skip shell extension 'powershell' for command environment: Not usable outside of PowerShell
[1.989s] DEBUG:colcon.colcon_core.shell:Skip shell extension 'dsv' for command environment
[2.001s] DEBUG:colcon.colcon_core.event_handler.log_command:Invoking command in '/home/jone/ws_moveit/build/moveit_resources_fanuc_description': CMAKE_PREFIX_PATH=${CMAKE_PREFIX_PATH}:/home/jone/ws_moveit/install/moveit_configs_utils:/home/jone/ws_moveit/install/launch_param_builder:/opt/ros/humble /usr/bin/cmake --build /home/jone/ws_moveit/build/moveit_resources_fanuc_description
[2.053s] DEBUG:colcon.colcon_core.event_handler.log_command:Invoked command in '/home/jone/ws_moveit/build/moveit_resources_fanuc_description' returned '0': CMAKE_PREFIX_PATH=${CMAKE_PREFIX_PATH}:/home/jone/ws_moveit/install/moveit_configs_utils:/home/jone/ws_moveit/install/launch_param_builder:/opt/ros/humble /usr/bin/cmake --build /home/jone/ws_moveit/build/moveit_resources_fanuc_description
[2.055s] DEBUG:colcon.colcon_core.event_handler.log_command:Invoking command in '/home/jone/ws_moveit/build/moveit_resources_fanuc_description': CMAKE_PREFIX_PATH=${CMAKE_PREFIX_PATH}:/home/jone/ws_moveit/install/moveit_configs_utils:/home/jone/ws_moveit/install/launch_param_builder:/opt/ros/humble /usr/bin/cmake --install /home/jone/ws_moveit/build/moveit_resources_fanuc_description
[2.069s] Level 1:colcon.colcon_core.environment:create_environment_scripts_only(moveit_resources_fanuc_description)
[2.070s] Level 1:colcon.colcon_core.environment:checking '/home/jone/ws_moveit/install/moveit_resources_fanuc_description' for CMake module files
[2.070s] DEBUG:colcon.colcon_core.event_handler.log_command:Invoked command in '/home/jone/ws_moveit/build/moveit_resources_fanuc_description' returned '0': CMAKE_PREFIX_PATH=${CMAKE_PREFIX_PATH}:/home/jone/ws_moveit/install/moveit_configs_utils:/home/jone/ws_moveit/install/launch_param_builder:/opt/ros/humble /usr/bin/cmake --install /home/jone/ws_moveit/build/moveit_resources_fanuc_description
[2.070s] Level 1:colcon.colcon_core.environment:checking '/home/jone/ws_moveit/install/moveit_resources_fanuc_description' for CMake config files
[2.071s] Level 1:colcon.colcon_core.shell:create_environment_hook('moveit_resources_fanuc_description', 'cmake_prefix_path')
[2.071s] INFO:colcon.colcon_core.shell:Creating environment hook '/home/jone/ws_moveit/install/moveit_resources_fanuc_description/share/moveit_resources_fanuc_description/hook/cmake_prefix_path.ps1'
[2.071s] INFO:colcon.colcon_core.shell:Creating environment descriptor '/home/jone/ws_moveit/install/moveit_resources_fanuc_description/share/moveit_resources_fanuc_description/hook/cmake_prefix_path.dsv'
[2.071s] INFO:colcon.colcon_core.shell:Creating environment hook '/home/jone/ws_moveit/install/moveit_resources_fanuc_description/share/moveit_resources_fanuc_description/hook/cmake_prefix_path.sh'
[2.072s] Level 1:colcon.colcon_core.environment:checking '/home/jone/ws_moveit/install/moveit_resources_fanuc_description/bin'
[2.072s] Level 1:colcon.colcon_core.environment:checking '/home/jone/ws_moveit/install/moveit_resources_fanuc_description/lib/pkgconfig/moveit_resources_fanuc_description.pc'
[2.072s] Level 1:colcon.colcon_core.environment:checking '/home/jone/ws_moveit/install/moveit_resources_fanuc_description/lib/python3.10/site-packages'
[2.072s] Level 1:colcon.colcon_core.environment:checking '/home/jone/ws_moveit/install/moveit_resources_fanuc_description/bin'
[2.072s] INFO:colcon.colcon_core.shell:Creating package script '/home/jone/ws_moveit/install/moveit_resources_fanuc_description/share/moveit_resources_fanuc_description/package.ps1'
[2.073s] INFO:colcon.colcon_core.shell:Creating package descriptor '/home/jone/ws_moveit/install/moveit_resources_fanuc_description/share/moveit_resources_fanuc_description/package.dsv'
[2.073s] INFO:colcon.colcon_core.shell:Creating package script '/home/jone/ws_moveit/install/moveit_resources_fanuc_description/share/moveit_resources_fanuc_description/package.sh'
[2.073s] INFO:colcon.colcon_core.shell:Creating package script '/home/jone/ws_moveit/install/moveit_resources_fanuc_description/share/moveit_resources_fanuc_description/package.bash'
[2.073s] INFO:colcon.colcon_core.shell:Creating package script '/home/jone/ws_moveit/install/moveit_resources_fanuc_description/share/moveit_resources_fanuc_description/package.zsh'
[2.074s] Level 1:colcon.colcon_core.environment:create_file_with_runtime_dependencies(/home/jone/ws_moveit/install/moveit_resources_fanuc_description/share/colcon-core/packages/moveit_resources_fanuc_description)
[2.074s] Level 1:colcon.colcon_core.environment:create_environment_scripts_only(moveit_resources_fanuc_description)
[2.074s] Level 1:colcon.colcon_core.environment:checking '/home/jone/ws_moveit/install/moveit_resources_fanuc_description' for CMake module files
[2.074s] Level 1:colcon.colcon_core.environment:checking '/home/jone/ws_moveit/install/moveit_resources_fanuc_description' for CMake config files
[2.075s] Level 1:colcon.colcon_core.shell:create_environment_hook('moveit_resources_fanuc_description', 'cmake_prefix_path')
[2.075s] INFO:colcon.colcon_core.shell:Creating environment hook '/home/jone/ws_moveit/install/moveit_resources_fanuc_description/share/moveit_resources_fanuc_description/hook/cmake_prefix_path.ps1'
[2.075s] INFO:colcon.colcon_core.shell:Creating environment descriptor '/home/jone/ws_moveit/install/moveit_resources_fanuc_description/share/moveit_resources_fanuc_description/hook/cmake_prefix_path.dsv'
[2.075s] INFO:colcon.colcon_core.shell:Creating environment hook '/home/jone/ws_moveit/install/moveit_resources_fanuc_description/share/moveit_resources_fanuc_description/hook/cmake_prefix_path.sh'
[2.076s] Level 1:colcon.colcon_core.environment:checking '/home/jone/ws_moveit/install/moveit_resources_fanuc_description/bin'
[2.076s] Level 1:colcon.colcon_core.environment:checking '/home/jone/ws_moveit/install/moveit_resources_fanuc_description/lib/pkgconfig/moveit_resources_fanuc_description.pc'
[2.076s] Level 1:colcon.colcon_core.environment:checking '/home/jone/ws_moveit/install/moveit_resources_fanuc_description/lib/python3.10/site-packages'
[2.076s] Level 1:colcon.colcon_core.environment:checking '/home/jone/ws_moveit/install/moveit_resources_fanuc_description/bin'
[2.076s] INFO:colcon.colcon_core.shell:Creating package script '/home/jone/ws_moveit/install/moveit_resources_fanuc_description/share/moveit_resources_fanuc_description/package.ps1'
[2.077s] INFO:colcon.colcon_core.shell:Creating package descriptor '/home/jone/ws_moveit/install/moveit_resources_fanuc_description/share/moveit_resources_fanuc_description/package.dsv'
[2.077s] INFO:colcon.colcon_core.shell:Creating package script '/home/jone/ws_moveit/install/moveit_resources_fanuc_description/share/moveit_resources_fanuc_description/package.sh'
[2.077s] INFO:colcon.colcon_core.shell:Creating package script '/home/jone/ws_moveit/install/moveit_resources_fanuc_description/share/moveit_resources_fanuc_description/package.bash'
[2.077s] INFO:colcon.colcon_core.shell:Creating package script '/home/jone/ws_moveit/install/moveit_resources_fanuc_description/share/moveit_resources_fanuc_description/package.zsh'
[2.078s] Level 1:colcon.colcon_core.environment:create_file_with_runtime_dependencies(/home/jone/ws_moveit/install/moveit_resources_fanuc_description/share/colcon-core/packages/moveit_resources_fanuc_description)
[2.078s] DEBUG:colcon.colcon_core.executor.sequential:run_until_complete 'moveit_resources_fanuc_description' finished with '0'
[2.078s] DEBUG:colcon.colcon_core.executor.sequential:run_until_complete 'moveit_resources_panda_description'
[2.078s] INFO:colcon.colcon_ros.task.ament_cmake.build:Building ROS package in '/home/jone/ws_moveit/src/moveit_resources/panda_description' with build type 'ament_cmake'
[2.078s] INFO:colcon.colcon_cmake.task.cmake.build:Building CMake package in '/home/jone/ws_moveit/src/moveit_resources/panda_description'
[2.078s] INFO:colcon.colcon_core.shell:Skip shell extension 'powershell' for command environment: Not usable outside of PowerShell
[2.078s] DEBUG:colcon.colcon_core.shell:Skip shell extension 'dsv' for command environment
[2.090s] DEBUG:colcon.colcon_core.event_handler.log_command:Invoking command in '/home/jone/ws_moveit/build/moveit_resources_panda_description': CMAKE_PREFIX_PATH=${CMAKE_PREFIX_PATH}:/home/jone/ws_moveit/install/moveit_configs_utils:/home/jone/ws_moveit/install/launch_param_builder:/opt/ros/humble /usr/bin/cmake --build /home/jone/ws_moveit/build/moveit_resources_panda_description
[2.144s] DEBUG:colcon.colcon_core.event_handler.log_command:Invoked command in '/home/jone/ws_moveit/build/moveit_resources_panda_description' returned '0': CMAKE_PREFIX_PATH=${CMAKE_PREFIX_PATH}:/home/jone/ws_moveit/install/moveit_configs_utils:/home/jone/ws_moveit/install/launch_param_builder:/opt/ros/humble /usr/bin/cmake --build /home/jone/ws_moveit/build/moveit_resources_panda_description
[2.146s] DEBUG:colcon.colcon_core.event_handler.log_command:Invoking command in '/home/jone/ws_moveit/build/moveit_resources_panda_description': CMAKE_PREFIX_PATH=${CMAKE_PREFIX_PATH}:/home/jone/ws_moveit/install/moveit_configs_utils:/home/jone/ws_moveit/install/launch_param_builder:/opt/ros/humble /usr/bin/cmake --install /home/jone/ws_moveit/build/moveit_resources_panda_description
[2.160s] Level 1:colcon.colcon_core.environment:create_environment_scripts_only(moveit_resources_panda_description)
[2.161s] Level 1:colcon.colcon_core.environment:checking '/home/jone/ws_moveit/install/moveit_resources_panda_description' for CMake module files
[2.161s] DEBUG:colcon.colcon_core.event_handler.log_command:Invoked command in '/home/jone/ws_moveit/build/moveit_resources_panda_description' returned '0': CMAKE_PREFIX_PATH=${CMAKE_PREFIX_PATH}:/home/jone/ws_moveit/install/moveit_configs_utils:/home/jone/ws_moveit/install/launch_param_builder:/opt/ros/humble /usr/bin/cmake --install /home/jone/ws_moveit/build/moveit_resources_panda_description
[2.161s] Level 1:colcon.colcon_core.environment:checking '/home/jone/ws_moveit/install/moveit_resources_panda_description' for CMake config files
[2.162s] Level 1:colcon.colcon_core.shell:create_environment_hook('moveit_resources_panda_description', 'cmake_prefix_path')
[2.162s] INFO:colcon.colcon_core.shell:Creating environment hook '/home/jone/ws_moveit/install/moveit_resources_panda_description/share/moveit_resources_panda_description/hook/cmake_prefix_path.ps1'
[2.162s] INFO:colcon.colcon_core.shell:Creating environment descriptor '/home/jone/ws_moveit/install/moveit_resources_panda_description/share/moveit_resources_panda_description/hook/cmake_prefix_path.dsv'
[2.163s] INFO:colcon.colcon_core.shell:Creating environment hook '/home/jone/ws_moveit/install/moveit_resources_panda_description/share/moveit_resources_panda_description/hook/cmake_prefix_path.sh'
[2.163s] Level 1:colcon.colcon_core.environment:checking '/home/jone/ws_moveit/install/moveit_resources_panda_description/bin'
[2.163s] Level 1:colcon.colcon_core.environment:checking '/home/jone/ws_moveit/install/moveit_resources_panda_description/lib/pkgconfig/moveit_resources_panda_description.pc'
[2.163s] Level 1:colcon.colcon_core.environment:checking '/home/jone/ws_moveit/install/moveit_resources_panda_description/lib/python3.10/site-packages'
[2.163s] Level 1:colcon.colcon_core.environment:checking '/home/jone/ws_moveit/install/moveit_resources_panda_description/bin'
[2.164s] INFO:colcon.colcon_core.shell:Creating package script '/home/jone/ws_moveit/install/moveit_resources_panda_description/share/moveit_resources_panda_description/package.ps1'
[2.164s] INFO:colcon.colcon_core.shell:Creating package descriptor '/home/jone/ws_moveit/install/moveit_resources_panda_description/share/moveit_resources_panda_description/package.dsv'
[2.164s] INFO:colcon.colcon_core.shell:Creating package script '/home/jone/ws_moveit/install/moveit_resources_panda_description/share/moveit_resources_panda_description/package.sh'
[2.165s] INFO:colcon.colcon_core.shell:Creating package script '/home/jone/ws_moveit/install/moveit_resources_panda_description/share/moveit_resources_panda_description/package.bash'
[2.165s] INFO:colcon.colcon_core.shell:Creating package script '/home/jone/ws_moveit/install/moveit_resources_panda_description/share/moveit_resources_panda_description/package.zsh'
[2.165s] Level 1:colcon.colcon_core.environment:create_file_with_runtime_dependencies(/home/jone/ws_moveit/install/moveit_resources_panda_description/share/colcon-core/packages/moveit_resources_panda_description)
[2.165s] Level 1:colcon.colcon_core.environment:create_environment_scripts_only(moveit_resources_panda_description)
[2.166s] Level 1:colcon.colcon_core.environment:checking '/home/jone/ws_moveit/install/moveit_resources_panda_description' for CMake module files
[2.166s] Level 1:colcon.colcon_core.environment:checking '/home/jone/ws_moveit/install/moveit_resources_panda_description' for CMake config files
[2.166s] Level 1:colcon.colcon_core.shell:create_environment_hook('moveit_resources_panda_description', 'cmake_prefix_path')
[2.166s] INFO:colcon.colcon_core.shell:Creating environment hook '/home/jone/ws_moveit/install/moveit_resources_panda_description/share/moveit_resources_panda_description/hook/cmake_prefix_path.ps1'
[2.167s] INFO:colcon.colcon_core.shell:Creating environment descriptor '/home/jone/ws_moveit/install/moveit_resources_panda_description/share/moveit_resources_panda_description/hook/cmake_prefix_path.dsv'
[2.167s] INFO:colcon.colcon_core.shell:Creating environment hook '/home/jone/ws_moveit/install/moveit_resources_panda_description/share/moveit_resources_panda_description/hook/cmake_prefix_path.sh'
[2.167s] Level 1:colcon.colcon_core.environment:checking '/home/jone/ws_moveit/install/moveit_resources_panda_description/bin'
[2.167s] Level 1:colcon.colcon_core.environment:checking '/home/jone/ws_moveit/install/moveit_resources_panda_description/lib/pkgconfig/moveit_resources_panda_description.pc'
[2.167s] Level 1:colcon.colcon_core.environment:checking '/home/jone/ws_moveit/install/moveit_resources_panda_description/lib/python3.10/site-packages'
[2.168s] Level 1:colcon.colcon_core.environment:checking '/home/jone/ws_moveit/install/moveit_resources_panda_description/bin'
[2.168s] INFO:colcon.colcon_core.shell:Creating package script '/home/jone/ws_moveit/install/moveit_resources_panda_description/share/moveit_resources_panda_description/package.ps1'
[2.168s] INFO:colcon.colcon_core.shell:Creating package descriptor '/home/jone/ws_moveit/install/moveit_resources_panda_description/share/moveit_resources_panda_description/package.dsv'
[2.168s] INFO:colcon.colcon_core.shell:Creating package script '/home/jone/ws_moveit/install/moveit_resources_panda_description/share/moveit_resources_panda_description/package.sh'
[2.169s] INFO:colcon.colcon_core.shell:Creating package script '/home/jone/ws_moveit/install/moveit_resources_panda_description/share/moveit_resources_panda_description/package.bash'
[2.169s] INFO:colcon.colcon_core.shell:Creating package script '/home/jone/ws_moveit/install/moveit_resources_panda_description/share/moveit_resources_panda_description/package.zsh'
[2.169s] Level 1:colcon.colcon_core.environment:create_file_with_runtime_dependencies(/home/jone/ws_moveit/install/moveit_resources_panda_description/share/colcon-core/packages/moveit_resources_panda_description)
[2.169s] DEBUG:colcon.colcon_core.executor.sequential:run_until_complete 'moveit_resources_panda_description' finished with '0'
[2.170s] DEBUG:colcon.colcon_core.executor.sequential:run_until_complete 'moveit_resources_pr2_description'
[2.170s] INFO:colcon.colcon_ros.task.ament_cmake.build:Building ROS package in '/home/jone/ws_moveit/src/moveit_resources/pr2_description' with build type 'ament_cmake'
[2.170s] INFO:colcon.colcon_cmake.task.cmake.build:Building CMake package in '/home/jone/ws_moveit/src/moveit_resources/pr2_description'
[2.170s] INFO:colcon.colcon_core.shell:Skip shell extension 'powershell' for command environment: Not usable outside of PowerShell
[2.170s] DEBUG:colcon.colcon_core.shell:Skip shell extension 'dsv' for command environment
[2.181s] DEBUG:colcon.colcon_core.event_handler.log_command:Invoking command in '/home/jone/ws_moveit/build/moveit_resources_pr2_description': CMAKE_PREFIX_PATH=${CMAKE_PREFIX_PATH}:/home/jone/ws_moveit/install/moveit_configs_utils:/home/jone/ws_moveit/install/launch_param_builder:/opt/ros/humble /usr/bin/cmake --build /home/jone/ws_moveit/build/moveit_resources_pr2_description
[2.234s] DEBUG:colcon.colcon_core.event_handler.log_command:Invoked command in '/home/jone/ws_moveit/build/moveit_resources_pr2_description' returned '0': CMAKE_PREFIX_PATH=${CMAKE_PREFIX_PATH}:/home/jone/ws_moveit/install/moveit_configs_utils:/home/jone/ws_moveit/install/launch_param_builder:/opt/ros/humble /usr/bin/cmake --build /home/jone/ws_moveit/build/moveit_resources_pr2_description
[2.236s] DEBUG:colcon.colcon_core.event_handler.log_command:Invoking command in '/home/jone/ws_moveit/build/moveit_resources_pr2_description': CMAKE_PREFIX_PATH=${CMAKE_PREFIX_PATH}:/home/jone/ws_moveit/install/moveit_configs_utils:/home/jone/ws_moveit/install/launch_param_builder:/opt/ros/humble /usr/bin/cmake --install /home/jone/ws_moveit/build/moveit_resources_pr2_description
[2.263s] Level 1:colcon.colcon_core.environment:create_environment_scripts_only(moveit_resources_pr2_description)
[2.263s] Level 1:colcon.colcon_core.environment:checking '/home/jone/ws_moveit/install/moveit_resources_pr2_description' for CMake module files
[2.264s] DEBUG:colcon.colcon_core.event_handler.log_command:Invoked command in '/home/jone/ws_moveit/build/moveit_resources_pr2_description' returned '0': CMAKE_PREFIX_PATH=${CMAKE_PREFIX_PATH}:/home/jone/ws_moveit/install/moveit_configs_utils:/home/jone/ws_moveit/install/launch_param_builder:/opt/ros/humble /usr/bin/cmake --install /home/jone/ws_moveit/build/moveit_resources_pr2_description
[2.264s] Level 1:colcon.colcon_core.environment:checking '/home/jone/ws_moveit/install/moveit_resources_pr2_description' for CMake config files
[2.265s] Level 1:colcon.colcon_core.shell:create_environment_hook('moveit_resources_pr2_description', 'cmake_prefix_path')
[2.265s] INFO:colcon.colcon_core.shell:Creating environment hook '/home/jone/ws_moveit/install/moveit_resources_pr2_description/share/moveit_resources_pr2_description/hook/cmake_prefix_path.ps1'
[2.265s] INFO:colcon.colcon_core.shell:Creating environment descriptor '/home/jone/ws_moveit/install/moveit_resources_pr2_description/share/moveit_resources_pr2_description/hook/cmake_prefix_path.dsv'
[2.266s] INFO:colcon.colcon_core.shell:Creating environment hook '/home/jone/ws_moveit/install/moveit_resources_pr2_description/share/moveit_resources_pr2_description/hook/cmake_prefix_path.sh'
[2.266s] Level 1:colcon.colcon_core.environment:checking '/home/jone/ws_moveit/install/moveit_resources_pr2_description/bin'
[2.266s] Level 1:colcon.colcon_core.environment:checking '/home/jone/ws_moveit/install/moveit_resources_pr2_description/lib/pkgconfig/moveit_resources_pr2_description.pc'
[2.266s] Level 1:colcon.colcon_core.environment:checking '/home/jone/ws_moveit/install/moveit_resources_pr2_description/lib/python3.10/site-packages'
[2.266s] Level 1:colcon.colcon_core.environment:checking '/home/jone/ws_moveit/install/moveit_resources_pr2_description/bin'
[2.267s] INFO:colcon.colcon_core.shell:Creating package script '/home/jone/ws_moveit/install/moveit_resources_pr2_description/share/moveit_resources_pr2_description/package.ps1'
[2.267s] INFO:colcon.colcon_core.shell:Creating package descriptor '/home/jone/ws_moveit/install/moveit_resources_pr2_description/share/moveit_resources_pr2_description/package.dsv'
[2.267s] INFO:colcon.colcon_core.shell:Creating package script '/home/jone/ws_moveit/install/moveit_resources_pr2_description/share/moveit_resources_pr2_description/package.sh'
[2.268s] INFO:colcon.colcon_core.shell:Creating package script '/home/jone/ws_moveit/install/moveit_resources_pr2_description/share/moveit_resources_pr2_description/package.bash'
[2.268s] INFO:colcon.colcon_core.shell:Creating package script '/home/jone/ws_moveit/install/moveit_resources_pr2_description/share/moveit_resources_pr2_description/package.zsh'
[2.268s] Level 1:colcon.colcon_core.environment:create_file_with_runtime_dependencies(/home/jone/ws_moveit/install/moveit_resources_pr2_description/share/colcon-core/packages/moveit_resources_pr2_description)
[2.268s] Level 1:colcon.colcon_core.environment:create_environment_scripts_only(moveit_resources_pr2_description)
[2.268s] Level 1:colcon.colcon_core.environment:checking '/home/jone/ws_moveit/install/moveit_resources_pr2_description' for CMake module files
[2.269s] Level 1:colcon.colcon_core.environment:checking '/home/jone/ws_moveit/install/moveit_resources_pr2_description' for CMake config files
[2.269s] Level 1:colcon.colcon_core.shell:create_environment_hook('moveit_resources_pr2_description', 'cmake_prefix_path')
[2.270s] INFO:colcon.colcon_core.shell:Creating environment hook '/home/jone/ws_moveit/install/moveit_resources_pr2_description/share/moveit_resources_pr2_description/hook/cmake_prefix_path.ps1'
[2.270s] INFO:colcon.colcon_core.shell:Creating environment descriptor '/home/jone/ws_moveit/install/moveit_resources_pr2_description/share/moveit_resources_pr2_description/hook/cmake_prefix_path.dsv'
[2.270s] INFO:colcon.colcon_core.shell:Creating environment hook '/home/jone/ws_moveit/install/moveit_resources_pr2_description/share/moveit_resources_pr2_description/hook/cmake_prefix_path.sh'
[2.270s] Level 1:colcon.colcon_core.environment:checking '/home/jone/ws_moveit/install/moveit_resources_pr2_description/bin'
[2.270s] Level 1:colcon.colcon_core.environment:checking '/home/jone/ws_moveit/install/moveit_resources_pr2_description/lib/pkgconfig/moveit_resources_pr2_description.pc'
[2.271s] Level 1:colcon.colcon_core.environment:checking '/home/jone/ws_moveit/install/moveit_resources_pr2_description/lib/python3.10/site-packages'
[2.271s] Level 1:colcon.colcon_core.environment:checking '/home/jone/ws_moveit/install/moveit_resources_pr2_description/bin'
[2.271s] INFO:colcon.colcon_core.shell:Creating package script '/home/jone/ws_moveit/install/moveit_resources_pr2_description/share/moveit_resources_pr2_description/package.ps1'
[2.271s] INFO:colcon.colcon_core.shell:Creating package descriptor '/home/jone/ws_moveit/install/moveit_resources_pr2_description/share/moveit_resources_pr2_description/package.dsv'
[2.272s] INFO:colcon.colcon_core.shell:Creating package script '/home/jone/ws_moveit/install/moveit_resources_pr2_description/share/moveit_resources_pr2_description/package.sh'
[2.272s] INFO:colcon.colcon_core.shell:Creating package script '/home/jone/ws_moveit/install/moveit_resources_pr2_description/share/moveit_resources_pr2_description/package.bash'
[2.272s] INFO:colcon.colcon_core.shell:Creating package script '/home/jone/ws_moveit/install/moveit_resources_pr2_description/share/moveit_resources_pr2_description/package.zsh'
[2.273s] Level 1:colcon.colcon_core.environment:create_file_with_runtime_dependencies(/home/jone/ws_moveit/install/moveit_resources_pr2_description/share/colcon-core/packages/moveit_resources_pr2_description)
[2.273s] DEBUG:colcon.colcon_core.executor.sequential:run_until_complete 'moveit_resources_pr2_description' finished with '0'
[2.273s] DEBUG:colcon.colcon_core.executor.sequential:run_until_complete 'moveit_resources_prbt_support'
[2.273s] INFO:colcon.colcon_ros.task.ament_cmake.build:Building ROS package in '/home/jone/ws_moveit/src/moveit2/moveit_planners/test_configs/prbt_support' with build type 'ament_cmake'
[2.273s] INFO:colcon.colcon_cmake.task.cmake.build:Building CMake package in '/home/jone/ws_moveit/src/moveit2/moveit_planners/test_configs/prbt_support'
[2.273s] INFO:colcon.colcon_core.shell:Skip shell extension 'powershell' for command environment: Not usable outside of PowerShell
[2.273s] DEBUG:colcon.colcon_core.shell:Skip shell extension 'dsv' for command environment
[2.285s] DEBUG:colcon.colcon_core.event_handler.log_command:Invoking command in '/home/jone/ws_moveit/build/moveit_resources_prbt_support': CMAKE_PREFIX_PATH=${CMAKE_PREFIX_PATH}:/home/jone/ws_moveit/install/moveit_configs_utils:/home/jone/ws_moveit/install/launch_param_builder:/opt/ros/humble /usr/bin/cmake --build /home/jone/ws_moveit/build/moveit_resources_prbt_support
[2.337s] DEBUG:colcon.colcon_core.event_handler.log_command:Invoked command in '/home/jone/ws_moveit/build/moveit_resources_prbt_support' returned '0': CMAKE_PREFIX_PATH=${CMAKE_PREFIX_PATH}:/home/jone/ws_moveit/install/moveit_configs_utils:/home/jone/ws_moveit/install/launch_param_builder:/opt/ros/humble /usr/bin/cmake --build /home/jone/ws_moveit/build/moveit_resources_prbt_support
[2.339s] DEBUG:colcon.colcon_core.event_handler.log_command:Invoking command in '/home/jone/ws_moveit/build/moveit_resources_prbt_support': CMAKE_PREFIX_PATH=${CMAKE_PREFIX_PATH}:/home/jone/ws_moveit/install/moveit_configs_utils:/home/jone/ws_moveit/install/launch_param_builder:/opt/ros/humble /usr/bin/cmake --install /home/jone/ws_moveit/build/moveit_resources_prbt_support
[2.354s] Level 1:colcon.colcon_core.environment:create_environment_scripts_only(moveit_resources_prbt_support)
[2.354s] Level 1:colcon.colcon_core.environment:checking '/home/jone/ws_moveit/install/moveit_resources_prbt_support' for CMake module files
[2.354s] DEBUG:colcon.colcon_core.event_handler.log_command:Invoked command in '/home/jone/ws_moveit/build/moveit_resources_prbt_support' returned '0': CMAKE_PREFIX_PATH=${CMAKE_PREFIX_PATH}:/home/jone/ws_moveit/install/moveit_configs_utils:/home/jone/ws_moveit/install/launch_param_builder:/opt/ros/humble /usr/bin/cmake --install /home/jone/ws_moveit/build/moveit_resources_prbt_support
[2.354s] Level 1:colcon.colcon_core.environment:checking '/home/jone/ws_moveit/install/moveit_resources_prbt_support' for CMake config files
[2.355s] Level 1:colcon.colcon_core.shell:create_environment_hook('moveit_resources_prbt_support', 'cmake_prefix_path')
[2.355s] INFO:colcon.colcon_core.shell:Creating environment hook '/home/jone/ws_moveit/install/moveit_resources_prbt_support/share/moveit_resources_prbt_support/hook/cmake_prefix_path.ps1'
[2.355s] INFO:colcon.colcon_core.shell:Creating environment descriptor '/home/jone/ws_moveit/install/moveit_resources_prbt_support/share/moveit_resources_prbt_support/hook/cmake_prefix_path.dsv'
[2.355s] INFO:colcon.colcon_core.shell:Creating environment hook '/home/jone/ws_moveit/install/moveit_resources_prbt_support/share/moveit_resources_prbt_support/hook/cmake_prefix_path.sh'
[2.356s] Level 1:colcon.colcon_core.environment:checking '/home/jone/ws_moveit/install/moveit_resources_prbt_support/bin'
[2.356s] Level 1:colcon.colcon_core.environment:checking '/home/jone/ws_moveit/install/moveit_resources_prbt_support/lib/pkgconfig/moveit_resources_prbt_support.pc'
[2.356s] Level 1:colcon.colcon_core.environment:checking '/home/jone/ws_moveit/install/moveit_resources_prbt_support/lib/python3.10/site-packages'
[2.356s] Level 1:colcon.colcon_core.environment:checking '/home/jone/ws_moveit/install/moveit_resources_prbt_support/bin'
[2.356s] INFO:colcon.colcon_core.shell:Creating package script '/home/jone/ws_moveit/install/moveit_resources_prbt_support/share/moveit_resources_prbt_support/package.ps1'
[2.357s] INFO:colcon.colcon_core.shell:Creating package descriptor '/home/jone/ws_moveit/install/moveit_resources_prbt_support/share/moveit_resources_prbt_support/package.dsv'
[2.357s] INFO:colcon.colcon_core.shell:Creating package script '/home/jone/ws_moveit/install/moveit_resources_prbt_support/share/moveit_resources_prbt_support/package.sh'
[2.357s] INFO:colcon.colcon_core.shell:Creating package script '/home/jone/ws_moveit/install/moveit_resources_prbt_support/share/moveit_resources_prbt_support/package.bash'
[2.358s] INFO:colcon.colcon_core.shell:Creating package script '/home/jone/ws_moveit/install/moveit_resources_prbt_support/share/moveit_resources_prbt_support/package.zsh'
[2.358s] Level 1:colcon.colcon_core.environment:create_file_with_runtime_dependencies(/home/jone/ws_moveit/install/moveit_resources_prbt_support/share/colcon-core/packages/moveit_resources_prbt_support)
[2.358s] Level 1:colcon.colcon_core.environment:create_environment_scripts_only(moveit_resources_prbt_support)
[2.358s] Level 1:colcon.colcon_core.environment:checking '/home/jone/ws_moveit/install/moveit_resources_prbt_support' for CMake module files
[2.359s] Level 1:colcon.colcon_core.environment:checking '/home/jone/ws_moveit/install/moveit_resources_prbt_support' for CMake config files
[2.359s] Level 1:colcon.colcon_core.shell:create_environment_hook('moveit_resources_prbt_support', 'cmake_prefix_path')
[2.359s] INFO:colcon.colcon_core.shell:Creating environment hook '/home/jone/ws_moveit/install/moveit_resources_prbt_support/share/moveit_resources_prbt_support/hook/cmake_prefix_path.ps1'
[2.359s] INFO:colcon.colcon_core.shell:Creating environment descriptor '/home/jone/ws_moveit/install/moveit_resources_prbt_support/share/moveit_resources_prbt_support/hook/cmake_prefix_path.dsv'
[2.360s] INFO:colcon.colcon_core.shell:Creating environment hook '/home/jone/ws_moveit/install/moveit_resources_prbt_support/share/moveit_resources_prbt_support/hook/cmake_prefix_path.sh'
[2.360s] Level 1:colcon.colcon_core.environment:checking '/home/jone/ws_moveit/install/moveit_resources_prbt_support/bin'
[2.360s] Level 1:colcon.colcon_core.environment:checking '/home/jone/ws_moveit/install/moveit_resources_prbt_support/lib/pkgconfig/moveit_resources_prbt_support.pc'
[2.360s] Level 1:colcon.colcon_core.environment:checking '/home/jone/ws_moveit/install/moveit_resources_prbt_support/lib/python3.10/site-packages'
[2.360s] Level 1:colcon.colcon_core.environment:checking '/home/jone/ws_moveit/install/moveit_resources_prbt_support/bin'
[2.361s] INFO:colcon.colcon_core.shell:Creating package script '/home/jone/ws_moveit/install/moveit_resources_prbt_support/share/moveit_resources_prbt_support/package.ps1'
[2.361s] INFO:colcon.colcon_core.shell:Creating package descriptor '/home/jone/ws_moveit/install/moveit_resources_prbt_support/share/moveit_resources_prbt_support/package.dsv'
[2.361s] INFO:colcon.colcon_core.shell:Creating package script '/home/jone/ws_moveit/install/moveit_resources_prbt_support/share/moveit_resources_prbt_support/package.sh'
[2.361s] INFO:colcon.colcon_core.shell:Creating package script '/home/jone/ws_moveit/install/moveit_resources_prbt_support/share/moveit_resources_prbt_support/package.bash'
[2.362s] INFO:colcon.colcon_core.shell:Creating package script '/home/jone/ws_moveit/install/moveit_resources_prbt_support/share/moveit_resources_prbt_support/package.zsh'
[2.362s] Level 1:colcon.colcon_core.environment:create_file_with_runtime_dependencies(/home/jone/ws_moveit/install/moveit_resources_prbt_support/share/colcon-core/packages/moveit_resources_prbt_support)
[2.362s] DEBUG:colcon.colcon_core.executor.sequential:run_until_complete 'moveit_resources_prbt_support' finished with '0'
[2.362s] DEBUG:colcon.colcon_core.executor.sequential:run_until_complete 'moveit_task_constructor_msgs'
[2.362s] INFO:colcon.colcon_ros.task.ament_cmake.build:Building ROS package in '/home/jone/ws_moveit/src/moveit_task_constructor/msgs' with build type 'ament_cmake'
[2.362s] INFO:colcon.colcon_cmake.task.cmake.build:Building CMake package in '/home/jone/ws_moveit/src/moveit_task_constructor/msgs'
[2.362s] INFO:colcon.colcon_core.shell:Skip shell extension 'powershell' for command environment: Not usable outside of PowerShell
[2.363s] DEBUG:colcon.colcon_core.shell:Skip shell extension 'dsv' for command environment
[2.375s] DEBUG:colcon.colcon_core.event_handler.log_command:Invoking command in '/home/jone/ws_moveit/build/moveit_task_constructor_msgs': CMAKE_PREFIX_PATH=${CMAKE_PREFIX_PATH}:/home/jone/ws_moveit/install/moveit_configs_utils:/home/jone/ws_moveit/install/launch_param_builder:/opt/ros/humble /usr/bin/cmake --build /home/jone/ws_moveit/build/moveit_task_constructor_msgs
[3.364s] DEBUG:colcon.colcon_core.event_handler.log_command:Invoked command in '/home/jone/ws_moveit/build/moveit_task_constructor_msgs' returned '0': CMAKE_PREFIX_PATH=${CMAKE_PREFIX_PATH}:/home/jone/ws_moveit/install/moveit_configs_utils:/home/jone/ws_moveit/install/launch_param_builder:/opt/ros/humble /usr/bin/cmake --build /home/jone/ws_moveit/build/moveit_task_constructor_msgs
[3.380s] DEBUG:colcon.colcon_core.event_handler.log_command:Invoking command in '/home/jone/ws_moveit/build/moveit_task_constructor_msgs': CMAKE_PREFIX_PATH=${CMAKE_PREFIX_PATH}:/home/jone/ws_moveit/install/moveit_configs_utils:/home/jone/ws_moveit/install/launch_param_builder:/opt/ros/humble /usr/bin/cmake --install /home/jone/ws_moveit/build/moveit_task_constructor_msgs
[3.454s] Level 1:colcon.colcon_core.environment:create_environment_scripts_only(moveit_task_constructor_msgs)
[3.454s] DEBUG:colcon.colcon_core.event_handler.log_command:Invoked command in '/home/jone/ws_moveit/build/moveit_task_constructor_msgs' returned '0': CMAKE_PREFIX_PATH=${CMAKE_PREFIX_PATH}:/home/jone/ws_moveit/install/moveit_configs_utils:/home/jone/ws_moveit/install/launch_param_builder:/opt/ros/humble /usr/bin/cmake --install /home/jone/ws_moveit/build/moveit_task_constructor_msgs
[3.454s] Level 1:colcon.colcon_core.environment:checking '/home/jone/ws_moveit/install/moveit_task_constructor_msgs' for CMake module files
[3.455s] Level 1:colcon.colcon_core.environment:checking '/home/jone/ws_moveit/install/moveit_task_constructor_msgs' for CMake config files
[3.457s] Level 1:colcon.colcon_core.shell:create_environment_hook('moveit_task_constructor_msgs', 'cmake_prefix_path')
[3.457s] INFO:colcon.colcon_core.shell:Creating environment hook '/home/jone/ws_moveit/install/moveit_task_constructor_msgs/share/moveit_task_constructor_msgs/hook/cmake_prefix_path.ps1'
[3.457s] INFO:colcon.colcon_core.shell:Creating environment descriptor '/home/jone/ws_moveit/install/moveit_task_constructor_msgs/share/moveit_task_constructor_msgs/hook/cmake_prefix_path.dsv'
[3.457s] INFO:colcon.colcon_core.shell:Creating environment hook '/home/jone/ws_moveit/install/moveit_task_constructor_msgs/share/moveit_task_constructor_msgs/hook/cmake_prefix_path.sh'
[3.458s] Level 1:colcon.colcon_core.environment:checking '/home/jone/ws_moveit/install/moveit_task_constructor_msgs/lib'
[3.458s] Level 1:colcon.colcon_core.shell:create_environment_hook('moveit_task_constructor_msgs', 'ld_library_path_lib')
[3.458s] INFO:colcon.colcon_core.shell:Creating environment hook '/home/jone/ws_moveit/install/moveit_task_constructor_msgs/share/moveit_task_constructor_msgs/hook/ld_library_path_lib.ps1'
[3.458s] INFO:colcon.colcon_core.shell:Creating environment descriptor '/home/jone/ws_moveit/install/moveit_task_constructor_msgs/share/moveit_task_constructor_msgs/hook/ld_library_path_lib.dsv'
[3.458s] INFO:colcon.colcon_core.shell:Creating environment hook '/home/jone/ws_moveit/install/moveit_task_constructor_msgs/share/moveit_task_constructor_msgs/hook/ld_library_path_lib.sh'
[3.459s] Level 1:colcon.colcon_core.environment:checking '/home/jone/ws_moveit/install/moveit_task_constructor_msgs/bin'
[3.459s] Level 1:colcon.colcon_core.environment:checking '/home/jone/ws_moveit/install/moveit_task_constructor_msgs/lib/pkgconfig/moveit_task_constructor_msgs.pc'
[3.459s] Level 1:colcon.colcon_core.environment:checking '/home/jone/ws_moveit/install/moveit_task_constructor_msgs/lib/python3.10/site-packages'
[3.459s] Level 1:colcon.colcon_core.environment:checking '/home/jone/ws_moveit/install/moveit_task_constructor_msgs/bin'
[3.459s] INFO:colcon.colcon_core.shell:Creating package script '/home/jone/ws_moveit/install/moveit_task_constructor_msgs/share/moveit_task_constructor_msgs/package.ps1'
[3.460s] INFO:colcon.colcon_core.shell:Creating package descriptor '/home/jone/ws_moveit/install/moveit_task_constructor_msgs/share/moveit_task_constructor_msgs/package.dsv'
[3.460s] INFO:colcon.colcon_core.shell:Creating package script '/home/jone/ws_moveit/install/moveit_task_constructor_msgs/share/moveit_task_constructor_msgs/package.sh'
[3.460s] INFO:colcon.colcon_core.shell:Creating package script '/home/jone/ws_moveit/install/moveit_task_constructor_msgs/share/moveit_task_constructor_msgs/package.bash'
[3.460s] INFO:colcon.colcon_core.shell:Creating package script '/home/jone/ws_moveit/install/moveit_task_constructor_msgs/share/moveit_task_constructor_msgs/package.zsh'
[3.461s] Level 1:colcon.colcon_core.environment:create_file_with_runtime_dependencies(/home/jone/ws_moveit/install/moveit_task_constructor_msgs/share/colcon-core/packages/moveit_task_constructor_msgs)
[3.461s] Level 1:colcon.colcon_core.environment:create_environment_scripts_only(moveit_task_constructor_msgs)
[3.461s] Level 1:colcon.colcon_core.environment:checking '/home/jone/ws_moveit/install/moveit_task_constructor_msgs' for CMake module files
[3.462s] Level 1:colcon.colcon_core.environment:checking '/home/jone/ws_moveit/install/moveit_task_constructor_msgs' for CMake config files
[3.462s] Level 1:colcon.colcon_core.shell:create_environment_hook('moveit_task_constructor_msgs', 'cmake_prefix_path')
[3.462s] INFO:colcon.colcon_core.shell:Creating environment hook '/home/jone/ws_moveit/install/moveit_task_constructor_msgs/share/moveit_task_constructor_msgs/hook/cmake_prefix_path.ps1'
[3.463s] INFO:colcon.colcon_core.shell:Creating environment descriptor '/home/jone/ws_moveit/install/moveit_task_constructor_msgs/share/moveit_task_constructor_msgs/hook/cmake_prefix_path.dsv'
[3.463s] INFO:colcon.colcon_core.shell:Creating environment hook '/home/jone/ws_moveit/install/moveit_task_constructor_msgs/share/moveit_task_constructor_msgs/hook/cmake_prefix_path.sh'
[3.463s] Level 1:colcon.colcon_core.environment:checking '/home/jone/ws_moveit/install/moveit_task_constructor_msgs/lib'
[3.463s] Level 1:colcon.colcon_core.shell:create_environment_hook('moveit_task_constructor_msgs', 'ld_library_path_lib')
[3.464s] INFO:colcon.colcon_core.shell:Creating environment hook '/home/jone/ws_moveit/install/moveit_task_constructor_msgs/share/moveit_task_constructor_msgs/hook/ld_library_path_lib.ps1'
[3.464s] INFO:colcon.colcon_core.shell:Creating environment descriptor '/home/jone/ws_moveit/install/moveit_task_constructor_msgs/share/moveit_task_constructor_msgs/hook/ld_library_path_lib.dsv'
[3.464s] INFO:colcon.colcon_core.shell:Creating environment hook '/home/jone/ws_moveit/install/moveit_task_constructor_msgs/share/moveit_task_constructor_msgs/hook/ld_library_path_lib.sh'
[3.464s] Level 1:colcon.colcon_core.environment:checking '/home/jone/ws_moveit/install/moveit_task_constructor_msgs/bin'
[3.464s] Level 1:colcon.colcon_core.environment:checking '/home/jone/ws_moveit/install/moveit_task_constructor_msgs/lib/pkgconfig/moveit_task_constructor_msgs.pc'
[3.465s] Level 1:colcon.colcon_core.environment:checking '/home/jone/ws_moveit/install/moveit_task_constructor_msgs/lib/python3.10/site-packages'
[3.465s] Level 1:colcon.colcon_core.environment:checking '/home/jone/ws_moveit/install/moveit_task_constructor_msgs/bin'
[3.465s] INFO:colcon.colcon_core.shell:Creating package script '/home/jone/ws_moveit/install/moveit_task_constructor_msgs/share/moveit_task_constructor_msgs/package.ps1'
[3.465s] INFO:colcon.colcon_core.shell:Creating package descriptor '/home/jone/ws_moveit/install/moveit_task_constructor_msgs/share/moveit_task_constructor_msgs/package.dsv'
[3.466s] INFO:colcon.colcon_core.shell:Creating package script '/home/jone/ws_moveit/install/moveit_task_constructor_msgs/share/moveit_task_constructor_msgs/package.sh'
[3.466s] INFO:colcon.colcon_core.shell:Creating package script '/home/jone/ws_moveit/install/moveit_task_constructor_msgs/share/moveit_task_constructor_msgs/package.bash'
[3.467s] INFO:colcon.colcon_core.shell:Creating package script '/home/jone/ws_moveit/install/moveit_task_constructor_msgs/share/moveit_task_constructor_msgs/package.zsh'
[3.467s] Level 1:colcon.colcon_core.environment:create_file_with_runtime_dependencies(/home/jone/ws_moveit/install/moveit_task_constructor_msgs/share/colcon-core/packages/moveit_task_constructor_msgs)
[3.467s] DEBUG:colcon.colcon_core.executor.sequential:run_until_complete 'moveit_task_constructor_msgs' finished with '0'
[3.467s] DEBUG:colcon.colcon_core.executor.sequential:run_until_complete 'rosparam_shortcuts'
[3.467s] INFO:colcon.colcon_ros.task.ament_cmake.build:Building ROS package in '/home/jone/ws_moveit/src/rosparam_shortcuts' with build type 'ament_cmake'
[3.467s] INFO:colcon.colcon_cmake.task.cmake.build:Building CMake package in '/home/jone/ws_moveit/src/rosparam_shortcuts'
[3.467s] INFO:colcon.colcon_core.shell:Skip shell extension 'powershell' for command environment: Not usable outside of PowerShell
[3.467s] DEBUG:colcon.colcon_core.shell:Skip shell extension 'dsv' for command environment
[3.479s] DEBUG:colcon.colcon_core.event_handler.log_command:Invoking command in '/home/jone/ws_moveit/build/rosparam_shortcuts': CMAKE_PREFIX_PATH=${CMAKE_PREFIX_PATH}:/home/jone/ws_moveit/install/moveit_configs_utils:/home/jone/ws_moveit/install/launch_param_builder:/opt/ros/humble /usr/bin/cmake --build /home/jone/ws_moveit/build/rosparam_shortcuts
[3.793s] DEBUG:colcon.colcon_core.event_handler.log_command:Invoked command in '/home/jone/ws_moveit/build/rosparam_shortcuts' returned '0': CMAKE_PREFIX_PATH=${CMAKE_PREFIX_PATH}:/home/jone/ws_moveit/install/moveit_configs_utils:/home/jone/ws_moveit/install/launch_param_builder:/opt/ros/humble /usr/bin/cmake --build /home/jone/ws_moveit/build/rosparam_shortcuts
[3.806s] DEBUG:colcon.colcon_core.event_handler.log_command:Invoking command in '/home/jone/ws_moveit/build/rosparam_shortcuts': CMAKE_PREFIX_PATH=${CMAKE_PREFIX_PATH}:/home/jone/ws_moveit/install/moveit_configs_utils:/home/jone/ws_moveit/install/launch_param_builder:/opt/ros/humble /usr/bin/cmake --install /home/jone/ws_moveit/build/rosparam_shortcuts
[3.825s] Level 1:colcon.colcon_core.environment:create_environment_scripts_only(rosparam_shortcuts)
[3.825s] Level 1:colcon.colcon_core.environment:checking '/home/jone/ws_moveit/install/rosparam_shortcuts' for CMake module files
[3.826s] DEBUG:colcon.colcon_core.event_handler.log_command:Invoked command in '/home/jone/ws_moveit/build/rosparam_shortcuts' returned '0': CMAKE_PREFIX_PATH=${CMAKE_PREFIX_PATH}:/home/jone/ws_moveit/install/moveit_configs_utils:/home/jone/ws_moveit/install/launch_param_builder:/opt/ros/humble /usr/bin/cmake --install /home/jone/ws_moveit/build/rosparam_shortcuts
[3.826s] Level 1:colcon.colcon_core.environment:checking '/home/jone/ws_moveit/install/rosparam_shortcuts' for CMake config files
[3.826s] Level 1:colcon.colcon_core.shell:create_environment_hook('rosparam_shortcuts', 'cmake_prefix_path')
[3.826s] INFO:colcon.colcon_core.shell:Creating environment hook '/home/jone/ws_moveit/install/rosparam_shortcuts/share/rosparam_shortcuts/hook/cmake_prefix_path.ps1'
[3.827s] INFO:colcon.colcon_core.shell:Creating environment descriptor '/home/jone/ws_moveit/install/rosparam_shortcuts/share/rosparam_shortcuts/hook/cmake_prefix_path.dsv'
[3.827s] INFO:colcon.colcon_core.shell:Creating environment hook '/home/jone/ws_moveit/install/rosparam_shortcuts/share/rosparam_shortcuts/hook/cmake_prefix_path.sh'
[3.827s] Level 1:colcon.colcon_core.environment:checking '/home/jone/ws_moveit/install/rosparam_shortcuts/lib'
[3.827s] Level 1:colcon.colcon_core.shell:create_environment_hook('rosparam_shortcuts', 'ld_library_path_lib')
[3.827s] INFO:colcon.colcon_core.shell:Creating environment hook '/home/jone/ws_moveit/install/rosparam_shortcuts/share/rosparam_shortcuts/hook/ld_library_path_lib.ps1'
[3.828s] INFO:colcon.colcon_core.shell:Creating environment descriptor '/home/jone/ws_moveit/install/rosparam_shortcuts/share/rosparam_shortcuts/hook/ld_library_path_lib.dsv'
[3.828s] INFO:colcon.colcon_core.shell:Creating environment hook '/home/jone/ws_moveit/install/rosparam_shortcuts/share/rosparam_shortcuts/hook/ld_library_path_lib.sh'
[3.828s] Level 1:colcon.colcon_core.environment:checking '/home/jone/ws_moveit/install/rosparam_shortcuts/bin'
[3.828s] Level 1:colcon.colcon_core.environment:checking '/home/jone/ws_moveit/install/rosparam_shortcuts/lib/pkgconfig/rosparam_shortcuts.pc'
[3.828s] Level 1:colcon.colcon_core.environment:checking '/home/jone/ws_moveit/install/rosparam_shortcuts/lib/python3.10/site-packages'
[3.829s] Level 1:colcon.colcon_core.environment:checking '/home/jone/ws_moveit/install/rosparam_shortcuts/bin'
[3.829s] INFO:colcon.colcon_core.shell:Creating package script '/home/jone/ws_moveit/install/rosparam_shortcuts/share/rosparam_shortcuts/package.ps1'
[3.829s] INFO:colcon.colcon_core.shell:Creating package descriptor '/home/jone/ws_moveit/install/rosparam_shortcuts/share/rosparam_shortcuts/package.dsv'
[3.829s] INFO:colcon.colcon_core.shell:Creating package script '/home/jone/ws_moveit/install/rosparam_shortcuts/share/rosparam_shortcuts/package.sh'
[3.830s] INFO:colcon.colcon_core.shell:Creating package script '/home/jone/ws_moveit/install/rosparam_shortcuts/share/rosparam_shortcuts/package.bash'
[3.830s] INFO:colcon.colcon_core.shell:Creating package script '/home/jone/ws_moveit/install/rosparam_shortcuts/share/rosparam_shortcuts/package.zsh'
[3.830s] Level 1:colcon.colcon_core.environment:create_file_with_runtime_dependencies(/home/jone/ws_moveit/install/rosparam_shortcuts/share/colcon-core/packages/rosparam_shortcuts)
[3.831s] Level 1:colcon.colcon_core.environment:create_environment_scripts_only(rosparam_shortcuts)
[3.831s] Level 1:colcon.colcon_core.environment:checking '/home/jone/ws_moveit/install/rosparam_shortcuts' for CMake module files
[3.831s] Level 1:colcon.colcon_core.environment:checking '/home/jone/ws_moveit/install/rosparam_shortcuts' for CMake config files
[3.831s] Level 1:colcon.colcon_core.shell:create_environment_hook('rosparam_shortcuts', 'cmake_prefix_path')
[3.832s] INFO:colcon.colcon_core.shell:Creating environment hook '/home/jone/ws_moveit/install/rosparam_shortcuts/share/rosparam_shortcuts/hook/cmake_prefix_path.ps1'
[3.832s] INFO:colcon.colcon_core.shell:Creating environment descriptor '/home/jone/ws_moveit/install/rosparam_shortcuts/share/rosparam_shortcuts/hook/cmake_prefix_path.dsv'
[3.832s] INFO:colcon.colcon_core.shell:Creating environment hook '/home/jone/ws_moveit/install/rosparam_shortcuts/share/rosparam_shortcuts/hook/cmake_prefix_path.sh'
[3.832s] Level 1:colcon.colcon_core.environment:checking '/home/jone/ws_moveit/install/rosparam_shortcuts/lib'
[3.832s] Level 1:colcon.colcon_core.shell:create_environment_hook('rosparam_shortcuts', 'ld_library_path_lib')
[3.833s] INFO:colcon.colcon_core.shell:Creating environment hook '/home/jone/ws_moveit/install/rosparam_shortcuts/share/rosparam_shortcuts/hook/ld_library_path_lib.ps1'
[3.833s] INFO:colcon.colcon_core.shell:Creating environment descriptor '/home/jone/ws_moveit/install/rosparam_shortcuts/share/rosparam_shortcuts/hook/ld_library_path_lib.dsv'
[3.833s] INFO:colcon.colcon_core.shell:Creating environment hook '/home/jone/ws_moveit/install/rosparam_shortcuts/share/rosparam_shortcuts/hook/ld_library_path_lib.sh'
[3.833s] Level 1:colcon.colcon_core.environment:checking '/home/jone/ws_moveit/install/rosparam_shortcuts/bin'
[3.833s] Level 1:colcon.colcon_core.environment:checking '/home/jone/ws_moveit/install/rosparam_shortcuts/lib/pkgconfig/rosparam_shortcuts.pc'
[3.834s] Level 1:colcon.colcon_core.environment:checking '/home/jone/ws_moveit/install/rosparam_shortcuts/lib/python3.10/site-packages'
[3.834s] Level 1:colcon.colcon_core.environment:checking '/home/jone/ws_moveit/install/rosparam_shortcuts/bin'
[3.834s] INFO:colcon.colcon_core.shell:Creating package script '/home/jone/ws_moveit/install/rosparam_shortcuts/share/rosparam_shortcuts/package.ps1'
[3.834s] INFO:colcon.colcon_core.shell:Creating package descriptor '/home/jone/ws_moveit/install/rosparam_shortcuts/share/rosparam_shortcuts/package.dsv'
[3.835s] INFO:colcon.colcon_core.shell:Creating package script '/home/jone/ws_moveit/install/rosparam_shortcuts/share/rosparam_shortcuts/package.sh'
[3.835s] INFO:colcon.colcon_core.shell:Creating package script '/home/jone/ws_moveit/install/rosparam_shortcuts/share/rosparam_shortcuts/package.bash'
[3.835s] INFO:colcon.colcon_core.shell:Creating package script '/home/jone/ws_moveit/install/rosparam_shortcuts/share/rosparam_shortcuts/package.zsh'
[3.835s] Level 1:colcon.colcon_core.environment:create_file_with_runtime_dependencies(/home/jone/ws_moveit/install/rosparam_shortcuts/share/colcon-core/packages/rosparam_shortcuts)
[3.836s] DEBUG:colcon.colcon_core.executor.sequential:run_until_complete 'rosparam_shortcuts' finished with '0'
[3.836s] DEBUG:colcon.colcon_core.executor.sequential:run_until_complete 'srdfdom'
[3.836s] INFO:colcon.colcon_ros.task.ament_cmake.build:Building ROS package in '/home/jone/ws_moveit/src/srdfdom' with build type 'ament_cmake'
[3.836s] INFO:colcon.colcon_cmake.task.cmake.build:Building CMake package in '/home/jone/ws_moveit/src/srdfdom'
[3.836s] INFO:colcon.colcon_core.shell:Skip shell extension 'powershell' for command environment: Not usable outside of PowerShell
[3.836s] DEBUG:colcon.colcon_core.shell:Skip shell extension 'dsv' for command environment
[3.847s] DEBUG:colcon.colcon_core.event_handler.log_command:Invoking command in '/home/jone/ws_moveit/build/srdfdom': CMAKE_PREFIX_PATH=${CMAKE_PREFIX_PATH}:/home/jone/ws_moveit/install/moveit_configs_utils:/home/jone/ws_moveit/install/launch_param_builder:/opt/ros/humble /usr/bin/cmake --build /home/jone/ws_moveit/build/srdfdom
[4.421s] DEBUG:colcon.colcon_core.event_handler.log_command:Invoked command in '/home/jone/ws_moveit/build/srdfdom' returned '0': CMAKE_PREFIX_PATH=${CMAKE_PREFIX_PATH}:/home/jone/ws_moveit/install/moveit_configs_utils:/home/jone/ws_moveit/install/launch_param_builder:/opt/ros/humble /usr/bin/cmake --build /home/jone/ws_moveit/build/srdfdom
[4.436s] DEBUG:colcon.colcon_core.event_handler.log_command:Invoking command in '/home/jone/ws_moveit/build/srdfdom': CMAKE_PREFIX_PATH=${CMAKE_PREFIX_PATH}:/home/jone/ws_moveit/install/moveit_configs_utils:/home/jone/ws_moveit/install/launch_param_builder:/opt/ros/humble /usr/bin/cmake --install /home/jone/ws_moveit/build/srdfdom
[4.493s] Level 1:colcon.colcon_core.environment:create_environment_scripts_only(srdfdom)
[4.493s] Level 1:colcon.colcon_core.environment:checking '/home/jone/ws_moveit/install/srdfdom' for CMake module files
[4.494s] DEBUG:colcon.colcon_core.event_handler.log_command:Invoked command in '/home/jone/ws_moveit/build/srdfdom' returned '0': CMAKE_PREFIX_PATH=${CMAKE_PREFIX_PATH}:/home/jone/ws_moveit/install/moveit_configs_utils:/home/jone/ws_moveit/install/launch_param_builder:/opt/ros/humble /usr/bin/cmake --install /home/jone/ws_moveit/build/srdfdom
[4.494s] Level 1:colcon.colcon_core.environment:checking '/home/jone/ws_moveit/install/srdfdom' for CMake config files
[4.495s] Level 1:colcon.colcon_core.shell:create_environment_hook('srdfdom', 'cmake_prefix_path')
[4.495s] INFO:colcon.colcon_core.shell:Creating environment hook '/home/jone/ws_moveit/install/srdfdom/share/srdfdom/hook/cmake_prefix_path.ps1'
[4.495s] INFO:colcon.colcon_core.shell:Creating environment descriptor '/home/jone/ws_moveit/install/srdfdom/share/srdfdom/hook/cmake_prefix_path.dsv'
[4.495s] INFO:colcon.colcon_core.shell:Creating environment hook '/home/jone/ws_moveit/install/srdfdom/share/srdfdom/hook/cmake_prefix_path.sh'
[4.496s] Level 1:colcon.colcon_core.environment:checking '/home/jone/ws_moveit/install/srdfdom/lib'
[4.496s] Level 1:colcon.colcon_core.shell:create_environment_hook('srdfdom', 'ld_library_path_lib')
[4.496s] INFO:colcon.colcon_core.shell:Creating environment hook '/home/jone/ws_moveit/install/srdfdom/share/srdfdom/hook/ld_library_path_lib.ps1'
[4.496s] INFO:colcon.colcon_core.shell:Creating environment descriptor '/home/jone/ws_moveit/install/srdfdom/share/srdfdom/hook/ld_library_path_lib.dsv'
[4.497s] INFO:colcon.colcon_core.shell:Creating environment hook '/home/jone/ws_moveit/install/srdfdom/share/srdfdom/hook/ld_library_path_lib.sh'
[4.497s] Level 1:colcon.colcon_core.environment:checking '/home/jone/ws_moveit/install/srdfdom/bin'
[4.497s] Level 1:colcon.colcon_core.environment:checking '/home/jone/ws_moveit/install/srdfdom/lib/pkgconfig/srdfdom.pc'
[4.497s] Level 1:colcon.colcon_core.environment:checking '/home/jone/ws_moveit/install/srdfdom/lib/python3.10/site-packages'
[4.497s] Level 1:colcon.colcon_core.environment:checking '/home/jone/ws_moveit/install/srdfdom/bin'
[4.497s] INFO:colcon.colcon_core.shell:Creating package script '/home/jone/ws_moveit/install/srdfdom/share/srdfdom/package.ps1'
[4.498s] INFO:colcon.colcon_core.shell:Creating package descriptor '/home/jone/ws_moveit/install/srdfdom/share/srdfdom/package.dsv'
[4.498s] INFO:colcon.colcon_core.shell:Creating package script '/home/jone/ws_moveit/install/srdfdom/share/srdfdom/package.sh'
[4.498s] INFO:colcon.colcon_core.shell:Creating package script '/home/jone/ws_moveit/install/srdfdom/share/srdfdom/package.bash'
[4.499s] INFO:colcon.colcon_core.shell:Creating package script '/home/jone/ws_moveit/install/srdfdom/share/srdfdom/package.zsh'
[4.499s] Level 1:colcon.colcon_core.environment:create_file_with_runtime_dependencies(/home/jone/ws_moveit/install/srdfdom/share/colcon-core/packages/srdfdom)
[4.499s] Level 1:colcon.colcon_core.environment:create_environment_scripts_only(srdfdom)
[4.499s] Level 1:colcon.colcon_core.environment:checking '/home/jone/ws_moveit/install/srdfdom' for CMake module files
[4.500s] Level 1:colcon.colcon_core.environment:checking '/home/jone/ws_moveit/install/srdfdom' for CMake config files
[4.500s] Level 1:colcon.colcon_core.shell:create_environment_hook('srdfdom', 'cmake_prefix_path')
[4.500s] INFO:colcon.colcon_core.shell:Creating environment hook '/home/jone/ws_moveit/install/srdfdom/share/srdfdom/hook/cmake_prefix_path.ps1'
[4.500s] INFO:colcon.colcon_core.shell:Creating environment descriptor '/home/jone/ws_moveit/install/srdfdom/share/srdfdom/hook/cmake_prefix_path.dsv'
[4.501s] INFO:colcon.colcon_core.shell:Creating environment hook '/home/jone/ws_moveit/install/srdfdom/share/srdfdom/hook/cmake_prefix_path.sh'
[4.501s] Level 1:colcon.colcon_core.environment:checking '/home/jone/ws_moveit/install/srdfdom/lib'
[4.501s] Level 1:colcon.colcon_core.shell:create_environment_hook('srdfdom', 'ld_library_path_lib')
[4.501s] INFO:colcon.colcon_core.shell:Creating environment hook '/home/jone/ws_moveit/install/srdfdom/share/srdfdom/hook/ld_library_path_lib.ps1'
[4.502s] INFO:colcon.colcon_core.shell:Creating environment descriptor '/home/jone/ws_moveit/install/srdfdom/share/srdfdom/hook/ld_library_path_lib.dsv'
[4.502s] INFO:colcon.colcon_core.shell:Creating environment hook '/home/jone/ws_moveit/install/srdfdom/share/srdfdom/hook/ld_library_path_lib.sh'
[4.502s] Level 1:colcon.colcon_core.environment:checking '/home/jone/ws_moveit/install/srdfdom/bin'
[4.502s] Level 1:colcon.colcon_core.environment:checking '/home/jone/ws_moveit/install/srdfdom/lib/pkgconfig/srdfdom.pc'
[4.502s] Level 1:colcon.colcon_core.environment:checking '/home/jone/ws_moveit/install/srdfdom/lib/python3.10/site-packages'
[4.503s] Level 1:colcon.colcon_core.environment:checking '/home/jone/ws_moveit/install/srdfdom/bin'
[4.503s] INFO:colcon.colcon_core.shell:Creating package script '/home/jone/ws_moveit/install/srdfdom/share/srdfdom/package.ps1'
[4.503s] INFO:colcon.colcon_core.shell:Creating package descriptor '/home/jone/ws_moveit/install/srdfdom/share/srdfdom/package.dsv'
[4.503s] INFO:colcon.colcon_core.shell:Creating package script '/home/jone/ws_moveit/install/srdfdom/share/srdfdom/package.sh'
[4.504s] INFO:colcon.colcon_core.shell:Creating package script '/home/jone/ws_moveit/install/srdfdom/share/srdfdom/package.bash'
[4.504s] INFO:colcon.colcon_core.shell:Creating package script '/home/jone/ws_moveit/install/srdfdom/share/srdfdom/package.zsh'
[4.504s] Level 1:colcon.colcon_core.environment:create_file_with_runtime_dependencies(/home/jone/ws_moveit/install/srdfdom/share/colcon-core/packages/srdfdom)
[4.504s] DEBUG:colcon.colcon_core.executor.sequential:run_until_complete 'srdfdom' finished with '0'
[4.504s] DEBUG:colcon.colcon_core.executor.sequential:run_until_complete 'moveit_configs_utils'
[4.504s] INFO:colcon.colcon_ros.task.ament_python.build:Building ROS package in '/home/jone/ws_moveit/src/moveit2/moveit_configs_utils' with build type 'ament_python'
[4.505s] Level 1:colcon.colcon_core.shell:create_environment_hook('moveit_configs_utils', 'ament_prefix_path')
[4.505s] INFO:colcon.colcon_core.shell:Creating environment hook '/home/jone/ws_moveit/install/moveit_configs_utils/share/moveit_configs_utils/hook/ament_prefix_path.ps1'
[4.506s] INFO:colcon.colcon_core.shell:Creating environment descriptor '/home/jone/ws_moveit/install/moveit_configs_utils/share/moveit_configs_utils/hook/ament_prefix_path.dsv'
[4.506s] INFO:colcon.colcon_core.shell:Creating environment hook '/home/jone/ws_moveit/install/moveit_configs_utils/share/moveit_configs_utils/hook/ament_prefix_path.sh'
[4.506s] INFO:colcon.colcon_core.shell:Skip shell extension 'powershell' for command environment: Not usable outside of PowerShell
[4.506s] DEBUG:colcon.colcon_core.shell:Skip shell extension 'dsv' for command environment
[4.722s] INFO:colcon.colcon_core.task.python.build:Building Python package in '/home/jone/ws_moveit/src/moveit2/moveit_configs_utils'
[4.722s] INFO:colcon.colcon_core.shell:Skip shell extension 'powershell' for command environment: Not usable outside of PowerShell
[4.722s] DEBUG:colcon.colcon_core.shell:Skip shell extension 'dsv' for command environment
[4.991s] DEBUG:colcon.colcon_core.event_handler.log_command:Invoking command in '/home/jone/ws_moveit/src/moveit2/moveit_configs_utils': AMENT_PREFIX_PATH=/home/jone/ws_moveit/install/launch_param_builder:/home/jone/ws_moveit/install/pilz_industrial_motion_planner_testutils:/home/jone/ws_moveit/install/moveit_runtime:/home/jone/ws_moveit/install/moveit2_tutorials:/home/jone/ws_moveit/install/moveit:/home/jone/ws_moveit/install/moveit_planners:/home/jone/ws_moveit/install/pilz_industrial_motion_planner:/home/jone/ws_moveit/install/moveit_visual_tools:/home/jone/ws_moveit/install/moveit_task_constructor_visualization:/home/jone/ws_moveit/install/moveit_task_constructor_demo:/home/jone/ws_moveit/install/moveit_task_constructor_capabilities:/home/jone/ws_moveit/install/moveit_task_constructor_core:/home/jone/ws_moveit/install/moveit_ros_control_interface:/home/jone/ws_moveit/install/moveit_plugins:/home/jone/ws_moveit/install/moveit_simple_controller_manager:/home/jone/ws_moveit/install/moveit_setup_assistant:/home/jone/ws_moveit/install/moveit_setup_srdf_plugins:/home/jone/ws_moveit/install/moveit_setup_core_plugins:/home/jone/ws_moveit/install/moveit_setup_controllers:/home/jone/ws_moveit/install/moveit_setup_app_plugins:/home/jone/ws_moveit/install/moveit_setup_framework:/home/jone/ws_moveit/install/moveit_servo:/home/jone/ws_moveit/install/moveit_ros:/home/jone/ws_moveit/install/moveit_ros_visualization:/home/jone/ws_moveit/install/moveit_hybrid_planning:/home/jone/ws_moveit/install/moveit_ros_planning_interface:/home/jone/ws_moveit/install/moveit_ros_benchmarks:/home/jone/ws_moveit/install/moveit_ros_warehouse:/home/jone/ws_moveit/install/moveit_ros_robot_interaction:/home/jone/ws_moveit/install/moveit_ros_perception:/home/jone/ws_moveit/install/moveit_resources_prbt_pg70_support:/home/jone/ws_moveit/install/moveit_resources_prbt_moveit_config:/home/jone/ws_moveit/install/moveit_ros_move_group:/home/jone/ws_moveit/install/moveit_planners_ompl:/home/jone/ws_moveit/install/moveit_ros_planning:/home/jone/ws_moveit/install/moveit_ros_occupancy_map_monitor:/home/jone/ws_moveit/install/moveit_resources_prbt_ikfast_manipulator_plugin:/home/jone/ws_moveit/install/moveit_planners_chomp:/home/jone/ws_moveit/install/moveit_kinematics:/home/jone/ws_moveit/install/moveit_chomp_optimizer_adapter:/home/jone/ws_moveit/install/chomp_motion_planner:/home/jone/ws_moveit/install/moveit_core:/home/jone/ws_moveit/install/moveit_configs_utils:/home/jone/ws_moveit/install/srdfdom:/home/jone/ws_moveit/install/rviz_marker_tools:/home/jone/ws_moveit/install/rosparam_shortcuts:/home/jone/ws_moveit/install/moveit_task_constructor_msgs:/home/jone/ws_moveit/install/moveit_resources_prbt_support:/home/jone/ws_moveit/install/moveit_resources:/home/jone/ws_moveit/install/moveit_resources_pr2_description:/home/jone/ws_moveit/install/moveit_resources_panda_moveit_config:/home/jone/ws_moveit/install/moveit_resources_panda_description:/home/jone/ws_moveit/install/moveit_resources_fanuc_moveit_config:/home/jone/ws_moveit/install/moveit_resources_fanuc_description:/home/jone/ws_moveit/install/moveit_common:/opt/ros/humble CMAKE_PREFIX_PATH=/home/jone/ws_moveit/install/srdfdom:/home/jone/ws_moveit/install/pilz_industrial_motion_planner_testutils:/home/jone/ws_moveit/install/moveit_runtime:/home/jone/ws_moveit/install/moveit2_tutorials:/home/jone/ws_moveit/install/moveit:/home/jone/ws_moveit/install/moveit_planners:/home/jone/ws_moveit/install/pilz_industrial_motion_planner:/home/jone/ws_moveit/install/moveit_visual_tools:/home/jone/ws_moveit/install/moveit_task_constructor_visualization:/home/jone/ws_moveit/install/moveit_task_constructor_demo:/home/jone/ws_moveit/install/moveit_task_constructor_capabilities:/home/jone/ws_moveit/install/moveit_task_constructor_core:/home/jone/ws_moveit/install/moveit_ros_control_interface:/home/jone/ws_moveit/install/moveit_plugins:/home/jone/ws_moveit/install/moveit_simple_controller_manager:/home/jone/ws_moveit/install/moveit_setup_assistant:/home/jone/ws_moveit/install/moveit_setup_srdf_plugins:/home/jone/ws_moveit/install/moveit_setup_core_plugins:/home/jone/ws_moveit/install/moveit_setup_controllers:/home/jone/ws_moveit/install/moveit_setup_app_plugins:/home/jone/ws_moveit/install/moveit_setup_framework:/home/jone/ws_moveit/install/moveit_servo:/home/jone/ws_moveit/install/moveit_ros:/home/jone/ws_moveit/install/moveit_ros_visualization:/home/jone/ws_moveit/install/moveit_hybrid_planning:/home/jone/ws_moveit/install/moveit_ros_planning_interface:/home/jone/ws_moveit/install/moveit_ros_benchmarks:/home/jone/ws_moveit/install/moveit_ros_warehouse:/home/jone/ws_moveit/install/moveit_ros_robot_interaction:/home/jone/ws_moveit/install/moveit_ros_perception:/home/jone/ws_moveit/install/moveit_resources_prbt_pg70_support:/home/jone/ws_moveit/install/moveit_resources_prbt_moveit_config:/home/jone/ws_moveit/install/moveit_ros_move_group:/home/jone/ws_moveit/install/moveit_planners_ompl:/home/jone/ws_moveit/install/moveit_ros_planning:/home/jone/ws_moveit/install/moveit_ros_occupancy_map_monitor:/home/jone/ws_moveit/install/moveit_resources_prbt_ikfast_manipulator_plugin:/home/jone/ws_moveit/install/moveit_planners_chomp:/home/jone/ws_moveit/install/moveit_kinematics:/home/jone/ws_moveit/install/moveit_chomp_optimizer_adapter:/home/jone/ws_moveit/install/chomp_motion_planner:/home/jone/ws_moveit/install/moveit_core:/home/jone/ws_moveit/install/rviz_marker_tools:/home/jone/ws_moveit/install/rosparam_shortcuts:/home/jone/ws_moveit/install/moveit_task_constructor_msgs:/home/jone/ws_moveit/install/moveit_resources_prbt_support:/home/jone/ws_moveit/install/moveit_resources:/home/jone/ws_moveit/install/moveit_resources_pr2_description:/home/jone/ws_moveit/install/moveit_resources_panda_moveit_config:/home/jone/ws_moveit/install/moveit_resources_panda_description:/home/jone/ws_moveit/install/moveit_resources_fanuc_moveit_config:/home/jone/ws_moveit/install/moveit_resources_fanuc_description:/home/jone/ws_moveit/install/moveit_common LD_LIBRARY_PATH=/home/jone/ws_moveit/install/srdfdom/lib:/home/jone/ws_moveit/install/pilz_industrial_motion_planner_testutils/lib:/home/jone/ws_moveit/install/pilz_industrial_motion_planner/lib:/home/jone/ws_moveit/install/moveit_visual_tools/lib:/home/jone/ws_moveit/install/moveit_task_constructor_visualization/lib:/home/jone/ws_moveit/install/moveit_task_constructor_demo/lib:/home/jone/ws_moveit/install/moveit_task_constructor_capabilities/lib:/home/jone/ws_moveit/install/moveit_task_constructor_core/lib:/home/jone/ws_moveit/install/moveit_ros_control_interface/lib:/home/jone/ws_moveit/install/moveit_simple_controller_manager/lib:/home/jone/ws_moveit/install/moveit_setup_assistant/lib:/home/jone/ws_moveit/install/moveit_setup_srdf_plugins/lib:/home/jone/ws_moveit/install/moveit_setup_core_plugins/lib:/home/jone/ws_moveit/install/moveit_setup_controllers/lib:/home/jone/ws_moveit/install/moveit_setup_app_plugins/lib:/home/jone/ws_moveit/install/moveit_setup_framework/lib:/home/jone/ws_moveit/install/moveit_servo/lib:/home/jone/ws_moveit/install/moveit_ros_visualization/lib:/home/jone/ws_moveit/install/moveit_hybrid_planning/lib:/home/jone/ws_moveit/install/moveit_ros_planning_interface/lib:/home/jone/ws_moveit/install/moveit_ros_benchmarks/lib:/home/jone/ws_moveit/install/moveit_ros_warehouse/lib:/home/jone/ws_moveit/install/moveit_ros_robot_interaction/lib:/home/jone/ws_moveit/install/moveit_ros_perception/lib:/home/jone/ws_moveit/install/moveit_ros_move_group/lib:/home/jone/ws_moveit/install/moveit_planners_ompl/lib:/home/jone/ws_moveit/install/moveit_ros_planning/lib:/home/jone/ws_moveit/install/moveit_ros_occupancy_map_monitor/lib:/home/jone/ws_moveit/install/moveit_resources_prbt_ikfast_manipulator_plugin/lib:/home/jone/ws_moveit/install/moveit_planners_chomp/lib:/home/jone/ws_moveit/install/moveit_kinematics/lib:/home/jone/ws_moveit/install/moveit_chomp_optimizer_adapter/lib:/home/jone/ws_moveit/install/chomp_motion_planner/lib:/home/jone/ws_moveit/install/moveit_core/lib:/home/jone/ws_moveit/install/rviz_marker_tools/lib:/home/jone/ws_moveit/install/rosparam_shortcuts/lib:/home/jone/ws_moveit/install/moveit_task_constructor_msgs/lib:/opt/ros/humble/opt/rviz_ogre_vendor/lib:/opt/ros/humble/lib/x86_64-linux-gnu:/opt/ros/humble/lib:/usr/lib/x86_64-linux-gnu/gazebo-11/plugins:/usr/lib/x86_64-linux-gnu/gazebo-11/plugins:/usr/lib/x86_64-linux-gnu/gazebo-11/plugins PYTHONPATH=/home/jone/ws_moveit/build/moveit_configs_utils/prefix_override:/usr/lib/python3/dist-packages/colcon_core/task/python/colcon_distutils_commands:/home/jone/ws_moveit/install/moveit_configs_utils/lib/python3.10/site-packages:/home/jone/ws_moveit/install/launch_param_builder/lib/python3.10/site-packages:/home/jone/ws_moveit/install/moveit_task_constructor_core/local/lib/python3.10/dist-packages:/home/jone/ws_moveit/install/moveit_configs_utils/lib/python3.10/site-packages:/home/jone/ws_moveit/install/srdfdom/local/lib/python3.10/dist-packages:/home/jone/ws_moveit/install/moveit_task_constructor_msgs/local/lib/python3.10/dist-packages:/opt/ros/humble/lib/python3.10/site-packages:/opt/ros/humble/local/lib/python3.10/dist-packages /usr/bin/python3 -W ignore:setup.py install is deprecated -W ignore:easy_install command is deprecated setup.py egg_info --egg-base ../../../build/moveit_configs_utils build --build-base /home/jone/ws_moveit/build/moveit_configs_utils/build install --record /home/jone/ws_moveit/build/moveit_configs_utils/install.log --single-version-externally-managed install_data
[5.211s] Level 1:colcon.colcon_core.environment:checking '/home/jone/ws_moveit/install/moveit_configs_utils' for CMake module files
[5.211s] DEBUG:colcon.colcon_core.event_handler.log_command:Invoked command in '/home/jone/ws_moveit/src/moveit2/moveit_configs_utils' returned '0': AMENT_PREFIX_PATH=/home/jone/ws_moveit/install/launch_param_builder:/home/jone/ws_moveit/install/pilz_industrial_motion_planner_testutils:/home/jone/ws_moveit/install/moveit_runtime:/home/jone/ws_moveit/install/moveit2_tutorials:/home/jone/ws_moveit/install/moveit:/home/jone/ws_moveit/install/moveit_planners:/home/jone/ws_moveit/install/pilz_industrial_motion_planner:/home/jone/ws_moveit/install/moveit_visual_tools:/home/jone/ws_moveit/install/moveit_task_constructor_visualization:/home/jone/ws_moveit/install/moveit_task_constructor_demo:/home/jone/ws_moveit/install/moveit_task_constructor_capabilities:/home/jone/ws_moveit/install/moveit_task_constructor_core:/home/jone/ws_moveit/install/moveit_ros_control_interface:/home/jone/ws_moveit/install/moveit_plugins:/home/jone/ws_moveit/install/moveit_simple_controller_manager:/home/jone/ws_moveit/install/moveit_setup_assistant:/home/jone/ws_moveit/install/moveit_setup_srdf_plugins:/home/jone/ws_moveit/install/moveit_setup_core_plugins:/home/jone/ws_moveit/install/moveit_setup_controllers:/home/jone/ws_moveit/install/moveit_setup_app_plugins:/home/jone/ws_moveit/install/moveit_setup_framework:/home/jone/ws_moveit/install/moveit_servo:/home/jone/ws_moveit/install/moveit_ros:/home/jone/ws_moveit/install/moveit_ros_visualization:/home/jone/ws_moveit/install/moveit_hybrid_planning:/home/jone/ws_moveit/install/moveit_ros_planning_interface:/home/jone/ws_moveit/install/moveit_ros_benchmarks:/home/jone/ws_moveit/install/moveit_ros_warehouse:/home/jone/ws_moveit/install/moveit_ros_robot_interaction:/home/jone/ws_moveit/install/moveit_ros_perception:/home/jone/ws_moveit/install/moveit_resources_prbt_pg70_support:/home/jone/ws_moveit/install/moveit_resources_prbt_moveit_config:/home/jone/ws_moveit/install/moveit_ros_move_group:/home/jone/ws_moveit/install/moveit_planners_ompl:/home/jone/ws_moveit/install/moveit_ros_planning:/home/jone/ws_moveit/install/moveit_ros_occupancy_map_monitor:/home/jone/ws_moveit/install/moveit_resources_prbt_ikfast_manipulator_plugin:/home/jone/ws_moveit/install/moveit_planners_chomp:/home/jone/ws_moveit/install/moveit_kinematics:/home/jone/ws_moveit/install/moveit_chomp_optimizer_adapter:/home/jone/ws_moveit/install/chomp_motion_planner:/home/jone/ws_moveit/install/moveit_core:/home/jone/ws_moveit/install/moveit_configs_utils:/home/jone/ws_moveit/install/srdfdom:/home/jone/ws_moveit/install/rviz_marker_tools:/home/jone/ws_moveit/install/rosparam_shortcuts:/home/jone/ws_moveit/install/moveit_task_constructor_msgs:/home/jone/ws_moveit/install/moveit_resources_prbt_support:/home/jone/ws_moveit/install/moveit_resources:/home/jone/ws_moveit/install/moveit_resources_pr2_description:/home/jone/ws_moveit/install/moveit_resources_panda_moveit_config:/home/jone/ws_moveit/install/moveit_resources_panda_description:/home/jone/ws_moveit/install/moveit_resources_fanuc_moveit_config:/home/jone/ws_moveit/install/moveit_resources_fanuc_description:/home/jone/ws_moveit/install/moveit_common:/opt/ros/humble CMAKE_PREFIX_PATH=/home/jone/ws_moveit/install/srdfdom:/home/jone/ws_moveit/install/pilz_industrial_motion_planner_testutils:/home/jone/ws_moveit/install/moveit_runtime:/home/jone/ws_moveit/install/moveit2_tutorials:/home/jone/ws_moveit/install/moveit:/home/jone/ws_moveit/install/moveit_planners:/home/jone/ws_moveit/install/pilz_industrial_motion_planner:/home/jone/ws_moveit/install/moveit_visual_tools:/home/jone/ws_moveit/install/moveit_task_constructor_visualization:/home/jone/ws_moveit/install/moveit_task_constructor_demo:/home/jone/ws_moveit/install/moveit_task_constructor_capabilities:/home/jone/ws_moveit/install/moveit_task_constructor_core:/home/jone/ws_moveit/install/moveit_ros_control_interface:/home/jone/ws_moveit/install/moveit_plugins:/home/jone/ws_moveit/install/moveit_simple_controller_manager:/home/jone/ws_moveit/install/moveit_setup_assistant:/home/jone/ws_moveit/install/moveit_setup_srdf_plugins:/home/jone/ws_moveit/install/moveit_setup_core_plugins:/home/jone/ws_moveit/install/moveit_setup_controllers:/home/jone/ws_moveit/install/moveit_setup_app_plugins:/home/jone/ws_moveit/install/moveit_setup_framework:/home/jone/ws_moveit/install/moveit_servo:/home/jone/ws_moveit/install/moveit_ros:/home/jone/ws_moveit/install/moveit_ros_visualization:/home/jone/ws_moveit/install/moveit_hybrid_planning:/home/jone/ws_moveit/install/moveit_ros_planning_interface:/home/jone/ws_moveit/install/moveit_ros_benchmarks:/home/jone/ws_moveit/install/moveit_ros_warehouse:/home/jone/ws_moveit/install/moveit_ros_robot_interaction:/home/jone/ws_moveit/install/moveit_ros_perception:/home/jone/ws_moveit/install/moveit_resources_prbt_pg70_support:/home/jone/ws_moveit/install/moveit_resources_prbt_moveit_config:/home/jone/ws_moveit/install/moveit_ros_move_group:/home/jone/ws_moveit/install/moveit_planners_ompl:/home/jone/ws_moveit/install/moveit_ros_planning:/home/jone/ws_moveit/install/moveit_ros_occupancy_map_monitor:/home/jone/ws_moveit/install/moveit_resources_prbt_ikfast_manipulator_plugin:/home/jone/ws_moveit/install/moveit_planners_chomp:/home/jone/ws_moveit/install/moveit_kinematics:/home/jone/ws_moveit/install/moveit_chomp_optimizer_adapter:/home/jone/ws_moveit/install/chomp_motion_planner:/home/jone/ws_moveit/install/moveit_core:/home/jone/ws_moveit/install/rviz_marker_tools:/home/jone/ws_moveit/install/rosparam_shortcuts:/home/jone/ws_moveit/install/moveit_task_constructor_msgs:/home/jone/ws_moveit/install/moveit_resources_prbt_support:/home/jone/ws_moveit/install/moveit_resources:/home/jone/ws_moveit/install/moveit_resources_pr2_description:/home/jone/ws_moveit/install/moveit_resources_panda_moveit_config:/home/jone/ws_moveit/install/moveit_resources_panda_description:/home/jone/ws_moveit/install/moveit_resources_fanuc_moveit_config:/home/jone/ws_moveit/install/moveit_resources_fanuc_description:/home/jone/ws_moveit/install/moveit_common LD_LIBRARY_PATH=/home/jone/ws_moveit/install/srdfdom/lib:/home/jone/ws_moveit/install/pilz_industrial_motion_planner_testutils/lib:/home/jone/ws_moveit/install/pilz_industrial_motion_planner/lib:/home/jone/ws_moveit/install/moveit_visual_tools/lib:/home/jone/ws_moveit/install/moveit_task_constructor_visualization/lib:/home/jone/ws_moveit/install/moveit_task_constructor_demo/lib:/home/jone/ws_moveit/install/moveit_task_constructor_capabilities/lib:/home/jone/ws_moveit/install/moveit_task_constructor_core/lib:/home/jone/ws_moveit/install/moveit_ros_control_interface/lib:/home/jone/ws_moveit/install/moveit_simple_controller_manager/lib:/home/jone/ws_moveit/install/moveit_setup_assistant/lib:/home/jone/ws_moveit/install/moveit_setup_srdf_plugins/lib:/home/jone/ws_moveit/install/moveit_setup_core_plugins/lib:/home/jone/ws_moveit/install/moveit_setup_controllers/lib:/home/jone/ws_moveit/install/moveit_setup_app_plugins/lib:/home/jone/ws_moveit/install/moveit_setup_framework/lib:/home/jone/ws_moveit/install/moveit_servo/lib:/home/jone/ws_moveit/install/moveit_ros_visualization/lib:/home/jone/ws_moveit/install/moveit_hybrid_planning/lib:/home/jone/ws_moveit/install/moveit_ros_planning_interface/lib:/home/jone/ws_moveit/install/moveit_ros_benchmarks/lib:/home/jone/ws_moveit/install/moveit_ros_warehouse/lib:/home/jone/ws_moveit/install/moveit_ros_robot_interaction/lib:/home/jone/ws_moveit/install/moveit_ros_perception/lib:/home/jone/ws_moveit/install/moveit_ros_move_group/lib:/home/jone/ws_moveit/install/moveit_planners_ompl/lib:/home/jone/ws_moveit/install/moveit_ros_planning/lib:/home/jone/ws_moveit/install/moveit_ros_occupancy_map_monitor/lib:/home/jone/ws_moveit/install/moveit_resources_prbt_ikfast_manipulator_plugin/lib:/home/jone/ws_moveit/install/moveit_planners_chomp/lib:/home/jone/ws_moveit/install/moveit_kinematics/lib:/home/jone/ws_moveit/install/moveit_chomp_optimizer_adapter/lib:/home/jone/ws_moveit/install/chomp_motion_planner/lib:/home/jone/ws_moveit/install/moveit_core/lib:/home/jone/ws_moveit/install/rviz_marker_tools/lib:/home/jone/ws_moveit/install/rosparam_shortcuts/lib:/home/jone/ws_moveit/install/moveit_task_constructor_msgs/lib:/opt/ros/humble/opt/rviz_ogre_vendor/lib:/opt/ros/humble/lib/x86_64-linux-gnu:/opt/ros/humble/lib:/usr/lib/x86_64-linux-gnu/gazebo-11/plugins:/usr/lib/x86_64-linux-gnu/gazebo-11/plugins:/usr/lib/x86_64-linux-gnu/gazebo-11/plugins PYTHONPATH=/home/jone/ws_moveit/build/moveit_configs_utils/prefix_override:/usr/lib/python3/dist-packages/colcon_core/task/python/colcon_distutils_commands:/home/jone/ws_moveit/install/moveit_configs_utils/lib/python3.10/site-packages:/home/jone/ws_moveit/install/launch_param_builder/lib/python3.10/site-packages:/home/jone/ws_moveit/install/moveit_task_constructor_core/local/lib/python3.10/dist-packages:/home/jone/ws_moveit/install/moveit_configs_utils/lib/python3.10/site-packages:/home/jone/ws_moveit/install/srdfdom/local/lib/python3.10/dist-packages:/home/jone/ws_moveit/install/moveit_task_constructor_msgs/local/lib/python3.10/dist-packages:/opt/ros/humble/lib/python3.10/site-packages:/opt/ros/humble/local/lib/python3.10/dist-packages /usr/bin/python3 -W ignore:setup.py install is deprecated -W ignore:easy_install command is deprecated setup.py egg_info --egg-base ../../../build/moveit_configs_utils build --build-base /home/jone/ws_moveit/build/moveit_configs_utils/build install --record /home/jone/ws_moveit/build/moveit_configs_utils/install.log --single-version-externally-managed install_data
[5.211s] Level 1:colcon.colcon_core.environment:checking '/home/jone/ws_moveit/install/moveit_configs_utils' for CMake config files
[5.212s] Level 1:colcon.colcon_core.environment:checking '/home/jone/ws_moveit/install/moveit_configs_utils/lib'
[5.212s] Level 1:colcon.colcon_core.environment:checking '/home/jone/ws_moveit/install/moveit_configs_utils/bin'
[5.212s] Level 1:colcon.colcon_core.environment:checking '/home/jone/ws_moveit/install/moveit_configs_utils/lib/pkgconfig/moveit_configs_utils.pc'
[5.212s] Level 1:colcon.colcon_core.environment:checking '/home/jone/ws_moveit/install/moveit_configs_utils/lib/python3.10/site-packages'
[5.212s] Level 1:colcon.colcon_core.shell:create_environment_hook('moveit_configs_utils', 'pythonpath')
[5.212s] INFO:colcon.colcon_core.shell:Creating environment hook '/home/jone/ws_moveit/install/moveit_configs_utils/share/moveit_configs_utils/hook/pythonpath.ps1'
[5.213s] INFO:colcon.colcon_core.shell:Creating environment descriptor '/home/jone/ws_moveit/install/moveit_configs_utils/share/moveit_configs_utils/hook/pythonpath.dsv'
[5.213s] INFO:colcon.colcon_core.shell:Creating environment hook '/home/jone/ws_moveit/install/moveit_configs_utils/share/moveit_configs_utils/hook/pythonpath.sh'
[5.213s] Level 1:colcon.colcon_core.environment:checking '/home/jone/ws_moveit/install/moveit_configs_utils/bin'
[5.214s] Level 1:colcon.colcon_core.environment:create_environment_scripts_only(moveit_configs_utils)
[5.214s] INFO:colcon.colcon_core.shell:Creating package script '/home/jone/ws_moveit/install/moveit_configs_utils/share/moveit_configs_utils/package.ps1'
[5.214s] INFO:colcon.colcon_core.shell:Creating package descriptor '/home/jone/ws_moveit/install/moveit_configs_utils/share/moveit_configs_utils/package.dsv'
[5.214s] INFO:colcon.colcon_core.shell:Creating package script '/home/jone/ws_moveit/install/moveit_configs_utils/share/moveit_configs_utils/package.sh'
[5.215s] INFO:colcon.colcon_core.shell:Creating package script '/home/jone/ws_moveit/install/moveit_configs_utils/share/moveit_configs_utils/package.bash'
[5.215s] INFO:colcon.colcon_core.shell:Creating package script '/home/jone/ws_moveit/install/moveit_configs_utils/share/moveit_configs_utils/package.zsh'
[5.215s] Level 1:colcon.colcon_core.environment:create_file_with_runtime_dependencies(/home/jone/ws_moveit/install/moveit_configs_utils/share/colcon-core/packages/moveit_configs_utils)
[5.215s] DEBUG:colcon.colcon_core.executor.sequential:run_until_complete 'moveit_configs_utils' finished with '0'
[5.215s] DEBUG:colcon.colcon_core.executor.sequential:run_until_complete 'moveit_resources_fanuc_moveit_config'
[5.215s] INFO:colcon.colcon_ros.task.ament_cmake.build:Building ROS package in '/home/jone/ws_moveit/src/moveit_resources/fanuc_moveit_config' with build type 'ament_cmake'
[5.216s] INFO:colcon.colcon_cmake.task.cmake.build:Building CMake package in '/home/jone/ws_moveit/src/moveit_resources/fanuc_moveit_config'
[5.216s] INFO:colcon.colcon_core.shell:Skip shell extension 'powershell' for command environment: Not usable outside of PowerShell
[5.216s] DEBUG:colcon.colcon_core.shell:Skip shell extension 'dsv' for command environment
[5.229s] DEBUG:colcon.colcon_core.event_handler.log_command:Invoking command in '/home/jone/ws_moveit/build/moveit_resources_fanuc_moveit_config': CMAKE_PREFIX_PATH=/home/jone/ws_moveit/install/moveit_resources_fanuc_description:/home/jone/ws_moveit/install/pilz_industrial_motion_planner_testutils:/home/jone/ws_moveit/install/moveit_runtime:/home/jone/ws_moveit/install/moveit2_tutorials:/home/jone/ws_moveit/install/moveit:/home/jone/ws_moveit/install/moveit_planners:/home/jone/ws_moveit/install/pilz_industrial_motion_planner:/home/jone/ws_moveit/install/moveit_visual_tools:/home/jone/ws_moveit/install/moveit_task_constructor_visualization:/home/jone/ws_moveit/install/moveit_task_constructor_demo:/home/jone/ws_moveit/install/moveit_task_constructor_capabilities:/home/jone/ws_moveit/install/moveit_task_constructor_core:/home/jone/ws_moveit/install/moveit_ros_control_interface:/home/jone/ws_moveit/install/moveit_plugins:/home/jone/ws_moveit/install/moveit_simple_controller_manager:/home/jone/ws_moveit/install/moveit_setup_assistant:/home/jone/ws_moveit/install/moveit_setup_srdf_plugins:/home/jone/ws_moveit/install/moveit_setup_core_plugins:/home/jone/ws_moveit/install/moveit_setup_controllers:/home/jone/ws_moveit/install/moveit_setup_app_plugins:/home/jone/ws_moveit/install/moveit_setup_framework:/home/jone/ws_moveit/install/moveit_servo:/home/jone/ws_moveit/install/moveit_ros:/home/jone/ws_moveit/install/moveit_ros_visualization:/home/jone/ws_moveit/install/moveit_hybrid_planning:/home/jone/ws_moveit/install/moveit_ros_planning_interface:/home/jone/ws_moveit/install/moveit_ros_benchmarks:/home/jone/ws_moveit/install/moveit_ros_warehouse:/home/jone/ws_moveit/install/moveit_ros_robot_interaction:/home/jone/ws_moveit/install/moveit_ros_perception:/home/jone/ws_moveit/install/moveit_resources_prbt_pg70_support:/home/jone/ws_moveit/install/moveit_resources_prbt_moveit_config:/home/jone/ws_moveit/install/moveit_ros_move_group:/home/jone/ws_moveit/install/moveit_planners_ompl:/home/jone/ws_moveit/install/moveit_ros_planning:/home/jone/ws_moveit/install/moveit_ros_occupancy_map_monitor:/home/jone/ws_moveit/install/moveit_resources_prbt_ikfast_manipulator_plugin:/home/jone/ws_moveit/install/moveit_planners_chomp:/home/jone/ws_moveit/install/moveit_kinematics:/home/jone/ws_moveit/install/moveit_chomp_optimizer_adapter:/home/jone/ws_moveit/install/chomp_motion_planner:/home/jone/ws_moveit/install/moveit_core:/home/jone/ws_moveit/install/srdfdom:/home/jone/ws_moveit/install/rviz_marker_tools:/home/jone/ws_moveit/install/rosparam_shortcuts:/home/jone/ws_moveit/install/moveit_task_constructor_msgs:/home/jone/ws_moveit/install/moveit_resources_prbt_support:/home/jone/ws_moveit/install/moveit_resources:/home/jone/ws_moveit/install/moveit_resources_pr2_description:/home/jone/ws_moveit/install/moveit_resources_panda_moveit_config:/home/jone/ws_moveit/install/moveit_resources_panda_description:/home/jone/ws_moveit/install/moveit_resources_fanuc_moveit_config:/home/jone/ws_moveit/install/moveit_common:/home/jone/ws_moveit/install/moveit_configs_utils:/home/jone/ws_moveit/install/launch_param_builder:/opt/ros/humble /usr/bin/cmake --build /home/jone/ws_moveit/build/moveit_resources_fanuc_moveit_config
[5.282s] DEBUG:colcon.colcon_core.event_handler.log_command:Invoked command in '/home/jone/ws_moveit/build/moveit_resources_fanuc_moveit_config' returned '0': CMAKE_PREFIX_PATH=/home/jone/ws_moveit/install/moveit_resources_fanuc_description:/home/jone/ws_moveit/install/pilz_industrial_motion_planner_testutils:/home/jone/ws_moveit/install/moveit_runtime:/home/jone/ws_moveit/install/moveit2_tutorials:/home/jone/ws_moveit/install/moveit:/home/jone/ws_moveit/install/moveit_planners:/home/jone/ws_moveit/install/pilz_industrial_motion_planner:/home/jone/ws_moveit/install/moveit_visual_tools:/home/jone/ws_moveit/install/moveit_task_constructor_visualization:/home/jone/ws_moveit/install/moveit_task_constructor_demo:/home/jone/ws_moveit/install/moveit_task_constructor_capabilities:/home/jone/ws_moveit/install/moveit_task_constructor_core:/home/jone/ws_moveit/install/moveit_ros_control_interface:/home/jone/ws_moveit/install/moveit_plugins:/home/jone/ws_moveit/install/moveit_simple_controller_manager:/home/jone/ws_moveit/install/moveit_setup_assistant:/home/jone/ws_moveit/install/moveit_setup_srdf_plugins:/home/jone/ws_moveit/install/moveit_setup_core_plugins:/home/jone/ws_moveit/install/moveit_setup_controllers:/home/jone/ws_moveit/install/moveit_setup_app_plugins:/home/jone/ws_moveit/install/moveit_setup_framework:/home/jone/ws_moveit/install/moveit_servo:/home/jone/ws_moveit/install/moveit_ros:/home/jone/ws_moveit/install/moveit_ros_visualization:/home/jone/ws_moveit/install/moveit_hybrid_planning:/home/jone/ws_moveit/install/moveit_ros_planning_interface:/home/jone/ws_moveit/install/moveit_ros_benchmarks:/home/jone/ws_moveit/install/moveit_ros_warehouse:/home/jone/ws_moveit/install/moveit_ros_robot_interaction:/home/jone/ws_moveit/install/moveit_ros_perception:/home/jone/ws_moveit/install/moveit_resources_prbt_pg70_support:/home/jone/ws_moveit/install/moveit_resources_prbt_moveit_config:/home/jone/ws_moveit/install/moveit_ros_move_group:/home/jone/ws_moveit/install/moveit_planners_ompl:/home/jone/ws_moveit/install/moveit_ros_planning:/home/jone/ws_moveit/install/moveit_ros_occupancy_map_monitor:/home/jone/ws_moveit/install/moveit_resources_prbt_ikfast_manipulator_plugin:/home/jone/ws_moveit/install/moveit_planners_chomp:/home/jone/ws_moveit/install/moveit_kinematics:/home/jone/ws_moveit/install/moveit_chomp_optimizer_adapter:/home/jone/ws_moveit/install/chomp_motion_planner:/home/jone/ws_moveit/install/moveit_core:/home/jone/ws_moveit/install/srdfdom:/home/jone/ws_moveit/install/rviz_marker_tools:/home/jone/ws_moveit/install/rosparam_shortcuts:/home/jone/ws_moveit/install/moveit_task_constructor_msgs:/home/jone/ws_moveit/install/moveit_resources_prbt_support:/home/jone/ws_moveit/install/moveit_resources:/home/jone/ws_moveit/install/moveit_resources_pr2_description:/home/jone/ws_moveit/install/moveit_resources_panda_moveit_config:/home/jone/ws_moveit/install/moveit_resources_panda_description:/home/jone/ws_moveit/install/moveit_resources_fanuc_moveit_config:/home/jone/ws_moveit/install/moveit_common:/home/jone/ws_moveit/install/moveit_configs_utils:/home/jone/ws_moveit/install/launch_param_builder:/opt/ros/humble /usr/bin/cmake --build /home/jone/ws_moveit/build/moveit_resources_fanuc_moveit_config
[5.284s] DEBUG:colcon.colcon_core.event_handler.log_command:Invoking command in '/home/jone/ws_moveit/build/moveit_resources_fanuc_moveit_config': CMAKE_PREFIX_PATH=/home/jone/ws_moveit/install/moveit_resources_fanuc_description:/home/jone/ws_moveit/install/pilz_industrial_motion_planner_testutils:/home/jone/ws_moveit/install/moveit_runtime:/home/jone/ws_moveit/install/moveit2_tutorials:/home/jone/ws_moveit/install/moveit:/home/jone/ws_moveit/install/moveit_planners:/home/jone/ws_moveit/install/pilz_industrial_motion_planner:/home/jone/ws_moveit/install/moveit_visual_tools:/home/jone/ws_moveit/install/moveit_task_constructor_visualization:/home/jone/ws_moveit/install/moveit_task_constructor_demo:/home/jone/ws_moveit/install/moveit_task_constructor_capabilities:/home/jone/ws_moveit/install/moveit_task_constructor_core:/home/jone/ws_moveit/install/moveit_ros_control_interface:/home/jone/ws_moveit/install/moveit_plugins:/home/jone/ws_moveit/install/moveit_simple_controller_manager:/home/jone/ws_moveit/install/moveit_setup_assistant:/home/jone/ws_moveit/install/moveit_setup_srdf_plugins:/home/jone/ws_moveit/install/moveit_setup_core_plugins:/home/jone/ws_moveit/install/moveit_setup_controllers:/home/jone/ws_moveit/install/moveit_setup_app_plugins:/home/jone/ws_moveit/install/moveit_setup_framework:/home/jone/ws_moveit/install/moveit_servo:/home/jone/ws_moveit/install/moveit_ros:/home/jone/ws_moveit/install/moveit_ros_visualization:/home/jone/ws_moveit/install/moveit_hybrid_planning:/home/jone/ws_moveit/install/moveit_ros_planning_interface:/home/jone/ws_moveit/install/moveit_ros_benchmarks:/home/jone/ws_moveit/install/moveit_ros_warehouse:/home/jone/ws_moveit/install/moveit_ros_robot_interaction:/home/jone/ws_moveit/install/moveit_ros_perception:/home/jone/ws_moveit/install/moveit_resources_prbt_pg70_support:/home/jone/ws_moveit/install/moveit_resources_prbt_moveit_config:/home/jone/ws_moveit/install/moveit_ros_move_group:/home/jone/ws_moveit/install/moveit_planners_ompl:/home/jone/ws_moveit/install/moveit_ros_planning:/home/jone/ws_moveit/install/moveit_ros_occupancy_map_monitor:/home/jone/ws_moveit/install/moveit_resources_prbt_ikfast_manipulator_plugin:/home/jone/ws_moveit/install/moveit_planners_chomp:/home/jone/ws_moveit/install/moveit_kinematics:/home/jone/ws_moveit/install/moveit_chomp_optimizer_adapter:/home/jone/ws_moveit/install/chomp_motion_planner:/home/jone/ws_moveit/install/moveit_core:/home/jone/ws_moveit/install/srdfdom:/home/jone/ws_moveit/install/rviz_marker_tools:/home/jone/ws_moveit/install/rosparam_shortcuts:/home/jone/ws_moveit/install/moveit_task_constructor_msgs:/home/jone/ws_moveit/install/moveit_resources_prbt_support:/home/jone/ws_moveit/install/moveit_resources:/home/jone/ws_moveit/install/moveit_resources_pr2_description:/home/jone/ws_moveit/install/moveit_resources_panda_moveit_config:/home/jone/ws_moveit/install/moveit_resources_panda_description:/home/jone/ws_moveit/install/moveit_resources_fanuc_moveit_config:/home/jone/ws_moveit/install/moveit_common:/home/jone/ws_moveit/install/moveit_configs_utils:/home/jone/ws_moveit/install/launch_param_builder:/opt/ros/humble /usr/bin/cmake --install /home/jone/ws_moveit/build/moveit_resources_fanuc_moveit_config
[5.298s] Level 1:colcon.colcon_core.environment:create_environment_scripts_only(moveit_resources_fanuc_moveit_config)
[5.298s] Level 1:colcon.colcon_core.environment:checking '/home/jone/ws_moveit/install/moveit_resources_fanuc_moveit_config' for CMake module files
[5.298s] DEBUG:colcon.colcon_core.event_handler.log_command:Invoked command in '/home/jone/ws_moveit/build/moveit_resources_fanuc_moveit_config' returned '0': CMAKE_PREFIX_PATH=/home/jone/ws_moveit/install/moveit_resources_fanuc_description:/home/jone/ws_moveit/install/pilz_industrial_motion_planner_testutils:/home/jone/ws_moveit/install/moveit_runtime:/home/jone/ws_moveit/install/moveit2_tutorials:/home/jone/ws_moveit/install/moveit:/home/jone/ws_moveit/install/moveit_planners:/home/jone/ws_moveit/install/pilz_industrial_motion_planner:/home/jone/ws_moveit/install/moveit_visual_tools:/home/jone/ws_moveit/install/moveit_task_constructor_visualization:/home/jone/ws_moveit/install/moveit_task_constructor_demo:/home/jone/ws_moveit/install/moveit_task_constructor_capabilities:/home/jone/ws_moveit/install/moveit_task_constructor_core:/home/jone/ws_moveit/install/moveit_ros_control_interface:/home/jone/ws_moveit/install/moveit_plugins:/home/jone/ws_moveit/install/moveit_simple_controller_manager:/home/jone/ws_moveit/install/moveit_setup_assistant:/home/jone/ws_moveit/install/moveit_setup_srdf_plugins:/home/jone/ws_moveit/install/moveit_setup_core_plugins:/home/jone/ws_moveit/install/moveit_setup_controllers:/home/jone/ws_moveit/install/moveit_setup_app_plugins:/home/jone/ws_moveit/install/moveit_setup_framework:/home/jone/ws_moveit/install/moveit_servo:/home/jone/ws_moveit/install/moveit_ros:/home/jone/ws_moveit/install/moveit_ros_visualization:/home/jone/ws_moveit/install/moveit_hybrid_planning:/home/jone/ws_moveit/install/moveit_ros_planning_interface:/home/jone/ws_moveit/install/moveit_ros_benchmarks:/home/jone/ws_moveit/install/moveit_ros_warehouse:/home/jone/ws_moveit/install/moveit_ros_robot_interaction:/home/jone/ws_moveit/install/moveit_ros_perception:/home/jone/ws_moveit/install/moveit_resources_prbt_pg70_support:/home/jone/ws_moveit/install/moveit_resources_prbt_moveit_config:/home/jone/ws_moveit/install/moveit_ros_move_group:/home/jone/ws_moveit/install/moveit_planners_ompl:/home/jone/ws_moveit/install/moveit_ros_planning:/home/jone/ws_moveit/install/moveit_ros_occupancy_map_monitor:/home/jone/ws_moveit/install/moveit_resources_prbt_ikfast_manipulator_plugin:/home/jone/ws_moveit/install/moveit_planners_chomp:/home/jone/ws_moveit/install/moveit_kinematics:/home/jone/ws_moveit/install/moveit_chomp_optimizer_adapter:/home/jone/ws_moveit/install/chomp_motion_planner:/home/jone/ws_moveit/install/moveit_core:/home/jone/ws_moveit/install/srdfdom:/home/jone/ws_moveit/install/rviz_marker_tools:/home/jone/ws_moveit/install/rosparam_shortcuts:/home/jone/ws_moveit/install/moveit_task_constructor_msgs:/home/jone/ws_moveit/install/moveit_resources_prbt_support:/home/jone/ws_moveit/install/moveit_resources:/home/jone/ws_moveit/install/moveit_resources_pr2_description:/home/jone/ws_moveit/install/moveit_resources_panda_moveit_config:/home/jone/ws_moveit/install/moveit_resources_panda_description:/home/jone/ws_moveit/install/moveit_resources_fanuc_moveit_config:/home/jone/ws_moveit/install/moveit_common:/home/jone/ws_moveit/install/moveit_configs_utils:/home/jone/ws_moveit/install/launch_param_builder:/opt/ros/humble /usr/bin/cmake --install /home/jone/ws_moveit/build/moveit_resources_fanuc_moveit_config
[5.299s] Level 1:colcon.colcon_core.environment:checking '/home/jone/ws_moveit/install/moveit_resources_fanuc_moveit_config' for CMake config files
[5.299s] Level 1:colcon.colcon_core.shell:create_environment_hook('moveit_resources_fanuc_moveit_config', 'cmake_prefix_path')
[5.299s] INFO:colcon.colcon_core.shell:Creating environment hook '/home/jone/ws_moveit/install/moveit_resources_fanuc_moveit_config/share/moveit_resources_fanuc_moveit_config/hook/cmake_prefix_path.ps1'
[5.299s] INFO:colcon.colcon_core.shell:Creating environment descriptor '/home/jone/ws_moveit/install/moveit_resources_fanuc_moveit_config/share/moveit_resources_fanuc_moveit_config/hook/cmake_prefix_path.dsv'
[5.300s] INFO:colcon.colcon_core.shell:Creating environment hook '/home/jone/ws_moveit/install/moveit_resources_fanuc_moveit_config/share/moveit_resources_fanuc_moveit_config/hook/cmake_prefix_path.sh'
[5.300s] Level 1:colcon.colcon_core.environment:checking '/home/jone/ws_moveit/install/moveit_resources_fanuc_moveit_config/bin'
[5.300s] Level 1:colcon.colcon_core.environment:checking '/home/jone/ws_moveit/install/moveit_resources_fanuc_moveit_config/lib/pkgconfig/moveit_resources_fanuc_moveit_config.pc'
[5.300s] Level 1:colcon.colcon_core.environment:checking '/home/jone/ws_moveit/install/moveit_resources_fanuc_moveit_config/lib/python3.10/site-packages'
[5.300s] Level 1:colcon.colcon_core.environment:checking '/home/jone/ws_moveit/install/moveit_resources_fanuc_moveit_config/bin'
[5.301s] INFO:colcon.colcon_core.shell:Creating package script '/home/jone/ws_moveit/install/moveit_resources_fanuc_moveit_config/share/moveit_resources_fanuc_moveit_config/package.ps1'
[5.301s] INFO:colcon.colcon_core.shell:Creating package descriptor '/home/jone/ws_moveit/install/moveit_resources_fanuc_moveit_config/share/moveit_resources_fanuc_moveit_config/package.dsv'
[5.301s] INFO:colcon.colcon_core.shell:Creating package script '/home/jone/ws_moveit/install/moveit_resources_fanuc_moveit_config/share/moveit_resources_fanuc_moveit_config/package.sh'
[5.302s] INFO:colcon.colcon_core.shell:Creating package script '/home/jone/ws_moveit/install/moveit_resources_fanuc_moveit_config/share/moveit_resources_fanuc_moveit_config/package.bash'
[5.302s] INFO:colcon.colcon_core.shell:Creating package script '/home/jone/ws_moveit/install/moveit_resources_fanuc_moveit_config/share/moveit_resources_fanuc_moveit_config/package.zsh'
[5.302s] Level 1:colcon.colcon_core.environment:create_file_with_runtime_dependencies(/home/jone/ws_moveit/install/moveit_resources_fanuc_moveit_config/share/colcon-core/packages/moveit_resources_fanuc_moveit_config)
[5.302s] Level 1:colcon.colcon_core.environment:create_environment_scripts_only(moveit_resources_fanuc_moveit_config)
[5.303s] Level 1:colcon.colcon_core.environment:checking '/home/jone/ws_moveit/install/moveit_resources_fanuc_moveit_config' for CMake module files
[5.303s] Level 1:colcon.colcon_core.environment:checking '/home/jone/ws_moveit/install/moveit_resources_fanuc_moveit_config' for CMake config files
[5.303s] Level 1:colcon.colcon_core.shell:create_environment_hook('moveit_resources_fanuc_moveit_config', 'cmake_prefix_path')
[5.303s] INFO:colcon.colcon_core.shell:Creating environment hook '/home/jone/ws_moveit/install/moveit_resources_fanuc_moveit_config/share/moveit_resources_fanuc_moveit_config/hook/cmake_prefix_path.ps1'
[5.303s] INFO:colcon.colcon_core.shell:Creating environment descriptor '/home/jone/ws_moveit/install/moveit_resources_fanuc_moveit_config/share/moveit_resources_fanuc_moveit_config/hook/cmake_prefix_path.dsv'
[5.304s] INFO:colcon.colcon_core.shell:Creating environment hook '/home/jone/ws_moveit/install/moveit_resources_fanuc_moveit_config/share/moveit_resources_fanuc_moveit_config/hook/cmake_prefix_path.sh'
[5.304s] Level 1:colcon.colcon_core.environment:checking '/home/jone/ws_moveit/install/moveit_resources_fanuc_moveit_config/bin'
[5.304s] Level 1:colcon.colcon_core.environment:checking '/home/jone/ws_moveit/install/moveit_resources_fanuc_moveit_config/lib/pkgconfig/moveit_resources_fanuc_moveit_config.pc'
[5.304s] Level 1:colcon.colcon_core.environment:checking '/home/jone/ws_moveit/install/moveit_resources_fanuc_moveit_config/lib/python3.10/site-packages'
[5.304s] Level 1:colcon.colcon_core.environment:checking '/home/jone/ws_moveit/install/moveit_resources_fanuc_moveit_config/bin'
[5.305s] INFO:colcon.colcon_core.shell:Creating package script '/home/jone/ws_moveit/install/moveit_resources_fanuc_moveit_config/share/moveit_resources_fanuc_moveit_config/package.ps1'
[5.305s] INFO:colcon.colcon_core.shell:Creating package descriptor '/home/jone/ws_moveit/install/moveit_resources_fanuc_moveit_config/share/moveit_resources_fanuc_moveit_config/package.dsv'
[5.305s] INFO:colcon.colcon_core.shell:Creating package script '/home/jone/ws_moveit/install/moveit_resources_fanuc_moveit_config/share/moveit_resources_fanuc_moveit_config/package.sh'
[5.306s] INFO:colcon.colcon_core.shell:Creating package script '/home/jone/ws_moveit/install/moveit_resources_fanuc_moveit_config/share/moveit_resources_fanuc_moveit_config/package.bash'
[5.306s] INFO:colcon.colcon_core.shell:Creating package script '/home/jone/ws_moveit/install/moveit_resources_fanuc_moveit_config/share/moveit_resources_fanuc_moveit_config/package.zsh'
[5.306s] Level 1:colcon.colcon_core.environment:create_file_with_runtime_dependencies(/home/jone/ws_moveit/install/moveit_resources_fanuc_moveit_config/share/colcon-core/packages/moveit_resources_fanuc_moveit_config)
[5.306s] DEBUG:colcon.colcon_core.executor.sequential:run_until_complete 'moveit_resources_fanuc_moveit_config' finished with '0'
[5.306s] DEBUG:colcon.colcon_core.executor.sequential:run_until_complete 'moveit_resources_panda_moveit_config'
[5.307s] INFO:colcon.colcon_ros.task.ament_cmake.build:Building ROS package in '/home/jone/ws_moveit/src/moveit_resources/panda_moveit_config' with build type 'ament_cmake'
[5.307s] INFO:colcon.colcon_cmake.task.cmake.build:Building CMake package in '/home/jone/ws_moveit/src/moveit_resources/panda_moveit_config'
[5.307s] INFO:colcon.colcon_core.shell:Skip shell extension 'powershell' for command environment: Not usable outside of PowerShell
[5.307s] DEBUG:colcon.colcon_core.shell:Skip shell extension 'dsv' for command environment
[5.320s] DEBUG:colcon.colcon_core.event_handler.log_command:Invoking command in '/home/jone/ws_moveit/build/moveit_resources_panda_moveit_config': CMAKE_PREFIX_PATH=/home/jone/ws_moveit/install/moveit_resources_panda_description:/home/jone/ws_moveit/install/pilz_industrial_motion_planner_testutils:/home/jone/ws_moveit/install/moveit_runtime:/home/jone/ws_moveit/install/moveit2_tutorials:/home/jone/ws_moveit/install/moveit:/home/jone/ws_moveit/install/moveit_planners:/home/jone/ws_moveit/install/pilz_industrial_motion_planner:/home/jone/ws_moveit/install/moveit_visual_tools:/home/jone/ws_moveit/install/moveit_task_constructor_visualization:/home/jone/ws_moveit/install/moveit_task_constructor_demo:/home/jone/ws_moveit/install/moveit_task_constructor_capabilities:/home/jone/ws_moveit/install/moveit_task_constructor_core:/home/jone/ws_moveit/install/moveit_ros_control_interface:/home/jone/ws_moveit/install/moveit_plugins:/home/jone/ws_moveit/install/moveit_simple_controller_manager:/home/jone/ws_moveit/install/moveit_setup_assistant:/home/jone/ws_moveit/install/moveit_setup_srdf_plugins:/home/jone/ws_moveit/install/moveit_setup_core_plugins:/home/jone/ws_moveit/install/moveit_setup_controllers:/home/jone/ws_moveit/install/moveit_setup_app_plugins:/home/jone/ws_moveit/install/moveit_setup_framework:/home/jone/ws_moveit/install/moveit_servo:/home/jone/ws_moveit/install/moveit_ros:/home/jone/ws_moveit/install/moveit_ros_visualization:/home/jone/ws_moveit/install/moveit_hybrid_planning:/home/jone/ws_moveit/install/moveit_ros_planning_interface:/home/jone/ws_moveit/install/moveit_ros_benchmarks:/home/jone/ws_moveit/install/moveit_ros_warehouse:/home/jone/ws_moveit/install/moveit_ros_robot_interaction:/home/jone/ws_moveit/install/moveit_ros_perception:/home/jone/ws_moveit/install/moveit_resources_prbt_pg70_support:/home/jone/ws_moveit/install/moveit_resources_prbt_moveit_config:/home/jone/ws_moveit/install/moveit_ros_move_group:/home/jone/ws_moveit/install/moveit_planners_ompl:/home/jone/ws_moveit/install/moveit_ros_planning:/home/jone/ws_moveit/install/moveit_ros_occupancy_map_monitor:/home/jone/ws_moveit/install/moveit_resources_prbt_ikfast_manipulator_plugin:/home/jone/ws_moveit/install/moveit_planners_chomp:/home/jone/ws_moveit/install/moveit_kinematics:/home/jone/ws_moveit/install/moveit_chomp_optimizer_adapter:/home/jone/ws_moveit/install/chomp_motion_planner:/home/jone/ws_moveit/install/moveit_core:/home/jone/ws_moveit/install/srdfdom:/home/jone/ws_moveit/install/rviz_marker_tools:/home/jone/ws_moveit/install/rosparam_shortcuts:/home/jone/ws_moveit/install/moveit_task_constructor_msgs:/home/jone/ws_moveit/install/moveit_resources_prbt_support:/home/jone/ws_moveit/install/moveit_resources:/home/jone/ws_moveit/install/moveit_resources_pr2_description:/home/jone/ws_moveit/install/moveit_resources_panda_moveit_config:/home/jone/ws_moveit/install/moveit_resources_fanuc_moveit_config:/home/jone/ws_moveit/install/moveit_resources_fanuc_description:/home/jone/ws_moveit/install/moveit_common:/home/jone/ws_moveit/install/moveit_configs_utils:/home/jone/ws_moveit/install/launch_param_builder:/opt/ros/humble /usr/bin/cmake --build /home/jone/ws_moveit/build/moveit_resources_panda_moveit_config
[5.376s] DEBUG:colcon.colcon_core.event_handler.log_command:Invoked command in '/home/jone/ws_moveit/build/moveit_resources_panda_moveit_config' returned '0': CMAKE_PREFIX_PATH=/home/jone/ws_moveit/install/moveit_resources_panda_description:/home/jone/ws_moveit/install/pilz_industrial_motion_planner_testutils:/home/jone/ws_moveit/install/moveit_runtime:/home/jone/ws_moveit/install/moveit2_tutorials:/home/jone/ws_moveit/install/moveit:/home/jone/ws_moveit/install/moveit_planners:/home/jone/ws_moveit/install/pilz_industrial_motion_planner:/home/jone/ws_moveit/install/moveit_visual_tools:/home/jone/ws_moveit/install/moveit_task_constructor_visualization:/home/jone/ws_moveit/install/moveit_task_constructor_demo:/home/jone/ws_moveit/install/moveit_task_constructor_capabilities:/home/jone/ws_moveit/install/moveit_task_constructor_core:/home/jone/ws_moveit/install/moveit_ros_control_interface:/home/jone/ws_moveit/install/moveit_plugins:/home/jone/ws_moveit/install/moveit_simple_controller_manager:/home/jone/ws_moveit/install/moveit_setup_assistant:/home/jone/ws_moveit/install/moveit_setup_srdf_plugins:/home/jone/ws_moveit/install/moveit_setup_core_plugins:/home/jone/ws_moveit/install/moveit_setup_controllers:/home/jone/ws_moveit/install/moveit_setup_app_plugins:/home/jone/ws_moveit/install/moveit_setup_framework:/home/jone/ws_moveit/install/moveit_servo:/home/jone/ws_moveit/install/moveit_ros:/home/jone/ws_moveit/install/moveit_ros_visualization:/home/jone/ws_moveit/install/moveit_hybrid_planning:/home/jone/ws_moveit/install/moveit_ros_planning_interface:/home/jone/ws_moveit/install/moveit_ros_benchmarks:/home/jone/ws_moveit/install/moveit_ros_warehouse:/home/jone/ws_moveit/install/moveit_ros_robot_interaction:/home/jone/ws_moveit/install/moveit_ros_perception:/home/jone/ws_moveit/install/moveit_resources_prbt_pg70_support:/home/jone/ws_moveit/install/moveit_resources_prbt_moveit_config:/home/jone/ws_moveit/install/moveit_ros_move_group:/home/jone/ws_moveit/install/moveit_planners_ompl:/home/jone/ws_moveit/install/moveit_ros_planning:/home/jone/ws_moveit/install/moveit_ros_occupancy_map_monitor:/home/jone/ws_moveit/install/moveit_resources_prbt_ikfast_manipulator_plugin:/home/jone/ws_moveit/install/moveit_planners_chomp:/home/jone/ws_moveit/install/moveit_kinematics:/home/jone/ws_moveit/install/moveit_chomp_optimizer_adapter:/home/jone/ws_moveit/install/chomp_motion_planner:/home/jone/ws_moveit/install/moveit_core:/home/jone/ws_moveit/install/srdfdom:/home/jone/ws_moveit/install/rviz_marker_tools:/home/jone/ws_moveit/install/rosparam_shortcuts:/home/jone/ws_moveit/install/moveit_task_constructor_msgs:/home/jone/ws_moveit/install/moveit_resources_prbt_support:/home/jone/ws_moveit/install/moveit_resources:/home/jone/ws_moveit/install/moveit_resources_pr2_description:/home/jone/ws_moveit/install/moveit_resources_panda_moveit_config:/home/jone/ws_moveit/install/moveit_resources_fanuc_moveit_config:/home/jone/ws_moveit/install/moveit_resources_fanuc_description:/home/jone/ws_moveit/install/moveit_common:/home/jone/ws_moveit/install/moveit_configs_utils:/home/jone/ws_moveit/install/launch_param_builder:/opt/ros/humble /usr/bin/cmake --build /home/jone/ws_moveit/build/moveit_resources_panda_moveit_config
[5.378s] DEBUG:colcon.colcon_core.event_handler.log_command:Invoking command in '/home/jone/ws_moveit/build/moveit_resources_panda_moveit_config': CMAKE_PREFIX_PATH=/home/jone/ws_moveit/install/moveit_resources_panda_description:/home/jone/ws_moveit/install/pilz_industrial_motion_planner_testutils:/home/jone/ws_moveit/install/moveit_runtime:/home/jone/ws_moveit/install/moveit2_tutorials:/home/jone/ws_moveit/install/moveit:/home/jone/ws_moveit/install/moveit_planners:/home/jone/ws_moveit/install/pilz_industrial_motion_planner:/home/jone/ws_moveit/install/moveit_visual_tools:/home/jone/ws_moveit/install/moveit_task_constructor_visualization:/home/jone/ws_moveit/install/moveit_task_constructor_demo:/home/jone/ws_moveit/install/moveit_task_constructor_capabilities:/home/jone/ws_moveit/install/moveit_task_constructor_core:/home/jone/ws_moveit/install/moveit_ros_control_interface:/home/jone/ws_moveit/install/moveit_plugins:/home/jone/ws_moveit/install/moveit_simple_controller_manager:/home/jone/ws_moveit/install/moveit_setup_assistant:/home/jone/ws_moveit/install/moveit_setup_srdf_plugins:/home/jone/ws_moveit/install/moveit_setup_core_plugins:/home/jone/ws_moveit/install/moveit_setup_controllers:/home/jone/ws_moveit/install/moveit_setup_app_plugins:/home/jone/ws_moveit/install/moveit_setup_framework:/home/jone/ws_moveit/install/moveit_servo:/home/jone/ws_moveit/install/moveit_ros:/home/jone/ws_moveit/install/moveit_ros_visualization:/home/jone/ws_moveit/install/moveit_hybrid_planning:/home/jone/ws_moveit/install/moveit_ros_planning_interface:/home/jone/ws_moveit/install/moveit_ros_benchmarks:/home/jone/ws_moveit/install/moveit_ros_warehouse:/home/jone/ws_moveit/install/moveit_ros_robot_interaction:/home/jone/ws_moveit/install/moveit_ros_perception:/home/jone/ws_moveit/install/moveit_resources_prbt_pg70_support:/home/jone/ws_moveit/install/moveit_resources_prbt_moveit_config:/home/jone/ws_moveit/install/moveit_ros_move_group:/home/jone/ws_moveit/install/moveit_planners_ompl:/home/jone/ws_moveit/install/moveit_ros_planning:/home/jone/ws_moveit/install/moveit_ros_occupancy_map_monitor:/home/jone/ws_moveit/install/moveit_resources_prbt_ikfast_manipulator_plugin:/home/jone/ws_moveit/install/moveit_planners_chomp:/home/jone/ws_moveit/install/moveit_kinematics:/home/jone/ws_moveit/install/moveit_chomp_optimizer_adapter:/home/jone/ws_moveit/install/chomp_motion_planner:/home/jone/ws_moveit/install/moveit_core:/home/jone/ws_moveit/install/srdfdom:/home/jone/ws_moveit/install/rviz_marker_tools:/home/jone/ws_moveit/install/rosparam_shortcuts:/home/jone/ws_moveit/install/moveit_task_constructor_msgs:/home/jone/ws_moveit/install/moveit_resources_prbt_support:/home/jone/ws_moveit/install/moveit_resources:/home/jone/ws_moveit/install/moveit_resources_pr2_description:/home/jone/ws_moveit/install/moveit_resources_panda_moveit_config:/home/jone/ws_moveit/install/moveit_resources_fanuc_moveit_config:/home/jone/ws_moveit/install/moveit_resources_fanuc_description:/home/jone/ws_moveit/install/moveit_common:/home/jone/ws_moveit/install/moveit_configs_utils:/home/jone/ws_moveit/install/launch_param_builder:/opt/ros/humble /usr/bin/cmake --install /home/jone/ws_moveit/build/moveit_resources_panda_moveit_config
[5.393s] Level 1:colcon.colcon_core.environment:create_environment_scripts_only(moveit_resources_panda_moveit_config)
[5.393s] Level 1:colcon.colcon_core.environment:checking '/home/jone/ws_moveit/install/moveit_resources_panda_moveit_config' for CMake module files
[5.394s] DEBUG:colcon.colcon_core.event_handler.log_command:Invoked command in '/home/jone/ws_moveit/build/moveit_resources_panda_moveit_config' returned '0': CMAKE_PREFIX_PATH=/home/jone/ws_moveit/install/moveit_resources_panda_description:/home/jone/ws_moveit/install/pilz_industrial_motion_planner_testutils:/home/jone/ws_moveit/install/moveit_runtime:/home/jone/ws_moveit/install/moveit2_tutorials:/home/jone/ws_moveit/install/moveit:/home/jone/ws_moveit/install/moveit_planners:/home/jone/ws_moveit/install/pilz_industrial_motion_planner:/home/jone/ws_moveit/install/moveit_visual_tools:/home/jone/ws_moveit/install/moveit_task_constructor_visualization:/home/jone/ws_moveit/install/moveit_task_constructor_demo:/home/jone/ws_moveit/install/moveit_task_constructor_capabilities:/home/jone/ws_moveit/install/moveit_task_constructor_core:/home/jone/ws_moveit/install/moveit_ros_control_interface:/home/jone/ws_moveit/install/moveit_plugins:/home/jone/ws_moveit/install/moveit_simple_controller_manager:/home/jone/ws_moveit/install/moveit_setup_assistant:/home/jone/ws_moveit/install/moveit_setup_srdf_plugins:/home/jone/ws_moveit/install/moveit_setup_core_plugins:/home/jone/ws_moveit/install/moveit_setup_controllers:/home/jone/ws_moveit/install/moveit_setup_app_plugins:/home/jone/ws_moveit/install/moveit_setup_framework:/home/jone/ws_moveit/install/moveit_servo:/home/jone/ws_moveit/install/moveit_ros:/home/jone/ws_moveit/install/moveit_ros_visualization:/home/jone/ws_moveit/install/moveit_hybrid_planning:/home/jone/ws_moveit/install/moveit_ros_planning_interface:/home/jone/ws_moveit/install/moveit_ros_benchmarks:/home/jone/ws_moveit/install/moveit_ros_warehouse:/home/jone/ws_moveit/install/moveit_ros_robot_interaction:/home/jone/ws_moveit/install/moveit_ros_perception:/home/jone/ws_moveit/install/moveit_resources_prbt_pg70_support:/home/jone/ws_moveit/install/moveit_resources_prbt_moveit_config:/home/jone/ws_moveit/install/moveit_ros_move_group:/home/jone/ws_moveit/install/moveit_planners_ompl:/home/jone/ws_moveit/install/moveit_ros_planning:/home/jone/ws_moveit/install/moveit_ros_occupancy_map_monitor:/home/jone/ws_moveit/install/moveit_resources_prbt_ikfast_manipulator_plugin:/home/jone/ws_moveit/install/moveit_planners_chomp:/home/jone/ws_moveit/install/moveit_kinematics:/home/jone/ws_moveit/install/moveit_chomp_optimizer_adapter:/home/jone/ws_moveit/install/chomp_motion_planner:/home/jone/ws_moveit/install/moveit_core:/home/jone/ws_moveit/install/srdfdom:/home/jone/ws_moveit/install/rviz_marker_tools:/home/jone/ws_moveit/install/rosparam_shortcuts:/home/jone/ws_moveit/install/moveit_task_constructor_msgs:/home/jone/ws_moveit/install/moveit_resources_prbt_support:/home/jone/ws_moveit/install/moveit_resources:/home/jone/ws_moveit/install/moveit_resources_pr2_description:/home/jone/ws_moveit/install/moveit_resources_panda_moveit_config:/home/jone/ws_moveit/install/moveit_resources_fanuc_moveit_config:/home/jone/ws_moveit/install/moveit_resources_fanuc_description:/home/jone/ws_moveit/install/moveit_common:/home/jone/ws_moveit/install/moveit_configs_utils:/home/jone/ws_moveit/install/launch_param_builder:/opt/ros/humble /usr/bin/cmake --install /home/jone/ws_moveit/build/moveit_resources_panda_moveit_config
[5.394s] Level 1:colcon.colcon_core.environment:checking '/home/jone/ws_moveit/install/moveit_resources_panda_moveit_config' for CMake config files
[5.394s] Level 1:colcon.colcon_core.shell:create_environment_hook('moveit_resources_panda_moveit_config', 'cmake_prefix_path')
[5.395s] INFO:colcon.colcon_core.shell:Creating environment hook '/home/jone/ws_moveit/install/moveit_resources_panda_moveit_config/share/moveit_resources_panda_moveit_config/hook/cmake_prefix_path.ps1'
[5.395s] INFO:colcon.colcon_core.shell:Creating environment descriptor '/home/jone/ws_moveit/install/moveit_resources_panda_moveit_config/share/moveit_resources_panda_moveit_config/hook/cmake_prefix_path.dsv'
[5.395s] INFO:colcon.colcon_core.shell:Creating environment hook '/home/jone/ws_moveit/install/moveit_resources_panda_moveit_config/share/moveit_resources_panda_moveit_config/hook/cmake_prefix_path.sh'
[5.396s] Level 1:colcon.colcon_core.environment:checking '/home/jone/ws_moveit/install/moveit_resources_panda_moveit_config/bin'
[5.396s] Level 1:colcon.colcon_core.environment:checking '/home/jone/ws_moveit/install/moveit_resources_panda_moveit_config/lib/pkgconfig/moveit_resources_panda_moveit_config.pc'
[5.396s] Level 1:colcon.colcon_core.environment:checking '/home/jone/ws_moveit/install/moveit_resources_panda_moveit_config/lib/python3.10/site-packages'
[5.396s] Level 1:colcon.colcon_core.environment:checking '/home/jone/ws_moveit/install/moveit_resources_panda_moveit_config/bin'
[5.396s] INFO:colcon.colcon_core.shell:Creating package script '/home/jone/ws_moveit/install/moveit_resources_panda_moveit_config/share/moveit_resources_panda_moveit_config/package.ps1'
[5.396s] INFO:colcon.colcon_core.shell:Creating package descriptor '/home/jone/ws_moveit/install/moveit_resources_panda_moveit_config/share/moveit_resources_panda_moveit_config/package.dsv'
[5.397s] INFO:colcon.colcon_core.shell:Creating package script '/home/jone/ws_moveit/install/moveit_resources_panda_moveit_config/share/moveit_resources_panda_moveit_config/package.sh'
[5.397s] INFO:colcon.colcon_core.shell:Creating package script '/home/jone/ws_moveit/install/moveit_resources_panda_moveit_config/share/moveit_resources_panda_moveit_config/package.bash'
[5.397s] INFO:colcon.colcon_core.shell:Creating package script '/home/jone/ws_moveit/install/moveit_resources_panda_moveit_config/share/moveit_resources_panda_moveit_config/package.zsh'
[5.397s] Level 1:colcon.colcon_core.environment:create_file_with_runtime_dependencies(/home/jone/ws_moveit/install/moveit_resources_panda_moveit_config/share/colcon-core/packages/moveit_resources_panda_moveit_config)
[5.398s] Level 1:colcon.colcon_core.environment:create_environment_scripts_only(moveit_resources_panda_moveit_config)
[5.398s] Level 1:colcon.colcon_core.environment:checking '/home/jone/ws_moveit/install/moveit_resources_panda_moveit_config' for CMake module files
[5.398s] Level 1:colcon.colcon_core.environment:checking '/home/jone/ws_moveit/install/moveit_resources_panda_moveit_config' for CMake config files
[5.398s] Level 1:colcon.colcon_core.shell:create_environment_hook('moveit_resources_panda_moveit_config', 'cmake_prefix_path')
[5.399s] INFO:colcon.colcon_core.shell:Creating environment hook '/home/jone/ws_moveit/install/moveit_resources_panda_moveit_config/share/moveit_resources_panda_moveit_config/hook/cmake_prefix_path.ps1'
[5.399s] INFO:colcon.colcon_core.shell:Creating environment descriptor '/home/jone/ws_moveit/install/moveit_resources_panda_moveit_config/share/moveit_resources_panda_moveit_config/hook/cmake_prefix_path.dsv'
[5.399s] INFO:colcon.colcon_core.shell:Creating environment hook '/home/jone/ws_moveit/install/moveit_resources_panda_moveit_config/share/moveit_resources_panda_moveit_config/hook/cmake_prefix_path.sh'
[5.400s] Level 1:colcon.colcon_core.environment:checking '/home/jone/ws_moveit/install/moveit_resources_panda_moveit_config/bin'
[5.400s] Level 1:colcon.colcon_core.environment:checking '/home/jone/ws_moveit/install/moveit_resources_panda_moveit_config/lib/pkgconfig/moveit_resources_panda_moveit_config.pc'
[5.400s] Level 1:colcon.colcon_core.environment:checking '/home/jone/ws_moveit/install/moveit_resources_panda_moveit_config/lib/python3.10/site-packages'
[5.400s] Level 1:colcon.colcon_core.environment:checking '/home/jone/ws_moveit/install/moveit_resources_panda_moveit_config/bin'
[5.400s] INFO:colcon.colcon_core.shell:Creating package script '/home/jone/ws_moveit/install/moveit_resources_panda_moveit_config/share/moveit_resources_panda_moveit_config/package.ps1'
[5.401s] INFO:colcon.colcon_core.shell:Creating package descriptor '/home/jone/ws_moveit/install/moveit_resources_panda_moveit_config/share/moveit_resources_panda_moveit_config/package.dsv'
[5.401s] INFO:colcon.colcon_core.shell:Creating package script '/home/jone/ws_moveit/install/moveit_resources_panda_moveit_config/share/moveit_resources_panda_moveit_config/package.sh'
[5.401s] INFO:colcon.colcon_core.shell:Creating package script '/home/jone/ws_moveit/install/moveit_resources_panda_moveit_config/share/moveit_resources_panda_moveit_config/package.bash'
[5.402s] INFO:colcon.colcon_core.shell:Creating package script '/home/jone/ws_moveit/install/moveit_resources_panda_moveit_config/share/moveit_resources_panda_moveit_config/package.zsh'
[5.402s] Level 1:colcon.colcon_core.environment:create_file_with_runtime_dependencies(/home/jone/ws_moveit/install/moveit_resources_panda_moveit_config/share/colcon-core/packages/moveit_resources_panda_moveit_config)
[5.402s] DEBUG:colcon.colcon_core.executor.sequential:run_until_complete 'moveit_resources_panda_moveit_config' finished with '0'
[5.402s] DEBUG:colcon.colcon_core.executor.sequential:run_until_complete 'rviz_marker_tools'
[5.402s] INFO:colcon.colcon_ros.task.ament_cmake.build:Building ROS package in '/home/jone/ws_moveit/src/moveit_task_constructor/rviz_marker_tools' with build type 'ament_cmake'
[5.403s] INFO:colcon.colcon_cmake.task.cmake.build:Building CMake package in '/home/jone/ws_moveit/src/moveit_task_constructor/rviz_marker_tools'
[5.403s] INFO:colcon.colcon_core.shell:Skip shell extension 'powershell' for command environment: Not usable outside of PowerShell
[5.403s] DEBUG:colcon.colcon_core.shell:Skip shell extension 'dsv' for command environment
[5.417s] DEBUG:colcon.colcon_core.event_handler.log_command:Invoking command in '/home/jone/ws_moveit/build/rviz_marker_tools': CMAKE_PREFIX_PATH=/home/jone/ws_moveit/install/moveit_common:/home/jone/ws_moveit/install/pilz_industrial_motion_planner_testutils:/home/jone/ws_moveit/install/moveit_runtime:/home/jone/ws_moveit/install/moveit2_tutorials:/home/jone/ws_moveit/install/moveit:/home/jone/ws_moveit/install/moveit_planners:/home/jone/ws_moveit/install/pilz_industrial_motion_planner:/home/jone/ws_moveit/install/moveit_visual_tools:/home/jone/ws_moveit/install/moveit_task_constructor_visualization:/home/jone/ws_moveit/install/moveit_task_constructor_demo:/home/jone/ws_moveit/install/moveit_task_constructor_capabilities:/home/jone/ws_moveit/install/moveit_task_constructor_core:/home/jone/ws_moveit/install/moveit_ros_control_interface:/home/jone/ws_moveit/install/moveit_plugins:/home/jone/ws_moveit/install/moveit_simple_controller_manager:/home/jone/ws_moveit/install/moveit_setup_assistant:/home/jone/ws_moveit/install/moveit_setup_srdf_plugins:/home/jone/ws_moveit/install/moveit_setup_core_plugins:/home/jone/ws_moveit/install/moveit_setup_controllers:/home/jone/ws_moveit/install/moveit_setup_app_plugins:/home/jone/ws_moveit/install/moveit_setup_framework:/home/jone/ws_moveit/install/moveit_servo:/home/jone/ws_moveit/install/moveit_ros:/home/jone/ws_moveit/install/moveit_ros_visualization:/home/jone/ws_moveit/install/moveit_hybrid_planning:/home/jone/ws_moveit/install/moveit_ros_planning_interface:/home/jone/ws_moveit/install/moveit_ros_benchmarks:/home/jone/ws_moveit/install/moveit_ros_warehouse:/home/jone/ws_moveit/install/moveit_ros_robot_interaction:/home/jone/ws_moveit/install/moveit_ros_perception:/home/jone/ws_moveit/install/moveit_resources_prbt_pg70_support:/home/jone/ws_moveit/install/moveit_resources_prbt_moveit_config:/home/jone/ws_moveit/install/moveit_ros_move_group:/home/jone/ws_moveit/install/moveit_planners_ompl:/home/jone/ws_moveit/install/moveit_ros_planning:/home/jone/ws_moveit/install/moveit_ros_occupancy_map_monitor:/home/jone/ws_moveit/install/moveit_resources_prbt_ikfast_manipulator_plugin:/home/jone/ws_moveit/install/moveit_planners_chomp:/home/jone/ws_moveit/install/moveit_kinematics:/home/jone/ws_moveit/install/moveit_chomp_optimizer_adapter:/home/jone/ws_moveit/install/chomp_motion_planner:/home/jone/ws_moveit/install/moveit_core:/home/jone/ws_moveit/install/srdfdom:/home/jone/ws_moveit/install/rviz_marker_tools:/home/jone/ws_moveit/install/rosparam_shortcuts:/home/jone/ws_moveit/install/moveit_task_constructor_msgs:/home/jone/ws_moveit/install/moveit_resources_prbt_support:/home/jone/ws_moveit/install/moveit_resources:/home/jone/ws_moveit/install/moveit_resources_pr2_description:/home/jone/ws_moveit/install/moveit_resources_panda_moveit_config:/home/jone/ws_moveit/install/moveit_resources_panda_description:/home/jone/ws_moveit/install/moveit_resources_fanuc_moveit_config:/home/jone/ws_moveit/install/moveit_resources_fanuc_description:/home/jone/ws_moveit/install/moveit_configs_utils:/home/jone/ws_moveit/install/launch_param_builder:/opt/ros/humble /usr/bin/cmake --build /home/jone/ws_moveit/build/rviz_marker_tools
[5.517s] DEBUG:colcon.colcon_core.event_handler.log_command:Invoked command in '/home/jone/ws_moveit/build/rviz_marker_tools' returned '0': CMAKE_PREFIX_PATH=/home/jone/ws_moveit/install/moveit_common:/home/jone/ws_moveit/install/pilz_industrial_motion_planner_testutils:/home/jone/ws_moveit/install/moveit_runtime:/home/jone/ws_moveit/install/moveit2_tutorials:/home/jone/ws_moveit/install/moveit:/home/jone/ws_moveit/install/moveit_planners:/home/jone/ws_moveit/install/pilz_industrial_motion_planner:/home/jone/ws_moveit/install/moveit_visual_tools:/home/jone/ws_moveit/install/moveit_task_constructor_visualization:/home/jone/ws_moveit/install/moveit_task_constructor_demo:/home/jone/ws_moveit/install/moveit_task_constructor_capabilities:/home/jone/ws_moveit/install/moveit_task_constructor_core:/home/jone/ws_moveit/install/moveit_ros_control_interface:/home/jone/ws_moveit/install/moveit_plugins:/home/jone/ws_moveit/install/moveit_simple_controller_manager:/home/jone/ws_moveit/install/moveit_setup_assistant:/home/jone/ws_moveit/install/moveit_setup_srdf_plugins:/home/jone/ws_moveit/install/moveit_setup_core_plugins:/home/jone/ws_moveit/install/moveit_setup_controllers:/home/jone/ws_moveit/install/moveit_setup_app_plugins:/home/jone/ws_moveit/install/moveit_setup_framework:/home/jone/ws_moveit/install/moveit_servo:/home/jone/ws_moveit/install/moveit_ros:/home/jone/ws_moveit/install/moveit_ros_visualization:/home/jone/ws_moveit/install/moveit_hybrid_planning:/home/jone/ws_moveit/install/moveit_ros_planning_interface:/home/jone/ws_moveit/install/moveit_ros_benchmarks:/home/jone/ws_moveit/install/moveit_ros_warehouse:/home/jone/ws_moveit/install/moveit_ros_robot_interaction:/home/jone/ws_moveit/install/moveit_ros_perception:/home/jone/ws_moveit/install/moveit_resources_prbt_pg70_support:/home/jone/ws_moveit/install/moveit_resources_prbt_moveit_config:/home/jone/ws_moveit/install/moveit_ros_move_group:/home/jone/ws_moveit/install/moveit_planners_ompl:/home/jone/ws_moveit/install/moveit_ros_planning:/home/jone/ws_moveit/install/moveit_ros_occupancy_map_monitor:/home/jone/ws_moveit/install/moveit_resources_prbt_ikfast_manipulator_plugin:/home/jone/ws_moveit/install/moveit_planners_chomp:/home/jone/ws_moveit/install/moveit_kinematics:/home/jone/ws_moveit/install/moveit_chomp_optimizer_adapter:/home/jone/ws_moveit/install/chomp_motion_planner:/home/jone/ws_moveit/install/moveit_core:/home/jone/ws_moveit/install/srdfdom:/home/jone/ws_moveit/install/rviz_marker_tools:/home/jone/ws_moveit/install/rosparam_shortcuts:/home/jone/ws_moveit/install/moveit_task_constructor_msgs:/home/jone/ws_moveit/install/moveit_resources_prbt_support:/home/jone/ws_moveit/install/moveit_resources:/home/jone/ws_moveit/install/moveit_resources_pr2_description:/home/jone/ws_moveit/install/moveit_resources_panda_moveit_config:/home/jone/ws_moveit/install/moveit_resources_panda_description:/home/jone/ws_moveit/install/moveit_resources_fanuc_moveit_config:/home/jone/ws_moveit/install/moveit_resources_fanuc_description:/home/jone/ws_moveit/install/moveit_configs_utils:/home/jone/ws_moveit/install/launch_param_builder:/opt/ros/humble /usr/bin/cmake --build /home/jone/ws_moveit/build/rviz_marker_tools
[5.533s] DEBUG:colcon.colcon_core.event_handler.log_command:Invoking command in '/home/jone/ws_moveit/build/rviz_marker_tools': CMAKE_PREFIX_PATH=/home/jone/ws_moveit/install/moveit_common:/home/jone/ws_moveit/install/pilz_industrial_motion_planner_testutils:/home/jone/ws_moveit/install/moveit_runtime:/home/jone/ws_moveit/install/moveit2_tutorials:/home/jone/ws_moveit/install/moveit:/home/jone/ws_moveit/install/moveit_planners:/home/jone/ws_moveit/install/pilz_industrial_motion_planner:/home/jone/ws_moveit/install/moveit_visual_tools:/home/jone/ws_moveit/install/moveit_task_constructor_visualization:/home/jone/ws_moveit/install/moveit_task_constructor_demo:/home/jone/ws_moveit/install/moveit_task_constructor_capabilities:/home/jone/ws_moveit/install/moveit_task_constructor_core:/home/jone/ws_moveit/install/moveit_ros_control_interface:/home/jone/ws_moveit/install/moveit_plugins:/home/jone/ws_moveit/install/moveit_simple_controller_manager:/home/jone/ws_moveit/install/moveit_setup_assistant:/home/jone/ws_moveit/install/moveit_setup_srdf_plugins:/home/jone/ws_moveit/install/moveit_setup_core_plugins:/home/jone/ws_moveit/install/moveit_setup_controllers:/home/jone/ws_moveit/install/moveit_setup_app_plugins:/home/jone/ws_moveit/install/moveit_setup_framework:/home/jone/ws_moveit/install/moveit_servo:/home/jone/ws_moveit/install/moveit_ros:/home/jone/ws_moveit/install/moveit_ros_visualization:/home/jone/ws_moveit/install/moveit_hybrid_planning:/home/jone/ws_moveit/install/moveit_ros_planning_interface:/home/jone/ws_moveit/install/moveit_ros_benchmarks:/home/jone/ws_moveit/install/moveit_ros_warehouse:/home/jone/ws_moveit/install/moveit_ros_robot_interaction:/home/jone/ws_moveit/install/moveit_ros_perception:/home/jone/ws_moveit/install/moveit_resources_prbt_pg70_support:/home/jone/ws_moveit/install/moveit_resources_prbt_moveit_config:/home/jone/ws_moveit/install/moveit_ros_move_group:/home/jone/ws_moveit/install/moveit_planners_ompl:/home/jone/ws_moveit/install/moveit_ros_planning:/home/jone/ws_moveit/install/moveit_ros_occupancy_map_monitor:/home/jone/ws_moveit/install/moveit_resources_prbt_ikfast_manipulator_plugin:/home/jone/ws_moveit/install/moveit_planners_chomp:/home/jone/ws_moveit/install/moveit_kinematics:/home/jone/ws_moveit/install/moveit_chomp_optimizer_adapter:/home/jone/ws_moveit/install/chomp_motion_planner:/home/jone/ws_moveit/install/moveit_core:/home/jone/ws_moveit/install/srdfdom:/home/jone/ws_moveit/install/rviz_marker_tools:/home/jone/ws_moveit/install/rosparam_shortcuts:/home/jone/ws_moveit/install/moveit_task_constructor_msgs:/home/jone/ws_moveit/install/moveit_resources_prbt_support:/home/jone/ws_moveit/install/moveit_resources:/home/jone/ws_moveit/install/moveit_resources_pr2_description:/home/jone/ws_moveit/install/moveit_resources_panda_moveit_config:/home/jone/ws_moveit/install/moveit_resources_panda_description:/home/jone/ws_moveit/install/moveit_resources_fanuc_moveit_config:/home/jone/ws_moveit/install/moveit_resources_fanuc_description:/home/jone/ws_moveit/install/moveit_configs_utils:/home/jone/ws_moveit/install/launch_param_builder:/opt/ros/humble /usr/bin/cmake --install /home/jone/ws_moveit/build/rviz_marker_tools
[5.553s] Level 1:colcon.colcon_core.environment:create_environment_scripts_only(rviz_marker_tools)
[5.553s] Level 1:colcon.colcon_core.environment:checking '/home/jone/ws_moveit/install/rviz_marker_tools' for CMake module files
[5.553s] DEBUG:colcon.colcon_core.event_handler.log_command:Invoked command in '/home/jone/ws_moveit/build/rviz_marker_tools' returned '0': CMAKE_PREFIX_PATH=/home/jone/ws_moveit/install/moveit_common:/home/jone/ws_moveit/install/pilz_industrial_motion_planner_testutils:/home/jone/ws_moveit/install/moveit_runtime:/home/jone/ws_moveit/install/moveit2_tutorials:/home/jone/ws_moveit/install/moveit:/home/jone/ws_moveit/install/moveit_planners:/home/jone/ws_moveit/install/pilz_industrial_motion_planner:/home/jone/ws_moveit/install/moveit_visual_tools:/home/jone/ws_moveit/install/moveit_task_constructor_visualization:/home/jone/ws_moveit/install/moveit_task_constructor_demo:/home/jone/ws_moveit/install/moveit_task_constructor_capabilities:/home/jone/ws_moveit/install/moveit_task_constructor_core:/home/jone/ws_moveit/install/moveit_ros_control_interface:/home/jone/ws_moveit/install/moveit_plugins:/home/jone/ws_moveit/install/moveit_simple_controller_manager:/home/jone/ws_moveit/install/moveit_setup_assistant:/home/jone/ws_moveit/install/moveit_setup_srdf_plugins:/home/jone/ws_moveit/install/moveit_setup_core_plugins:/home/jone/ws_moveit/install/moveit_setup_controllers:/home/jone/ws_moveit/install/moveit_setup_app_plugins:/home/jone/ws_moveit/install/moveit_setup_framework:/home/jone/ws_moveit/install/moveit_servo:/home/jone/ws_moveit/install/moveit_ros:/home/jone/ws_moveit/install/moveit_ros_visualization:/home/jone/ws_moveit/install/moveit_hybrid_planning:/home/jone/ws_moveit/install/moveit_ros_planning_interface:/home/jone/ws_moveit/install/moveit_ros_benchmarks:/home/jone/ws_moveit/install/moveit_ros_warehouse:/home/jone/ws_moveit/install/moveit_ros_robot_interaction:/home/jone/ws_moveit/install/moveit_ros_perception:/home/jone/ws_moveit/install/moveit_resources_prbt_pg70_support:/home/jone/ws_moveit/install/moveit_resources_prbt_moveit_config:/home/jone/ws_moveit/install/moveit_ros_move_group:/home/jone/ws_moveit/install/moveit_planners_ompl:/home/jone/ws_moveit/install/moveit_ros_planning:/home/jone/ws_moveit/install/moveit_ros_occupancy_map_monitor:/home/jone/ws_moveit/install/moveit_resources_prbt_ikfast_manipulator_plugin:/home/jone/ws_moveit/install/moveit_planners_chomp:/home/jone/ws_moveit/install/moveit_kinematics:/home/jone/ws_moveit/install/moveit_chomp_optimizer_adapter:/home/jone/ws_moveit/install/chomp_motion_planner:/home/jone/ws_moveit/install/moveit_core:/home/jone/ws_moveit/install/srdfdom:/home/jone/ws_moveit/install/rviz_marker_tools:/home/jone/ws_moveit/install/rosparam_shortcuts:/home/jone/ws_moveit/install/moveit_task_constructor_msgs:/home/jone/ws_moveit/install/moveit_resources_prbt_support:/home/jone/ws_moveit/install/moveit_resources:/home/jone/ws_moveit/install/moveit_resources_pr2_description:/home/jone/ws_moveit/install/moveit_resources_panda_moveit_config:/home/jone/ws_moveit/install/moveit_resources_panda_description:/home/jone/ws_moveit/install/moveit_resources_fanuc_moveit_config:/home/jone/ws_moveit/install/moveit_resources_fanuc_description:/home/jone/ws_moveit/install/moveit_configs_utils:/home/jone/ws_moveit/install/launch_param_builder:/opt/ros/humble /usr/bin/cmake --install /home/jone/ws_moveit/build/rviz_marker_tools
[5.554s] Level 1:colcon.colcon_core.environment:checking '/home/jone/ws_moveit/install/rviz_marker_tools' for CMake config files
[5.554s] Level 1:colcon.colcon_core.shell:create_environment_hook('rviz_marker_tools', 'cmake_prefix_path')
[5.555s] INFO:colcon.colcon_core.shell:Creating environment hook '/home/jone/ws_moveit/install/rviz_marker_tools/share/rviz_marker_tools/hook/cmake_prefix_path.ps1'
[5.555s] INFO:colcon.colcon_core.shell:Creating environment descriptor '/home/jone/ws_moveit/install/rviz_marker_tools/share/rviz_marker_tools/hook/cmake_prefix_path.dsv'
[5.555s] INFO:colcon.colcon_core.shell:Creating environment hook '/home/jone/ws_moveit/install/rviz_marker_tools/share/rviz_marker_tools/hook/cmake_prefix_path.sh'
[5.556s] Level 1:colcon.colcon_core.environment:checking '/home/jone/ws_moveit/install/rviz_marker_tools/lib'
[5.556s] Level 1:colcon.colcon_core.shell:create_environment_hook('rviz_marker_tools', 'ld_library_path_lib')
[5.556s] INFO:colcon.colcon_core.shell:Creating environment hook '/home/jone/ws_moveit/install/rviz_marker_tools/share/rviz_marker_tools/hook/ld_library_path_lib.ps1'
[5.556s] INFO:colcon.colcon_core.shell:Creating environment descriptor '/home/jone/ws_moveit/install/rviz_marker_tools/share/rviz_marker_tools/hook/ld_library_path_lib.dsv'
[5.556s] INFO:colcon.colcon_core.shell:Creating environment hook '/home/jone/ws_moveit/install/rviz_marker_tools/share/rviz_marker_tools/hook/ld_library_path_lib.sh'
[5.557s] Level 1:colcon.colcon_core.environment:checking '/home/jone/ws_moveit/install/rviz_marker_tools/bin'
[5.557s] Level 1:colcon.colcon_core.environment:checking '/home/jone/ws_moveit/install/rviz_marker_tools/lib/pkgconfig/rviz_marker_tools.pc'
[5.557s] Level 1:colcon.colcon_core.environment:checking '/home/jone/ws_moveit/install/rviz_marker_tools/lib/python3.10/site-packages'
[5.557s] Level 1:colcon.colcon_core.environment:checking '/home/jone/ws_moveit/install/rviz_marker_tools/bin'
[5.557s] INFO:colcon.colcon_core.shell:Creating package script '/home/jone/ws_moveit/install/rviz_marker_tools/share/rviz_marker_tools/package.ps1'
[5.558s] INFO:colcon.colcon_core.shell:Creating package descriptor '/home/jone/ws_moveit/install/rviz_marker_tools/share/rviz_marker_tools/package.dsv'
[5.558s] INFO:colcon.colcon_core.shell:Creating package script '/home/jone/ws_moveit/install/rviz_marker_tools/share/rviz_marker_tools/package.sh'
[5.558s] INFO:colcon.colcon_core.shell:Creating package script '/home/jone/ws_moveit/install/rviz_marker_tools/share/rviz_marker_tools/package.bash'
[5.558s] INFO:colcon.colcon_core.shell:Creating package script '/home/jone/ws_moveit/install/rviz_marker_tools/share/rviz_marker_tools/package.zsh'
[5.559s] Level 1:colcon.colcon_core.environment:create_file_with_runtime_dependencies(/home/jone/ws_moveit/install/rviz_marker_tools/share/colcon-core/packages/rviz_marker_tools)
[5.559s] Level 1:colcon.colcon_core.environment:create_environment_scripts_only(rviz_marker_tools)
[5.559s] Level 1:colcon.colcon_core.environment:checking '/home/jone/ws_moveit/install/rviz_marker_tools' for CMake module files
[5.560s] Level 1:colcon.colcon_core.environment:checking '/home/jone/ws_moveit/install/rviz_marker_tools' for CMake config files
[5.560s] Level 1:colcon.colcon_core.shell:create_environment_hook('rviz_marker_tools', 'cmake_prefix_path')
[5.560s] INFO:colcon.colcon_core.shell:Creating environment hook '/home/jone/ws_moveit/install/rviz_marker_tools/share/rviz_marker_tools/hook/cmake_prefix_path.ps1'
[5.560s] INFO:colcon.colcon_core.shell:Creating environment descriptor '/home/jone/ws_moveit/install/rviz_marker_tools/share/rviz_marker_tools/hook/cmake_prefix_path.dsv'
[5.561s] INFO:colcon.colcon_core.shell:Creating environment hook '/home/jone/ws_moveit/install/rviz_marker_tools/share/rviz_marker_tools/hook/cmake_prefix_path.sh'
[5.561s] Level 1:colcon.colcon_core.environment:checking '/home/jone/ws_moveit/install/rviz_marker_tools/lib'
[5.561s] Level 1:colcon.colcon_core.shell:create_environment_hook('rviz_marker_tools', 'ld_library_path_lib')
[5.561s] INFO:colcon.colcon_core.shell:Creating environment hook '/home/jone/ws_moveit/install/rviz_marker_tools/share/rviz_marker_tools/hook/ld_library_path_lib.ps1'
[5.561s] INFO:colcon.colcon_core.shell:Creating environment descriptor '/home/jone/ws_moveit/install/rviz_marker_tools/share/rviz_marker_tools/hook/ld_library_path_lib.dsv'
[5.562s] INFO:colcon.colcon_core.shell:Creating environment hook '/home/jone/ws_moveit/install/rviz_marker_tools/share/rviz_marker_tools/hook/ld_library_path_lib.sh'
[5.562s] Level 1:colcon.colcon_core.environment:checking '/home/jone/ws_moveit/install/rviz_marker_tools/bin'
[5.562s] Level 1:colcon.colcon_core.environment:checking '/home/jone/ws_moveit/install/rviz_marker_tools/lib/pkgconfig/rviz_marker_tools.pc'
[5.562s] Level 1:colcon.colcon_core.environment:checking '/home/jone/ws_moveit/install/rviz_marker_tools/lib/python3.10/site-packages'
[5.562s] Level 1:colcon.colcon_core.environment:checking '/home/jone/ws_moveit/install/rviz_marker_tools/bin'
[5.563s] INFO:colcon.colcon_core.shell:Creating package script '/home/jone/ws_moveit/install/rviz_marker_tools/share/rviz_marker_tools/package.ps1'
[5.563s] INFO:colcon.colcon_core.shell:Creating package descriptor '/home/jone/ws_moveit/install/rviz_marker_tools/share/rviz_marker_tools/package.dsv'
[5.563s] INFO:colcon.colcon_core.shell:Creating package script '/home/jone/ws_moveit/install/rviz_marker_tools/share/rviz_marker_tools/package.sh'
[5.564s] INFO:colcon.colcon_core.shell:Creating package script '/home/jone/ws_moveit/install/rviz_marker_tools/share/rviz_marker_tools/package.bash'
[5.564s] INFO:colcon.colcon_core.shell:Creating package script '/home/jone/ws_moveit/install/rviz_marker_tools/share/rviz_marker_tools/package.zsh'
[5.564s] Level 1:colcon.colcon_core.environment:create_file_with_runtime_dependencies(/home/jone/ws_moveit/install/rviz_marker_tools/share/colcon-core/packages/rviz_marker_tools)
[5.564s] DEBUG:colcon.colcon_core.executor.sequential:run_until_complete 'rviz_marker_tools' finished with '0'
[5.564s] DEBUG:colcon.colcon_core.executor.sequential:run_until_complete 'moveit_core'
[5.564s] INFO:colcon.colcon_ros.task.ament_cmake.build:Building ROS package in '/home/jone/ws_moveit/src/moveit2/moveit_core' with build type 'ament_cmake'
[5.564s] INFO:colcon.colcon_cmake.task.cmake.build:Building CMake package in '/home/jone/ws_moveit/src/moveit2/moveit_core'
[5.565s] INFO:colcon.colcon_core.shell:Skip shell extension 'powershell' for command environment: Not usable outside of PowerShell
[5.565s] DEBUG:colcon.colcon_core.shell:Skip shell extension 'dsv' for command environment
[5.584s] DEBUG:colcon.colcon_core.event_handler.log_command:Invoking command in '/home/jone/ws_moveit/build/moveit_core': CMAKE_PREFIX_PATH=/home/jone/ws_moveit/install/moveit_resources_panda_moveit_config:/home/jone/ws_moveit/install/srdfdom:/home/jone/ws_moveit/install/moveit_resources_pr2_description:/home/jone/ws_moveit/install/moveit_resources_panda_description:/home/jone/ws_moveit/install/moveit_common:/home/jone/ws_moveit/install/pilz_industrial_motion_planner_testutils:/home/jone/ws_moveit/install/moveit_runtime:/home/jone/ws_moveit/install/moveit2_tutorials:/home/jone/ws_moveit/install/moveit:/home/jone/ws_moveit/install/moveit_planners:/home/jone/ws_moveit/install/pilz_industrial_motion_planner:/home/jone/ws_moveit/install/moveit_visual_tools:/home/jone/ws_moveit/install/moveit_task_constructor_visualization:/home/jone/ws_moveit/install/moveit_task_constructor_demo:/home/jone/ws_moveit/install/moveit_task_constructor_capabilities:/home/jone/ws_moveit/install/moveit_task_constructor_core:/home/jone/ws_moveit/install/moveit_ros_control_interface:/home/jone/ws_moveit/install/moveit_plugins:/home/jone/ws_moveit/install/moveit_simple_controller_manager:/home/jone/ws_moveit/install/moveit_setup_assistant:/home/jone/ws_moveit/install/moveit_setup_srdf_plugins:/home/jone/ws_moveit/install/moveit_setup_core_plugins:/home/jone/ws_moveit/install/moveit_setup_controllers:/home/jone/ws_moveit/install/moveit_setup_app_plugins:/home/jone/ws_moveit/install/moveit_setup_framework:/home/jone/ws_moveit/install/moveit_servo:/home/jone/ws_moveit/install/moveit_ros:/home/jone/ws_moveit/install/moveit_ros_visualization:/home/jone/ws_moveit/install/moveit_hybrid_planning:/home/jone/ws_moveit/install/moveit_ros_planning_interface:/home/jone/ws_moveit/install/moveit_ros_benchmarks:/home/jone/ws_moveit/install/moveit_ros_warehouse:/home/jone/ws_moveit/install/moveit_ros_robot_interaction:/home/jone/ws_moveit/install/moveit_ros_perception:/home/jone/ws_moveit/install/moveit_resources_prbt_pg70_support:/home/jone/ws_moveit/install/moveit_resources_prbt_moveit_config:/home/jone/ws_moveit/install/moveit_ros_move_group:/home/jone/ws_moveit/install/moveit_planners_ompl:/home/jone/ws_moveit/install/moveit_ros_planning:/home/jone/ws_moveit/install/moveit_ros_occupancy_map_monitor:/home/jone/ws_moveit/install/moveit_resources_prbt_ikfast_manipulator_plugin:/home/jone/ws_moveit/install/moveit_planners_chomp:/home/jone/ws_moveit/install/moveit_kinematics:/home/jone/ws_moveit/install/moveit_chomp_optimizer_adapter:/home/jone/ws_moveit/install/chomp_motion_planner:/home/jone/ws_moveit/install/moveit_core:/home/jone/ws_moveit/install/rviz_marker_tools:/home/jone/ws_moveit/install/rosparam_shortcuts:/home/jone/ws_moveit/install/moveit_task_constructor_msgs:/home/jone/ws_moveit/install/moveit_resources_prbt_support:/home/jone/ws_moveit/install/moveit_resources:/home/jone/ws_moveit/install/moveit_resources_fanuc_moveit_config:/home/jone/ws_moveit/install/moveit_resources_fanuc_description:/home/jone/ws_moveit/install/moveit_configs_utils:/home/jone/ws_moveit/install/launch_param_builder:/opt/ros/humble LD_LIBRARY_PATH=/home/jone/ws_moveit/install/srdfdom/lib:/home/jone/ws_moveit/install/pilz_industrial_motion_planner_testutils/lib:/home/jone/ws_moveit/install/pilz_industrial_motion_planner/lib:/home/jone/ws_moveit/install/moveit_visual_tools/lib:/home/jone/ws_moveit/install/moveit_task_constructor_visualization/lib:/home/jone/ws_moveit/install/moveit_task_constructor_demo/lib:/home/jone/ws_moveit/install/moveit_task_constructor_capabilities/lib:/home/jone/ws_moveit/install/moveit_task_constructor_core/lib:/home/jone/ws_moveit/install/moveit_ros_control_interface/lib:/home/jone/ws_moveit/install/moveit_simple_controller_manager/lib:/home/jone/ws_moveit/install/moveit_setup_assistant/lib:/home/jone/ws_moveit/install/moveit_setup_srdf_plugins/lib:/home/jone/ws_moveit/install/moveit_setup_core_plugins/lib:/home/jone/ws_moveit/install/moveit_setup_controllers/lib:/home/jone/ws_moveit/install/moveit_setup_app_plugins/lib:/home/jone/ws_moveit/install/moveit_setup_framework/lib:/home/jone/ws_moveit/install/moveit_servo/lib:/home/jone/ws_moveit/install/moveit_ros_visualization/lib:/home/jone/ws_moveit/install/moveit_hybrid_planning/lib:/home/jone/ws_moveit/install/moveit_ros_planning_interface/lib:/home/jone/ws_moveit/install/moveit_ros_benchmarks/lib:/home/jone/ws_moveit/install/moveit_ros_warehouse/lib:/home/jone/ws_moveit/install/moveit_ros_robot_interaction/lib:/home/jone/ws_moveit/install/moveit_ros_perception/lib:/home/jone/ws_moveit/install/moveit_ros_move_group/lib:/home/jone/ws_moveit/install/moveit_planners_ompl/lib:/home/jone/ws_moveit/install/moveit_ros_planning/lib:/home/jone/ws_moveit/install/moveit_ros_occupancy_map_monitor/lib:/home/jone/ws_moveit/install/moveit_resources_prbt_ikfast_manipulator_plugin/lib:/home/jone/ws_moveit/install/moveit_planners_chomp/lib:/home/jone/ws_moveit/install/moveit_kinematics/lib:/home/jone/ws_moveit/install/moveit_chomp_optimizer_adapter/lib:/home/jone/ws_moveit/install/chomp_motion_planner/lib:/home/jone/ws_moveit/install/moveit_core/lib:/home/jone/ws_moveit/install/rviz_marker_tools/lib:/home/jone/ws_moveit/install/rosparam_shortcuts/lib:/home/jone/ws_moveit/install/moveit_task_constructor_msgs/lib:/opt/ros/humble/opt/rviz_ogre_vendor/lib:/opt/ros/humble/lib/x86_64-linux-gnu:/opt/ros/humble/lib:/usr/lib/x86_64-linux-gnu/gazebo-11/plugins:/usr/lib/x86_64-linux-gnu/gazebo-11/plugins:/usr/lib/x86_64-linux-gnu/gazebo-11/plugins /usr/bin/cmake --build /home/jone/ws_moveit/build/moveit_core
[8.706s] DEBUG:colcon.colcon_core.event_handler.log_command:Invoked command in '/home/jone/ws_moveit/build/moveit_core' returned '0': CMAKE_PREFIX_PATH=/home/jone/ws_moveit/install/moveit_resources_panda_moveit_config:/home/jone/ws_moveit/install/srdfdom:/home/jone/ws_moveit/install/moveit_resources_pr2_description:/home/jone/ws_moveit/install/moveit_resources_panda_description:/home/jone/ws_moveit/install/moveit_common:/home/jone/ws_moveit/install/pilz_industrial_motion_planner_testutils:/home/jone/ws_moveit/install/moveit_runtime:/home/jone/ws_moveit/install/moveit2_tutorials:/home/jone/ws_moveit/install/moveit:/home/jone/ws_moveit/install/moveit_planners:/home/jone/ws_moveit/install/pilz_industrial_motion_planner:/home/jone/ws_moveit/install/moveit_visual_tools:/home/jone/ws_moveit/install/moveit_task_constructor_visualization:/home/jone/ws_moveit/install/moveit_task_constructor_demo:/home/jone/ws_moveit/install/moveit_task_constructor_capabilities:/home/jone/ws_moveit/install/moveit_task_constructor_core:/home/jone/ws_moveit/install/moveit_ros_control_interface:/home/jone/ws_moveit/install/moveit_plugins:/home/jone/ws_moveit/install/moveit_simple_controller_manager:/home/jone/ws_moveit/install/moveit_setup_assistant:/home/jone/ws_moveit/install/moveit_setup_srdf_plugins:/home/jone/ws_moveit/install/moveit_setup_core_plugins:/home/jone/ws_moveit/install/moveit_setup_controllers:/home/jone/ws_moveit/install/moveit_setup_app_plugins:/home/jone/ws_moveit/install/moveit_setup_framework:/home/jone/ws_moveit/install/moveit_servo:/home/jone/ws_moveit/install/moveit_ros:/home/jone/ws_moveit/install/moveit_ros_visualization:/home/jone/ws_moveit/install/moveit_hybrid_planning:/home/jone/ws_moveit/install/moveit_ros_planning_interface:/home/jone/ws_moveit/install/moveit_ros_benchmarks:/home/jone/ws_moveit/install/moveit_ros_warehouse:/home/jone/ws_moveit/install/moveit_ros_robot_interaction:/home/jone/ws_moveit/install/moveit_ros_perception:/home/jone/ws_moveit/install/moveit_resources_prbt_pg70_support:/home/jone/ws_moveit/install/moveit_resources_prbt_moveit_config:/home/jone/ws_moveit/install/moveit_ros_move_group:/home/jone/ws_moveit/install/moveit_planners_ompl:/home/jone/ws_moveit/install/moveit_ros_planning:/home/jone/ws_moveit/install/moveit_ros_occupancy_map_monitor:/home/jone/ws_moveit/install/moveit_resources_prbt_ikfast_manipulator_plugin:/home/jone/ws_moveit/install/moveit_planners_chomp:/home/jone/ws_moveit/install/moveit_kinematics:/home/jone/ws_moveit/install/moveit_chomp_optimizer_adapter:/home/jone/ws_moveit/install/chomp_motion_planner:/home/jone/ws_moveit/install/moveit_core:/home/jone/ws_moveit/install/rviz_marker_tools:/home/jone/ws_moveit/install/rosparam_shortcuts:/home/jone/ws_moveit/install/moveit_task_constructor_msgs:/home/jone/ws_moveit/install/moveit_resources_prbt_support:/home/jone/ws_moveit/install/moveit_resources:/home/jone/ws_moveit/install/moveit_resources_fanuc_moveit_config:/home/jone/ws_moveit/install/moveit_resources_fanuc_description:/home/jone/ws_moveit/install/moveit_configs_utils:/home/jone/ws_moveit/install/launch_param_builder:/opt/ros/humble LD_LIBRARY_PATH=/home/jone/ws_moveit/install/srdfdom/lib:/home/jone/ws_moveit/install/pilz_industrial_motion_planner_testutils/lib:/home/jone/ws_moveit/install/pilz_industrial_motion_planner/lib:/home/jone/ws_moveit/install/moveit_visual_tools/lib:/home/jone/ws_moveit/install/moveit_task_constructor_visualization/lib:/home/jone/ws_moveit/install/moveit_task_constructor_demo/lib:/home/jone/ws_moveit/install/moveit_task_constructor_capabilities/lib:/home/jone/ws_moveit/install/moveit_task_constructor_core/lib:/home/jone/ws_moveit/install/moveit_ros_control_interface/lib:/home/jone/ws_moveit/install/moveit_simple_controller_manager/lib:/home/jone/ws_moveit/install/moveit_setup_assistant/lib:/home/jone/ws_moveit/install/moveit_setup_srdf_plugins/lib:/home/jone/ws_moveit/install/moveit_setup_core_plugins/lib:/home/jone/ws_moveit/install/moveit_setup_controllers/lib:/home/jone/ws_moveit/install/moveit_setup_app_plugins/lib:/home/jone/ws_moveit/install/moveit_setup_framework/lib:/home/jone/ws_moveit/install/moveit_servo/lib:/home/jone/ws_moveit/install/moveit_ros_visualization/lib:/home/jone/ws_moveit/install/moveit_hybrid_planning/lib:/home/jone/ws_moveit/install/moveit_ros_planning_interface/lib:/home/jone/ws_moveit/install/moveit_ros_benchmarks/lib:/home/jone/ws_moveit/install/moveit_ros_warehouse/lib:/home/jone/ws_moveit/install/moveit_ros_robot_interaction/lib:/home/jone/ws_moveit/install/moveit_ros_perception/lib:/home/jone/ws_moveit/install/moveit_ros_move_group/lib:/home/jone/ws_moveit/install/moveit_planners_ompl/lib:/home/jone/ws_moveit/install/moveit_ros_planning/lib:/home/jone/ws_moveit/install/moveit_ros_occupancy_map_monitor/lib:/home/jone/ws_moveit/install/moveit_resources_prbt_ikfast_manipulator_plugin/lib:/home/jone/ws_moveit/install/moveit_planners_chomp/lib:/home/jone/ws_moveit/install/moveit_kinematics/lib:/home/jone/ws_moveit/install/moveit_chomp_optimizer_adapter/lib:/home/jone/ws_moveit/install/chomp_motion_planner/lib:/home/jone/ws_moveit/install/moveit_core/lib:/home/jone/ws_moveit/install/rviz_marker_tools/lib:/home/jone/ws_moveit/install/rosparam_shortcuts/lib:/home/jone/ws_moveit/install/moveit_task_constructor_msgs/lib:/opt/ros/humble/opt/rviz_ogre_vendor/lib:/opt/ros/humble/lib/x86_64-linux-gnu:/opt/ros/humble/lib:/usr/lib/x86_64-linux-gnu/gazebo-11/plugins:/usr/lib/x86_64-linux-gnu/gazebo-11/plugins:/usr/lib/x86_64-linux-gnu/gazebo-11/plugins /usr/bin/cmake --build /home/jone/ws_moveit/build/moveit_core
[8.720s] DEBUG:colcon.colcon_core.event_handler.log_command:Invoking command in '/home/jone/ws_moveit/build/moveit_core': CMAKE_PREFIX_PATH=/home/jone/ws_moveit/install/moveit_resources_panda_moveit_config:/home/jone/ws_moveit/install/srdfdom:/home/jone/ws_moveit/install/moveit_resources_pr2_description:/home/jone/ws_moveit/install/moveit_resources_panda_description:/home/jone/ws_moveit/install/moveit_common:/home/jone/ws_moveit/install/pilz_industrial_motion_planner_testutils:/home/jone/ws_moveit/install/moveit_runtime:/home/jone/ws_moveit/install/moveit2_tutorials:/home/jone/ws_moveit/install/moveit:/home/jone/ws_moveit/install/moveit_planners:/home/jone/ws_moveit/install/pilz_industrial_motion_planner:/home/jone/ws_moveit/install/moveit_visual_tools:/home/jone/ws_moveit/install/moveit_task_constructor_visualization:/home/jone/ws_moveit/install/moveit_task_constructor_demo:/home/jone/ws_moveit/install/moveit_task_constructor_capabilities:/home/jone/ws_moveit/install/moveit_task_constructor_core:/home/jone/ws_moveit/install/moveit_ros_control_interface:/home/jone/ws_moveit/install/moveit_plugins:/home/jone/ws_moveit/install/moveit_simple_controller_manager:/home/jone/ws_moveit/install/moveit_setup_assistant:/home/jone/ws_moveit/install/moveit_setup_srdf_plugins:/home/jone/ws_moveit/install/moveit_setup_core_plugins:/home/jone/ws_moveit/install/moveit_setup_controllers:/home/jone/ws_moveit/install/moveit_setup_app_plugins:/home/jone/ws_moveit/install/moveit_setup_framework:/home/jone/ws_moveit/install/moveit_servo:/home/jone/ws_moveit/install/moveit_ros:/home/jone/ws_moveit/install/moveit_ros_visualization:/home/jone/ws_moveit/install/moveit_hybrid_planning:/home/jone/ws_moveit/install/moveit_ros_planning_interface:/home/jone/ws_moveit/install/moveit_ros_benchmarks:/home/jone/ws_moveit/install/moveit_ros_warehouse:/home/jone/ws_moveit/install/moveit_ros_robot_interaction:/home/jone/ws_moveit/install/moveit_ros_perception:/home/jone/ws_moveit/install/moveit_resources_prbt_pg70_support:/home/jone/ws_moveit/install/moveit_resources_prbt_moveit_config:/home/jone/ws_moveit/install/moveit_ros_move_group:/home/jone/ws_moveit/install/moveit_planners_ompl:/home/jone/ws_moveit/install/moveit_ros_planning:/home/jone/ws_moveit/install/moveit_ros_occupancy_map_monitor:/home/jone/ws_moveit/install/moveit_resources_prbt_ikfast_manipulator_plugin:/home/jone/ws_moveit/install/moveit_planners_chomp:/home/jone/ws_moveit/install/moveit_kinematics:/home/jone/ws_moveit/install/moveit_chomp_optimizer_adapter:/home/jone/ws_moveit/install/chomp_motion_planner:/home/jone/ws_moveit/install/moveit_core:/home/jone/ws_moveit/install/rviz_marker_tools:/home/jone/ws_moveit/install/rosparam_shortcuts:/home/jone/ws_moveit/install/moveit_task_constructor_msgs:/home/jone/ws_moveit/install/moveit_resources_prbt_support:/home/jone/ws_moveit/install/moveit_resources:/home/jone/ws_moveit/install/moveit_resources_fanuc_moveit_config:/home/jone/ws_moveit/install/moveit_resources_fanuc_description:/home/jone/ws_moveit/install/moveit_configs_utils:/home/jone/ws_moveit/install/launch_param_builder:/opt/ros/humble LD_LIBRARY_PATH=/home/jone/ws_moveit/install/srdfdom/lib:/home/jone/ws_moveit/install/pilz_industrial_motion_planner_testutils/lib:/home/jone/ws_moveit/install/pilz_industrial_motion_planner/lib:/home/jone/ws_moveit/install/moveit_visual_tools/lib:/home/jone/ws_moveit/install/moveit_task_constructor_visualization/lib:/home/jone/ws_moveit/install/moveit_task_constructor_demo/lib:/home/jone/ws_moveit/install/moveit_task_constructor_capabilities/lib:/home/jone/ws_moveit/install/moveit_task_constructor_core/lib:/home/jone/ws_moveit/install/moveit_ros_control_interface/lib:/home/jone/ws_moveit/install/moveit_simple_controller_manager/lib:/home/jone/ws_moveit/install/moveit_setup_assistant/lib:/home/jone/ws_moveit/install/moveit_setup_srdf_plugins/lib:/home/jone/ws_moveit/install/moveit_setup_core_plugins/lib:/home/jone/ws_moveit/install/moveit_setup_controllers/lib:/home/jone/ws_moveit/install/moveit_setup_app_plugins/lib:/home/jone/ws_moveit/install/moveit_setup_framework/lib:/home/jone/ws_moveit/install/moveit_servo/lib:/home/jone/ws_moveit/install/moveit_ros_visualization/lib:/home/jone/ws_moveit/install/moveit_hybrid_planning/lib:/home/jone/ws_moveit/install/moveit_ros_planning_interface/lib:/home/jone/ws_moveit/install/moveit_ros_benchmarks/lib:/home/jone/ws_moveit/install/moveit_ros_warehouse/lib:/home/jone/ws_moveit/install/moveit_ros_robot_interaction/lib:/home/jone/ws_moveit/install/moveit_ros_perception/lib:/home/jone/ws_moveit/install/moveit_ros_move_group/lib:/home/jone/ws_moveit/install/moveit_planners_ompl/lib:/home/jone/ws_moveit/install/moveit_ros_planning/lib:/home/jone/ws_moveit/install/moveit_ros_occupancy_map_monitor/lib:/home/jone/ws_moveit/install/moveit_resources_prbt_ikfast_manipulator_plugin/lib:/home/jone/ws_moveit/install/moveit_planners_chomp/lib:/home/jone/ws_moveit/install/moveit_kinematics/lib:/home/jone/ws_moveit/install/moveit_chomp_optimizer_adapter/lib:/home/jone/ws_moveit/install/chomp_motion_planner/lib:/home/jone/ws_moveit/install/moveit_core/lib:/home/jone/ws_moveit/install/rviz_marker_tools/lib:/home/jone/ws_moveit/install/rosparam_shortcuts/lib:/home/jone/ws_moveit/install/moveit_task_constructor_msgs/lib:/opt/ros/humble/opt/rviz_ogre_vendor/lib:/opt/ros/humble/lib/x86_64-linux-gnu:/opt/ros/humble/lib:/usr/lib/x86_64-linux-gnu/gazebo-11/plugins:/usr/lib/x86_64-linux-gnu/gazebo-11/plugins:/usr/lib/x86_64-linux-gnu/gazebo-11/plugins /usr/bin/cmake --install /home/jone/ws_moveit/build/moveit_core
[8.770s] Level 1:colcon.colcon_core.environment:create_environment_scripts_only(moveit_core)
[8.770s] Level 1:colcon.colcon_core.environment:checking '/home/jone/ws_moveit/install/moveit_core' for CMake module files
[8.770s] DEBUG:colcon.colcon_core.event_handler.log_command:Invoked command in '/home/jone/ws_moveit/build/moveit_core' returned '0': CMAKE_PREFIX_PATH=/home/jone/ws_moveit/install/moveit_resources_panda_moveit_config:/home/jone/ws_moveit/install/srdfdom:/home/jone/ws_moveit/install/moveit_resources_pr2_description:/home/jone/ws_moveit/install/moveit_resources_panda_description:/home/jone/ws_moveit/install/moveit_common:/home/jone/ws_moveit/install/pilz_industrial_motion_planner_testutils:/home/jone/ws_moveit/install/moveit_runtime:/home/jone/ws_moveit/install/moveit2_tutorials:/home/jone/ws_moveit/install/moveit:/home/jone/ws_moveit/install/moveit_planners:/home/jone/ws_moveit/install/pilz_industrial_motion_planner:/home/jone/ws_moveit/install/moveit_visual_tools:/home/jone/ws_moveit/install/moveit_task_constructor_visualization:/home/jone/ws_moveit/install/moveit_task_constructor_demo:/home/jone/ws_moveit/install/moveit_task_constructor_capabilities:/home/jone/ws_moveit/install/moveit_task_constructor_core:/home/jone/ws_moveit/install/moveit_ros_control_interface:/home/jone/ws_moveit/install/moveit_plugins:/home/jone/ws_moveit/install/moveit_simple_controller_manager:/home/jone/ws_moveit/install/moveit_setup_assistant:/home/jone/ws_moveit/install/moveit_setup_srdf_plugins:/home/jone/ws_moveit/install/moveit_setup_core_plugins:/home/jone/ws_moveit/install/moveit_setup_controllers:/home/jone/ws_moveit/install/moveit_setup_app_plugins:/home/jone/ws_moveit/install/moveit_setup_framework:/home/jone/ws_moveit/install/moveit_servo:/home/jone/ws_moveit/install/moveit_ros:/home/jone/ws_moveit/install/moveit_ros_visualization:/home/jone/ws_moveit/install/moveit_hybrid_planning:/home/jone/ws_moveit/install/moveit_ros_planning_interface:/home/jone/ws_moveit/install/moveit_ros_benchmarks:/home/jone/ws_moveit/install/moveit_ros_warehouse:/home/jone/ws_moveit/install/moveit_ros_robot_interaction:/home/jone/ws_moveit/install/moveit_ros_perception:/home/jone/ws_moveit/install/moveit_resources_prbt_pg70_support:/home/jone/ws_moveit/install/moveit_resources_prbt_moveit_config:/home/jone/ws_moveit/install/moveit_ros_move_group:/home/jone/ws_moveit/install/moveit_planners_ompl:/home/jone/ws_moveit/install/moveit_ros_planning:/home/jone/ws_moveit/install/moveit_ros_occupancy_map_monitor:/home/jone/ws_moveit/install/moveit_resources_prbt_ikfast_manipulator_plugin:/home/jone/ws_moveit/install/moveit_planners_chomp:/home/jone/ws_moveit/install/moveit_kinematics:/home/jone/ws_moveit/install/moveit_chomp_optimizer_adapter:/home/jone/ws_moveit/install/chomp_motion_planner:/home/jone/ws_moveit/install/moveit_core:/home/jone/ws_moveit/install/rviz_marker_tools:/home/jone/ws_moveit/install/rosparam_shortcuts:/home/jone/ws_moveit/install/moveit_task_constructor_msgs:/home/jone/ws_moveit/install/moveit_resources_prbt_support:/home/jone/ws_moveit/install/moveit_resources:/home/jone/ws_moveit/install/moveit_resources_fanuc_moveit_config:/home/jone/ws_moveit/install/moveit_resources_fanuc_description:/home/jone/ws_moveit/install/moveit_configs_utils:/home/jone/ws_moveit/install/launch_param_builder:/opt/ros/humble LD_LIBRARY_PATH=/home/jone/ws_moveit/install/srdfdom/lib:/home/jone/ws_moveit/install/pilz_industrial_motion_planner_testutils/lib:/home/jone/ws_moveit/install/pilz_industrial_motion_planner/lib:/home/jone/ws_moveit/install/moveit_visual_tools/lib:/home/jone/ws_moveit/install/moveit_task_constructor_visualization/lib:/home/jone/ws_moveit/install/moveit_task_constructor_demo/lib:/home/jone/ws_moveit/install/moveit_task_constructor_capabilities/lib:/home/jone/ws_moveit/install/moveit_task_constructor_core/lib:/home/jone/ws_moveit/install/moveit_ros_control_interface/lib:/home/jone/ws_moveit/install/moveit_simple_controller_manager/lib:/home/jone/ws_moveit/install/moveit_setup_assistant/lib:/home/jone/ws_moveit/install/moveit_setup_srdf_plugins/lib:/home/jone/ws_moveit/install/moveit_setup_core_plugins/lib:/home/jone/ws_moveit/install/moveit_setup_controllers/lib:/home/jone/ws_moveit/install/moveit_setup_app_plugins/lib:/home/jone/ws_moveit/install/moveit_setup_framework/lib:/home/jone/ws_moveit/install/moveit_servo/lib:/home/jone/ws_moveit/install/moveit_ros_visualization/lib:/home/jone/ws_moveit/install/moveit_hybrid_planning/lib:/home/jone/ws_moveit/install/moveit_ros_planning_interface/lib:/home/jone/ws_moveit/install/moveit_ros_benchmarks/lib:/home/jone/ws_moveit/install/moveit_ros_warehouse/lib:/home/jone/ws_moveit/install/moveit_ros_robot_interaction/lib:/home/jone/ws_moveit/install/moveit_ros_perception/lib:/home/jone/ws_moveit/install/moveit_ros_move_group/lib:/home/jone/ws_moveit/install/moveit_planners_ompl/lib:/home/jone/ws_moveit/install/moveit_ros_planning/lib:/home/jone/ws_moveit/install/moveit_ros_occupancy_map_monitor/lib:/home/jone/ws_moveit/install/moveit_resources_prbt_ikfast_manipulator_plugin/lib:/home/jone/ws_moveit/install/moveit_planners_chomp/lib:/home/jone/ws_moveit/install/moveit_kinematics/lib:/home/jone/ws_moveit/install/moveit_chomp_optimizer_adapter/lib:/home/jone/ws_moveit/install/chomp_motion_planner/lib:/home/jone/ws_moveit/install/moveit_core/lib:/home/jone/ws_moveit/install/rviz_marker_tools/lib:/home/jone/ws_moveit/install/rosparam_shortcuts/lib:/home/jone/ws_moveit/install/moveit_task_constructor_msgs/lib:/opt/ros/humble/opt/rviz_ogre_vendor/lib:/opt/ros/humble/lib/x86_64-linux-gnu:/opt/ros/humble/lib:/usr/lib/x86_64-linux-gnu/gazebo-11/plugins:/usr/lib/x86_64-linux-gnu/gazebo-11/plugins:/usr/lib/x86_64-linux-gnu/gazebo-11/plugins /usr/bin/cmake --install /home/jone/ws_moveit/build/moveit_core
[8.771s] Level 1:colcon.colcon_core.environment:checking '/home/jone/ws_moveit/install/moveit_core' for CMake config files
[8.775s] Level 1:colcon.colcon_core.shell:create_environment_hook('moveit_core', 'cmake_prefix_path')
[8.776s] INFO:colcon.colcon_core.shell:Creating environment hook '/home/jone/ws_moveit/install/moveit_core/share/moveit_core/hook/cmake_prefix_path.ps1'
[8.776s] INFO:colcon.colcon_core.shell:Creating environment descriptor '/home/jone/ws_moveit/install/moveit_core/share/moveit_core/hook/cmake_prefix_path.dsv'
[8.776s] INFO:colcon.colcon_core.shell:Creating environment hook '/home/jone/ws_moveit/install/moveit_core/share/moveit_core/hook/cmake_prefix_path.sh'
[8.777s] Level 1:colcon.colcon_core.environment:checking '/home/jone/ws_moveit/install/moveit_core/lib'
[8.777s] Level 1:colcon.colcon_core.shell:create_environment_hook('moveit_core', 'ld_library_path_lib')
[8.777s] INFO:colcon.colcon_core.shell:Creating environment hook '/home/jone/ws_moveit/install/moveit_core/share/moveit_core/hook/ld_library_path_lib.ps1'
[8.777s] INFO:colcon.colcon_core.shell:Creating environment descriptor '/home/jone/ws_moveit/install/moveit_core/share/moveit_core/hook/ld_library_path_lib.dsv'
[8.777s] INFO:colcon.colcon_core.shell:Creating environment hook '/home/jone/ws_moveit/install/moveit_core/share/moveit_core/hook/ld_library_path_lib.sh'
[8.778s] Level 1:colcon.colcon_core.environment:checking '/home/jone/ws_moveit/install/moveit_core/bin'
[8.778s] Level 1:colcon.colcon_core.shell:create_environment_hook('moveit_core', 'path')
[8.778s] INFO:colcon.colcon_core.shell:Creating environment hook '/home/jone/ws_moveit/install/moveit_core/share/moveit_core/hook/path.ps1'
[8.778s] INFO:colcon.colcon_core.shell:Creating environment descriptor '/home/jone/ws_moveit/install/moveit_core/share/moveit_core/hook/path.dsv'
[8.778s] INFO:colcon.colcon_core.shell:Creating environment hook '/home/jone/ws_moveit/install/moveit_core/share/moveit_core/hook/path.sh'
[8.779s] Level 1:colcon.colcon_core.environment:checking '/home/jone/ws_moveit/install/moveit_core/lib/pkgconfig/moveit_core.pc'
[8.779s] Level 1:colcon.colcon_core.environment:checking '/home/jone/ws_moveit/install/moveit_core/lib/python3.10/site-packages'
[8.779s] Level 1:colcon.colcon_core.environment:checking '/home/jone/ws_moveit/install/moveit_core/bin'
[8.779s] Level 1:colcon.colcon_core.shell:create_environment_hook('moveit_core', 'pythonscriptspath')
[8.779s] INFO:colcon.colcon_core.shell:Creating environment hook '/home/jone/ws_moveit/install/moveit_core/share/moveit_core/hook/pythonscriptspath.ps1'
[8.779s] INFO:colcon.colcon_core.shell:Creating environment descriptor '/home/jone/ws_moveit/install/moveit_core/share/moveit_core/hook/pythonscriptspath.dsv'
[8.780s] INFO:colcon.colcon_core.shell:Creating environment hook '/home/jone/ws_moveit/install/moveit_core/share/moveit_core/hook/pythonscriptspath.sh'
[8.780s] INFO:colcon.colcon_core.shell:Creating package script '/home/jone/ws_moveit/install/moveit_core/share/moveit_core/package.ps1'
[8.780s] INFO:colcon.colcon_core.shell:Creating package descriptor '/home/jone/ws_moveit/install/moveit_core/share/moveit_core/package.dsv'
[8.781s] INFO:colcon.colcon_core.shell:Creating package script '/home/jone/ws_moveit/install/moveit_core/share/moveit_core/package.sh'
[8.781s] INFO:colcon.colcon_core.shell:Creating package script '/home/jone/ws_moveit/install/moveit_core/share/moveit_core/package.bash'
[8.781s] INFO:colcon.colcon_core.shell:Creating package script '/home/jone/ws_moveit/install/moveit_core/share/moveit_core/package.zsh'
[8.782s] Level 1:colcon.colcon_core.environment:create_file_with_runtime_dependencies(/home/jone/ws_moveit/install/moveit_core/share/colcon-core/packages/moveit_core)
[8.782s] Level 1:colcon.colcon_core.environment:create_environment_scripts_only(moveit_core)
[8.782s] Level 1:colcon.colcon_core.environment:checking '/home/jone/ws_moveit/install/moveit_core' for CMake module files
[8.783s] Level 1:colcon.colcon_core.environment:checking '/home/jone/ws_moveit/install/moveit_core' for CMake config files
[8.783s] Level 1:colcon.colcon_core.shell:create_environment_hook('moveit_core', 'cmake_prefix_path')
[8.783s] INFO:colcon.colcon_core.shell:Creating environment hook '/home/jone/ws_moveit/install/moveit_core/share/moveit_core/hook/cmake_prefix_path.ps1'
[8.784s] INFO:colcon.colcon_core.shell:Creating environment descriptor '/home/jone/ws_moveit/install/moveit_core/share/moveit_core/hook/cmake_prefix_path.dsv'
[8.784s] INFO:colcon.colcon_core.shell:Creating environment hook '/home/jone/ws_moveit/install/moveit_core/share/moveit_core/hook/cmake_prefix_path.sh'
[8.784s] Level 1:colcon.colcon_core.environment:checking '/home/jone/ws_moveit/install/moveit_core/lib'
[8.784s] Level 1:colcon.colcon_core.shell:create_environment_hook('moveit_core', 'ld_library_path_lib')
[8.784s] INFO:colcon.colcon_core.shell:Creating environment hook '/home/jone/ws_moveit/install/moveit_core/share/moveit_core/hook/ld_library_path_lib.ps1'
[8.785s] INFO:colcon.colcon_core.shell:Creating environment descriptor '/home/jone/ws_moveit/install/moveit_core/share/moveit_core/hook/ld_library_path_lib.dsv'
[8.785s] INFO:colcon.colcon_core.shell:Creating environment hook '/home/jone/ws_moveit/install/moveit_core/share/moveit_core/hook/ld_library_path_lib.sh'
[8.785s] Level 1:colcon.colcon_core.environment:checking '/home/jone/ws_moveit/install/moveit_core/bin'
[8.785s] Level 1:colcon.colcon_core.shell:create_environment_hook('moveit_core', 'path')
[8.785s] INFO:colcon.colcon_core.shell:Creating environment hook '/home/jone/ws_moveit/install/moveit_core/share/moveit_core/hook/path.ps1'
[8.786s] INFO:colcon.colcon_core.shell:Creating environment descriptor '/home/jone/ws_moveit/install/moveit_core/share/moveit_core/hook/path.dsv'
[8.786s] INFO:colcon.colcon_core.shell:Creating environment hook '/home/jone/ws_moveit/install/moveit_core/share/moveit_core/hook/path.sh'
[8.786s] Level 1:colcon.colcon_core.environment:checking '/home/jone/ws_moveit/install/moveit_core/lib/pkgconfig/moveit_core.pc'
[8.786s] Level 1:colcon.colcon_core.environment:checking '/home/jone/ws_moveit/install/moveit_core/lib/python3.10/site-packages'
[8.787s] Level 1:colcon.colcon_core.environment:checking '/home/jone/ws_moveit/install/moveit_core/bin'
[8.787s] Level 1:colcon.colcon_core.shell:create_environment_hook('moveit_core', 'pythonscriptspath')
[8.787s] INFO:colcon.colcon_core.shell:Creating environment hook '/home/jone/ws_moveit/install/moveit_core/share/moveit_core/hook/pythonscriptspath.ps1'
[8.787s] INFO:colcon.colcon_core.shell:Creating environment descriptor '/home/jone/ws_moveit/install/moveit_core/share/moveit_core/hook/pythonscriptspath.dsv'
[8.787s] INFO:colcon.colcon_core.shell:Creating environment hook '/home/jone/ws_moveit/install/moveit_core/share/moveit_core/hook/pythonscriptspath.sh'
[8.788s] INFO:colcon.colcon_core.shell:Creating package script '/home/jone/ws_moveit/install/moveit_core/share/moveit_core/package.ps1'
[8.788s] INFO:colcon.colcon_core.shell:Creating package descriptor '/home/jone/ws_moveit/install/moveit_core/share/moveit_core/package.dsv'
[8.789s] INFO:colcon.colcon_core.shell:Creating package script '/home/jone/ws_moveit/install/moveit_core/share/moveit_core/package.sh'
[8.789s] INFO:colcon.colcon_core.shell:Creating package script '/home/jone/ws_moveit/install/moveit_core/share/moveit_core/package.bash'
[8.789s] INFO:colcon.colcon_core.shell:Creating package script '/home/jone/ws_moveit/install/moveit_core/share/moveit_core/package.zsh'
[8.789s] Level 1:colcon.colcon_core.environment:create_file_with_runtime_dependencies(/home/jone/ws_moveit/install/moveit_core/share/colcon-core/packages/moveit_core)
[8.790s] DEBUG:colcon.colcon_core.executor.sequential:run_until_complete 'moveit_core' finished with '0'
[8.790s] DEBUG:colcon.colcon_core.executor.sequential:run_until_complete 'moveit_resources'
[8.790s] INFO:colcon.colcon_ros.task.ament_cmake.build:Building ROS package in '/home/jone/ws_moveit/src/moveit_resources/moveit_resources' with build type 'ament_cmake'
[8.790s] INFO:colcon.colcon_cmake.task.cmake.build:Building CMake package in '/home/jone/ws_moveit/src/moveit_resources/moveit_resources'
[8.790s] INFO:colcon.colcon_core.shell:Skip shell extension 'powershell' for command environment: Not usable outside of PowerShell
[8.790s] DEBUG:colcon.colcon_core.shell:Skip shell extension 'dsv' for command environment
[8.806s] DEBUG:colcon.colcon_core.event_handler.log_command:Invoking command in '/home/jone/ws_moveit/build/moveit_resources': CMAKE_PREFIX_PATH=/home/jone/ws_moveit/install/moveit_resources_panda_moveit_config:/home/jone/ws_moveit/install/moveit_resources_fanuc_moveit_config:/home/jone/ws_moveit/install/moveit_resources_pr2_description:/home/jone/ws_moveit/install/moveit_resources_panda_description:/home/jone/ws_moveit/install/moveit_resources_fanuc_description:/home/jone/ws_moveit/install/pilz_industrial_motion_planner_testutils:/home/jone/ws_moveit/install/moveit_runtime:/home/jone/ws_moveit/install/moveit2_tutorials:/home/jone/ws_moveit/install/moveit:/home/jone/ws_moveit/install/moveit_planners:/home/jone/ws_moveit/install/pilz_industrial_motion_planner:/home/jone/ws_moveit/install/moveit_visual_tools:/home/jone/ws_moveit/install/moveit_task_constructor_visualization:/home/jone/ws_moveit/install/moveit_task_constructor_demo:/home/jone/ws_moveit/install/moveit_task_constructor_capabilities:/home/jone/ws_moveit/install/moveit_task_constructor_core:/home/jone/ws_moveit/install/moveit_ros_control_interface:/home/jone/ws_moveit/install/moveit_plugins:/home/jone/ws_moveit/install/moveit_simple_controller_manager:/home/jone/ws_moveit/install/moveit_setup_assistant:/home/jone/ws_moveit/install/moveit_setup_srdf_plugins:/home/jone/ws_moveit/install/moveit_setup_core_plugins:/home/jone/ws_moveit/install/moveit_setup_controllers:/home/jone/ws_moveit/install/moveit_setup_app_plugins:/home/jone/ws_moveit/install/moveit_setup_framework:/home/jone/ws_moveit/install/moveit_servo:/home/jone/ws_moveit/install/moveit_ros:/home/jone/ws_moveit/install/moveit_ros_visualization:/home/jone/ws_moveit/install/moveit_hybrid_planning:/home/jone/ws_moveit/install/moveit_ros_planning_interface:/home/jone/ws_moveit/install/moveit_ros_benchmarks:/home/jone/ws_moveit/install/moveit_ros_warehouse:/home/jone/ws_moveit/install/moveit_ros_robot_interaction:/home/jone/ws_moveit/install/moveit_ros_perception:/home/jone/ws_moveit/install/moveit_resources_prbt_pg70_support:/home/jone/ws_moveit/install/moveit_resources_prbt_moveit_config:/home/jone/ws_moveit/install/moveit_ros_move_group:/home/jone/ws_moveit/install/moveit_planners_ompl:/home/jone/ws_moveit/install/moveit_ros_planning:/home/jone/ws_moveit/install/moveit_ros_occupancy_map_monitor:/home/jone/ws_moveit/install/moveit_resources_prbt_ikfast_manipulator_plugin:/home/jone/ws_moveit/install/moveit_planners_chomp:/home/jone/ws_moveit/install/moveit_kinematics:/home/jone/ws_moveit/install/moveit_chomp_optimizer_adapter:/home/jone/ws_moveit/install/chomp_motion_planner:/home/jone/ws_moveit/install/moveit_core:/home/jone/ws_moveit/install/srdfdom:/home/jone/ws_moveit/install/rviz_marker_tools:/home/jone/ws_moveit/install/rosparam_shortcuts:/home/jone/ws_moveit/install/moveit_task_constructor_msgs:/home/jone/ws_moveit/install/moveit_resources_prbt_support:/home/jone/ws_moveit/install/moveit_resources:/home/jone/ws_moveit/install/moveit_common:/home/jone/ws_moveit/install/moveit_configs_utils:/home/jone/ws_moveit/install/launch_param_builder:/opt/ros/humble /usr/bin/cmake --build /home/jone/ws_moveit/build/moveit_resources
[8.858s] DEBUG:colcon.colcon_core.event_handler.log_command:Invoked command in '/home/jone/ws_moveit/build/moveit_resources' returned '0': CMAKE_PREFIX_PATH=/home/jone/ws_moveit/install/moveit_resources_panda_moveit_config:/home/jone/ws_moveit/install/moveit_resources_fanuc_moveit_config:/home/jone/ws_moveit/install/moveit_resources_pr2_description:/home/jone/ws_moveit/install/moveit_resources_panda_description:/home/jone/ws_moveit/install/moveit_resources_fanuc_description:/home/jone/ws_moveit/install/pilz_industrial_motion_planner_testutils:/home/jone/ws_moveit/install/moveit_runtime:/home/jone/ws_moveit/install/moveit2_tutorials:/home/jone/ws_moveit/install/moveit:/home/jone/ws_moveit/install/moveit_planners:/home/jone/ws_moveit/install/pilz_industrial_motion_planner:/home/jone/ws_moveit/install/moveit_visual_tools:/home/jone/ws_moveit/install/moveit_task_constructor_visualization:/home/jone/ws_moveit/install/moveit_task_constructor_demo:/home/jone/ws_moveit/install/moveit_task_constructor_capabilities:/home/jone/ws_moveit/install/moveit_task_constructor_core:/home/jone/ws_moveit/install/moveit_ros_control_interface:/home/jone/ws_moveit/install/moveit_plugins:/home/jone/ws_moveit/install/moveit_simple_controller_manager:/home/jone/ws_moveit/install/moveit_setup_assistant:/home/jone/ws_moveit/install/moveit_setup_srdf_plugins:/home/jone/ws_moveit/install/moveit_setup_core_plugins:/home/jone/ws_moveit/install/moveit_setup_controllers:/home/jone/ws_moveit/install/moveit_setup_app_plugins:/home/jone/ws_moveit/install/moveit_setup_framework:/home/jone/ws_moveit/install/moveit_servo:/home/jone/ws_moveit/install/moveit_ros:/home/jone/ws_moveit/install/moveit_ros_visualization:/home/jone/ws_moveit/install/moveit_hybrid_planning:/home/jone/ws_moveit/install/moveit_ros_planning_interface:/home/jone/ws_moveit/install/moveit_ros_benchmarks:/home/jone/ws_moveit/install/moveit_ros_warehouse:/home/jone/ws_moveit/install/moveit_ros_robot_interaction:/home/jone/ws_moveit/install/moveit_ros_perception:/home/jone/ws_moveit/install/moveit_resources_prbt_pg70_support:/home/jone/ws_moveit/install/moveit_resources_prbt_moveit_config:/home/jone/ws_moveit/install/moveit_ros_move_group:/home/jone/ws_moveit/install/moveit_planners_ompl:/home/jone/ws_moveit/install/moveit_ros_planning:/home/jone/ws_moveit/install/moveit_ros_occupancy_map_monitor:/home/jone/ws_moveit/install/moveit_resources_prbt_ikfast_manipulator_plugin:/home/jone/ws_moveit/install/moveit_planners_chomp:/home/jone/ws_moveit/install/moveit_kinematics:/home/jone/ws_moveit/install/moveit_chomp_optimizer_adapter:/home/jone/ws_moveit/install/chomp_motion_planner:/home/jone/ws_moveit/install/moveit_core:/home/jone/ws_moveit/install/srdfdom:/home/jone/ws_moveit/install/rviz_marker_tools:/home/jone/ws_moveit/install/rosparam_shortcuts:/home/jone/ws_moveit/install/moveit_task_constructor_msgs:/home/jone/ws_moveit/install/moveit_resources_prbt_support:/home/jone/ws_moveit/install/moveit_resources:/home/jone/ws_moveit/install/moveit_common:/home/jone/ws_moveit/install/moveit_configs_utils:/home/jone/ws_moveit/install/launch_param_builder:/opt/ros/humble /usr/bin/cmake --build /home/jone/ws_moveit/build/moveit_resources
[8.859s] DEBUG:colcon.colcon_core.event_handler.log_command:Invoking command in '/home/jone/ws_moveit/build/moveit_resources': CMAKE_PREFIX_PATH=/home/jone/ws_moveit/install/moveit_resources_panda_moveit_config:/home/jone/ws_moveit/install/moveit_resources_fanuc_moveit_config:/home/jone/ws_moveit/install/moveit_resources_pr2_description:/home/jone/ws_moveit/install/moveit_resources_panda_description:/home/jone/ws_moveit/install/moveit_resources_fanuc_description:/home/jone/ws_moveit/install/pilz_industrial_motion_planner_testutils:/home/jone/ws_moveit/install/moveit_runtime:/home/jone/ws_moveit/install/moveit2_tutorials:/home/jone/ws_moveit/install/moveit:/home/jone/ws_moveit/install/moveit_planners:/home/jone/ws_moveit/install/pilz_industrial_motion_planner:/home/jone/ws_moveit/install/moveit_visual_tools:/home/jone/ws_moveit/install/moveit_task_constructor_visualization:/home/jone/ws_moveit/install/moveit_task_constructor_demo:/home/jone/ws_moveit/install/moveit_task_constructor_capabilities:/home/jone/ws_moveit/install/moveit_task_constructor_core:/home/jone/ws_moveit/install/moveit_ros_control_interface:/home/jone/ws_moveit/install/moveit_plugins:/home/jone/ws_moveit/install/moveit_simple_controller_manager:/home/jone/ws_moveit/install/moveit_setup_assistant:/home/jone/ws_moveit/install/moveit_setup_srdf_plugins:/home/jone/ws_moveit/install/moveit_setup_core_plugins:/home/jone/ws_moveit/install/moveit_setup_controllers:/home/jone/ws_moveit/install/moveit_setup_app_plugins:/home/jone/ws_moveit/install/moveit_setup_framework:/home/jone/ws_moveit/install/moveit_servo:/home/jone/ws_moveit/install/moveit_ros:/home/jone/ws_moveit/install/moveit_ros_visualization:/home/jone/ws_moveit/install/moveit_hybrid_planning:/home/jone/ws_moveit/install/moveit_ros_planning_interface:/home/jone/ws_moveit/install/moveit_ros_benchmarks:/home/jone/ws_moveit/install/moveit_ros_warehouse:/home/jone/ws_moveit/install/moveit_ros_robot_interaction:/home/jone/ws_moveit/install/moveit_ros_perception:/home/jone/ws_moveit/install/moveit_resources_prbt_pg70_support:/home/jone/ws_moveit/install/moveit_resources_prbt_moveit_config:/home/jone/ws_moveit/install/moveit_ros_move_group:/home/jone/ws_moveit/install/moveit_planners_ompl:/home/jone/ws_moveit/install/moveit_ros_planning:/home/jone/ws_moveit/install/moveit_ros_occupancy_map_monitor:/home/jone/ws_moveit/install/moveit_resources_prbt_ikfast_manipulator_plugin:/home/jone/ws_moveit/install/moveit_planners_chomp:/home/jone/ws_moveit/install/moveit_kinematics:/home/jone/ws_moveit/install/moveit_chomp_optimizer_adapter:/home/jone/ws_moveit/install/chomp_motion_planner:/home/jone/ws_moveit/install/moveit_core:/home/jone/ws_moveit/install/srdfdom:/home/jone/ws_moveit/install/rviz_marker_tools:/home/jone/ws_moveit/install/rosparam_shortcuts:/home/jone/ws_moveit/install/moveit_task_constructor_msgs:/home/jone/ws_moveit/install/moveit_resources_prbt_support:/home/jone/ws_moveit/install/moveit_resources:/home/jone/ws_moveit/install/moveit_common:/home/jone/ws_moveit/install/moveit_configs_utils:/home/jone/ws_moveit/install/launch_param_builder:/opt/ros/humble /usr/bin/cmake --install /home/jone/ws_moveit/build/moveit_resources
[8.872s] Level 1:colcon.colcon_core.environment:create_environment_scripts_only(moveit_resources)
[8.872s] Level 1:colcon.colcon_core.environment:checking '/home/jone/ws_moveit/install/moveit_resources' for CMake module files
[8.873s] DEBUG:colcon.colcon_core.event_handler.log_command:Invoked command in '/home/jone/ws_moveit/build/moveit_resources' returned '0': CMAKE_PREFIX_PATH=/home/jone/ws_moveit/install/moveit_resources_panda_moveit_config:/home/jone/ws_moveit/install/moveit_resources_fanuc_moveit_config:/home/jone/ws_moveit/install/moveit_resources_pr2_description:/home/jone/ws_moveit/install/moveit_resources_panda_description:/home/jone/ws_moveit/install/moveit_resources_fanuc_description:/home/jone/ws_moveit/install/pilz_industrial_motion_planner_testutils:/home/jone/ws_moveit/install/moveit_runtime:/home/jone/ws_moveit/install/moveit2_tutorials:/home/jone/ws_moveit/install/moveit:/home/jone/ws_moveit/install/moveit_planners:/home/jone/ws_moveit/install/pilz_industrial_motion_planner:/home/jone/ws_moveit/install/moveit_visual_tools:/home/jone/ws_moveit/install/moveit_task_constructor_visualization:/home/jone/ws_moveit/install/moveit_task_constructor_demo:/home/jone/ws_moveit/install/moveit_task_constructor_capabilities:/home/jone/ws_moveit/install/moveit_task_constructor_core:/home/jone/ws_moveit/install/moveit_ros_control_interface:/home/jone/ws_moveit/install/moveit_plugins:/home/jone/ws_moveit/install/moveit_simple_controller_manager:/home/jone/ws_moveit/install/moveit_setup_assistant:/home/jone/ws_moveit/install/moveit_setup_srdf_plugins:/home/jone/ws_moveit/install/moveit_setup_core_plugins:/home/jone/ws_moveit/install/moveit_setup_controllers:/home/jone/ws_moveit/install/moveit_setup_app_plugins:/home/jone/ws_moveit/install/moveit_setup_framework:/home/jone/ws_moveit/install/moveit_servo:/home/jone/ws_moveit/install/moveit_ros:/home/jone/ws_moveit/install/moveit_ros_visualization:/home/jone/ws_moveit/install/moveit_hybrid_planning:/home/jone/ws_moveit/install/moveit_ros_planning_interface:/home/jone/ws_moveit/install/moveit_ros_benchmarks:/home/jone/ws_moveit/install/moveit_ros_warehouse:/home/jone/ws_moveit/install/moveit_ros_robot_interaction:/home/jone/ws_moveit/install/moveit_ros_perception:/home/jone/ws_moveit/install/moveit_resources_prbt_pg70_support:/home/jone/ws_moveit/install/moveit_resources_prbt_moveit_config:/home/jone/ws_moveit/install/moveit_ros_move_group:/home/jone/ws_moveit/install/moveit_planners_ompl:/home/jone/ws_moveit/install/moveit_ros_planning:/home/jone/ws_moveit/install/moveit_ros_occupancy_map_monitor:/home/jone/ws_moveit/install/moveit_resources_prbt_ikfast_manipulator_plugin:/home/jone/ws_moveit/install/moveit_planners_chomp:/home/jone/ws_moveit/install/moveit_kinematics:/home/jone/ws_moveit/install/moveit_chomp_optimizer_adapter:/home/jone/ws_moveit/install/chomp_motion_planner:/home/jone/ws_moveit/install/moveit_core:/home/jone/ws_moveit/install/srdfdom:/home/jone/ws_moveit/install/rviz_marker_tools:/home/jone/ws_moveit/install/rosparam_shortcuts:/home/jone/ws_moveit/install/moveit_task_constructor_msgs:/home/jone/ws_moveit/install/moveit_resources_prbt_support:/home/jone/ws_moveit/install/moveit_resources:/home/jone/ws_moveit/install/moveit_common:/home/jone/ws_moveit/install/moveit_configs_utils:/home/jone/ws_moveit/install/launch_param_builder:/opt/ros/humble /usr/bin/cmake --install /home/jone/ws_moveit/build/moveit_resources
[8.873s] Level 1:colcon.colcon_core.environment:checking '/home/jone/ws_moveit/install/moveit_resources' for CMake config files
[8.873s] Level 1:colcon.colcon_core.shell:create_environment_hook('moveit_resources', 'cmake_prefix_path')
[8.873s] INFO:colcon.colcon_core.shell:Creating environment hook '/home/jone/ws_moveit/install/moveit_resources/share/moveit_resources/hook/cmake_prefix_path.ps1'
[8.874s] INFO:colcon.colcon_core.shell:Creating environment descriptor '/home/jone/ws_moveit/install/moveit_resources/share/moveit_resources/hook/cmake_prefix_path.dsv'
[8.874s] INFO:colcon.colcon_core.shell:Creating environment hook '/home/jone/ws_moveit/install/moveit_resources/share/moveit_resources/hook/cmake_prefix_path.sh'
[8.874s] Level 1:colcon.colcon_core.environment:checking '/home/jone/ws_moveit/install/moveit_resources/bin'
[8.874s] Level 1:colcon.colcon_core.environment:checking '/home/jone/ws_moveit/install/moveit_resources/lib/pkgconfig/moveit_resources.pc'
[8.875s] Level 1:colcon.colcon_core.environment:checking '/home/jone/ws_moveit/install/moveit_resources/lib/python3.10/site-packages'
[8.875s] Level 1:colcon.colcon_core.environment:checking '/home/jone/ws_moveit/install/moveit_resources/bin'
[8.875s] INFO:colcon.colcon_core.shell:Creating package script '/home/jone/ws_moveit/install/moveit_resources/share/moveit_resources/package.ps1'
[8.875s] INFO:colcon.colcon_core.shell:Creating package descriptor '/home/jone/ws_moveit/install/moveit_resources/share/moveit_resources/package.dsv'
[8.876s] INFO:colcon.colcon_core.shell:Creating package script '/home/jone/ws_moveit/install/moveit_resources/share/moveit_resources/package.sh'
[8.876s] INFO:colcon.colcon_core.shell:Creating package script '/home/jone/ws_moveit/install/moveit_resources/share/moveit_resources/package.bash'
[8.876s] INFO:colcon.colcon_core.shell:Creating package script '/home/jone/ws_moveit/install/moveit_resources/share/moveit_resources/package.zsh'
[8.877s] Level 1:colcon.colcon_core.environment:create_file_with_runtime_dependencies(/home/jone/ws_moveit/install/moveit_resources/share/colcon-core/packages/moveit_resources)
[8.877s] Level 1:colcon.colcon_core.environment:create_environment_scripts_only(moveit_resources)
[8.877s] Level 1:colcon.colcon_core.environment:checking '/home/jone/ws_moveit/install/moveit_resources' for CMake module files
[8.877s] Level 1:colcon.colcon_core.environment:checking '/home/jone/ws_moveit/install/moveit_resources' for CMake config files
[8.877s] Level 1:colcon.colcon_core.shell:create_environment_hook('moveit_resources', 'cmake_prefix_path')
[8.878s] INFO:colcon.colcon_core.shell:Creating environment hook '/home/jone/ws_moveit/install/moveit_resources/share/moveit_resources/hook/cmake_prefix_path.ps1'
[8.878s] INFO:colcon.colcon_core.shell:Creating environment descriptor '/home/jone/ws_moveit/install/moveit_resources/share/moveit_resources/hook/cmake_prefix_path.dsv'
[8.878s] INFO:colcon.colcon_core.shell:Creating environment hook '/home/jone/ws_moveit/install/moveit_resources/share/moveit_resources/hook/cmake_prefix_path.sh'
[8.878s] Level 1:colcon.colcon_core.environment:checking '/home/jone/ws_moveit/install/moveit_resources/bin'
[8.879s] Level 1:colcon.colcon_core.environment:checking '/home/jone/ws_moveit/install/moveit_resources/lib/pkgconfig/moveit_resources.pc'
[8.879s] Level 1:colcon.colcon_core.environment:checking '/home/jone/ws_moveit/install/moveit_resources/lib/python3.10/site-packages'
[8.879s] Level 1:colcon.colcon_core.environment:checking '/home/jone/ws_moveit/install/moveit_resources/bin'
[8.879s] INFO:colcon.colcon_core.shell:Creating package script '/home/jone/ws_moveit/install/moveit_resources/share/moveit_resources/package.ps1'
[8.879s] INFO:colcon.colcon_core.shell:Creating package descriptor '/home/jone/ws_moveit/install/moveit_resources/share/moveit_resources/package.dsv'
[8.880s] INFO:colcon.colcon_core.shell:Creating package script '/home/jone/ws_moveit/install/moveit_resources/share/moveit_resources/package.sh'
[8.880s] INFO:colcon.colcon_core.shell:Creating package script '/home/jone/ws_moveit/install/moveit_resources/share/moveit_resources/package.bash'
[8.880s] INFO:colcon.colcon_core.shell:Creating package script '/home/jone/ws_moveit/install/moveit_resources/share/moveit_resources/package.zsh'
[8.881s] Level 1:colcon.colcon_core.environment:create_file_with_runtime_dependencies(/home/jone/ws_moveit/install/moveit_resources/share/colcon-core/packages/moveit_resources)
[8.881s] DEBUG:colcon.colcon_core.executor.sequential:run_until_complete 'moveit_resources' finished with '0'
[8.881s] DEBUG:colcon.colcon_core.executor.sequential:run_until_complete 'chomp_motion_planner'
[8.881s] INFO:colcon.colcon_ros.task.ament_cmake.build:Building ROS package in '/home/jone/ws_moveit/src/moveit2/moveit_planners/chomp/chomp_motion_planner' with build type 'ament_cmake'
[8.881s] INFO:colcon.colcon_cmake.task.cmake.build:Building CMake package in '/home/jone/ws_moveit/src/moveit2/moveit_planners/chomp/chomp_motion_planner'
[8.881s] INFO:colcon.colcon_core.shell:Skip shell extension 'powershell' for command environment: Not usable outside of PowerShell
[8.881s] DEBUG:colcon.colcon_core.shell:Skip shell extension 'dsv' for command environment
[8.961s] DEBUG:colcon.colcon_core.event_handler.log_command:Invoking command in '/home/jone/ws_moveit/build/chomp_motion_planner': CMAKE_PREFIX_PATH=/home/jone/ws_moveit/install/moveit_core:/home/jone/ws_moveit/install/moveit_resources_panda_moveit_config:/home/jone/ws_moveit/install/srdfdom:/home/jone/ws_moveit/install/moveit_resources_pr2_description:/home/jone/ws_moveit/install/moveit_resources_panda_description:/home/jone/ws_moveit/install/moveit_common:/home/jone/ws_moveit/install/pilz_industrial_motion_planner_testutils:/home/jone/ws_moveit/install/moveit_runtime:/home/jone/ws_moveit/install/moveit2_tutorials:/home/jone/ws_moveit/install/moveit:/home/jone/ws_moveit/install/moveit_planners:/home/jone/ws_moveit/install/pilz_industrial_motion_planner:/home/jone/ws_moveit/install/moveit_visual_tools:/home/jone/ws_moveit/install/moveit_task_constructor_visualization:/home/jone/ws_moveit/install/moveit_task_constructor_demo:/home/jone/ws_moveit/install/moveit_task_constructor_capabilities:/home/jone/ws_moveit/install/moveit_task_constructor_core:/home/jone/ws_moveit/install/moveit_ros_control_interface:/home/jone/ws_moveit/install/moveit_plugins:/home/jone/ws_moveit/install/moveit_simple_controller_manager:/home/jone/ws_moveit/install/moveit_setup_assistant:/home/jone/ws_moveit/install/moveit_setup_srdf_plugins:/home/jone/ws_moveit/install/moveit_setup_core_plugins:/home/jone/ws_moveit/install/moveit_setup_controllers:/home/jone/ws_moveit/install/moveit_setup_app_plugins:/home/jone/ws_moveit/install/moveit_setup_framework:/home/jone/ws_moveit/install/moveit_servo:/home/jone/ws_moveit/install/moveit_ros:/home/jone/ws_moveit/install/moveit_ros_visualization:/home/jone/ws_moveit/install/moveit_hybrid_planning:/home/jone/ws_moveit/install/moveit_ros_planning_interface:/home/jone/ws_moveit/install/moveit_ros_benchmarks:/home/jone/ws_moveit/install/moveit_ros_warehouse:/home/jone/ws_moveit/install/moveit_ros_robot_interaction:/home/jone/ws_moveit/install/moveit_ros_perception:/home/jone/ws_moveit/install/moveit_resources_prbt_pg70_support:/home/jone/ws_moveit/install/moveit_resources_prbt_moveit_config:/home/jone/ws_moveit/install/moveit_ros_move_group:/home/jone/ws_moveit/install/moveit_planners_ompl:/home/jone/ws_moveit/install/moveit_ros_planning:/home/jone/ws_moveit/install/moveit_ros_occupancy_map_monitor:/home/jone/ws_moveit/install/moveit_resources_prbt_ikfast_manipulator_plugin:/home/jone/ws_moveit/install/moveit_planners_chomp:/home/jone/ws_moveit/install/moveit_kinematics:/home/jone/ws_moveit/install/moveit_chomp_optimizer_adapter:/home/jone/ws_moveit/install/chomp_motion_planner:/home/jone/ws_moveit/install/rviz_marker_tools:/home/jone/ws_moveit/install/rosparam_shortcuts:/home/jone/ws_moveit/install/moveit_task_constructor_msgs:/home/jone/ws_moveit/install/moveit_resources_prbt_support:/home/jone/ws_moveit/install/moveit_resources:/home/jone/ws_moveit/install/moveit_resources_fanuc_moveit_config:/home/jone/ws_moveit/install/moveit_resources_fanuc_description:/home/jone/ws_moveit/install/moveit_configs_utils:/home/jone/ws_moveit/install/launch_param_builder:/opt/ros/humble LD_LIBRARY_PATH=/home/jone/ws_moveit/install/moveit_core/lib:/home/jone/ws_moveit/install/srdfdom/lib:/home/jone/ws_moveit/install/pilz_industrial_motion_planner_testutils/lib:/home/jone/ws_moveit/install/pilz_industrial_motion_planner/lib:/home/jone/ws_moveit/install/moveit_visual_tools/lib:/home/jone/ws_moveit/install/moveit_task_constructor_visualization/lib:/home/jone/ws_moveit/install/moveit_task_constructor_demo/lib:/home/jone/ws_moveit/install/moveit_task_constructor_capabilities/lib:/home/jone/ws_moveit/install/moveit_task_constructor_core/lib:/home/jone/ws_moveit/install/moveit_ros_control_interface/lib:/home/jone/ws_moveit/install/moveit_simple_controller_manager/lib:/home/jone/ws_moveit/install/moveit_setup_assistant/lib:/home/jone/ws_moveit/install/moveit_setup_srdf_plugins/lib:/home/jone/ws_moveit/install/moveit_setup_core_plugins/lib:/home/jone/ws_moveit/install/moveit_setup_controllers/lib:/home/jone/ws_moveit/install/moveit_setup_app_plugins/lib:/home/jone/ws_moveit/install/moveit_setup_framework/lib:/home/jone/ws_moveit/install/moveit_servo/lib:/home/jone/ws_moveit/install/moveit_ros_visualization/lib:/home/jone/ws_moveit/install/moveit_hybrid_planning/lib:/home/jone/ws_moveit/install/moveit_ros_planning_interface/lib:/home/jone/ws_moveit/install/moveit_ros_benchmarks/lib:/home/jone/ws_moveit/install/moveit_ros_warehouse/lib:/home/jone/ws_moveit/install/moveit_ros_robot_interaction/lib:/home/jone/ws_moveit/install/moveit_ros_perception/lib:/home/jone/ws_moveit/install/moveit_ros_move_group/lib:/home/jone/ws_moveit/install/moveit_planners_ompl/lib:/home/jone/ws_moveit/install/moveit_ros_planning/lib:/home/jone/ws_moveit/install/moveit_ros_occupancy_map_monitor/lib:/home/jone/ws_moveit/install/moveit_resources_prbt_ikfast_manipulator_plugin/lib:/home/jone/ws_moveit/install/moveit_planners_chomp/lib:/home/jone/ws_moveit/install/moveit_kinematics/lib:/home/jone/ws_moveit/install/moveit_chomp_optimizer_adapter/lib:/home/jone/ws_moveit/install/chomp_motion_planner/lib:/home/jone/ws_moveit/install/rviz_marker_tools/lib:/home/jone/ws_moveit/install/rosparam_shortcuts/lib:/home/jone/ws_moveit/install/moveit_task_constructor_msgs/lib:/opt/ros/humble/opt/rviz_ogre_vendor/lib:/opt/ros/humble/lib/x86_64-linux-gnu:/opt/ros/humble/lib:/usr/lib/x86_64-linux-gnu/gazebo-11/plugins:/usr/lib/x86_64-linux-gnu/gazebo-11/plugins:/usr/lib/x86_64-linux-gnu/gazebo-11/plugins /usr/bin/cmake --build /home/jone/ws_moveit/build/chomp_motion_planner
[9.062s] DEBUG:colcon.colcon_core.event_handler.log_command:Invoked command in '/home/jone/ws_moveit/build/chomp_motion_planner' returned '0': CMAKE_PREFIX_PATH=/home/jone/ws_moveit/install/moveit_core:/home/jone/ws_moveit/install/moveit_resources_panda_moveit_config:/home/jone/ws_moveit/install/srdfdom:/home/jone/ws_moveit/install/moveit_resources_pr2_description:/home/jone/ws_moveit/install/moveit_resources_panda_description:/home/jone/ws_moveit/install/moveit_common:/home/jone/ws_moveit/install/pilz_industrial_motion_planner_testutils:/home/jone/ws_moveit/install/moveit_runtime:/home/jone/ws_moveit/install/moveit2_tutorials:/home/jone/ws_moveit/install/moveit:/home/jone/ws_moveit/install/moveit_planners:/home/jone/ws_moveit/install/pilz_industrial_motion_planner:/home/jone/ws_moveit/install/moveit_visual_tools:/home/jone/ws_moveit/install/moveit_task_constructor_visualization:/home/jone/ws_moveit/install/moveit_task_constructor_demo:/home/jone/ws_moveit/install/moveit_task_constructor_capabilities:/home/jone/ws_moveit/install/moveit_task_constructor_core:/home/jone/ws_moveit/install/moveit_ros_control_interface:/home/jone/ws_moveit/install/moveit_plugins:/home/jone/ws_moveit/install/moveit_simple_controller_manager:/home/jone/ws_moveit/install/moveit_setup_assistant:/home/jone/ws_moveit/install/moveit_setup_srdf_plugins:/home/jone/ws_moveit/install/moveit_setup_core_plugins:/home/jone/ws_moveit/install/moveit_setup_controllers:/home/jone/ws_moveit/install/moveit_setup_app_plugins:/home/jone/ws_moveit/install/moveit_setup_framework:/home/jone/ws_moveit/install/moveit_servo:/home/jone/ws_moveit/install/moveit_ros:/home/jone/ws_moveit/install/moveit_ros_visualization:/home/jone/ws_moveit/install/moveit_hybrid_planning:/home/jone/ws_moveit/install/moveit_ros_planning_interface:/home/jone/ws_moveit/install/moveit_ros_benchmarks:/home/jone/ws_moveit/install/moveit_ros_warehouse:/home/jone/ws_moveit/install/moveit_ros_robot_interaction:/home/jone/ws_moveit/install/moveit_ros_perception:/home/jone/ws_moveit/install/moveit_resources_prbt_pg70_support:/home/jone/ws_moveit/install/moveit_resources_prbt_moveit_config:/home/jone/ws_moveit/install/moveit_ros_move_group:/home/jone/ws_moveit/install/moveit_planners_ompl:/home/jone/ws_moveit/install/moveit_ros_planning:/home/jone/ws_moveit/install/moveit_ros_occupancy_map_monitor:/home/jone/ws_moveit/install/moveit_resources_prbt_ikfast_manipulator_plugin:/home/jone/ws_moveit/install/moveit_planners_chomp:/home/jone/ws_moveit/install/moveit_kinematics:/home/jone/ws_moveit/install/moveit_chomp_optimizer_adapter:/home/jone/ws_moveit/install/chomp_motion_planner:/home/jone/ws_moveit/install/rviz_marker_tools:/home/jone/ws_moveit/install/rosparam_shortcuts:/home/jone/ws_moveit/install/moveit_task_constructor_msgs:/home/jone/ws_moveit/install/moveit_resources_prbt_support:/home/jone/ws_moveit/install/moveit_resources:/home/jone/ws_moveit/install/moveit_resources_fanuc_moveit_config:/home/jone/ws_moveit/install/moveit_resources_fanuc_description:/home/jone/ws_moveit/install/moveit_configs_utils:/home/jone/ws_moveit/install/launch_param_builder:/opt/ros/humble LD_LIBRARY_PATH=/home/jone/ws_moveit/install/moveit_core/lib:/home/jone/ws_moveit/install/srdfdom/lib:/home/jone/ws_moveit/install/pilz_industrial_motion_planner_testutils/lib:/home/jone/ws_moveit/install/pilz_industrial_motion_planner/lib:/home/jone/ws_moveit/install/moveit_visual_tools/lib:/home/jone/ws_moveit/install/moveit_task_constructor_visualization/lib:/home/jone/ws_moveit/install/moveit_task_constructor_demo/lib:/home/jone/ws_moveit/install/moveit_task_constructor_capabilities/lib:/home/jone/ws_moveit/install/moveit_task_constructor_core/lib:/home/jone/ws_moveit/install/moveit_ros_control_interface/lib:/home/jone/ws_moveit/install/moveit_simple_controller_manager/lib:/home/jone/ws_moveit/install/moveit_setup_assistant/lib:/home/jone/ws_moveit/install/moveit_setup_srdf_plugins/lib:/home/jone/ws_moveit/install/moveit_setup_core_plugins/lib:/home/jone/ws_moveit/install/moveit_setup_controllers/lib:/home/jone/ws_moveit/install/moveit_setup_app_plugins/lib:/home/jone/ws_moveit/install/moveit_setup_framework/lib:/home/jone/ws_moveit/install/moveit_servo/lib:/home/jone/ws_moveit/install/moveit_ros_visualization/lib:/home/jone/ws_moveit/install/moveit_hybrid_planning/lib:/home/jone/ws_moveit/install/moveit_ros_planning_interface/lib:/home/jone/ws_moveit/install/moveit_ros_benchmarks/lib:/home/jone/ws_moveit/install/moveit_ros_warehouse/lib:/home/jone/ws_moveit/install/moveit_ros_robot_interaction/lib:/home/jone/ws_moveit/install/moveit_ros_perception/lib:/home/jone/ws_moveit/install/moveit_ros_move_group/lib:/home/jone/ws_moveit/install/moveit_planners_ompl/lib:/home/jone/ws_moveit/install/moveit_ros_planning/lib:/home/jone/ws_moveit/install/moveit_ros_occupancy_map_monitor/lib:/home/jone/ws_moveit/install/moveit_resources_prbt_ikfast_manipulator_plugin/lib:/home/jone/ws_moveit/install/moveit_planners_chomp/lib:/home/jone/ws_moveit/install/moveit_kinematics/lib:/home/jone/ws_moveit/install/moveit_chomp_optimizer_adapter/lib:/home/jone/ws_moveit/install/chomp_motion_planner/lib:/home/jone/ws_moveit/install/rviz_marker_tools/lib:/home/jone/ws_moveit/install/rosparam_shortcuts/lib:/home/jone/ws_moveit/install/moveit_task_constructor_msgs/lib:/opt/ros/humble/opt/rviz_ogre_vendor/lib:/opt/ros/humble/lib/x86_64-linux-gnu:/opt/ros/humble/lib:/usr/lib/x86_64-linux-gnu/gazebo-11/plugins:/usr/lib/x86_64-linux-gnu/gazebo-11/plugins:/usr/lib/x86_64-linux-gnu/gazebo-11/plugins /usr/bin/cmake --build /home/jone/ws_moveit/build/chomp_motion_planner
[9.079s] DEBUG:colcon.colcon_core.event_handler.log_command:Invoking command in '/home/jone/ws_moveit/build/chomp_motion_planner': CMAKE_PREFIX_PATH=/home/jone/ws_moveit/install/moveit_core:/home/jone/ws_moveit/install/moveit_resources_panda_moveit_config:/home/jone/ws_moveit/install/srdfdom:/home/jone/ws_moveit/install/moveit_resources_pr2_description:/home/jone/ws_moveit/install/moveit_resources_panda_description:/home/jone/ws_moveit/install/moveit_common:/home/jone/ws_moveit/install/pilz_industrial_motion_planner_testutils:/home/jone/ws_moveit/install/moveit_runtime:/home/jone/ws_moveit/install/moveit2_tutorials:/home/jone/ws_moveit/install/moveit:/home/jone/ws_moveit/install/moveit_planners:/home/jone/ws_moveit/install/pilz_industrial_motion_planner:/home/jone/ws_moveit/install/moveit_visual_tools:/home/jone/ws_moveit/install/moveit_task_constructor_visualization:/home/jone/ws_moveit/install/moveit_task_constructor_demo:/home/jone/ws_moveit/install/moveit_task_constructor_capabilities:/home/jone/ws_moveit/install/moveit_task_constructor_core:/home/jone/ws_moveit/install/moveit_ros_control_interface:/home/jone/ws_moveit/install/moveit_plugins:/home/jone/ws_moveit/install/moveit_simple_controller_manager:/home/jone/ws_moveit/install/moveit_setup_assistant:/home/jone/ws_moveit/install/moveit_setup_srdf_plugins:/home/jone/ws_moveit/install/moveit_setup_core_plugins:/home/jone/ws_moveit/install/moveit_setup_controllers:/home/jone/ws_moveit/install/moveit_setup_app_plugins:/home/jone/ws_moveit/install/moveit_setup_framework:/home/jone/ws_moveit/install/moveit_servo:/home/jone/ws_moveit/install/moveit_ros:/home/jone/ws_moveit/install/moveit_ros_visualization:/home/jone/ws_moveit/install/moveit_hybrid_planning:/home/jone/ws_moveit/install/moveit_ros_planning_interface:/home/jone/ws_moveit/install/moveit_ros_benchmarks:/home/jone/ws_moveit/install/moveit_ros_warehouse:/home/jone/ws_moveit/install/moveit_ros_robot_interaction:/home/jone/ws_moveit/install/moveit_ros_perception:/home/jone/ws_moveit/install/moveit_resources_prbt_pg70_support:/home/jone/ws_moveit/install/moveit_resources_prbt_moveit_config:/home/jone/ws_moveit/install/moveit_ros_move_group:/home/jone/ws_moveit/install/moveit_planners_ompl:/home/jone/ws_moveit/install/moveit_ros_planning:/home/jone/ws_moveit/install/moveit_ros_occupancy_map_monitor:/home/jone/ws_moveit/install/moveit_resources_prbt_ikfast_manipulator_plugin:/home/jone/ws_moveit/install/moveit_planners_chomp:/home/jone/ws_moveit/install/moveit_kinematics:/home/jone/ws_moveit/install/moveit_chomp_optimizer_adapter:/home/jone/ws_moveit/install/chomp_motion_planner:/home/jone/ws_moveit/install/rviz_marker_tools:/home/jone/ws_moveit/install/rosparam_shortcuts:/home/jone/ws_moveit/install/moveit_task_constructor_msgs:/home/jone/ws_moveit/install/moveit_resources_prbt_support:/home/jone/ws_moveit/install/moveit_resources:/home/jone/ws_moveit/install/moveit_resources_fanuc_moveit_config:/home/jone/ws_moveit/install/moveit_resources_fanuc_description:/home/jone/ws_moveit/install/moveit_configs_utils:/home/jone/ws_moveit/install/launch_param_builder:/opt/ros/humble LD_LIBRARY_PATH=/home/jone/ws_moveit/install/moveit_core/lib:/home/jone/ws_moveit/install/srdfdom/lib:/home/jone/ws_moveit/install/pilz_industrial_motion_planner_testutils/lib:/home/jone/ws_moveit/install/pilz_industrial_motion_planner/lib:/home/jone/ws_moveit/install/moveit_visual_tools/lib:/home/jone/ws_moveit/install/moveit_task_constructor_visualization/lib:/home/jone/ws_moveit/install/moveit_task_constructor_demo/lib:/home/jone/ws_moveit/install/moveit_task_constructor_capabilities/lib:/home/jone/ws_moveit/install/moveit_task_constructor_core/lib:/home/jone/ws_moveit/install/moveit_ros_control_interface/lib:/home/jone/ws_moveit/install/moveit_simple_controller_manager/lib:/home/jone/ws_moveit/install/moveit_setup_assistant/lib:/home/jone/ws_moveit/install/moveit_setup_srdf_plugins/lib:/home/jone/ws_moveit/install/moveit_setup_core_plugins/lib:/home/jone/ws_moveit/install/moveit_setup_controllers/lib:/home/jone/ws_moveit/install/moveit_setup_app_plugins/lib:/home/jone/ws_moveit/install/moveit_setup_framework/lib:/home/jone/ws_moveit/install/moveit_servo/lib:/home/jone/ws_moveit/install/moveit_ros_visualization/lib:/home/jone/ws_moveit/install/moveit_hybrid_planning/lib:/home/jone/ws_moveit/install/moveit_ros_planning_interface/lib:/home/jone/ws_moveit/install/moveit_ros_benchmarks/lib:/home/jone/ws_moveit/install/moveit_ros_warehouse/lib:/home/jone/ws_moveit/install/moveit_ros_robot_interaction/lib:/home/jone/ws_moveit/install/moveit_ros_perception/lib:/home/jone/ws_moveit/install/moveit_ros_move_group/lib:/home/jone/ws_moveit/install/moveit_planners_ompl/lib:/home/jone/ws_moveit/install/moveit_ros_planning/lib:/home/jone/ws_moveit/install/moveit_ros_occupancy_map_monitor/lib:/home/jone/ws_moveit/install/moveit_resources_prbt_ikfast_manipulator_plugin/lib:/home/jone/ws_moveit/install/moveit_planners_chomp/lib:/home/jone/ws_moveit/install/moveit_kinematics/lib:/home/jone/ws_moveit/install/moveit_chomp_optimizer_adapter/lib:/home/jone/ws_moveit/install/chomp_motion_planner/lib:/home/jone/ws_moveit/install/rviz_marker_tools/lib:/home/jone/ws_moveit/install/rosparam_shortcuts/lib:/home/jone/ws_moveit/install/moveit_task_constructor_msgs/lib:/opt/ros/humble/opt/rviz_ogre_vendor/lib:/opt/ros/humble/lib/x86_64-linux-gnu:/opt/ros/humble/lib:/usr/lib/x86_64-linux-gnu/gazebo-11/plugins:/usr/lib/x86_64-linux-gnu/gazebo-11/plugins:/usr/lib/x86_64-linux-gnu/gazebo-11/plugins /usr/bin/cmake --install /home/jone/ws_moveit/build/chomp_motion_planner
[9.097s] Level 1:colcon.colcon_core.environment:create_environment_scripts_only(chomp_motion_planner)
[9.097s] DEBUG:colcon.colcon_core.event_handler.log_command:Invoked command in '/home/jone/ws_moveit/build/chomp_motion_planner' returned '0': CMAKE_PREFIX_PATH=/home/jone/ws_moveit/install/moveit_core:/home/jone/ws_moveit/install/moveit_resources_panda_moveit_config:/home/jone/ws_moveit/install/srdfdom:/home/jone/ws_moveit/install/moveit_resources_pr2_description:/home/jone/ws_moveit/install/moveit_resources_panda_description:/home/jone/ws_moveit/install/moveit_common:/home/jone/ws_moveit/install/pilz_industrial_motion_planner_testutils:/home/jone/ws_moveit/install/moveit_runtime:/home/jone/ws_moveit/install/moveit2_tutorials:/home/jone/ws_moveit/install/moveit:/home/jone/ws_moveit/install/moveit_planners:/home/jone/ws_moveit/install/pilz_industrial_motion_planner:/home/jone/ws_moveit/install/moveit_visual_tools:/home/jone/ws_moveit/install/moveit_task_constructor_visualization:/home/jone/ws_moveit/install/moveit_task_constructor_demo:/home/jone/ws_moveit/install/moveit_task_constructor_capabilities:/home/jone/ws_moveit/install/moveit_task_constructor_core:/home/jone/ws_moveit/install/moveit_ros_control_interface:/home/jone/ws_moveit/install/moveit_plugins:/home/jone/ws_moveit/install/moveit_simple_controller_manager:/home/jone/ws_moveit/install/moveit_setup_assistant:/home/jone/ws_moveit/install/moveit_setup_srdf_plugins:/home/jone/ws_moveit/install/moveit_setup_core_plugins:/home/jone/ws_moveit/install/moveit_setup_controllers:/home/jone/ws_moveit/install/moveit_setup_app_plugins:/home/jone/ws_moveit/install/moveit_setup_framework:/home/jone/ws_moveit/install/moveit_servo:/home/jone/ws_moveit/install/moveit_ros:/home/jone/ws_moveit/install/moveit_ros_visualization:/home/jone/ws_moveit/install/moveit_hybrid_planning:/home/jone/ws_moveit/install/moveit_ros_planning_interface:/home/jone/ws_moveit/install/moveit_ros_benchmarks:/home/jone/ws_moveit/install/moveit_ros_warehouse:/home/jone/ws_moveit/install/moveit_ros_robot_interaction:/home/jone/ws_moveit/install/moveit_ros_perception:/home/jone/ws_moveit/install/moveit_resources_prbt_pg70_support:/home/jone/ws_moveit/install/moveit_resources_prbt_moveit_config:/home/jone/ws_moveit/install/moveit_ros_move_group:/home/jone/ws_moveit/install/moveit_planners_ompl:/home/jone/ws_moveit/install/moveit_ros_planning:/home/jone/ws_moveit/install/moveit_ros_occupancy_map_monitor:/home/jone/ws_moveit/install/moveit_resources_prbt_ikfast_manipulator_plugin:/home/jone/ws_moveit/install/moveit_planners_chomp:/home/jone/ws_moveit/install/moveit_kinematics:/home/jone/ws_moveit/install/moveit_chomp_optimizer_adapter:/home/jone/ws_moveit/install/chomp_motion_planner:/home/jone/ws_moveit/install/rviz_marker_tools:/home/jone/ws_moveit/install/rosparam_shortcuts:/home/jone/ws_moveit/install/moveit_task_constructor_msgs:/home/jone/ws_moveit/install/moveit_resources_prbt_support:/home/jone/ws_moveit/install/moveit_resources:/home/jone/ws_moveit/install/moveit_resources_fanuc_moveit_config:/home/jone/ws_moveit/install/moveit_resources_fanuc_description:/home/jone/ws_moveit/install/moveit_configs_utils:/home/jone/ws_moveit/install/launch_param_builder:/opt/ros/humble LD_LIBRARY_PATH=/home/jone/ws_moveit/install/moveit_core/lib:/home/jone/ws_moveit/install/srdfdom/lib:/home/jone/ws_moveit/install/pilz_industrial_motion_planner_testutils/lib:/home/jone/ws_moveit/install/pilz_industrial_motion_planner/lib:/home/jone/ws_moveit/install/moveit_visual_tools/lib:/home/jone/ws_moveit/install/moveit_task_constructor_visualization/lib:/home/jone/ws_moveit/install/moveit_task_constructor_demo/lib:/home/jone/ws_moveit/install/moveit_task_constructor_capabilities/lib:/home/jone/ws_moveit/install/moveit_task_constructor_core/lib:/home/jone/ws_moveit/install/moveit_ros_control_interface/lib:/home/jone/ws_moveit/install/moveit_simple_controller_manager/lib:/home/jone/ws_moveit/install/moveit_setup_assistant/lib:/home/jone/ws_moveit/install/moveit_setup_srdf_plugins/lib:/home/jone/ws_moveit/install/moveit_setup_core_plugins/lib:/home/jone/ws_moveit/install/moveit_setup_controllers/lib:/home/jone/ws_moveit/install/moveit_setup_app_plugins/lib:/home/jone/ws_moveit/install/moveit_setup_framework/lib:/home/jone/ws_moveit/install/moveit_servo/lib:/home/jone/ws_moveit/install/moveit_ros_visualization/lib:/home/jone/ws_moveit/install/moveit_hybrid_planning/lib:/home/jone/ws_moveit/install/moveit_ros_planning_interface/lib:/home/jone/ws_moveit/install/moveit_ros_benchmarks/lib:/home/jone/ws_moveit/install/moveit_ros_warehouse/lib:/home/jone/ws_moveit/install/moveit_ros_robot_interaction/lib:/home/jone/ws_moveit/install/moveit_ros_perception/lib:/home/jone/ws_moveit/install/moveit_ros_move_group/lib:/home/jone/ws_moveit/install/moveit_planners_ompl/lib:/home/jone/ws_moveit/install/moveit_ros_planning/lib:/home/jone/ws_moveit/install/moveit_ros_occupancy_map_monitor/lib:/home/jone/ws_moveit/install/moveit_resources_prbt_ikfast_manipulator_plugin/lib:/home/jone/ws_moveit/install/moveit_planners_chomp/lib:/home/jone/ws_moveit/install/moveit_kinematics/lib:/home/jone/ws_moveit/install/moveit_chomp_optimizer_adapter/lib:/home/jone/ws_moveit/install/chomp_motion_planner/lib:/home/jone/ws_moveit/install/rviz_marker_tools/lib:/home/jone/ws_moveit/install/rosparam_shortcuts/lib:/home/jone/ws_moveit/install/moveit_task_constructor_msgs/lib:/opt/ros/humble/opt/rviz_ogre_vendor/lib:/opt/ros/humble/lib/x86_64-linux-gnu:/opt/ros/humble/lib:/usr/lib/x86_64-linux-gnu/gazebo-11/plugins:/usr/lib/x86_64-linux-gnu/gazebo-11/plugins:/usr/lib/x86_64-linux-gnu/gazebo-11/plugins /usr/bin/cmake --install /home/jone/ws_moveit/build/chomp_motion_planner
[9.097s] Level 1:colcon.colcon_core.environment:checking '/home/jone/ws_moveit/install/chomp_motion_planner' for CMake module files
[9.098s] Level 1:colcon.colcon_core.environment:checking '/home/jone/ws_moveit/install/chomp_motion_planner' for CMake config files
[9.099s] Level 1:colcon.colcon_core.shell:create_environment_hook('chomp_motion_planner', 'cmake_prefix_path')
[9.099s] INFO:colcon.colcon_core.shell:Creating environment hook '/home/jone/ws_moveit/install/chomp_motion_planner/share/chomp_motion_planner/hook/cmake_prefix_path.ps1'
[9.099s] INFO:colcon.colcon_core.shell:Creating environment descriptor '/home/jone/ws_moveit/install/chomp_motion_planner/share/chomp_motion_planner/hook/cmake_prefix_path.dsv'
[9.099s] INFO:colcon.colcon_core.shell:Creating environment hook '/home/jone/ws_moveit/install/chomp_motion_planner/share/chomp_motion_planner/hook/cmake_prefix_path.sh'
[9.100s] Level 1:colcon.colcon_core.environment:checking '/home/jone/ws_moveit/install/chomp_motion_planner/lib'
[9.100s] Level 1:colcon.colcon_core.shell:create_environment_hook('chomp_motion_planner', 'ld_library_path_lib')
[9.100s] INFO:colcon.colcon_core.shell:Creating environment hook '/home/jone/ws_moveit/install/chomp_motion_planner/share/chomp_motion_planner/hook/ld_library_path_lib.ps1'
[9.100s] INFO:colcon.colcon_core.shell:Creating environment descriptor '/home/jone/ws_moveit/install/chomp_motion_planner/share/chomp_motion_planner/hook/ld_library_path_lib.dsv'
[9.100s] INFO:colcon.colcon_core.shell:Creating environment hook '/home/jone/ws_moveit/install/chomp_motion_planner/share/chomp_motion_planner/hook/ld_library_path_lib.sh'
[9.101s] Level 1:colcon.colcon_core.environment:checking '/home/jone/ws_moveit/install/chomp_motion_planner/bin'
[9.101s] Level 1:colcon.colcon_core.environment:checking '/home/jone/ws_moveit/install/chomp_motion_planner/lib/pkgconfig/chomp_motion_planner.pc'
[9.101s] Level 1:colcon.colcon_core.environment:checking '/home/jone/ws_moveit/install/chomp_motion_planner/lib/python3.10/site-packages'
[9.101s] Level 1:colcon.colcon_core.environment:checking '/home/jone/ws_moveit/install/chomp_motion_planner/bin'
[9.101s] INFO:colcon.colcon_core.shell:Creating package script '/home/jone/ws_moveit/install/chomp_motion_planner/share/chomp_motion_planner/package.ps1'
[9.102s] INFO:colcon.colcon_core.shell:Creating package descriptor '/home/jone/ws_moveit/install/chomp_motion_planner/share/chomp_motion_planner/package.dsv'
[9.102s] INFO:colcon.colcon_core.shell:Creating package script '/home/jone/ws_moveit/install/chomp_motion_planner/share/chomp_motion_planner/package.sh'
[9.102s] INFO:colcon.colcon_core.shell:Creating package script '/home/jone/ws_moveit/install/chomp_motion_planner/share/chomp_motion_planner/package.bash'
[9.102s] INFO:colcon.colcon_core.shell:Creating package script '/home/jone/ws_moveit/install/chomp_motion_planner/share/chomp_motion_planner/package.zsh'
[9.103s] Level 1:colcon.colcon_core.environment:create_file_with_runtime_dependencies(/home/jone/ws_moveit/install/chomp_motion_planner/share/colcon-core/packages/chomp_motion_planner)
[9.103s] Level 1:colcon.colcon_core.environment:create_environment_scripts_only(chomp_motion_planner)
[9.103s] Level 1:colcon.colcon_core.environment:checking '/home/jone/ws_moveit/install/chomp_motion_planner' for CMake module files
[9.103s] Level 1:colcon.colcon_core.environment:checking '/home/jone/ws_moveit/install/chomp_motion_planner' for CMake config files
[9.104s] Level 1:colcon.colcon_core.shell:create_environment_hook('chomp_motion_planner', 'cmake_prefix_path')
[9.104s] INFO:colcon.colcon_core.shell:Creating environment hook '/home/jone/ws_moveit/install/chomp_motion_planner/share/chomp_motion_planner/hook/cmake_prefix_path.ps1'
[9.104s] INFO:colcon.colcon_core.shell:Creating environment descriptor '/home/jone/ws_moveit/install/chomp_motion_planner/share/chomp_motion_planner/hook/cmake_prefix_path.dsv'
[9.104s] INFO:colcon.colcon_core.shell:Creating environment hook '/home/jone/ws_moveit/install/chomp_motion_planner/share/chomp_motion_planner/hook/cmake_prefix_path.sh'
[9.105s] Level 1:colcon.colcon_core.environment:checking '/home/jone/ws_moveit/install/chomp_motion_planner/lib'
[9.105s] Level 1:colcon.colcon_core.shell:create_environment_hook('chomp_motion_planner', 'ld_library_path_lib')
[9.105s] INFO:colcon.colcon_core.shell:Creating environment hook '/home/jone/ws_moveit/install/chomp_motion_planner/share/chomp_motion_planner/hook/ld_library_path_lib.ps1'
[9.105s] INFO:colcon.colcon_core.shell:Creating environment descriptor '/home/jone/ws_moveit/install/chomp_motion_planner/share/chomp_motion_planner/hook/ld_library_path_lib.dsv'
[9.105s] INFO:colcon.colcon_core.shell:Creating environment hook '/home/jone/ws_moveit/install/chomp_motion_planner/share/chomp_motion_planner/hook/ld_library_path_lib.sh'
[9.106s] Level 1:colcon.colcon_core.environment:checking '/home/jone/ws_moveit/install/chomp_motion_planner/bin'
[9.106s] Level 1:colcon.colcon_core.environment:checking '/home/jone/ws_moveit/install/chomp_motion_planner/lib/pkgconfig/chomp_motion_planner.pc'
[9.106s] Level 1:colcon.colcon_core.environment:checking '/home/jone/ws_moveit/install/chomp_motion_planner/lib/python3.10/site-packages'
[9.106s] Level 1:colcon.colcon_core.environment:checking '/home/jone/ws_moveit/install/chomp_motion_planner/bin'
[9.106s] INFO:colcon.colcon_core.shell:Creating package script '/home/jone/ws_moveit/install/chomp_motion_planner/share/chomp_motion_planner/package.ps1'
[9.107s] INFO:colcon.colcon_core.shell:Creating package descriptor '/home/jone/ws_moveit/install/chomp_motion_planner/share/chomp_motion_planner/package.dsv'
[9.107s] INFO:colcon.colcon_core.shell:Creating package script '/home/jone/ws_moveit/install/chomp_motion_planner/share/chomp_motion_planner/package.sh'
[9.107s] INFO:colcon.colcon_core.shell:Creating package script '/home/jone/ws_moveit/install/chomp_motion_planner/share/chomp_motion_planner/package.bash'
[9.108s] INFO:colcon.colcon_core.shell:Creating package script '/home/jone/ws_moveit/install/chomp_motion_planner/share/chomp_motion_planner/package.zsh'
[9.108s] Level 1:colcon.colcon_core.environment:create_file_with_runtime_dependencies(/home/jone/ws_moveit/install/chomp_motion_planner/share/colcon-core/packages/chomp_motion_planner)
[9.108s] DEBUG:colcon.colcon_core.executor.sequential:run_until_complete 'chomp_motion_planner' finished with '0'
[9.108s] DEBUG:colcon.colcon_core.executor.sequential:run_until_complete 'moveit_resources_prbt_ikfast_manipulator_plugin'
[9.108s] INFO:colcon.colcon_ros.task.ament_cmake.build:Building ROS package in '/home/jone/ws_moveit/src/moveit2/moveit_planners/test_configs/prbt_ikfast_manipulator_plugin' with build type 'ament_cmake'
[9.108s] INFO:colcon.colcon_cmake.task.cmake.build:Building CMake package in '/home/jone/ws_moveit/src/moveit2/moveit_planners/test_configs/prbt_ikfast_manipulator_plugin'
[9.108s] INFO:colcon.colcon_core.shell:Skip shell extension 'powershell' for command environment: Not usable outside of PowerShell
[9.108s] DEBUG:colcon.colcon_core.shell:Skip shell extension 'dsv' for command environment
[9.131s] DEBUG:colcon.colcon_core.event_handler.log_command:Invoking command in '/home/jone/ws_moveit/build/moveit_resources_prbt_ikfast_manipulator_plugin': CMAKE_PREFIX_PATH=/home/jone/ws_moveit/install/moveit_core:/home/jone/ws_moveit/install/moveit_resources_panda_moveit_config:/home/jone/ws_moveit/install/srdfdom:/home/jone/ws_moveit/install/moveit_resources_pr2_description:/home/jone/ws_moveit/install/moveit_resources_panda_description:/home/jone/ws_moveit/install/moveit_common:/home/jone/ws_moveit/install/pilz_industrial_motion_planner_testutils:/home/jone/ws_moveit/install/moveit_runtime:/home/jone/ws_moveit/install/moveit2_tutorials:/home/jone/ws_moveit/install/moveit:/home/jone/ws_moveit/install/moveit_planners:/home/jone/ws_moveit/install/pilz_industrial_motion_planner:/home/jone/ws_moveit/install/moveit_visual_tools:/home/jone/ws_moveit/install/moveit_task_constructor_visualization:/home/jone/ws_moveit/install/moveit_task_constructor_demo:/home/jone/ws_moveit/install/moveit_task_constructor_capabilities:/home/jone/ws_moveit/install/moveit_task_constructor_core:/home/jone/ws_moveit/install/moveit_ros_control_interface:/home/jone/ws_moveit/install/moveit_plugins:/home/jone/ws_moveit/install/moveit_simple_controller_manager:/home/jone/ws_moveit/install/moveit_setup_assistant:/home/jone/ws_moveit/install/moveit_setup_srdf_plugins:/home/jone/ws_moveit/install/moveit_setup_core_plugins:/home/jone/ws_moveit/install/moveit_setup_controllers:/home/jone/ws_moveit/install/moveit_setup_app_plugins:/home/jone/ws_moveit/install/moveit_setup_framework:/home/jone/ws_moveit/install/moveit_servo:/home/jone/ws_moveit/install/moveit_ros:/home/jone/ws_moveit/install/moveit_ros_visualization:/home/jone/ws_moveit/install/moveit_hybrid_planning:/home/jone/ws_moveit/install/moveit_ros_planning_interface:/home/jone/ws_moveit/install/moveit_ros_benchmarks:/home/jone/ws_moveit/install/moveit_ros_warehouse:/home/jone/ws_moveit/install/moveit_ros_robot_interaction:/home/jone/ws_moveit/install/moveit_ros_perception:/home/jone/ws_moveit/install/moveit_resources_prbt_pg70_support:/home/jone/ws_moveit/install/moveit_resources_prbt_moveit_config:/home/jone/ws_moveit/install/moveit_ros_move_group:/home/jone/ws_moveit/install/moveit_planners_ompl:/home/jone/ws_moveit/install/moveit_ros_planning:/home/jone/ws_moveit/install/moveit_ros_occupancy_map_monitor:/home/jone/ws_moveit/install/moveit_resources_prbt_ikfast_manipulator_plugin:/home/jone/ws_moveit/install/moveit_planners_chomp:/home/jone/ws_moveit/install/moveit_kinematics:/home/jone/ws_moveit/install/moveit_chomp_optimizer_adapter:/home/jone/ws_moveit/install/chomp_motion_planner:/home/jone/ws_moveit/install/rviz_marker_tools:/home/jone/ws_moveit/install/rosparam_shortcuts:/home/jone/ws_moveit/install/moveit_task_constructor_msgs:/home/jone/ws_moveit/install/moveit_resources_prbt_support:/home/jone/ws_moveit/install/moveit_resources:/home/jone/ws_moveit/install/moveit_resources_fanuc_moveit_config:/home/jone/ws_moveit/install/moveit_resources_fanuc_description:/home/jone/ws_moveit/install/moveit_configs_utils:/home/jone/ws_moveit/install/launch_param_builder:/opt/ros/humble LD_LIBRARY_PATH=/home/jone/ws_moveit/install/moveit_core/lib:/home/jone/ws_moveit/install/srdfdom/lib:/home/jone/ws_moveit/install/pilz_industrial_motion_planner_testutils/lib:/home/jone/ws_moveit/install/pilz_industrial_motion_planner/lib:/home/jone/ws_moveit/install/moveit_visual_tools/lib:/home/jone/ws_moveit/install/moveit_task_constructor_visualization/lib:/home/jone/ws_moveit/install/moveit_task_constructor_demo/lib:/home/jone/ws_moveit/install/moveit_task_constructor_capabilities/lib:/home/jone/ws_moveit/install/moveit_task_constructor_core/lib:/home/jone/ws_moveit/install/moveit_ros_control_interface/lib:/home/jone/ws_moveit/install/moveit_simple_controller_manager/lib:/home/jone/ws_moveit/install/moveit_setup_assistant/lib:/home/jone/ws_moveit/install/moveit_setup_srdf_plugins/lib:/home/jone/ws_moveit/install/moveit_setup_core_plugins/lib:/home/jone/ws_moveit/install/moveit_setup_controllers/lib:/home/jone/ws_moveit/install/moveit_setup_app_plugins/lib:/home/jone/ws_moveit/install/moveit_setup_framework/lib:/home/jone/ws_moveit/install/moveit_servo/lib:/home/jone/ws_moveit/install/moveit_ros_visualization/lib:/home/jone/ws_moveit/install/moveit_hybrid_planning/lib:/home/jone/ws_moveit/install/moveit_ros_planning_interface/lib:/home/jone/ws_moveit/install/moveit_ros_benchmarks/lib:/home/jone/ws_moveit/install/moveit_ros_warehouse/lib:/home/jone/ws_moveit/install/moveit_ros_robot_interaction/lib:/home/jone/ws_moveit/install/moveit_ros_perception/lib:/home/jone/ws_moveit/install/moveit_ros_move_group/lib:/home/jone/ws_moveit/install/moveit_planners_ompl/lib:/home/jone/ws_moveit/install/moveit_ros_planning/lib:/home/jone/ws_moveit/install/moveit_ros_occupancy_map_monitor/lib:/home/jone/ws_moveit/install/moveit_resources_prbt_ikfast_manipulator_plugin/lib:/home/jone/ws_moveit/install/moveit_planners_chomp/lib:/home/jone/ws_moveit/install/moveit_kinematics/lib:/home/jone/ws_moveit/install/moveit_chomp_optimizer_adapter/lib:/home/jone/ws_moveit/install/chomp_motion_planner/lib:/home/jone/ws_moveit/install/rviz_marker_tools/lib:/home/jone/ws_moveit/install/rosparam_shortcuts/lib:/home/jone/ws_moveit/install/moveit_task_constructor_msgs/lib:/opt/ros/humble/opt/rviz_ogre_vendor/lib:/opt/ros/humble/lib/x86_64-linux-gnu:/opt/ros/humble/lib:/usr/lib/x86_64-linux-gnu/gazebo-11/plugins:/usr/lib/x86_64-linux-gnu/gazebo-11/plugins:/usr/lib/x86_64-linux-gnu/gazebo-11/plugins /usr/bin/cmake --build /home/jone/ws_moveit/build/moveit_resources_prbt_ikfast_manipulator_plugin
[9.226s] DEBUG:colcon.colcon_core.event_handler.log_command:Invoked command in '/home/jone/ws_moveit/build/moveit_resources_prbt_ikfast_manipulator_plugin' returned '0': CMAKE_PREFIX_PATH=/home/jone/ws_moveit/install/moveit_core:/home/jone/ws_moveit/install/moveit_resources_panda_moveit_config:/home/jone/ws_moveit/install/srdfdom:/home/jone/ws_moveit/install/moveit_resources_pr2_description:/home/jone/ws_moveit/install/moveit_resources_panda_description:/home/jone/ws_moveit/install/moveit_common:/home/jone/ws_moveit/install/pilz_industrial_motion_planner_testutils:/home/jone/ws_moveit/install/moveit_runtime:/home/jone/ws_moveit/install/moveit2_tutorials:/home/jone/ws_moveit/install/moveit:/home/jone/ws_moveit/install/moveit_planners:/home/jone/ws_moveit/install/pilz_industrial_motion_planner:/home/jone/ws_moveit/install/moveit_visual_tools:/home/jone/ws_moveit/install/moveit_task_constructor_visualization:/home/jone/ws_moveit/install/moveit_task_constructor_demo:/home/jone/ws_moveit/install/moveit_task_constructor_capabilities:/home/jone/ws_moveit/install/moveit_task_constructor_core:/home/jone/ws_moveit/install/moveit_ros_control_interface:/home/jone/ws_moveit/install/moveit_plugins:/home/jone/ws_moveit/install/moveit_simple_controller_manager:/home/jone/ws_moveit/install/moveit_setup_assistant:/home/jone/ws_moveit/install/moveit_setup_srdf_plugins:/home/jone/ws_moveit/install/moveit_setup_core_plugins:/home/jone/ws_moveit/install/moveit_setup_controllers:/home/jone/ws_moveit/install/moveit_setup_app_plugins:/home/jone/ws_moveit/install/moveit_setup_framework:/home/jone/ws_moveit/install/moveit_servo:/home/jone/ws_moveit/install/moveit_ros:/home/jone/ws_moveit/install/moveit_ros_visualization:/home/jone/ws_moveit/install/moveit_hybrid_planning:/home/jone/ws_moveit/install/moveit_ros_planning_interface:/home/jone/ws_moveit/install/moveit_ros_benchmarks:/home/jone/ws_moveit/install/moveit_ros_warehouse:/home/jone/ws_moveit/install/moveit_ros_robot_interaction:/home/jone/ws_moveit/install/moveit_ros_perception:/home/jone/ws_moveit/install/moveit_resources_prbt_pg70_support:/home/jone/ws_moveit/install/moveit_resources_prbt_moveit_config:/home/jone/ws_moveit/install/moveit_ros_move_group:/home/jone/ws_moveit/install/moveit_planners_ompl:/home/jone/ws_moveit/install/moveit_ros_planning:/home/jone/ws_moveit/install/moveit_ros_occupancy_map_monitor:/home/jone/ws_moveit/install/moveit_resources_prbt_ikfast_manipulator_plugin:/home/jone/ws_moveit/install/moveit_planners_chomp:/home/jone/ws_moveit/install/moveit_kinematics:/home/jone/ws_moveit/install/moveit_chomp_optimizer_adapter:/home/jone/ws_moveit/install/chomp_motion_planner:/home/jone/ws_moveit/install/rviz_marker_tools:/home/jone/ws_moveit/install/rosparam_shortcuts:/home/jone/ws_moveit/install/moveit_task_constructor_msgs:/home/jone/ws_moveit/install/moveit_resources_prbt_support:/home/jone/ws_moveit/install/moveit_resources:/home/jone/ws_moveit/install/moveit_resources_fanuc_moveit_config:/home/jone/ws_moveit/install/moveit_resources_fanuc_description:/home/jone/ws_moveit/install/moveit_configs_utils:/home/jone/ws_moveit/install/launch_param_builder:/opt/ros/humble LD_LIBRARY_PATH=/home/jone/ws_moveit/install/moveit_core/lib:/home/jone/ws_moveit/install/srdfdom/lib:/home/jone/ws_moveit/install/pilz_industrial_motion_planner_testutils/lib:/home/jone/ws_moveit/install/pilz_industrial_motion_planner/lib:/home/jone/ws_moveit/install/moveit_visual_tools/lib:/home/jone/ws_moveit/install/moveit_task_constructor_visualization/lib:/home/jone/ws_moveit/install/moveit_task_constructor_demo/lib:/home/jone/ws_moveit/install/moveit_task_constructor_capabilities/lib:/home/jone/ws_moveit/install/moveit_task_constructor_core/lib:/home/jone/ws_moveit/install/moveit_ros_control_interface/lib:/home/jone/ws_moveit/install/moveit_simple_controller_manager/lib:/home/jone/ws_moveit/install/moveit_setup_assistant/lib:/home/jone/ws_moveit/install/moveit_setup_srdf_plugins/lib:/home/jone/ws_moveit/install/moveit_setup_core_plugins/lib:/home/jone/ws_moveit/install/moveit_setup_controllers/lib:/home/jone/ws_moveit/install/moveit_setup_app_plugins/lib:/home/jone/ws_moveit/install/moveit_setup_framework/lib:/home/jone/ws_moveit/install/moveit_servo/lib:/home/jone/ws_moveit/install/moveit_ros_visualization/lib:/home/jone/ws_moveit/install/moveit_hybrid_planning/lib:/home/jone/ws_moveit/install/moveit_ros_planning_interface/lib:/home/jone/ws_moveit/install/moveit_ros_benchmarks/lib:/home/jone/ws_moveit/install/moveit_ros_warehouse/lib:/home/jone/ws_moveit/install/moveit_ros_robot_interaction/lib:/home/jone/ws_moveit/install/moveit_ros_perception/lib:/home/jone/ws_moveit/install/moveit_ros_move_group/lib:/home/jone/ws_moveit/install/moveit_planners_ompl/lib:/home/jone/ws_moveit/install/moveit_ros_planning/lib:/home/jone/ws_moveit/install/moveit_ros_occupancy_map_monitor/lib:/home/jone/ws_moveit/install/moveit_resources_prbt_ikfast_manipulator_plugin/lib:/home/jone/ws_moveit/install/moveit_planners_chomp/lib:/home/jone/ws_moveit/install/moveit_kinematics/lib:/home/jone/ws_moveit/install/moveit_chomp_optimizer_adapter/lib:/home/jone/ws_moveit/install/chomp_motion_planner/lib:/home/jone/ws_moveit/install/rviz_marker_tools/lib:/home/jone/ws_moveit/install/rosparam_shortcuts/lib:/home/jone/ws_moveit/install/moveit_task_constructor_msgs/lib:/opt/ros/humble/opt/rviz_ogre_vendor/lib:/opt/ros/humble/lib/x86_64-linux-gnu:/opt/ros/humble/lib:/usr/lib/x86_64-linux-gnu/gazebo-11/plugins:/usr/lib/x86_64-linux-gnu/gazebo-11/plugins:/usr/lib/x86_64-linux-gnu/gazebo-11/plugins /usr/bin/cmake --build /home/jone/ws_moveit/build/moveit_resources_prbt_ikfast_manipulator_plugin
[9.241s] DEBUG:colcon.colcon_core.event_handler.log_command:Invoking command in '/home/jone/ws_moveit/build/moveit_resources_prbt_ikfast_manipulator_plugin': CMAKE_PREFIX_PATH=/home/jone/ws_moveit/install/moveit_core:/home/jone/ws_moveit/install/moveit_resources_panda_moveit_config:/home/jone/ws_moveit/install/srdfdom:/home/jone/ws_moveit/install/moveit_resources_pr2_description:/home/jone/ws_moveit/install/moveit_resources_panda_description:/home/jone/ws_moveit/install/moveit_common:/home/jone/ws_moveit/install/pilz_industrial_motion_planner_testutils:/home/jone/ws_moveit/install/moveit_runtime:/home/jone/ws_moveit/install/moveit2_tutorials:/home/jone/ws_moveit/install/moveit:/home/jone/ws_moveit/install/moveit_planners:/home/jone/ws_moveit/install/pilz_industrial_motion_planner:/home/jone/ws_moveit/install/moveit_visual_tools:/home/jone/ws_moveit/install/moveit_task_constructor_visualization:/home/jone/ws_moveit/install/moveit_task_constructor_demo:/home/jone/ws_moveit/install/moveit_task_constructor_capabilities:/home/jone/ws_moveit/install/moveit_task_constructor_core:/home/jone/ws_moveit/install/moveit_ros_control_interface:/home/jone/ws_moveit/install/moveit_plugins:/home/jone/ws_moveit/install/moveit_simple_controller_manager:/home/jone/ws_moveit/install/moveit_setup_assistant:/home/jone/ws_moveit/install/moveit_setup_srdf_plugins:/home/jone/ws_moveit/install/moveit_setup_core_plugins:/home/jone/ws_moveit/install/moveit_setup_controllers:/home/jone/ws_moveit/install/moveit_setup_app_plugins:/home/jone/ws_moveit/install/moveit_setup_framework:/home/jone/ws_moveit/install/moveit_servo:/home/jone/ws_moveit/install/moveit_ros:/home/jone/ws_moveit/install/moveit_ros_visualization:/home/jone/ws_moveit/install/moveit_hybrid_planning:/home/jone/ws_moveit/install/moveit_ros_planning_interface:/home/jone/ws_moveit/install/moveit_ros_benchmarks:/home/jone/ws_moveit/install/moveit_ros_warehouse:/home/jone/ws_moveit/install/moveit_ros_robot_interaction:/home/jone/ws_moveit/install/moveit_ros_perception:/home/jone/ws_moveit/install/moveit_resources_prbt_pg70_support:/home/jone/ws_moveit/install/moveit_resources_prbt_moveit_config:/home/jone/ws_moveit/install/moveit_ros_move_group:/home/jone/ws_moveit/install/moveit_planners_ompl:/home/jone/ws_moveit/install/moveit_ros_planning:/home/jone/ws_moveit/install/moveit_ros_occupancy_map_monitor:/home/jone/ws_moveit/install/moveit_resources_prbt_ikfast_manipulator_plugin:/home/jone/ws_moveit/install/moveit_planners_chomp:/home/jone/ws_moveit/install/moveit_kinematics:/home/jone/ws_moveit/install/moveit_chomp_optimizer_adapter:/home/jone/ws_moveit/install/chomp_motion_planner:/home/jone/ws_moveit/install/rviz_marker_tools:/home/jone/ws_moveit/install/rosparam_shortcuts:/home/jone/ws_moveit/install/moveit_task_constructor_msgs:/home/jone/ws_moveit/install/moveit_resources_prbt_support:/home/jone/ws_moveit/install/moveit_resources:/home/jone/ws_moveit/install/moveit_resources_fanuc_moveit_config:/home/jone/ws_moveit/install/moveit_resources_fanuc_description:/home/jone/ws_moveit/install/moveit_configs_utils:/home/jone/ws_moveit/install/launch_param_builder:/opt/ros/humble LD_LIBRARY_PATH=/home/jone/ws_moveit/install/moveit_core/lib:/home/jone/ws_moveit/install/srdfdom/lib:/home/jone/ws_moveit/install/pilz_industrial_motion_planner_testutils/lib:/home/jone/ws_moveit/install/pilz_industrial_motion_planner/lib:/home/jone/ws_moveit/install/moveit_visual_tools/lib:/home/jone/ws_moveit/install/moveit_task_constructor_visualization/lib:/home/jone/ws_moveit/install/moveit_task_constructor_demo/lib:/home/jone/ws_moveit/install/moveit_task_constructor_capabilities/lib:/home/jone/ws_moveit/install/moveit_task_constructor_core/lib:/home/jone/ws_moveit/install/moveit_ros_control_interface/lib:/home/jone/ws_moveit/install/moveit_simple_controller_manager/lib:/home/jone/ws_moveit/install/moveit_setup_assistant/lib:/home/jone/ws_moveit/install/moveit_setup_srdf_plugins/lib:/home/jone/ws_moveit/install/moveit_setup_core_plugins/lib:/home/jone/ws_moveit/install/moveit_setup_controllers/lib:/home/jone/ws_moveit/install/moveit_setup_app_plugins/lib:/home/jone/ws_moveit/install/moveit_setup_framework/lib:/home/jone/ws_moveit/install/moveit_servo/lib:/home/jone/ws_moveit/install/moveit_ros_visualization/lib:/home/jone/ws_moveit/install/moveit_hybrid_planning/lib:/home/jone/ws_moveit/install/moveit_ros_planning_interface/lib:/home/jone/ws_moveit/install/moveit_ros_benchmarks/lib:/home/jone/ws_moveit/install/moveit_ros_warehouse/lib:/home/jone/ws_moveit/install/moveit_ros_robot_interaction/lib:/home/jone/ws_moveit/install/moveit_ros_perception/lib:/home/jone/ws_moveit/install/moveit_ros_move_group/lib:/home/jone/ws_moveit/install/moveit_planners_ompl/lib:/home/jone/ws_moveit/install/moveit_ros_planning/lib:/home/jone/ws_moveit/install/moveit_ros_occupancy_map_monitor/lib:/home/jone/ws_moveit/install/moveit_resources_prbt_ikfast_manipulator_plugin/lib:/home/jone/ws_moveit/install/moveit_planners_chomp/lib:/home/jone/ws_moveit/install/moveit_kinematics/lib:/home/jone/ws_moveit/install/moveit_chomp_optimizer_adapter/lib:/home/jone/ws_moveit/install/chomp_motion_planner/lib:/home/jone/ws_moveit/install/rviz_marker_tools/lib:/home/jone/ws_moveit/install/rosparam_shortcuts/lib:/home/jone/ws_moveit/install/moveit_task_constructor_msgs/lib:/opt/ros/humble/opt/rviz_ogre_vendor/lib:/opt/ros/humble/lib/x86_64-linux-gnu:/opt/ros/humble/lib:/usr/lib/x86_64-linux-gnu/gazebo-11/plugins:/usr/lib/x86_64-linux-gnu/gazebo-11/plugins:/usr/lib/x86_64-linux-gnu/gazebo-11/plugins /usr/bin/cmake --install /home/jone/ws_moveit/build/moveit_resources_prbt_ikfast_manipulator_plugin
[9.257s] Level 1:colcon.colcon_core.environment:create_environment_scripts_only(moveit_resources_prbt_ikfast_manipulator_plugin)
[9.257s] Level 1:colcon.colcon_core.environment:checking '/home/jone/ws_moveit/install/moveit_resources_prbt_ikfast_manipulator_plugin' for CMake module files
[9.257s] DEBUG:colcon.colcon_core.event_handler.log_command:Invoked command in '/home/jone/ws_moveit/build/moveit_resources_prbt_ikfast_manipulator_plugin' returned '0': CMAKE_PREFIX_PATH=/home/jone/ws_moveit/install/moveit_core:/home/jone/ws_moveit/install/moveit_resources_panda_moveit_config:/home/jone/ws_moveit/install/srdfdom:/home/jone/ws_moveit/install/moveit_resources_pr2_description:/home/jone/ws_moveit/install/moveit_resources_panda_description:/home/jone/ws_moveit/install/moveit_common:/home/jone/ws_moveit/install/pilz_industrial_motion_planner_testutils:/home/jone/ws_moveit/install/moveit_runtime:/home/jone/ws_moveit/install/moveit2_tutorials:/home/jone/ws_moveit/install/moveit:/home/jone/ws_moveit/install/moveit_planners:/home/jone/ws_moveit/install/pilz_industrial_motion_planner:/home/jone/ws_moveit/install/moveit_visual_tools:/home/jone/ws_moveit/install/moveit_task_constructor_visualization:/home/jone/ws_moveit/install/moveit_task_constructor_demo:/home/jone/ws_moveit/install/moveit_task_constructor_capabilities:/home/jone/ws_moveit/install/moveit_task_constructor_core:/home/jone/ws_moveit/install/moveit_ros_control_interface:/home/jone/ws_moveit/install/moveit_plugins:/home/jone/ws_moveit/install/moveit_simple_controller_manager:/home/jone/ws_moveit/install/moveit_setup_assistant:/home/jone/ws_moveit/install/moveit_setup_srdf_plugins:/home/jone/ws_moveit/install/moveit_setup_core_plugins:/home/jone/ws_moveit/install/moveit_setup_controllers:/home/jone/ws_moveit/install/moveit_setup_app_plugins:/home/jone/ws_moveit/install/moveit_setup_framework:/home/jone/ws_moveit/install/moveit_servo:/home/jone/ws_moveit/install/moveit_ros:/home/jone/ws_moveit/install/moveit_ros_visualization:/home/jone/ws_moveit/install/moveit_hybrid_planning:/home/jone/ws_moveit/install/moveit_ros_planning_interface:/home/jone/ws_moveit/install/moveit_ros_benchmarks:/home/jone/ws_moveit/install/moveit_ros_warehouse:/home/jone/ws_moveit/install/moveit_ros_robot_interaction:/home/jone/ws_moveit/install/moveit_ros_perception:/home/jone/ws_moveit/install/moveit_resources_prbt_pg70_support:/home/jone/ws_moveit/install/moveit_resources_prbt_moveit_config:/home/jone/ws_moveit/install/moveit_ros_move_group:/home/jone/ws_moveit/install/moveit_planners_ompl:/home/jone/ws_moveit/install/moveit_ros_planning:/home/jone/ws_moveit/install/moveit_ros_occupancy_map_monitor:/home/jone/ws_moveit/install/moveit_resources_prbt_ikfast_manipulator_plugin:/home/jone/ws_moveit/install/moveit_planners_chomp:/home/jone/ws_moveit/install/moveit_kinematics:/home/jone/ws_moveit/install/moveit_chomp_optimizer_adapter:/home/jone/ws_moveit/install/chomp_motion_planner:/home/jone/ws_moveit/install/rviz_marker_tools:/home/jone/ws_moveit/install/rosparam_shortcuts:/home/jone/ws_moveit/install/moveit_task_constructor_msgs:/home/jone/ws_moveit/install/moveit_resources_prbt_support:/home/jone/ws_moveit/install/moveit_resources:/home/jone/ws_moveit/install/moveit_resources_fanuc_moveit_config:/home/jone/ws_moveit/install/moveit_resources_fanuc_description:/home/jone/ws_moveit/install/moveit_configs_utils:/home/jone/ws_moveit/install/launch_param_builder:/opt/ros/humble LD_LIBRARY_PATH=/home/jone/ws_moveit/install/moveit_core/lib:/home/jone/ws_moveit/install/srdfdom/lib:/home/jone/ws_moveit/install/pilz_industrial_motion_planner_testutils/lib:/home/jone/ws_moveit/install/pilz_industrial_motion_planner/lib:/home/jone/ws_moveit/install/moveit_visual_tools/lib:/home/jone/ws_moveit/install/moveit_task_constructor_visualization/lib:/home/jone/ws_moveit/install/moveit_task_constructor_demo/lib:/home/jone/ws_moveit/install/moveit_task_constructor_capabilities/lib:/home/jone/ws_moveit/install/moveit_task_constructor_core/lib:/home/jone/ws_moveit/install/moveit_ros_control_interface/lib:/home/jone/ws_moveit/install/moveit_simple_controller_manager/lib:/home/jone/ws_moveit/install/moveit_setup_assistant/lib:/home/jone/ws_moveit/install/moveit_setup_srdf_plugins/lib:/home/jone/ws_moveit/install/moveit_setup_core_plugins/lib:/home/jone/ws_moveit/install/moveit_setup_controllers/lib:/home/jone/ws_moveit/install/moveit_setup_app_plugins/lib:/home/jone/ws_moveit/install/moveit_setup_framework/lib:/home/jone/ws_moveit/install/moveit_servo/lib:/home/jone/ws_moveit/install/moveit_ros_visualization/lib:/home/jone/ws_moveit/install/moveit_hybrid_planning/lib:/home/jone/ws_moveit/install/moveit_ros_planning_interface/lib:/home/jone/ws_moveit/install/moveit_ros_benchmarks/lib:/home/jone/ws_moveit/install/moveit_ros_warehouse/lib:/home/jone/ws_moveit/install/moveit_ros_robot_interaction/lib:/home/jone/ws_moveit/install/moveit_ros_perception/lib:/home/jone/ws_moveit/install/moveit_ros_move_group/lib:/home/jone/ws_moveit/install/moveit_planners_ompl/lib:/home/jone/ws_moveit/install/moveit_ros_planning/lib:/home/jone/ws_moveit/install/moveit_ros_occupancy_map_monitor/lib:/home/jone/ws_moveit/install/moveit_resources_prbt_ikfast_manipulator_plugin/lib:/home/jone/ws_moveit/install/moveit_planners_chomp/lib:/home/jone/ws_moveit/install/moveit_kinematics/lib:/home/jone/ws_moveit/install/moveit_chomp_optimizer_adapter/lib:/home/jone/ws_moveit/install/chomp_motion_planner/lib:/home/jone/ws_moveit/install/rviz_marker_tools/lib:/home/jone/ws_moveit/install/rosparam_shortcuts/lib:/home/jone/ws_moveit/install/moveit_task_constructor_msgs/lib:/opt/ros/humble/opt/rviz_ogre_vendor/lib:/opt/ros/humble/lib/x86_64-linux-gnu:/opt/ros/humble/lib:/usr/lib/x86_64-linux-gnu/gazebo-11/plugins:/usr/lib/x86_64-linux-gnu/gazebo-11/plugins:/usr/lib/x86_64-linux-gnu/gazebo-11/plugins /usr/bin/cmake --install /home/jone/ws_moveit/build/moveit_resources_prbt_ikfast_manipulator_plugin
[9.258s] Level 1:colcon.colcon_core.environment:checking '/home/jone/ws_moveit/install/moveit_resources_prbt_ikfast_manipulator_plugin' for CMake config files
[9.258s] Level 1:colcon.colcon_core.shell:create_environment_hook('moveit_resources_prbt_ikfast_manipulator_plugin', 'cmake_prefix_path')
[9.258s] INFO:colcon.colcon_core.shell:Creating environment hook '/home/jone/ws_moveit/install/moveit_resources_prbt_ikfast_manipulator_plugin/share/moveit_resources_prbt_ikfast_manipulator_plugin/hook/cmake_prefix_path.ps1'
[9.259s] INFO:colcon.colcon_core.shell:Creating environment descriptor '/home/jone/ws_moveit/install/moveit_resources_prbt_ikfast_manipulator_plugin/share/moveit_resources_prbt_ikfast_manipulator_plugin/hook/cmake_prefix_path.dsv'
[9.259s] INFO:colcon.colcon_core.shell:Creating environment hook '/home/jone/ws_moveit/install/moveit_resources_prbt_ikfast_manipulator_plugin/share/moveit_resources_prbt_ikfast_manipulator_plugin/hook/cmake_prefix_path.sh'
[9.259s] Level 1:colcon.colcon_core.environment:checking '/home/jone/ws_moveit/install/moveit_resources_prbt_ikfast_manipulator_plugin/lib'
[9.259s] Level 1:colcon.colcon_core.shell:create_environment_hook('moveit_resources_prbt_ikfast_manipulator_plugin', 'ld_library_path_lib')
[9.260s] INFO:colcon.colcon_core.shell:Creating environment hook '/home/jone/ws_moveit/install/moveit_resources_prbt_ikfast_manipulator_plugin/share/moveit_resources_prbt_ikfast_manipulator_plugin/hook/ld_library_path_lib.ps1'
[9.260s] INFO:colcon.colcon_core.shell:Creating environment descriptor '/home/jone/ws_moveit/install/moveit_resources_prbt_ikfast_manipulator_plugin/share/moveit_resources_prbt_ikfast_manipulator_plugin/hook/ld_library_path_lib.dsv'
[9.260s] INFO:colcon.colcon_core.shell:Creating environment hook '/home/jone/ws_moveit/install/moveit_resources_prbt_ikfast_manipulator_plugin/share/moveit_resources_prbt_ikfast_manipulator_plugin/hook/ld_library_path_lib.sh'
[9.260s] Level 1:colcon.colcon_core.environment:checking '/home/jone/ws_moveit/install/moveit_resources_prbt_ikfast_manipulator_plugin/bin'
[9.260s] Level 1:colcon.colcon_core.environment:checking '/home/jone/ws_moveit/install/moveit_resources_prbt_ikfast_manipulator_plugin/lib/pkgconfig/moveit_resources_prbt_ikfast_manipulator_plugin.pc'
[9.260s] Level 1:colcon.colcon_core.environment:checking '/home/jone/ws_moveit/install/moveit_resources_prbt_ikfast_manipulator_plugin/lib/python3.10/site-packages'
[9.261s] Level 1:colcon.colcon_core.environment:checking '/home/jone/ws_moveit/install/moveit_resources_prbt_ikfast_manipulator_plugin/bin'
[9.261s] INFO:colcon.colcon_core.shell:Creating package script '/home/jone/ws_moveit/install/moveit_resources_prbt_ikfast_manipulator_plugin/share/moveit_resources_prbt_ikfast_manipulator_plugin/package.ps1'
[9.261s] INFO:colcon.colcon_core.shell:Creating package descriptor '/home/jone/ws_moveit/install/moveit_resources_prbt_ikfast_manipulator_plugin/share/moveit_resources_prbt_ikfast_manipulator_plugin/package.dsv'
[9.262s] INFO:colcon.colcon_core.shell:Creating package script '/home/jone/ws_moveit/install/moveit_resources_prbt_ikfast_manipulator_plugin/share/moveit_resources_prbt_ikfast_manipulator_plugin/package.sh'
[9.262s] INFO:colcon.colcon_core.shell:Creating package script '/home/jone/ws_moveit/install/moveit_resources_prbt_ikfast_manipulator_plugin/share/moveit_resources_prbt_ikfast_manipulator_plugin/package.bash'
[9.262s] INFO:colcon.colcon_core.shell:Creating package script '/home/jone/ws_moveit/install/moveit_resources_prbt_ikfast_manipulator_plugin/share/moveit_resources_prbt_ikfast_manipulator_plugin/package.zsh'
[9.263s] Level 1:colcon.colcon_core.environment:create_file_with_runtime_dependencies(/home/jone/ws_moveit/install/moveit_resources_prbt_ikfast_manipulator_plugin/share/colcon-core/packages/moveit_resources_prbt_ikfast_manipulator_plugin)
[9.263s] Level 1:colcon.colcon_core.environment:create_environment_scripts_only(moveit_resources_prbt_ikfast_manipulator_plugin)
[9.263s] Level 1:colcon.colcon_core.environment:checking '/home/jone/ws_moveit/install/moveit_resources_prbt_ikfast_manipulator_plugin' for CMake module files
[9.263s] Level 1:colcon.colcon_core.environment:checking '/home/jone/ws_moveit/install/moveit_resources_prbt_ikfast_manipulator_plugin' for CMake config files
[9.264s] Level 1:colcon.colcon_core.shell:create_environment_hook('moveit_resources_prbt_ikfast_manipulator_plugin', 'cmake_prefix_path')
[9.264s] INFO:colcon.colcon_core.shell:Creating environment hook '/home/jone/ws_moveit/install/moveit_resources_prbt_ikfast_manipulator_plugin/share/moveit_resources_prbt_ikfast_manipulator_plugin/hook/cmake_prefix_path.ps1'
[9.264s] INFO:colcon.colcon_core.shell:Creating environment descriptor '/home/jone/ws_moveit/install/moveit_resources_prbt_ikfast_manipulator_plugin/share/moveit_resources_prbt_ikfast_manipulator_plugin/hook/cmake_prefix_path.dsv'
[9.264s] INFO:colcon.colcon_core.shell:Creating environment hook '/home/jone/ws_moveit/install/moveit_resources_prbt_ikfast_manipulator_plugin/share/moveit_resources_prbt_ikfast_manipulator_plugin/hook/cmake_prefix_path.sh'
[9.265s] Level 1:colcon.colcon_core.environment:checking '/home/jone/ws_moveit/install/moveit_resources_prbt_ikfast_manipulator_plugin/lib'
[9.265s] Level 1:colcon.colcon_core.shell:create_environment_hook('moveit_resources_prbt_ikfast_manipulator_plugin', 'ld_library_path_lib')
[9.265s] INFO:colcon.colcon_core.shell:Creating environment hook '/home/jone/ws_moveit/install/moveit_resources_prbt_ikfast_manipulator_plugin/share/moveit_resources_prbt_ikfast_manipulator_plugin/hook/ld_library_path_lib.ps1'
[9.265s] INFO:colcon.colcon_core.shell:Creating environment descriptor '/home/jone/ws_moveit/install/moveit_resources_prbt_ikfast_manipulator_plugin/share/moveit_resources_prbt_ikfast_manipulator_plugin/hook/ld_library_path_lib.dsv'
[9.265s] INFO:colcon.colcon_core.shell:Creating environment hook '/home/jone/ws_moveit/install/moveit_resources_prbt_ikfast_manipulator_plugin/share/moveit_resources_prbt_ikfast_manipulator_plugin/hook/ld_library_path_lib.sh'
[9.266s] Level 1:colcon.colcon_core.environment:checking '/home/jone/ws_moveit/install/moveit_resources_prbt_ikfast_manipulator_plugin/bin'
[9.266s] Level 1:colcon.colcon_core.environment:checking '/home/jone/ws_moveit/install/moveit_resources_prbt_ikfast_manipulator_plugin/lib/pkgconfig/moveit_resources_prbt_ikfast_manipulator_plugin.pc'
[9.266s] Level 1:colcon.colcon_core.environment:checking '/home/jone/ws_moveit/install/moveit_resources_prbt_ikfast_manipulator_plugin/lib/python3.10/site-packages'
[9.266s] Level 1:colcon.colcon_core.environment:checking '/home/jone/ws_moveit/install/moveit_resources_prbt_ikfast_manipulator_plugin/bin'
[9.266s] INFO:colcon.colcon_core.shell:Creating package script '/home/jone/ws_moveit/install/moveit_resources_prbt_ikfast_manipulator_plugin/share/moveit_resources_prbt_ikfast_manipulator_plugin/package.ps1'
[9.266s] INFO:colcon.colcon_core.shell:Creating package descriptor '/home/jone/ws_moveit/install/moveit_resources_prbt_ikfast_manipulator_plugin/share/moveit_resources_prbt_ikfast_manipulator_plugin/package.dsv'
[9.267s] INFO:colcon.colcon_core.shell:Creating package script '/home/jone/ws_moveit/install/moveit_resources_prbt_ikfast_manipulator_plugin/share/moveit_resources_prbt_ikfast_manipulator_plugin/package.sh'
[9.267s] INFO:colcon.colcon_core.shell:Creating package script '/home/jone/ws_moveit/install/moveit_resources_prbt_ikfast_manipulator_plugin/share/moveit_resources_prbt_ikfast_manipulator_plugin/package.bash'
[9.267s] INFO:colcon.colcon_core.shell:Creating package script '/home/jone/ws_moveit/install/moveit_resources_prbt_ikfast_manipulator_plugin/share/moveit_resources_prbt_ikfast_manipulator_plugin/package.zsh'
[9.268s] Level 1:colcon.colcon_core.environment:create_file_with_runtime_dependencies(/home/jone/ws_moveit/install/moveit_resources_prbt_ikfast_manipulator_plugin/share/colcon-core/packages/moveit_resources_prbt_ikfast_manipulator_plugin)
[9.268s] DEBUG:colcon.colcon_core.executor.sequential:run_until_complete 'moveit_resources_prbt_ikfast_manipulator_plugin' finished with '0'
[9.268s] DEBUG:colcon.colcon_core.executor.sequential:run_until_complete 'moveit_ros_occupancy_map_monitor'
[9.268s] INFO:colcon.colcon_ros.task.ament_cmake.build:Building ROS package in '/home/jone/ws_moveit/src/moveit2/moveit_ros/occupancy_map_monitor' with build type 'ament_cmake'
[9.268s] INFO:colcon.colcon_cmake.task.cmake.build:Building CMake package in '/home/jone/ws_moveit/src/moveit2/moveit_ros/occupancy_map_monitor'
[9.268s] INFO:colcon.colcon_core.shell:Skip shell extension 'powershell' for command environment: Not usable outside of PowerShell
[9.268s] DEBUG:colcon.colcon_core.shell:Skip shell extension 'dsv' for command environment
[9.291s] DEBUG:colcon.colcon_core.event_handler.log_command:Invoking command in '/home/jone/ws_moveit/build/moveit_ros_occupancy_map_monitor': CMAKE_PREFIX_PATH=/home/jone/ws_moveit/install/moveit_core:/home/jone/ws_moveit/install/moveit_resources_panda_moveit_config:/home/jone/ws_moveit/install/srdfdom:/home/jone/ws_moveit/install/moveit_resources_pr2_description:/home/jone/ws_moveit/install/moveit_resources_panda_description:/home/jone/ws_moveit/install/moveit_common:/home/jone/ws_moveit/install/pilz_industrial_motion_planner_testutils:/home/jone/ws_moveit/install/moveit_runtime:/home/jone/ws_moveit/install/moveit2_tutorials:/home/jone/ws_moveit/install/moveit:/home/jone/ws_moveit/install/moveit_planners:/home/jone/ws_moveit/install/pilz_industrial_motion_planner:/home/jone/ws_moveit/install/moveit_visual_tools:/home/jone/ws_moveit/install/moveit_task_constructor_visualization:/home/jone/ws_moveit/install/moveit_task_constructor_demo:/home/jone/ws_moveit/install/moveit_task_constructor_capabilities:/home/jone/ws_moveit/install/moveit_task_constructor_core:/home/jone/ws_moveit/install/moveit_ros_control_interface:/home/jone/ws_moveit/install/moveit_plugins:/home/jone/ws_moveit/install/moveit_simple_controller_manager:/home/jone/ws_moveit/install/moveit_setup_assistant:/home/jone/ws_moveit/install/moveit_setup_srdf_plugins:/home/jone/ws_moveit/install/moveit_setup_core_plugins:/home/jone/ws_moveit/install/moveit_setup_controllers:/home/jone/ws_moveit/install/moveit_setup_app_plugins:/home/jone/ws_moveit/install/moveit_setup_framework:/home/jone/ws_moveit/install/moveit_servo:/home/jone/ws_moveit/install/moveit_ros:/home/jone/ws_moveit/install/moveit_ros_visualization:/home/jone/ws_moveit/install/moveit_hybrid_planning:/home/jone/ws_moveit/install/moveit_ros_planning_interface:/home/jone/ws_moveit/install/moveit_ros_benchmarks:/home/jone/ws_moveit/install/moveit_ros_warehouse:/home/jone/ws_moveit/install/moveit_ros_robot_interaction:/home/jone/ws_moveit/install/moveit_ros_perception:/home/jone/ws_moveit/install/moveit_resources_prbt_pg70_support:/home/jone/ws_moveit/install/moveit_resources_prbt_moveit_config:/home/jone/ws_moveit/install/moveit_ros_move_group:/home/jone/ws_moveit/install/moveit_planners_ompl:/home/jone/ws_moveit/install/moveit_ros_planning:/home/jone/ws_moveit/install/moveit_ros_occupancy_map_monitor:/home/jone/ws_moveit/install/moveit_resources_prbt_ikfast_manipulator_plugin:/home/jone/ws_moveit/install/moveit_planners_chomp:/home/jone/ws_moveit/install/moveit_kinematics:/home/jone/ws_moveit/install/moveit_chomp_optimizer_adapter:/home/jone/ws_moveit/install/chomp_motion_planner:/home/jone/ws_moveit/install/rviz_marker_tools:/home/jone/ws_moveit/install/rosparam_shortcuts:/home/jone/ws_moveit/install/moveit_task_constructor_msgs:/home/jone/ws_moveit/install/moveit_resources_prbt_support:/home/jone/ws_moveit/install/moveit_resources:/home/jone/ws_moveit/install/moveit_resources_fanuc_moveit_config:/home/jone/ws_moveit/install/moveit_resources_fanuc_description:/home/jone/ws_moveit/install/moveit_configs_utils:/home/jone/ws_moveit/install/launch_param_builder:/opt/ros/humble LD_LIBRARY_PATH=/home/jone/ws_moveit/install/moveit_core/lib:/home/jone/ws_moveit/install/srdfdom/lib:/home/jone/ws_moveit/install/pilz_industrial_motion_planner_testutils/lib:/home/jone/ws_moveit/install/pilz_industrial_motion_planner/lib:/home/jone/ws_moveit/install/moveit_visual_tools/lib:/home/jone/ws_moveit/install/moveit_task_constructor_visualization/lib:/home/jone/ws_moveit/install/moveit_task_constructor_demo/lib:/home/jone/ws_moveit/install/moveit_task_constructor_capabilities/lib:/home/jone/ws_moveit/install/moveit_task_constructor_core/lib:/home/jone/ws_moveit/install/moveit_ros_control_interface/lib:/home/jone/ws_moveit/install/moveit_simple_controller_manager/lib:/home/jone/ws_moveit/install/moveit_setup_assistant/lib:/home/jone/ws_moveit/install/moveit_setup_srdf_plugins/lib:/home/jone/ws_moveit/install/moveit_setup_core_plugins/lib:/home/jone/ws_moveit/install/moveit_setup_controllers/lib:/home/jone/ws_moveit/install/moveit_setup_app_plugins/lib:/home/jone/ws_moveit/install/moveit_setup_framework/lib:/home/jone/ws_moveit/install/moveit_servo/lib:/home/jone/ws_moveit/install/moveit_ros_visualization/lib:/home/jone/ws_moveit/install/moveit_hybrid_planning/lib:/home/jone/ws_moveit/install/moveit_ros_planning_interface/lib:/home/jone/ws_moveit/install/moveit_ros_benchmarks/lib:/home/jone/ws_moveit/install/moveit_ros_warehouse/lib:/home/jone/ws_moveit/install/moveit_ros_robot_interaction/lib:/home/jone/ws_moveit/install/moveit_ros_perception/lib:/home/jone/ws_moveit/install/moveit_ros_move_group/lib:/home/jone/ws_moveit/install/moveit_planners_ompl/lib:/home/jone/ws_moveit/install/moveit_ros_planning/lib:/home/jone/ws_moveit/install/moveit_ros_occupancy_map_monitor/lib:/home/jone/ws_moveit/install/moveit_resources_prbt_ikfast_manipulator_plugin/lib:/home/jone/ws_moveit/install/moveit_planners_chomp/lib:/home/jone/ws_moveit/install/moveit_kinematics/lib:/home/jone/ws_moveit/install/moveit_chomp_optimizer_adapter/lib:/home/jone/ws_moveit/install/chomp_motion_planner/lib:/home/jone/ws_moveit/install/rviz_marker_tools/lib:/home/jone/ws_moveit/install/rosparam_shortcuts/lib:/home/jone/ws_moveit/install/moveit_task_constructor_msgs/lib:/opt/ros/humble/opt/rviz_ogre_vendor/lib:/opt/ros/humble/lib/x86_64-linux-gnu:/opt/ros/humble/lib:/usr/lib/x86_64-linux-gnu/gazebo-11/plugins:/usr/lib/x86_64-linux-gnu/gazebo-11/plugins:/usr/lib/x86_64-linux-gnu/gazebo-11/plugins /usr/bin/cmake --build /home/jone/ws_moveit/build/moveit_ros_occupancy_map_monitor
[9.551s] DEBUG:colcon.colcon_core.event_handler.log_command:Invoked command in '/home/jone/ws_moveit/build/moveit_ros_occupancy_map_monitor' returned '0': CMAKE_PREFIX_PATH=/home/jone/ws_moveit/install/moveit_core:/home/jone/ws_moveit/install/moveit_resources_panda_moveit_config:/home/jone/ws_moveit/install/srdfdom:/home/jone/ws_moveit/install/moveit_resources_pr2_description:/home/jone/ws_moveit/install/moveit_resources_panda_description:/home/jone/ws_moveit/install/moveit_common:/home/jone/ws_moveit/install/pilz_industrial_motion_planner_testutils:/home/jone/ws_moveit/install/moveit_runtime:/home/jone/ws_moveit/install/moveit2_tutorials:/home/jone/ws_moveit/install/moveit:/home/jone/ws_moveit/install/moveit_planners:/home/jone/ws_moveit/install/pilz_industrial_motion_planner:/home/jone/ws_moveit/install/moveit_visual_tools:/home/jone/ws_moveit/install/moveit_task_constructor_visualization:/home/jone/ws_moveit/install/moveit_task_constructor_demo:/home/jone/ws_moveit/install/moveit_task_constructor_capabilities:/home/jone/ws_moveit/install/moveit_task_constructor_core:/home/jone/ws_moveit/install/moveit_ros_control_interface:/home/jone/ws_moveit/install/moveit_plugins:/home/jone/ws_moveit/install/moveit_simple_controller_manager:/home/jone/ws_moveit/install/moveit_setup_assistant:/home/jone/ws_moveit/install/moveit_setup_srdf_plugins:/home/jone/ws_moveit/install/moveit_setup_core_plugins:/home/jone/ws_moveit/install/moveit_setup_controllers:/home/jone/ws_moveit/install/moveit_setup_app_plugins:/home/jone/ws_moveit/install/moveit_setup_framework:/home/jone/ws_moveit/install/moveit_servo:/home/jone/ws_moveit/install/moveit_ros:/home/jone/ws_moveit/install/moveit_ros_visualization:/home/jone/ws_moveit/install/moveit_hybrid_planning:/home/jone/ws_moveit/install/moveit_ros_planning_interface:/home/jone/ws_moveit/install/moveit_ros_benchmarks:/home/jone/ws_moveit/install/moveit_ros_warehouse:/home/jone/ws_moveit/install/moveit_ros_robot_interaction:/home/jone/ws_moveit/install/moveit_ros_perception:/home/jone/ws_moveit/install/moveit_resources_prbt_pg70_support:/home/jone/ws_moveit/install/moveit_resources_prbt_moveit_config:/home/jone/ws_moveit/install/moveit_ros_move_group:/home/jone/ws_moveit/install/moveit_planners_ompl:/home/jone/ws_moveit/install/moveit_ros_planning:/home/jone/ws_moveit/install/moveit_ros_occupancy_map_monitor:/home/jone/ws_moveit/install/moveit_resources_prbt_ikfast_manipulator_plugin:/home/jone/ws_moveit/install/moveit_planners_chomp:/home/jone/ws_moveit/install/moveit_kinematics:/home/jone/ws_moveit/install/moveit_chomp_optimizer_adapter:/home/jone/ws_moveit/install/chomp_motion_planner:/home/jone/ws_moveit/install/rviz_marker_tools:/home/jone/ws_moveit/install/rosparam_shortcuts:/home/jone/ws_moveit/install/moveit_task_constructor_msgs:/home/jone/ws_moveit/install/moveit_resources_prbt_support:/home/jone/ws_moveit/install/moveit_resources:/home/jone/ws_moveit/install/moveit_resources_fanuc_moveit_config:/home/jone/ws_moveit/install/moveit_resources_fanuc_description:/home/jone/ws_moveit/install/moveit_configs_utils:/home/jone/ws_moveit/install/launch_param_builder:/opt/ros/humble LD_LIBRARY_PATH=/home/jone/ws_moveit/install/moveit_core/lib:/home/jone/ws_moveit/install/srdfdom/lib:/home/jone/ws_moveit/install/pilz_industrial_motion_planner_testutils/lib:/home/jone/ws_moveit/install/pilz_industrial_motion_planner/lib:/home/jone/ws_moveit/install/moveit_visual_tools/lib:/home/jone/ws_moveit/install/moveit_task_constructor_visualization/lib:/home/jone/ws_moveit/install/moveit_task_constructor_demo/lib:/home/jone/ws_moveit/install/moveit_task_constructor_capabilities/lib:/home/jone/ws_moveit/install/moveit_task_constructor_core/lib:/home/jone/ws_moveit/install/moveit_ros_control_interface/lib:/home/jone/ws_moveit/install/moveit_simple_controller_manager/lib:/home/jone/ws_moveit/install/moveit_setup_assistant/lib:/home/jone/ws_moveit/install/moveit_setup_srdf_plugins/lib:/home/jone/ws_moveit/install/moveit_setup_core_plugins/lib:/home/jone/ws_moveit/install/moveit_setup_controllers/lib:/home/jone/ws_moveit/install/moveit_setup_app_plugins/lib:/home/jone/ws_moveit/install/moveit_setup_framework/lib:/home/jone/ws_moveit/install/moveit_servo/lib:/home/jone/ws_moveit/install/moveit_ros_visualization/lib:/home/jone/ws_moveit/install/moveit_hybrid_planning/lib:/home/jone/ws_moveit/install/moveit_ros_planning_interface/lib:/home/jone/ws_moveit/install/moveit_ros_benchmarks/lib:/home/jone/ws_moveit/install/moveit_ros_warehouse/lib:/home/jone/ws_moveit/install/moveit_ros_robot_interaction/lib:/home/jone/ws_moveit/install/moveit_ros_perception/lib:/home/jone/ws_moveit/install/moveit_ros_move_group/lib:/home/jone/ws_moveit/install/moveit_planners_ompl/lib:/home/jone/ws_moveit/install/moveit_ros_planning/lib:/home/jone/ws_moveit/install/moveit_ros_occupancy_map_monitor/lib:/home/jone/ws_moveit/install/moveit_resources_prbt_ikfast_manipulator_plugin/lib:/home/jone/ws_moveit/install/moveit_planners_chomp/lib:/home/jone/ws_moveit/install/moveit_kinematics/lib:/home/jone/ws_moveit/install/moveit_chomp_optimizer_adapter/lib:/home/jone/ws_moveit/install/chomp_motion_planner/lib:/home/jone/ws_moveit/install/rviz_marker_tools/lib:/home/jone/ws_moveit/install/rosparam_shortcuts/lib:/home/jone/ws_moveit/install/moveit_task_constructor_msgs/lib:/opt/ros/humble/opt/rviz_ogre_vendor/lib:/opt/ros/humble/lib/x86_64-linux-gnu:/opt/ros/humble/lib:/usr/lib/x86_64-linux-gnu/gazebo-11/plugins:/usr/lib/x86_64-linux-gnu/gazebo-11/plugins:/usr/lib/x86_64-linux-gnu/gazebo-11/plugins /usr/bin/cmake --build /home/jone/ws_moveit/build/moveit_ros_occupancy_map_monitor
[9.553s] DEBUG:colcon.colcon_core.event_handler.log_command:Invoking command in '/home/jone/ws_moveit/build/moveit_ros_occupancy_map_monitor': CMAKE_PREFIX_PATH=/home/jone/ws_moveit/install/moveit_core:/home/jone/ws_moveit/install/moveit_resources_panda_moveit_config:/home/jone/ws_moveit/install/srdfdom:/home/jone/ws_moveit/install/moveit_resources_pr2_description:/home/jone/ws_moveit/install/moveit_resources_panda_description:/home/jone/ws_moveit/install/moveit_common:/home/jone/ws_moveit/install/pilz_industrial_motion_planner_testutils:/home/jone/ws_moveit/install/moveit_runtime:/home/jone/ws_moveit/install/moveit2_tutorials:/home/jone/ws_moveit/install/moveit:/home/jone/ws_moveit/install/moveit_planners:/home/jone/ws_moveit/install/pilz_industrial_motion_planner:/home/jone/ws_moveit/install/moveit_visual_tools:/home/jone/ws_moveit/install/moveit_task_constructor_visualization:/home/jone/ws_moveit/install/moveit_task_constructor_demo:/home/jone/ws_moveit/install/moveit_task_constructor_capabilities:/home/jone/ws_moveit/install/moveit_task_constructor_core:/home/jone/ws_moveit/install/moveit_ros_control_interface:/home/jone/ws_moveit/install/moveit_plugins:/home/jone/ws_moveit/install/moveit_simple_controller_manager:/home/jone/ws_moveit/install/moveit_setup_assistant:/home/jone/ws_moveit/install/moveit_setup_srdf_plugins:/home/jone/ws_moveit/install/moveit_setup_core_plugins:/home/jone/ws_moveit/install/moveit_setup_controllers:/home/jone/ws_moveit/install/moveit_setup_app_plugins:/home/jone/ws_moveit/install/moveit_setup_framework:/home/jone/ws_moveit/install/moveit_servo:/home/jone/ws_moveit/install/moveit_ros:/home/jone/ws_moveit/install/moveit_ros_visualization:/home/jone/ws_moveit/install/moveit_hybrid_planning:/home/jone/ws_moveit/install/moveit_ros_planning_interface:/home/jone/ws_moveit/install/moveit_ros_benchmarks:/home/jone/ws_moveit/install/moveit_ros_warehouse:/home/jone/ws_moveit/install/moveit_ros_robot_interaction:/home/jone/ws_moveit/install/moveit_ros_perception:/home/jone/ws_moveit/install/moveit_resources_prbt_pg70_support:/home/jone/ws_moveit/install/moveit_resources_prbt_moveit_config:/home/jone/ws_moveit/install/moveit_ros_move_group:/home/jone/ws_moveit/install/moveit_planners_ompl:/home/jone/ws_moveit/install/moveit_ros_planning:/home/jone/ws_moveit/install/moveit_ros_occupancy_map_monitor:/home/jone/ws_moveit/install/moveit_resources_prbt_ikfast_manipulator_plugin:/home/jone/ws_moveit/install/moveit_planners_chomp:/home/jone/ws_moveit/install/moveit_kinematics:/home/jone/ws_moveit/install/moveit_chomp_optimizer_adapter:/home/jone/ws_moveit/install/chomp_motion_planner:/home/jone/ws_moveit/install/rviz_marker_tools:/home/jone/ws_moveit/install/rosparam_shortcuts:/home/jone/ws_moveit/install/moveit_task_constructor_msgs:/home/jone/ws_moveit/install/moveit_resources_prbt_support:/home/jone/ws_moveit/install/moveit_resources:/home/jone/ws_moveit/install/moveit_resources_fanuc_moveit_config:/home/jone/ws_moveit/install/moveit_resources_fanuc_description:/home/jone/ws_moveit/install/moveit_configs_utils:/home/jone/ws_moveit/install/launch_param_builder:/opt/ros/humble LD_LIBRARY_PATH=/home/jone/ws_moveit/install/moveit_core/lib:/home/jone/ws_moveit/install/srdfdom/lib:/home/jone/ws_moveit/install/pilz_industrial_motion_planner_testutils/lib:/home/jone/ws_moveit/install/pilz_industrial_motion_planner/lib:/home/jone/ws_moveit/install/moveit_visual_tools/lib:/home/jone/ws_moveit/install/moveit_task_constructor_visualization/lib:/home/jone/ws_moveit/install/moveit_task_constructor_demo/lib:/home/jone/ws_moveit/install/moveit_task_constructor_capabilities/lib:/home/jone/ws_moveit/install/moveit_task_constructor_core/lib:/home/jone/ws_moveit/install/moveit_ros_control_interface/lib:/home/jone/ws_moveit/install/moveit_simple_controller_manager/lib:/home/jone/ws_moveit/install/moveit_setup_assistant/lib:/home/jone/ws_moveit/install/moveit_setup_srdf_plugins/lib:/home/jone/ws_moveit/install/moveit_setup_core_plugins/lib:/home/jone/ws_moveit/install/moveit_setup_controllers/lib:/home/jone/ws_moveit/install/moveit_setup_app_plugins/lib:/home/jone/ws_moveit/install/moveit_setup_framework/lib:/home/jone/ws_moveit/install/moveit_servo/lib:/home/jone/ws_moveit/install/moveit_ros_visualization/lib:/home/jone/ws_moveit/install/moveit_hybrid_planning/lib:/home/jone/ws_moveit/install/moveit_ros_planning_interface/lib:/home/jone/ws_moveit/install/moveit_ros_benchmarks/lib:/home/jone/ws_moveit/install/moveit_ros_warehouse/lib:/home/jone/ws_moveit/install/moveit_ros_robot_interaction/lib:/home/jone/ws_moveit/install/moveit_ros_perception/lib:/home/jone/ws_moveit/install/moveit_ros_move_group/lib:/home/jone/ws_moveit/install/moveit_planners_ompl/lib:/home/jone/ws_moveit/install/moveit_ros_planning/lib:/home/jone/ws_moveit/install/moveit_ros_occupancy_map_monitor/lib:/home/jone/ws_moveit/install/moveit_resources_prbt_ikfast_manipulator_plugin/lib:/home/jone/ws_moveit/install/moveit_planners_chomp/lib:/home/jone/ws_moveit/install/moveit_kinematics/lib:/home/jone/ws_moveit/install/moveit_chomp_optimizer_adapter/lib:/home/jone/ws_moveit/install/chomp_motion_planner/lib:/home/jone/ws_moveit/install/rviz_marker_tools/lib:/home/jone/ws_moveit/install/rosparam_shortcuts/lib:/home/jone/ws_moveit/install/moveit_task_constructor_msgs/lib:/opt/ros/humble/opt/rviz_ogre_vendor/lib:/opt/ros/humble/lib/x86_64-linux-gnu:/opt/ros/humble/lib:/usr/lib/x86_64-linux-gnu/gazebo-11/plugins:/usr/lib/x86_64-linux-gnu/gazebo-11/plugins:/usr/lib/x86_64-linux-gnu/gazebo-11/plugins /usr/bin/cmake --install /home/jone/ws_moveit/build/moveit_ros_occupancy_map_monitor
[9.568s] Level 1:colcon.colcon_core.environment:create_environment_scripts_only(moveit_ros_occupancy_map_monitor)
[9.568s] Level 1:colcon.colcon_core.environment:checking '/home/jone/ws_moveit/install/moveit_ros_occupancy_map_monitor' for CMake module files
[9.569s] DEBUG:colcon.colcon_core.event_handler.log_command:Invoked command in '/home/jone/ws_moveit/build/moveit_ros_occupancy_map_monitor' returned '0': CMAKE_PREFIX_PATH=/home/jone/ws_moveit/install/moveit_core:/home/jone/ws_moveit/install/moveit_resources_panda_moveit_config:/home/jone/ws_moveit/install/srdfdom:/home/jone/ws_moveit/install/moveit_resources_pr2_description:/home/jone/ws_moveit/install/moveit_resources_panda_description:/home/jone/ws_moveit/install/moveit_common:/home/jone/ws_moveit/install/pilz_industrial_motion_planner_testutils:/home/jone/ws_moveit/install/moveit_runtime:/home/jone/ws_moveit/install/moveit2_tutorials:/home/jone/ws_moveit/install/moveit:/home/jone/ws_moveit/install/moveit_planners:/home/jone/ws_moveit/install/pilz_industrial_motion_planner:/home/jone/ws_moveit/install/moveit_visual_tools:/home/jone/ws_moveit/install/moveit_task_constructor_visualization:/home/jone/ws_moveit/install/moveit_task_constructor_demo:/home/jone/ws_moveit/install/moveit_task_constructor_capabilities:/home/jone/ws_moveit/install/moveit_task_constructor_core:/home/jone/ws_moveit/install/moveit_ros_control_interface:/home/jone/ws_moveit/install/moveit_plugins:/home/jone/ws_moveit/install/moveit_simple_controller_manager:/home/jone/ws_moveit/install/moveit_setup_assistant:/home/jone/ws_moveit/install/moveit_setup_srdf_plugins:/home/jone/ws_moveit/install/moveit_setup_core_plugins:/home/jone/ws_moveit/install/moveit_setup_controllers:/home/jone/ws_moveit/install/moveit_setup_app_plugins:/home/jone/ws_moveit/install/moveit_setup_framework:/home/jone/ws_moveit/install/moveit_servo:/home/jone/ws_moveit/install/moveit_ros:/home/jone/ws_moveit/install/moveit_ros_visualization:/home/jone/ws_moveit/install/moveit_hybrid_planning:/home/jone/ws_moveit/install/moveit_ros_planning_interface:/home/jone/ws_moveit/install/moveit_ros_benchmarks:/home/jone/ws_moveit/install/moveit_ros_warehouse:/home/jone/ws_moveit/install/moveit_ros_robot_interaction:/home/jone/ws_moveit/install/moveit_ros_perception:/home/jone/ws_moveit/install/moveit_resources_prbt_pg70_support:/home/jone/ws_moveit/install/moveit_resources_prbt_moveit_config:/home/jone/ws_moveit/install/moveit_ros_move_group:/home/jone/ws_moveit/install/moveit_planners_ompl:/home/jone/ws_moveit/install/moveit_ros_planning:/home/jone/ws_moveit/install/moveit_ros_occupancy_map_monitor:/home/jone/ws_moveit/install/moveit_resources_prbt_ikfast_manipulator_plugin:/home/jone/ws_moveit/install/moveit_planners_chomp:/home/jone/ws_moveit/install/moveit_kinematics:/home/jone/ws_moveit/install/moveit_chomp_optimizer_adapter:/home/jone/ws_moveit/install/chomp_motion_planner:/home/jone/ws_moveit/install/rviz_marker_tools:/home/jone/ws_moveit/install/rosparam_shortcuts:/home/jone/ws_moveit/install/moveit_task_constructor_msgs:/home/jone/ws_moveit/install/moveit_resources_prbt_support:/home/jone/ws_moveit/install/moveit_resources:/home/jone/ws_moveit/install/moveit_resources_fanuc_moveit_config:/home/jone/ws_moveit/install/moveit_resources_fanuc_description:/home/jone/ws_moveit/install/moveit_configs_utils:/home/jone/ws_moveit/install/launch_param_builder:/opt/ros/humble LD_LIBRARY_PATH=/home/jone/ws_moveit/install/moveit_core/lib:/home/jone/ws_moveit/install/srdfdom/lib:/home/jone/ws_moveit/install/pilz_industrial_motion_planner_testutils/lib:/home/jone/ws_moveit/install/pilz_industrial_motion_planner/lib:/home/jone/ws_moveit/install/moveit_visual_tools/lib:/home/jone/ws_moveit/install/moveit_task_constructor_visualization/lib:/home/jone/ws_moveit/install/moveit_task_constructor_demo/lib:/home/jone/ws_moveit/install/moveit_task_constructor_capabilities/lib:/home/jone/ws_moveit/install/moveit_task_constructor_core/lib:/home/jone/ws_moveit/install/moveit_ros_control_interface/lib:/home/jone/ws_moveit/install/moveit_simple_controller_manager/lib:/home/jone/ws_moveit/install/moveit_setup_assistant/lib:/home/jone/ws_moveit/install/moveit_setup_srdf_plugins/lib:/home/jone/ws_moveit/install/moveit_setup_core_plugins/lib:/home/jone/ws_moveit/install/moveit_setup_controllers/lib:/home/jone/ws_moveit/install/moveit_setup_app_plugins/lib:/home/jone/ws_moveit/install/moveit_setup_framework/lib:/home/jone/ws_moveit/install/moveit_servo/lib:/home/jone/ws_moveit/install/moveit_ros_visualization/lib:/home/jone/ws_moveit/install/moveit_hybrid_planning/lib:/home/jone/ws_moveit/install/moveit_ros_planning_interface/lib:/home/jone/ws_moveit/install/moveit_ros_benchmarks/lib:/home/jone/ws_moveit/install/moveit_ros_warehouse/lib:/home/jone/ws_moveit/install/moveit_ros_robot_interaction/lib:/home/jone/ws_moveit/install/moveit_ros_perception/lib:/home/jone/ws_moveit/install/moveit_ros_move_group/lib:/home/jone/ws_moveit/install/moveit_planners_ompl/lib:/home/jone/ws_moveit/install/moveit_ros_planning/lib:/home/jone/ws_moveit/install/moveit_ros_occupancy_map_monitor/lib:/home/jone/ws_moveit/install/moveit_resources_prbt_ikfast_manipulator_plugin/lib:/home/jone/ws_moveit/install/moveit_planners_chomp/lib:/home/jone/ws_moveit/install/moveit_kinematics/lib:/home/jone/ws_moveit/install/moveit_chomp_optimizer_adapter/lib:/home/jone/ws_moveit/install/chomp_motion_planner/lib:/home/jone/ws_moveit/install/rviz_marker_tools/lib:/home/jone/ws_moveit/install/rosparam_shortcuts/lib:/home/jone/ws_moveit/install/moveit_task_constructor_msgs/lib:/opt/ros/humble/opt/rviz_ogre_vendor/lib:/opt/ros/humble/lib/x86_64-linux-gnu:/opt/ros/humble/lib:/usr/lib/x86_64-linux-gnu/gazebo-11/plugins:/usr/lib/x86_64-linux-gnu/gazebo-11/plugins:/usr/lib/x86_64-linux-gnu/gazebo-11/plugins /usr/bin/cmake --install /home/jone/ws_moveit/build/moveit_ros_occupancy_map_monitor
[9.569s] Level 1:colcon.colcon_core.environment:checking '/home/jone/ws_moveit/install/moveit_ros_occupancy_map_monitor' for CMake config files
[9.570s] Level 1:colcon.colcon_core.shell:create_environment_hook('moveit_ros_occupancy_map_monitor', 'cmake_prefix_path')
[9.570s] INFO:colcon.colcon_core.shell:Creating environment hook '/home/jone/ws_moveit/install/moveit_ros_occupancy_map_monitor/share/moveit_ros_occupancy_map_monitor/hook/cmake_prefix_path.ps1'
[9.571s] INFO:colcon.colcon_core.shell:Creating environment descriptor '/home/jone/ws_moveit/install/moveit_ros_occupancy_map_monitor/share/moveit_ros_occupancy_map_monitor/hook/cmake_prefix_path.dsv'
[9.571s] INFO:colcon.colcon_core.shell:Creating environment hook '/home/jone/ws_moveit/install/moveit_ros_occupancy_map_monitor/share/moveit_ros_occupancy_map_monitor/hook/cmake_prefix_path.sh'
[9.571s] Level 1:colcon.colcon_core.environment:checking '/home/jone/ws_moveit/install/moveit_ros_occupancy_map_monitor/lib'
[9.571s] Level 1:colcon.colcon_core.shell:create_environment_hook('moveit_ros_occupancy_map_monitor', 'ld_library_path_lib')
[9.572s] INFO:colcon.colcon_core.shell:Creating environment hook '/home/jone/ws_moveit/install/moveit_ros_occupancy_map_monitor/share/moveit_ros_occupancy_map_monitor/hook/ld_library_path_lib.ps1'
[9.572s] INFO:colcon.colcon_core.shell:Creating environment descriptor '/home/jone/ws_moveit/install/moveit_ros_occupancy_map_monitor/share/moveit_ros_occupancy_map_monitor/hook/ld_library_path_lib.dsv'
[9.572s] INFO:colcon.colcon_core.shell:Creating environment hook '/home/jone/ws_moveit/install/moveit_ros_occupancy_map_monitor/share/moveit_ros_occupancy_map_monitor/hook/ld_library_path_lib.sh'
[9.572s] Level 1:colcon.colcon_core.environment:checking '/home/jone/ws_moveit/install/moveit_ros_occupancy_map_monitor/bin'
[9.572s] Level 1:colcon.colcon_core.environment:checking '/home/jone/ws_moveit/install/moveit_ros_occupancy_map_monitor/lib/pkgconfig/moveit_ros_occupancy_map_monitor.pc'
[9.573s] Level 1:colcon.colcon_core.environment:checking '/home/jone/ws_moveit/install/moveit_ros_occupancy_map_monitor/lib/python3.10/site-packages'
[9.573s] Level 1:colcon.colcon_core.environment:checking '/home/jone/ws_moveit/install/moveit_ros_occupancy_map_monitor/bin'
[9.573s] INFO:colcon.colcon_core.shell:Creating package script '/home/jone/ws_moveit/install/moveit_ros_occupancy_map_monitor/share/moveit_ros_occupancy_map_monitor/package.ps1'
[9.573s] INFO:colcon.colcon_core.shell:Creating package descriptor '/home/jone/ws_moveit/install/moveit_ros_occupancy_map_monitor/share/moveit_ros_occupancy_map_monitor/package.dsv'
[9.574s] INFO:colcon.colcon_core.shell:Creating package script '/home/jone/ws_moveit/install/moveit_ros_occupancy_map_monitor/share/moveit_ros_occupancy_map_monitor/package.sh'
[9.574s] INFO:colcon.colcon_core.shell:Creating package script '/home/jone/ws_moveit/install/moveit_ros_occupancy_map_monitor/share/moveit_ros_occupancy_map_monitor/package.bash'
[9.574s] INFO:colcon.colcon_core.shell:Creating package script '/home/jone/ws_moveit/install/moveit_ros_occupancy_map_monitor/share/moveit_ros_occupancy_map_monitor/package.zsh'
[9.574s] Level 1:colcon.colcon_core.environment:create_file_with_runtime_dependencies(/home/jone/ws_moveit/install/moveit_ros_occupancy_map_monitor/share/colcon-core/packages/moveit_ros_occupancy_map_monitor)
[9.575s] Level 1:colcon.colcon_core.environment:create_environment_scripts_only(moveit_ros_occupancy_map_monitor)
[9.575s] Level 1:colcon.colcon_core.environment:checking '/home/jone/ws_moveit/install/moveit_ros_occupancy_map_monitor' for CMake module files
[9.575s] Level 1:colcon.colcon_core.environment:checking '/home/jone/ws_moveit/install/moveit_ros_occupancy_map_monitor' for CMake config files
[9.576s] Level 1:colcon.colcon_core.shell:create_environment_hook('moveit_ros_occupancy_map_monitor', 'cmake_prefix_path')
[9.576s] INFO:colcon.colcon_core.shell:Creating environment hook '/home/jone/ws_moveit/install/moveit_ros_occupancy_map_monitor/share/moveit_ros_occupancy_map_monitor/hook/cmake_prefix_path.ps1'
[9.576s] INFO:colcon.colcon_core.shell:Creating environment descriptor '/home/jone/ws_moveit/install/moveit_ros_occupancy_map_monitor/share/moveit_ros_occupancy_map_monitor/hook/cmake_prefix_path.dsv'
[9.576s] INFO:colcon.colcon_core.shell:Creating environment hook '/home/jone/ws_moveit/install/moveit_ros_occupancy_map_monitor/share/moveit_ros_occupancy_map_monitor/hook/cmake_prefix_path.sh'
[9.577s] Level 1:colcon.colcon_core.environment:checking '/home/jone/ws_moveit/install/moveit_ros_occupancy_map_monitor/lib'
[9.577s] Level 1:colcon.colcon_core.shell:create_environment_hook('moveit_ros_occupancy_map_monitor', 'ld_library_path_lib')
[9.577s] INFO:colcon.colcon_core.shell:Creating environment hook '/home/jone/ws_moveit/install/moveit_ros_occupancy_map_monitor/share/moveit_ros_occupancy_map_monitor/hook/ld_library_path_lib.ps1'
[9.577s] INFO:colcon.colcon_core.shell:Creating environment descriptor '/home/jone/ws_moveit/install/moveit_ros_occupancy_map_monitor/share/moveit_ros_occupancy_map_monitor/hook/ld_library_path_lib.dsv'
[9.577s] INFO:colcon.colcon_core.shell:Creating environment hook '/home/jone/ws_moveit/install/moveit_ros_occupancy_map_monitor/share/moveit_ros_occupancy_map_monitor/hook/ld_library_path_lib.sh'
[9.578s] Level 1:colcon.colcon_core.environment:checking '/home/jone/ws_moveit/install/moveit_ros_occupancy_map_monitor/bin'
[9.578s] Level 1:colcon.colcon_core.environment:checking '/home/jone/ws_moveit/install/moveit_ros_occupancy_map_monitor/lib/pkgconfig/moveit_ros_occupancy_map_monitor.pc'
[9.578s] Level 1:colcon.colcon_core.environment:checking '/home/jone/ws_moveit/install/moveit_ros_occupancy_map_monitor/lib/python3.10/site-packages'
[9.578s] Level 1:colcon.colcon_core.environment:checking '/home/jone/ws_moveit/install/moveit_ros_occupancy_map_monitor/bin'
[9.578s] INFO:colcon.colcon_core.shell:Creating package script '/home/jone/ws_moveit/install/moveit_ros_occupancy_map_monitor/share/moveit_ros_occupancy_map_monitor/package.ps1'
[9.579s] INFO:colcon.colcon_core.shell:Creating package descriptor '/home/jone/ws_moveit/install/moveit_ros_occupancy_map_monitor/share/moveit_ros_occupancy_map_monitor/package.dsv'
[9.579s] INFO:colcon.colcon_core.shell:Creating package script '/home/jone/ws_moveit/install/moveit_ros_occupancy_map_monitor/share/moveit_ros_occupancy_map_monitor/package.sh'
[9.579s] INFO:colcon.colcon_core.shell:Creating package script '/home/jone/ws_moveit/install/moveit_ros_occupancy_map_monitor/share/moveit_ros_occupancy_map_monitor/package.bash'
[9.579s] INFO:colcon.colcon_core.shell:Creating package script '/home/jone/ws_moveit/install/moveit_ros_occupancy_map_monitor/share/moveit_ros_occupancy_map_monitor/package.zsh'
[9.580s] Level 1:colcon.colcon_core.environment:create_file_with_runtime_dependencies(/home/jone/ws_moveit/install/moveit_ros_occupancy_map_monitor/share/colcon-core/packages/moveit_ros_occupancy_map_monitor)
[9.580s] DEBUG:colcon.colcon_core.executor.sequential:run_until_complete 'moveit_ros_occupancy_map_monitor' finished with '0'
[9.580s] DEBUG:colcon.colcon_core.executor.sequential:run_until_complete 'moveit_simple_controller_manager'
[9.580s] INFO:colcon.colcon_ros.task.ament_cmake.build:Building ROS package in '/home/jone/ws_moveit/src/moveit2/moveit_plugins/moveit_simple_controller_manager' with build type 'ament_cmake'
[9.580s] INFO:colcon.colcon_cmake.task.cmake.build:Building CMake package in '/home/jone/ws_moveit/src/moveit2/moveit_plugins/moveit_simple_controller_manager'
[9.580s] INFO:colcon.colcon_core.shell:Skip shell extension 'powershell' for command environment: Not usable outside of PowerShell
[9.580s] DEBUG:colcon.colcon_core.shell:Skip shell extension 'dsv' for command environment
[9.603s] DEBUG:colcon.colcon_core.event_handler.log_command:Invoking command in '/home/jone/ws_moveit/build/moveit_simple_controller_manager': CMAKE_PREFIX_PATH=/home/jone/ws_moveit/install/moveit_core:/home/jone/ws_moveit/install/moveit_resources_panda_moveit_config:/home/jone/ws_moveit/install/srdfdom:/home/jone/ws_moveit/install/moveit_resources_pr2_description:/home/jone/ws_moveit/install/moveit_resources_panda_description:/home/jone/ws_moveit/install/moveit_common:/home/jone/ws_moveit/install/pilz_industrial_motion_planner_testutils:/home/jone/ws_moveit/install/moveit_runtime:/home/jone/ws_moveit/install/moveit2_tutorials:/home/jone/ws_moveit/install/moveit:/home/jone/ws_moveit/install/moveit_planners:/home/jone/ws_moveit/install/pilz_industrial_motion_planner:/home/jone/ws_moveit/install/moveit_visual_tools:/home/jone/ws_moveit/install/moveit_task_constructor_visualization:/home/jone/ws_moveit/install/moveit_task_constructor_demo:/home/jone/ws_moveit/install/moveit_task_constructor_capabilities:/home/jone/ws_moveit/install/moveit_task_constructor_core:/home/jone/ws_moveit/install/moveit_ros_control_interface:/home/jone/ws_moveit/install/moveit_plugins:/home/jone/ws_moveit/install/moveit_simple_controller_manager:/home/jone/ws_moveit/install/moveit_setup_assistant:/home/jone/ws_moveit/install/moveit_setup_srdf_plugins:/home/jone/ws_moveit/install/moveit_setup_core_plugins:/home/jone/ws_moveit/install/moveit_setup_controllers:/home/jone/ws_moveit/install/moveit_setup_app_plugins:/home/jone/ws_moveit/install/moveit_setup_framework:/home/jone/ws_moveit/install/moveit_servo:/home/jone/ws_moveit/install/moveit_ros:/home/jone/ws_moveit/install/moveit_ros_visualization:/home/jone/ws_moveit/install/moveit_hybrid_planning:/home/jone/ws_moveit/install/moveit_ros_planning_interface:/home/jone/ws_moveit/install/moveit_ros_benchmarks:/home/jone/ws_moveit/install/moveit_ros_warehouse:/home/jone/ws_moveit/install/moveit_ros_robot_interaction:/home/jone/ws_moveit/install/moveit_ros_perception:/home/jone/ws_moveit/install/moveit_resources_prbt_pg70_support:/home/jone/ws_moveit/install/moveit_resources_prbt_moveit_config:/home/jone/ws_moveit/install/moveit_ros_move_group:/home/jone/ws_moveit/install/moveit_planners_ompl:/home/jone/ws_moveit/install/moveit_ros_planning:/home/jone/ws_moveit/install/moveit_ros_occupancy_map_monitor:/home/jone/ws_moveit/install/moveit_resources_prbt_ikfast_manipulator_plugin:/home/jone/ws_moveit/install/moveit_planners_chomp:/home/jone/ws_moveit/install/moveit_kinematics:/home/jone/ws_moveit/install/moveit_chomp_optimizer_adapter:/home/jone/ws_moveit/install/chomp_motion_planner:/home/jone/ws_moveit/install/rviz_marker_tools:/home/jone/ws_moveit/install/rosparam_shortcuts:/home/jone/ws_moveit/install/moveit_task_constructor_msgs:/home/jone/ws_moveit/install/moveit_resources_prbt_support:/home/jone/ws_moveit/install/moveit_resources:/home/jone/ws_moveit/install/moveit_resources_fanuc_moveit_config:/home/jone/ws_moveit/install/moveit_resources_fanuc_description:/home/jone/ws_moveit/install/moveit_configs_utils:/home/jone/ws_moveit/install/launch_param_builder:/opt/ros/humble LD_LIBRARY_PATH=/home/jone/ws_moveit/install/moveit_core/lib:/home/jone/ws_moveit/install/srdfdom/lib:/home/jone/ws_moveit/install/pilz_industrial_motion_planner_testutils/lib:/home/jone/ws_moveit/install/pilz_industrial_motion_planner/lib:/home/jone/ws_moveit/install/moveit_visual_tools/lib:/home/jone/ws_moveit/install/moveit_task_constructor_visualization/lib:/home/jone/ws_moveit/install/moveit_task_constructor_demo/lib:/home/jone/ws_moveit/install/moveit_task_constructor_capabilities/lib:/home/jone/ws_moveit/install/moveit_task_constructor_core/lib:/home/jone/ws_moveit/install/moveit_ros_control_interface/lib:/home/jone/ws_moveit/install/moveit_simple_controller_manager/lib:/home/jone/ws_moveit/install/moveit_setup_assistant/lib:/home/jone/ws_moveit/install/moveit_setup_srdf_plugins/lib:/home/jone/ws_moveit/install/moveit_setup_core_plugins/lib:/home/jone/ws_moveit/install/moveit_setup_controllers/lib:/home/jone/ws_moveit/install/moveit_setup_app_plugins/lib:/home/jone/ws_moveit/install/moveit_setup_framework/lib:/home/jone/ws_moveit/install/moveit_servo/lib:/home/jone/ws_moveit/install/moveit_ros_visualization/lib:/home/jone/ws_moveit/install/moveit_hybrid_planning/lib:/home/jone/ws_moveit/install/moveit_ros_planning_interface/lib:/home/jone/ws_moveit/install/moveit_ros_benchmarks/lib:/home/jone/ws_moveit/install/moveit_ros_warehouse/lib:/home/jone/ws_moveit/install/moveit_ros_robot_interaction/lib:/home/jone/ws_moveit/install/moveit_ros_perception/lib:/home/jone/ws_moveit/install/moveit_ros_move_group/lib:/home/jone/ws_moveit/install/moveit_planners_ompl/lib:/home/jone/ws_moveit/install/moveit_ros_planning/lib:/home/jone/ws_moveit/install/moveit_ros_occupancy_map_monitor/lib:/home/jone/ws_moveit/install/moveit_resources_prbt_ikfast_manipulator_plugin/lib:/home/jone/ws_moveit/install/moveit_planners_chomp/lib:/home/jone/ws_moveit/install/moveit_kinematics/lib:/home/jone/ws_moveit/install/moveit_chomp_optimizer_adapter/lib:/home/jone/ws_moveit/install/chomp_motion_planner/lib:/home/jone/ws_moveit/install/rviz_marker_tools/lib:/home/jone/ws_moveit/install/rosparam_shortcuts/lib:/home/jone/ws_moveit/install/moveit_task_constructor_msgs/lib:/opt/ros/humble/opt/rviz_ogre_vendor/lib:/opt/ros/humble/lib/x86_64-linux-gnu:/opt/ros/humble/lib:/usr/lib/x86_64-linux-gnu/gazebo-11/plugins:/usr/lib/x86_64-linux-gnu/gazebo-11/plugins:/usr/lib/x86_64-linux-gnu/gazebo-11/plugins /usr/bin/cmake --build /home/jone/ws_moveit/build/moveit_simple_controller_manager
[9.695s] DEBUG:colcon.colcon_core.event_handler.log_command:Invoked command in '/home/jone/ws_moveit/build/moveit_simple_controller_manager' returned '0': CMAKE_PREFIX_PATH=/home/jone/ws_moveit/install/moveit_core:/home/jone/ws_moveit/install/moveit_resources_panda_moveit_config:/home/jone/ws_moveit/install/srdfdom:/home/jone/ws_moveit/install/moveit_resources_pr2_description:/home/jone/ws_moveit/install/moveit_resources_panda_description:/home/jone/ws_moveit/install/moveit_common:/home/jone/ws_moveit/install/pilz_industrial_motion_planner_testutils:/home/jone/ws_moveit/install/moveit_runtime:/home/jone/ws_moveit/install/moveit2_tutorials:/home/jone/ws_moveit/install/moveit:/home/jone/ws_moveit/install/moveit_planners:/home/jone/ws_moveit/install/pilz_industrial_motion_planner:/home/jone/ws_moveit/install/moveit_visual_tools:/home/jone/ws_moveit/install/moveit_task_constructor_visualization:/home/jone/ws_moveit/install/moveit_task_constructor_demo:/home/jone/ws_moveit/install/moveit_task_constructor_capabilities:/home/jone/ws_moveit/install/moveit_task_constructor_core:/home/jone/ws_moveit/install/moveit_ros_control_interface:/home/jone/ws_moveit/install/moveit_plugins:/home/jone/ws_moveit/install/moveit_simple_controller_manager:/home/jone/ws_moveit/install/moveit_setup_assistant:/home/jone/ws_moveit/install/moveit_setup_srdf_plugins:/home/jone/ws_moveit/install/moveit_setup_core_plugins:/home/jone/ws_moveit/install/moveit_setup_controllers:/home/jone/ws_moveit/install/moveit_setup_app_plugins:/home/jone/ws_moveit/install/moveit_setup_framework:/home/jone/ws_moveit/install/moveit_servo:/home/jone/ws_moveit/install/moveit_ros:/home/jone/ws_moveit/install/moveit_ros_visualization:/home/jone/ws_moveit/install/moveit_hybrid_planning:/home/jone/ws_moveit/install/moveit_ros_planning_interface:/home/jone/ws_moveit/install/moveit_ros_benchmarks:/home/jone/ws_moveit/install/moveit_ros_warehouse:/home/jone/ws_moveit/install/moveit_ros_robot_interaction:/home/jone/ws_moveit/install/moveit_ros_perception:/home/jone/ws_moveit/install/moveit_resources_prbt_pg70_support:/home/jone/ws_moveit/install/moveit_resources_prbt_moveit_config:/home/jone/ws_moveit/install/moveit_ros_move_group:/home/jone/ws_moveit/install/moveit_planners_ompl:/home/jone/ws_moveit/install/moveit_ros_planning:/home/jone/ws_moveit/install/moveit_ros_occupancy_map_monitor:/home/jone/ws_moveit/install/moveit_resources_prbt_ikfast_manipulator_plugin:/home/jone/ws_moveit/install/moveit_planners_chomp:/home/jone/ws_moveit/install/moveit_kinematics:/home/jone/ws_moveit/install/moveit_chomp_optimizer_adapter:/home/jone/ws_moveit/install/chomp_motion_planner:/home/jone/ws_moveit/install/rviz_marker_tools:/home/jone/ws_moveit/install/rosparam_shortcuts:/home/jone/ws_moveit/install/moveit_task_constructor_msgs:/home/jone/ws_moveit/install/moveit_resources_prbt_support:/home/jone/ws_moveit/install/moveit_resources:/home/jone/ws_moveit/install/moveit_resources_fanuc_moveit_config:/home/jone/ws_moveit/install/moveit_resources_fanuc_description:/home/jone/ws_moveit/install/moveit_configs_utils:/home/jone/ws_moveit/install/launch_param_builder:/opt/ros/humble LD_LIBRARY_PATH=/home/jone/ws_moveit/install/moveit_core/lib:/home/jone/ws_moveit/install/srdfdom/lib:/home/jone/ws_moveit/install/pilz_industrial_motion_planner_testutils/lib:/home/jone/ws_moveit/install/pilz_industrial_motion_planner/lib:/home/jone/ws_moveit/install/moveit_visual_tools/lib:/home/jone/ws_moveit/install/moveit_task_constructor_visualization/lib:/home/jone/ws_moveit/install/moveit_task_constructor_demo/lib:/home/jone/ws_moveit/install/moveit_task_constructor_capabilities/lib:/home/jone/ws_moveit/install/moveit_task_constructor_core/lib:/home/jone/ws_moveit/install/moveit_ros_control_interface/lib:/home/jone/ws_moveit/install/moveit_simple_controller_manager/lib:/home/jone/ws_moveit/install/moveit_setup_assistant/lib:/home/jone/ws_moveit/install/moveit_setup_srdf_plugins/lib:/home/jone/ws_moveit/install/moveit_setup_core_plugins/lib:/home/jone/ws_moveit/install/moveit_setup_controllers/lib:/home/jone/ws_moveit/install/moveit_setup_app_plugins/lib:/home/jone/ws_moveit/install/moveit_setup_framework/lib:/home/jone/ws_moveit/install/moveit_servo/lib:/home/jone/ws_moveit/install/moveit_ros_visualization/lib:/home/jone/ws_moveit/install/moveit_hybrid_planning/lib:/home/jone/ws_moveit/install/moveit_ros_planning_interface/lib:/home/jone/ws_moveit/install/moveit_ros_benchmarks/lib:/home/jone/ws_moveit/install/moveit_ros_warehouse/lib:/home/jone/ws_moveit/install/moveit_ros_robot_interaction/lib:/home/jone/ws_moveit/install/moveit_ros_perception/lib:/home/jone/ws_moveit/install/moveit_ros_move_group/lib:/home/jone/ws_moveit/install/moveit_planners_ompl/lib:/home/jone/ws_moveit/install/moveit_ros_planning/lib:/home/jone/ws_moveit/install/moveit_ros_occupancy_map_monitor/lib:/home/jone/ws_moveit/install/moveit_resources_prbt_ikfast_manipulator_plugin/lib:/home/jone/ws_moveit/install/moveit_planners_chomp/lib:/home/jone/ws_moveit/install/moveit_kinematics/lib:/home/jone/ws_moveit/install/moveit_chomp_optimizer_adapter/lib:/home/jone/ws_moveit/install/chomp_motion_planner/lib:/home/jone/ws_moveit/install/rviz_marker_tools/lib:/home/jone/ws_moveit/install/rosparam_shortcuts/lib:/home/jone/ws_moveit/install/moveit_task_constructor_msgs/lib:/opt/ros/humble/opt/rviz_ogre_vendor/lib:/opt/ros/humble/lib/x86_64-linux-gnu:/opt/ros/humble/lib:/usr/lib/x86_64-linux-gnu/gazebo-11/plugins:/usr/lib/x86_64-linux-gnu/gazebo-11/plugins:/usr/lib/x86_64-linux-gnu/gazebo-11/plugins /usr/bin/cmake --build /home/jone/ws_moveit/build/moveit_simple_controller_manager
[9.712s] DEBUG:colcon.colcon_core.event_handler.log_command:Invoking command in '/home/jone/ws_moveit/build/moveit_simple_controller_manager': CMAKE_PREFIX_PATH=/home/jone/ws_moveit/install/moveit_core:/home/jone/ws_moveit/install/moveit_resources_panda_moveit_config:/home/jone/ws_moveit/install/srdfdom:/home/jone/ws_moveit/install/moveit_resources_pr2_description:/home/jone/ws_moveit/install/moveit_resources_panda_description:/home/jone/ws_moveit/install/moveit_common:/home/jone/ws_moveit/install/pilz_industrial_motion_planner_testutils:/home/jone/ws_moveit/install/moveit_runtime:/home/jone/ws_moveit/install/moveit2_tutorials:/home/jone/ws_moveit/install/moveit:/home/jone/ws_moveit/install/moveit_planners:/home/jone/ws_moveit/install/pilz_industrial_motion_planner:/home/jone/ws_moveit/install/moveit_visual_tools:/home/jone/ws_moveit/install/moveit_task_constructor_visualization:/home/jone/ws_moveit/install/moveit_task_constructor_demo:/home/jone/ws_moveit/install/moveit_task_constructor_capabilities:/home/jone/ws_moveit/install/moveit_task_constructor_core:/home/jone/ws_moveit/install/moveit_ros_control_interface:/home/jone/ws_moveit/install/moveit_plugins:/home/jone/ws_moveit/install/moveit_simple_controller_manager:/home/jone/ws_moveit/install/moveit_setup_assistant:/home/jone/ws_moveit/install/moveit_setup_srdf_plugins:/home/jone/ws_moveit/install/moveit_setup_core_plugins:/home/jone/ws_moveit/install/moveit_setup_controllers:/home/jone/ws_moveit/install/moveit_setup_app_plugins:/home/jone/ws_moveit/install/moveit_setup_framework:/home/jone/ws_moveit/install/moveit_servo:/home/jone/ws_moveit/install/moveit_ros:/home/jone/ws_moveit/install/moveit_ros_visualization:/home/jone/ws_moveit/install/moveit_hybrid_planning:/home/jone/ws_moveit/install/moveit_ros_planning_interface:/home/jone/ws_moveit/install/moveit_ros_benchmarks:/home/jone/ws_moveit/install/moveit_ros_warehouse:/home/jone/ws_moveit/install/moveit_ros_robot_interaction:/home/jone/ws_moveit/install/moveit_ros_perception:/home/jone/ws_moveit/install/moveit_resources_prbt_pg70_support:/home/jone/ws_moveit/install/moveit_resources_prbt_moveit_config:/home/jone/ws_moveit/install/moveit_ros_move_group:/home/jone/ws_moveit/install/moveit_planners_ompl:/home/jone/ws_moveit/install/moveit_ros_planning:/home/jone/ws_moveit/install/moveit_ros_occupancy_map_monitor:/home/jone/ws_moveit/install/moveit_resources_prbt_ikfast_manipulator_plugin:/home/jone/ws_moveit/install/moveit_planners_chomp:/home/jone/ws_moveit/install/moveit_kinematics:/home/jone/ws_moveit/install/moveit_chomp_optimizer_adapter:/home/jone/ws_moveit/install/chomp_motion_planner:/home/jone/ws_moveit/install/rviz_marker_tools:/home/jone/ws_moveit/install/rosparam_shortcuts:/home/jone/ws_moveit/install/moveit_task_constructor_msgs:/home/jone/ws_moveit/install/moveit_resources_prbt_support:/home/jone/ws_moveit/install/moveit_resources:/home/jone/ws_moveit/install/moveit_resources_fanuc_moveit_config:/home/jone/ws_moveit/install/moveit_resources_fanuc_description:/home/jone/ws_moveit/install/moveit_configs_utils:/home/jone/ws_moveit/install/launch_param_builder:/opt/ros/humble LD_LIBRARY_PATH=/home/jone/ws_moveit/install/moveit_core/lib:/home/jone/ws_moveit/install/srdfdom/lib:/home/jone/ws_moveit/install/pilz_industrial_motion_planner_testutils/lib:/home/jone/ws_moveit/install/pilz_industrial_motion_planner/lib:/home/jone/ws_moveit/install/moveit_visual_tools/lib:/home/jone/ws_moveit/install/moveit_task_constructor_visualization/lib:/home/jone/ws_moveit/install/moveit_task_constructor_demo/lib:/home/jone/ws_moveit/install/moveit_task_constructor_capabilities/lib:/home/jone/ws_moveit/install/moveit_task_constructor_core/lib:/home/jone/ws_moveit/install/moveit_ros_control_interface/lib:/home/jone/ws_moveit/install/moveit_simple_controller_manager/lib:/home/jone/ws_moveit/install/moveit_setup_assistant/lib:/home/jone/ws_moveit/install/moveit_setup_srdf_plugins/lib:/home/jone/ws_moveit/install/moveit_setup_core_plugins/lib:/home/jone/ws_moveit/install/moveit_setup_controllers/lib:/home/jone/ws_moveit/install/moveit_setup_app_plugins/lib:/home/jone/ws_moveit/install/moveit_setup_framework/lib:/home/jone/ws_moveit/install/moveit_servo/lib:/home/jone/ws_moveit/install/moveit_ros_visualization/lib:/home/jone/ws_moveit/install/moveit_hybrid_planning/lib:/home/jone/ws_moveit/install/moveit_ros_planning_interface/lib:/home/jone/ws_moveit/install/moveit_ros_benchmarks/lib:/home/jone/ws_moveit/install/moveit_ros_warehouse/lib:/home/jone/ws_moveit/install/moveit_ros_robot_interaction/lib:/home/jone/ws_moveit/install/moveit_ros_perception/lib:/home/jone/ws_moveit/install/moveit_ros_move_group/lib:/home/jone/ws_moveit/install/moveit_planners_ompl/lib:/home/jone/ws_moveit/install/moveit_ros_planning/lib:/home/jone/ws_moveit/install/moveit_ros_occupancy_map_monitor/lib:/home/jone/ws_moveit/install/moveit_resources_prbt_ikfast_manipulator_plugin/lib:/home/jone/ws_moveit/install/moveit_planners_chomp/lib:/home/jone/ws_moveit/install/moveit_kinematics/lib:/home/jone/ws_moveit/install/moveit_chomp_optimizer_adapter/lib:/home/jone/ws_moveit/install/chomp_motion_planner/lib:/home/jone/ws_moveit/install/rviz_marker_tools/lib:/home/jone/ws_moveit/install/rosparam_shortcuts/lib:/home/jone/ws_moveit/install/moveit_task_constructor_msgs/lib:/opt/ros/humble/opt/rviz_ogre_vendor/lib:/opt/ros/humble/lib/x86_64-linux-gnu:/opt/ros/humble/lib:/usr/lib/x86_64-linux-gnu/gazebo-11/plugins:/usr/lib/x86_64-linux-gnu/gazebo-11/plugins:/usr/lib/x86_64-linux-gnu/gazebo-11/plugins /usr/bin/cmake --install /home/jone/ws_moveit/build/moveit_simple_controller_manager
[9.730s] Level 1:colcon.colcon_core.environment:create_environment_scripts_only(moveit_simple_controller_manager)
[9.730s] Level 1:colcon.colcon_core.environment:checking '/home/jone/ws_moveit/install/moveit_simple_controller_manager' for CMake module files
[9.730s] DEBUG:colcon.colcon_core.event_handler.log_command:Invoked command in '/home/jone/ws_moveit/build/moveit_simple_controller_manager' returned '0': CMAKE_PREFIX_PATH=/home/jone/ws_moveit/install/moveit_core:/home/jone/ws_moveit/install/moveit_resources_panda_moveit_config:/home/jone/ws_moveit/install/srdfdom:/home/jone/ws_moveit/install/moveit_resources_pr2_description:/home/jone/ws_moveit/install/moveit_resources_panda_description:/home/jone/ws_moveit/install/moveit_common:/home/jone/ws_moveit/install/pilz_industrial_motion_planner_testutils:/home/jone/ws_moveit/install/moveit_runtime:/home/jone/ws_moveit/install/moveit2_tutorials:/home/jone/ws_moveit/install/moveit:/home/jone/ws_moveit/install/moveit_planners:/home/jone/ws_moveit/install/pilz_industrial_motion_planner:/home/jone/ws_moveit/install/moveit_visual_tools:/home/jone/ws_moveit/install/moveit_task_constructor_visualization:/home/jone/ws_moveit/install/moveit_task_constructor_demo:/home/jone/ws_moveit/install/moveit_task_constructor_capabilities:/home/jone/ws_moveit/install/moveit_task_constructor_core:/home/jone/ws_moveit/install/moveit_ros_control_interface:/home/jone/ws_moveit/install/moveit_plugins:/home/jone/ws_moveit/install/moveit_simple_controller_manager:/home/jone/ws_moveit/install/moveit_setup_assistant:/home/jone/ws_moveit/install/moveit_setup_srdf_plugins:/home/jone/ws_moveit/install/moveit_setup_core_plugins:/home/jone/ws_moveit/install/moveit_setup_controllers:/home/jone/ws_moveit/install/moveit_setup_app_plugins:/home/jone/ws_moveit/install/moveit_setup_framework:/home/jone/ws_moveit/install/moveit_servo:/home/jone/ws_moveit/install/moveit_ros:/home/jone/ws_moveit/install/moveit_ros_visualization:/home/jone/ws_moveit/install/moveit_hybrid_planning:/home/jone/ws_moveit/install/moveit_ros_planning_interface:/home/jone/ws_moveit/install/moveit_ros_benchmarks:/home/jone/ws_moveit/install/moveit_ros_warehouse:/home/jone/ws_moveit/install/moveit_ros_robot_interaction:/home/jone/ws_moveit/install/moveit_ros_perception:/home/jone/ws_moveit/install/moveit_resources_prbt_pg70_support:/home/jone/ws_moveit/install/moveit_resources_prbt_moveit_config:/home/jone/ws_moveit/install/moveit_ros_move_group:/home/jone/ws_moveit/install/moveit_planners_ompl:/home/jone/ws_moveit/install/moveit_ros_planning:/home/jone/ws_moveit/install/moveit_ros_occupancy_map_monitor:/home/jone/ws_moveit/install/moveit_resources_prbt_ikfast_manipulator_plugin:/home/jone/ws_moveit/install/moveit_planners_chomp:/home/jone/ws_moveit/install/moveit_kinematics:/home/jone/ws_moveit/install/moveit_chomp_optimizer_adapter:/home/jone/ws_moveit/install/chomp_motion_planner:/home/jone/ws_moveit/install/rviz_marker_tools:/home/jone/ws_moveit/install/rosparam_shortcuts:/home/jone/ws_moveit/install/moveit_task_constructor_msgs:/home/jone/ws_moveit/install/moveit_resources_prbt_support:/home/jone/ws_moveit/install/moveit_resources:/home/jone/ws_moveit/install/moveit_resources_fanuc_moveit_config:/home/jone/ws_moveit/install/moveit_resources_fanuc_description:/home/jone/ws_moveit/install/moveit_configs_utils:/home/jone/ws_moveit/install/launch_param_builder:/opt/ros/humble LD_LIBRARY_PATH=/home/jone/ws_moveit/install/moveit_core/lib:/home/jone/ws_moveit/install/srdfdom/lib:/home/jone/ws_moveit/install/pilz_industrial_motion_planner_testutils/lib:/home/jone/ws_moveit/install/pilz_industrial_motion_planner/lib:/home/jone/ws_moveit/install/moveit_visual_tools/lib:/home/jone/ws_moveit/install/moveit_task_constructor_visualization/lib:/home/jone/ws_moveit/install/moveit_task_constructor_demo/lib:/home/jone/ws_moveit/install/moveit_task_constructor_capabilities/lib:/home/jone/ws_moveit/install/moveit_task_constructor_core/lib:/home/jone/ws_moveit/install/moveit_ros_control_interface/lib:/home/jone/ws_moveit/install/moveit_simple_controller_manager/lib:/home/jone/ws_moveit/install/moveit_setup_assistant/lib:/home/jone/ws_moveit/install/moveit_setup_srdf_plugins/lib:/home/jone/ws_moveit/install/moveit_setup_core_plugins/lib:/home/jone/ws_moveit/install/moveit_setup_controllers/lib:/home/jone/ws_moveit/install/moveit_setup_app_plugins/lib:/home/jone/ws_moveit/install/moveit_setup_framework/lib:/home/jone/ws_moveit/install/moveit_servo/lib:/home/jone/ws_moveit/install/moveit_ros_visualization/lib:/home/jone/ws_moveit/install/moveit_hybrid_planning/lib:/home/jone/ws_moveit/install/moveit_ros_planning_interface/lib:/home/jone/ws_moveit/install/moveit_ros_benchmarks/lib:/home/jone/ws_moveit/install/moveit_ros_warehouse/lib:/home/jone/ws_moveit/install/moveit_ros_robot_interaction/lib:/home/jone/ws_moveit/install/moveit_ros_perception/lib:/home/jone/ws_moveit/install/moveit_ros_move_group/lib:/home/jone/ws_moveit/install/moveit_planners_ompl/lib:/home/jone/ws_moveit/install/moveit_ros_planning/lib:/home/jone/ws_moveit/install/moveit_ros_occupancy_map_monitor/lib:/home/jone/ws_moveit/install/moveit_resources_prbt_ikfast_manipulator_plugin/lib:/home/jone/ws_moveit/install/moveit_planners_chomp/lib:/home/jone/ws_moveit/install/moveit_kinematics/lib:/home/jone/ws_moveit/install/moveit_chomp_optimizer_adapter/lib:/home/jone/ws_moveit/install/chomp_motion_planner/lib:/home/jone/ws_moveit/install/rviz_marker_tools/lib:/home/jone/ws_moveit/install/rosparam_shortcuts/lib:/home/jone/ws_moveit/install/moveit_task_constructor_msgs/lib:/opt/ros/humble/opt/rviz_ogre_vendor/lib:/opt/ros/humble/lib/x86_64-linux-gnu:/opt/ros/humble/lib:/usr/lib/x86_64-linux-gnu/gazebo-11/plugins:/usr/lib/x86_64-linux-gnu/gazebo-11/plugins:/usr/lib/x86_64-linux-gnu/gazebo-11/plugins /usr/bin/cmake --install /home/jone/ws_moveit/build/moveit_simple_controller_manager
[9.731s] Level 1:colcon.colcon_core.environment:checking '/home/jone/ws_moveit/install/moveit_simple_controller_manager' for CMake config files
[9.732s] Level 1:colcon.colcon_core.shell:create_environment_hook('moveit_simple_controller_manager', 'cmake_prefix_path')
[9.732s] INFO:colcon.colcon_core.shell:Creating environment hook '/home/jone/ws_moveit/install/moveit_simple_controller_manager/share/moveit_simple_controller_manager/hook/cmake_prefix_path.ps1'
[9.732s] INFO:colcon.colcon_core.shell:Creating environment descriptor '/home/jone/ws_moveit/install/moveit_simple_controller_manager/share/moveit_simple_controller_manager/hook/cmake_prefix_path.dsv'
[9.732s] INFO:colcon.colcon_core.shell:Creating environment hook '/home/jone/ws_moveit/install/moveit_simple_controller_manager/share/moveit_simple_controller_manager/hook/cmake_prefix_path.sh'
[9.733s] Level 1:colcon.colcon_core.environment:checking '/home/jone/ws_moveit/install/moveit_simple_controller_manager/lib'
[9.733s] Level 1:colcon.colcon_core.shell:create_environment_hook('moveit_simple_controller_manager', 'ld_library_path_lib')
[9.733s] INFO:colcon.colcon_core.shell:Creating environment hook '/home/jone/ws_moveit/install/moveit_simple_controller_manager/share/moveit_simple_controller_manager/hook/ld_library_path_lib.ps1'
[9.733s] INFO:colcon.colcon_core.shell:Creating environment descriptor '/home/jone/ws_moveit/install/moveit_simple_controller_manager/share/moveit_simple_controller_manager/hook/ld_library_path_lib.dsv'
[9.734s] INFO:colcon.colcon_core.shell:Creating environment hook '/home/jone/ws_moveit/install/moveit_simple_controller_manager/share/moveit_simple_controller_manager/hook/ld_library_path_lib.sh'
[9.734s] Level 1:colcon.colcon_core.environment:checking '/home/jone/ws_moveit/install/moveit_simple_controller_manager/bin'
[9.734s] Level 1:colcon.colcon_core.environment:checking '/home/jone/ws_moveit/install/moveit_simple_controller_manager/lib/pkgconfig/moveit_simple_controller_manager.pc'
[9.734s] Level 1:colcon.colcon_core.environment:checking '/home/jone/ws_moveit/install/moveit_simple_controller_manager/lib/python3.10/site-packages'
[9.734s] Level 1:colcon.colcon_core.environment:checking '/home/jone/ws_moveit/install/moveit_simple_controller_manager/bin'
[9.734s] INFO:colcon.colcon_core.shell:Creating package script '/home/jone/ws_moveit/install/moveit_simple_controller_manager/share/moveit_simple_controller_manager/package.ps1'
[9.735s] INFO:colcon.colcon_core.shell:Creating package descriptor '/home/jone/ws_moveit/install/moveit_simple_controller_manager/share/moveit_simple_controller_manager/package.dsv'
[9.735s] INFO:colcon.colcon_core.shell:Creating package script '/home/jone/ws_moveit/install/moveit_simple_controller_manager/share/moveit_simple_controller_manager/package.sh'
[9.736s] INFO:colcon.colcon_core.shell:Creating package script '/home/jone/ws_moveit/install/moveit_simple_controller_manager/share/moveit_simple_controller_manager/package.bash'
[9.736s] INFO:colcon.colcon_core.shell:Creating package script '/home/jone/ws_moveit/install/moveit_simple_controller_manager/share/moveit_simple_controller_manager/package.zsh'
[9.736s] Level 1:colcon.colcon_core.environment:create_file_with_runtime_dependencies(/home/jone/ws_moveit/install/moveit_simple_controller_manager/share/colcon-core/packages/moveit_simple_controller_manager)
[9.737s] Level 1:colcon.colcon_core.environment:create_environment_scripts_only(moveit_simple_controller_manager)
[9.737s] Level 1:colcon.colcon_core.environment:checking '/home/jone/ws_moveit/install/moveit_simple_controller_manager' for CMake module files
[9.737s] Level 1:colcon.colcon_core.environment:checking '/home/jone/ws_moveit/install/moveit_simple_controller_manager' for CMake config files
[9.737s] Level 1:colcon.colcon_core.shell:create_environment_hook('moveit_simple_controller_manager', 'cmake_prefix_path')
[9.737s] INFO:colcon.colcon_core.shell:Creating environment hook '/home/jone/ws_moveit/install/moveit_simple_controller_manager/share/moveit_simple_controller_manager/hook/cmake_prefix_path.ps1'
[9.738s] INFO:colcon.colcon_core.shell:Creating environment descriptor '/home/jone/ws_moveit/install/moveit_simple_controller_manager/share/moveit_simple_controller_manager/hook/cmake_prefix_path.dsv'
[9.738s] INFO:colcon.colcon_core.shell:Creating environment hook '/home/jone/ws_moveit/install/moveit_simple_controller_manager/share/moveit_simple_controller_manager/hook/cmake_prefix_path.sh'
[9.738s] Level 1:colcon.colcon_core.environment:checking '/home/jone/ws_moveit/install/moveit_simple_controller_manager/lib'
[9.738s] Level 1:colcon.colcon_core.shell:create_environment_hook('moveit_simple_controller_manager', 'ld_library_path_lib')
[9.738s] INFO:colcon.colcon_core.shell:Creating environment hook '/home/jone/ws_moveit/install/moveit_simple_controller_manager/share/moveit_simple_controller_manager/hook/ld_library_path_lib.ps1'
[9.739s] INFO:colcon.colcon_core.shell:Creating environment descriptor '/home/jone/ws_moveit/install/moveit_simple_controller_manager/share/moveit_simple_controller_manager/hook/ld_library_path_lib.dsv'
[9.739s] INFO:colcon.colcon_core.shell:Creating environment hook '/home/jone/ws_moveit/install/moveit_simple_controller_manager/share/moveit_simple_controller_manager/hook/ld_library_path_lib.sh'
[9.739s] Level 1:colcon.colcon_core.environment:checking '/home/jone/ws_moveit/install/moveit_simple_controller_manager/bin'
[9.739s] Level 1:colcon.colcon_core.environment:checking '/home/jone/ws_moveit/install/moveit_simple_controller_manager/lib/pkgconfig/moveit_simple_controller_manager.pc'
[9.739s] Level 1:colcon.colcon_core.environment:checking '/home/jone/ws_moveit/install/moveit_simple_controller_manager/lib/python3.10/site-packages'
[9.740s] Level 1:colcon.colcon_core.environment:checking '/home/jone/ws_moveit/install/moveit_simple_controller_manager/bin'
[9.740s] INFO:colcon.colcon_core.shell:Creating package script '/home/jone/ws_moveit/install/moveit_simple_controller_manager/share/moveit_simple_controller_manager/package.ps1'
[9.740s] INFO:colcon.colcon_core.shell:Creating package descriptor '/home/jone/ws_moveit/install/moveit_simple_controller_manager/share/moveit_simple_controller_manager/package.dsv'
[9.740s] INFO:colcon.colcon_core.shell:Creating package script '/home/jone/ws_moveit/install/moveit_simple_controller_manager/share/moveit_simple_controller_manager/package.sh'
[9.741s] INFO:colcon.colcon_core.shell:Creating package script '/home/jone/ws_moveit/install/moveit_simple_controller_manager/share/moveit_simple_controller_manager/package.bash'
[9.741s] INFO:colcon.colcon_core.shell:Creating package script '/home/jone/ws_moveit/install/moveit_simple_controller_manager/share/moveit_simple_controller_manager/package.zsh'
[9.741s] Level 1:colcon.colcon_core.environment:create_file_with_runtime_dependencies(/home/jone/ws_moveit/install/moveit_simple_controller_manager/share/colcon-core/packages/moveit_simple_controller_manager)
[9.741s] DEBUG:colcon.colcon_core.executor.sequential:run_until_complete 'moveit_simple_controller_manager' finished with '0'
[9.741s] DEBUG:colcon.colcon_core.executor.sequential:run_until_complete 'pilz_industrial_motion_planner_testutils'
[9.742s] INFO:colcon.colcon_ros.task.ament_cmake.build:Building ROS package in '/home/jone/ws_moveit/src/moveit2/moveit_planners/pilz_industrial_motion_planner_testutils' with build type 'ament_cmake'
[9.742s] INFO:colcon.colcon_cmake.task.cmake.build:Building CMake package in '/home/jone/ws_moveit/src/moveit2/moveit_planners/pilz_industrial_motion_planner_testutils'
[9.742s] INFO:colcon.colcon_core.shell:Skip shell extension 'powershell' for command environment: Not usable outside of PowerShell
[9.742s] DEBUG:colcon.colcon_core.shell:Skip shell extension 'dsv' for command environment
[9.765s] DEBUG:colcon.colcon_core.event_handler.log_command:Invoking command in '/home/jone/ws_moveit/build/pilz_industrial_motion_planner_testutils': CMAKE_PREFIX_PATH=/home/jone/ws_moveit/install/moveit_core:/home/jone/ws_moveit/install/moveit_resources_panda_moveit_config:/home/jone/ws_moveit/install/srdfdom:/home/jone/ws_moveit/install/moveit_resources_pr2_description:/home/jone/ws_moveit/install/moveit_resources_panda_description:/home/jone/ws_moveit/install/moveit_common:/home/jone/ws_moveit/install/pilz_industrial_motion_planner_testutils:/home/jone/ws_moveit/install/moveit_runtime:/home/jone/ws_moveit/install/moveit2_tutorials:/home/jone/ws_moveit/install/moveit:/home/jone/ws_moveit/install/moveit_planners:/home/jone/ws_moveit/install/pilz_industrial_motion_planner:/home/jone/ws_moveit/install/moveit_visual_tools:/home/jone/ws_moveit/install/moveit_task_constructor_visualization:/home/jone/ws_moveit/install/moveit_task_constructor_demo:/home/jone/ws_moveit/install/moveit_task_constructor_capabilities:/home/jone/ws_moveit/install/moveit_task_constructor_core:/home/jone/ws_moveit/install/moveit_ros_control_interface:/home/jone/ws_moveit/install/moveit_plugins:/home/jone/ws_moveit/install/moveit_simple_controller_manager:/home/jone/ws_moveit/install/moveit_setup_assistant:/home/jone/ws_moveit/install/moveit_setup_srdf_plugins:/home/jone/ws_moveit/install/moveit_setup_core_plugins:/home/jone/ws_moveit/install/moveit_setup_controllers:/home/jone/ws_moveit/install/moveit_setup_app_plugins:/home/jone/ws_moveit/install/moveit_setup_framework:/home/jone/ws_moveit/install/moveit_servo:/home/jone/ws_moveit/install/moveit_ros:/home/jone/ws_moveit/install/moveit_ros_visualization:/home/jone/ws_moveit/install/moveit_hybrid_planning:/home/jone/ws_moveit/install/moveit_ros_planning_interface:/home/jone/ws_moveit/install/moveit_ros_benchmarks:/home/jone/ws_moveit/install/moveit_ros_warehouse:/home/jone/ws_moveit/install/moveit_ros_robot_interaction:/home/jone/ws_moveit/install/moveit_ros_perception:/home/jone/ws_moveit/install/moveit_resources_prbt_pg70_support:/home/jone/ws_moveit/install/moveit_resources_prbt_moveit_config:/home/jone/ws_moveit/install/moveit_ros_move_group:/home/jone/ws_moveit/install/moveit_planners_ompl:/home/jone/ws_moveit/install/moveit_ros_planning:/home/jone/ws_moveit/install/moveit_ros_occupancy_map_monitor:/home/jone/ws_moveit/install/moveit_resources_prbt_ikfast_manipulator_plugin:/home/jone/ws_moveit/install/moveit_planners_chomp:/home/jone/ws_moveit/install/moveit_kinematics:/home/jone/ws_moveit/install/moveit_chomp_optimizer_adapter:/home/jone/ws_moveit/install/chomp_motion_planner:/home/jone/ws_moveit/install/rviz_marker_tools:/home/jone/ws_moveit/install/rosparam_shortcuts:/home/jone/ws_moveit/install/moveit_task_constructor_msgs:/home/jone/ws_moveit/install/moveit_resources_prbt_support:/home/jone/ws_moveit/install/moveit_resources:/home/jone/ws_moveit/install/moveit_resources_fanuc_moveit_config:/home/jone/ws_moveit/install/moveit_resources_fanuc_description:/home/jone/ws_moveit/install/moveit_configs_utils:/home/jone/ws_moveit/install/launch_param_builder:/opt/ros/humble LD_LIBRARY_PATH=/home/jone/ws_moveit/install/moveit_core/lib:/home/jone/ws_moveit/install/srdfdom/lib:/home/jone/ws_moveit/install/pilz_industrial_motion_planner_testutils/lib:/home/jone/ws_moveit/install/pilz_industrial_motion_planner/lib:/home/jone/ws_moveit/install/moveit_visual_tools/lib:/home/jone/ws_moveit/install/moveit_task_constructor_visualization/lib:/home/jone/ws_moveit/install/moveit_task_constructor_demo/lib:/home/jone/ws_moveit/install/moveit_task_constructor_capabilities/lib:/home/jone/ws_moveit/install/moveit_task_constructor_core/lib:/home/jone/ws_moveit/install/moveit_ros_control_interface/lib:/home/jone/ws_moveit/install/moveit_simple_controller_manager/lib:/home/jone/ws_moveit/install/moveit_setup_assistant/lib:/home/jone/ws_moveit/install/moveit_setup_srdf_plugins/lib:/home/jone/ws_moveit/install/moveit_setup_core_plugins/lib:/home/jone/ws_moveit/install/moveit_setup_controllers/lib:/home/jone/ws_moveit/install/moveit_setup_app_plugins/lib:/home/jone/ws_moveit/install/moveit_setup_framework/lib:/home/jone/ws_moveit/install/moveit_servo/lib:/home/jone/ws_moveit/install/moveit_ros_visualization/lib:/home/jone/ws_moveit/install/moveit_hybrid_planning/lib:/home/jone/ws_moveit/install/moveit_ros_planning_interface/lib:/home/jone/ws_moveit/install/moveit_ros_benchmarks/lib:/home/jone/ws_moveit/install/moveit_ros_warehouse/lib:/home/jone/ws_moveit/install/moveit_ros_robot_interaction/lib:/home/jone/ws_moveit/install/moveit_ros_perception/lib:/home/jone/ws_moveit/install/moveit_ros_move_group/lib:/home/jone/ws_moveit/install/moveit_planners_ompl/lib:/home/jone/ws_moveit/install/moveit_ros_planning/lib:/home/jone/ws_moveit/install/moveit_ros_occupancy_map_monitor/lib:/home/jone/ws_moveit/install/moveit_resources_prbt_ikfast_manipulator_plugin/lib:/home/jone/ws_moveit/install/moveit_planners_chomp/lib:/home/jone/ws_moveit/install/moveit_kinematics/lib:/home/jone/ws_moveit/install/moveit_chomp_optimizer_adapter/lib:/home/jone/ws_moveit/install/chomp_motion_planner/lib:/home/jone/ws_moveit/install/rviz_marker_tools/lib:/home/jone/ws_moveit/install/rosparam_shortcuts/lib:/home/jone/ws_moveit/install/moveit_task_constructor_msgs/lib:/opt/ros/humble/opt/rviz_ogre_vendor/lib:/opt/ros/humble/lib/x86_64-linux-gnu:/opt/ros/humble/lib:/usr/lib/x86_64-linux-gnu/gazebo-11/plugins:/usr/lib/x86_64-linux-gnu/gazebo-11/plugins:/usr/lib/x86_64-linux-gnu/gazebo-11/plugins /usr/bin/cmake --build /home/jone/ws_moveit/build/pilz_industrial_motion_planner_testutils
[9.873s] DEBUG:colcon.colcon_core.event_handler.log_command:Invoked command in '/home/jone/ws_moveit/build/pilz_industrial_motion_planner_testutils' returned '0': CMAKE_PREFIX_PATH=/home/jone/ws_moveit/install/moveit_core:/home/jone/ws_moveit/install/moveit_resources_panda_moveit_config:/home/jone/ws_moveit/install/srdfdom:/home/jone/ws_moveit/install/moveit_resources_pr2_description:/home/jone/ws_moveit/install/moveit_resources_panda_description:/home/jone/ws_moveit/install/moveit_common:/home/jone/ws_moveit/install/pilz_industrial_motion_planner_testutils:/home/jone/ws_moveit/install/moveit_runtime:/home/jone/ws_moveit/install/moveit2_tutorials:/home/jone/ws_moveit/install/moveit:/home/jone/ws_moveit/install/moveit_planners:/home/jone/ws_moveit/install/pilz_industrial_motion_planner:/home/jone/ws_moveit/install/moveit_visual_tools:/home/jone/ws_moveit/install/moveit_task_constructor_visualization:/home/jone/ws_moveit/install/moveit_task_constructor_demo:/home/jone/ws_moveit/install/moveit_task_constructor_capabilities:/home/jone/ws_moveit/install/moveit_task_constructor_core:/home/jone/ws_moveit/install/moveit_ros_control_interface:/home/jone/ws_moveit/install/moveit_plugins:/home/jone/ws_moveit/install/moveit_simple_controller_manager:/home/jone/ws_moveit/install/moveit_setup_assistant:/home/jone/ws_moveit/install/moveit_setup_srdf_plugins:/home/jone/ws_moveit/install/moveit_setup_core_plugins:/home/jone/ws_moveit/install/moveit_setup_controllers:/home/jone/ws_moveit/install/moveit_setup_app_plugins:/home/jone/ws_moveit/install/moveit_setup_framework:/home/jone/ws_moveit/install/moveit_servo:/home/jone/ws_moveit/install/moveit_ros:/home/jone/ws_moveit/install/moveit_ros_visualization:/home/jone/ws_moveit/install/moveit_hybrid_planning:/home/jone/ws_moveit/install/moveit_ros_planning_interface:/home/jone/ws_moveit/install/moveit_ros_benchmarks:/home/jone/ws_moveit/install/moveit_ros_warehouse:/home/jone/ws_moveit/install/moveit_ros_robot_interaction:/home/jone/ws_moveit/install/moveit_ros_perception:/home/jone/ws_moveit/install/moveit_resources_prbt_pg70_support:/home/jone/ws_moveit/install/moveit_resources_prbt_moveit_config:/home/jone/ws_moveit/install/moveit_ros_move_group:/home/jone/ws_moveit/install/moveit_planners_ompl:/home/jone/ws_moveit/install/moveit_ros_planning:/home/jone/ws_moveit/install/moveit_ros_occupancy_map_monitor:/home/jone/ws_moveit/install/moveit_resources_prbt_ikfast_manipulator_plugin:/home/jone/ws_moveit/install/moveit_planners_chomp:/home/jone/ws_moveit/install/moveit_kinematics:/home/jone/ws_moveit/install/moveit_chomp_optimizer_adapter:/home/jone/ws_moveit/install/chomp_motion_planner:/home/jone/ws_moveit/install/rviz_marker_tools:/home/jone/ws_moveit/install/rosparam_shortcuts:/home/jone/ws_moveit/install/moveit_task_constructor_msgs:/home/jone/ws_moveit/install/moveit_resources_prbt_support:/home/jone/ws_moveit/install/moveit_resources:/home/jone/ws_moveit/install/moveit_resources_fanuc_moveit_config:/home/jone/ws_moveit/install/moveit_resources_fanuc_description:/home/jone/ws_moveit/install/moveit_configs_utils:/home/jone/ws_moveit/install/launch_param_builder:/opt/ros/humble LD_LIBRARY_PATH=/home/jone/ws_moveit/install/moveit_core/lib:/home/jone/ws_moveit/install/srdfdom/lib:/home/jone/ws_moveit/install/pilz_industrial_motion_planner_testutils/lib:/home/jone/ws_moveit/install/pilz_industrial_motion_planner/lib:/home/jone/ws_moveit/install/moveit_visual_tools/lib:/home/jone/ws_moveit/install/moveit_task_constructor_visualization/lib:/home/jone/ws_moveit/install/moveit_task_constructor_demo/lib:/home/jone/ws_moveit/install/moveit_task_constructor_capabilities/lib:/home/jone/ws_moveit/install/moveit_task_constructor_core/lib:/home/jone/ws_moveit/install/moveit_ros_control_interface/lib:/home/jone/ws_moveit/install/moveit_simple_controller_manager/lib:/home/jone/ws_moveit/install/moveit_setup_assistant/lib:/home/jone/ws_moveit/install/moveit_setup_srdf_plugins/lib:/home/jone/ws_moveit/install/moveit_setup_core_plugins/lib:/home/jone/ws_moveit/install/moveit_setup_controllers/lib:/home/jone/ws_moveit/install/moveit_setup_app_plugins/lib:/home/jone/ws_moveit/install/moveit_setup_framework/lib:/home/jone/ws_moveit/install/moveit_servo/lib:/home/jone/ws_moveit/install/moveit_ros_visualization/lib:/home/jone/ws_moveit/install/moveit_hybrid_planning/lib:/home/jone/ws_moveit/install/moveit_ros_planning_interface/lib:/home/jone/ws_moveit/install/moveit_ros_benchmarks/lib:/home/jone/ws_moveit/install/moveit_ros_warehouse/lib:/home/jone/ws_moveit/install/moveit_ros_robot_interaction/lib:/home/jone/ws_moveit/install/moveit_ros_perception/lib:/home/jone/ws_moveit/install/moveit_ros_move_group/lib:/home/jone/ws_moveit/install/moveit_planners_ompl/lib:/home/jone/ws_moveit/install/moveit_ros_planning/lib:/home/jone/ws_moveit/install/moveit_ros_occupancy_map_monitor/lib:/home/jone/ws_moveit/install/moveit_resources_prbt_ikfast_manipulator_plugin/lib:/home/jone/ws_moveit/install/moveit_planners_chomp/lib:/home/jone/ws_moveit/install/moveit_kinematics/lib:/home/jone/ws_moveit/install/moveit_chomp_optimizer_adapter/lib:/home/jone/ws_moveit/install/chomp_motion_planner/lib:/home/jone/ws_moveit/install/rviz_marker_tools/lib:/home/jone/ws_moveit/install/rosparam_shortcuts/lib:/home/jone/ws_moveit/install/moveit_task_constructor_msgs/lib:/opt/ros/humble/opt/rviz_ogre_vendor/lib:/opt/ros/humble/lib/x86_64-linux-gnu:/opt/ros/humble/lib:/usr/lib/x86_64-linux-gnu/gazebo-11/plugins:/usr/lib/x86_64-linux-gnu/gazebo-11/plugins:/usr/lib/x86_64-linux-gnu/gazebo-11/plugins /usr/bin/cmake --build /home/jone/ws_moveit/build/pilz_industrial_motion_planner_testutils
[9.892s] DEBUG:colcon.colcon_core.event_handler.log_command:Invoking command in '/home/jone/ws_moveit/build/pilz_industrial_motion_planner_testutils': CMAKE_PREFIX_PATH=/home/jone/ws_moveit/install/moveit_core:/home/jone/ws_moveit/install/moveit_resources_panda_moveit_config:/home/jone/ws_moveit/install/srdfdom:/home/jone/ws_moveit/install/moveit_resources_pr2_description:/home/jone/ws_moveit/install/moveit_resources_panda_description:/home/jone/ws_moveit/install/moveit_common:/home/jone/ws_moveit/install/pilz_industrial_motion_planner_testutils:/home/jone/ws_moveit/install/moveit_runtime:/home/jone/ws_moveit/install/moveit2_tutorials:/home/jone/ws_moveit/install/moveit:/home/jone/ws_moveit/install/moveit_planners:/home/jone/ws_moveit/install/pilz_industrial_motion_planner:/home/jone/ws_moveit/install/moveit_visual_tools:/home/jone/ws_moveit/install/moveit_task_constructor_visualization:/home/jone/ws_moveit/install/moveit_task_constructor_demo:/home/jone/ws_moveit/install/moveit_task_constructor_capabilities:/home/jone/ws_moveit/install/moveit_task_constructor_core:/home/jone/ws_moveit/install/moveit_ros_control_interface:/home/jone/ws_moveit/install/moveit_plugins:/home/jone/ws_moveit/install/moveit_simple_controller_manager:/home/jone/ws_moveit/install/moveit_setup_assistant:/home/jone/ws_moveit/install/moveit_setup_srdf_plugins:/home/jone/ws_moveit/install/moveit_setup_core_plugins:/home/jone/ws_moveit/install/moveit_setup_controllers:/home/jone/ws_moveit/install/moveit_setup_app_plugins:/home/jone/ws_moveit/install/moveit_setup_framework:/home/jone/ws_moveit/install/moveit_servo:/home/jone/ws_moveit/install/moveit_ros:/home/jone/ws_moveit/install/moveit_ros_visualization:/home/jone/ws_moveit/install/moveit_hybrid_planning:/home/jone/ws_moveit/install/moveit_ros_planning_interface:/home/jone/ws_moveit/install/moveit_ros_benchmarks:/home/jone/ws_moveit/install/moveit_ros_warehouse:/home/jone/ws_moveit/install/moveit_ros_robot_interaction:/home/jone/ws_moveit/install/moveit_ros_perception:/home/jone/ws_moveit/install/moveit_resources_prbt_pg70_support:/home/jone/ws_moveit/install/moveit_resources_prbt_moveit_config:/home/jone/ws_moveit/install/moveit_ros_move_group:/home/jone/ws_moveit/install/moveit_planners_ompl:/home/jone/ws_moveit/install/moveit_ros_planning:/home/jone/ws_moveit/install/moveit_ros_occupancy_map_monitor:/home/jone/ws_moveit/install/moveit_resources_prbt_ikfast_manipulator_plugin:/home/jone/ws_moveit/install/moveit_planners_chomp:/home/jone/ws_moveit/install/moveit_kinematics:/home/jone/ws_moveit/install/moveit_chomp_optimizer_adapter:/home/jone/ws_moveit/install/chomp_motion_planner:/home/jone/ws_moveit/install/rviz_marker_tools:/home/jone/ws_moveit/install/rosparam_shortcuts:/home/jone/ws_moveit/install/moveit_task_constructor_msgs:/home/jone/ws_moveit/install/moveit_resources_prbt_support:/home/jone/ws_moveit/install/moveit_resources:/home/jone/ws_moveit/install/moveit_resources_fanuc_moveit_config:/home/jone/ws_moveit/install/moveit_resources_fanuc_description:/home/jone/ws_moveit/install/moveit_configs_utils:/home/jone/ws_moveit/install/launch_param_builder:/opt/ros/humble LD_LIBRARY_PATH=/home/jone/ws_moveit/install/moveit_core/lib:/home/jone/ws_moveit/install/srdfdom/lib:/home/jone/ws_moveit/install/pilz_industrial_motion_planner_testutils/lib:/home/jone/ws_moveit/install/pilz_industrial_motion_planner/lib:/home/jone/ws_moveit/install/moveit_visual_tools/lib:/home/jone/ws_moveit/install/moveit_task_constructor_visualization/lib:/home/jone/ws_moveit/install/moveit_task_constructor_demo/lib:/home/jone/ws_moveit/install/moveit_task_constructor_capabilities/lib:/home/jone/ws_moveit/install/moveit_task_constructor_core/lib:/home/jone/ws_moveit/install/moveit_ros_control_interface/lib:/home/jone/ws_moveit/install/moveit_simple_controller_manager/lib:/home/jone/ws_moveit/install/moveit_setup_assistant/lib:/home/jone/ws_moveit/install/moveit_setup_srdf_plugins/lib:/home/jone/ws_moveit/install/moveit_setup_core_plugins/lib:/home/jone/ws_moveit/install/moveit_setup_controllers/lib:/home/jone/ws_moveit/install/moveit_setup_app_plugins/lib:/home/jone/ws_moveit/install/moveit_setup_framework/lib:/home/jone/ws_moveit/install/moveit_servo/lib:/home/jone/ws_moveit/install/moveit_ros_visualization/lib:/home/jone/ws_moveit/install/moveit_hybrid_planning/lib:/home/jone/ws_moveit/install/moveit_ros_planning_interface/lib:/home/jone/ws_moveit/install/moveit_ros_benchmarks/lib:/home/jone/ws_moveit/install/moveit_ros_warehouse/lib:/home/jone/ws_moveit/install/moveit_ros_robot_interaction/lib:/home/jone/ws_moveit/install/moveit_ros_perception/lib:/home/jone/ws_moveit/install/moveit_ros_move_group/lib:/home/jone/ws_moveit/install/moveit_planners_ompl/lib:/home/jone/ws_moveit/install/moveit_ros_planning/lib:/home/jone/ws_moveit/install/moveit_ros_occupancy_map_monitor/lib:/home/jone/ws_moveit/install/moveit_resources_prbt_ikfast_manipulator_plugin/lib:/home/jone/ws_moveit/install/moveit_planners_chomp/lib:/home/jone/ws_moveit/install/moveit_kinematics/lib:/home/jone/ws_moveit/install/moveit_chomp_optimizer_adapter/lib:/home/jone/ws_moveit/install/chomp_motion_planner/lib:/home/jone/ws_moveit/install/rviz_marker_tools/lib:/home/jone/ws_moveit/install/rosparam_shortcuts/lib:/home/jone/ws_moveit/install/moveit_task_constructor_msgs/lib:/opt/ros/humble/opt/rviz_ogre_vendor/lib:/opt/ros/humble/lib/x86_64-linux-gnu:/opt/ros/humble/lib:/usr/lib/x86_64-linux-gnu/gazebo-11/plugins:/usr/lib/x86_64-linux-gnu/gazebo-11/plugins:/usr/lib/x86_64-linux-gnu/gazebo-11/plugins /usr/bin/cmake --install /home/jone/ws_moveit/build/pilz_industrial_motion_planner_testutils
[9.917s] Level 1:colcon.colcon_core.environment:create_environment_scripts_only(pilz_industrial_motion_planner_testutils)
[9.917s] Level 1:colcon.colcon_core.environment:checking '/home/jone/ws_moveit/install/pilz_industrial_motion_planner_testutils' for CMake module files
[9.918s] DEBUG:colcon.colcon_core.event_handler.log_command:Invoked command in '/home/jone/ws_moveit/build/pilz_industrial_motion_planner_testutils' returned '0': CMAKE_PREFIX_PATH=/home/jone/ws_moveit/install/moveit_core:/home/jone/ws_moveit/install/moveit_resources_panda_moveit_config:/home/jone/ws_moveit/install/srdfdom:/home/jone/ws_moveit/install/moveit_resources_pr2_description:/home/jone/ws_moveit/install/moveit_resources_panda_description:/home/jone/ws_moveit/install/moveit_common:/home/jone/ws_moveit/install/pilz_industrial_motion_planner_testutils:/home/jone/ws_moveit/install/moveit_runtime:/home/jone/ws_moveit/install/moveit2_tutorials:/home/jone/ws_moveit/install/moveit:/home/jone/ws_moveit/install/moveit_planners:/home/jone/ws_moveit/install/pilz_industrial_motion_planner:/home/jone/ws_moveit/install/moveit_visual_tools:/home/jone/ws_moveit/install/moveit_task_constructor_visualization:/home/jone/ws_moveit/install/moveit_task_constructor_demo:/home/jone/ws_moveit/install/moveit_task_constructor_capabilities:/home/jone/ws_moveit/install/moveit_task_constructor_core:/home/jone/ws_moveit/install/moveit_ros_control_interface:/home/jone/ws_moveit/install/moveit_plugins:/home/jone/ws_moveit/install/moveit_simple_controller_manager:/home/jone/ws_moveit/install/moveit_setup_assistant:/home/jone/ws_moveit/install/moveit_setup_srdf_plugins:/home/jone/ws_moveit/install/moveit_setup_core_plugins:/home/jone/ws_moveit/install/moveit_setup_controllers:/home/jone/ws_moveit/install/moveit_setup_app_plugins:/home/jone/ws_moveit/install/moveit_setup_framework:/home/jone/ws_moveit/install/moveit_servo:/home/jone/ws_moveit/install/moveit_ros:/home/jone/ws_moveit/install/moveit_ros_visualization:/home/jone/ws_moveit/install/moveit_hybrid_planning:/home/jone/ws_moveit/install/moveit_ros_planning_interface:/home/jone/ws_moveit/install/moveit_ros_benchmarks:/home/jone/ws_moveit/install/moveit_ros_warehouse:/home/jone/ws_moveit/install/moveit_ros_robot_interaction:/home/jone/ws_moveit/install/moveit_ros_perception:/home/jone/ws_moveit/install/moveit_resources_prbt_pg70_support:/home/jone/ws_moveit/install/moveit_resources_prbt_moveit_config:/home/jone/ws_moveit/install/moveit_ros_move_group:/home/jone/ws_moveit/install/moveit_planners_ompl:/home/jone/ws_moveit/install/moveit_ros_planning:/home/jone/ws_moveit/install/moveit_ros_occupancy_map_monitor:/home/jone/ws_moveit/install/moveit_resources_prbt_ikfast_manipulator_plugin:/home/jone/ws_moveit/install/moveit_planners_chomp:/home/jone/ws_moveit/install/moveit_kinematics:/home/jone/ws_moveit/install/moveit_chomp_optimizer_adapter:/home/jone/ws_moveit/install/chomp_motion_planner:/home/jone/ws_moveit/install/rviz_marker_tools:/home/jone/ws_moveit/install/rosparam_shortcuts:/home/jone/ws_moveit/install/moveit_task_constructor_msgs:/home/jone/ws_moveit/install/moveit_resources_prbt_support:/home/jone/ws_moveit/install/moveit_resources:/home/jone/ws_moveit/install/moveit_resources_fanuc_moveit_config:/home/jone/ws_moveit/install/moveit_resources_fanuc_description:/home/jone/ws_moveit/install/moveit_configs_utils:/home/jone/ws_moveit/install/launch_param_builder:/opt/ros/humble LD_LIBRARY_PATH=/home/jone/ws_moveit/install/moveit_core/lib:/home/jone/ws_moveit/install/srdfdom/lib:/home/jone/ws_moveit/install/pilz_industrial_motion_planner_testutils/lib:/home/jone/ws_moveit/install/pilz_industrial_motion_planner/lib:/home/jone/ws_moveit/install/moveit_visual_tools/lib:/home/jone/ws_moveit/install/moveit_task_constructor_visualization/lib:/home/jone/ws_moveit/install/moveit_task_constructor_demo/lib:/home/jone/ws_moveit/install/moveit_task_constructor_capabilities/lib:/home/jone/ws_moveit/install/moveit_task_constructor_core/lib:/home/jone/ws_moveit/install/moveit_ros_control_interface/lib:/home/jone/ws_moveit/install/moveit_simple_controller_manager/lib:/home/jone/ws_moveit/install/moveit_setup_assistant/lib:/home/jone/ws_moveit/install/moveit_setup_srdf_plugins/lib:/home/jone/ws_moveit/install/moveit_setup_core_plugins/lib:/home/jone/ws_moveit/install/moveit_setup_controllers/lib:/home/jone/ws_moveit/install/moveit_setup_app_plugins/lib:/home/jone/ws_moveit/install/moveit_setup_framework/lib:/home/jone/ws_moveit/install/moveit_servo/lib:/home/jone/ws_moveit/install/moveit_ros_visualization/lib:/home/jone/ws_moveit/install/moveit_hybrid_planning/lib:/home/jone/ws_moveit/install/moveit_ros_planning_interface/lib:/home/jone/ws_moveit/install/moveit_ros_benchmarks/lib:/home/jone/ws_moveit/install/moveit_ros_warehouse/lib:/home/jone/ws_moveit/install/moveit_ros_robot_interaction/lib:/home/jone/ws_moveit/install/moveit_ros_perception/lib:/home/jone/ws_moveit/install/moveit_ros_move_group/lib:/home/jone/ws_moveit/install/moveit_planners_ompl/lib:/home/jone/ws_moveit/install/moveit_ros_planning/lib:/home/jone/ws_moveit/install/moveit_ros_occupancy_map_monitor/lib:/home/jone/ws_moveit/install/moveit_resources_prbt_ikfast_manipulator_plugin/lib:/home/jone/ws_moveit/install/moveit_planners_chomp/lib:/home/jone/ws_moveit/install/moveit_kinematics/lib:/home/jone/ws_moveit/install/moveit_chomp_optimizer_adapter/lib:/home/jone/ws_moveit/install/chomp_motion_planner/lib:/home/jone/ws_moveit/install/rviz_marker_tools/lib:/home/jone/ws_moveit/install/rosparam_shortcuts/lib:/home/jone/ws_moveit/install/moveit_task_constructor_msgs/lib:/opt/ros/humble/opt/rviz_ogre_vendor/lib:/opt/ros/humble/lib/x86_64-linux-gnu:/opt/ros/humble/lib:/usr/lib/x86_64-linux-gnu/gazebo-11/plugins:/usr/lib/x86_64-linux-gnu/gazebo-11/plugins:/usr/lib/x86_64-linux-gnu/gazebo-11/plugins /usr/bin/cmake --install /home/jone/ws_moveit/build/pilz_industrial_motion_planner_testutils
[9.918s] Level 1:colcon.colcon_core.environment:checking '/home/jone/ws_moveit/install/pilz_industrial_motion_planner_testutils' for CMake config files
[9.918s] Level 1:colcon.colcon_core.shell:create_environment_hook('pilz_industrial_motion_planner_testutils', 'cmake_prefix_path')
[9.919s] INFO:colcon.colcon_core.shell:Creating environment hook '/home/jone/ws_moveit/install/pilz_industrial_motion_planner_testutils/share/pilz_industrial_motion_planner_testutils/hook/cmake_prefix_path.ps1'
[9.919s] INFO:colcon.colcon_core.shell:Creating environment descriptor '/home/jone/ws_moveit/install/pilz_industrial_motion_planner_testutils/share/pilz_industrial_motion_planner_testutils/hook/cmake_prefix_path.dsv'
[9.919s] INFO:colcon.colcon_core.shell:Creating environment hook '/home/jone/ws_moveit/install/pilz_industrial_motion_planner_testutils/share/pilz_industrial_motion_planner_testutils/hook/cmake_prefix_path.sh'
[9.920s] Level 1:colcon.colcon_core.environment:checking '/home/jone/ws_moveit/install/pilz_industrial_motion_planner_testutils/lib'
[9.920s] Level 1:colcon.colcon_core.shell:create_environment_hook('pilz_industrial_motion_planner_testutils', 'ld_library_path_lib')
[9.920s] INFO:colcon.colcon_core.shell:Creating environment hook '/home/jone/ws_moveit/install/pilz_industrial_motion_planner_testutils/share/pilz_industrial_motion_planner_testutils/hook/ld_library_path_lib.ps1'
[9.920s] INFO:colcon.colcon_core.shell:Creating environment descriptor '/home/jone/ws_moveit/install/pilz_industrial_motion_planner_testutils/share/pilz_industrial_motion_planner_testutils/hook/ld_library_path_lib.dsv'
[9.920s] INFO:colcon.colcon_core.shell:Creating environment hook '/home/jone/ws_moveit/install/pilz_industrial_motion_planner_testutils/share/pilz_industrial_motion_planner_testutils/hook/ld_library_path_lib.sh'
[9.921s] Level 1:colcon.colcon_core.environment:checking '/home/jone/ws_moveit/install/pilz_industrial_motion_planner_testutils/bin'
[9.921s] Level 1:colcon.colcon_core.environment:checking '/home/jone/ws_moveit/install/pilz_industrial_motion_planner_testutils/lib/pkgconfig/pilz_industrial_motion_planner_testutils.pc'
[9.921s] Level 1:colcon.colcon_core.environment:checking '/home/jone/ws_moveit/install/pilz_industrial_motion_planner_testutils/lib/python3.10/site-packages'
[9.921s] Level 1:colcon.colcon_core.environment:checking '/home/jone/ws_moveit/install/pilz_industrial_motion_planner_testutils/bin'
[9.921s] INFO:colcon.colcon_core.shell:Creating package script '/home/jone/ws_moveit/install/pilz_industrial_motion_planner_testutils/share/pilz_industrial_motion_planner_testutils/package.ps1'
[9.922s] INFO:colcon.colcon_core.shell:Creating package descriptor '/home/jone/ws_moveit/install/pilz_industrial_motion_planner_testutils/share/pilz_industrial_motion_planner_testutils/package.dsv'
[9.922s] INFO:colcon.colcon_core.shell:Creating package script '/home/jone/ws_moveit/install/pilz_industrial_motion_planner_testutils/share/pilz_industrial_motion_planner_testutils/package.sh'
[9.922s] INFO:colcon.colcon_core.shell:Creating package script '/home/jone/ws_moveit/install/pilz_industrial_motion_planner_testutils/share/pilz_industrial_motion_planner_testutils/package.bash'
[9.922s] INFO:colcon.colcon_core.shell:Creating package script '/home/jone/ws_moveit/install/pilz_industrial_motion_planner_testutils/share/pilz_industrial_motion_planner_testutils/package.zsh'
[9.923s] Level 1:colcon.colcon_core.environment:create_file_with_runtime_dependencies(/home/jone/ws_moveit/install/pilz_industrial_motion_planner_testutils/share/colcon-core/packages/pilz_industrial_motion_planner_testutils)
[9.923s] Level 1:colcon.colcon_core.environment:create_environment_scripts_only(pilz_industrial_motion_planner_testutils)
[9.923s] Level 1:colcon.colcon_core.environment:checking '/home/jone/ws_moveit/install/pilz_industrial_motion_planner_testutils' for CMake module files
[9.923s] Level 1:colcon.colcon_core.environment:checking '/home/jone/ws_moveit/install/pilz_industrial_motion_planner_testutils' for CMake config files
[9.924s] Level 1:colcon.colcon_core.shell:create_environment_hook('pilz_industrial_motion_planner_testutils', 'cmake_prefix_path')
[9.924s] INFO:colcon.colcon_core.shell:Creating environment hook '/home/jone/ws_moveit/install/pilz_industrial_motion_planner_testutils/share/pilz_industrial_motion_planner_testutils/hook/cmake_prefix_path.ps1'
[9.924s] INFO:colcon.colcon_core.shell:Creating environment descriptor '/home/jone/ws_moveit/install/pilz_industrial_motion_planner_testutils/share/pilz_industrial_motion_planner_testutils/hook/cmake_prefix_path.dsv'
[9.924s] INFO:colcon.colcon_core.shell:Creating environment hook '/home/jone/ws_moveit/install/pilz_industrial_motion_planner_testutils/share/pilz_industrial_motion_planner_testutils/hook/cmake_prefix_path.sh'
[9.925s] Level 1:colcon.colcon_core.environment:checking '/home/jone/ws_moveit/install/pilz_industrial_motion_planner_testutils/lib'
[9.925s] Level 1:colcon.colcon_core.shell:create_environment_hook('pilz_industrial_motion_planner_testutils', 'ld_library_path_lib')
[9.925s] INFO:colcon.colcon_core.shell:Creating environment hook '/home/jone/ws_moveit/install/pilz_industrial_motion_planner_testutils/share/pilz_industrial_motion_planner_testutils/hook/ld_library_path_lib.ps1'
[9.925s] INFO:colcon.colcon_core.shell:Creating environment descriptor '/home/jone/ws_moveit/install/pilz_industrial_motion_planner_testutils/share/pilz_industrial_motion_planner_testutils/hook/ld_library_path_lib.dsv'
[9.925s] INFO:colcon.colcon_core.shell:Creating environment hook '/home/jone/ws_moveit/install/pilz_industrial_motion_planner_testutils/share/pilz_industrial_motion_planner_testutils/hook/ld_library_path_lib.sh'
[9.926s] Level 1:colcon.colcon_core.environment:checking '/home/jone/ws_moveit/install/pilz_industrial_motion_planner_testutils/bin'
[9.926s] Level 1:colcon.colcon_core.environment:checking '/home/jone/ws_moveit/install/pilz_industrial_motion_planner_testutils/lib/pkgconfig/pilz_industrial_motion_planner_testutils.pc'
[9.926s] Level 1:colcon.colcon_core.environment:checking '/home/jone/ws_moveit/install/pilz_industrial_motion_planner_testutils/lib/python3.10/site-packages'
[9.926s] Level 1:colcon.colcon_core.environment:checking '/home/jone/ws_moveit/install/pilz_industrial_motion_planner_testutils/bin'
[9.926s] INFO:colcon.colcon_core.shell:Creating package script '/home/jone/ws_moveit/install/pilz_industrial_motion_planner_testutils/share/pilz_industrial_motion_planner_testutils/package.ps1'
[9.927s] INFO:colcon.colcon_core.shell:Creating package descriptor '/home/jone/ws_moveit/install/pilz_industrial_motion_planner_testutils/share/pilz_industrial_motion_planner_testutils/package.dsv'
[9.927s] INFO:colcon.colcon_core.shell:Creating package script '/home/jone/ws_moveit/install/pilz_industrial_motion_planner_testutils/share/pilz_industrial_motion_planner_testutils/package.sh'
[9.927s] INFO:colcon.colcon_core.shell:Creating package script '/home/jone/ws_moveit/install/pilz_industrial_motion_planner_testutils/share/pilz_industrial_motion_planner_testutils/package.bash'
[9.927s] INFO:colcon.colcon_core.shell:Creating package script '/home/jone/ws_moveit/install/pilz_industrial_motion_planner_testutils/share/pilz_industrial_motion_planner_testutils/package.zsh'
[9.928s] Level 1:colcon.colcon_core.environment:create_file_with_runtime_dependencies(/home/jone/ws_moveit/install/pilz_industrial_motion_planner_testutils/share/colcon-core/packages/pilz_industrial_motion_planner_testutils)
[9.928s] DEBUG:colcon.colcon_core.executor.sequential:run_until_complete 'pilz_industrial_motion_planner_testutils' finished with '0'
[9.928s] DEBUG:colcon.colcon_core.executor.sequential:run_until_complete 'moveit_chomp_optimizer_adapter'
[9.928s] INFO:colcon.colcon_ros.task.ament_cmake.build:Building ROS package in '/home/jone/ws_moveit/src/moveit2/moveit_planners/chomp/chomp_optimizer_adapter' with build type 'ament_cmake'
[9.928s] INFO:colcon.colcon_cmake.task.cmake.build:Building CMake package in '/home/jone/ws_moveit/src/moveit2/moveit_planners/chomp/chomp_optimizer_adapter'
[9.928s] INFO:colcon.colcon_core.shell:Skip shell extension 'powershell' for command environment: Not usable outside of PowerShell
[9.928s] DEBUG:colcon.colcon_core.shell:Skip shell extension 'dsv' for command environment
[9.956s] DEBUG:colcon.colcon_core.event_handler.log_command:Invoking command in '/home/jone/ws_moveit/build/moveit_chomp_optimizer_adapter': CMAKE_PREFIX_PATH=/home/jone/ws_moveit/install/chomp_motion_planner:/home/jone/ws_moveit/install/moveit_core:/home/jone/ws_moveit/install/moveit_resources_panda_moveit_config:/home/jone/ws_moveit/install/srdfdom:/home/jone/ws_moveit/install/moveit_resources_pr2_description:/home/jone/ws_moveit/install/moveit_resources_panda_description:/home/jone/ws_moveit/install/moveit_common:/home/jone/ws_moveit/install/pilz_industrial_motion_planner_testutils:/home/jone/ws_moveit/install/moveit_runtime:/home/jone/ws_moveit/install/moveit2_tutorials:/home/jone/ws_moveit/install/moveit:/home/jone/ws_moveit/install/moveit_planners:/home/jone/ws_moveit/install/pilz_industrial_motion_planner:/home/jone/ws_moveit/install/moveit_visual_tools:/home/jone/ws_moveit/install/moveit_task_constructor_visualization:/home/jone/ws_moveit/install/moveit_task_constructor_demo:/home/jone/ws_moveit/install/moveit_task_constructor_capabilities:/home/jone/ws_moveit/install/moveit_task_constructor_core:/home/jone/ws_moveit/install/moveit_ros_control_interface:/home/jone/ws_moveit/install/moveit_plugins:/home/jone/ws_moveit/install/moveit_simple_controller_manager:/home/jone/ws_moveit/install/moveit_setup_assistant:/home/jone/ws_moveit/install/moveit_setup_srdf_plugins:/home/jone/ws_moveit/install/moveit_setup_core_plugins:/home/jone/ws_moveit/install/moveit_setup_controllers:/home/jone/ws_moveit/install/moveit_setup_app_plugins:/home/jone/ws_moveit/install/moveit_setup_framework:/home/jone/ws_moveit/install/moveit_servo:/home/jone/ws_moveit/install/moveit_ros:/home/jone/ws_moveit/install/moveit_ros_visualization:/home/jone/ws_moveit/install/moveit_hybrid_planning:/home/jone/ws_moveit/install/moveit_ros_planning_interface:/home/jone/ws_moveit/install/moveit_ros_benchmarks:/home/jone/ws_moveit/install/moveit_ros_warehouse:/home/jone/ws_moveit/install/moveit_ros_robot_interaction:/home/jone/ws_moveit/install/moveit_ros_perception:/home/jone/ws_moveit/install/moveit_resources_prbt_pg70_support:/home/jone/ws_moveit/install/moveit_resources_prbt_moveit_config:/home/jone/ws_moveit/install/moveit_ros_move_group:/home/jone/ws_moveit/install/moveit_planners_ompl:/home/jone/ws_moveit/install/moveit_ros_planning:/home/jone/ws_moveit/install/moveit_ros_occupancy_map_monitor:/home/jone/ws_moveit/install/moveit_resources_prbt_ikfast_manipulator_plugin:/home/jone/ws_moveit/install/moveit_planners_chomp:/home/jone/ws_moveit/install/moveit_kinematics:/home/jone/ws_moveit/install/moveit_chomp_optimizer_adapter:/home/jone/ws_moveit/install/rviz_marker_tools:/home/jone/ws_moveit/install/rosparam_shortcuts:/home/jone/ws_moveit/install/moveit_task_constructor_msgs:/home/jone/ws_moveit/install/moveit_resources_prbt_support:/home/jone/ws_moveit/install/moveit_resources:/home/jone/ws_moveit/install/moveit_resources_fanuc_moveit_config:/home/jone/ws_moveit/install/moveit_resources_fanuc_description:/home/jone/ws_moveit/install/moveit_configs_utils:/home/jone/ws_moveit/install/launch_param_builder:/opt/ros/humble LD_LIBRARY_PATH=/home/jone/ws_moveit/install/chomp_motion_planner/lib:/home/jone/ws_moveit/install/moveit_core/lib:/home/jone/ws_moveit/install/srdfdom/lib:/home/jone/ws_moveit/install/pilz_industrial_motion_planner_testutils/lib:/home/jone/ws_moveit/install/pilz_industrial_motion_planner/lib:/home/jone/ws_moveit/install/moveit_visual_tools/lib:/home/jone/ws_moveit/install/moveit_task_constructor_visualization/lib:/home/jone/ws_moveit/install/moveit_task_constructor_demo/lib:/home/jone/ws_moveit/install/moveit_task_constructor_capabilities/lib:/home/jone/ws_moveit/install/moveit_task_constructor_core/lib:/home/jone/ws_moveit/install/moveit_ros_control_interface/lib:/home/jone/ws_moveit/install/moveit_simple_controller_manager/lib:/home/jone/ws_moveit/install/moveit_setup_assistant/lib:/home/jone/ws_moveit/install/moveit_setup_srdf_plugins/lib:/home/jone/ws_moveit/install/moveit_setup_core_plugins/lib:/home/jone/ws_moveit/install/moveit_setup_controllers/lib:/home/jone/ws_moveit/install/moveit_setup_app_plugins/lib:/home/jone/ws_moveit/install/moveit_setup_framework/lib:/home/jone/ws_moveit/install/moveit_servo/lib:/home/jone/ws_moveit/install/moveit_ros_visualization/lib:/home/jone/ws_moveit/install/moveit_hybrid_planning/lib:/home/jone/ws_moveit/install/moveit_ros_planning_interface/lib:/home/jone/ws_moveit/install/moveit_ros_benchmarks/lib:/home/jone/ws_moveit/install/moveit_ros_warehouse/lib:/home/jone/ws_moveit/install/moveit_ros_robot_interaction/lib:/home/jone/ws_moveit/install/moveit_ros_perception/lib:/home/jone/ws_moveit/install/moveit_ros_move_group/lib:/home/jone/ws_moveit/install/moveit_planners_ompl/lib:/home/jone/ws_moveit/install/moveit_ros_planning/lib:/home/jone/ws_moveit/install/moveit_ros_occupancy_map_monitor/lib:/home/jone/ws_moveit/install/moveit_resources_prbt_ikfast_manipulator_plugin/lib:/home/jone/ws_moveit/install/moveit_planners_chomp/lib:/home/jone/ws_moveit/install/moveit_kinematics/lib:/home/jone/ws_moveit/install/moveit_chomp_optimizer_adapter/lib:/home/jone/ws_moveit/install/rviz_marker_tools/lib:/home/jone/ws_moveit/install/rosparam_shortcuts/lib:/home/jone/ws_moveit/install/moveit_task_constructor_msgs/lib:/opt/ros/humble/opt/rviz_ogre_vendor/lib:/opt/ros/humble/lib/x86_64-linux-gnu:/opt/ros/humble/lib:/usr/lib/x86_64-linux-gnu/gazebo-11/plugins:/usr/lib/x86_64-linux-gnu/gazebo-11/plugins:/usr/lib/x86_64-linux-gnu/gazebo-11/plugins /usr/bin/cmake --build /home/jone/ws_moveit/build/moveit_chomp_optimizer_adapter
[10.051s] DEBUG:colcon.colcon_core.event_handler.log_command:Invoked command in '/home/jone/ws_moveit/build/moveit_chomp_optimizer_adapter' returned '0': CMAKE_PREFIX_PATH=/home/jone/ws_moveit/install/chomp_motion_planner:/home/jone/ws_moveit/install/moveit_core:/home/jone/ws_moveit/install/moveit_resources_panda_moveit_config:/home/jone/ws_moveit/install/srdfdom:/home/jone/ws_moveit/install/moveit_resources_pr2_description:/home/jone/ws_moveit/install/moveit_resources_panda_description:/home/jone/ws_moveit/install/moveit_common:/home/jone/ws_moveit/install/pilz_industrial_motion_planner_testutils:/home/jone/ws_moveit/install/moveit_runtime:/home/jone/ws_moveit/install/moveit2_tutorials:/home/jone/ws_moveit/install/moveit:/home/jone/ws_moveit/install/moveit_planners:/home/jone/ws_moveit/install/pilz_industrial_motion_planner:/home/jone/ws_moveit/install/moveit_visual_tools:/home/jone/ws_moveit/install/moveit_task_constructor_visualization:/home/jone/ws_moveit/install/moveit_task_constructor_demo:/home/jone/ws_moveit/install/moveit_task_constructor_capabilities:/home/jone/ws_moveit/install/moveit_task_constructor_core:/home/jone/ws_moveit/install/moveit_ros_control_interface:/home/jone/ws_moveit/install/moveit_plugins:/home/jone/ws_moveit/install/moveit_simple_controller_manager:/home/jone/ws_moveit/install/moveit_setup_assistant:/home/jone/ws_moveit/install/moveit_setup_srdf_plugins:/home/jone/ws_moveit/install/moveit_setup_core_plugins:/home/jone/ws_moveit/install/moveit_setup_controllers:/home/jone/ws_moveit/install/moveit_setup_app_plugins:/home/jone/ws_moveit/install/moveit_setup_framework:/home/jone/ws_moveit/install/moveit_servo:/home/jone/ws_moveit/install/moveit_ros:/home/jone/ws_moveit/install/moveit_ros_visualization:/home/jone/ws_moveit/install/moveit_hybrid_planning:/home/jone/ws_moveit/install/moveit_ros_planning_interface:/home/jone/ws_moveit/install/moveit_ros_benchmarks:/home/jone/ws_moveit/install/moveit_ros_warehouse:/home/jone/ws_moveit/install/moveit_ros_robot_interaction:/home/jone/ws_moveit/install/moveit_ros_perception:/home/jone/ws_moveit/install/moveit_resources_prbt_pg70_support:/home/jone/ws_moveit/install/moveit_resources_prbt_moveit_config:/home/jone/ws_moveit/install/moveit_ros_move_group:/home/jone/ws_moveit/install/moveit_planners_ompl:/home/jone/ws_moveit/install/moveit_ros_planning:/home/jone/ws_moveit/install/moveit_ros_occupancy_map_monitor:/home/jone/ws_moveit/install/moveit_resources_prbt_ikfast_manipulator_plugin:/home/jone/ws_moveit/install/moveit_planners_chomp:/home/jone/ws_moveit/install/moveit_kinematics:/home/jone/ws_moveit/install/moveit_chomp_optimizer_adapter:/home/jone/ws_moveit/install/rviz_marker_tools:/home/jone/ws_moveit/install/rosparam_shortcuts:/home/jone/ws_moveit/install/moveit_task_constructor_msgs:/home/jone/ws_moveit/install/moveit_resources_prbt_support:/home/jone/ws_moveit/install/moveit_resources:/home/jone/ws_moveit/install/moveit_resources_fanuc_moveit_config:/home/jone/ws_moveit/install/moveit_resources_fanuc_description:/home/jone/ws_moveit/install/moveit_configs_utils:/home/jone/ws_moveit/install/launch_param_builder:/opt/ros/humble LD_LIBRARY_PATH=/home/jone/ws_moveit/install/chomp_motion_planner/lib:/home/jone/ws_moveit/install/moveit_core/lib:/home/jone/ws_moveit/install/srdfdom/lib:/home/jone/ws_moveit/install/pilz_industrial_motion_planner_testutils/lib:/home/jone/ws_moveit/install/pilz_industrial_motion_planner/lib:/home/jone/ws_moveit/install/moveit_visual_tools/lib:/home/jone/ws_moveit/install/moveit_task_constructor_visualization/lib:/home/jone/ws_moveit/install/moveit_task_constructor_demo/lib:/home/jone/ws_moveit/install/moveit_task_constructor_capabilities/lib:/home/jone/ws_moveit/install/moveit_task_constructor_core/lib:/home/jone/ws_moveit/install/moveit_ros_control_interface/lib:/home/jone/ws_moveit/install/moveit_simple_controller_manager/lib:/home/jone/ws_moveit/install/moveit_setup_assistant/lib:/home/jone/ws_moveit/install/moveit_setup_srdf_plugins/lib:/home/jone/ws_moveit/install/moveit_setup_core_plugins/lib:/home/jone/ws_moveit/install/moveit_setup_controllers/lib:/home/jone/ws_moveit/install/moveit_setup_app_plugins/lib:/home/jone/ws_moveit/install/moveit_setup_framework/lib:/home/jone/ws_moveit/install/moveit_servo/lib:/home/jone/ws_moveit/install/moveit_ros_visualization/lib:/home/jone/ws_moveit/install/moveit_hybrid_planning/lib:/home/jone/ws_moveit/install/moveit_ros_planning_interface/lib:/home/jone/ws_moveit/install/moveit_ros_benchmarks/lib:/home/jone/ws_moveit/install/moveit_ros_warehouse/lib:/home/jone/ws_moveit/install/moveit_ros_robot_interaction/lib:/home/jone/ws_moveit/install/moveit_ros_perception/lib:/home/jone/ws_moveit/install/moveit_ros_move_group/lib:/home/jone/ws_moveit/install/moveit_planners_ompl/lib:/home/jone/ws_moveit/install/moveit_ros_planning/lib:/home/jone/ws_moveit/install/moveit_ros_occupancy_map_monitor/lib:/home/jone/ws_moveit/install/moveit_resources_prbt_ikfast_manipulator_plugin/lib:/home/jone/ws_moveit/install/moveit_planners_chomp/lib:/home/jone/ws_moveit/install/moveit_kinematics/lib:/home/jone/ws_moveit/install/moveit_chomp_optimizer_adapter/lib:/home/jone/ws_moveit/install/rviz_marker_tools/lib:/home/jone/ws_moveit/install/rosparam_shortcuts/lib:/home/jone/ws_moveit/install/moveit_task_constructor_msgs/lib:/opt/ros/humble/opt/rviz_ogre_vendor/lib:/opt/ros/humble/lib/x86_64-linux-gnu:/opt/ros/humble/lib:/usr/lib/x86_64-linux-gnu/gazebo-11/plugins:/usr/lib/x86_64-linux-gnu/gazebo-11/plugins:/usr/lib/x86_64-linux-gnu/gazebo-11/plugins /usr/bin/cmake --build /home/jone/ws_moveit/build/moveit_chomp_optimizer_adapter
[10.052s] DEBUG:colcon.colcon_core.event_handler.log_command:Invoking command in '/home/jone/ws_moveit/build/moveit_chomp_optimizer_adapter': CMAKE_PREFIX_PATH=/home/jone/ws_moveit/install/chomp_motion_planner:/home/jone/ws_moveit/install/moveit_core:/home/jone/ws_moveit/install/moveit_resources_panda_moveit_config:/home/jone/ws_moveit/install/srdfdom:/home/jone/ws_moveit/install/moveit_resources_pr2_description:/home/jone/ws_moveit/install/moveit_resources_panda_description:/home/jone/ws_moveit/install/moveit_common:/home/jone/ws_moveit/install/pilz_industrial_motion_planner_testutils:/home/jone/ws_moveit/install/moveit_runtime:/home/jone/ws_moveit/install/moveit2_tutorials:/home/jone/ws_moveit/install/moveit:/home/jone/ws_moveit/install/moveit_planners:/home/jone/ws_moveit/install/pilz_industrial_motion_planner:/home/jone/ws_moveit/install/moveit_visual_tools:/home/jone/ws_moveit/install/moveit_task_constructor_visualization:/home/jone/ws_moveit/install/moveit_task_constructor_demo:/home/jone/ws_moveit/install/moveit_task_constructor_capabilities:/home/jone/ws_moveit/install/moveit_task_constructor_core:/home/jone/ws_moveit/install/moveit_ros_control_interface:/home/jone/ws_moveit/install/moveit_plugins:/home/jone/ws_moveit/install/moveit_simple_controller_manager:/home/jone/ws_moveit/install/moveit_setup_assistant:/home/jone/ws_moveit/install/moveit_setup_srdf_plugins:/home/jone/ws_moveit/install/moveit_setup_core_plugins:/home/jone/ws_moveit/install/moveit_setup_controllers:/home/jone/ws_moveit/install/moveit_setup_app_plugins:/home/jone/ws_moveit/install/moveit_setup_framework:/home/jone/ws_moveit/install/moveit_servo:/home/jone/ws_moveit/install/moveit_ros:/home/jone/ws_moveit/install/moveit_ros_visualization:/home/jone/ws_moveit/install/moveit_hybrid_planning:/home/jone/ws_moveit/install/moveit_ros_planning_interface:/home/jone/ws_moveit/install/moveit_ros_benchmarks:/home/jone/ws_moveit/install/moveit_ros_warehouse:/home/jone/ws_moveit/install/moveit_ros_robot_interaction:/home/jone/ws_moveit/install/moveit_ros_perception:/home/jone/ws_moveit/install/moveit_resources_prbt_pg70_support:/home/jone/ws_moveit/install/moveit_resources_prbt_moveit_config:/home/jone/ws_moveit/install/moveit_ros_move_group:/home/jone/ws_moveit/install/moveit_planners_ompl:/home/jone/ws_moveit/install/moveit_ros_planning:/home/jone/ws_moveit/install/moveit_ros_occupancy_map_monitor:/home/jone/ws_moveit/install/moveit_resources_prbt_ikfast_manipulator_plugin:/home/jone/ws_moveit/install/moveit_planners_chomp:/home/jone/ws_moveit/install/moveit_kinematics:/home/jone/ws_moveit/install/moveit_chomp_optimizer_adapter:/home/jone/ws_moveit/install/rviz_marker_tools:/home/jone/ws_moveit/install/rosparam_shortcuts:/home/jone/ws_moveit/install/moveit_task_constructor_msgs:/home/jone/ws_moveit/install/moveit_resources_prbt_support:/home/jone/ws_moveit/install/moveit_resources:/home/jone/ws_moveit/install/moveit_resources_fanuc_moveit_config:/home/jone/ws_moveit/install/moveit_resources_fanuc_description:/home/jone/ws_moveit/install/moveit_configs_utils:/home/jone/ws_moveit/install/launch_param_builder:/opt/ros/humble LD_LIBRARY_PATH=/home/jone/ws_moveit/install/chomp_motion_planner/lib:/home/jone/ws_moveit/install/moveit_core/lib:/home/jone/ws_moveit/install/srdfdom/lib:/home/jone/ws_moveit/install/pilz_industrial_motion_planner_testutils/lib:/home/jone/ws_moveit/install/pilz_industrial_motion_planner/lib:/home/jone/ws_moveit/install/moveit_visual_tools/lib:/home/jone/ws_moveit/install/moveit_task_constructor_visualization/lib:/home/jone/ws_moveit/install/moveit_task_constructor_demo/lib:/home/jone/ws_moveit/install/moveit_task_constructor_capabilities/lib:/home/jone/ws_moveit/install/moveit_task_constructor_core/lib:/home/jone/ws_moveit/install/moveit_ros_control_interface/lib:/home/jone/ws_moveit/install/moveit_simple_controller_manager/lib:/home/jone/ws_moveit/install/moveit_setup_assistant/lib:/home/jone/ws_moveit/install/moveit_setup_srdf_plugins/lib:/home/jone/ws_moveit/install/moveit_setup_core_plugins/lib:/home/jone/ws_moveit/install/moveit_setup_controllers/lib:/home/jone/ws_moveit/install/moveit_setup_app_plugins/lib:/home/jone/ws_moveit/install/moveit_setup_framework/lib:/home/jone/ws_moveit/install/moveit_servo/lib:/home/jone/ws_moveit/install/moveit_ros_visualization/lib:/home/jone/ws_moveit/install/moveit_hybrid_planning/lib:/home/jone/ws_moveit/install/moveit_ros_planning_interface/lib:/home/jone/ws_moveit/install/moveit_ros_benchmarks/lib:/home/jone/ws_moveit/install/moveit_ros_warehouse/lib:/home/jone/ws_moveit/install/moveit_ros_robot_interaction/lib:/home/jone/ws_moveit/install/moveit_ros_perception/lib:/home/jone/ws_moveit/install/moveit_ros_move_group/lib:/home/jone/ws_moveit/install/moveit_planners_ompl/lib:/home/jone/ws_moveit/install/moveit_ros_planning/lib:/home/jone/ws_moveit/install/moveit_ros_occupancy_map_monitor/lib:/home/jone/ws_moveit/install/moveit_resources_prbt_ikfast_manipulator_plugin/lib:/home/jone/ws_moveit/install/moveit_planners_chomp/lib:/home/jone/ws_moveit/install/moveit_kinematics/lib:/home/jone/ws_moveit/install/moveit_chomp_optimizer_adapter/lib:/home/jone/ws_moveit/install/rviz_marker_tools/lib:/home/jone/ws_moveit/install/rosparam_shortcuts/lib:/home/jone/ws_moveit/install/moveit_task_constructor_msgs/lib:/opt/ros/humble/opt/rviz_ogre_vendor/lib:/opt/ros/humble/lib/x86_64-linux-gnu:/opt/ros/humble/lib:/usr/lib/x86_64-linux-gnu/gazebo-11/plugins:/usr/lib/x86_64-linux-gnu/gazebo-11/plugins:/usr/lib/x86_64-linux-gnu/gazebo-11/plugins /usr/bin/cmake --install /home/jone/ws_moveit/build/moveit_chomp_optimizer_adapter
[10.066s] Level 1:colcon.colcon_core.environment:create_environment_scripts_only(moveit_chomp_optimizer_adapter)
[10.066s] Level 1:colcon.colcon_core.environment:checking '/home/jone/ws_moveit/install/moveit_chomp_optimizer_adapter' for CMake module files
[10.066s] DEBUG:colcon.colcon_core.event_handler.log_command:Invoked command in '/home/jone/ws_moveit/build/moveit_chomp_optimizer_adapter' returned '0': CMAKE_PREFIX_PATH=/home/jone/ws_moveit/install/chomp_motion_planner:/home/jone/ws_moveit/install/moveit_core:/home/jone/ws_moveit/install/moveit_resources_panda_moveit_config:/home/jone/ws_moveit/install/srdfdom:/home/jone/ws_moveit/install/moveit_resources_pr2_description:/home/jone/ws_moveit/install/moveit_resources_panda_description:/home/jone/ws_moveit/install/moveit_common:/home/jone/ws_moveit/install/pilz_industrial_motion_planner_testutils:/home/jone/ws_moveit/install/moveit_runtime:/home/jone/ws_moveit/install/moveit2_tutorials:/home/jone/ws_moveit/install/moveit:/home/jone/ws_moveit/install/moveit_planners:/home/jone/ws_moveit/install/pilz_industrial_motion_planner:/home/jone/ws_moveit/install/moveit_visual_tools:/home/jone/ws_moveit/install/moveit_task_constructor_visualization:/home/jone/ws_moveit/install/moveit_task_constructor_demo:/home/jone/ws_moveit/install/moveit_task_constructor_capabilities:/home/jone/ws_moveit/install/moveit_task_constructor_core:/home/jone/ws_moveit/install/moveit_ros_control_interface:/home/jone/ws_moveit/install/moveit_plugins:/home/jone/ws_moveit/install/moveit_simple_controller_manager:/home/jone/ws_moveit/install/moveit_setup_assistant:/home/jone/ws_moveit/install/moveit_setup_srdf_plugins:/home/jone/ws_moveit/install/moveit_setup_core_plugins:/home/jone/ws_moveit/install/moveit_setup_controllers:/home/jone/ws_moveit/install/moveit_setup_app_plugins:/home/jone/ws_moveit/install/moveit_setup_framework:/home/jone/ws_moveit/install/moveit_servo:/home/jone/ws_moveit/install/moveit_ros:/home/jone/ws_moveit/install/moveit_ros_visualization:/home/jone/ws_moveit/install/moveit_hybrid_planning:/home/jone/ws_moveit/install/moveit_ros_planning_interface:/home/jone/ws_moveit/install/moveit_ros_benchmarks:/home/jone/ws_moveit/install/moveit_ros_warehouse:/home/jone/ws_moveit/install/moveit_ros_robot_interaction:/home/jone/ws_moveit/install/moveit_ros_perception:/home/jone/ws_moveit/install/moveit_resources_prbt_pg70_support:/home/jone/ws_moveit/install/moveit_resources_prbt_moveit_config:/home/jone/ws_moveit/install/moveit_ros_move_group:/home/jone/ws_moveit/install/moveit_planners_ompl:/home/jone/ws_moveit/install/moveit_ros_planning:/home/jone/ws_moveit/install/moveit_ros_occupancy_map_monitor:/home/jone/ws_moveit/install/moveit_resources_prbt_ikfast_manipulator_plugin:/home/jone/ws_moveit/install/moveit_planners_chomp:/home/jone/ws_moveit/install/moveit_kinematics:/home/jone/ws_moveit/install/moveit_chomp_optimizer_adapter:/home/jone/ws_moveit/install/rviz_marker_tools:/home/jone/ws_moveit/install/rosparam_shortcuts:/home/jone/ws_moveit/install/moveit_task_constructor_msgs:/home/jone/ws_moveit/install/moveit_resources_prbt_support:/home/jone/ws_moveit/install/moveit_resources:/home/jone/ws_moveit/install/moveit_resources_fanuc_moveit_config:/home/jone/ws_moveit/install/moveit_resources_fanuc_description:/home/jone/ws_moveit/install/moveit_configs_utils:/home/jone/ws_moveit/install/launch_param_builder:/opt/ros/humble LD_LIBRARY_PATH=/home/jone/ws_moveit/install/chomp_motion_planner/lib:/home/jone/ws_moveit/install/moveit_core/lib:/home/jone/ws_moveit/install/srdfdom/lib:/home/jone/ws_moveit/install/pilz_industrial_motion_planner_testutils/lib:/home/jone/ws_moveit/install/pilz_industrial_motion_planner/lib:/home/jone/ws_moveit/install/moveit_visual_tools/lib:/home/jone/ws_moveit/install/moveit_task_constructor_visualization/lib:/home/jone/ws_moveit/install/moveit_task_constructor_demo/lib:/home/jone/ws_moveit/install/moveit_task_constructor_capabilities/lib:/home/jone/ws_moveit/install/moveit_task_constructor_core/lib:/home/jone/ws_moveit/install/moveit_ros_control_interface/lib:/home/jone/ws_moveit/install/moveit_simple_controller_manager/lib:/home/jone/ws_moveit/install/moveit_setup_assistant/lib:/home/jone/ws_moveit/install/moveit_setup_srdf_plugins/lib:/home/jone/ws_moveit/install/moveit_setup_core_plugins/lib:/home/jone/ws_moveit/install/moveit_setup_controllers/lib:/home/jone/ws_moveit/install/moveit_setup_app_plugins/lib:/home/jone/ws_moveit/install/moveit_setup_framework/lib:/home/jone/ws_moveit/install/moveit_servo/lib:/home/jone/ws_moveit/install/moveit_ros_visualization/lib:/home/jone/ws_moveit/install/moveit_hybrid_planning/lib:/home/jone/ws_moveit/install/moveit_ros_planning_interface/lib:/home/jone/ws_moveit/install/moveit_ros_benchmarks/lib:/home/jone/ws_moveit/install/moveit_ros_warehouse/lib:/home/jone/ws_moveit/install/moveit_ros_robot_interaction/lib:/home/jone/ws_moveit/install/moveit_ros_perception/lib:/home/jone/ws_moveit/install/moveit_ros_move_group/lib:/home/jone/ws_moveit/install/moveit_planners_ompl/lib:/home/jone/ws_moveit/install/moveit_ros_planning/lib:/home/jone/ws_moveit/install/moveit_ros_occupancy_map_monitor/lib:/home/jone/ws_moveit/install/moveit_resources_prbt_ikfast_manipulator_plugin/lib:/home/jone/ws_moveit/install/moveit_planners_chomp/lib:/home/jone/ws_moveit/install/moveit_kinematics/lib:/home/jone/ws_moveit/install/moveit_chomp_optimizer_adapter/lib:/home/jone/ws_moveit/install/rviz_marker_tools/lib:/home/jone/ws_moveit/install/rosparam_shortcuts/lib:/home/jone/ws_moveit/install/moveit_task_constructor_msgs/lib:/opt/ros/humble/opt/rviz_ogre_vendor/lib:/opt/ros/humble/lib/x86_64-linux-gnu:/opt/ros/humble/lib:/usr/lib/x86_64-linux-gnu/gazebo-11/plugins:/usr/lib/x86_64-linux-gnu/gazebo-11/plugins:/usr/lib/x86_64-linux-gnu/gazebo-11/plugins /usr/bin/cmake --install /home/jone/ws_moveit/build/moveit_chomp_optimizer_adapter
[10.067s] Level 1:colcon.colcon_core.environment:checking '/home/jone/ws_moveit/install/moveit_chomp_optimizer_adapter' for CMake config files
[10.067s] Level 1:colcon.colcon_core.shell:create_environment_hook('moveit_chomp_optimizer_adapter', 'cmake_prefix_path')
[10.067s] INFO:colcon.colcon_core.shell:Creating environment hook '/home/jone/ws_moveit/install/moveit_chomp_optimizer_adapter/share/moveit_chomp_optimizer_adapter/hook/cmake_prefix_path.ps1'
[10.068s] INFO:colcon.colcon_core.shell:Creating environment descriptor '/home/jone/ws_moveit/install/moveit_chomp_optimizer_adapter/share/moveit_chomp_optimizer_adapter/hook/cmake_prefix_path.dsv'
[10.068s] INFO:colcon.colcon_core.shell:Creating environment hook '/home/jone/ws_moveit/install/moveit_chomp_optimizer_adapter/share/moveit_chomp_optimizer_adapter/hook/cmake_prefix_path.sh'
[10.069s] Level 1:colcon.colcon_core.environment:checking '/home/jone/ws_moveit/install/moveit_chomp_optimizer_adapter/lib'
[10.069s] Level 1:colcon.colcon_core.shell:create_environment_hook('moveit_chomp_optimizer_adapter', 'ld_library_path_lib')
[10.069s] INFO:colcon.colcon_core.shell:Creating environment hook '/home/jone/ws_moveit/install/moveit_chomp_optimizer_adapter/share/moveit_chomp_optimizer_adapter/hook/ld_library_path_lib.ps1'
[10.069s] INFO:colcon.colcon_core.shell:Creating environment descriptor '/home/jone/ws_moveit/install/moveit_chomp_optimizer_adapter/share/moveit_chomp_optimizer_adapter/hook/ld_library_path_lib.dsv'
[10.069s] INFO:colcon.colcon_core.shell:Creating environment hook '/home/jone/ws_moveit/install/moveit_chomp_optimizer_adapter/share/moveit_chomp_optimizer_adapter/hook/ld_library_path_lib.sh'
[10.069s] Level 1:colcon.colcon_core.environment:checking '/home/jone/ws_moveit/install/moveit_chomp_optimizer_adapter/bin'
[10.070s] Level 1:colcon.colcon_core.environment:checking '/home/jone/ws_moveit/install/moveit_chomp_optimizer_adapter/lib/pkgconfig/moveit_chomp_optimizer_adapter.pc'
[10.070s] Level 1:colcon.colcon_core.environment:checking '/home/jone/ws_moveit/install/moveit_chomp_optimizer_adapter/lib/python3.10/site-packages'
[10.070s] Level 1:colcon.colcon_core.environment:checking '/home/jone/ws_moveit/install/moveit_chomp_optimizer_adapter/bin'
[10.070s] INFO:colcon.colcon_core.shell:Creating package script '/home/jone/ws_moveit/install/moveit_chomp_optimizer_adapter/share/moveit_chomp_optimizer_adapter/package.ps1'
[10.070s] INFO:colcon.colcon_core.shell:Creating package descriptor '/home/jone/ws_moveit/install/moveit_chomp_optimizer_adapter/share/moveit_chomp_optimizer_adapter/package.dsv'
[10.071s] INFO:colcon.colcon_core.shell:Creating package script '/home/jone/ws_moveit/install/moveit_chomp_optimizer_adapter/share/moveit_chomp_optimizer_adapter/package.sh'
[10.071s] INFO:colcon.colcon_core.shell:Creating package script '/home/jone/ws_moveit/install/moveit_chomp_optimizer_adapter/share/moveit_chomp_optimizer_adapter/package.bash'
[10.071s] INFO:colcon.colcon_core.shell:Creating package script '/home/jone/ws_moveit/install/moveit_chomp_optimizer_adapter/share/moveit_chomp_optimizer_adapter/package.zsh'
[10.072s] Level 1:colcon.colcon_core.environment:create_file_with_runtime_dependencies(/home/jone/ws_moveit/install/moveit_chomp_optimizer_adapter/share/colcon-core/packages/moveit_chomp_optimizer_adapter)
[10.072s] Level 1:colcon.colcon_core.environment:create_environment_scripts_only(moveit_chomp_optimizer_adapter)
[10.072s] Level 1:colcon.colcon_core.environment:checking '/home/jone/ws_moveit/install/moveit_chomp_optimizer_adapter' for CMake module files
[10.072s] Level 1:colcon.colcon_core.environment:checking '/home/jone/ws_moveit/install/moveit_chomp_optimizer_adapter' for CMake config files
[10.072s] Level 1:colcon.colcon_core.shell:create_environment_hook('moveit_chomp_optimizer_adapter', 'cmake_prefix_path')
[10.073s] INFO:colcon.colcon_core.shell:Creating environment hook '/home/jone/ws_moveit/install/moveit_chomp_optimizer_adapter/share/moveit_chomp_optimizer_adapter/hook/cmake_prefix_path.ps1'
[10.073s] INFO:colcon.colcon_core.shell:Creating environment descriptor '/home/jone/ws_moveit/install/moveit_chomp_optimizer_adapter/share/moveit_chomp_optimizer_adapter/hook/cmake_prefix_path.dsv'
[10.073s] INFO:colcon.colcon_core.shell:Creating environment hook '/home/jone/ws_moveit/install/moveit_chomp_optimizer_adapter/share/moveit_chomp_optimizer_adapter/hook/cmake_prefix_path.sh'
[10.073s] Level 1:colcon.colcon_core.environment:checking '/home/jone/ws_moveit/install/moveit_chomp_optimizer_adapter/lib'
[10.074s] Level 1:colcon.colcon_core.shell:create_environment_hook('moveit_chomp_optimizer_adapter', 'ld_library_path_lib')
[10.074s] INFO:colcon.colcon_core.shell:Creating environment hook '/home/jone/ws_moveit/install/moveit_chomp_optimizer_adapter/share/moveit_chomp_optimizer_adapter/hook/ld_library_path_lib.ps1'
[10.074s] INFO:colcon.colcon_core.shell:Creating environment descriptor '/home/jone/ws_moveit/install/moveit_chomp_optimizer_adapter/share/moveit_chomp_optimizer_adapter/hook/ld_library_path_lib.dsv'
[10.074s] INFO:colcon.colcon_core.shell:Creating environment hook '/home/jone/ws_moveit/install/moveit_chomp_optimizer_adapter/share/moveit_chomp_optimizer_adapter/hook/ld_library_path_lib.sh'
[10.074s] Level 1:colcon.colcon_core.environment:checking '/home/jone/ws_moveit/install/moveit_chomp_optimizer_adapter/bin'
[10.074s] Level 1:colcon.colcon_core.environment:checking '/home/jone/ws_moveit/install/moveit_chomp_optimizer_adapter/lib/pkgconfig/moveit_chomp_optimizer_adapter.pc'
[10.075s] Level 1:colcon.colcon_core.environment:checking '/home/jone/ws_moveit/install/moveit_chomp_optimizer_adapter/lib/python3.10/site-packages'
[10.075s] Level 1:colcon.colcon_core.environment:checking '/home/jone/ws_moveit/install/moveit_chomp_optimizer_adapter/bin'
[10.075s] INFO:colcon.colcon_core.shell:Creating package script '/home/jone/ws_moveit/install/moveit_chomp_optimizer_adapter/share/moveit_chomp_optimizer_adapter/package.ps1'
[10.075s] INFO:colcon.colcon_core.shell:Creating package descriptor '/home/jone/ws_moveit/install/moveit_chomp_optimizer_adapter/share/moveit_chomp_optimizer_adapter/package.dsv'
[10.076s] INFO:colcon.colcon_core.shell:Creating package script '/home/jone/ws_moveit/install/moveit_chomp_optimizer_adapter/share/moveit_chomp_optimizer_adapter/package.sh'
[10.076s] INFO:colcon.colcon_core.shell:Creating package script '/home/jone/ws_moveit/install/moveit_chomp_optimizer_adapter/share/moveit_chomp_optimizer_adapter/package.bash'
[10.076s] INFO:colcon.colcon_core.shell:Creating package script '/home/jone/ws_moveit/install/moveit_chomp_optimizer_adapter/share/moveit_chomp_optimizer_adapter/package.zsh'
[10.077s] Level 1:colcon.colcon_core.environment:create_file_with_runtime_dependencies(/home/jone/ws_moveit/install/moveit_chomp_optimizer_adapter/share/colcon-core/packages/moveit_chomp_optimizer_adapter)
[10.077s] DEBUG:colcon.colcon_core.executor.sequential:run_until_complete 'moveit_chomp_optimizer_adapter' finished with '0'
[10.077s] DEBUG:colcon.colcon_core.executor.sequential:run_until_complete 'moveit_planners_chomp'
[10.077s] INFO:colcon.colcon_ros.task.ament_cmake.build:Building ROS package in '/home/jone/ws_moveit/src/moveit2/moveit_planners/chomp/chomp_interface' with build type 'ament_cmake'
[10.077s] INFO:colcon.colcon_cmake.task.cmake.build:Building CMake package in '/home/jone/ws_moveit/src/moveit2/moveit_planners/chomp/chomp_interface'
[10.077s] INFO:colcon.colcon_core.shell:Skip shell extension 'powershell' for command environment: Not usable outside of PowerShell
[10.077s] DEBUG:colcon.colcon_core.shell:Skip shell extension 'dsv' for command environment
[10.103s] DEBUG:colcon.colcon_core.event_handler.log_command:Invoking command in '/home/jone/ws_moveit/build/moveit_planners_chomp': CMAKE_PREFIX_PATH=/home/jone/ws_moveit/install/chomp_motion_planner:/home/jone/ws_moveit/install/moveit_core:/home/jone/ws_moveit/install/moveit_resources_panda_moveit_config:/home/jone/ws_moveit/install/srdfdom:/home/jone/ws_moveit/install/moveit_resources_pr2_description:/home/jone/ws_moveit/install/moveit_resources_panda_description:/home/jone/ws_moveit/install/moveit_common:/home/jone/ws_moveit/install/pilz_industrial_motion_planner_testutils:/home/jone/ws_moveit/install/moveit_runtime:/home/jone/ws_moveit/install/moveit2_tutorials:/home/jone/ws_moveit/install/moveit:/home/jone/ws_moveit/install/moveit_planners:/home/jone/ws_moveit/install/pilz_industrial_motion_planner:/home/jone/ws_moveit/install/moveit_visual_tools:/home/jone/ws_moveit/install/moveit_task_constructor_visualization:/home/jone/ws_moveit/install/moveit_task_constructor_demo:/home/jone/ws_moveit/install/moveit_task_constructor_capabilities:/home/jone/ws_moveit/install/moveit_task_constructor_core:/home/jone/ws_moveit/install/moveit_ros_control_interface:/home/jone/ws_moveit/install/moveit_plugins:/home/jone/ws_moveit/install/moveit_simple_controller_manager:/home/jone/ws_moveit/install/moveit_setup_assistant:/home/jone/ws_moveit/install/moveit_setup_srdf_plugins:/home/jone/ws_moveit/install/moveit_setup_core_plugins:/home/jone/ws_moveit/install/moveit_setup_controllers:/home/jone/ws_moveit/install/moveit_setup_app_plugins:/home/jone/ws_moveit/install/moveit_setup_framework:/home/jone/ws_moveit/install/moveit_servo:/home/jone/ws_moveit/install/moveit_ros:/home/jone/ws_moveit/install/moveit_ros_visualization:/home/jone/ws_moveit/install/moveit_hybrid_planning:/home/jone/ws_moveit/install/moveit_ros_planning_interface:/home/jone/ws_moveit/install/moveit_ros_benchmarks:/home/jone/ws_moveit/install/moveit_ros_warehouse:/home/jone/ws_moveit/install/moveit_ros_robot_interaction:/home/jone/ws_moveit/install/moveit_ros_perception:/home/jone/ws_moveit/install/moveit_resources_prbt_pg70_support:/home/jone/ws_moveit/install/moveit_resources_prbt_moveit_config:/home/jone/ws_moveit/install/moveit_ros_move_group:/home/jone/ws_moveit/install/moveit_planners_ompl:/home/jone/ws_moveit/install/moveit_ros_planning:/home/jone/ws_moveit/install/moveit_ros_occupancy_map_monitor:/home/jone/ws_moveit/install/moveit_resources_prbt_ikfast_manipulator_plugin:/home/jone/ws_moveit/install/moveit_planners_chomp:/home/jone/ws_moveit/install/moveit_kinematics:/home/jone/ws_moveit/install/moveit_chomp_optimizer_adapter:/home/jone/ws_moveit/install/rviz_marker_tools:/home/jone/ws_moveit/install/rosparam_shortcuts:/home/jone/ws_moveit/install/moveit_task_constructor_msgs:/home/jone/ws_moveit/install/moveit_resources_prbt_support:/home/jone/ws_moveit/install/moveit_resources:/home/jone/ws_moveit/install/moveit_resources_fanuc_moveit_config:/home/jone/ws_moveit/install/moveit_resources_fanuc_description:/home/jone/ws_moveit/install/moveit_configs_utils:/home/jone/ws_moveit/install/launch_param_builder:/opt/ros/humble LD_LIBRARY_PATH=/home/jone/ws_moveit/install/chomp_motion_planner/lib:/home/jone/ws_moveit/install/moveit_core/lib:/home/jone/ws_moveit/install/srdfdom/lib:/home/jone/ws_moveit/install/pilz_industrial_motion_planner_testutils/lib:/home/jone/ws_moveit/install/pilz_industrial_motion_planner/lib:/home/jone/ws_moveit/install/moveit_visual_tools/lib:/home/jone/ws_moveit/install/moveit_task_constructor_visualization/lib:/home/jone/ws_moveit/install/moveit_task_constructor_demo/lib:/home/jone/ws_moveit/install/moveit_task_constructor_capabilities/lib:/home/jone/ws_moveit/install/moveit_task_constructor_core/lib:/home/jone/ws_moveit/install/moveit_ros_control_interface/lib:/home/jone/ws_moveit/install/moveit_simple_controller_manager/lib:/home/jone/ws_moveit/install/moveit_setup_assistant/lib:/home/jone/ws_moveit/install/moveit_setup_srdf_plugins/lib:/home/jone/ws_moveit/install/moveit_setup_core_plugins/lib:/home/jone/ws_moveit/install/moveit_setup_controllers/lib:/home/jone/ws_moveit/install/moveit_setup_app_plugins/lib:/home/jone/ws_moveit/install/moveit_setup_framework/lib:/home/jone/ws_moveit/install/moveit_servo/lib:/home/jone/ws_moveit/install/moveit_ros_visualization/lib:/home/jone/ws_moveit/install/moveit_hybrid_planning/lib:/home/jone/ws_moveit/install/moveit_ros_planning_interface/lib:/home/jone/ws_moveit/install/moveit_ros_benchmarks/lib:/home/jone/ws_moveit/install/moveit_ros_warehouse/lib:/home/jone/ws_moveit/install/moveit_ros_robot_interaction/lib:/home/jone/ws_moveit/install/moveit_ros_perception/lib:/home/jone/ws_moveit/install/moveit_ros_move_group/lib:/home/jone/ws_moveit/install/moveit_planners_ompl/lib:/home/jone/ws_moveit/install/moveit_ros_planning/lib:/home/jone/ws_moveit/install/moveit_ros_occupancy_map_monitor/lib:/home/jone/ws_moveit/install/moveit_resources_prbt_ikfast_manipulator_plugin/lib:/home/jone/ws_moveit/install/moveit_planners_chomp/lib:/home/jone/ws_moveit/install/moveit_kinematics/lib:/home/jone/ws_moveit/install/moveit_chomp_optimizer_adapter/lib:/home/jone/ws_moveit/install/rviz_marker_tools/lib:/home/jone/ws_moveit/install/rosparam_shortcuts/lib:/home/jone/ws_moveit/install/moveit_task_constructor_msgs/lib:/opt/ros/humble/opt/rviz_ogre_vendor/lib:/opt/ros/humble/lib/x86_64-linux-gnu:/opt/ros/humble/lib:/usr/lib/x86_64-linux-gnu/gazebo-11/plugins:/usr/lib/x86_64-linux-gnu/gazebo-11/plugins:/usr/lib/x86_64-linux-gnu/gazebo-11/plugins /usr/bin/cmake --build /home/jone/ws_moveit/build/moveit_planners_chomp
[10.291s] DEBUG:colcon.colcon_core.event_handler.log_command:Invoked command in '/home/jone/ws_moveit/build/moveit_planners_chomp' returned '0': CMAKE_PREFIX_PATH=/home/jone/ws_moveit/install/chomp_motion_planner:/home/jone/ws_moveit/install/moveit_core:/home/jone/ws_moveit/install/moveit_resources_panda_moveit_config:/home/jone/ws_moveit/install/srdfdom:/home/jone/ws_moveit/install/moveit_resources_pr2_description:/home/jone/ws_moveit/install/moveit_resources_panda_description:/home/jone/ws_moveit/install/moveit_common:/home/jone/ws_moveit/install/pilz_industrial_motion_planner_testutils:/home/jone/ws_moveit/install/moveit_runtime:/home/jone/ws_moveit/install/moveit2_tutorials:/home/jone/ws_moveit/install/moveit:/home/jone/ws_moveit/install/moveit_planners:/home/jone/ws_moveit/install/pilz_industrial_motion_planner:/home/jone/ws_moveit/install/moveit_visual_tools:/home/jone/ws_moveit/install/moveit_task_constructor_visualization:/home/jone/ws_moveit/install/moveit_task_constructor_demo:/home/jone/ws_moveit/install/moveit_task_constructor_capabilities:/home/jone/ws_moveit/install/moveit_task_constructor_core:/home/jone/ws_moveit/install/moveit_ros_control_interface:/home/jone/ws_moveit/install/moveit_plugins:/home/jone/ws_moveit/install/moveit_simple_controller_manager:/home/jone/ws_moveit/install/moveit_setup_assistant:/home/jone/ws_moveit/install/moveit_setup_srdf_plugins:/home/jone/ws_moveit/install/moveit_setup_core_plugins:/home/jone/ws_moveit/install/moveit_setup_controllers:/home/jone/ws_moveit/install/moveit_setup_app_plugins:/home/jone/ws_moveit/install/moveit_setup_framework:/home/jone/ws_moveit/install/moveit_servo:/home/jone/ws_moveit/install/moveit_ros:/home/jone/ws_moveit/install/moveit_ros_visualization:/home/jone/ws_moveit/install/moveit_hybrid_planning:/home/jone/ws_moveit/install/moveit_ros_planning_interface:/home/jone/ws_moveit/install/moveit_ros_benchmarks:/home/jone/ws_moveit/install/moveit_ros_warehouse:/home/jone/ws_moveit/install/moveit_ros_robot_interaction:/home/jone/ws_moveit/install/moveit_ros_perception:/home/jone/ws_moveit/install/moveit_resources_prbt_pg70_support:/home/jone/ws_moveit/install/moveit_resources_prbt_moveit_config:/home/jone/ws_moveit/install/moveit_ros_move_group:/home/jone/ws_moveit/install/moveit_planners_ompl:/home/jone/ws_moveit/install/moveit_ros_planning:/home/jone/ws_moveit/install/moveit_ros_occupancy_map_monitor:/home/jone/ws_moveit/install/moveit_resources_prbt_ikfast_manipulator_plugin:/home/jone/ws_moveit/install/moveit_planners_chomp:/home/jone/ws_moveit/install/moveit_kinematics:/home/jone/ws_moveit/install/moveit_chomp_optimizer_adapter:/home/jone/ws_moveit/install/rviz_marker_tools:/home/jone/ws_moveit/install/rosparam_shortcuts:/home/jone/ws_moveit/install/moveit_task_constructor_msgs:/home/jone/ws_moveit/install/moveit_resources_prbt_support:/home/jone/ws_moveit/install/moveit_resources:/home/jone/ws_moveit/install/moveit_resources_fanuc_moveit_config:/home/jone/ws_moveit/install/moveit_resources_fanuc_description:/home/jone/ws_moveit/install/moveit_configs_utils:/home/jone/ws_moveit/install/launch_param_builder:/opt/ros/humble LD_LIBRARY_PATH=/home/jone/ws_moveit/install/chomp_motion_planner/lib:/home/jone/ws_moveit/install/moveit_core/lib:/home/jone/ws_moveit/install/srdfdom/lib:/home/jone/ws_moveit/install/pilz_industrial_motion_planner_testutils/lib:/home/jone/ws_moveit/install/pilz_industrial_motion_planner/lib:/home/jone/ws_moveit/install/moveit_visual_tools/lib:/home/jone/ws_moveit/install/moveit_task_constructor_visualization/lib:/home/jone/ws_moveit/install/moveit_task_constructor_demo/lib:/home/jone/ws_moveit/install/moveit_task_constructor_capabilities/lib:/home/jone/ws_moveit/install/moveit_task_constructor_core/lib:/home/jone/ws_moveit/install/moveit_ros_control_interface/lib:/home/jone/ws_moveit/install/moveit_simple_controller_manager/lib:/home/jone/ws_moveit/install/moveit_setup_assistant/lib:/home/jone/ws_moveit/install/moveit_setup_srdf_plugins/lib:/home/jone/ws_moveit/install/moveit_setup_core_plugins/lib:/home/jone/ws_moveit/install/moveit_setup_controllers/lib:/home/jone/ws_moveit/install/moveit_setup_app_plugins/lib:/home/jone/ws_moveit/install/moveit_setup_framework/lib:/home/jone/ws_moveit/install/moveit_servo/lib:/home/jone/ws_moveit/install/moveit_ros_visualization/lib:/home/jone/ws_moveit/install/moveit_hybrid_planning/lib:/home/jone/ws_moveit/install/moveit_ros_planning_interface/lib:/home/jone/ws_moveit/install/moveit_ros_benchmarks/lib:/home/jone/ws_moveit/install/moveit_ros_warehouse/lib:/home/jone/ws_moveit/install/moveit_ros_robot_interaction/lib:/home/jone/ws_moveit/install/moveit_ros_perception/lib:/home/jone/ws_moveit/install/moveit_ros_move_group/lib:/home/jone/ws_moveit/install/moveit_planners_ompl/lib:/home/jone/ws_moveit/install/moveit_ros_planning/lib:/home/jone/ws_moveit/install/moveit_ros_occupancy_map_monitor/lib:/home/jone/ws_moveit/install/moveit_resources_prbt_ikfast_manipulator_plugin/lib:/home/jone/ws_moveit/install/moveit_planners_chomp/lib:/home/jone/ws_moveit/install/moveit_kinematics/lib:/home/jone/ws_moveit/install/moveit_chomp_optimizer_adapter/lib:/home/jone/ws_moveit/install/rviz_marker_tools/lib:/home/jone/ws_moveit/install/rosparam_shortcuts/lib:/home/jone/ws_moveit/install/moveit_task_constructor_msgs/lib:/opt/ros/humble/opt/rviz_ogre_vendor/lib:/opt/ros/humble/lib/x86_64-linux-gnu:/opt/ros/humble/lib:/usr/lib/x86_64-linux-gnu/gazebo-11/plugins:/usr/lib/x86_64-linux-gnu/gazebo-11/plugins:/usr/lib/x86_64-linux-gnu/gazebo-11/plugins /usr/bin/cmake --build /home/jone/ws_moveit/build/moveit_planners_chomp
[10.308s] DEBUG:colcon.colcon_core.event_handler.log_command:Invoking command in '/home/jone/ws_moveit/build/moveit_planners_chomp': CMAKE_PREFIX_PATH=/home/jone/ws_moveit/install/chomp_motion_planner:/home/jone/ws_moveit/install/moveit_core:/home/jone/ws_moveit/install/moveit_resources_panda_moveit_config:/home/jone/ws_moveit/install/srdfdom:/home/jone/ws_moveit/install/moveit_resources_pr2_description:/home/jone/ws_moveit/install/moveit_resources_panda_description:/home/jone/ws_moveit/install/moveit_common:/home/jone/ws_moveit/install/pilz_industrial_motion_planner_testutils:/home/jone/ws_moveit/install/moveit_runtime:/home/jone/ws_moveit/install/moveit2_tutorials:/home/jone/ws_moveit/install/moveit:/home/jone/ws_moveit/install/moveit_planners:/home/jone/ws_moveit/install/pilz_industrial_motion_planner:/home/jone/ws_moveit/install/moveit_visual_tools:/home/jone/ws_moveit/install/moveit_task_constructor_visualization:/home/jone/ws_moveit/install/moveit_task_constructor_demo:/home/jone/ws_moveit/install/moveit_task_constructor_capabilities:/home/jone/ws_moveit/install/moveit_task_constructor_core:/home/jone/ws_moveit/install/moveit_ros_control_interface:/home/jone/ws_moveit/install/moveit_plugins:/home/jone/ws_moveit/install/moveit_simple_controller_manager:/home/jone/ws_moveit/install/moveit_setup_assistant:/home/jone/ws_moveit/install/moveit_setup_srdf_plugins:/home/jone/ws_moveit/install/moveit_setup_core_plugins:/home/jone/ws_moveit/install/moveit_setup_controllers:/home/jone/ws_moveit/install/moveit_setup_app_plugins:/home/jone/ws_moveit/install/moveit_setup_framework:/home/jone/ws_moveit/install/moveit_servo:/home/jone/ws_moveit/install/moveit_ros:/home/jone/ws_moveit/install/moveit_ros_visualization:/home/jone/ws_moveit/install/moveit_hybrid_planning:/home/jone/ws_moveit/install/moveit_ros_planning_interface:/home/jone/ws_moveit/install/moveit_ros_benchmarks:/home/jone/ws_moveit/install/moveit_ros_warehouse:/home/jone/ws_moveit/install/moveit_ros_robot_interaction:/home/jone/ws_moveit/install/moveit_ros_perception:/home/jone/ws_moveit/install/moveit_resources_prbt_pg70_support:/home/jone/ws_moveit/install/moveit_resources_prbt_moveit_config:/home/jone/ws_moveit/install/moveit_ros_move_group:/home/jone/ws_moveit/install/moveit_planners_ompl:/home/jone/ws_moveit/install/moveit_ros_planning:/home/jone/ws_moveit/install/moveit_ros_occupancy_map_monitor:/home/jone/ws_moveit/install/moveit_resources_prbt_ikfast_manipulator_plugin:/home/jone/ws_moveit/install/moveit_planners_chomp:/home/jone/ws_moveit/install/moveit_kinematics:/home/jone/ws_moveit/install/moveit_chomp_optimizer_adapter:/home/jone/ws_moveit/install/rviz_marker_tools:/home/jone/ws_moveit/install/rosparam_shortcuts:/home/jone/ws_moveit/install/moveit_task_constructor_msgs:/home/jone/ws_moveit/install/moveit_resources_prbt_support:/home/jone/ws_moveit/install/moveit_resources:/home/jone/ws_moveit/install/moveit_resources_fanuc_moveit_config:/home/jone/ws_moveit/install/moveit_resources_fanuc_description:/home/jone/ws_moveit/install/moveit_configs_utils:/home/jone/ws_moveit/install/launch_param_builder:/opt/ros/humble LD_LIBRARY_PATH=/home/jone/ws_moveit/install/chomp_motion_planner/lib:/home/jone/ws_moveit/install/moveit_core/lib:/home/jone/ws_moveit/install/srdfdom/lib:/home/jone/ws_moveit/install/pilz_industrial_motion_planner_testutils/lib:/home/jone/ws_moveit/install/pilz_industrial_motion_planner/lib:/home/jone/ws_moveit/install/moveit_visual_tools/lib:/home/jone/ws_moveit/install/moveit_task_constructor_visualization/lib:/home/jone/ws_moveit/install/moveit_task_constructor_demo/lib:/home/jone/ws_moveit/install/moveit_task_constructor_capabilities/lib:/home/jone/ws_moveit/install/moveit_task_constructor_core/lib:/home/jone/ws_moveit/install/moveit_ros_control_interface/lib:/home/jone/ws_moveit/install/moveit_simple_controller_manager/lib:/home/jone/ws_moveit/install/moveit_setup_assistant/lib:/home/jone/ws_moveit/install/moveit_setup_srdf_plugins/lib:/home/jone/ws_moveit/install/moveit_setup_core_plugins/lib:/home/jone/ws_moveit/install/moveit_setup_controllers/lib:/home/jone/ws_moveit/install/moveit_setup_app_plugins/lib:/home/jone/ws_moveit/install/moveit_setup_framework/lib:/home/jone/ws_moveit/install/moveit_servo/lib:/home/jone/ws_moveit/install/moveit_ros_visualization/lib:/home/jone/ws_moveit/install/moveit_hybrid_planning/lib:/home/jone/ws_moveit/install/moveit_ros_planning_interface/lib:/home/jone/ws_moveit/install/moveit_ros_benchmarks/lib:/home/jone/ws_moveit/install/moveit_ros_warehouse/lib:/home/jone/ws_moveit/install/moveit_ros_robot_interaction/lib:/home/jone/ws_moveit/install/moveit_ros_perception/lib:/home/jone/ws_moveit/install/moveit_ros_move_group/lib:/home/jone/ws_moveit/install/moveit_planners_ompl/lib:/home/jone/ws_moveit/install/moveit_ros_planning/lib:/home/jone/ws_moveit/install/moveit_ros_occupancy_map_monitor/lib:/home/jone/ws_moveit/install/moveit_resources_prbt_ikfast_manipulator_plugin/lib:/home/jone/ws_moveit/install/moveit_planners_chomp/lib:/home/jone/ws_moveit/install/moveit_kinematics/lib:/home/jone/ws_moveit/install/moveit_chomp_optimizer_adapter/lib:/home/jone/ws_moveit/install/rviz_marker_tools/lib:/home/jone/ws_moveit/install/rosparam_shortcuts/lib:/home/jone/ws_moveit/install/moveit_task_constructor_msgs/lib:/opt/ros/humble/opt/rviz_ogre_vendor/lib:/opt/ros/humble/lib/x86_64-linux-gnu:/opt/ros/humble/lib:/usr/lib/x86_64-linux-gnu/gazebo-11/plugins:/usr/lib/x86_64-linux-gnu/gazebo-11/plugins:/usr/lib/x86_64-linux-gnu/gazebo-11/plugins /usr/bin/cmake --install /home/jone/ws_moveit/build/moveit_planners_chomp
[10.338s] Level 1:colcon.colcon_core.environment:create_environment_scripts_only(moveit_planners_chomp)
[10.339s] Level 1:colcon.colcon_core.environment:checking '/home/jone/ws_moveit/install/moveit_planners_chomp' for CMake module files
[10.339s] DEBUG:colcon.colcon_core.event_handler.log_command:Invoked command in '/home/jone/ws_moveit/build/moveit_planners_chomp' returned '0': CMAKE_PREFIX_PATH=/home/jone/ws_moveit/install/chomp_motion_planner:/home/jone/ws_moveit/install/moveit_core:/home/jone/ws_moveit/install/moveit_resources_panda_moveit_config:/home/jone/ws_moveit/install/srdfdom:/home/jone/ws_moveit/install/moveit_resources_pr2_description:/home/jone/ws_moveit/install/moveit_resources_panda_description:/home/jone/ws_moveit/install/moveit_common:/home/jone/ws_moveit/install/pilz_industrial_motion_planner_testutils:/home/jone/ws_moveit/install/moveit_runtime:/home/jone/ws_moveit/install/moveit2_tutorials:/home/jone/ws_moveit/install/moveit:/home/jone/ws_moveit/install/moveit_planners:/home/jone/ws_moveit/install/pilz_industrial_motion_planner:/home/jone/ws_moveit/install/moveit_visual_tools:/home/jone/ws_moveit/install/moveit_task_constructor_visualization:/home/jone/ws_moveit/install/moveit_task_constructor_demo:/home/jone/ws_moveit/install/moveit_task_constructor_capabilities:/home/jone/ws_moveit/install/moveit_task_constructor_core:/home/jone/ws_moveit/install/moveit_ros_control_interface:/home/jone/ws_moveit/install/moveit_plugins:/home/jone/ws_moveit/install/moveit_simple_controller_manager:/home/jone/ws_moveit/install/moveit_setup_assistant:/home/jone/ws_moveit/install/moveit_setup_srdf_plugins:/home/jone/ws_moveit/install/moveit_setup_core_plugins:/home/jone/ws_moveit/install/moveit_setup_controllers:/home/jone/ws_moveit/install/moveit_setup_app_plugins:/home/jone/ws_moveit/install/moveit_setup_framework:/home/jone/ws_moveit/install/moveit_servo:/home/jone/ws_moveit/install/moveit_ros:/home/jone/ws_moveit/install/moveit_ros_visualization:/home/jone/ws_moveit/install/moveit_hybrid_planning:/home/jone/ws_moveit/install/moveit_ros_planning_interface:/home/jone/ws_moveit/install/moveit_ros_benchmarks:/home/jone/ws_moveit/install/moveit_ros_warehouse:/home/jone/ws_moveit/install/moveit_ros_robot_interaction:/home/jone/ws_moveit/install/moveit_ros_perception:/home/jone/ws_moveit/install/moveit_resources_prbt_pg70_support:/home/jone/ws_moveit/install/moveit_resources_prbt_moveit_config:/home/jone/ws_moveit/install/moveit_ros_move_group:/home/jone/ws_moveit/install/moveit_planners_ompl:/home/jone/ws_moveit/install/moveit_ros_planning:/home/jone/ws_moveit/install/moveit_ros_occupancy_map_monitor:/home/jone/ws_moveit/install/moveit_resources_prbt_ikfast_manipulator_plugin:/home/jone/ws_moveit/install/moveit_planners_chomp:/home/jone/ws_moveit/install/moveit_kinematics:/home/jone/ws_moveit/install/moveit_chomp_optimizer_adapter:/home/jone/ws_moveit/install/rviz_marker_tools:/home/jone/ws_moveit/install/rosparam_shortcuts:/home/jone/ws_moveit/install/moveit_task_constructor_msgs:/home/jone/ws_moveit/install/moveit_resources_prbt_support:/home/jone/ws_moveit/install/moveit_resources:/home/jone/ws_moveit/install/moveit_resources_fanuc_moveit_config:/home/jone/ws_moveit/install/moveit_resources_fanuc_description:/home/jone/ws_moveit/install/moveit_configs_utils:/home/jone/ws_moveit/install/launch_param_builder:/opt/ros/humble LD_LIBRARY_PATH=/home/jone/ws_moveit/install/chomp_motion_planner/lib:/home/jone/ws_moveit/install/moveit_core/lib:/home/jone/ws_moveit/install/srdfdom/lib:/home/jone/ws_moveit/install/pilz_industrial_motion_planner_testutils/lib:/home/jone/ws_moveit/install/pilz_industrial_motion_planner/lib:/home/jone/ws_moveit/install/moveit_visual_tools/lib:/home/jone/ws_moveit/install/moveit_task_constructor_visualization/lib:/home/jone/ws_moveit/install/moveit_task_constructor_demo/lib:/home/jone/ws_moveit/install/moveit_task_constructor_capabilities/lib:/home/jone/ws_moveit/install/moveit_task_constructor_core/lib:/home/jone/ws_moveit/install/moveit_ros_control_interface/lib:/home/jone/ws_moveit/install/moveit_simple_controller_manager/lib:/home/jone/ws_moveit/install/moveit_setup_assistant/lib:/home/jone/ws_moveit/install/moveit_setup_srdf_plugins/lib:/home/jone/ws_moveit/install/moveit_setup_core_plugins/lib:/home/jone/ws_moveit/install/moveit_setup_controllers/lib:/home/jone/ws_moveit/install/moveit_setup_app_plugins/lib:/home/jone/ws_moveit/install/moveit_setup_framework/lib:/home/jone/ws_moveit/install/moveit_servo/lib:/home/jone/ws_moveit/install/moveit_ros_visualization/lib:/home/jone/ws_moveit/install/moveit_hybrid_planning/lib:/home/jone/ws_moveit/install/moveit_ros_planning_interface/lib:/home/jone/ws_moveit/install/moveit_ros_benchmarks/lib:/home/jone/ws_moveit/install/moveit_ros_warehouse/lib:/home/jone/ws_moveit/install/moveit_ros_robot_interaction/lib:/home/jone/ws_moveit/install/moveit_ros_perception/lib:/home/jone/ws_moveit/install/moveit_ros_move_group/lib:/home/jone/ws_moveit/install/moveit_planners_ompl/lib:/home/jone/ws_moveit/install/moveit_ros_planning/lib:/home/jone/ws_moveit/install/moveit_ros_occupancy_map_monitor/lib:/home/jone/ws_moveit/install/moveit_resources_prbt_ikfast_manipulator_plugin/lib:/home/jone/ws_moveit/install/moveit_planners_chomp/lib:/home/jone/ws_moveit/install/moveit_kinematics/lib:/home/jone/ws_moveit/install/moveit_chomp_optimizer_adapter/lib:/home/jone/ws_moveit/install/rviz_marker_tools/lib:/home/jone/ws_moveit/install/rosparam_shortcuts/lib:/home/jone/ws_moveit/install/moveit_task_constructor_msgs/lib:/opt/ros/humble/opt/rviz_ogre_vendor/lib:/opt/ros/humble/lib/x86_64-linux-gnu:/opt/ros/humble/lib:/usr/lib/x86_64-linux-gnu/gazebo-11/plugins:/usr/lib/x86_64-linux-gnu/gazebo-11/plugins:/usr/lib/x86_64-linux-gnu/gazebo-11/plugins /usr/bin/cmake --install /home/jone/ws_moveit/build/moveit_planners_chomp
[10.340s] Level 1:colcon.colcon_core.environment:checking '/home/jone/ws_moveit/install/moveit_planners_chomp' for CMake config files
[10.341s] Level 1:colcon.colcon_core.shell:create_environment_hook('moveit_planners_chomp', 'cmake_prefix_path')
[10.341s] INFO:colcon.colcon_core.shell:Creating environment hook '/home/jone/ws_moveit/install/moveit_planners_chomp/share/moveit_planners_chomp/hook/cmake_prefix_path.ps1'
[10.341s] INFO:colcon.colcon_core.shell:Creating environment descriptor '/home/jone/ws_moveit/install/moveit_planners_chomp/share/moveit_planners_chomp/hook/cmake_prefix_path.dsv'
[10.342s] INFO:colcon.colcon_core.shell:Creating environment hook '/home/jone/ws_moveit/install/moveit_planners_chomp/share/moveit_planners_chomp/hook/cmake_prefix_path.sh'
[10.342s] Level 1:colcon.colcon_core.environment:checking '/home/jone/ws_moveit/install/moveit_planners_chomp/lib'
[10.342s] Level 1:colcon.colcon_core.shell:create_environment_hook('moveit_planners_chomp', 'ld_library_path_lib')
[10.342s] INFO:colcon.colcon_core.shell:Creating environment hook '/home/jone/ws_moveit/install/moveit_planners_chomp/share/moveit_planners_chomp/hook/ld_library_path_lib.ps1'
[10.343s] INFO:colcon.colcon_core.shell:Creating environment descriptor '/home/jone/ws_moveit/install/moveit_planners_chomp/share/moveit_planners_chomp/hook/ld_library_path_lib.dsv'
[10.343s] INFO:colcon.colcon_core.shell:Creating environment hook '/home/jone/ws_moveit/install/moveit_planners_chomp/share/moveit_planners_chomp/hook/ld_library_path_lib.sh'
[10.343s] Level 1:colcon.colcon_core.environment:checking '/home/jone/ws_moveit/install/moveit_planners_chomp/bin'
[10.343s] Level 1:colcon.colcon_core.environment:checking '/home/jone/ws_moveit/install/moveit_planners_chomp/lib/pkgconfig/moveit_planners_chomp.pc'
[10.344s] Level 1:colcon.colcon_core.environment:checking '/home/jone/ws_moveit/install/moveit_planners_chomp/lib/python3.10/site-packages'
[10.344s] Level 1:colcon.colcon_core.environment:checking '/home/jone/ws_moveit/install/moveit_planners_chomp/bin'
[10.344s] INFO:colcon.colcon_core.shell:Creating package script '/home/jone/ws_moveit/install/moveit_planners_chomp/share/moveit_planners_chomp/package.ps1'
[10.344s] INFO:colcon.colcon_core.shell:Creating package descriptor '/home/jone/ws_moveit/install/moveit_planners_chomp/share/moveit_planners_chomp/package.dsv'
[10.345s] INFO:colcon.colcon_core.shell:Creating package script '/home/jone/ws_moveit/install/moveit_planners_chomp/share/moveit_planners_chomp/package.sh'
[10.345s] INFO:colcon.colcon_core.shell:Creating package script '/home/jone/ws_moveit/install/moveit_planners_chomp/share/moveit_planners_chomp/package.bash'
[10.345s] INFO:colcon.colcon_core.shell:Creating package script '/home/jone/ws_moveit/install/moveit_planners_chomp/share/moveit_planners_chomp/package.zsh'
[10.346s] Level 1:colcon.colcon_core.environment:create_file_with_runtime_dependencies(/home/jone/ws_moveit/install/moveit_planners_chomp/share/colcon-core/packages/moveit_planners_chomp)
[10.346s] Level 1:colcon.colcon_core.environment:create_environment_scripts_only(moveit_planners_chomp)
[10.346s] Level 1:colcon.colcon_core.environment:checking '/home/jone/ws_moveit/install/moveit_planners_chomp' for CMake module files
[10.346s] Level 1:colcon.colcon_core.environment:checking '/home/jone/ws_moveit/install/moveit_planners_chomp' for CMake config files
[10.347s] Level 1:colcon.colcon_core.shell:create_environment_hook('moveit_planners_chomp', 'cmake_prefix_path')
[10.347s] INFO:colcon.colcon_core.shell:Creating environment hook '/home/jone/ws_moveit/install/moveit_planners_chomp/share/moveit_planners_chomp/hook/cmake_prefix_path.ps1'
[10.347s] INFO:colcon.colcon_core.shell:Creating environment descriptor '/home/jone/ws_moveit/install/moveit_planners_chomp/share/moveit_planners_chomp/hook/cmake_prefix_path.dsv'
[10.347s] INFO:colcon.colcon_core.shell:Creating environment hook '/home/jone/ws_moveit/install/moveit_planners_chomp/share/moveit_planners_chomp/hook/cmake_prefix_path.sh'
[10.348s] Level 1:colcon.colcon_core.environment:checking '/home/jone/ws_moveit/install/moveit_planners_chomp/lib'
[10.348s] Level 1:colcon.colcon_core.shell:create_environment_hook('moveit_planners_chomp', 'ld_library_path_lib')
[10.348s] INFO:colcon.colcon_core.shell:Creating environment hook '/home/jone/ws_moveit/install/moveit_planners_chomp/share/moveit_planners_chomp/hook/ld_library_path_lib.ps1'
[10.348s] INFO:colcon.colcon_core.shell:Creating environment descriptor '/home/jone/ws_moveit/install/moveit_planners_chomp/share/moveit_planners_chomp/hook/ld_library_path_lib.dsv'
[10.348s] INFO:colcon.colcon_core.shell:Creating environment hook '/home/jone/ws_moveit/install/moveit_planners_chomp/share/moveit_planners_chomp/hook/ld_library_path_lib.sh'
[10.349s] Level 1:colcon.colcon_core.environment:checking '/home/jone/ws_moveit/install/moveit_planners_chomp/bin'
[10.349s] Level 1:colcon.colcon_core.environment:checking '/home/jone/ws_moveit/install/moveit_planners_chomp/lib/pkgconfig/moveit_planners_chomp.pc'
[10.349s] Level 1:colcon.colcon_core.environment:checking '/home/jone/ws_moveit/install/moveit_planners_chomp/lib/python3.10/site-packages'
[10.349s] Level 1:colcon.colcon_core.environment:checking '/home/jone/ws_moveit/install/moveit_planners_chomp/bin'
[10.349s] INFO:colcon.colcon_core.shell:Creating package script '/home/jone/ws_moveit/install/moveit_planners_chomp/share/moveit_planners_chomp/package.ps1'
[10.350s] INFO:colcon.colcon_core.shell:Creating package descriptor '/home/jone/ws_moveit/install/moveit_planners_chomp/share/moveit_planners_chomp/package.dsv'
[10.350s] INFO:colcon.colcon_core.shell:Creating package script '/home/jone/ws_moveit/install/moveit_planners_chomp/share/moveit_planners_chomp/package.sh'
[10.350s] INFO:colcon.colcon_core.shell:Creating package script '/home/jone/ws_moveit/install/moveit_planners_chomp/share/moveit_planners_chomp/package.bash'
[10.351s] INFO:colcon.colcon_core.shell:Creating package script '/home/jone/ws_moveit/install/moveit_planners_chomp/share/moveit_planners_chomp/package.zsh'
[10.351s] Level 1:colcon.colcon_core.environment:create_file_with_runtime_dependencies(/home/jone/ws_moveit/install/moveit_planners_chomp/share/colcon-core/packages/moveit_planners_chomp)
[10.351s] DEBUG:colcon.colcon_core.executor.sequential:run_until_complete 'moveit_planners_chomp' finished with '0'
[10.351s] DEBUG:colcon.colcon_core.executor.sequential:run_until_complete 'moveit_plugins'
[10.351s] INFO:colcon.colcon_ros.task.ament_cmake.build:Building ROS package in '/home/jone/ws_moveit/src/moveit2/moveit_plugins/moveit_plugins' with build type 'ament_cmake'
[10.351s] INFO:colcon.colcon_cmake.task.cmake.build:Building CMake package in '/home/jone/ws_moveit/src/moveit2/moveit_plugins/moveit_plugins'
[10.351s] INFO:colcon.colcon_core.shell:Skip shell extension 'powershell' for command environment: Not usable outside of PowerShell
[10.351s] DEBUG:colcon.colcon_core.shell:Skip shell extension 'dsv' for command environment
[10.381s] DEBUG:colcon.colcon_core.event_handler.log_command:Invoking command in '/home/jone/ws_moveit/build/moveit_plugins': CMAKE_PREFIX_PATH=/home/jone/ws_moveit/install/moveit_simple_controller_manager:/home/jone/ws_moveit/install/moveit_core:/home/jone/ws_moveit/install/moveit_resources_panda_moveit_config:/home/jone/ws_moveit/install/srdfdom:/home/jone/ws_moveit/install/moveit_resources_pr2_description:/home/jone/ws_moveit/install/moveit_resources_panda_description:/home/jone/ws_moveit/install/moveit_common:/home/jone/ws_moveit/install/pilz_industrial_motion_planner_testutils:/home/jone/ws_moveit/install/moveit_runtime:/home/jone/ws_moveit/install/moveit2_tutorials:/home/jone/ws_moveit/install/moveit:/home/jone/ws_moveit/install/moveit_planners:/home/jone/ws_moveit/install/pilz_industrial_motion_planner:/home/jone/ws_moveit/install/moveit_visual_tools:/home/jone/ws_moveit/install/moveit_task_constructor_visualization:/home/jone/ws_moveit/install/moveit_task_constructor_demo:/home/jone/ws_moveit/install/moveit_task_constructor_capabilities:/home/jone/ws_moveit/install/moveit_task_constructor_core:/home/jone/ws_moveit/install/moveit_ros_control_interface:/home/jone/ws_moveit/install/moveit_plugins:/home/jone/ws_moveit/install/moveit_setup_assistant:/home/jone/ws_moveit/install/moveit_setup_srdf_plugins:/home/jone/ws_moveit/install/moveit_setup_core_plugins:/home/jone/ws_moveit/install/moveit_setup_controllers:/home/jone/ws_moveit/install/moveit_setup_app_plugins:/home/jone/ws_moveit/install/moveit_setup_framework:/home/jone/ws_moveit/install/moveit_servo:/home/jone/ws_moveit/install/moveit_ros:/home/jone/ws_moveit/install/moveit_ros_visualization:/home/jone/ws_moveit/install/moveit_hybrid_planning:/home/jone/ws_moveit/install/moveit_ros_planning_interface:/home/jone/ws_moveit/install/moveit_ros_benchmarks:/home/jone/ws_moveit/install/moveit_ros_warehouse:/home/jone/ws_moveit/install/moveit_ros_robot_interaction:/home/jone/ws_moveit/install/moveit_ros_perception:/home/jone/ws_moveit/install/moveit_resources_prbt_pg70_support:/home/jone/ws_moveit/install/moveit_resources_prbt_moveit_config:/home/jone/ws_moveit/install/moveit_ros_move_group:/home/jone/ws_moveit/install/moveit_planners_ompl:/home/jone/ws_moveit/install/moveit_ros_planning:/home/jone/ws_moveit/install/moveit_ros_occupancy_map_monitor:/home/jone/ws_moveit/install/moveit_resources_prbt_ikfast_manipulator_plugin:/home/jone/ws_moveit/install/moveit_planners_chomp:/home/jone/ws_moveit/install/moveit_kinematics:/home/jone/ws_moveit/install/moveit_chomp_optimizer_adapter:/home/jone/ws_moveit/install/chomp_motion_planner:/home/jone/ws_moveit/install/rviz_marker_tools:/home/jone/ws_moveit/install/rosparam_shortcuts:/home/jone/ws_moveit/install/moveit_task_constructor_msgs:/home/jone/ws_moveit/install/moveit_resources_prbt_support:/home/jone/ws_moveit/install/moveit_resources:/home/jone/ws_moveit/install/moveit_resources_fanuc_moveit_config:/home/jone/ws_moveit/install/moveit_resources_fanuc_description:/home/jone/ws_moveit/install/moveit_configs_utils:/home/jone/ws_moveit/install/launch_param_builder:/opt/ros/humble LD_LIBRARY_PATH=/home/jone/ws_moveit/install/moveit_simple_controller_manager/lib:/home/jone/ws_moveit/install/moveit_core/lib:/home/jone/ws_moveit/install/srdfdom/lib:/home/jone/ws_moveit/install/pilz_industrial_motion_planner_testutils/lib:/home/jone/ws_moveit/install/pilz_industrial_motion_planner/lib:/home/jone/ws_moveit/install/moveit_visual_tools/lib:/home/jone/ws_moveit/install/moveit_task_constructor_visualization/lib:/home/jone/ws_moveit/install/moveit_task_constructor_demo/lib:/home/jone/ws_moveit/install/moveit_task_constructor_capabilities/lib:/home/jone/ws_moveit/install/moveit_task_constructor_core/lib:/home/jone/ws_moveit/install/moveit_ros_control_interface/lib:/home/jone/ws_moveit/install/moveit_setup_assistant/lib:/home/jone/ws_moveit/install/moveit_setup_srdf_plugins/lib:/home/jone/ws_moveit/install/moveit_setup_core_plugins/lib:/home/jone/ws_moveit/install/moveit_setup_controllers/lib:/home/jone/ws_moveit/install/moveit_setup_app_plugins/lib:/home/jone/ws_moveit/install/moveit_setup_framework/lib:/home/jone/ws_moveit/install/moveit_servo/lib:/home/jone/ws_moveit/install/moveit_ros_visualization/lib:/home/jone/ws_moveit/install/moveit_hybrid_planning/lib:/home/jone/ws_moveit/install/moveit_ros_planning_interface/lib:/home/jone/ws_moveit/install/moveit_ros_benchmarks/lib:/home/jone/ws_moveit/install/moveit_ros_warehouse/lib:/home/jone/ws_moveit/install/moveit_ros_robot_interaction/lib:/home/jone/ws_moveit/install/moveit_ros_perception/lib:/home/jone/ws_moveit/install/moveit_ros_move_group/lib:/home/jone/ws_moveit/install/moveit_planners_ompl/lib:/home/jone/ws_moveit/install/moveit_ros_planning/lib:/home/jone/ws_moveit/install/moveit_ros_occupancy_map_monitor/lib:/home/jone/ws_moveit/install/moveit_resources_prbt_ikfast_manipulator_plugin/lib:/home/jone/ws_moveit/install/moveit_planners_chomp/lib:/home/jone/ws_moveit/install/moveit_kinematics/lib:/home/jone/ws_moveit/install/moveit_chomp_optimizer_adapter/lib:/home/jone/ws_moveit/install/chomp_motion_planner/lib:/home/jone/ws_moveit/install/rviz_marker_tools/lib:/home/jone/ws_moveit/install/rosparam_shortcuts/lib:/home/jone/ws_moveit/install/moveit_task_constructor_msgs/lib:/opt/ros/humble/opt/rviz_ogre_vendor/lib:/opt/ros/humble/lib/x86_64-linux-gnu:/opt/ros/humble/lib:/usr/lib/x86_64-linux-gnu/gazebo-11/plugins:/usr/lib/x86_64-linux-gnu/gazebo-11/plugins:/usr/lib/x86_64-linux-gnu/gazebo-11/plugins /usr/bin/cmake --build /home/jone/ws_moveit/build/moveit_plugins
[10.432s] DEBUG:colcon.colcon_core.event_handler.log_command:Invoked command in '/home/jone/ws_moveit/build/moveit_plugins' returned '0': CMAKE_PREFIX_PATH=/home/jone/ws_moveit/install/moveit_simple_controller_manager:/home/jone/ws_moveit/install/moveit_core:/home/jone/ws_moveit/install/moveit_resources_panda_moveit_config:/home/jone/ws_moveit/install/srdfdom:/home/jone/ws_moveit/install/moveit_resources_pr2_description:/home/jone/ws_moveit/install/moveit_resources_panda_description:/home/jone/ws_moveit/install/moveit_common:/home/jone/ws_moveit/install/pilz_industrial_motion_planner_testutils:/home/jone/ws_moveit/install/moveit_runtime:/home/jone/ws_moveit/install/moveit2_tutorials:/home/jone/ws_moveit/install/moveit:/home/jone/ws_moveit/install/moveit_planners:/home/jone/ws_moveit/install/pilz_industrial_motion_planner:/home/jone/ws_moveit/install/moveit_visual_tools:/home/jone/ws_moveit/install/moveit_task_constructor_visualization:/home/jone/ws_moveit/install/moveit_task_constructor_demo:/home/jone/ws_moveit/install/moveit_task_constructor_capabilities:/home/jone/ws_moveit/install/moveit_task_constructor_core:/home/jone/ws_moveit/install/moveit_ros_control_interface:/home/jone/ws_moveit/install/moveit_plugins:/home/jone/ws_moveit/install/moveit_setup_assistant:/home/jone/ws_moveit/install/moveit_setup_srdf_plugins:/home/jone/ws_moveit/install/moveit_setup_core_plugins:/home/jone/ws_moveit/install/moveit_setup_controllers:/home/jone/ws_moveit/install/moveit_setup_app_plugins:/home/jone/ws_moveit/install/moveit_setup_framework:/home/jone/ws_moveit/install/moveit_servo:/home/jone/ws_moveit/install/moveit_ros:/home/jone/ws_moveit/install/moveit_ros_visualization:/home/jone/ws_moveit/install/moveit_hybrid_planning:/home/jone/ws_moveit/install/moveit_ros_planning_interface:/home/jone/ws_moveit/install/moveit_ros_benchmarks:/home/jone/ws_moveit/install/moveit_ros_warehouse:/home/jone/ws_moveit/install/moveit_ros_robot_interaction:/home/jone/ws_moveit/install/moveit_ros_perception:/home/jone/ws_moveit/install/moveit_resources_prbt_pg70_support:/home/jone/ws_moveit/install/moveit_resources_prbt_moveit_config:/home/jone/ws_moveit/install/moveit_ros_move_group:/home/jone/ws_moveit/install/moveit_planners_ompl:/home/jone/ws_moveit/install/moveit_ros_planning:/home/jone/ws_moveit/install/moveit_ros_occupancy_map_monitor:/home/jone/ws_moveit/install/moveit_resources_prbt_ikfast_manipulator_plugin:/home/jone/ws_moveit/install/moveit_planners_chomp:/home/jone/ws_moveit/install/moveit_kinematics:/home/jone/ws_moveit/install/moveit_chomp_optimizer_adapter:/home/jone/ws_moveit/install/chomp_motion_planner:/home/jone/ws_moveit/install/rviz_marker_tools:/home/jone/ws_moveit/install/rosparam_shortcuts:/home/jone/ws_moveit/install/moveit_task_constructor_msgs:/home/jone/ws_moveit/install/moveit_resources_prbt_support:/home/jone/ws_moveit/install/moveit_resources:/home/jone/ws_moveit/install/moveit_resources_fanuc_moveit_config:/home/jone/ws_moveit/install/moveit_resources_fanuc_description:/home/jone/ws_moveit/install/moveit_configs_utils:/home/jone/ws_moveit/install/launch_param_builder:/opt/ros/humble LD_LIBRARY_PATH=/home/jone/ws_moveit/install/moveit_simple_controller_manager/lib:/home/jone/ws_moveit/install/moveit_core/lib:/home/jone/ws_moveit/install/srdfdom/lib:/home/jone/ws_moveit/install/pilz_industrial_motion_planner_testutils/lib:/home/jone/ws_moveit/install/pilz_industrial_motion_planner/lib:/home/jone/ws_moveit/install/moveit_visual_tools/lib:/home/jone/ws_moveit/install/moveit_task_constructor_visualization/lib:/home/jone/ws_moveit/install/moveit_task_constructor_demo/lib:/home/jone/ws_moveit/install/moveit_task_constructor_capabilities/lib:/home/jone/ws_moveit/install/moveit_task_constructor_core/lib:/home/jone/ws_moveit/install/moveit_ros_control_interface/lib:/home/jone/ws_moveit/install/moveit_setup_assistant/lib:/home/jone/ws_moveit/install/moveit_setup_srdf_plugins/lib:/home/jone/ws_moveit/install/moveit_setup_core_plugins/lib:/home/jone/ws_moveit/install/moveit_setup_controllers/lib:/home/jone/ws_moveit/install/moveit_setup_app_plugins/lib:/home/jone/ws_moveit/install/moveit_setup_framework/lib:/home/jone/ws_moveit/install/moveit_servo/lib:/home/jone/ws_moveit/install/moveit_ros_visualization/lib:/home/jone/ws_moveit/install/moveit_hybrid_planning/lib:/home/jone/ws_moveit/install/moveit_ros_planning_interface/lib:/home/jone/ws_moveit/install/moveit_ros_benchmarks/lib:/home/jone/ws_moveit/install/moveit_ros_warehouse/lib:/home/jone/ws_moveit/install/moveit_ros_robot_interaction/lib:/home/jone/ws_moveit/install/moveit_ros_perception/lib:/home/jone/ws_moveit/install/moveit_ros_move_group/lib:/home/jone/ws_moveit/install/moveit_planners_ompl/lib:/home/jone/ws_moveit/install/moveit_ros_planning/lib:/home/jone/ws_moveit/install/moveit_ros_occupancy_map_monitor/lib:/home/jone/ws_moveit/install/moveit_resources_prbt_ikfast_manipulator_plugin/lib:/home/jone/ws_moveit/install/moveit_planners_chomp/lib:/home/jone/ws_moveit/install/moveit_kinematics/lib:/home/jone/ws_moveit/install/moveit_chomp_optimizer_adapter/lib:/home/jone/ws_moveit/install/chomp_motion_planner/lib:/home/jone/ws_moveit/install/rviz_marker_tools/lib:/home/jone/ws_moveit/install/rosparam_shortcuts/lib:/home/jone/ws_moveit/install/moveit_task_constructor_msgs/lib:/opt/ros/humble/opt/rviz_ogre_vendor/lib:/opt/ros/humble/lib/x86_64-linux-gnu:/opt/ros/humble/lib:/usr/lib/x86_64-linux-gnu/gazebo-11/plugins:/usr/lib/x86_64-linux-gnu/gazebo-11/plugins:/usr/lib/x86_64-linux-gnu/gazebo-11/plugins /usr/bin/cmake --build /home/jone/ws_moveit/build/moveit_plugins
[10.433s] DEBUG:colcon.colcon_core.event_handler.log_command:Invoking command in '/home/jone/ws_moveit/build/moveit_plugins': CMAKE_PREFIX_PATH=/home/jone/ws_moveit/install/moveit_simple_controller_manager:/home/jone/ws_moveit/install/moveit_core:/home/jone/ws_moveit/install/moveit_resources_panda_moveit_config:/home/jone/ws_moveit/install/srdfdom:/home/jone/ws_moveit/install/moveit_resources_pr2_description:/home/jone/ws_moveit/install/moveit_resources_panda_description:/home/jone/ws_moveit/install/moveit_common:/home/jone/ws_moveit/install/pilz_industrial_motion_planner_testutils:/home/jone/ws_moveit/install/moveit_runtime:/home/jone/ws_moveit/install/moveit2_tutorials:/home/jone/ws_moveit/install/moveit:/home/jone/ws_moveit/install/moveit_planners:/home/jone/ws_moveit/install/pilz_industrial_motion_planner:/home/jone/ws_moveit/install/moveit_visual_tools:/home/jone/ws_moveit/install/moveit_task_constructor_visualization:/home/jone/ws_moveit/install/moveit_task_constructor_demo:/home/jone/ws_moveit/install/moveit_task_constructor_capabilities:/home/jone/ws_moveit/install/moveit_task_constructor_core:/home/jone/ws_moveit/install/moveit_ros_control_interface:/home/jone/ws_moveit/install/moveit_plugins:/home/jone/ws_moveit/install/moveit_setup_assistant:/home/jone/ws_moveit/install/moveit_setup_srdf_plugins:/home/jone/ws_moveit/install/moveit_setup_core_plugins:/home/jone/ws_moveit/install/moveit_setup_controllers:/home/jone/ws_moveit/install/moveit_setup_app_plugins:/home/jone/ws_moveit/install/moveit_setup_framework:/home/jone/ws_moveit/install/moveit_servo:/home/jone/ws_moveit/install/moveit_ros:/home/jone/ws_moveit/install/moveit_ros_visualization:/home/jone/ws_moveit/install/moveit_hybrid_planning:/home/jone/ws_moveit/install/moveit_ros_planning_interface:/home/jone/ws_moveit/install/moveit_ros_benchmarks:/home/jone/ws_moveit/install/moveit_ros_warehouse:/home/jone/ws_moveit/install/moveit_ros_robot_interaction:/home/jone/ws_moveit/install/moveit_ros_perception:/home/jone/ws_moveit/install/moveit_resources_prbt_pg70_support:/home/jone/ws_moveit/install/moveit_resources_prbt_moveit_config:/home/jone/ws_moveit/install/moveit_ros_move_group:/home/jone/ws_moveit/install/moveit_planners_ompl:/home/jone/ws_moveit/install/moveit_ros_planning:/home/jone/ws_moveit/install/moveit_ros_occupancy_map_monitor:/home/jone/ws_moveit/install/moveit_resources_prbt_ikfast_manipulator_plugin:/home/jone/ws_moveit/install/moveit_planners_chomp:/home/jone/ws_moveit/install/moveit_kinematics:/home/jone/ws_moveit/install/moveit_chomp_optimizer_adapter:/home/jone/ws_moveit/install/chomp_motion_planner:/home/jone/ws_moveit/install/rviz_marker_tools:/home/jone/ws_moveit/install/rosparam_shortcuts:/home/jone/ws_moveit/install/moveit_task_constructor_msgs:/home/jone/ws_moveit/install/moveit_resources_prbt_support:/home/jone/ws_moveit/install/moveit_resources:/home/jone/ws_moveit/install/moveit_resources_fanuc_moveit_config:/home/jone/ws_moveit/install/moveit_resources_fanuc_description:/home/jone/ws_moveit/install/moveit_configs_utils:/home/jone/ws_moveit/install/launch_param_builder:/opt/ros/humble LD_LIBRARY_PATH=/home/jone/ws_moveit/install/moveit_simple_controller_manager/lib:/home/jone/ws_moveit/install/moveit_core/lib:/home/jone/ws_moveit/install/srdfdom/lib:/home/jone/ws_moveit/install/pilz_industrial_motion_planner_testutils/lib:/home/jone/ws_moveit/install/pilz_industrial_motion_planner/lib:/home/jone/ws_moveit/install/moveit_visual_tools/lib:/home/jone/ws_moveit/install/moveit_task_constructor_visualization/lib:/home/jone/ws_moveit/install/moveit_task_constructor_demo/lib:/home/jone/ws_moveit/install/moveit_task_constructor_capabilities/lib:/home/jone/ws_moveit/install/moveit_task_constructor_core/lib:/home/jone/ws_moveit/install/moveit_ros_control_interface/lib:/home/jone/ws_moveit/install/moveit_setup_assistant/lib:/home/jone/ws_moveit/install/moveit_setup_srdf_plugins/lib:/home/jone/ws_moveit/install/moveit_setup_core_plugins/lib:/home/jone/ws_moveit/install/moveit_setup_controllers/lib:/home/jone/ws_moveit/install/moveit_setup_app_plugins/lib:/home/jone/ws_moveit/install/moveit_setup_framework/lib:/home/jone/ws_moveit/install/moveit_servo/lib:/home/jone/ws_moveit/install/moveit_ros_visualization/lib:/home/jone/ws_moveit/install/moveit_hybrid_planning/lib:/home/jone/ws_moveit/install/moveit_ros_planning_interface/lib:/home/jone/ws_moveit/install/moveit_ros_benchmarks/lib:/home/jone/ws_moveit/install/moveit_ros_warehouse/lib:/home/jone/ws_moveit/install/moveit_ros_robot_interaction/lib:/home/jone/ws_moveit/install/moveit_ros_perception/lib:/home/jone/ws_moveit/install/moveit_ros_move_group/lib:/home/jone/ws_moveit/install/moveit_planners_ompl/lib:/home/jone/ws_moveit/install/moveit_ros_planning/lib:/home/jone/ws_moveit/install/moveit_ros_occupancy_map_monitor/lib:/home/jone/ws_moveit/install/moveit_resources_prbt_ikfast_manipulator_plugin/lib:/home/jone/ws_moveit/install/moveit_planners_chomp/lib:/home/jone/ws_moveit/install/moveit_kinematics/lib:/home/jone/ws_moveit/install/moveit_chomp_optimizer_adapter/lib:/home/jone/ws_moveit/install/chomp_motion_planner/lib:/home/jone/ws_moveit/install/rviz_marker_tools/lib:/home/jone/ws_moveit/install/rosparam_shortcuts/lib:/home/jone/ws_moveit/install/moveit_task_constructor_msgs/lib:/opt/ros/humble/opt/rviz_ogre_vendor/lib:/opt/ros/humble/lib/x86_64-linux-gnu:/opt/ros/humble/lib:/usr/lib/x86_64-linux-gnu/gazebo-11/plugins:/usr/lib/x86_64-linux-gnu/gazebo-11/plugins:/usr/lib/x86_64-linux-gnu/gazebo-11/plugins /usr/bin/cmake --install /home/jone/ws_moveit/build/moveit_plugins
[10.447s] Level 1:colcon.colcon_core.environment:create_environment_scripts_only(moveit_plugins)
[10.447s] Level 1:colcon.colcon_core.environment:checking '/home/jone/ws_moveit/install/moveit_plugins' for CMake module files
[10.447s] DEBUG:colcon.colcon_core.event_handler.log_command:Invoked command in '/home/jone/ws_moveit/build/moveit_plugins' returned '0': CMAKE_PREFIX_PATH=/home/jone/ws_moveit/install/moveit_simple_controller_manager:/home/jone/ws_moveit/install/moveit_core:/home/jone/ws_moveit/install/moveit_resources_panda_moveit_config:/home/jone/ws_moveit/install/srdfdom:/home/jone/ws_moveit/install/moveit_resources_pr2_description:/home/jone/ws_moveit/install/moveit_resources_panda_description:/home/jone/ws_moveit/install/moveit_common:/home/jone/ws_moveit/install/pilz_industrial_motion_planner_testutils:/home/jone/ws_moveit/install/moveit_runtime:/home/jone/ws_moveit/install/moveit2_tutorials:/home/jone/ws_moveit/install/moveit:/home/jone/ws_moveit/install/moveit_planners:/home/jone/ws_moveit/install/pilz_industrial_motion_planner:/home/jone/ws_moveit/install/moveit_visual_tools:/home/jone/ws_moveit/install/moveit_task_constructor_visualization:/home/jone/ws_moveit/install/moveit_task_constructor_demo:/home/jone/ws_moveit/install/moveit_task_constructor_capabilities:/home/jone/ws_moveit/install/moveit_task_constructor_core:/home/jone/ws_moveit/install/moveit_ros_control_interface:/home/jone/ws_moveit/install/moveit_plugins:/home/jone/ws_moveit/install/moveit_setup_assistant:/home/jone/ws_moveit/install/moveit_setup_srdf_plugins:/home/jone/ws_moveit/install/moveit_setup_core_plugins:/home/jone/ws_moveit/install/moveit_setup_controllers:/home/jone/ws_moveit/install/moveit_setup_app_plugins:/home/jone/ws_moveit/install/moveit_setup_framework:/home/jone/ws_moveit/install/moveit_servo:/home/jone/ws_moveit/install/moveit_ros:/home/jone/ws_moveit/install/moveit_ros_visualization:/home/jone/ws_moveit/install/moveit_hybrid_planning:/home/jone/ws_moveit/install/moveit_ros_planning_interface:/home/jone/ws_moveit/install/moveit_ros_benchmarks:/home/jone/ws_moveit/install/moveit_ros_warehouse:/home/jone/ws_moveit/install/moveit_ros_robot_interaction:/home/jone/ws_moveit/install/moveit_ros_perception:/home/jone/ws_moveit/install/moveit_resources_prbt_pg70_support:/home/jone/ws_moveit/install/moveit_resources_prbt_moveit_config:/home/jone/ws_moveit/install/moveit_ros_move_group:/home/jone/ws_moveit/install/moveit_planners_ompl:/home/jone/ws_moveit/install/moveit_ros_planning:/home/jone/ws_moveit/install/moveit_ros_occupancy_map_monitor:/home/jone/ws_moveit/install/moveit_resources_prbt_ikfast_manipulator_plugin:/home/jone/ws_moveit/install/moveit_planners_chomp:/home/jone/ws_moveit/install/moveit_kinematics:/home/jone/ws_moveit/install/moveit_chomp_optimizer_adapter:/home/jone/ws_moveit/install/chomp_motion_planner:/home/jone/ws_moveit/install/rviz_marker_tools:/home/jone/ws_moveit/install/rosparam_shortcuts:/home/jone/ws_moveit/install/moveit_task_constructor_msgs:/home/jone/ws_moveit/install/moveit_resources_prbt_support:/home/jone/ws_moveit/install/moveit_resources:/home/jone/ws_moveit/install/moveit_resources_fanuc_moveit_config:/home/jone/ws_moveit/install/moveit_resources_fanuc_description:/home/jone/ws_moveit/install/moveit_configs_utils:/home/jone/ws_moveit/install/launch_param_builder:/opt/ros/humble LD_LIBRARY_PATH=/home/jone/ws_moveit/install/moveit_simple_controller_manager/lib:/home/jone/ws_moveit/install/moveit_core/lib:/home/jone/ws_moveit/install/srdfdom/lib:/home/jone/ws_moveit/install/pilz_industrial_motion_planner_testutils/lib:/home/jone/ws_moveit/install/pilz_industrial_motion_planner/lib:/home/jone/ws_moveit/install/moveit_visual_tools/lib:/home/jone/ws_moveit/install/moveit_task_constructor_visualization/lib:/home/jone/ws_moveit/install/moveit_task_constructor_demo/lib:/home/jone/ws_moveit/install/moveit_task_constructor_capabilities/lib:/home/jone/ws_moveit/install/moveit_task_constructor_core/lib:/home/jone/ws_moveit/install/moveit_ros_control_interface/lib:/home/jone/ws_moveit/install/moveit_setup_assistant/lib:/home/jone/ws_moveit/install/moveit_setup_srdf_plugins/lib:/home/jone/ws_moveit/install/moveit_setup_core_plugins/lib:/home/jone/ws_moveit/install/moveit_setup_controllers/lib:/home/jone/ws_moveit/install/moveit_setup_app_plugins/lib:/home/jone/ws_moveit/install/moveit_setup_framework/lib:/home/jone/ws_moveit/install/moveit_servo/lib:/home/jone/ws_moveit/install/moveit_ros_visualization/lib:/home/jone/ws_moveit/install/moveit_hybrid_planning/lib:/home/jone/ws_moveit/install/moveit_ros_planning_interface/lib:/home/jone/ws_moveit/install/moveit_ros_benchmarks/lib:/home/jone/ws_moveit/install/moveit_ros_warehouse/lib:/home/jone/ws_moveit/install/moveit_ros_robot_interaction/lib:/home/jone/ws_moveit/install/moveit_ros_perception/lib:/home/jone/ws_moveit/install/moveit_ros_move_group/lib:/home/jone/ws_moveit/install/moveit_planners_ompl/lib:/home/jone/ws_moveit/install/moveit_ros_planning/lib:/home/jone/ws_moveit/install/moveit_ros_occupancy_map_monitor/lib:/home/jone/ws_moveit/install/moveit_resources_prbt_ikfast_manipulator_plugin/lib:/home/jone/ws_moveit/install/moveit_planners_chomp/lib:/home/jone/ws_moveit/install/moveit_kinematics/lib:/home/jone/ws_moveit/install/moveit_chomp_optimizer_adapter/lib:/home/jone/ws_moveit/install/chomp_motion_planner/lib:/home/jone/ws_moveit/install/rviz_marker_tools/lib:/home/jone/ws_moveit/install/rosparam_shortcuts/lib:/home/jone/ws_moveit/install/moveit_task_constructor_msgs/lib:/opt/ros/humble/opt/rviz_ogre_vendor/lib:/opt/ros/humble/lib/x86_64-linux-gnu:/opt/ros/humble/lib:/usr/lib/x86_64-linux-gnu/gazebo-11/plugins:/usr/lib/x86_64-linux-gnu/gazebo-11/plugins:/usr/lib/x86_64-linux-gnu/gazebo-11/plugins /usr/bin/cmake --install /home/jone/ws_moveit/build/moveit_plugins
[10.448s] Level 1:colcon.colcon_core.environment:checking '/home/jone/ws_moveit/install/moveit_plugins' for CMake config files
[10.448s] Level 1:colcon.colcon_core.shell:create_environment_hook('moveit_plugins', 'cmake_prefix_path')
[10.448s] INFO:colcon.colcon_core.shell:Creating environment hook '/home/jone/ws_moveit/install/moveit_plugins/share/moveit_plugins/hook/cmake_prefix_path.ps1'
[10.449s] INFO:colcon.colcon_core.shell:Creating environment descriptor '/home/jone/ws_moveit/install/moveit_plugins/share/moveit_plugins/hook/cmake_prefix_path.dsv'
[10.449s] INFO:colcon.colcon_core.shell:Creating environment hook '/home/jone/ws_moveit/install/moveit_plugins/share/moveit_plugins/hook/cmake_prefix_path.sh'
[10.449s] Level 1:colcon.colcon_core.environment:checking '/home/jone/ws_moveit/install/moveit_plugins/bin'
[10.449s] Level 1:colcon.colcon_core.environment:checking '/home/jone/ws_moveit/install/moveit_plugins/lib/pkgconfig/moveit_plugins.pc'
[10.449s] Level 1:colcon.colcon_core.environment:checking '/home/jone/ws_moveit/install/moveit_plugins/lib/python3.10/site-packages'
[10.450s] Level 1:colcon.colcon_core.environment:checking '/home/jone/ws_moveit/install/moveit_plugins/bin'
[10.450s] INFO:colcon.colcon_core.shell:Creating package script '/home/jone/ws_moveit/install/moveit_plugins/share/moveit_plugins/package.ps1'
[10.450s] INFO:colcon.colcon_core.shell:Creating package descriptor '/home/jone/ws_moveit/install/moveit_plugins/share/moveit_plugins/package.dsv'
[10.450s] INFO:colcon.colcon_core.shell:Creating package script '/home/jone/ws_moveit/install/moveit_plugins/share/moveit_plugins/package.sh'
[10.451s] INFO:colcon.colcon_core.shell:Creating package script '/home/jone/ws_moveit/install/moveit_plugins/share/moveit_plugins/package.bash'
[10.451s] INFO:colcon.colcon_core.shell:Creating package script '/home/jone/ws_moveit/install/moveit_plugins/share/moveit_plugins/package.zsh'
[10.451s] Level 1:colcon.colcon_core.environment:create_file_with_runtime_dependencies(/home/jone/ws_moveit/install/moveit_plugins/share/colcon-core/packages/moveit_plugins)
[10.452s] Level 1:colcon.colcon_core.environment:create_environment_scripts_only(moveit_plugins)
[10.452s] Level 1:colcon.colcon_core.environment:checking '/home/jone/ws_moveit/install/moveit_plugins' for CMake module files
[10.452s] Level 1:colcon.colcon_core.environment:checking '/home/jone/ws_moveit/install/moveit_plugins' for CMake config files
[10.452s] Level 1:colcon.colcon_core.shell:create_environment_hook('moveit_plugins', 'cmake_prefix_path')
[10.452s] INFO:colcon.colcon_core.shell:Creating environment hook '/home/jone/ws_moveit/install/moveit_plugins/share/moveit_plugins/hook/cmake_prefix_path.ps1'
[10.453s] INFO:colcon.colcon_core.shell:Creating environment descriptor '/home/jone/ws_moveit/install/moveit_plugins/share/moveit_plugins/hook/cmake_prefix_path.dsv'
[10.453s] INFO:colcon.colcon_core.shell:Creating environment hook '/home/jone/ws_moveit/install/moveit_plugins/share/moveit_plugins/hook/cmake_prefix_path.sh'
[10.453s] Level 1:colcon.colcon_core.environment:checking '/home/jone/ws_moveit/install/moveit_plugins/bin'
[10.453s] Level 1:colcon.colcon_core.environment:checking '/home/jone/ws_moveit/install/moveit_plugins/lib/pkgconfig/moveit_plugins.pc'
[10.453s] Level 1:colcon.colcon_core.environment:checking '/home/jone/ws_moveit/install/moveit_plugins/lib/python3.10/site-packages'
[10.454s] Level 1:colcon.colcon_core.environment:checking '/home/jone/ws_moveit/install/moveit_plugins/bin'
[10.454s] INFO:colcon.colcon_core.shell:Creating package script '/home/jone/ws_moveit/install/moveit_plugins/share/moveit_plugins/package.ps1'
[10.454s] INFO:colcon.colcon_core.shell:Creating package descriptor '/home/jone/ws_moveit/install/moveit_plugins/share/moveit_plugins/package.dsv'
[10.454s] INFO:colcon.colcon_core.shell:Creating package script '/home/jone/ws_moveit/install/moveit_plugins/share/moveit_plugins/package.sh'
[10.455s] INFO:colcon.colcon_core.shell:Creating package script '/home/jone/ws_moveit/install/moveit_plugins/share/moveit_plugins/package.bash'
[10.455s] INFO:colcon.colcon_core.shell:Creating package script '/home/jone/ws_moveit/install/moveit_plugins/share/moveit_plugins/package.zsh'
[10.455s] Level 1:colcon.colcon_core.environment:create_file_with_runtime_dependencies(/home/jone/ws_moveit/install/moveit_plugins/share/colcon-core/packages/moveit_plugins)
[10.455s] DEBUG:colcon.colcon_core.executor.sequential:run_until_complete 'moveit_plugins' finished with '0'
[10.456s] DEBUG:colcon.colcon_core.executor.sequential:run_until_complete 'moveit_ros_control_interface'
[10.456s] INFO:colcon.colcon_ros.task.ament_cmake.build:Building ROS package in '/home/jone/ws_moveit/src/moveit2/moveit_plugins/moveit_ros_control_interface' with build type 'ament_cmake'
[10.456s] INFO:colcon.colcon_cmake.task.cmake.build:Building CMake package in '/home/jone/ws_moveit/src/moveit2/moveit_plugins/moveit_ros_control_interface'
[10.456s] INFO:colcon.colcon_core.shell:Skip shell extension 'powershell' for command environment: Not usable outside of PowerShell
[10.456s] DEBUG:colcon.colcon_core.shell:Skip shell extension 'dsv' for command environment
[10.515s] DEBUG:colcon.colcon_core.event_handler.log_command:Invoking command in '/home/jone/ws_moveit/build/moveit_ros_control_interface': CMAKE_PREFIX_PATH=/home/jone/ws_moveit/install/moveit_simple_controller_manager:/home/jone/ws_moveit/install/moveit_core:/home/jone/ws_moveit/install/moveit_resources_panda_moveit_config:/home/jone/ws_moveit/install/srdfdom:/home/jone/ws_moveit/install/moveit_resources_pr2_description:/home/jone/ws_moveit/install/moveit_resources_panda_description:/home/jone/ws_moveit/install/moveit_common:/home/jone/ws_moveit/install/pilz_industrial_motion_planner_testutils:/home/jone/ws_moveit/install/moveit_runtime:/home/jone/ws_moveit/install/moveit2_tutorials:/home/jone/ws_moveit/install/moveit:/home/jone/ws_moveit/install/moveit_planners:/home/jone/ws_moveit/install/pilz_industrial_motion_planner:/home/jone/ws_moveit/install/moveit_visual_tools:/home/jone/ws_moveit/install/moveit_task_constructor_visualization:/home/jone/ws_moveit/install/moveit_task_constructor_demo:/home/jone/ws_moveit/install/moveit_task_constructor_capabilities:/home/jone/ws_moveit/install/moveit_task_constructor_core:/home/jone/ws_moveit/install/moveit_ros_control_interface:/home/jone/ws_moveit/install/moveit_plugins:/home/jone/ws_moveit/install/moveit_setup_assistant:/home/jone/ws_moveit/install/moveit_setup_srdf_plugins:/home/jone/ws_moveit/install/moveit_setup_core_plugins:/home/jone/ws_moveit/install/moveit_setup_controllers:/home/jone/ws_moveit/install/moveit_setup_app_plugins:/home/jone/ws_moveit/install/moveit_setup_framework:/home/jone/ws_moveit/install/moveit_servo:/home/jone/ws_moveit/install/moveit_ros:/home/jone/ws_moveit/install/moveit_ros_visualization:/home/jone/ws_moveit/install/moveit_hybrid_planning:/home/jone/ws_moveit/install/moveit_ros_planning_interface:/home/jone/ws_moveit/install/moveit_ros_benchmarks:/home/jone/ws_moveit/install/moveit_ros_warehouse:/home/jone/ws_moveit/install/moveit_ros_robot_interaction:/home/jone/ws_moveit/install/moveit_ros_perception:/home/jone/ws_moveit/install/moveit_resources_prbt_pg70_support:/home/jone/ws_moveit/install/moveit_resources_prbt_moveit_config:/home/jone/ws_moveit/install/moveit_ros_move_group:/home/jone/ws_moveit/install/moveit_planners_ompl:/home/jone/ws_moveit/install/moveit_ros_planning:/home/jone/ws_moveit/install/moveit_ros_occupancy_map_monitor:/home/jone/ws_moveit/install/moveit_resources_prbt_ikfast_manipulator_plugin:/home/jone/ws_moveit/install/moveit_planners_chomp:/home/jone/ws_moveit/install/moveit_kinematics:/home/jone/ws_moveit/install/moveit_chomp_optimizer_adapter:/home/jone/ws_moveit/install/chomp_motion_planner:/home/jone/ws_moveit/install/rviz_marker_tools:/home/jone/ws_moveit/install/rosparam_shortcuts:/home/jone/ws_moveit/install/moveit_task_constructor_msgs:/home/jone/ws_moveit/install/moveit_resources_prbt_support:/home/jone/ws_moveit/install/moveit_resources:/home/jone/ws_moveit/install/moveit_resources_fanuc_moveit_config:/home/jone/ws_moveit/install/moveit_resources_fanuc_description:/home/jone/ws_moveit/install/moveit_configs_utils:/home/jone/ws_moveit/install/launch_param_builder:/opt/ros/humble LD_LIBRARY_PATH=/home/jone/ws_moveit/install/moveit_simple_controller_manager/lib:/home/jone/ws_moveit/install/moveit_core/lib:/home/jone/ws_moveit/install/srdfdom/lib:/home/jone/ws_moveit/install/pilz_industrial_motion_planner_testutils/lib:/home/jone/ws_moveit/install/pilz_industrial_motion_planner/lib:/home/jone/ws_moveit/install/moveit_visual_tools/lib:/home/jone/ws_moveit/install/moveit_task_constructor_visualization/lib:/home/jone/ws_moveit/install/moveit_task_constructor_demo/lib:/home/jone/ws_moveit/install/moveit_task_constructor_capabilities/lib:/home/jone/ws_moveit/install/moveit_task_constructor_core/lib:/home/jone/ws_moveit/install/moveit_ros_control_interface/lib:/home/jone/ws_moveit/install/moveit_setup_assistant/lib:/home/jone/ws_moveit/install/moveit_setup_srdf_plugins/lib:/home/jone/ws_moveit/install/moveit_setup_core_plugins/lib:/home/jone/ws_moveit/install/moveit_setup_controllers/lib:/home/jone/ws_moveit/install/moveit_setup_app_plugins/lib:/home/jone/ws_moveit/install/moveit_setup_framework/lib:/home/jone/ws_moveit/install/moveit_servo/lib:/home/jone/ws_moveit/install/moveit_ros_visualization/lib:/home/jone/ws_moveit/install/moveit_hybrid_planning/lib:/home/jone/ws_moveit/install/moveit_ros_planning_interface/lib:/home/jone/ws_moveit/install/moveit_ros_benchmarks/lib:/home/jone/ws_moveit/install/moveit_ros_warehouse/lib:/home/jone/ws_moveit/install/moveit_ros_robot_interaction/lib:/home/jone/ws_moveit/install/moveit_ros_perception/lib:/home/jone/ws_moveit/install/moveit_ros_move_group/lib:/home/jone/ws_moveit/install/moveit_planners_ompl/lib:/home/jone/ws_moveit/install/moveit_ros_planning/lib:/home/jone/ws_moveit/install/moveit_ros_occupancy_map_monitor/lib:/home/jone/ws_moveit/install/moveit_resources_prbt_ikfast_manipulator_plugin/lib:/home/jone/ws_moveit/install/moveit_planners_chomp/lib:/home/jone/ws_moveit/install/moveit_kinematics/lib:/home/jone/ws_moveit/install/moveit_chomp_optimizer_adapter/lib:/home/jone/ws_moveit/install/chomp_motion_planner/lib:/home/jone/ws_moveit/install/rviz_marker_tools/lib:/home/jone/ws_moveit/install/rosparam_shortcuts/lib:/home/jone/ws_moveit/install/moveit_task_constructor_msgs/lib:/opt/ros/humble/opt/rviz_ogre_vendor/lib:/opt/ros/humble/lib/x86_64-linux-gnu:/opt/ros/humble/lib:/usr/lib/x86_64-linux-gnu/gazebo-11/plugins:/usr/lib/x86_64-linux-gnu/gazebo-11/plugins:/usr/lib/x86_64-linux-gnu/gazebo-11/plugins /usr/bin/cmake --build /home/jone/ws_moveit/build/moveit_ros_control_interface
[10.916s] DEBUG:colcon.colcon_core.event_handler.log_command:Invoked command in '/home/jone/ws_moveit/build/moveit_ros_control_interface' returned '0': CMAKE_PREFIX_PATH=/home/jone/ws_moveit/install/moveit_simple_controller_manager:/home/jone/ws_moveit/install/moveit_core:/home/jone/ws_moveit/install/moveit_resources_panda_moveit_config:/home/jone/ws_moveit/install/srdfdom:/home/jone/ws_moveit/install/moveit_resources_pr2_description:/home/jone/ws_moveit/install/moveit_resources_panda_description:/home/jone/ws_moveit/install/moveit_common:/home/jone/ws_moveit/install/pilz_industrial_motion_planner_testutils:/home/jone/ws_moveit/install/moveit_runtime:/home/jone/ws_moveit/install/moveit2_tutorials:/home/jone/ws_moveit/install/moveit:/home/jone/ws_moveit/install/moveit_planners:/home/jone/ws_moveit/install/pilz_industrial_motion_planner:/home/jone/ws_moveit/install/moveit_visual_tools:/home/jone/ws_moveit/install/moveit_task_constructor_visualization:/home/jone/ws_moveit/install/moveit_task_constructor_demo:/home/jone/ws_moveit/install/moveit_task_constructor_capabilities:/home/jone/ws_moveit/install/moveit_task_constructor_core:/home/jone/ws_moveit/install/moveit_ros_control_interface:/home/jone/ws_moveit/install/moveit_plugins:/home/jone/ws_moveit/install/moveit_setup_assistant:/home/jone/ws_moveit/install/moveit_setup_srdf_plugins:/home/jone/ws_moveit/install/moveit_setup_core_plugins:/home/jone/ws_moveit/install/moveit_setup_controllers:/home/jone/ws_moveit/install/moveit_setup_app_plugins:/home/jone/ws_moveit/install/moveit_setup_framework:/home/jone/ws_moveit/install/moveit_servo:/home/jone/ws_moveit/install/moveit_ros:/home/jone/ws_moveit/install/moveit_ros_visualization:/home/jone/ws_moveit/install/moveit_hybrid_planning:/home/jone/ws_moveit/install/moveit_ros_planning_interface:/home/jone/ws_moveit/install/moveit_ros_benchmarks:/home/jone/ws_moveit/install/moveit_ros_warehouse:/home/jone/ws_moveit/install/moveit_ros_robot_interaction:/home/jone/ws_moveit/install/moveit_ros_perception:/home/jone/ws_moveit/install/moveit_resources_prbt_pg70_support:/home/jone/ws_moveit/install/moveit_resources_prbt_moveit_config:/home/jone/ws_moveit/install/moveit_ros_move_group:/home/jone/ws_moveit/install/moveit_planners_ompl:/home/jone/ws_moveit/install/moveit_ros_planning:/home/jone/ws_moveit/install/moveit_ros_occupancy_map_monitor:/home/jone/ws_moveit/install/moveit_resources_prbt_ikfast_manipulator_plugin:/home/jone/ws_moveit/install/moveit_planners_chomp:/home/jone/ws_moveit/install/moveit_kinematics:/home/jone/ws_moveit/install/moveit_chomp_optimizer_adapter:/home/jone/ws_moveit/install/chomp_motion_planner:/home/jone/ws_moveit/install/rviz_marker_tools:/home/jone/ws_moveit/install/rosparam_shortcuts:/home/jone/ws_moveit/install/moveit_task_constructor_msgs:/home/jone/ws_moveit/install/moveit_resources_prbt_support:/home/jone/ws_moveit/install/moveit_resources:/home/jone/ws_moveit/install/moveit_resources_fanuc_moveit_config:/home/jone/ws_moveit/install/moveit_resources_fanuc_description:/home/jone/ws_moveit/install/moveit_configs_utils:/home/jone/ws_moveit/install/launch_param_builder:/opt/ros/humble LD_LIBRARY_PATH=/home/jone/ws_moveit/install/moveit_simple_controller_manager/lib:/home/jone/ws_moveit/install/moveit_core/lib:/home/jone/ws_moveit/install/srdfdom/lib:/home/jone/ws_moveit/install/pilz_industrial_motion_planner_testutils/lib:/home/jone/ws_moveit/install/pilz_industrial_motion_planner/lib:/home/jone/ws_moveit/install/moveit_visual_tools/lib:/home/jone/ws_moveit/install/moveit_task_constructor_visualization/lib:/home/jone/ws_moveit/install/moveit_task_constructor_demo/lib:/home/jone/ws_moveit/install/moveit_task_constructor_capabilities/lib:/home/jone/ws_moveit/install/moveit_task_constructor_core/lib:/home/jone/ws_moveit/install/moveit_ros_control_interface/lib:/home/jone/ws_moveit/install/moveit_setup_assistant/lib:/home/jone/ws_moveit/install/moveit_setup_srdf_plugins/lib:/home/jone/ws_moveit/install/moveit_setup_core_plugins/lib:/home/jone/ws_moveit/install/moveit_setup_controllers/lib:/home/jone/ws_moveit/install/moveit_setup_app_plugins/lib:/home/jone/ws_moveit/install/moveit_setup_framework/lib:/home/jone/ws_moveit/install/moveit_servo/lib:/home/jone/ws_moveit/install/moveit_ros_visualization/lib:/home/jone/ws_moveit/install/moveit_hybrid_planning/lib:/home/jone/ws_moveit/install/moveit_ros_planning_interface/lib:/home/jone/ws_moveit/install/moveit_ros_benchmarks/lib:/home/jone/ws_moveit/install/moveit_ros_warehouse/lib:/home/jone/ws_moveit/install/moveit_ros_robot_interaction/lib:/home/jone/ws_moveit/install/moveit_ros_perception/lib:/home/jone/ws_moveit/install/moveit_ros_move_group/lib:/home/jone/ws_moveit/install/moveit_planners_ompl/lib:/home/jone/ws_moveit/install/moveit_ros_planning/lib:/home/jone/ws_moveit/install/moveit_ros_occupancy_map_monitor/lib:/home/jone/ws_moveit/install/moveit_resources_prbt_ikfast_manipulator_plugin/lib:/home/jone/ws_moveit/install/moveit_planners_chomp/lib:/home/jone/ws_moveit/install/moveit_kinematics/lib:/home/jone/ws_moveit/install/moveit_chomp_optimizer_adapter/lib:/home/jone/ws_moveit/install/chomp_motion_planner/lib:/home/jone/ws_moveit/install/rviz_marker_tools/lib:/home/jone/ws_moveit/install/rosparam_shortcuts/lib:/home/jone/ws_moveit/install/moveit_task_constructor_msgs/lib:/opt/ros/humble/opt/rviz_ogre_vendor/lib:/opt/ros/humble/lib/x86_64-linux-gnu:/opt/ros/humble/lib:/usr/lib/x86_64-linux-gnu/gazebo-11/plugins:/usr/lib/x86_64-linux-gnu/gazebo-11/plugins:/usr/lib/x86_64-linux-gnu/gazebo-11/plugins /usr/bin/cmake --build /home/jone/ws_moveit/build/moveit_ros_control_interface
[10.918s] DEBUG:colcon.colcon_core.event_handler.log_command:Invoking command in '/home/jone/ws_moveit/build/moveit_ros_control_interface': CMAKE_PREFIX_PATH=/home/jone/ws_moveit/install/moveit_simple_controller_manager:/home/jone/ws_moveit/install/moveit_core:/home/jone/ws_moveit/install/moveit_resources_panda_moveit_config:/home/jone/ws_moveit/install/srdfdom:/home/jone/ws_moveit/install/moveit_resources_pr2_description:/home/jone/ws_moveit/install/moveit_resources_panda_description:/home/jone/ws_moveit/install/moveit_common:/home/jone/ws_moveit/install/pilz_industrial_motion_planner_testutils:/home/jone/ws_moveit/install/moveit_runtime:/home/jone/ws_moveit/install/moveit2_tutorials:/home/jone/ws_moveit/install/moveit:/home/jone/ws_moveit/install/moveit_planners:/home/jone/ws_moveit/install/pilz_industrial_motion_planner:/home/jone/ws_moveit/install/moveit_visual_tools:/home/jone/ws_moveit/install/moveit_task_constructor_visualization:/home/jone/ws_moveit/install/moveit_task_constructor_demo:/home/jone/ws_moveit/install/moveit_task_constructor_capabilities:/home/jone/ws_moveit/install/moveit_task_constructor_core:/home/jone/ws_moveit/install/moveit_ros_control_interface:/home/jone/ws_moveit/install/moveit_plugins:/home/jone/ws_moveit/install/moveit_setup_assistant:/home/jone/ws_moveit/install/moveit_setup_srdf_plugins:/home/jone/ws_moveit/install/moveit_setup_core_plugins:/home/jone/ws_moveit/install/moveit_setup_controllers:/home/jone/ws_moveit/install/moveit_setup_app_plugins:/home/jone/ws_moveit/install/moveit_setup_framework:/home/jone/ws_moveit/install/moveit_servo:/home/jone/ws_moveit/install/moveit_ros:/home/jone/ws_moveit/install/moveit_ros_visualization:/home/jone/ws_moveit/install/moveit_hybrid_planning:/home/jone/ws_moveit/install/moveit_ros_planning_interface:/home/jone/ws_moveit/install/moveit_ros_benchmarks:/home/jone/ws_moveit/install/moveit_ros_warehouse:/home/jone/ws_moveit/install/moveit_ros_robot_interaction:/home/jone/ws_moveit/install/moveit_ros_perception:/home/jone/ws_moveit/install/moveit_resources_prbt_pg70_support:/home/jone/ws_moveit/install/moveit_resources_prbt_moveit_config:/home/jone/ws_moveit/install/moveit_ros_move_group:/home/jone/ws_moveit/install/moveit_planners_ompl:/home/jone/ws_moveit/install/moveit_ros_planning:/home/jone/ws_moveit/install/moveit_ros_occupancy_map_monitor:/home/jone/ws_moveit/install/moveit_resources_prbt_ikfast_manipulator_plugin:/home/jone/ws_moveit/install/moveit_planners_chomp:/home/jone/ws_moveit/install/moveit_kinematics:/home/jone/ws_moveit/install/moveit_chomp_optimizer_adapter:/home/jone/ws_moveit/install/chomp_motion_planner:/home/jone/ws_moveit/install/rviz_marker_tools:/home/jone/ws_moveit/install/rosparam_shortcuts:/home/jone/ws_moveit/install/moveit_task_constructor_msgs:/home/jone/ws_moveit/install/moveit_resources_prbt_support:/home/jone/ws_moveit/install/moveit_resources:/home/jone/ws_moveit/install/moveit_resources_fanuc_moveit_config:/home/jone/ws_moveit/install/moveit_resources_fanuc_description:/home/jone/ws_moveit/install/moveit_configs_utils:/home/jone/ws_moveit/install/launch_param_builder:/opt/ros/humble LD_LIBRARY_PATH=/home/jone/ws_moveit/install/moveit_simple_controller_manager/lib:/home/jone/ws_moveit/install/moveit_core/lib:/home/jone/ws_moveit/install/srdfdom/lib:/home/jone/ws_moveit/install/pilz_industrial_motion_planner_testutils/lib:/home/jone/ws_moveit/install/pilz_industrial_motion_planner/lib:/home/jone/ws_moveit/install/moveit_visual_tools/lib:/home/jone/ws_moveit/install/moveit_task_constructor_visualization/lib:/home/jone/ws_moveit/install/moveit_task_constructor_demo/lib:/home/jone/ws_moveit/install/moveit_task_constructor_capabilities/lib:/home/jone/ws_moveit/install/moveit_task_constructor_core/lib:/home/jone/ws_moveit/install/moveit_ros_control_interface/lib:/home/jone/ws_moveit/install/moveit_setup_assistant/lib:/home/jone/ws_moveit/install/moveit_setup_srdf_plugins/lib:/home/jone/ws_moveit/install/moveit_setup_core_plugins/lib:/home/jone/ws_moveit/install/moveit_setup_controllers/lib:/home/jone/ws_moveit/install/moveit_setup_app_plugins/lib:/home/jone/ws_moveit/install/moveit_setup_framework/lib:/home/jone/ws_moveit/install/moveit_servo/lib:/home/jone/ws_moveit/install/moveit_ros_visualization/lib:/home/jone/ws_moveit/install/moveit_hybrid_planning/lib:/home/jone/ws_moveit/install/moveit_ros_planning_interface/lib:/home/jone/ws_moveit/install/moveit_ros_benchmarks/lib:/home/jone/ws_moveit/install/moveit_ros_warehouse/lib:/home/jone/ws_moveit/install/moveit_ros_robot_interaction/lib:/home/jone/ws_moveit/install/moveit_ros_perception/lib:/home/jone/ws_moveit/install/moveit_ros_move_group/lib:/home/jone/ws_moveit/install/moveit_planners_ompl/lib:/home/jone/ws_moveit/install/moveit_ros_planning/lib:/home/jone/ws_moveit/install/moveit_ros_occupancy_map_monitor/lib:/home/jone/ws_moveit/install/moveit_resources_prbt_ikfast_manipulator_plugin/lib:/home/jone/ws_moveit/install/moveit_planners_chomp/lib:/home/jone/ws_moveit/install/moveit_kinematics/lib:/home/jone/ws_moveit/install/moveit_chomp_optimizer_adapter/lib:/home/jone/ws_moveit/install/chomp_motion_planner/lib:/home/jone/ws_moveit/install/rviz_marker_tools/lib:/home/jone/ws_moveit/install/rosparam_shortcuts/lib:/home/jone/ws_moveit/install/moveit_task_constructor_msgs/lib:/opt/ros/humble/opt/rviz_ogre_vendor/lib:/opt/ros/humble/lib/x86_64-linux-gnu:/opt/ros/humble/lib:/usr/lib/x86_64-linux-gnu/gazebo-11/plugins:/usr/lib/x86_64-linux-gnu/gazebo-11/plugins:/usr/lib/x86_64-linux-gnu/gazebo-11/plugins /usr/bin/cmake --install /home/jone/ws_moveit/build/moveit_ros_control_interface
[10.937s] Level 1:colcon.colcon_core.environment:create_environment_scripts_only(moveit_ros_control_interface)
[10.937s] Level 1:colcon.colcon_core.environment:checking '/home/jone/ws_moveit/install/moveit_ros_control_interface' for CMake module files
[10.937s] DEBUG:colcon.colcon_core.event_handler.log_command:Invoked command in '/home/jone/ws_moveit/build/moveit_ros_control_interface' returned '0': CMAKE_PREFIX_PATH=/home/jone/ws_moveit/install/moveit_simple_controller_manager:/home/jone/ws_moveit/install/moveit_core:/home/jone/ws_moveit/install/moveit_resources_panda_moveit_config:/home/jone/ws_moveit/install/srdfdom:/home/jone/ws_moveit/install/moveit_resources_pr2_description:/home/jone/ws_moveit/install/moveit_resources_panda_description:/home/jone/ws_moveit/install/moveit_common:/home/jone/ws_moveit/install/pilz_industrial_motion_planner_testutils:/home/jone/ws_moveit/install/moveit_runtime:/home/jone/ws_moveit/install/moveit2_tutorials:/home/jone/ws_moveit/install/moveit:/home/jone/ws_moveit/install/moveit_planners:/home/jone/ws_moveit/install/pilz_industrial_motion_planner:/home/jone/ws_moveit/install/moveit_visual_tools:/home/jone/ws_moveit/install/moveit_task_constructor_visualization:/home/jone/ws_moveit/install/moveit_task_constructor_demo:/home/jone/ws_moveit/install/moveit_task_constructor_capabilities:/home/jone/ws_moveit/install/moveit_task_constructor_core:/home/jone/ws_moveit/install/moveit_ros_control_interface:/home/jone/ws_moveit/install/moveit_plugins:/home/jone/ws_moveit/install/moveit_setup_assistant:/home/jone/ws_moveit/install/moveit_setup_srdf_plugins:/home/jone/ws_moveit/install/moveit_setup_core_plugins:/home/jone/ws_moveit/install/moveit_setup_controllers:/home/jone/ws_moveit/install/moveit_setup_app_plugins:/home/jone/ws_moveit/install/moveit_setup_framework:/home/jone/ws_moveit/install/moveit_servo:/home/jone/ws_moveit/install/moveit_ros:/home/jone/ws_moveit/install/moveit_ros_visualization:/home/jone/ws_moveit/install/moveit_hybrid_planning:/home/jone/ws_moveit/install/moveit_ros_planning_interface:/home/jone/ws_moveit/install/moveit_ros_benchmarks:/home/jone/ws_moveit/install/moveit_ros_warehouse:/home/jone/ws_moveit/install/moveit_ros_robot_interaction:/home/jone/ws_moveit/install/moveit_ros_perception:/home/jone/ws_moveit/install/moveit_resources_prbt_pg70_support:/home/jone/ws_moveit/install/moveit_resources_prbt_moveit_config:/home/jone/ws_moveit/install/moveit_ros_move_group:/home/jone/ws_moveit/install/moveit_planners_ompl:/home/jone/ws_moveit/install/moveit_ros_planning:/home/jone/ws_moveit/install/moveit_ros_occupancy_map_monitor:/home/jone/ws_moveit/install/moveit_resources_prbt_ikfast_manipulator_plugin:/home/jone/ws_moveit/install/moveit_planners_chomp:/home/jone/ws_moveit/install/moveit_kinematics:/home/jone/ws_moveit/install/moveit_chomp_optimizer_adapter:/home/jone/ws_moveit/install/chomp_motion_planner:/home/jone/ws_moveit/install/rviz_marker_tools:/home/jone/ws_moveit/install/rosparam_shortcuts:/home/jone/ws_moveit/install/moveit_task_constructor_msgs:/home/jone/ws_moveit/install/moveit_resources_prbt_support:/home/jone/ws_moveit/install/moveit_resources:/home/jone/ws_moveit/install/moveit_resources_fanuc_moveit_config:/home/jone/ws_moveit/install/moveit_resources_fanuc_description:/home/jone/ws_moveit/install/moveit_configs_utils:/home/jone/ws_moveit/install/launch_param_builder:/opt/ros/humble LD_LIBRARY_PATH=/home/jone/ws_moveit/install/moveit_simple_controller_manager/lib:/home/jone/ws_moveit/install/moveit_core/lib:/home/jone/ws_moveit/install/srdfdom/lib:/home/jone/ws_moveit/install/pilz_industrial_motion_planner_testutils/lib:/home/jone/ws_moveit/install/pilz_industrial_motion_planner/lib:/home/jone/ws_moveit/install/moveit_visual_tools/lib:/home/jone/ws_moveit/install/moveit_task_constructor_visualization/lib:/home/jone/ws_moveit/install/moveit_task_constructor_demo/lib:/home/jone/ws_moveit/install/moveit_task_constructor_capabilities/lib:/home/jone/ws_moveit/install/moveit_task_constructor_core/lib:/home/jone/ws_moveit/install/moveit_ros_control_interface/lib:/home/jone/ws_moveit/install/moveit_setup_assistant/lib:/home/jone/ws_moveit/install/moveit_setup_srdf_plugins/lib:/home/jone/ws_moveit/install/moveit_setup_core_plugins/lib:/home/jone/ws_moveit/install/moveit_setup_controllers/lib:/home/jone/ws_moveit/install/moveit_setup_app_plugins/lib:/home/jone/ws_moveit/install/moveit_setup_framework/lib:/home/jone/ws_moveit/install/moveit_servo/lib:/home/jone/ws_moveit/install/moveit_ros_visualization/lib:/home/jone/ws_moveit/install/moveit_hybrid_planning/lib:/home/jone/ws_moveit/install/moveit_ros_planning_interface/lib:/home/jone/ws_moveit/install/moveit_ros_benchmarks/lib:/home/jone/ws_moveit/install/moveit_ros_warehouse/lib:/home/jone/ws_moveit/install/moveit_ros_robot_interaction/lib:/home/jone/ws_moveit/install/moveit_ros_perception/lib:/home/jone/ws_moveit/install/moveit_ros_move_group/lib:/home/jone/ws_moveit/install/moveit_planners_ompl/lib:/home/jone/ws_moveit/install/moveit_ros_planning/lib:/home/jone/ws_moveit/install/moveit_ros_occupancy_map_monitor/lib:/home/jone/ws_moveit/install/moveit_resources_prbt_ikfast_manipulator_plugin/lib:/home/jone/ws_moveit/install/moveit_planners_chomp/lib:/home/jone/ws_moveit/install/moveit_kinematics/lib:/home/jone/ws_moveit/install/moveit_chomp_optimizer_adapter/lib:/home/jone/ws_moveit/install/chomp_motion_planner/lib:/home/jone/ws_moveit/install/rviz_marker_tools/lib:/home/jone/ws_moveit/install/rosparam_shortcuts/lib:/home/jone/ws_moveit/install/moveit_task_constructor_msgs/lib:/opt/ros/humble/opt/rviz_ogre_vendor/lib:/opt/ros/humble/lib/x86_64-linux-gnu:/opt/ros/humble/lib:/usr/lib/x86_64-linux-gnu/gazebo-11/plugins:/usr/lib/x86_64-linux-gnu/gazebo-11/plugins:/usr/lib/x86_64-linux-gnu/gazebo-11/plugins /usr/bin/cmake --install /home/jone/ws_moveit/build/moveit_ros_control_interface
[10.938s] Level 1:colcon.colcon_core.environment:checking '/home/jone/ws_moveit/install/moveit_ros_control_interface' for CMake config files
[10.939s] Level 1:colcon.colcon_core.shell:create_environment_hook('moveit_ros_control_interface', 'cmake_prefix_path')
[10.940s] INFO:colcon.colcon_core.shell:Creating environment hook '/home/jone/ws_moveit/install/moveit_ros_control_interface/share/moveit_ros_control_interface/hook/cmake_prefix_path.ps1'
[10.940s] INFO:colcon.colcon_core.shell:Creating environment descriptor '/home/jone/ws_moveit/install/moveit_ros_control_interface/share/moveit_ros_control_interface/hook/cmake_prefix_path.dsv'
[10.940s] INFO:colcon.colcon_core.shell:Creating environment hook '/home/jone/ws_moveit/install/moveit_ros_control_interface/share/moveit_ros_control_interface/hook/cmake_prefix_path.sh'
[10.941s] Level 1:colcon.colcon_core.environment:checking '/home/jone/ws_moveit/install/moveit_ros_control_interface/lib'
[10.941s] Level 1:colcon.colcon_core.shell:create_environment_hook('moveit_ros_control_interface', 'ld_library_path_lib')
[10.941s] INFO:colcon.colcon_core.shell:Creating environment hook '/home/jone/ws_moveit/install/moveit_ros_control_interface/share/moveit_ros_control_interface/hook/ld_library_path_lib.ps1'
[10.941s] INFO:colcon.colcon_core.shell:Creating environment descriptor '/home/jone/ws_moveit/install/moveit_ros_control_interface/share/moveit_ros_control_interface/hook/ld_library_path_lib.dsv'
[10.941s] INFO:colcon.colcon_core.shell:Creating environment hook '/home/jone/ws_moveit/install/moveit_ros_control_interface/share/moveit_ros_control_interface/hook/ld_library_path_lib.sh'
[10.941s] Level 1:colcon.colcon_core.environment:checking '/home/jone/ws_moveit/install/moveit_ros_control_interface/bin'
[10.942s] Level 1:colcon.colcon_core.environment:checking '/home/jone/ws_moveit/install/moveit_ros_control_interface/lib/pkgconfig/moveit_ros_control_interface.pc'
[10.942s] Level 1:colcon.colcon_core.environment:checking '/home/jone/ws_moveit/install/moveit_ros_control_interface/lib/python3.10/site-packages'
[10.942s] Level 1:colcon.colcon_core.environment:checking '/home/jone/ws_moveit/install/moveit_ros_control_interface/bin'
[10.942s] INFO:colcon.colcon_core.shell:Creating package script '/home/jone/ws_moveit/install/moveit_ros_control_interface/share/moveit_ros_control_interface/package.ps1'
[10.943s] INFO:colcon.colcon_core.shell:Creating package descriptor '/home/jone/ws_moveit/install/moveit_ros_control_interface/share/moveit_ros_control_interface/package.dsv'
[10.943s] INFO:colcon.colcon_core.shell:Creating package script '/home/jone/ws_moveit/install/moveit_ros_control_interface/share/moveit_ros_control_interface/package.sh'
[10.943s] INFO:colcon.colcon_core.shell:Creating package script '/home/jone/ws_moveit/install/moveit_ros_control_interface/share/moveit_ros_control_interface/package.bash'
[10.944s] INFO:colcon.colcon_core.shell:Creating package script '/home/jone/ws_moveit/install/moveit_ros_control_interface/share/moveit_ros_control_interface/package.zsh'
[10.944s] Level 1:colcon.colcon_core.environment:create_file_with_runtime_dependencies(/home/jone/ws_moveit/install/moveit_ros_control_interface/share/colcon-core/packages/moveit_ros_control_interface)
[10.944s] Level 1:colcon.colcon_core.environment:create_environment_scripts_only(moveit_ros_control_interface)
[10.944s] Level 1:colcon.colcon_core.environment:checking '/home/jone/ws_moveit/install/moveit_ros_control_interface' for CMake module files
[10.945s] Level 1:colcon.colcon_core.environment:checking '/home/jone/ws_moveit/install/moveit_ros_control_interface' for CMake config files
[10.945s] Level 1:colcon.colcon_core.shell:create_environment_hook('moveit_ros_control_interface', 'cmake_prefix_path')
[10.945s] INFO:colcon.colcon_core.shell:Creating environment hook '/home/jone/ws_moveit/install/moveit_ros_control_interface/share/moveit_ros_control_interface/hook/cmake_prefix_path.ps1'
[10.945s] INFO:colcon.colcon_core.shell:Creating environment descriptor '/home/jone/ws_moveit/install/moveit_ros_control_interface/share/moveit_ros_control_interface/hook/cmake_prefix_path.dsv'
[10.946s] INFO:colcon.colcon_core.shell:Creating environment hook '/home/jone/ws_moveit/install/moveit_ros_control_interface/share/moveit_ros_control_interface/hook/cmake_prefix_path.sh'
[10.946s] Level 1:colcon.colcon_core.environment:checking '/home/jone/ws_moveit/install/moveit_ros_control_interface/lib'
[10.946s] Level 1:colcon.colcon_core.shell:create_environment_hook('moveit_ros_control_interface', 'ld_library_path_lib')
[10.946s] INFO:colcon.colcon_core.shell:Creating environment hook '/home/jone/ws_moveit/install/moveit_ros_control_interface/share/moveit_ros_control_interface/hook/ld_library_path_lib.ps1'
[10.947s] INFO:colcon.colcon_core.shell:Creating environment descriptor '/home/jone/ws_moveit/install/moveit_ros_control_interface/share/moveit_ros_control_interface/hook/ld_library_path_lib.dsv'
[10.947s] INFO:colcon.colcon_core.shell:Creating environment hook '/home/jone/ws_moveit/install/moveit_ros_control_interface/share/moveit_ros_control_interface/hook/ld_library_path_lib.sh'
[10.947s] Level 1:colcon.colcon_core.environment:checking '/home/jone/ws_moveit/install/moveit_ros_control_interface/bin'
[10.947s] Level 1:colcon.colcon_core.environment:checking '/home/jone/ws_moveit/install/moveit_ros_control_interface/lib/pkgconfig/moveit_ros_control_interface.pc'
[10.947s] Level 1:colcon.colcon_core.environment:checking '/home/jone/ws_moveit/install/moveit_ros_control_interface/lib/python3.10/site-packages'
[10.947s] Level 1:colcon.colcon_core.environment:checking '/home/jone/ws_moveit/install/moveit_ros_control_interface/bin'
[10.948s] INFO:colcon.colcon_core.shell:Creating package script '/home/jone/ws_moveit/install/moveit_ros_control_interface/share/moveit_ros_control_interface/package.ps1'
[10.948s] INFO:colcon.colcon_core.shell:Creating package descriptor '/home/jone/ws_moveit/install/moveit_ros_control_interface/share/moveit_ros_control_interface/package.dsv'
[10.948s] INFO:colcon.colcon_core.shell:Creating package script '/home/jone/ws_moveit/install/moveit_ros_control_interface/share/moveit_ros_control_interface/package.sh'
[10.949s] INFO:colcon.colcon_core.shell:Creating package script '/home/jone/ws_moveit/install/moveit_ros_control_interface/share/moveit_ros_control_interface/package.bash'
[10.949s] INFO:colcon.colcon_core.shell:Creating package script '/home/jone/ws_moveit/install/moveit_ros_control_interface/share/moveit_ros_control_interface/package.zsh'
[10.949s] Level 1:colcon.colcon_core.environment:create_file_with_runtime_dependencies(/home/jone/ws_moveit/install/moveit_ros_control_interface/share/colcon-core/packages/moveit_ros_control_interface)
[10.949s] DEBUG:colcon.colcon_core.executor.sequential:run_until_complete 'moveit_ros_control_interface' finished with '0'
[10.949s] DEBUG:colcon.colcon_core.executor.sequential:run_until_complete 'moveit_ros_planning'
[10.949s] INFO:colcon.colcon_ros.task.ament_cmake.build:Building ROS package in '/home/jone/ws_moveit/src/moveit2/moveit_ros/planning' with build type 'ament_cmake'
[10.949s] INFO:colcon.colcon_cmake.task.cmake.build:Building CMake package in '/home/jone/ws_moveit/src/moveit2/moveit_ros/planning'
[10.950s] INFO:colcon.colcon_core.shell:Skip shell extension 'powershell' for command environment: Not usable outside of PowerShell
[10.950s] DEBUG:colcon.colcon_core.shell:Skip shell extension 'dsv' for command environment
[10.979s] DEBUG:colcon.colcon_core.event_handler.log_command:Invoking command in '/home/jone/ws_moveit/build/moveit_ros_planning': AMENT_PREFIX_PATH=/home/jone/ws_moveit/install/moveit_configs_utils:/home/jone/ws_moveit/install/launch_param_builder:/home/jone/ws_moveit/install/pilz_industrial_motion_planner_testutils:/home/jone/ws_moveit/install/moveit_runtime:/home/jone/ws_moveit/install/moveit2_tutorials:/home/jone/ws_moveit/install/moveit:/home/jone/ws_moveit/install/moveit_planners:/home/jone/ws_moveit/install/pilz_industrial_motion_planner:/home/jone/ws_moveit/install/moveit_visual_tools:/home/jone/ws_moveit/install/moveit_task_constructor_visualization:/home/jone/ws_moveit/install/moveit_task_constructor_demo:/home/jone/ws_moveit/install/moveit_task_constructor_capabilities:/home/jone/ws_moveit/install/moveit_task_constructor_core:/home/jone/ws_moveit/install/moveit_ros_control_interface:/home/jone/ws_moveit/install/moveit_plugins:/home/jone/ws_moveit/install/moveit_simple_controller_manager:/home/jone/ws_moveit/install/moveit_setup_assistant:/home/jone/ws_moveit/install/moveit_setup_srdf_plugins:/home/jone/ws_moveit/install/moveit_setup_core_plugins:/home/jone/ws_moveit/install/moveit_setup_controllers:/home/jone/ws_moveit/install/moveit_setup_app_plugins:/home/jone/ws_moveit/install/moveit_setup_framework:/home/jone/ws_moveit/install/moveit_servo:/home/jone/ws_moveit/install/moveit_ros:/home/jone/ws_moveit/install/moveit_ros_visualization:/home/jone/ws_moveit/install/moveit_hybrid_planning:/home/jone/ws_moveit/install/moveit_ros_planning_interface:/home/jone/ws_moveit/install/moveit_ros_benchmarks:/home/jone/ws_moveit/install/moveit_ros_warehouse:/home/jone/ws_moveit/install/moveit_ros_robot_interaction:/home/jone/ws_moveit/install/moveit_ros_perception:/home/jone/ws_moveit/install/moveit_resources_prbt_pg70_support:/home/jone/ws_moveit/install/moveit_resources_prbt_moveit_config:/home/jone/ws_moveit/install/moveit_ros_move_group:/home/jone/ws_moveit/install/moveit_planners_ompl:/home/jone/ws_moveit/install/moveit_ros_planning:/home/jone/ws_moveit/install/moveit_ros_occupancy_map_monitor:/home/jone/ws_moveit/install/moveit_resources_prbt_ikfast_manipulator_plugin:/home/jone/ws_moveit/install/moveit_planners_chomp:/home/jone/ws_moveit/install/moveit_kinematics:/home/jone/ws_moveit/install/moveit_chomp_optimizer_adapter:/home/jone/ws_moveit/install/chomp_motion_planner:/home/jone/ws_moveit/install/moveit_core:/home/jone/ws_moveit/install/srdfdom:/home/jone/ws_moveit/install/rviz_marker_tools:/home/jone/ws_moveit/install/rosparam_shortcuts:/home/jone/ws_moveit/install/moveit_task_constructor_msgs:/home/jone/ws_moveit/install/moveit_resources_prbt_support:/home/jone/ws_moveit/install/moveit_resources:/home/jone/ws_moveit/install/moveit_resources_pr2_description:/home/jone/ws_moveit/install/moveit_resources_panda_moveit_config:/home/jone/ws_moveit/install/moveit_resources_panda_description:/home/jone/ws_moveit/install/moveit_resources_fanuc_moveit_config:/home/jone/ws_moveit/install/moveit_resources_fanuc_description:/home/jone/ws_moveit/install/moveit_common:/opt/ros/humble CMAKE_PREFIX_PATH=/home/jone/ws_moveit/install/moveit_ros_occupancy_map_monitor:/home/jone/ws_moveit/install/moveit_core:/home/jone/ws_moveit/install/moveit_resources_panda_moveit_config:/home/jone/ws_moveit/install/srdfdom:/home/jone/ws_moveit/install/moveit_resources_pr2_description:/home/jone/ws_moveit/install/moveit_resources_panda_description:/home/jone/ws_moveit/install/moveit_common:/home/jone/ws_moveit/install/pilz_industrial_motion_planner_testutils:/home/jone/ws_moveit/install/moveit_runtime:/home/jone/ws_moveit/install/moveit2_tutorials:/home/jone/ws_moveit/install/moveit:/home/jone/ws_moveit/install/moveit_planners:/home/jone/ws_moveit/install/pilz_industrial_motion_planner:/home/jone/ws_moveit/install/moveit_visual_tools:/home/jone/ws_moveit/install/moveit_task_constructor_visualization:/home/jone/ws_moveit/install/moveit_task_constructor_demo:/home/jone/ws_moveit/install/moveit_task_constructor_capabilities:/home/jone/ws_moveit/install/moveit_task_constructor_core:/home/jone/ws_moveit/install/moveit_ros_control_interface:/home/jone/ws_moveit/install/moveit_plugins:/home/jone/ws_moveit/install/moveit_simple_controller_manager:/home/jone/ws_moveit/install/moveit_setup_assistant:/home/jone/ws_moveit/install/moveit_setup_srdf_plugins:/home/jone/ws_moveit/install/moveit_setup_core_plugins:/home/jone/ws_moveit/install/moveit_setup_controllers:/home/jone/ws_moveit/install/moveit_setup_app_plugins:/home/jone/ws_moveit/install/moveit_setup_framework:/home/jone/ws_moveit/install/moveit_servo:/home/jone/ws_moveit/install/moveit_ros:/home/jone/ws_moveit/install/moveit_ros_visualization:/home/jone/ws_moveit/install/moveit_hybrid_planning:/home/jone/ws_moveit/install/moveit_ros_planning_interface:/home/jone/ws_moveit/install/moveit_ros_benchmarks:/home/jone/ws_moveit/install/moveit_ros_warehouse:/home/jone/ws_moveit/install/moveit_ros_robot_interaction:/home/jone/ws_moveit/install/moveit_ros_perception:/home/jone/ws_moveit/install/moveit_resources_prbt_pg70_support:/home/jone/ws_moveit/install/moveit_resources_prbt_moveit_config:/home/jone/ws_moveit/install/moveit_ros_move_group:/home/jone/ws_moveit/install/moveit_planners_ompl:/home/jone/ws_moveit/install/moveit_ros_planning:/home/jone/ws_moveit/install/moveit_resources_prbt_ikfast_manipulator_plugin:/home/jone/ws_moveit/install/moveit_planners_chomp:/home/jone/ws_moveit/install/moveit_kinematics:/home/jone/ws_moveit/install/moveit_chomp_optimizer_adapter:/home/jone/ws_moveit/install/chomp_motion_planner:/home/jone/ws_moveit/install/rviz_marker_tools:/home/jone/ws_moveit/install/rosparam_shortcuts:/home/jone/ws_moveit/install/moveit_task_constructor_msgs:/home/jone/ws_moveit/install/moveit_resources_prbt_support:/home/jone/ws_moveit/install/moveit_resources:/home/jone/ws_moveit/install/moveit_resources_fanuc_moveit_config:/home/jone/ws_moveit/install/moveit_resources_fanuc_description:/home/jone/ws_moveit/install/moveit_configs_utils:/home/jone/ws_moveit/install/launch_param_builder:/opt/ros/humble LD_LIBRARY_PATH=/home/jone/ws_moveit/install/moveit_ros_occupancy_map_monitor/lib:/home/jone/ws_moveit/install/moveit_core/lib:/home/jone/ws_moveit/install/srdfdom/lib:/home/jone/ws_moveit/install/pilz_industrial_motion_planner_testutils/lib:/home/jone/ws_moveit/install/pilz_industrial_motion_planner/lib:/home/jone/ws_moveit/install/moveit_visual_tools/lib:/home/jone/ws_moveit/install/moveit_task_constructor_visualization/lib:/home/jone/ws_moveit/install/moveit_task_constructor_demo/lib:/home/jone/ws_moveit/install/moveit_task_constructor_capabilities/lib:/home/jone/ws_moveit/install/moveit_task_constructor_core/lib:/home/jone/ws_moveit/install/moveit_ros_control_interface/lib:/home/jone/ws_moveit/install/moveit_simple_controller_manager/lib:/home/jone/ws_moveit/install/moveit_setup_assistant/lib:/home/jone/ws_moveit/install/moveit_setup_srdf_plugins/lib:/home/jone/ws_moveit/install/moveit_setup_core_plugins/lib:/home/jone/ws_moveit/install/moveit_setup_controllers/lib:/home/jone/ws_moveit/install/moveit_setup_app_plugins/lib:/home/jone/ws_moveit/install/moveit_setup_framework/lib:/home/jone/ws_moveit/install/moveit_servo/lib:/home/jone/ws_moveit/install/moveit_ros_visualization/lib:/home/jone/ws_moveit/install/moveit_hybrid_planning/lib:/home/jone/ws_moveit/install/moveit_ros_planning_interface/lib:/home/jone/ws_moveit/install/moveit_ros_benchmarks/lib:/home/jone/ws_moveit/install/moveit_ros_warehouse/lib:/home/jone/ws_moveit/install/moveit_ros_robot_interaction/lib:/home/jone/ws_moveit/install/moveit_ros_perception/lib:/home/jone/ws_moveit/install/moveit_ros_move_group/lib:/home/jone/ws_moveit/install/moveit_planners_ompl/lib:/home/jone/ws_moveit/install/moveit_ros_planning/lib:/home/jone/ws_moveit/install/moveit_resources_prbt_ikfast_manipulator_plugin/lib:/home/jone/ws_moveit/install/moveit_planners_chomp/lib:/home/jone/ws_moveit/install/moveit_kinematics/lib:/home/jone/ws_moveit/install/moveit_chomp_optimizer_adapter/lib:/home/jone/ws_moveit/install/chomp_motion_planner/lib:/home/jone/ws_moveit/install/rviz_marker_tools/lib:/home/jone/ws_moveit/install/rosparam_shortcuts/lib:/home/jone/ws_moveit/install/moveit_task_constructor_msgs/lib:/opt/ros/humble/opt/rviz_ogre_vendor/lib:/opt/ros/humble/lib/x86_64-linux-gnu:/opt/ros/humble/lib:/usr/lib/x86_64-linux-gnu/gazebo-11/plugins:/usr/lib/x86_64-linux-gnu/gazebo-11/plugins:/usr/lib/x86_64-linux-gnu/gazebo-11/plugins PYTHONPATH=/home/jone/ws_moveit/install/moveit_configs_utils/lib/python3.10/site-packages:/home/jone/ws_moveit/install/launch_param_builder/lib/python3.10/site-packages:/home/jone/ws_moveit/install/moveit_task_constructor_core/local/lib/python3.10/dist-packages:/home/jone/ws_moveit/install/srdfdom/local/lib/python3.10/dist-packages:/home/jone/ws_moveit/install/moveit_task_constructor_msgs/local/lib/python3.10/dist-packages:/opt/ros/humble/lib/python3.10/site-packages:/opt/ros/humble/local/lib/python3.10/dist-packages /usr/bin/cmake --build /home/jone/ws_moveit/build/moveit_ros_planning
[12.116s] DEBUG:colcon.colcon_core.event_handler.log_command:Invoked command in '/home/jone/ws_moveit/build/moveit_ros_planning' returned '0': AMENT_PREFIX_PATH=/home/jone/ws_moveit/install/moveit_configs_utils:/home/jone/ws_moveit/install/launch_param_builder:/home/jone/ws_moveit/install/pilz_industrial_motion_planner_testutils:/home/jone/ws_moveit/install/moveit_runtime:/home/jone/ws_moveit/install/moveit2_tutorials:/home/jone/ws_moveit/install/moveit:/home/jone/ws_moveit/install/moveit_planners:/home/jone/ws_moveit/install/pilz_industrial_motion_planner:/home/jone/ws_moveit/install/moveit_visual_tools:/home/jone/ws_moveit/install/moveit_task_constructor_visualization:/home/jone/ws_moveit/install/moveit_task_constructor_demo:/home/jone/ws_moveit/install/moveit_task_constructor_capabilities:/home/jone/ws_moveit/install/moveit_task_constructor_core:/home/jone/ws_moveit/install/moveit_ros_control_interface:/home/jone/ws_moveit/install/moveit_plugins:/home/jone/ws_moveit/install/moveit_simple_controller_manager:/home/jone/ws_moveit/install/moveit_setup_assistant:/home/jone/ws_moveit/install/moveit_setup_srdf_plugins:/home/jone/ws_moveit/install/moveit_setup_core_plugins:/home/jone/ws_moveit/install/moveit_setup_controllers:/home/jone/ws_moveit/install/moveit_setup_app_plugins:/home/jone/ws_moveit/install/moveit_setup_framework:/home/jone/ws_moveit/install/moveit_servo:/home/jone/ws_moveit/install/moveit_ros:/home/jone/ws_moveit/install/moveit_ros_visualization:/home/jone/ws_moveit/install/moveit_hybrid_planning:/home/jone/ws_moveit/install/moveit_ros_planning_interface:/home/jone/ws_moveit/install/moveit_ros_benchmarks:/home/jone/ws_moveit/install/moveit_ros_warehouse:/home/jone/ws_moveit/install/moveit_ros_robot_interaction:/home/jone/ws_moveit/install/moveit_ros_perception:/home/jone/ws_moveit/install/moveit_resources_prbt_pg70_support:/home/jone/ws_moveit/install/moveit_resources_prbt_moveit_config:/home/jone/ws_moveit/install/moveit_ros_move_group:/home/jone/ws_moveit/install/moveit_planners_ompl:/home/jone/ws_moveit/install/moveit_ros_planning:/home/jone/ws_moveit/install/moveit_ros_occupancy_map_monitor:/home/jone/ws_moveit/install/moveit_resources_prbt_ikfast_manipulator_plugin:/home/jone/ws_moveit/install/moveit_planners_chomp:/home/jone/ws_moveit/install/moveit_kinematics:/home/jone/ws_moveit/install/moveit_chomp_optimizer_adapter:/home/jone/ws_moveit/install/chomp_motion_planner:/home/jone/ws_moveit/install/moveit_core:/home/jone/ws_moveit/install/srdfdom:/home/jone/ws_moveit/install/rviz_marker_tools:/home/jone/ws_moveit/install/rosparam_shortcuts:/home/jone/ws_moveit/install/moveit_task_constructor_msgs:/home/jone/ws_moveit/install/moveit_resources_prbt_support:/home/jone/ws_moveit/install/moveit_resources:/home/jone/ws_moveit/install/moveit_resources_pr2_description:/home/jone/ws_moveit/install/moveit_resources_panda_moveit_config:/home/jone/ws_moveit/install/moveit_resources_panda_description:/home/jone/ws_moveit/install/moveit_resources_fanuc_moveit_config:/home/jone/ws_moveit/install/moveit_resources_fanuc_description:/home/jone/ws_moveit/install/moveit_common:/opt/ros/humble CMAKE_PREFIX_PATH=/home/jone/ws_moveit/install/moveit_ros_occupancy_map_monitor:/home/jone/ws_moveit/install/moveit_core:/home/jone/ws_moveit/install/moveit_resources_panda_moveit_config:/home/jone/ws_moveit/install/srdfdom:/home/jone/ws_moveit/install/moveit_resources_pr2_description:/home/jone/ws_moveit/install/moveit_resources_panda_description:/home/jone/ws_moveit/install/moveit_common:/home/jone/ws_moveit/install/pilz_industrial_motion_planner_testutils:/home/jone/ws_moveit/install/moveit_runtime:/home/jone/ws_moveit/install/moveit2_tutorials:/home/jone/ws_moveit/install/moveit:/home/jone/ws_moveit/install/moveit_planners:/home/jone/ws_moveit/install/pilz_industrial_motion_planner:/home/jone/ws_moveit/install/moveit_visual_tools:/home/jone/ws_moveit/install/moveit_task_constructor_visualization:/home/jone/ws_moveit/install/moveit_task_constructor_demo:/home/jone/ws_moveit/install/moveit_task_constructor_capabilities:/home/jone/ws_moveit/install/moveit_task_constructor_core:/home/jone/ws_moveit/install/moveit_ros_control_interface:/home/jone/ws_moveit/install/moveit_plugins:/home/jone/ws_moveit/install/moveit_simple_controller_manager:/home/jone/ws_moveit/install/moveit_setup_assistant:/home/jone/ws_moveit/install/moveit_setup_srdf_plugins:/home/jone/ws_moveit/install/moveit_setup_core_plugins:/home/jone/ws_moveit/install/moveit_setup_controllers:/home/jone/ws_moveit/install/moveit_setup_app_plugins:/home/jone/ws_moveit/install/moveit_setup_framework:/home/jone/ws_moveit/install/moveit_servo:/home/jone/ws_moveit/install/moveit_ros:/home/jone/ws_moveit/install/moveit_ros_visualization:/home/jone/ws_moveit/install/moveit_hybrid_planning:/home/jone/ws_moveit/install/moveit_ros_planning_interface:/home/jone/ws_moveit/install/moveit_ros_benchmarks:/home/jone/ws_moveit/install/moveit_ros_warehouse:/home/jone/ws_moveit/install/moveit_ros_robot_interaction:/home/jone/ws_moveit/install/moveit_ros_perception:/home/jone/ws_moveit/install/moveit_resources_prbt_pg70_support:/home/jone/ws_moveit/install/moveit_resources_prbt_moveit_config:/home/jone/ws_moveit/install/moveit_ros_move_group:/home/jone/ws_moveit/install/moveit_planners_ompl:/home/jone/ws_moveit/install/moveit_ros_planning:/home/jone/ws_moveit/install/moveit_resources_prbt_ikfast_manipulator_plugin:/home/jone/ws_moveit/install/moveit_planners_chomp:/home/jone/ws_moveit/install/moveit_kinematics:/home/jone/ws_moveit/install/moveit_chomp_optimizer_adapter:/home/jone/ws_moveit/install/chomp_motion_planner:/home/jone/ws_moveit/install/rviz_marker_tools:/home/jone/ws_moveit/install/rosparam_shortcuts:/home/jone/ws_moveit/install/moveit_task_constructor_msgs:/home/jone/ws_moveit/install/moveit_resources_prbt_support:/home/jone/ws_moveit/install/moveit_resources:/home/jone/ws_moveit/install/moveit_resources_fanuc_moveit_config:/home/jone/ws_moveit/install/moveit_resources_fanuc_description:/home/jone/ws_moveit/install/moveit_configs_utils:/home/jone/ws_moveit/install/launch_param_builder:/opt/ros/humble LD_LIBRARY_PATH=/home/jone/ws_moveit/install/moveit_ros_occupancy_map_monitor/lib:/home/jone/ws_moveit/install/moveit_core/lib:/home/jone/ws_moveit/install/srdfdom/lib:/home/jone/ws_moveit/install/pilz_industrial_motion_planner_testutils/lib:/home/jone/ws_moveit/install/pilz_industrial_motion_planner/lib:/home/jone/ws_moveit/install/moveit_visual_tools/lib:/home/jone/ws_moveit/install/moveit_task_constructor_visualization/lib:/home/jone/ws_moveit/install/moveit_task_constructor_demo/lib:/home/jone/ws_moveit/install/moveit_task_constructor_capabilities/lib:/home/jone/ws_moveit/install/moveit_task_constructor_core/lib:/home/jone/ws_moveit/install/moveit_ros_control_interface/lib:/home/jone/ws_moveit/install/moveit_simple_controller_manager/lib:/home/jone/ws_moveit/install/moveit_setup_assistant/lib:/home/jone/ws_moveit/install/moveit_setup_srdf_plugins/lib:/home/jone/ws_moveit/install/moveit_setup_core_plugins/lib:/home/jone/ws_moveit/install/moveit_setup_controllers/lib:/home/jone/ws_moveit/install/moveit_setup_app_plugins/lib:/home/jone/ws_moveit/install/moveit_setup_framework/lib:/home/jone/ws_moveit/install/moveit_servo/lib:/home/jone/ws_moveit/install/moveit_ros_visualization/lib:/home/jone/ws_moveit/install/moveit_hybrid_planning/lib:/home/jone/ws_moveit/install/moveit_ros_planning_interface/lib:/home/jone/ws_moveit/install/moveit_ros_benchmarks/lib:/home/jone/ws_moveit/install/moveit_ros_warehouse/lib:/home/jone/ws_moveit/install/moveit_ros_robot_interaction/lib:/home/jone/ws_moveit/install/moveit_ros_perception/lib:/home/jone/ws_moveit/install/moveit_ros_move_group/lib:/home/jone/ws_moveit/install/moveit_planners_ompl/lib:/home/jone/ws_moveit/install/moveit_ros_planning/lib:/home/jone/ws_moveit/install/moveit_resources_prbt_ikfast_manipulator_plugin/lib:/home/jone/ws_moveit/install/moveit_planners_chomp/lib:/home/jone/ws_moveit/install/moveit_kinematics/lib:/home/jone/ws_moveit/install/moveit_chomp_optimizer_adapter/lib:/home/jone/ws_moveit/install/chomp_motion_planner/lib:/home/jone/ws_moveit/install/rviz_marker_tools/lib:/home/jone/ws_moveit/install/rosparam_shortcuts/lib:/home/jone/ws_moveit/install/moveit_task_constructor_msgs/lib:/opt/ros/humble/opt/rviz_ogre_vendor/lib:/opt/ros/humble/lib/x86_64-linux-gnu:/opt/ros/humble/lib:/usr/lib/x86_64-linux-gnu/gazebo-11/plugins:/usr/lib/x86_64-linux-gnu/gazebo-11/plugins:/usr/lib/x86_64-linux-gnu/gazebo-11/plugins PYTHONPATH=/home/jone/ws_moveit/install/moveit_configs_utils/lib/python3.10/site-packages:/home/jone/ws_moveit/install/launch_param_builder/lib/python3.10/site-packages:/home/jone/ws_moveit/install/moveit_task_constructor_core/local/lib/python3.10/dist-packages:/home/jone/ws_moveit/install/srdfdom/local/lib/python3.10/dist-packages:/home/jone/ws_moveit/install/moveit_task_constructor_msgs/local/lib/python3.10/dist-packages:/opt/ros/humble/lib/python3.10/site-packages:/opt/ros/humble/local/lib/python3.10/dist-packages /usr/bin/cmake --build /home/jone/ws_moveit/build/moveit_ros_planning
[12.118s] DEBUG:colcon.colcon_core.event_handler.log_command:Invoking command in '/home/jone/ws_moveit/build/moveit_ros_planning': AMENT_PREFIX_PATH=/home/jone/ws_moveit/install/moveit_configs_utils:/home/jone/ws_moveit/install/launch_param_builder:/home/jone/ws_moveit/install/pilz_industrial_motion_planner_testutils:/home/jone/ws_moveit/install/moveit_runtime:/home/jone/ws_moveit/install/moveit2_tutorials:/home/jone/ws_moveit/install/moveit:/home/jone/ws_moveit/install/moveit_planners:/home/jone/ws_moveit/install/pilz_industrial_motion_planner:/home/jone/ws_moveit/install/moveit_visual_tools:/home/jone/ws_moveit/install/moveit_task_constructor_visualization:/home/jone/ws_moveit/install/moveit_task_constructor_demo:/home/jone/ws_moveit/install/moveit_task_constructor_capabilities:/home/jone/ws_moveit/install/moveit_task_constructor_core:/home/jone/ws_moveit/install/moveit_ros_control_interface:/home/jone/ws_moveit/install/moveit_plugins:/home/jone/ws_moveit/install/moveit_simple_controller_manager:/home/jone/ws_moveit/install/moveit_setup_assistant:/home/jone/ws_moveit/install/moveit_setup_srdf_plugins:/home/jone/ws_moveit/install/moveit_setup_core_plugins:/home/jone/ws_moveit/install/moveit_setup_controllers:/home/jone/ws_moveit/install/moveit_setup_app_plugins:/home/jone/ws_moveit/install/moveit_setup_framework:/home/jone/ws_moveit/install/moveit_servo:/home/jone/ws_moveit/install/moveit_ros:/home/jone/ws_moveit/install/moveit_ros_visualization:/home/jone/ws_moveit/install/moveit_hybrid_planning:/home/jone/ws_moveit/install/moveit_ros_planning_interface:/home/jone/ws_moveit/install/moveit_ros_benchmarks:/home/jone/ws_moveit/install/moveit_ros_warehouse:/home/jone/ws_moveit/install/moveit_ros_robot_interaction:/home/jone/ws_moveit/install/moveit_ros_perception:/home/jone/ws_moveit/install/moveit_resources_prbt_pg70_support:/home/jone/ws_moveit/install/moveit_resources_prbt_moveit_config:/home/jone/ws_moveit/install/moveit_ros_move_group:/home/jone/ws_moveit/install/moveit_planners_ompl:/home/jone/ws_moveit/install/moveit_ros_planning:/home/jone/ws_moveit/install/moveit_ros_occupancy_map_monitor:/home/jone/ws_moveit/install/moveit_resources_prbt_ikfast_manipulator_plugin:/home/jone/ws_moveit/install/moveit_planners_chomp:/home/jone/ws_moveit/install/moveit_kinematics:/home/jone/ws_moveit/install/moveit_chomp_optimizer_adapter:/home/jone/ws_moveit/install/chomp_motion_planner:/home/jone/ws_moveit/install/moveit_core:/home/jone/ws_moveit/install/srdfdom:/home/jone/ws_moveit/install/rviz_marker_tools:/home/jone/ws_moveit/install/rosparam_shortcuts:/home/jone/ws_moveit/install/moveit_task_constructor_msgs:/home/jone/ws_moveit/install/moveit_resources_prbt_support:/home/jone/ws_moveit/install/moveit_resources:/home/jone/ws_moveit/install/moveit_resources_pr2_description:/home/jone/ws_moveit/install/moveit_resources_panda_moveit_config:/home/jone/ws_moveit/install/moveit_resources_panda_description:/home/jone/ws_moveit/install/moveit_resources_fanuc_moveit_config:/home/jone/ws_moveit/install/moveit_resources_fanuc_description:/home/jone/ws_moveit/install/moveit_common:/opt/ros/humble CMAKE_PREFIX_PATH=/home/jone/ws_moveit/install/moveit_ros_occupancy_map_monitor:/home/jone/ws_moveit/install/moveit_core:/home/jone/ws_moveit/install/moveit_resources_panda_moveit_config:/home/jone/ws_moveit/install/srdfdom:/home/jone/ws_moveit/install/moveit_resources_pr2_description:/home/jone/ws_moveit/install/moveit_resources_panda_description:/home/jone/ws_moveit/install/moveit_common:/home/jone/ws_moveit/install/pilz_industrial_motion_planner_testutils:/home/jone/ws_moveit/install/moveit_runtime:/home/jone/ws_moveit/install/moveit2_tutorials:/home/jone/ws_moveit/install/moveit:/home/jone/ws_moveit/install/moveit_planners:/home/jone/ws_moveit/install/pilz_industrial_motion_planner:/home/jone/ws_moveit/install/moveit_visual_tools:/home/jone/ws_moveit/install/moveit_task_constructor_visualization:/home/jone/ws_moveit/install/moveit_task_constructor_demo:/home/jone/ws_moveit/install/moveit_task_constructor_capabilities:/home/jone/ws_moveit/install/moveit_task_constructor_core:/home/jone/ws_moveit/install/moveit_ros_control_interface:/home/jone/ws_moveit/install/moveit_plugins:/home/jone/ws_moveit/install/moveit_simple_controller_manager:/home/jone/ws_moveit/install/moveit_setup_assistant:/home/jone/ws_moveit/install/moveit_setup_srdf_plugins:/home/jone/ws_moveit/install/moveit_setup_core_plugins:/home/jone/ws_moveit/install/moveit_setup_controllers:/home/jone/ws_moveit/install/moveit_setup_app_plugins:/home/jone/ws_moveit/install/moveit_setup_framework:/home/jone/ws_moveit/install/moveit_servo:/home/jone/ws_moveit/install/moveit_ros:/home/jone/ws_moveit/install/moveit_ros_visualization:/home/jone/ws_moveit/install/moveit_hybrid_planning:/home/jone/ws_moveit/install/moveit_ros_planning_interface:/home/jone/ws_moveit/install/moveit_ros_benchmarks:/home/jone/ws_moveit/install/moveit_ros_warehouse:/home/jone/ws_moveit/install/moveit_ros_robot_interaction:/home/jone/ws_moveit/install/moveit_ros_perception:/home/jone/ws_moveit/install/moveit_resources_prbt_pg70_support:/home/jone/ws_moveit/install/moveit_resources_prbt_moveit_config:/home/jone/ws_moveit/install/moveit_ros_move_group:/home/jone/ws_moveit/install/moveit_planners_ompl:/home/jone/ws_moveit/install/moveit_ros_planning:/home/jone/ws_moveit/install/moveit_resources_prbt_ikfast_manipulator_plugin:/home/jone/ws_moveit/install/moveit_planners_chomp:/home/jone/ws_moveit/install/moveit_kinematics:/home/jone/ws_moveit/install/moveit_chomp_optimizer_adapter:/home/jone/ws_moveit/install/chomp_motion_planner:/home/jone/ws_moveit/install/rviz_marker_tools:/home/jone/ws_moveit/install/rosparam_shortcuts:/home/jone/ws_moveit/install/moveit_task_constructor_msgs:/home/jone/ws_moveit/install/moveit_resources_prbt_support:/home/jone/ws_moveit/install/moveit_resources:/home/jone/ws_moveit/install/moveit_resources_fanuc_moveit_config:/home/jone/ws_moveit/install/moveit_resources_fanuc_description:/home/jone/ws_moveit/install/moveit_configs_utils:/home/jone/ws_moveit/install/launch_param_builder:/opt/ros/humble LD_LIBRARY_PATH=/home/jone/ws_moveit/install/moveit_ros_occupancy_map_monitor/lib:/home/jone/ws_moveit/install/moveit_core/lib:/home/jone/ws_moveit/install/srdfdom/lib:/home/jone/ws_moveit/install/pilz_industrial_motion_planner_testutils/lib:/home/jone/ws_moveit/install/pilz_industrial_motion_planner/lib:/home/jone/ws_moveit/install/moveit_visual_tools/lib:/home/jone/ws_moveit/install/moveit_task_constructor_visualization/lib:/home/jone/ws_moveit/install/moveit_task_constructor_demo/lib:/home/jone/ws_moveit/install/moveit_task_constructor_capabilities/lib:/home/jone/ws_moveit/install/moveit_task_constructor_core/lib:/home/jone/ws_moveit/install/moveit_ros_control_interface/lib:/home/jone/ws_moveit/install/moveit_simple_controller_manager/lib:/home/jone/ws_moveit/install/moveit_setup_assistant/lib:/home/jone/ws_moveit/install/moveit_setup_srdf_plugins/lib:/home/jone/ws_moveit/install/moveit_setup_core_plugins/lib:/home/jone/ws_moveit/install/moveit_setup_controllers/lib:/home/jone/ws_moveit/install/moveit_setup_app_plugins/lib:/home/jone/ws_moveit/install/moveit_setup_framework/lib:/home/jone/ws_moveit/install/moveit_servo/lib:/home/jone/ws_moveit/install/moveit_ros_visualization/lib:/home/jone/ws_moveit/install/moveit_hybrid_planning/lib:/home/jone/ws_moveit/install/moveit_ros_planning_interface/lib:/home/jone/ws_moveit/install/moveit_ros_benchmarks/lib:/home/jone/ws_moveit/install/moveit_ros_warehouse/lib:/home/jone/ws_moveit/install/moveit_ros_robot_interaction/lib:/home/jone/ws_moveit/install/moveit_ros_perception/lib:/home/jone/ws_moveit/install/moveit_ros_move_group/lib:/home/jone/ws_moveit/install/moveit_planners_ompl/lib:/home/jone/ws_moveit/install/moveit_ros_planning/lib:/home/jone/ws_moveit/install/moveit_resources_prbt_ikfast_manipulator_plugin/lib:/home/jone/ws_moveit/install/moveit_planners_chomp/lib:/home/jone/ws_moveit/install/moveit_kinematics/lib:/home/jone/ws_moveit/install/moveit_chomp_optimizer_adapter/lib:/home/jone/ws_moveit/install/chomp_motion_planner/lib:/home/jone/ws_moveit/install/rviz_marker_tools/lib:/home/jone/ws_moveit/install/rosparam_shortcuts/lib:/home/jone/ws_moveit/install/moveit_task_constructor_msgs/lib:/opt/ros/humble/opt/rviz_ogre_vendor/lib:/opt/ros/humble/lib/x86_64-linux-gnu:/opt/ros/humble/lib:/usr/lib/x86_64-linux-gnu/gazebo-11/plugins:/usr/lib/x86_64-linux-gnu/gazebo-11/plugins:/usr/lib/x86_64-linux-gnu/gazebo-11/plugins PYTHONPATH=/home/jone/ws_moveit/install/moveit_configs_utils/lib/python3.10/site-packages:/home/jone/ws_moveit/install/launch_param_builder/lib/python3.10/site-packages:/home/jone/ws_moveit/install/moveit_task_constructor_core/local/lib/python3.10/dist-packages:/home/jone/ws_moveit/install/srdfdom/local/lib/python3.10/dist-packages:/home/jone/ws_moveit/install/moveit_task_constructor_msgs/local/lib/python3.10/dist-packages:/opt/ros/humble/lib/python3.10/site-packages:/opt/ros/humble/local/lib/python3.10/dist-packages /usr/bin/cmake --install /home/jone/ws_moveit/build/moveit_ros_planning
[12.158s] Level 1:colcon.colcon_core.environment:create_environment_scripts_only(moveit_ros_planning)
[12.158s] Level 1:colcon.colcon_core.environment:checking '/home/jone/ws_moveit/install/moveit_ros_planning' for CMake module files
[12.159s] DEBUG:colcon.colcon_core.event_handler.log_command:Invoked command in '/home/jone/ws_moveit/build/moveit_ros_planning' returned '0': AMENT_PREFIX_PATH=/home/jone/ws_moveit/install/moveit_configs_utils:/home/jone/ws_moveit/install/launch_param_builder:/home/jone/ws_moveit/install/pilz_industrial_motion_planner_testutils:/home/jone/ws_moveit/install/moveit_runtime:/home/jone/ws_moveit/install/moveit2_tutorials:/home/jone/ws_moveit/install/moveit:/home/jone/ws_moveit/install/moveit_planners:/home/jone/ws_moveit/install/pilz_industrial_motion_planner:/home/jone/ws_moveit/install/moveit_visual_tools:/home/jone/ws_moveit/install/moveit_task_constructor_visualization:/home/jone/ws_moveit/install/moveit_task_constructor_demo:/home/jone/ws_moveit/install/moveit_task_constructor_capabilities:/home/jone/ws_moveit/install/moveit_task_constructor_core:/home/jone/ws_moveit/install/moveit_ros_control_interface:/home/jone/ws_moveit/install/moveit_plugins:/home/jone/ws_moveit/install/moveit_simple_controller_manager:/home/jone/ws_moveit/install/moveit_setup_assistant:/home/jone/ws_moveit/install/moveit_setup_srdf_plugins:/home/jone/ws_moveit/install/moveit_setup_core_plugins:/home/jone/ws_moveit/install/moveit_setup_controllers:/home/jone/ws_moveit/install/moveit_setup_app_plugins:/home/jone/ws_moveit/install/moveit_setup_framework:/home/jone/ws_moveit/install/moveit_servo:/home/jone/ws_moveit/install/moveit_ros:/home/jone/ws_moveit/install/moveit_ros_visualization:/home/jone/ws_moveit/install/moveit_hybrid_planning:/home/jone/ws_moveit/install/moveit_ros_planning_interface:/home/jone/ws_moveit/install/moveit_ros_benchmarks:/home/jone/ws_moveit/install/moveit_ros_warehouse:/home/jone/ws_moveit/install/moveit_ros_robot_interaction:/home/jone/ws_moveit/install/moveit_ros_perception:/home/jone/ws_moveit/install/moveit_resources_prbt_pg70_support:/home/jone/ws_moveit/install/moveit_resources_prbt_moveit_config:/home/jone/ws_moveit/install/moveit_ros_move_group:/home/jone/ws_moveit/install/moveit_planners_ompl:/home/jone/ws_moveit/install/moveit_ros_planning:/home/jone/ws_moveit/install/moveit_ros_occupancy_map_monitor:/home/jone/ws_moveit/install/moveit_resources_prbt_ikfast_manipulator_plugin:/home/jone/ws_moveit/install/moveit_planners_chomp:/home/jone/ws_moveit/install/moveit_kinematics:/home/jone/ws_moveit/install/moveit_chomp_optimizer_adapter:/home/jone/ws_moveit/install/chomp_motion_planner:/home/jone/ws_moveit/install/moveit_core:/home/jone/ws_moveit/install/srdfdom:/home/jone/ws_moveit/install/rviz_marker_tools:/home/jone/ws_moveit/install/rosparam_shortcuts:/home/jone/ws_moveit/install/moveit_task_constructor_msgs:/home/jone/ws_moveit/install/moveit_resources_prbt_support:/home/jone/ws_moveit/install/moveit_resources:/home/jone/ws_moveit/install/moveit_resources_pr2_description:/home/jone/ws_moveit/install/moveit_resources_panda_moveit_config:/home/jone/ws_moveit/install/moveit_resources_panda_description:/home/jone/ws_moveit/install/moveit_resources_fanuc_moveit_config:/home/jone/ws_moveit/install/moveit_resources_fanuc_description:/home/jone/ws_moveit/install/moveit_common:/opt/ros/humble CMAKE_PREFIX_PATH=/home/jone/ws_moveit/install/moveit_ros_occupancy_map_monitor:/home/jone/ws_moveit/install/moveit_core:/home/jone/ws_moveit/install/moveit_resources_panda_moveit_config:/home/jone/ws_moveit/install/srdfdom:/home/jone/ws_moveit/install/moveit_resources_pr2_description:/home/jone/ws_moveit/install/moveit_resources_panda_description:/home/jone/ws_moveit/install/moveit_common:/home/jone/ws_moveit/install/pilz_industrial_motion_planner_testutils:/home/jone/ws_moveit/install/moveit_runtime:/home/jone/ws_moveit/install/moveit2_tutorials:/home/jone/ws_moveit/install/moveit:/home/jone/ws_moveit/install/moveit_planners:/home/jone/ws_moveit/install/pilz_industrial_motion_planner:/home/jone/ws_moveit/install/moveit_visual_tools:/home/jone/ws_moveit/install/moveit_task_constructor_visualization:/home/jone/ws_moveit/install/moveit_task_constructor_demo:/home/jone/ws_moveit/install/moveit_task_constructor_capabilities:/home/jone/ws_moveit/install/moveit_task_constructor_core:/home/jone/ws_moveit/install/moveit_ros_control_interface:/home/jone/ws_moveit/install/moveit_plugins:/home/jone/ws_moveit/install/moveit_simple_controller_manager:/home/jone/ws_moveit/install/moveit_setup_assistant:/home/jone/ws_moveit/install/moveit_setup_srdf_plugins:/home/jone/ws_moveit/install/moveit_setup_core_plugins:/home/jone/ws_moveit/install/moveit_setup_controllers:/home/jone/ws_moveit/install/moveit_setup_app_plugins:/home/jone/ws_moveit/install/moveit_setup_framework:/home/jone/ws_moveit/install/moveit_servo:/home/jone/ws_moveit/install/moveit_ros:/home/jone/ws_moveit/install/moveit_ros_visualization:/home/jone/ws_moveit/install/moveit_hybrid_planning:/home/jone/ws_moveit/install/moveit_ros_planning_interface:/home/jone/ws_moveit/install/moveit_ros_benchmarks:/home/jone/ws_moveit/install/moveit_ros_warehouse:/home/jone/ws_moveit/install/moveit_ros_robot_interaction:/home/jone/ws_moveit/install/moveit_ros_perception:/home/jone/ws_moveit/install/moveit_resources_prbt_pg70_support:/home/jone/ws_moveit/install/moveit_resources_prbt_moveit_config:/home/jone/ws_moveit/install/moveit_ros_move_group:/home/jone/ws_moveit/install/moveit_planners_ompl:/home/jone/ws_moveit/install/moveit_ros_planning:/home/jone/ws_moveit/install/moveit_resources_prbt_ikfast_manipulator_plugin:/home/jone/ws_moveit/install/moveit_planners_chomp:/home/jone/ws_moveit/install/moveit_kinematics:/home/jone/ws_moveit/install/moveit_chomp_optimizer_adapter:/home/jone/ws_moveit/install/chomp_motion_planner:/home/jone/ws_moveit/install/rviz_marker_tools:/home/jone/ws_moveit/install/rosparam_shortcuts:/home/jone/ws_moveit/install/moveit_task_constructor_msgs:/home/jone/ws_moveit/install/moveit_resources_prbt_support:/home/jone/ws_moveit/install/moveit_resources:/home/jone/ws_moveit/install/moveit_resources_fanuc_moveit_config:/home/jone/ws_moveit/install/moveit_resources_fanuc_description:/home/jone/ws_moveit/install/moveit_configs_utils:/home/jone/ws_moveit/install/launch_param_builder:/opt/ros/humble LD_LIBRARY_PATH=/home/jone/ws_moveit/install/moveit_ros_occupancy_map_monitor/lib:/home/jone/ws_moveit/install/moveit_core/lib:/home/jone/ws_moveit/install/srdfdom/lib:/home/jone/ws_moveit/install/pilz_industrial_motion_planner_testutils/lib:/home/jone/ws_moveit/install/pilz_industrial_motion_planner/lib:/home/jone/ws_moveit/install/moveit_visual_tools/lib:/home/jone/ws_moveit/install/moveit_task_constructor_visualization/lib:/home/jone/ws_moveit/install/moveit_task_constructor_demo/lib:/home/jone/ws_moveit/install/moveit_task_constructor_capabilities/lib:/home/jone/ws_moveit/install/moveit_task_constructor_core/lib:/home/jone/ws_moveit/install/moveit_ros_control_interface/lib:/home/jone/ws_moveit/install/moveit_simple_controller_manager/lib:/home/jone/ws_moveit/install/moveit_setup_assistant/lib:/home/jone/ws_moveit/install/moveit_setup_srdf_plugins/lib:/home/jone/ws_moveit/install/moveit_setup_core_plugins/lib:/home/jone/ws_moveit/install/moveit_setup_controllers/lib:/home/jone/ws_moveit/install/moveit_setup_app_plugins/lib:/home/jone/ws_moveit/install/moveit_setup_framework/lib:/home/jone/ws_moveit/install/moveit_servo/lib:/home/jone/ws_moveit/install/moveit_ros_visualization/lib:/home/jone/ws_moveit/install/moveit_hybrid_planning/lib:/home/jone/ws_moveit/install/moveit_ros_planning_interface/lib:/home/jone/ws_moveit/install/moveit_ros_benchmarks/lib:/home/jone/ws_moveit/install/moveit_ros_warehouse/lib:/home/jone/ws_moveit/install/moveit_ros_robot_interaction/lib:/home/jone/ws_moveit/install/moveit_ros_perception/lib:/home/jone/ws_moveit/install/moveit_ros_move_group/lib:/home/jone/ws_moveit/install/moveit_planners_ompl/lib:/home/jone/ws_moveit/install/moveit_ros_planning/lib:/home/jone/ws_moveit/install/moveit_resources_prbt_ikfast_manipulator_plugin/lib:/home/jone/ws_moveit/install/moveit_planners_chomp/lib:/home/jone/ws_moveit/install/moveit_kinematics/lib:/home/jone/ws_moveit/install/moveit_chomp_optimizer_adapter/lib:/home/jone/ws_moveit/install/chomp_motion_planner/lib:/home/jone/ws_moveit/install/rviz_marker_tools/lib:/home/jone/ws_moveit/install/rosparam_shortcuts/lib:/home/jone/ws_moveit/install/moveit_task_constructor_msgs/lib:/opt/ros/humble/opt/rviz_ogre_vendor/lib:/opt/ros/humble/lib/x86_64-linux-gnu:/opt/ros/humble/lib:/usr/lib/x86_64-linux-gnu/gazebo-11/plugins:/usr/lib/x86_64-linux-gnu/gazebo-11/plugins:/usr/lib/x86_64-linux-gnu/gazebo-11/plugins PYTHONPATH=/home/jone/ws_moveit/install/moveit_configs_utils/lib/python3.10/site-packages:/home/jone/ws_moveit/install/launch_param_builder/lib/python3.10/site-packages:/home/jone/ws_moveit/install/moveit_task_constructor_core/local/lib/python3.10/dist-packages:/home/jone/ws_moveit/install/srdfdom/local/lib/python3.10/dist-packages:/home/jone/ws_moveit/install/moveit_task_constructor_msgs/local/lib/python3.10/dist-packages:/opt/ros/humble/lib/python3.10/site-packages:/opt/ros/humble/local/lib/python3.10/dist-packages /usr/bin/cmake --install /home/jone/ws_moveit/build/moveit_ros_planning
[12.159s] Level 1:colcon.colcon_core.environment:checking '/home/jone/ws_moveit/install/moveit_ros_planning' for CMake config files
[12.160s] Level 1:colcon.colcon_core.shell:create_environment_hook('moveit_ros_planning', 'cmake_prefix_path')
[12.161s] INFO:colcon.colcon_core.shell:Creating environment hook '/home/jone/ws_moveit/install/moveit_ros_planning/share/moveit_ros_planning/hook/cmake_prefix_path.ps1'
[12.161s] INFO:colcon.colcon_core.shell:Creating environment descriptor '/home/jone/ws_moveit/install/moveit_ros_planning/share/moveit_ros_planning/hook/cmake_prefix_path.dsv'
[12.161s] INFO:colcon.colcon_core.shell:Creating environment hook '/home/jone/ws_moveit/install/moveit_ros_planning/share/moveit_ros_planning/hook/cmake_prefix_path.sh'
[12.162s] Level 1:colcon.colcon_core.environment:checking '/home/jone/ws_moveit/install/moveit_ros_planning/lib'
[12.162s] Level 1:colcon.colcon_core.shell:create_environment_hook('moveit_ros_planning', 'ld_library_path_lib')
[12.162s] INFO:colcon.colcon_core.shell:Creating environment hook '/home/jone/ws_moveit/install/moveit_ros_planning/share/moveit_ros_planning/hook/ld_library_path_lib.ps1'
[12.162s] INFO:colcon.colcon_core.shell:Creating environment descriptor '/home/jone/ws_moveit/install/moveit_ros_planning/share/moveit_ros_planning/hook/ld_library_path_lib.dsv'
[12.162s] INFO:colcon.colcon_core.shell:Creating environment hook '/home/jone/ws_moveit/install/moveit_ros_planning/share/moveit_ros_planning/hook/ld_library_path_lib.sh'
[12.163s] Level 1:colcon.colcon_core.environment:checking '/home/jone/ws_moveit/install/moveit_ros_planning/bin'
[12.163s] Level 1:colcon.colcon_core.environment:checking '/home/jone/ws_moveit/install/moveit_ros_planning/lib/pkgconfig/moveit_ros_planning.pc'
[12.163s] Level 1:colcon.colcon_core.environment:checking '/home/jone/ws_moveit/install/moveit_ros_planning/lib/python3.10/site-packages'
[12.163s] Level 1:colcon.colcon_core.environment:checking '/home/jone/ws_moveit/install/moveit_ros_planning/bin'
[12.163s] INFO:colcon.colcon_core.shell:Creating package script '/home/jone/ws_moveit/install/moveit_ros_planning/share/moveit_ros_planning/package.ps1'
[12.164s] INFO:colcon.colcon_core.shell:Creating package descriptor '/home/jone/ws_moveit/install/moveit_ros_planning/share/moveit_ros_planning/package.dsv'
[12.164s] INFO:colcon.colcon_core.shell:Creating package script '/home/jone/ws_moveit/install/moveit_ros_planning/share/moveit_ros_planning/package.sh'
[12.164s] INFO:colcon.colcon_core.shell:Creating package script '/home/jone/ws_moveit/install/moveit_ros_planning/share/moveit_ros_planning/package.bash'
[12.164s] INFO:colcon.colcon_core.shell:Creating package script '/home/jone/ws_moveit/install/moveit_ros_planning/share/moveit_ros_planning/package.zsh'
[12.165s] Level 1:colcon.colcon_core.environment:create_file_with_runtime_dependencies(/home/jone/ws_moveit/install/moveit_ros_planning/share/colcon-core/packages/moveit_ros_planning)
[12.165s] Level 1:colcon.colcon_core.environment:create_environment_scripts_only(moveit_ros_planning)
[12.165s] Level 1:colcon.colcon_core.environment:checking '/home/jone/ws_moveit/install/moveit_ros_planning' for CMake module files
[12.166s] Level 1:colcon.colcon_core.environment:checking '/home/jone/ws_moveit/install/moveit_ros_planning' for CMake config files
[12.166s] Level 1:colcon.colcon_core.shell:create_environment_hook('moveit_ros_planning', 'cmake_prefix_path')
[12.166s] INFO:colcon.colcon_core.shell:Creating environment hook '/home/jone/ws_moveit/install/moveit_ros_planning/share/moveit_ros_planning/hook/cmake_prefix_path.ps1'
[12.167s] INFO:colcon.colcon_core.shell:Creating environment descriptor '/home/jone/ws_moveit/install/moveit_ros_planning/share/moveit_ros_planning/hook/cmake_prefix_path.dsv'
[12.167s] INFO:colcon.colcon_core.shell:Creating environment hook '/home/jone/ws_moveit/install/moveit_ros_planning/share/moveit_ros_planning/hook/cmake_prefix_path.sh'
[12.167s] Level 1:colcon.colcon_core.environment:checking '/home/jone/ws_moveit/install/moveit_ros_planning/lib'
[12.167s] Level 1:colcon.colcon_core.shell:create_environment_hook('moveit_ros_planning', 'ld_library_path_lib')
[12.167s] INFO:colcon.colcon_core.shell:Creating environment hook '/home/jone/ws_moveit/install/moveit_ros_planning/share/moveit_ros_planning/hook/ld_library_path_lib.ps1'
[12.168s] INFO:colcon.colcon_core.shell:Creating environment descriptor '/home/jone/ws_moveit/install/moveit_ros_planning/share/moveit_ros_planning/hook/ld_library_path_lib.dsv'
[12.168s] INFO:colcon.colcon_core.shell:Creating environment hook '/home/jone/ws_moveit/install/moveit_ros_planning/share/moveit_ros_planning/hook/ld_library_path_lib.sh'
[12.168s] Level 1:colcon.colcon_core.environment:checking '/home/jone/ws_moveit/install/moveit_ros_planning/bin'
[12.168s] Level 1:colcon.colcon_core.environment:checking '/home/jone/ws_moveit/install/moveit_ros_planning/lib/pkgconfig/moveit_ros_planning.pc'
[12.168s] Level 1:colcon.colcon_core.environment:checking '/home/jone/ws_moveit/install/moveit_ros_planning/lib/python3.10/site-packages'
[12.169s] Level 1:colcon.colcon_core.environment:checking '/home/jone/ws_moveit/install/moveit_ros_planning/bin'
[12.169s] INFO:colcon.colcon_core.shell:Creating package script '/home/jone/ws_moveit/install/moveit_ros_planning/share/moveit_ros_planning/package.ps1'
[12.169s] INFO:colcon.colcon_core.shell:Creating package descriptor '/home/jone/ws_moveit/install/moveit_ros_planning/share/moveit_ros_planning/package.dsv'
[12.170s] INFO:colcon.colcon_core.shell:Creating package script '/home/jone/ws_moveit/install/moveit_ros_planning/share/moveit_ros_planning/package.sh'
[12.170s] INFO:colcon.colcon_core.shell:Creating package script '/home/jone/ws_moveit/install/moveit_ros_planning/share/moveit_ros_planning/package.bash'
[12.170s] INFO:colcon.colcon_core.shell:Creating package script '/home/jone/ws_moveit/install/moveit_ros_planning/share/moveit_ros_planning/package.zsh'
[12.170s] Level 1:colcon.colcon_core.environment:create_file_with_runtime_dependencies(/home/jone/ws_moveit/install/moveit_ros_planning/share/colcon-core/packages/moveit_ros_planning)
[12.171s] DEBUG:colcon.colcon_core.executor.sequential:run_until_complete 'moveit_ros_planning' finished with '0'
[12.171s] DEBUG:colcon.colcon_core.executor.sequential:run_until_complete 'moveit_kinematics'
[12.171s] INFO:colcon.colcon_ros.task.ament_cmake.build:Building ROS package in '/home/jone/ws_moveit/src/moveit2/moveit_kinematics' with build type 'ament_cmake'
[12.171s] INFO:colcon.colcon_cmake.task.cmake.build:Building CMake package in '/home/jone/ws_moveit/src/moveit2/moveit_kinematics'
[12.171s] INFO:colcon.colcon_core.shell:Skip shell extension 'powershell' for command environment: Not usable outside of PowerShell
[12.171s] DEBUG:colcon.colcon_core.shell:Skip shell extension 'dsv' for command environment
[12.205s] DEBUG:colcon.colcon_core.event_handler.log_command:Invoking command in '/home/jone/ws_moveit/build/moveit_kinematics': AMENT_PREFIX_PATH=/home/jone/ws_moveit/install/moveit_configs_utils:/home/jone/ws_moveit/install/launch_param_builder:/home/jone/ws_moveit/install/pilz_industrial_motion_planner_testutils:/home/jone/ws_moveit/install/moveit_runtime:/home/jone/ws_moveit/install/moveit2_tutorials:/home/jone/ws_moveit/install/moveit:/home/jone/ws_moveit/install/moveit_planners:/home/jone/ws_moveit/install/pilz_industrial_motion_planner:/home/jone/ws_moveit/install/moveit_visual_tools:/home/jone/ws_moveit/install/moveit_task_constructor_visualization:/home/jone/ws_moveit/install/moveit_task_constructor_demo:/home/jone/ws_moveit/install/moveit_task_constructor_capabilities:/home/jone/ws_moveit/install/moveit_task_constructor_core:/home/jone/ws_moveit/install/moveit_ros_control_interface:/home/jone/ws_moveit/install/moveit_plugins:/home/jone/ws_moveit/install/moveit_simple_controller_manager:/home/jone/ws_moveit/install/moveit_setup_assistant:/home/jone/ws_moveit/install/moveit_setup_srdf_plugins:/home/jone/ws_moveit/install/moveit_setup_core_plugins:/home/jone/ws_moveit/install/moveit_setup_controllers:/home/jone/ws_moveit/install/moveit_setup_app_plugins:/home/jone/ws_moveit/install/moveit_setup_framework:/home/jone/ws_moveit/install/moveit_servo:/home/jone/ws_moveit/install/moveit_ros:/home/jone/ws_moveit/install/moveit_ros_visualization:/home/jone/ws_moveit/install/moveit_hybrid_planning:/home/jone/ws_moveit/install/moveit_ros_planning_interface:/home/jone/ws_moveit/install/moveit_ros_benchmarks:/home/jone/ws_moveit/install/moveit_ros_warehouse:/home/jone/ws_moveit/install/moveit_ros_robot_interaction:/home/jone/ws_moveit/install/moveit_ros_perception:/home/jone/ws_moveit/install/moveit_resources_prbt_pg70_support:/home/jone/ws_moveit/install/moveit_resources_prbt_moveit_config:/home/jone/ws_moveit/install/moveit_ros_move_group:/home/jone/ws_moveit/install/moveit_planners_ompl:/home/jone/ws_moveit/install/moveit_ros_planning:/home/jone/ws_moveit/install/moveit_ros_occupancy_map_monitor:/home/jone/ws_moveit/install/moveit_resources_prbt_ikfast_manipulator_plugin:/home/jone/ws_moveit/install/moveit_planners_chomp:/home/jone/ws_moveit/install/moveit_kinematics:/home/jone/ws_moveit/install/moveit_chomp_optimizer_adapter:/home/jone/ws_moveit/install/chomp_motion_planner:/home/jone/ws_moveit/install/moveit_core:/home/jone/ws_moveit/install/srdfdom:/home/jone/ws_moveit/install/rviz_marker_tools:/home/jone/ws_moveit/install/rosparam_shortcuts:/home/jone/ws_moveit/install/moveit_task_constructor_msgs:/home/jone/ws_moveit/install/moveit_resources_prbt_support:/home/jone/ws_moveit/install/moveit_resources:/home/jone/ws_moveit/install/moveit_resources_pr2_description:/home/jone/ws_moveit/install/moveit_resources_panda_moveit_config:/home/jone/ws_moveit/install/moveit_resources_panda_description:/home/jone/ws_moveit/install/moveit_resources_fanuc_moveit_config:/home/jone/ws_moveit/install/moveit_resources_fanuc_description:/home/jone/ws_moveit/install/moveit_common:/opt/ros/humble CMAKE_PREFIX_PATH=/home/jone/ws_moveit/install/moveit_ros_planning:/home/jone/ws_moveit/install/moveit_ros_occupancy_map_monitor:/home/jone/ws_moveit/install/moveit_core:/home/jone/ws_moveit/install/moveit_resources_panda_moveit_config:/home/jone/ws_moveit/install/moveit_resources_fanuc_moveit_config:/home/jone/ws_moveit/install/srdfdom:/home/jone/ws_moveit/install/moveit_resources_pr2_description:/home/jone/ws_moveit/install/moveit_resources_panda_description:/home/jone/ws_moveit/install/moveit_resources_fanuc_description:/home/jone/ws_moveit/install/moveit_common:/home/jone/ws_moveit/install/pilz_industrial_motion_planner_testutils:/home/jone/ws_moveit/install/moveit_runtime:/home/jone/ws_moveit/install/moveit2_tutorials:/home/jone/ws_moveit/install/moveit:/home/jone/ws_moveit/install/moveit_planners:/home/jone/ws_moveit/install/pilz_industrial_motion_planner:/home/jone/ws_moveit/install/moveit_visual_tools:/home/jone/ws_moveit/install/moveit_task_constructor_visualization:/home/jone/ws_moveit/install/moveit_task_constructor_demo:/home/jone/ws_moveit/install/moveit_task_constructor_capabilities:/home/jone/ws_moveit/install/moveit_task_constructor_core:/home/jone/ws_moveit/install/moveit_ros_control_interface:/home/jone/ws_moveit/install/moveit_plugins:/home/jone/ws_moveit/install/moveit_simple_controller_manager:/home/jone/ws_moveit/install/moveit_setup_assistant:/home/jone/ws_moveit/install/moveit_setup_srdf_plugins:/home/jone/ws_moveit/install/moveit_setup_core_plugins:/home/jone/ws_moveit/install/moveit_setup_controllers:/home/jone/ws_moveit/install/moveit_setup_app_plugins:/home/jone/ws_moveit/install/moveit_setup_framework:/home/jone/ws_moveit/install/moveit_servo:/home/jone/ws_moveit/install/moveit_ros:/home/jone/ws_moveit/install/moveit_ros_visualization:/home/jone/ws_moveit/install/moveit_hybrid_planning:/home/jone/ws_moveit/install/moveit_ros_planning_interface:/home/jone/ws_moveit/install/moveit_ros_benchmarks:/home/jone/ws_moveit/install/moveit_ros_warehouse:/home/jone/ws_moveit/install/moveit_ros_robot_interaction:/home/jone/ws_moveit/install/moveit_ros_perception:/home/jone/ws_moveit/install/moveit_resources_prbt_pg70_support:/home/jone/ws_moveit/install/moveit_resources_prbt_moveit_config:/home/jone/ws_moveit/install/moveit_ros_move_group:/home/jone/ws_moveit/install/moveit_planners_ompl:/home/jone/ws_moveit/install/moveit_resources_prbt_ikfast_manipulator_plugin:/home/jone/ws_moveit/install/moveit_planners_chomp:/home/jone/ws_moveit/install/moveit_kinematics:/home/jone/ws_moveit/install/moveit_chomp_optimizer_adapter:/home/jone/ws_moveit/install/chomp_motion_planner:/home/jone/ws_moveit/install/rviz_marker_tools:/home/jone/ws_moveit/install/rosparam_shortcuts:/home/jone/ws_moveit/install/moveit_task_constructor_msgs:/home/jone/ws_moveit/install/moveit_resources_prbt_support:/home/jone/ws_moveit/install/moveit_resources:/home/jone/ws_moveit/install/moveit_configs_utils:/home/jone/ws_moveit/install/launch_param_builder:/opt/ros/humble LD_LIBRARY_PATH=/home/jone/ws_moveit/install/moveit_ros_planning/lib:/home/jone/ws_moveit/install/moveit_ros_occupancy_map_monitor/lib:/home/jone/ws_moveit/install/moveit_core/lib:/home/jone/ws_moveit/install/srdfdom/lib:/home/jone/ws_moveit/install/pilz_industrial_motion_planner_testutils/lib:/home/jone/ws_moveit/install/pilz_industrial_motion_planner/lib:/home/jone/ws_moveit/install/moveit_visual_tools/lib:/home/jone/ws_moveit/install/moveit_task_constructor_visualization/lib:/home/jone/ws_moveit/install/moveit_task_constructor_demo/lib:/home/jone/ws_moveit/install/moveit_task_constructor_capabilities/lib:/home/jone/ws_moveit/install/moveit_task_constructor_core/lib:/home/jone/ws_moveit/install/moveit_ros_control_interface/lib:/home/jone/ws_moveit/install/moveit_simple_controller_manager/lib:/home/jone/ws_moveit/install/moveit_setup_assistant/lib:/home/jone/ws_moveit/install/moveit_setup_srdf_plugins/lib:/home/jone/ws_moveit/install/moveit_setup_core_plugins/lib:/home/jone/ws_moveit/install/moveit_setup_controllers/lib:/home/jone/ws_moveit/install/moveit_setup_app_plugins/lib:/home/jone/ws_moveit/install/moveit_setup_framework/lib:/home/jone/ws_moveit/install/moveit_servo/lib:/home/jone/ws_moveit/install/moveit_ros_visualization/lib:/home/jone/ws_moveit/install/moveit_hybrid_planning/lib:/home/jone/ws_moveit/install/moveit_ros_planning_interface/lib:/home/jone/ws_moveit/install/moveit_ros_benchmarks/lib:/home/jone/ws_moveit/install/moveit_ros_warehouse/lib:/home/jone/ws_moveit/install/moveit_ros_robot_interaction/lib:/home/jone/ws_moveit/install/moveit_ros_perception/lib:/home/jone/ws_moveit/install/moveit_ros_move_group/lib:/home/jone/ws_moveit/install/moveit_planners_ompl/lib:/home/jone/ws_moveit/install/moveit_resources_prbt_ikfast_manipulator_plugin/lib:/home/jone/ws_moveit/install/moveit_planners_chomp/lib:/home/jone/ws_moveit/install/moveit_kinematics/lib:/home/jone/ws_moveit/install/moveit_chomp_optimizer_adapter/lib:/home/jone/ws_moveit/install/chomp_motion_planner/lib:/home/jone/ws_moveit/install/rviz_marker_tools/lib:/home/jone/ws_moveit/install/rosparam_shortcuts/lib:/home/jone/ws_moveit/install/moveit_task_constructor_msgs/lib:/opt/ros/humble/opt/rviz_ogre_vendor/lib:/opt/ros/humble/lib/x86_64-linux-gnu:/opt/ros/humble/lib:/usr/lib/x86_64-linux-gnu/gazebo-11/plugins:/usr/lib/x86_64-linux-gnu/gazebo-11/plugins:/usr/lib/x86_64-linux-gnu/gazebo-11/plugins PYTHONPATH=/home/jone/ws_moveit/install/moveit_configs_utils/lib/python3.10/site-packages:/home/jone/ws_moveit/install/launch_param_builder/lib/python3.10/site-packages:/home/jone/ws_moveit/install/moveit_task_constructor_core/local/lib/python3.10/dist-packages:/home/jone/ws_moveit/install/srdfdom/local/lib/python3.10/dist-packages:/home/jone/ws_moveit/install/moveit_task_constructor_msgs/local/lib/python3.10/dist-packages:/opt/ros/humble/lib/python3.10/site-packages:/opt/ros/humble/local/lib/python3.10/dist-packages /usr/bin/cmake --build /home/jone/ws_moveit/build/moveit_kinematics
[12.643s] DEBUG:colcon.colcon_core.event_handler.log_command:Invoked command in '/home/jone/ws_moveit/build/moveit_kinematics' returned '0': AMENT_PREFIX_PATH=/home/jone/ws_moveit/install/moveit_configs_utils:/home/jone/ws_moveit/install/launch_param_builder:/home/jone/ws_moveit/install/pilz_industrial_motion_planner_testutils:/home/jone/ws_moveit/install/moveit_runtime:/home/jone/ws_moveit/install/moveit2_tutorials:/home/jone/ws_moveit/install/moveit:/home/jone/ws_moveit/install/moveit_planners:/home/jone/ws_moveit/install/pilz_industrial_motion_planner:/home/jone/ws_moveit/install/moveit_visual_tools:/home/jone/ws_moveit/install/moveit_task_constructor_visualization:/home/jone/ws_moveit/install/moveit_task_constructor_demo:/home/jone/ws_moveit/install/moveit_task_constructor_capabilities:/home/jone/ws_moveit/install/moveit_task_constructor_core:/home/jone/ws_moveit/install/moveit_ros_control_interface:/home/jone/ws_moveit/install/moveit_plugins:/home/jone/ws_moveit/install/moveit_simple_controller_manager:/home/jone/ws_moveit/install/moveit_setup_assistant:/home/jone/ws_moveit/install/moveit_setup_srdf_plugins:/home/jone/ws_moveit/install/moveit_setup_core_plugins:/home/jone/ws_moveit/install/moveit_setup_controllers:/home/jone/ws_moveit/install/moveit_setup_app_plugins:/home/jone/ws_moveit/install/moveit_setup_framework:/home/jone/ws_moveit/install/moveit_servo:/home/jone/ws_moveit/install/moveit_ros:/home/jone/ws_moveit/install/moveit_ros_visualization:/home/jone/ws_moveit/install/moveit_hybrid_planning:/home/jone/ws_moveit/install/moveit_ros_planning_interface:/home/jone/ws_moveit/install/moveit_ros_benchmarks:/home/jone/ws_moveit/install/moveit_ros_warehouse:/home/jone/ws_moveit/install/moveit_ros_robot_interaction:/home/jone/ws_moveit/install/moveit_ros_perception:/home/jone/ws_moveit/install/moveit_resources_prbt_pg70_support:/home/jone/ws_moveit/install/moveit_resources_prbt_moveit_config:/home/jone/ws_moveit/install/moveit_ros_move_group:/home/jone/ws_moveit/install/moveit_planners_ompl:/home/jone/ws_moveit/install/moveit_ros_planning:/home/jone/ws_moveit/install/moveit_ros_occupancy_map_monitor:/home/jone/ws_moveit/install/moveit_resources_prbt_ikfast_manipulator_plugin:/home/jone/ws_moveit/install/moveit_planners_chomp:/home/jone/ws_moveit/install/moveit_kinematics:/home/jone/ws_moveit/install/moveit_chomp_optimizer_adapter:/home/jone/ws_moveit/install/chomp_motion_planner:/home/jone/ws_moveit/install/moveit_core:/home/jone/ws_moveit/install/srdfdom:/home/jone/ws_moveit/install/rviz_marker_tools:/home/jone/ws_moveit/install/rosparam_shortcuts:/home/jone/ws_moveit/install/moveit_task_constructor_msgs:/home/jone/ws_moveit/install/moveit_resources_prbt_support:/home/jone/ws_moveit/install/moveit_resources:/home/jone/ws_moveit/install/moveit_resources_pr2_description:/home/jone/ws_moveit/install/moveit_resources_panda_moveit_config:/home/jone/ws_moveit/install/moveit_resources_panda_description:/home/jone/ws_moveit/install/moveit_resources_fanuc_moveit_config:/home/jone/ws_moveit/install/moveit_resources_fanuc_description:/home/jone/ws_moveit/install/moveit_common:/opt/ros/humble CMAKE_PREFIX_PATH=/home/jone/ws_moveit/install/moveit_ros_planning:/home/jone/ws_moveit/install/moveit_ros_occupancy_map_monitor:/home/jone/ws_moveit/install/moveit_core:/home/jone/ws_moveit/install/moveit_resources_panda_moveit_config:/home/jone/ws_moveit/install/moveit_resources_fanuc_moveit_config:/home/jone/ws_moveit/install/srdfdom:/home/jone/ws_moveit/install/moveit_resources_pr2_description:/home/jone/ws_moveit/install/moveit_resources_panda_description:/home/jone/ws_moveit/install/moveit_resources_fanuc_description:/home/jone/ws_moveit/install/moveit_common:/home/jone/ws_moveit/install/pilz_industrial_motion_planner_testutils:/home/jone/ws_moveit/install/moveit_runtime:/home/jone/ws_moveit/install/moveit2_tutorials:/home/jone/ws_moveit/install/moveit:/home/jone/ws_moveit/install/moveit_planners:/home/jone/ws_moveit/install/pilz_industrial_motion_planner:/home/jone/ws_moveit/install/moveit_visual_tools:/home/jone/ws_moveit/install/moveit_task_constructor_visualization:/home/jone/ws_moveit/install/moveit_task_constructor_demo:/home/jone/ws_moveit/install/moveit_task_constructor_capabilities:/home/jone/ws_moveit/install/moveit_task_constructor_core:/home/jone/ws_moveit/install/moveit_ros_control_interface:/home/jone/ws_moveit/install/moveit_plugins:/home/jone/ws_moveit/install/moveit_simple_controller_manager:/home/jone/ws_moveit/install/moveit_setup_assistant:/home/jone/ws_moveit/install/moveit_setup_srdf_plugins:/home/jone/ws_moveit/install/moveit_setup_core_plugins:/home/jone/ws_moveit/install/moveit_setup_controllers:/home/jone/ws_moveit/install/moveit_setup_app_plugins:/home/jone/ws_moveit/install/moveit_setup_framework:/home/jone/ws_moveit/install/moveit_servo:/home/jone/ws_moveit/install/moveit_ros:/home/jone/ws_moveit/install/moveit_ros_visualization:/home/jone/ws_moveit/install/moveit_hybrid_planning:/home/jone/ws_moveit/install/moveit_ros_planning_interface:/home/jone/ws_moveit/install/moveit_ros_benchmarks:/home/jone/ws_moveit/install/moveit_ros_warehouse:/home/jone/ws_moveit/install/moveit_ros_robot_interaction:/home/jone/ws_moveit/install/moveit_ros_perception:/home/jone/ws_moveit/install/moveit_resources_prbt_pg70_support:/home/jone/ws_moveit/install/moveit_resources_prbt_moveit_config:/home/jone/ws_moveit/install/moveit_ros_move_group:/home/jone/ws_moveit/install/moveit_planners_ompl:/home/jone/ws_moveit/install/moveit_resources_prbt_ikfast_manipulator_plugin:/home/jone/ws_moveit/install/moveit_planners_chomp:/home/jone/ws_moveit/install/moveit_kinematics:/home/jone/ws_moveit/install/moveit_chomp_optimizer_adapter:/home/jone/ws_moveit/install/chomp_motion_planner:/home/jone/ws_moveit/install/rviz_marker_tools:/home/jone/ws_moveit/install/rosparam_shortcuts:/home/jone/ws_moveit/install/moveit_task_constructor_msgs:/home/jone/ws_moveit/install/moveit_resources_prbt_support:/home/jone/ws_moveit/install/moveit_resources:/home/jone/ws_moveit/install/moveit_configs_utils:/home/jone/ws_moveit/install/launch_param_builder:/opt/ros/humble LD_LIBRARY_PATH=/home/jone/ws_moveit/install/moveit_ros_planning/lib:/home/jone/ws_moveit/install/moveit_ros_occupancy_map_monitor/lib:/home/jone/ws_moveit/install/moveit_core/lib:/home/jone/ws_moveit/install/srdfdom/lib:/home/jone/ws_moveit/install/pilz_industrial_motion_planner_testutils/lib:/home/jone/ws_moveit/install/pilz_industrial_motion_planner/lib:/home/jone/ws_moveit/install/moveit_visual_tools/lib:/home/jone/ws_moveit/install/moveit_task_constructor_visualization/lib:/home/jone/ws_moveit/install/moveit_task_constructor_demo/lib:/home/jone/ws_moveit/install/moveit_task_constructor_capabilities/lib:/home/jone/ws_moveit/install/moveit_task_constructor_core/lib:/home/jone/ws_moveit/install/moveit_ros_control_interface/lib:/home/jone/ws_moveit/install/moveit_simple_controller_manager/lib:/home/jone/ws_moveit/install/moveit_setup_assistant/lib:/home/jone/ws_moveit/install/moveit_setup_srdf_plugins/lib:/home/jone/ws_moveit/install/moveit_setup_core_plugins/lib:/home/jone/ws_moveit/install/moveit_setup_controllers/lib:/home/jone/ws_moveit/install/moveit_setup_app_plugins/lib:/home/jone/ws_moveit/install/moveit_setup_framework/lib:/home/jone/ws_moveit/install/moveit_servo/lib:/home/jone/ws_moveit/install/moveit_ros_visualization/lib:/home/jone/ws_moveit/install/moveit_hybrid_planning/lib:/home/jone/ws_moveit/install/moveit_ros_planning_interface/lib:/home/jone/ws_moveit/install/moveit_ros_benchmarks/lib:/home/jone/ws_moveit/install/moveit_ros_warehouse/lib:/home/jone/ws_moveit/install/moveit_ros_robot_interaction/lib:/home/jone/ws_moveit/install/moveit_ros_perception/lib:/home/jone/ws_moveit/install/moveit_ros_move_group/lib:/home/jone/ws_moveit/install/moveit_planners_ompl/lib:/home/jone/ws_moveit/install/moveit_resources_prbt_ikfast_manipulator_plugin/lib:/home/jone/ws_moveit/install/moveit_planners_chomp/lib:/home/jone/ws_moveit/install/moveit_kinematics/lib:/home/jone/ws_moveit/install/moveit_chomp_optimizer_adapter/lib:/home/jone/ws_moveit/install/chomp_motion_planner/lib:/home/jone/ws_moveit/install/rviz_marker_tools/lib:/home/jone/ws_moveit/install/rosparam_shortcuts/lib:/home/jone/ws_moveit/install/moveit_task_constructor_msgs/lib:/opt/ros/humble/opt/rviz_ogre_vendor/lib:/opt/ros/humble/lib/x86_64-linux-gnu:/opt/ros/humble/lib:/usr/lib/x86_64-linux-gnu/gazebo-11/plugins:/usr/lib/x86_64-linux-gnu/gazebo-11/plugins:/usr/lib/x86_64-linux-gnu/gazebo-11/plugins PYTHONPATH=/home/jone/ws_moveit/install/moveit_configs_utils/lib/python3.10/site-packages:/home/jone/ws_moveit/install/launch_param_builder/lib/python3.10/site-packages:/home/jone/ws_moveit/install/moveit_task_constructor_core/local/lib/python3.10/dist-packages:/home/jone/ws_moveit/install/srdfdom/local/lib/python3.10/dist-packages:/home/jone/ws_moveit/install/moveit_task_constructor_msgs/local/lib/python3.10/dist-packages:/opt/ros/humble/lib/python3.10/site-packages:/opt/ros/humble/local/lib/python3.10/dist-packages /usr/bin/cmake --build /home/jone/ws_moveit/build/moveit_kinematics
[12.645s] DEBUG:colcon.colcon_core.event_handler.log_command:Invoking command in '/home/jone/ws_moveit/build/moveit_kinematics': AMENT_PREFIX_PATH=/home/jone/ws_moveit/install/moveit_configs_utils:/home/jone/ws_moveit/install/launch_param_builder:/home/jone/ws_moveit/install/pilz_industrial_motion_planner_testutils:/home/jone/ws_moveit/install/moveit_runtime:/home/jone/ws_moveit/install/moveit2_tutorials:/home/jone/ws_moveit/install/moveit:/home/jone/ws_moveit/install/moveit_planners:/home/jone/ws_moveit/install/pilz_industrial_motion_planner:/home/jone/ws_moveit/install/moveit_visual_tools:/home/jone/ws_moveit/install/moveit_task_constructor_visualization:/home/jone/ws_moveit/install/moveit_task_constructor_demo:/home/jone/ws_moveit/install/moveit_task_constructor_capabilities:/home/jone/ws_moveit/install/moveit_task_constructor_core:/home/jone/ws_moveit/install/moveit_ros_control_interface:/home/jone/ws_moveit/install/moveit_plugins:/home/jone/ws_moveit/install/moveit_simple_controller_manager:/home/jone/ws_moveit/install/moveit_setup_assistant:/home/jone/ws_moveit/install/moveit_setup_srdf_plugins:/home/jone/ws_moveit/install/moveit_setup_core_plugins:/home/jone/ws_moveit/install/moveit_setup_controllers:/home/jone/ws_moveit/install/moveit_setup_app_plugins:/home/jone/ws_moveit/install/moveit_setup_framework:/home/jone/ws_moveit/install/moveit_servo:/home/jone/ws_moveit/install/moveit_ros:/home/jone/ws_moveit/install/moveit_ros_visualization:/home/jone/ws_moveit/install/moveit_hybrid_planning:/home/jone/ws_moveit/install/moveit_ros_planning_interface:/home/jone/ws_moveit/install/moveit_ros_benchmarks:/home/jone/ws_moveit/install/moveit_ros_warehouse:/home/jone/ws_moveit/install/moveit_ros_robot_interaction:/home/jone/ws_moveit/install/moveit_ros_perception:/home/jone/ws_moveit/install/moveit_resources_prbt_pg70_support:/home/jone/ws_moveit/install/moveit_resources_prbt_moveit_config:/home/jone/ws_moveit/install/moveit_ros_move_group:/home/jone/ws_moveit/install/moveit_planners_ompl:/home/jone/ws_moveit/install/moveit_ros_planning:/home/jone/ws_moveit/install/moveit_ros_occupancy_map_monitor:/home/jone/ws_moveit/install/moveit_resources_prbt_ikfast_manipulator_plugin:/home/jone/ws_moveit/install/moveit_planners_chomp:/home/jone/ws_moveit/install/moveit_kinematics:/home/jone/ws_moveit/install/moveit_chomp_optimizer_adapter:/home/jone/ws_moveit/install/chomp_motion_planner:/home/jone/ws_moveit/install/moveit_core:/home/jone/ws_moveit/install/srdfdom:/home/jone/ws_moveit/install/rviz_marker_tools:/home/jone/ws_moveit/install/rosparam_shortcuts:/home/jone/ws_moveit/install/moveit_task_constructor_msgs:/home/jone/ws_moveit/install/moveit_resources_prbt_support:/home/jone/ws_moveit/install/moveit_resources:/home/jone/ws_moveit/install/moveit_resources_pr2_description:/home/jone/ws_moveit/install/moveit_resources_panda_moveit_config:/home/jone/ws_moveit/install/moveit_resources_panda_description:/home/jone/ws_moveit/install/moveit_resources_fanuc_moveit_config:/home/jone/ws_moveit/install/moveit_resources_fanuc_description:/home/jone/ws_moveit/install/moveit_common:/opt/ros/humble CMAKE_PREFIX_PATH=/home/jone/ws_moveit/install/moveit_ros_planning:/home/jone/ws_moveit/install/moveit_ros_occupancy_map_monitor:/home/jone/ws_moveit/install/moveit_core:/home/jone/ws_moveit/install/moveit_resources_panda_moveit_config:/home/jone/ws_moveit/install/moveit_resources_fanuc_moveit_config:/home/jone/ws_moveit/install/srdfdom:/home/jone/ws_moveit/install/moveit_resources_pr2_description:/home/jone/ws_moveit/install/moveit_resources_panda_description:/home/jone/ws_moveit/install/moveit_resources_fanuc_description:/home/jone/ws_moveit/install/moveit_common:/home/jone/ws_moveit/install/pilz_industrial_motion_planner_testutils:/home/jone/ws_moveit/install/moveit_runtime:/home/jone/ws_moveit/install/moveit2_tutorials:/home/jone/ws_moveit/install/moveit:/home/jone/ws_moveit/install/moveit_planners:/home/jone/ws_moveit/install/pilz_industrial_motion_planner:/home/jone/ws_moveit/install/moveit_visual_tools:/home/jone/ws_moveit/install/moveit_task_constructor_visualization:/home/jone/ws_moveit/install/moveit_task_constructor_demo:/home/jone/ws_moveit/install/moveit_task_constructor_capabilities:/home/jone/ws_moveit/install/moveit_task_constructor_core:/home/jone/ws_moveit/install/moveit_ros_control_interface:/home/jone/ws_moveit/install/moveit_plugins:/home/jone/ws_moveit/install/moveit_simple_controller_manager:/home/jone/ws_moveit/install/moveit_setup_assistant:/home/jone/ws_moveit/install/moveit_setup_srdf_plugins:/home/jone/ws_moveit/install/moveit_setup_core_plugins:/home/jone/ws_moveit/install/moveit_setup_controllers:/home/jone/ws_moveit/install/moveit_setup_app_plugins:/home/jone/ws_moveit/install/moveit_setup_framework:/home/jone/ws_moveit/install/moveit_servo:/home/jone/ws_moveit/install/moveit_ros:/home/jone/ws_moveit/install/moveit_ros_visualization:/home/jone/ws_moveit/install/moveit_hybrid_planning:/home/jone/ws_moveit/install/moveit_ros_planning_interface:/home/jone/ws_moveit/install/moveit_ros_benchmarks:/home/jone/ws_moveit/install/moveit_ros_warehouse:/home/jone/ws_moveit/install/moveit_ros_robot_interaction:/home/jone/ws_moveit/install/moveit_ros_perception:/home/jone/ws_moveit/install/moveit_resources_prbt_pg70_support:/home/jone/ws_moveit/install/moveit_resources_prbt_moveit_config:/home/jone/ws_moveit/install/moveit_ros_move_group:/home/jone/ws_moveit/install/moveit_planners_ompl:/home/jone/ws_moveit/install/moveit_resources_prbt_ikfast_manipulator_plugin:/home/jone/ws_moveit/install/moveit_planners_chomp:/home/jone/ws_moveit/install/moveit_kinematics:/home/jone/ws_moveit/install/moveit_chomp_optimizer_adapter:/home/jone/ws_moveit/install/chomp_motion_planner:/home/jone/ws_moveit/install/rviz_marker_tools:/home/jone/ws_moveit/install/rosparam_shortcuts:/home/jone/ws_moveit/install/moveit_task_constructor_msgs:/home/jone/ws_moveit/install/moveit_resources_prbt_support:/home/jone/ws_moveit/install/moveit_resources:/home/jone/ws_moveit/install/moveit_configs_utils:/home/jone/ws_moveit/install/launch_param_builder:/opt/ros/humble LD_LIBRARY_PATH=/home/jone/ws_moveit/install/moveit_ros_planning/lib:/home/jone/ws_moveit/install/moveit_ros_occupancy_map_monitor/lib:/home/jone/ws_moveit/install/moveit_core/lib:/home/jone/ws_moveit/install/srdfdom/lib:/home/jone/ws_moveit/install/pilz_industrial_motion_planner_testutils/lib:/home/jone/ws_moveit/install/pilz_industrial_motion_planner/lib:/home/jone/ws_moveit/install/moveit_visual_tools/lib:/home/jone/ws_moveit/install/moveit_task_constructor_visualization/lib:/home/jone/ws_moveit/install/moveit_task_constructor_demo/lib:/home/jone/ws_moveit/install/moveit_task_constructor_capabilities/lib:/home/jone/ws_moveit/install/moveit_task_constructor_core/lib:/home/jone/ws_moveit/install/moveit_ros_control_interface/lib:/home/jone/ws_moveit/install/moveit_simple_controller_manager/lib:/home/jone/ws_moveit/install/moveit_setup_assistant/lib:/home/jone/ws_moveit/install/moveit_setup_srdf_plugins/lib:/home/jone/ws_moveit/install/moveit_setup_core_plugins/lib:/home/jone/ws_moveit/install/moveit_setup_controllers/lib:/home/jone/ws_moveit/install/moveit_setup_app_plugins/lib:/home/jone/ws_moveit/install/moveit_setup_framework/lib:/home/jone/ws_moveit/install/moveit_servo/lib:/home/jone/ws_moveit/install/moveit_ros_visualization/lib:/home/jone/ws_moveit/install/moveit_hybrid_planning/lib:/home/jone/ws_moveit/install/moveit_ros_planning_interface/lib:/home/jone/ws_moveit/install/moveit_ros_benchmarks/lib:/home/jone/ws_moveit/install/moveit_ros_warehouse/lib:/home/jone/ws_moveit/install/moveit_ros_robot_interaction/lib:/home/jone/ws_moveit/install/moveit_ros_perception/lib:/home/jone/ws_moveit/install/moveit_ros_move_group/lib:/home/jone/ws_moveit/install/moveit_planners_ompl/lib:/home/jone/ws_moveit/install/moveit_resources_prbt_ikfast_manipulator_plugin/lib:/home/jone/ws_moveit/install/moveit_planners_chomp/lib:/home/jone/ws_moveit/install/moveit_kinematics/lib:/home/jone/ws_moveit/install/moveit_chomp_optimizer_adapter/lib:/home/jone/ws_moveit/install/chomp_motion_planner/lib:/home/jone/ws_moveit/install/rviz_marker_tools/lib:/home/jone/ws_moveit/install/rosparam_shortcuts/lib:/home/jone/ws_moveit/install/moveit_task_constructor_msgs/lib:/opt/ros/humble/opt/rviz_ogre_vendor/lib:/opt/ros/humble/lib/x86_64-linux-gnu:/opt/ros/humble/lib:/usr/lib/x86_64-linux-gnu/gazebo-11/plugins:/usr/lib/x86_64-linux-gnu/gazebo-11/plugins:/usr/lib/x86_64-linux-gnu/gazebo-11/plugins PYTHONPATH=/home/jone/ws_moveit/install/moveit_configs_utils/lib/python3.10/site-packages:/home/jone/ws_moveit/install/launch_param_builder/lib/python3.10/site-packages:/home/jone/ws_moveit/install/moveit_task_constructor_core/local/lib/python3.10/dist-packages:/home/jone/ws_moveit/install/srdfdom/local/lib/python3.10/dist-packages:/home/jone/ws_moveit/install/moveit_task_constructor_msgs/local/lib/python3.10/dist-packages:/opt/ros/humble/lib/python3.10/site-packages:/opt/ros/humble/local/lib/python3.10/dist-packages /usr/bin/cmake --install /home/jone/ws_moveit/build/moveit_kinematics
[12.668s] Level 1:colcon.colcon_core.environment:create_environment_scripts_only(moveit_kinematics)
[12.668s] Level 1:colcon.colcon_core.environment:checking '/home/jone/ws_moveit/install/moveit_kinematics' for CMake module files
[12.669s] DEBUG:colcon.colcon_core.event_handler.log_command:Invoked command in '/home/jone/ws_moveit/build/moveit_kinematics' returned '0': AMENT_PREFIX_PATH=/home/jone/ws_moveit/install/moveit_configs_utils:/home/jone/ws_moveit/install/launch_param_builder:/home/jone/ws_moveit/install/pilz_industrial_motion_planner_testutils:/home/jone/ws_moveit/install/moveit_runtime:/home/jone/ws_moveit/install/moveit2_tutorials:/home/jone/ws_moveit/install/moveit:/home/jone/ws_moveit/install/moveit_planners:/home/jone/ws_moveit/install/pilz_industrial_motion_planner:/home/jone/ws_moveit/install/moveit_visual_tools:/home/jone/ws_moveit/install/moveit_task_constructor_visualization:/home/jone/ws_moveit/install/moveit_task_constructor_demo:/home/jone/ws_moveit/install/moveit_task_constructor_capabilities:/home/jone/ws_moveit/install/moveit_task_constructor_core:/home/jone/ws_moveit/install/moveit_ros_control_interface:/home/jone/ws_moveit/install/moveit_plugins:/home/jone/ws_moveit/install/moveit_simple_controller_manager:/home/jone/ws_moveit/install/moveit_setup_assistant:/home/jone/ws_moveit/install/moveit_setup_srdf_plugins:/home/jone/ws_moveit/install/moveit_setup_core_plugins:/home/jone/ws_moveit/install/moveit_setup_controllers:/home/jone/ws_moveit/install/moveit_setup_app_plugins:/home/jone/ws_moveit/install/moveit_setup_framework:/home/jone/ws_moveit/install/moveit_servo:/home/jone/ws_moveit/install/moveit_ros:/home/jone/ws_moveit/install/moveit_ros_visualization:/home/jone/ws_moveit/install/moveit_hybrid_planning:/home/jone/ws_moveit/install/moveit_ros_planning_interface:/home/jone/ws_moveit/install/moveit_ros_benchmarks:/home/jone/ws_moveit/install/moveit_ros_warehouse:/home/jone/ws_moveit/install/moveit_ros_robot_interaction:/home/jone/ws_moveit/install/moveit_ros_perception:/home/jone/ws_moveit/install/moveit_resources_prbt_pg70_support:/home/jone/ws_moveit/install/moveit_resources_prbt_moveit_config:/home/jone/ws_moveit/install/moveit_ros_move_group:/home/jone/ws_moveit/install/moveit_planners_ompl:/home/jone/ws_moveit/install/moveit_ros_planning:/home/jone/ws_moveit/install/moveit_ros_occupancy_map_monitor:/home/jone/ws_moveit/install/moveit_resources_prbt_ikfast_manipulator_plugin:/home/jone/ws_moveit/install/moveit_planners_chomp:/home/jone/ws_moveit/install/moveit_kinematics:/home/jone/ws_moveit/install/moveit_chomp_optimizer_adapter:/home/jone/ws_moveit/install/chomp_motion_planner:/home/jone/ws_moveit/install/moveit_core:/home/jone/ws_moveit/install/srdfdom:/home/jone/ws_moveit/install/rviz_marker_tools:/home/jone/ws_moveit/install/rosparam_shortcuts:/home/jone/ws_moveit/install/moveit_task_constructor_msgs:/home/jone/ws_moveit/install/moveit_resources_prbt_support:/home/jone/ws_moveit/install/moveit_resources:/home/jone/ws_moveit/install/moveit_resources_pr2_description:/home/jone/ws_moveit/install/moveit_resources_panda_moveit_config:/home/jone/ws_moveit/install/moveit_resources_panda_description:/home/jone/ws_moveit/install/moveit_resources_fanuc_moveit_config:/home/jone/ws_moveit/install/moveit_resources_fanuc_description:/home/jone/ws_moveit/install/moveit_common:/opt/ros/humble CMAKE_PREFIX_PATH=/home/jone/ws_moveit/install/moveit_ros_planning:/home/jone/ws_moveit/install/moveit_ros_occupancy_map_monitor:/home/jone/ws_moveit/install/moveit_core:/home/jone/ws_moveit/install/moveit_resources_panda_moveit_config:/home/jone/ws_moveit/install/moveit_resources_fanuc_moveit_config:/home/jone/ws_moveit/install/srdfdom:/home/jone/ws_moveit/install/moveit_resources_pr2_description:/home/jone/ws_moveit/install/moveit_resources_panda_description:/home/jone/ws_moveit/install/moveit_resources_fanuc_description:/home/jone/ws_moveit/install/moveit_common:/home/jone/ws_moveit/install/pilz_industrial_motion_planner_testutils:/home/jone/ws_moveit/install/moveit_runtime:/home/jone/ws_moveit/install/moveit2_tutorials:/home/jone/ws_moveit/install/moveit:/home/jone/ws_moveit/install/moveit_planners:/home/jone/ws_moveit/install/pilz_industrial_motion_planner:/home/jone/ws_moveit/install/moveit_visual_tools:/home/jone/ws_moveit/install/moveit_task_constructor_visualization:/home/jone/ws_moveit/install/moveit_task_constructor_demo:/home/jone/ws_moveit/install/moveit_task_constructor_capabilities:/home/jone/ws_moveit/install/moveit_task_constructor_core:/home/jone/ws_moveit/install/moveit_ros_control_interface:/home/jone/ws_moveit/install/moveit_plugins:/home/jone/ws_moveit/install/moveit_simple_controller_manager:/home/jone/ws_moveit/install/moveit_setup_assistant:/home/jone/ws_moveit/install/moveit_setup_srdf_plugins:/home/jone/ws_moveit/install/moveit_setup_core_plugins:/home/jone/ws_moveit/install/moveit_setup_controllers:/home/jone/ws_moveit/install/moveit_setup_app_plugins:/home/jone/ws_moveit/install/moveit_setup_framework:/home/jone/ws_moveit/install/moveit_servo:/home/jone/ws_moveit/install/moveit_ros:/home/jone/ws_moveit/install/moveit_ros_visualization:/home/jone/ws_moveit/install/moveit_hybrid_planning:/home/jone/ws_moveit/install/moveit_ros_planning_interface:/home/jone/ws_moveit/install/moveit_ros_benchmarks:/home/jone/ws_moveit/install/moveit_ros_warehouse:/home/jone/ws_moveit/install/moveit_ros_robot_interaction:/home/jone/ws_moveit/install/moveit_ros_perception:/home/jone/ws_moveit/install/moveit_resources_prbt_pg70_support:/home/jone/ws_moveit/install/moveit_resources_prbt_moveit_config:/home/jone/ws_moveit/install/moveit_ros_move_group:/home/jone/ws_moveit/install/moveit_planners_ompl:/home/jone/ws_moveit/install/moveit_resources_prbt_ikfast_manipulator_plugin:/home/jone/ws_moveit/install/moveit_planners_chomp:/home/jone/ws_moveit/install/moveit_kinematics:/home/jone/ws_moveit/install/moveit_chomp_optimizer_adapter:/home/jone/ws_moveit/install/chomp_motion_planner:/home/jone/ws_moveit/install/rviz_marker_tools:/home/jone/ws_moveit/install/rosparam_shortcuts:/home/jone/ws_moveit/install/moveit_task_constructor_msgs:/home/jone/ws_moveit/install/moveit_resources_prbt_support:/home/jone/ws_moveit/install/moveit_resources:/home/jone/ws_moveit/install/moveit_configs_utils:/home/jone/ws_moveit/install/launch_param_builder:/opt/ros/humble LD_LIBRARY_PATH=/home/jone/ws_moveit/install/moveit_ros_planning/lib:/home/jone/ws_moveit/install/moveit_ros_occupancy_map_monitor/lib:/home/jone/ws_moveit/install/moveit_core/lib:/home/jone/ws_moveit/install/srdfdom/lib:/home/jone/ws_moveit/install/pilz_industrial_motion_planner_testutils/lib:/home/jone/ws_moveit/install/pilz_industrial_motion_planner/lib:/home/jone/ws_moveit/install/moveit_visual_tools/lib:/home/jone/ws_moveit/install/moveit_task_constructor_visualization/lib:/home/jone/ws_moveit/install/moveit_task_constructor_demo/lib:/home/jone/ws_moveit/install/moveit_task_constructor_capabilities/lib:/home/jone/ws_moveit/install/moveit_task_constructor_core/lib:/home/jone/ws_moveit/install/moveit_ros_control_interface/lib:/home/jone/ws_moveit/install/moveit_simple_controller_manager/lib:/home/jone/ws_moveit/install/moveit_setup_assistant/lib:/home/jone/ws_moveit/install/moveit_setup_srdf_plugins/lib:/home/jone/ws_moveit/install/moveit_setup_core_plugins/lib:/home/jone/ws_moveit/install/moveit_setup_controllers/lib:/home/jone/ws_moveit/install/moveit_setup_app_plugins/lib:/home/jone/ws_moveit/install/moveit_setup_framework/lib:/home/jone/ws_moveit/install/moveit_servo/lib:/home/jone/ws_moveit/install/moveit_ros_visualization/lib:/home/jone/ws_moveit/install/moveit_hybrid_planning/lib:/home/jone/ws_moveit/install/moveit_ros_planning_interface/lib:/home/jone/ws_moveit/install/moveit_ros_benchmarks/lib:/home/jone/ws_moveit/install/moveit_ros_warehouse/lib:/home/jone/ws_moveit/install/moveit_ros_robot_interaction/lib:/home/jone/ws_moveit/install/moveit_ros_perception/lib:/home/jone/ws_moveit/install/moveit_ros_move_group/lib:/home/jone/ws_moveit/install/moveit_planners_ompl/lib:/home/jone/ws_moveit/install/moveit_resources_prbt_ikfast_manipulator_plugin/lib:/home/jone/ws_moveit/install/moveit_planners_chomp/lib:/home/jone/ws_moveit/install/moveit_kinematics/lib:/home/jone/ws_moveit/install/moveit_chomp_optimizer_adapter/lib:/home/jone/ws_moveit/install/chomp_motion_planner/lib:/home/jone/ws_moveit/install/rviz_marker_tools/lib:/home/jone/ws_moveit/install/rosparam_shortcuts/lib:/home/jone/ws_moveit/install/moveit_task_constructor_msgs/lib:/opt/ros/humble/opt/rviz_ogre_vendor/lib:/opt/ros/humble/lib/x86_64-linux-gnu:/opt/ros/humble/lib:/usr/lib/x86_64-linux-gnu/gazebo-11/plugins:/usr/lib/x86_64-linux-gnu/gazebo-11/plugins:/usr/lib/x86_64-linux-gnu/gazebo-11/plugins PYTHONPATH=/home/jone/ws_moveit/install/moveit_configs_utils/lib/python3.10/site-packages:/home/jone/ws_moveit/install/launch_param_builder/lib/python3.10/site-packages:/home/jone/ws_moveit/install/moveit_task_constructor_core/local/lib/python3.10/dist-packages:/home/jone/ws_moveit/install/srdfdom/local/lib/python3.10/dist-packages:/home/jone/ws_moveit/install/moveit_task_constructor_msgs/local/lib/python3.10/dist-packages:/opt/ros/humble/lib/python3.10/site-packages:/opt/ros/humble/local/lib/python3.10/dist-packages /usr/bin/cmake --install /home/jone/ws_moveit/build/moveit_kinematics
[12.669s] Level 1:colcon.colcon_core.environment:checking '/home/jone/ws_moveit/install/moveit_kinematics' for CMake config files
[12.671s] Level 1:colcon.colcon_core.shell:create_environment_hook('moveit_kinematics', 'cmake_prefix_path')
[12.671s] INFO:colcon.colcon_core.shell:Creating environment hook '/home/jone/ws_moveit/install/moveit_kinematics/share/moveit_kinematics/hook/cmake_prefix_path.ps1'
[12.671s] INFO:colcon.colcon_core.shell:Creating environment descriptor '/home/jone/ws_moveit/install/moveit_kinematics/share/moveit_kinematics/hook/cmake_prefix_path.dsv'
[12.671s] INFO:colcon.colcon_core.shell:Creating environment hook '/home/jone/ws_moveit/install/moveit_kinematics/share/moveit_kinematics/hook/cmake_prefix_path.sh'
[12.672s] Level 1:colcon.colcon_core.environment:checking '/home/jone/ws_moveit/install/moveit_kinematics/lib'
[12.672s] Level 1:colcon.colcon_core.shell:create_environment_hook('moveit_kinematics', 'ld_library_path_lib')
[12.672s] INFO:colcon.colcon_core.shell:Creating environment hook '/home/jone/ws_moveit/install/moveit_kinematics/share/moveit_kinematics/hook/ld_library_path_lib.ps1'
[12.672s] INFO:colcon.colcon_core.shell:Creating environment descriptor '/home/jone/ws_moveit/install/moveit_kinematics/share/moveit_kinematics/hook/ld_library_path_lib.dsv'
[12.673s] INFO:colcon.colcon_core.shell:Creating environment hook '/home/jone/ws_moveit/install/moveit_kinematics/share/moveit_kinematics/hook/ld_library_path_lib.sh'
[12.673s] Level 1:colcon.colcon_core.environment:checking '/home/jone/ws_moveit/install/moveit_kinematics/bin'
[12.673s] Level 1:colcon.colcon_core.environment:checking '/home/jone/ws_moveit/install/moveit_kinematics/lib/pkgconfig/moveit_kinematics.pc'
[12.673s] Level 1:colcon.colcon_core.environment:checking '/home/jone/ws_moveit/install/moveit_kinematics/lib/python3.10/site-packages'
[12.673s] Level 1:colcon.colcon_core.environment:checking '/home/jone/ws_moveit/install/moveit_kinematics/bin'
[12.674s] INFO:colcon.colcon_core.shell:Creating package script '/home/jone/ws_moveit/install/moveit_kinematics/share/moveit_kinematics/package.ps1'
[12.674s] INFO:colcon.colcon_core.shell:Creating package descriptor '/home/jone/ws_moveit/install/moveit_kinematics/share/moveit_kinematics/package.dsv'
[12.674s] INFO:colcon.colcon_core.shell:Creating package script '/home/jone/ws_moveit/install/moveit_kinematics/share/moveit_kinematics/package.sh'
[12.674s] INFO:colcon.colcon_core.shell:Creating package script '/home/jone/ws_moveit/install/moveit_kinematics/share/moveit_kinematics/package.bash'
[12.675s] INFO:colcon.colcon_core.shell:Creating package script '/home/jone/ws_moveit/install/moveit_kinematics/share/moveit_kinematics/package.zsh'
[12.675s] Level 1:colcon.colcon_core.environment:create_file_with_runtime_dependencies(/home/jone/ws_moveit/install/moveit_kinematics/share/colcon-core/packages/moveit_kinematics)
[12.675s] Level 1:colcon.colcon_core.environment:create_environment_scripts_only(moveit_kinematics)
[12.676s] Level 1:colcon.colcon_core.environment:checking '/home/jone/ws_moveit/install/moveit_kinematics' for CMake module files
[12.676s] Level 1:colcon.colcon_core.environment:checking '/home/jone/ws_moveit/install/moveit_kinematics' for CMake config files
[12.676s] Level 1:colcon.colcon_core.shell:create_environment_hook('moveit_kinematics', 'cmake_prefix_path')
[12.676s] INFO:colcon.colcon_core.shell:Creating environment hook '/home/jone/ws_moveit/install/moveit_kinematics/share/moveit_kinematics/hook/cmake_prefix_path.ps1'
[12.677s] INFO:colcon.colcon_core.shell:Creating environment descriptor '/home/jone/ws_moveit/install/moveit_kinematics/share/moveit_kinematics/hook/cmake_prefix_path.dsv'
[12.677s] INFO:colcon.colcon_core.shell:Creating environment hook '/home/jone/ws_moveit/install/moveit_kinematics/share/moveit_kinematics/hook/cmake_prefix_path.sh'
[12.677s] Level 1:colcon.colcon_core.environment:checking '/home/jone/ws_moveit/install/moveit_kinematics/lib'
[12.677s] Level 1:colcon.colcon_core.shell:create_environment_hook('moveit_kinematics', 'ld_library_path_lib')
[12.677s] INFO:colcon.colcon_core.shell:Creating environment hook '/home/jone/ws_moveit/install/moveit_kinematics/share/moveit_kinematics/hook/ld_library_path_lib.ps1'
[12.678s] INFO:colcon.colcon_core.shell:Creating environment descriptor '/home/jone/ws_moveit/install/moveit_kinematics/share/moveit_kinematics/hook/ld_library_path_lib.dsv'
[12.678s] INFO:colcon.colcon_core.shell:Creating environment hook '/home/jone/ws_moveit/install/moveit_kinematics/share/moveit_kinematics/hook/ld_library_path_lib.sh'
[12.678s] Level 1:colcon.colcon_core.environment:checking '/home/jone/ws_moveit/install/moveit_kinematics/bin'
[12.678s] Level 1:colcon.colcon_core.environment:checking '/home/jone/ws_moveit/install/moveit_kinematics/lib/pkgconfig/moveit_kinematics.pc'
[12.678s] Level 1:colcon.colcon_core.environment:checking '/home/jone/ws_moveit/install/moveit_kinematics/lib/python3.10/site-packages'
[12.679s] Level 1:colcon.colcon_core.environment:checking '/home/jone/ws_moveit/install/moveit_kinematics/bin'
[12.679s] INFO:colcon.colcon_core.shell:Creating package script '/home/jone/ws_moveit/install/moveit_kinematics/share/moveit_kinematics/package.ps1'
[12.679s] INFO:colcon.colcon_core.shell:Creating package descriptor '/home/jone/ws_moveit/install/moveit_kinematics/share/moveit_kinematics/package.dsv'
[12.679s] INFO:colcon.colcon_core.shell:Creating package script '/home/jone/ws_moveit/install/moveit_kinematics/share/moveit_kinematics/package.sh'
[12.680s] INFO:colcon.colcon_core.shell:Creating package script '/home/jone/ws_moveit/install/moveit_kinematics/share/moveit_kinematics/package.bash'
[12.680s] INFO:colcon.colcon_core.shell:Creating package script '/home/jone/ws_moveit/install/moveit_kinematics/share/moveit_kinematics/package.zsh'
[12.680s] Level 1:colcon.colcon_core.environment:create_file_with_runtime_dependencies(/home/jone/ws_moveit/install/moveit_kinematics/share/colcon-core/packages/moveit_kinematics)
[12.680s] DEBUG:colcon.colcon_core.executor.sequential:run_until_complete 'moveit_kinematics' finished with '0'
[12.680s] DEBUG:colcon.colcon_core.executor.sequential:run_until_complete 'moveit_planners_ompl'
[12.681s] INFO:colcon.colcon_ros.task.ament_cmake.build:Building ROS package in '/home/jone/ws_moveit/src/moveit2/moveit_planners/ompl' with build type 'ament_cmake'
[12.681s] INFO:colcon.colcon_cmake.task.cmake.build:Building CMake package in '/home/jone/ws_moveit/src/moveit2/moveit_planners/ompl'
[12.681s] INFO:colcon.colcon_core.shell:Skip shell extension 'powershell' for command environment: Not usable outside of PowerShell
[12.681s] DEBUG:colcon.colcon_core.shell:Skip shell extension 'dsv' for command environment
[12.715s] DEBUG:colcon.colcon_core.event_handler.log_command:Invoking command in '/home/jone/ws_moveit/build/moveit_planners_ompl': AMENT_PREFIX_PATH=/home/jone/ws_moveit/install/moveit_configs_utils:/home/jone/ws_moveit/install/launch_param_builder:/home/jone/ws_moveit/install/pilz_industrial_motion_planner_testutils:/home/jone/ws_moveit/install/moveit_runtime:/home/jone/ws_moveit/install/moveit2_tutorials:/home/jone/ws_moveit/install/moveit:/home/jone/ws_moveit/install/moveit_planners:/home/jone/ws_moveit/install/pilz_industrial_motion_planner:/home/jone/ws_moveit/install/moveit_visual_tools:/home/jone/ws_moveit/install/moveit_task_constructor_visualization:/home/jone/ws_moveit/install/moveit_task_constructor_demo:/home/jone/ws_moveit/install/moveit_task_constructor_capabilities:/home/jone/ws_moveit/install/moveit_task_constructor_core:/home/jone/ws_moveit/install/moveit_ros_control_interface:/home/jone/ws_moveit/install/moveit_plugins:/home/jone/ws_moveit/install/moveit_simple_controller_manager:/home/jone/ws_moveit/install/moveit_setup_assistant:/home/jone/ws_moveit/install/moveit_setup_srdf_plugins:/home/jone/ws_moveit/install/moveit_setup_core_plugins:/home/jone/ws_moveit/install/moveit_setup_controllers:/home/jone/ws_moveit/install/moveit_setup_app_plugins:/home/jone/ws_moveit/install/moveit_setup_framework:/home/jone/ws_moveit/install/moveit_servo:/home/jone/ws_moveit/install/moveit_ros:/home/jone/ws_moveit/install/moveit_ros_visualization:/home/jone/ws_moveit/install/moveit_hybrid_planning:/home/jone/ws_moveit/install/moveit_ros_planning_interface:/home/jone/ws_moveit/install/moveit_ros_benchmarks:/home/jone/ws_moveit/install/moveit_ros_warehouse:/home/jone/ws_moveit/install/moveit_ros_robot_interaction:/home/jone/ws_moveit/install/moveit_ros_perception:/home/jone/ws_moveit/install/moveit_resources_prbt_pg70_support:/home/jone/ws_moveit/install/moveit_resources_prbt_moveit_config:/home/jone/ws_moveit/install/moveit_ros_move_group:/home/jone/ws_moveit/install/moveit_planners_ompl:/home/jone/ws_moveit/install/moveit_ros_planning:/home/jone/ws_moveit/install/moveit_ros_occupancy_map_monitor:/home/jone/ws_moveit/install/moveit_resources_prbt_ikfast_manipulator_plugin:/home/jone/ws_moveit/install/moveit_planners_chomp:/home/jone/ws_moveit/install/moveit_kinematics:/home/jone/ws_moveit/install/moveit_chomp_optimizer_adapter:/home/jone/ws_moveit/install/chomp_motion_planner:/home/jone/ws_moveit/install/moveit_core:/home/jone/ws_moveit/install/srdfdom:/home/jone/ws_moveit/install/rviz_marker_tools:/home/jone/ws_moveit/install/rosparam_shortcuts:/home/jone/ws_moveit/install/moveit_task_constructor_msgs:/home/jone/ws_moveit/install/moveit_resources_prbt_support:/home/jone/ws_moveit/install/moveit_resources:/home/jone/ws_moveit/install/moveit_resources_pr2_description:/home/jone/ws_moveit/install/moveit_resources_panda_moveit_config:/home/jone/ws_moveit/install/moveit_resources_panda_description:/home/jone/ws_moveit/install/moveit_resources_fanuc_moveit_config:/home/jone/ws_moveit/install/moveit_resources_fanuc_description:/home/jone/ws_moveit/install/moveit_common:/opt/ros/humble CMAKE_PREFIX_PATH=/home/jone/ws_moveit/install/moveit_ros_planning:/home/jone/ws_moveit/install/moveit_ros_occupancy_map_monitor:/home/jone/ws_moveit/install/moveit_core:/home/jone/ws_moveit/install/moveit_resources_panda_moveit_config:/home/jone/ws_moveit/install/moveit_resources_fanuc_moveit_config:/home/jone/ws_moveit/install/srdfdom:/home/jone/ws_moveit/install/moveit_resources_pr2_description:/home/jone/ws_moveit/install/moveit_resources_panda_description:/home/jone/ws_moveit/install/moveit_resources_fanuc_description:/home/jone/ws_moveit/install/moveit_common:/home/jone/ws_moveit/install/pilz_industrial_motion_planner_testutils:/home/jone/ws_moveit/install/moveit_runtime:/home/jone/ws_moveit/install/moveit2_tutorials:/home/jone/ws_moveit/install/moveit:/home/jone/ws_moveit/install/moveit_planners:/home/jone/ws_moveit/install/pilz_industrial_motion_planner:/home/jone/ws_moveit/install/moveit_visual_tools:/home/jone/ws_moveit/install/moveit_task_constructor_visualization:/home/jone/ws_moveit/install/moveit_task_constructor_demo:/home/jone/ws_moveit/install/moveit_task_constructor_capabilities:/home/jone/ws_moveit/install/moveit_task_constructor_core:/home/jone/ws_moveit/install/moveit_ros_control_interface:/home/jone/ws_moveit/install/moveit_plugins:/home/jone/ws_moveit/install/moveit_simple_controller_manager:/home/jone/ws_moveit/install/moveit_setup_assistant:/home/jone/ws_moveit/install/moveit_setup_srdf_plugins:/home/jone/ws_moveit/install/moveit_setup_core_plugins:/home/jone/ws_moveit/install/moveit_setup_controllers:/home/jone/ws_moveit/install/moveit_setup_app_plugins:/home/jone/ws_moveit/install/moveit_setup_framework:/home/jone/ws_moveit/install/moveit_servo:/home/jone/ws_moveit/install/moveit_ros:/home/jone/ws_moveit/install/moveit_ros_visualization:/home/jone/ws_moveit/install/moveit_hybrid_planning:/home/jone/ws_moveit/install/moveit_ros_planning_interface:/home/jone/ws_moveit/install/moveit_ros_benchmarks:/home/jone/ws_moveit/install/moveit_ros_warehouse:/home/jone/ws_moveit/install/moveit_ros_robot_interaction:/home/jone/ws_moveit/install/moveit_ros_perception:/home/jone/ws_moveit/install/moveit_resources_prbt_pg70_support:/home/jone/ws_moveit/install/moveit_resources_prbt_moveit_config:/home/jone/ws_moveit/install/moveit_ros_move_group:/home/jone/ws_moveit/install/moveit_planners_ompl:/home/jone/ws_moveit/install/moveit_resources_prbt_ikfast_manipulator_plugin:/home/jone/ws_moveit/install/moveit_planners_chomp:/home/jone/ws_moveit/install/moveit_kinematics:/home/jone/ws_moveit/install/moveit_chomp_optimizer_adapter:/home/jone/ws_moveit/install/chomp_motion_planner:/home/jone/ws_moveit/install/rviz_marker_tools:/home/jone/ws_moveit/install/rosparam_shortcuts:/home/jone/ws_moveit/install/moveit_task_constructor_msgs:/home/jone/ws_moveit/install/moveit_resources_prbt_support:/home/jone/ws_moveit/install/moveit_resources:/home/jone/ws_moveit/install/moveit_configs_utils:/home/jone/ws_moveit/install/launch_param_builder:/opt/ros/humble LD_LIBRARY_PATH=/home/jone/ws_moveit/install/moveit_ros_planning/lib:/home/jone/ws_moveit/install/moveit_ros_occupancy_map_monitor/lib:/home/jone/ws_moveit/install/moveit_core/lib:/home/jone/ws_moveit/install/srdfdom/lib:/home/jone/ws_moveit/install/pilz_industrial_motion_planner_testutils/lib:/home/jone/ws_moveit/install/pilz_industrial_motion_planner/lib:/home/jone/ws_moveit/install/moveit_visual_tools/lib:/home/jone/ws_moveit/install/moveit_task_constructor_visualization/lib:/home/jone/ws_moveit/install/moveit_task_constructor_demo/lib:/home/jone/ws_moveit/install/moveit_task_constructor_capabilities/lib:/home/jone/ws_moveit/install/moveit_task_constructor_core/lib:/home/jone/ws_moveit/install/moveit_ros_control_interface/lib:/home/jone/ws_moveit/install/moveit_simple_controller_manager/lib:/home/jone/ws_moveit/install/moveit_setup_assistant/lib:/home/jone/ws_moveit/install/moveit_setup_srdf_plugins/lib:/home/jone/ws_moveit/install/moveit_setup_core_plugins/lib:/home/jone/ws_moveit/install/moveit_setup_controllers/lib:/home/jone/ws_moveit/install/moveit_setup_app_plugins/lib:/home/jone/ws_moveit/install/moveit_setup_framework/lib:/home/jone/ws_moveit/install/moveit_servo/lib:/home/jone/ws_moveit/install/moveit_ros_visualization/lib:/home/jone/ws_moveit/install/moveit_hybrid_planning/lib:/home/jone/ws_moveit/install/moveit_ros_planning_interface/lib:/home/jone/ws_moveit/install/moveit_ros_benchmarks/lib:/home/jone/ws_moveit/install/moveit_ros_warehouse/lib:/home/jone/ws_moveit/install/moveit_ros_robot_interaction/lib:/home/jone/ws_moveit/install/moveit_ros_perception/lib:/home/jone/ws_moveit/install/moveit_ros_move_group/lib:/home/jone/ws_moveit/install/moveit_planners_ompl/lib:/home/jone/ws_moveit/install/moveit_resources_prbt_ikfast_manipulator_plugin/lib:/home/jone/ws_moveit/install/moveit_planners_chomp/lib:/home/jone/ws_moveit/install/moveit_kinematics/lib:/home/jone/ws_moveit/install/moveit_chomp_optimizer_adapter/lib:/home/jone/ws_moveit/install/chomp_motion_planner/lib:/home/jone/ws_moveit/install/rviz_marker_tools/lib:/home/jone/ws_moveit/install/rosparam_shortcuts/lib:/home/jone/ws_moveit/install/moveit_task_constructor_msgs/lib:/opt/ros/humble/opt/rviz_ogre_vendor/lib:/opt/ros/humble/lib/x86_64-linux-gnu:/opt/ros/humble/lib:/usr/lib/x86_64-linux-gnu/gazebo-11/plugins:/usr/lib/x86_64-linux-gnu/gazebo-11/plugins:/usr/lib/x86_64-linux-gnu/gazebo-11/plugins PYTHONPATH=/home/jone/ws_moveit/install/moveit_configs_utils/lib/python3.10/site-packages:/home/jone/ws_moveit/install/launch_param_builder/lib/python3.10/site-packages:/home/jone/ws_moveit/install/moveit_task_constructor_core/local/lib/python3.10/dist-packages:/home/jone/ws_moveit/install/srdfdom/local/lib/python3.10/dist-packages:/home/jone/ws_moveit/install/moveit_task_constructor_msgs/local/lib/python3.10/dist-packages:/opt/ros/humble/lib/python3.10/site-packages:/opt/ros/humble/local/lib/python3.10/dist-packages /usr/bin/cmake --build /home/jone/ws_moveit/build/moveit_planners_ompl
[185.556s] DEBUG:colcon.colcon_core.event_handler.log_command:Invoked command in '/home/jone/ws_moveit/build/moveit_planners_ompl' returned '0': AMENT_PREFIX_PATH=/home/jone/ws_moveit/install/moveit_configs_utils:/home/jone/ws_moveit/install/launch_param_builder:/home/jone/ws_moveit/install/pilz_industrial_motion_planner_testutils:/home/jone/ws_moveit/install/moveit_runtime:/home/jone/ws_moveit/install/moveit2_tutorials:/home/jone/ws_moveit/install/moveit:/home/jone/ws_moveit/install/moveit_planners:/home/jone/ws_moveit/install/pilz_industrial_motion_planner:/home/jone/ws_moveit/install/moveit_visual_tools:/home/jone/ws_moveit/install/moveit_task_constructor_visualization:/home/jone/ws_moveit/install/moveit_task_constructor_demo:/home/jone/ws_moveit/install/moveit_task_constructor_capabilities:/home/jone/ws_moveit/install/moveit_task_constructor_core:/home/jone/ws_moveit/install/moveit_ros_control_interface:/home/jone/ws_moveit/install/moveit_plugins:/home/jone/ws_moveit/install/moveit_simple_controller_manager:/home/jone/ws_moveit/install/moveit_setup_assistant:/home/jone/ws_moveit/install/moveit_setup_srdf_plugins:/home/jone/ws_moveit/install/moveit_setup_core_plugins:/home/jone/ws_moveit/install/moveit_setup_controllers:/home/jone/ws_moveit/install/moveit_setup_app_plugins:/home/jone/ws_moveit/install/moveit_setup_framework:/home/jone/ws_moveit/install/moveit_servo:/home/jone/ws_moveit/install/moveit_ros:/home/jone/ws_moveit/install/moveit_ros_visualization:/home/jone/ws_moveit/install/moveit_hybrid_planning:/home/jone/ws_moveit/install/moveit_ros_planning_interface:/home/jone/ws_moveit/install/moveit_ros_benchmarks:/home/jone/ws_moveit/install/moveit_ros_warehouse:/home/jone/ws_moveit/install/moveit_ros_robot_interaction:/home/jone/ws_moveit/install/moveit_ros_perception:/home/jone/ws_moveit/install/moveit_resources_prbt_pg70_support:/home/jone/ws_moveit/install/moveit_resources_prbt_moveit_config:/home/jone/ws_moveit/install/moveit_ros_move_group:/home/jone/ws_moveit/install/moveit_planners_ompl:/home/jone/ws_moveit/install/moveit_ros_planning:/home/jone/ws_moveit/install/moveit_ros_occupancy_map_monitor:/home/jone/ws_moveit/install/moveit_resources_prbt_ikfast_manipulator_plugin:/home/jone/ws_moveit/install/moveit_planners_chomp:/home/jone/ws_moveit/install/moveit_kinematics:/home/jone/ws_moveit/install/moveit_chomp_optimizer_adapter:/home/jone/ws_moveit/install/chomp_motion_planner:/home/jone/ws_moveit/install/moveit_core:/home/jone/ws_moveit/install/srdfdom:/home/jone/ws_moveit/install/rviz_marker_tools:/home/jone/ws_moveit/install/rosparam_shortcuts:/home/jone/ws_moveit/install/moveit_task_constructor_msgs:/home/jone/ws_moveit/install/moveit_resources_prbt_support:/home/jone/ws_moveit/install/moveit_resources:/home/jone/ws_moveit/install/moveit_resources_pr2_description:/home/jone/ws_moveit/install/moveit_resources_panda_moveit_config:/home/jone/ws_moveit/install/moveit_resources_panda_description:/home/jone/ws_moveit/install/moveit_resources_fanuc_moveit_config:/home/jone/ws_moveit/install/moveit_resources_fanuc_description:/home/jone/ws_moveit/install/moveit_common:/opt/ros/humble CMAKE_PREFIX_PATH=/home/jone/ws_moveit/install/moveit_ros_planning:/home/jone/ws_moveit/install/moveit_ros_occupancy_map_monitor:/home/jone/ws_moveit/install/moveit_core:/home/jone/ws_moveit/install/moveit_resources_panda_moveit_config:/home/jone/ws_moveit/install/moveit_resources_fanuc_moveit_config:/home/jone/ws_moveit/install/srdfdom:/home/jone/ws_moveit/install/moveit_resources_pr2_description:/home/jone/ws_moveit/install/moveit_resources_panda_description:/home/jone/ws_moveit/install/moveit_resources_fanuc_description:/home/jone/ws_moveit/install/moveit_common:/home/jone/ws_moveit/install/pilz_industrial_motion_planner_testutils:/home/jone/ws_moveit/install/moveit_runtime:/home/jone/ws_moveit/install/moveit2_tutorials:/home/jone/ws_moveit/install/moveit:/home/jone/ws_moveit/install/moveit_planners:/home/jone/ws_moveit/install/pilz_industrial_motion_planner:/home/jone/ws_moveit/install/moveit_visual_tools:/home/jone/ws_moveit/install/moveit_task_constructor_visualization:/home/jone/ws_moveit/install/moveit_task_constructor_demo:/home/jone/ws_moveit/install/moveit_task_constructor_capabilities:/home/jone/ws_moveit/install/moveit_task_constructor_core:/home/jone/ws_moveit/install/moveit_ros_control_interface:/home/jone/ws_moveit/install/moveit_plugins:/home/jone/ws_moveit/install/moveit_simple_controller_manager:/home/jone/ws_moveit/install/moveit_setup_assistant:/home/jone/ws_moveit/install/moveit_setup_srdf_plugins:/home/jone/ws_moveit/install/moveit_setup_core_plugins:/home/jone/ws_moveit/install/moveit_setup_controllers:/home/jone/ws_moveit/install/moveit_setup_app_plugins:/home/jone/ws_moveit/install/moveit_setup_framework:/home/jone/ws_moveit/install/moveit_servo:/home/jone/ws_moveit/install/moveit_ros:/home/jone/ws_moveit/install/moveit_ros_visualization:/home/jone/ws_moveit/install/moveit_hybrid_planning:/home/jone/ws_moveit/install/moveit_ros_planning_interface:/home/jone/ws_moveit/install/moveit_ros_benchmarks:/home/jone/ws_moveit/install/moveit_ros_warehouse:/home/jone/ws_moveit/install/moveit_ros_robot_interaction:/home/jone/ws_moveit/install/moveit_ros_perception:/home/jone/ws_moveit/install/moveit_resources_prbt_pg70_support:/home/jone/ws_moveit/install/moveit_resources_prbt_moveit_config:/home/jone/ws_moveit/install/moveit_ros_move_group:/home/jone/ws_moveit/install/moveit_planners_ompl:/home/jone/ws_moveit/install/moveit_resources_prbt_ikfast_manipulator_plugin:/home/jone/ws_moveit/install/moveit_planners_chomp:/home/jone/ws_moveit/install/moveit_kinematics:/home/jone/ws_moveit/install/moveit_chomp_optimizer_adapter:/home/jone/ws_moveit/install/chomp_motion_planner:/home/jone/ws_moveit/install/rviz_marker_tools:/home/jone/ws_moveit/install/rosparam_shortcuts:/home/jone/ws_moveit/install/moveit_task_constructor_msgs:/home/jone/ws_moveit/install/moveit_resources_prbt_support:/home/jone/ws_moveit/install/moveit_resources:/home/jone/ws_moveit/install/moveit_configs_utils:/home/jone/ws_moveit/install/launch_param_builder:/opt/ros/humble LD_LIBRARY_PATH=/home/jone/ws_moveit/install/moveit_ros_planning/lib:/home/jone/ws_moveit/install/moveit_ros_occupancy_map_monitor/lib:/home/jone/ws_moveit/install/moveit_core/lib:/home/jone/ws_moveit/install/srdfdom/lib:/home/jone/ws_moveit/install/pilz_industrial_motion_planner_testutils/lib:/home/jone/ws_moveit/install/pilz_industrial_motion_planner/lib:/home/jone/ws_moveit/install/moveit_visual_tools/lib:/home/jone/ws_moveit/install/moveit_task_constructor_visualization/lib:/home/jone/ws_moveit/install/moveit_task_constructor_demo/lib:/home/jone/ws_moveit/install/moveit_task_constructor_capabilities/lib:/home/jone/ws_moveit/install/moveit_task_constructor_core/lib:/home/jone/ws_moveit/install/moveit_ros_control_interface/lib:/home/jone/ws_moveit/install/moveit_simple_controller_manager/lib:/home/jone/ws_moveit/install/moveit_setup_assistant/lib:/home/jone/ws_moveit/install/moveit_setup_srdf_plugins/lib:/home/jone/ws_moveit/install/moveit_setup_core_plugins/lib:/home/jone/ws_moveit/install/moveit_setup_controllers/lib:/home/jone/ws_moveit/install/moveit_setup_app_plugins/lib:/home/jone/ws_moveit/install/moveit_setup_framework/lib:/home/jone/ws_moveit/install/moveit_servo/lib:/home/jone/ws_moveit/install/moveit_ros_visualization/lib:/home/jone/ws_moveit/install/moveit_hybrid_planning/lib:/home/jone/ws_moveit/install/moveit_ros_planning_interface/lib:/home/jone/ws_moveit/install/moveit_ros_benchmarks/lib:/home/jone/ws_moveit/install/moveit_ros_warehouse/lib:/home/jone/ws_moveit/install/moveit_ros_robot_interaction/lib:/home/jone/ws_moveit/install/moveit_ros_perception/lib:/home/jone/ws_moveit/install/moveit_ros_move_group/lib:/home/jone/ws_moveit/install/moveit_planners_ompl/lib:/home/jone/ws_moveit/install/moveit_resources_prbt_ikfast_manipulator_plugin/lib:/home/jone/ws_moveit/install/moveit_planners_chomp/lib:/home/jone/ws_moveit/install/moveit_kinematics/lib:/home/jone/ws_moveit/install/moveit_chomp_optimizer_adapter/lib:/home/jone/ws_moveit/install/chomp_motion_planner/lib:/home/jone/ws_moveit/install/rviz_marker_tools/lib:/home/jone/ws_moveit/install/rosparam_shortcuts/lib:/home/jone/ws_moveit/install/moveit_task_constructor_msgs/lib:/opt/ros/humble/opt/rviz_ogre_vendor/lib:/opt/ros/humble/lib/x86_64-linux-gnu:/opt/ros/humble/lib:/usr/lib/x86_64-linux-gnu/gazebo-11/plugins:/usr/lib/x86_64-linux-gnu/gazebo-11/plugins:/usr/lib/x86_64-linux-gnu/gazebo-11/plugins PYTHONPATH=/home/jone/ws_moveit/install/moveit_configs_utils/lib/python3.10/site-packages:/home/jone/ws_moveit/install/launch_param_builder/lib/python3.10/site-packages:/home/jone/ws_moveit/install/moveit_task_constructor_core/local/lib/python3.10/dist-packages:/home/jone/ws_moveit/install/srdfdom/local/lib/python3.10/dist-packages:/home/jone/ws_moveit/install/moveit_task_constructor_msgs/local/lib/python3.10/dist-packages:/opt/ros/humble/lib/python3.10/site-packages:/opt/ros/humble/local/lib/python3.10/dist-packages /usr/bin/cmake --build /home/jone/ws_moveit/build/moveit_planners_ompl
[185.557s] DEBUG:colcon.colcon_core.event_handler.log_command:Invoking command in '/home/jone/ws_moveit/build/moveit_planners_ompl': AMENT_PREFIX_PATH=/home/jone/ws_moveit/install/moveit_configs_utils:/home/jone/ws_moveit/install/launch_param_builder:/home/jone/ws_moveit/install/pilz_industrial_motion_planner_testutils:/home/jone/ws_moveit/install/moveit_runtime:/home/jone/ws_moveit/install/moveit2_tutorials:/home/jone/ws_moveit/install/moveit:/home/jone/ws_moveit/install/moveit_planners:/home/jone/ws_moveit/install/pilz_industrial_motion_planner:/home/jone/ws_moveit/install/moveit_visual_tools:/home/jone/ws_moveit/install/moveit_task_constructor_visualization:/home/jone/ws_moveit/install/moveit_task_constructor_demo:/home/jone/ws_moveit/install/moveit_task_constructor_capabilities:/home/jone/ws_moveit/install/moveit_task_constructor_core:/home/jone/ws_moveit/install/moveit_ros_control_interface:/home/jone/ws_moveit/install/moveit_plugins:/home/jone/ws_moveit/install/moveit_simple_controller_manager:/home/jone/ws_moveit/install/moveit_setup_assistant:/home/jone/ws_moveit/install/moveit_setup_srdf_plugins:/home/jone/ws_moveit/install/moveit_setup_core_plugins:/home/jone/ws_moveit/install/moveit_setup_controllers:/home/jone/ws_moveit/install/moveit_setup_app_plugins:/home/jone/ws_moveit/install/moveit_setup_framework:/home/jone/ws_moveit/install/moveit_servo:/home/jone/ws_moveit/install/moveit_ros:/home/jone/ws_moveit/install/moveit_ros_visualization:/home/jone/ws_moveit/install/moveit_hybrid_planning:/home/jone/ws_moveit/install/moveit_ros_planning_interface:/home/jone/ws_moveit/install/moveit_ros_benchmarks:/home/jone/ws_moveit/install/moveit_ros_warehouse:/home/jone/ws_moveit/install/moveit_ros_robot_interaction:/home/jone/ws_moveit/install/moveit_ros_perception:/home/jone/ws_moveit/install/moveit_resources_prbt_pg70_support:/home/jone/ws_moveit/install/moveit_resources_prbt_moveit_config:/home/jone/ws_moveit/install/moveit_ros_move_group:/home/jone/ws_moveit/install/moveit_planners_ompl:/home/jone/ws_moveit/install/moveit_ros_planning:/home/jone/ws_moveit/install/moveit_ros_occupancy_map_monitor:/home/jone/ws_moveit/install/moveit_resources_prbt_ikfast_manipulator_plugin:/home/jone/ws_moveit/install/moveit_planners_chomp:/home/jone/ws_moveit/install/moveit_kinematics:/home/jone/ws_moveit/install/moveit_chomp_optimizer_adapter:/home/jone/ws_moveit/install/chomp_motion_planner:/home/jone/ws_moveit/install/moveit_core:/home/jone/ws_moveit/install/srdfdom:/home/jone/ws_moveit/install/rviz_marker_tools:/home/jone/ws_moveit/install/rosparam_shortcuts:/home/jone/ws_moveit/install/moveit_task_constructor_msgs:/home/jone/ws_moveit/install/moveit_resources_prbt_support:/home/jone/ws_moveit/install/moveit_resources:/home/jone/ws_moveit/install/moveit_resources_pr2_description:/home/jone/ws_moveit/install/moveit_resources_panda_moveit_config:/home/jone/ws_moveit/install/moveit_resources_panda_description:/home/jone/ws_moveit/install/moveit_resources_fanuc_moveit_config:/home/jone/ws_moveit/install/moveit_resources_fanuc_description:/home/jone/ws_moveit/install/moveit_common:/opt/ros/humble CMAKE_PREFIX_PATH=/home/jone/ws_moveit/install/moveit_ros_planning:/home/jone/ws_moveit/install/moveit_ros_occupancy_map_monitor:/home/jone/ws_moveit/install/moveit_core:/home/jone/ws_moveit/install/moveit_resources_panda_moveit_config:/home/jone/ws_moveit/install/moveit_resources_fanuc_moveit_config:/home/jone/ws_moveit/install/srdfdom:/home/jone/ws_moveit/install/moveit_resources_pr2_description:/home/jone/ws_moveit/install/moveit_resources_panda_description:/home/jone/ws_moveit/install/moveit_resources_fanuc_description:/home/jone/ws_moveit/install/moveit_common:/home/jone/ws_moveit/install/pilz_industrial_motion_planner_testutils:/home/jone/ws_moveit/install/moveit_runtime:/home/jone/ws_moveit/install/moveit2_tutorials:/home/jone/ws_moveit/install/moveit:/home/jone/ws_moveit/install/moveit_planners:/home/jone/ws_moveit/install/pilz_industrial_motion_planner:/home/jone/ws_moveit/install/moveit_visual_tools:/home/jone/ws_moveit/install/moveit_task_constructor_visualization:/home/jone/ws_moveit/install/moveit_task_constructor_demo:/home/jone/ws_moveit/install/moveit_task_constructor_capabilities:/home/jone/ws_moveit/install/moveit_task_constructor_core:/home/jone/ws_moveit/install/moveit_ros_control_interface:/home/jone/ws_moveit/install/moveit_plugins:/home/jone/ws_moveit/install/moveit_simple_controller_manager:/home/jone/ws_moveit/install/moveit_setup_assistant:/home/jone/ws_moveit/install/moveit_setup_srdf_plugins:/home/jone/ws_moveit/install/moveit_setup_core_plugins:/home/jone/ws_moveit/install/moveit_setup_controllers:/home/jone/ws_moveit/install/moveit_setup_app_plugins:/home/jone/ws_moveit/install/moveit_setup_framework:/home/jone/ws_moveit/install/moveit_servo:/home/jone/ws_moveit/install/moveit_ros:/home/jone/ws_moveit/install/moveit_ros_visualization:/home/jone/ws_moveit/install/moveit_hybrid_planning:/home/jone/ws_moveit/install/moveit_ros_planning_interface:/home/jone/ws_moveit/install/moveit_ros_benchmarks:/home/jone/ws_moveit/install/moveit_ros_warehouse:/home/jone/ws_moveit/install/moveit_ros_robot_interaction:/home/jone/ws_moveit/install/moveit_ros_perception:/home/jone/ws_moveit/install/moveit_resources_prbt_pg70_support:/home/jone/ws_moveit/install/moveit_resources_prbt_moveit_config:/home/jone/ws_moveit/install/moveit_ros_move_group:/home/jone/ws_moveit/install/moveit_planners_ompl:/home/jone/ws_moveit/install/moveit_resources_prbt_ikfast_manipulator_plugin:/home/jone/ws_moveit/install/moveit_planners_chomp:/home/jone/ws_moveit/install/moveit_kinematics:/home/jone/ws_moveit/install/moveit_chomp_optimizer_adapter:/home/jone/ws_moveit/install/chomp_motion_planner:/home/jone/ws_moveit/install/rviz_marker_tools:/home/jone/ws_moveit/install/rosparam_shortcuts:/home/jone/ws_moveit/install/moveit_task_constructor_msgs:/home/jone/ws_moveit/install/moveit_resources_prbt_support:/home/jone/ws_moveit/install/moveit_resources:/home/jone/ws_moveit/install/moveit_configs_utils:/home/jone/ws_moveit/install/launch_param_builder:/opt/ros/humble LD_LIBRARY_PATH=/home/jone/ws_moveit/install/moveit_ros_planning/lib:/home/jone/ws_moveit/install/moveit_ros_occupancy_map_monitor/lib:/home/jone/ws_moveit/install/moveit_core/lib:/home/jone/ws_moveit/install/srdfdom/lib:/home/jone/ws_moveit/install/pilz_industrial_motion_planner_testutils/lib:/home/jone/ws_moveit/install/pilz_industrial_motion_planner/lib:/home/jone/ws_moveit/install/moveit_visual_tools/lib:/home/jone/ws_moveit/install/moveit_task_constructor_visualization/lib:/home/jone/ws_moveit/install/moveit_task_constructor_demo/lib:/home/jone/ws_moveit/install/moveit_task_constructor_capabilities/lib:/home/jone/ws_moveit/install/moveit_task_constructor_core/lib:/home/jone/ws_moveit/install/moveit_ros_control_interface/lib:/home/jone/ws_moveit/install/moveit_simple_controller_manager/lib:/home/jone/ws_moveit/install/moveit_setup_assistant/lib:/home/jone/ws_moveit/install/moveit_setup_srdf_plugins/lib:/home/jone/ws_moveit/install/moveit_setup_core_plugins/lib:/home/jone/ws_moveit/install/moveit_setup_controllers/lib:/home/jone/ws_moveit/install/moveit_setup_app_plugins/lib:/home/jone/ws_moveit/install/moveit_setup_framework/lib:/home/jone/ws_moveit/install/moveit_servo/lib:/home/jone/ws_moveit/install/moveit_ros_visualization/lib:/home/jone/ws_moveit/install/moveit_hybrid_planning/lib:/home/jone/ws_moveit/install/moveit_ros_planning_interface/lib:/home/jone/ws_moveit/install/moveit_ros_benchmarks/lib:/home/jone/ws_moveit/install/moveit_ros_warehouse/lib:/home/jone/ws_moveit/install/moveit_ros_robot_interaction/lib:/home/jone/ws_moveit/install/moveit_ros_perception/lib:/home/jone/ws_moveit/install/moveit_ros_move_group/lib:/home/jone/ws_moveit/install/moveit_planners_ompl/lib:/home/jone/ws_moveit/install/moveit_resources_prbt_ikfast_manipulator_plugin/lib:/home/jone/ws_moveit/install/moveit_planners_chomp/lib:/home/jone/ws_moveit/install/moveit_kinematics/lib:/home/jone/ws_moveit/install/moveit_chomp_optimizer_adapter/lib:/home/jone/ws_moveit/install/chomp_motion_planner/lib:/home/jone/ws_moveit/install/rviz_marker_tools/lib:/home/jone/ws_moveit/install/rosparam_shortcuts/lib:/home/jone/ws_moveit/install/moveit_task_constructor_msgs/lib:/opt/ros/humble/opt/rviz_ogre_vendor/lib:/opt/ros/humble/lib/x86_64-linux-gnu:/opt/ros/humble/lib:/usr/lib/x86_64-linux-gnu/gazebo-11/plugins:/usr/lib/x86_64-linux-gnu/gazebo-11/plugins:/usr/lib/x86_64-linux-gnu/gazebo-11/plugins PYTHONPATH=/home/jone/ws_moveit/install/moveit_configs_utils/lib/python3.10/site-packages:/home/jone/ws_moveit/install/launch_param_builder/lib/python3.10/site-packages:/home/jone/ws_moveit/install/moveit_task_constructor_core/local/lib/python3.10/dist-packages:/home/jone/ws_moveit/install/srdfdom/local/lib/python3.10/dist-packages:/home/jone/ws_moveit/install/moveit_task_constructor_msgs/local/lib/python3.10/dist-packages:/opt/ros/humble/lib/python3.10/site-packages:/opt/ros/humble/local/lib/python3.10/dist-packages /usr/bin/cmake --install /home/jone/ws_moveit/build/moveit_planners_ompl
[185.649s] Level 1:colcon.colcon_core.environment:create_environment_scripts_only(moveit_planners_ompl)
[185.649s] Level 1:colcon.colcon_core.environment:checking '/home/jone/ws_moveit/install/moveit_planners_ompl' for CMake module files
[185.649s] DEBUG:colcon.colcon_core.event_handler.log_command:Invoked command in '/home/jone/ws_moveit/build/moveit_planners_ompl' returned '0': AMENT_PREFIX_PATH=/home/jone/ws_moveit/install/moveit_configs_utils:/home/jone/ws_moveit/install/launch_param_builder:/home/jone/ws_moveit/install/pilz_industrial_motion_planner_testutils:/home/jone/ws_moveit/install/moveit_runtime:/home/jone/ws_moveit/install/moveit2_tutorials:/home/jone/ws_moveit/install/moveit:/home/jone/ws_moveit/install/moveit_planners:/home/jone/ws_moveit/install/pilz_industrial_motion_planner:/home/jone/ws_moveit/install/moveit_visual_tools:/home/jone/ws_moveit/install/moveit_task_constructor_visualization:/home/jone/ws_moveit/install/moveit_task_constructor_demo:/home/jone/ws_moveit/install/moveit_task_constructor_capabilities:/home/jone/ws_moveit/install/moveit_task_constructor_core:/home/jone/ws_moveit/install/moveit_ros_control_interface:/home/jone/ws_moveit/install/moveit_plugins:/home/jone/ws_moveit/install/moveit_simple_controller_manager:/home/jone/ws_moveit/install/moveit_setup_assistant:/home/jone/ws_moveit/install/moveit_setup_srdf_plugins:/home/jone/ws_moveit/install/moveit_setup_core_plugins:/home/jone/ws_moveit/install/moveit_setup_controllers:/home/jone/ws_moveit/install/moveit_setup_app_plugins:/home/jone/ws_moveit/install/moveit_setup_framework:/home/jone/ws_moveit/install/moveit_servo:/home/jone/ws_moveit/install/moveit_ros:/home/jone/ws_moveit/install/moveit_ros_visualization:/home/jone/ws_moveit/install/moveit_hybrid_planning:/home/jone/ws_moveit/install/moveit_ros_planning_interface:/home/jone/ws_moveit/install/moveit_ros_benchmarks:/home/jone/ws_moveit/install/moveit_ros_warehouse:/home/jone/ws_moveit/install/moveit_ros_robot_interaction:/home/jone/ws_moveit/install/moveit_ros_perception:/home/jone/ws_moveit/install/moveit_resources_prbt_pg70_support:/home/jone/ws_moveit/install/moveit_resources_prbt_moveit_config:/home/jone/ws_moveit/install/moveit_ros_move_group:/home/jone/ws_moveit/install/moveit_planners_ompl:/home/jone/ws_moveit/install/moveit_ros_planning:/home/jone/ws_moveit/install/moveit_ros_occupancy_map_monitor:/home/jone/ws_moveit/install/moveit_resources_prbt_ikfast_manipulator_plugin:/home/jone/ws_moveit/install/moveit_planners_chomp:/home/jone/ws_moveit/install/moveit_kinematics:/home/jone/ws_moveit/install/moveit_chomp_optimizer_adapter:/home/jone/ws_moveit/install/chomp_motion_planner:/home/jone/ws_moveit/install/moveit_core:/home/jone/ws_moveit/install/srdfdom:/home/jone/ws_moveit/install/rviz_marker_tools:/home/jone/ws_moveit/install/rosparam_shortcuts:/home/jone/ws_moveit/install/moveit_task_constructor_msgs:/home/jone/ws_moveit/install/moveit_resources_prbt_support:/home/jone/ws_moveit/install/moveit_resources:/home/jone/ws_moveit/install/moveit_resources_pr2_description:/home/jone/ws_moveit/install/moveit_resources_panda_moveit_config:/home/jone/ws_moveit/install/moveit_resources_panda_description:/home/jone/ws_moveit/install/moveit_resources_fanuc_moveit_config:/home/jone/ws_moveit/install/moveit_resources_fanuc_description:/home/jone/ws_moveit/install/moveit_common:/opt/ros/humble CMAKE_PREFIX_PATH=/home/jone/ws_moveit/install/moveit_ros_planning:/home/jone/ws_moveit/install/moveit_ros_occupancy_map_monitor:/home/jone/ws_moveit/install/moveit_core:/home/jone/ws_moveit/install/moveit_resources_panda_moveit_config:/home/jone/ws_moveit/install/moveit_resources_fanuc_moveit_config:/home/jone/ws_moveit/install/srdfdom:/home/jone/ws_moveit/install/moveit_resources_pr2_description:/home/jone/ws_moveit/install/moveit_resources_panda_description:/home/jone/ws_moveit/install/moveit_resources_fanuc_description:/home/jone/ws_moveit/install/moveit_common:/home/jone/ws_moveit/install/pilz_industrial_motion_planner_testutils:/home/jone/ws_moveit/install/moveit_runtime:/home/jone/ws_moveit/install/moveit2_tutorials:/home/jone/ws_moveit/install/moveit:/home/jone/ws_moveit/install/moveit_planners:/home/jone/ws_moveit/install/pilz_industrial_motion_planner:/home/jone/ws_moveit/install/moveit_visual_tools:/home/jone/ws_moveit/install/moveit_task_constructor_visualization:/home/jone/ws_moveit/install/moveit_task_constructor_demo:/home/jone/ws_moveit/install/moveit_task_constructor_capabilities:/home/jone/ws_moveit/install/moveit_task_constructor_core:/home/jone/ws_moveit/install/moveit_ros_control_interface:/home/jone/ws_moveit/install/moveit_plugins:/home/jone/ws_moveit/install/moveit_simple_controller_manager:/home/jone/ws_moveit/install/moveit_setup_assistant:/home/jone/ws_moveit/install/moveit_setup_srdf_plugins:/home/jone/ws_moveit/install/moveit_setup_core_plugins:/home/jone/ws_moveit/install/moveit_setup_controllers:/home/jone/ws_moveit/install/moveit_setup_app_plugins:/home/jone/ws_moveit/install/moveit_setup_framework:/home/jone/ws_moveit/install/moveit_servo:/home/jone/ws_moveit/install/moveit_ros:/home/jone/ws_moveit/install/moveit_ros_visualization:/home/jone/ws_moveit/install/moveit_hybrid_planning:/home/jone/ws_moveit/install/moveit_ros_planning_interface:/home/jone/ws_moveit/install/moveit_ros_benchmarks:/home/jone/ws_moveit/install/moveit_ros_warehouse:/home/jone/ws_moveit/install/moveit_ros_robot_interaction:/home/jone/ws_moveit/install/moveit_ros_perception:/home/jone/ws_moveit/install/moveit_resources_prbt_pg70_support:/home/jone/ws_moveit/install/moveit_resources_prbt_moveit_config:/home/jone/ws_moveit/install/moveit_ros_move_group:/home/jone/ws_moveit/install/moveit_planners_ompl:/home/jone/ws_moveit/install/moveit_resources_prbt_ikfast_manipulator_plugin:/home/jone/ws_moveit/install/moveit_planners_chomp:/home/jone/ws_moveit/install/moveit_kinematics:/home/jone/ws_moveit/install/moveit_chomp_optimizer_adapter:/home/jone/ws_moveit/install/chomp_motion_planner:/home/jone/ws_moveit/install/rviz_marker_tools:/home/jone/ws_moveit/install/rosparam_shortcuts:/home/jone/ws_moveit/install/moveit_task_constructor_msgs:/home/jone/ws_moveit/install/moveit_resources_prbt_support:/home/jone/ws_moveit/install/moveit_resources:/home/jone/ws_moveit/install/moveit_configs_utils:/home/jone/ws_moveit/install/launch_param_builder:/opt/ros/humble LD_LIBRARY_PATH=/home/jone/ws_moveit/install/moveit_ros_planning/lib:/home/jone/ws_moveit/install/moveit_ros_occupancy_map_monitor/lib:/home/jone/ws_moveit/install/moveit_core/lib:/home/jone/ws_moveit/install/srdfdom/lib:/home/jone/ws_moveit/install/pilz_industrial_motion_planner_testutils/lib:/home/jone/ws_moveit/install/pilz_industrial_motion_planner/lib:/home/jone/ws_moveit/install/moveit_visual_tools/lib:/home/jone/ws_moveit/install/moveit_task_constructor_visualization/lib:/home/jone/ws_moveit/install/moveit_task_constructor_demo/lib:/home/jone/ws_moveit/install/moveit_task_constructor_capabilities/lib:/home/jone/ws_moveit/install/moveit_task_constructor_core/lib:/home/jone/ws_moveit/install/moveit_ros_control_interface/lib:/home/jone/ws_moveit/install/moveit_simple_controller_manager/lib:/home/jone/ws_moveit/install/moveit_setup_assistant/lib:/home/jone/ws_moveit/install/moveit_setup_srdf_plugins/lib:/home/jone/ws_moveit/install/moveit_setup_core_plugins/lib:/home/jone/ws_moveit/install/moveit_setup_controllers/lib:/home/jone/ws_moveit/install/moveit_setup_app_plugins/lib:/home/jone/ws_moveit/install/moveit_setup_framework/lib:/home/jone/ws_moveit/install/moveit_servo/lib:/home/jone/ws_moveit/install/moveit_ros_visualization/lib:/home/jone/ws_moveit/install/moveit_hybrid_planning/lib:/home/jone/ws_moveit/install/moveit_ros_planning_interface/lib:/home/jone/ws_moveit/install/moveit_ros_benchmarks/lib:/home/jone/ws_moveit/install/moveit_ros_warehouse/lib:/home/jone/ws_moveit/install/moveit_ros_robot_interaction/lib:/home/jone/ws_moveit/install/moveit_ros_perception/lib:/home/jone/ws_moveit/install/moveit_ros_move_group/lib:/home/jone/ws_moveit/install/moveit_planners_ompl/lib:/home/jone/ws_moveit/install/moveit_resources_prbt_ikfast_manipulator_plugin/lib:/home/jone/ws_moveit/install/moveit_planners_chomp/lib:/home/jone/ws_moveit/install/moveit_kinematics/lib:/home/jone/ws_moveit/install/moveit_chomp_optimizer_adapter/lib:/home/jone/ws_moveit/install/chomp_motion_planner/lib:/home/jone/ws_moveit/install/rviz_marker_tools/lib:/home/jone/ws_moveit/install/rosparam_shortcuts/lib:/home/jone/ws_moveit/install/moveit_task_constructor_msgs/lib:/opt/ros/humble/opt/rviz_ogre_vendor/lib:/opt/ros/humble/lib/x86_64-linux-gnu:/opt/ros/humble/lib:/usr/lib/x86_64-linux-gnu/gazebo-11/plugins:/usr/lib/x86_64-linux-gnu/gazebo-11/plugins:/usr/lib/x86_64-linux-gnu/gazebo-11/plugins PYTHONPATH=/home/jone/ws_moveit/install/moveit_configs_utils/lib/python3.10/site-packages:/home/jone/ws_moveit/install/launch_param_builder/lib/python3.10/site-packages:/home/jone/ws_moveit/install/moveit_task_constructor_core/local/lib/python3.10/dist-packages:/home/jone/ws_moveit/install/srdfdom/local/lib/python3.10/dist-packages:/home/jone/ws_moveit/install/moveit_task_constructor_msgs/local/lib/python3.10/dist-packages:/opt/ros/humble/lib/python3.10/site-packages:/opt/ros/humble/local/lib/python3.10/dist-packages /usr/bin/cmake --install /home/jone/ws_moveit/build/moveit_planners_ompl
[185.650s] Level 1:colcon.colcon_core.environment:checking '/home/jone/ws_moveit/install/moveit_planners_ompl' for CMake config files
[185.650s] Level 1:colcon.colcon_core.shell:create_environment_hook('moveit_planners_ompl', 'cmake_prefix_path')
[185.650s] INFO:colcon.colcon_core.shell:Creating environment hook '/home/jone/ws_moveit/install/moveit_planners_ompl/share/moveit_planners_ompl/hook/cmake_prefix_path.ps1'
[185.650s] INFO:colcon.colcon_core.shell:Creating environment descriptor '/home/jone/ws_moveit/install/moveit_planners_ompl/share/moveit_planners_ompl/hook/cmake_prefix_path.dsv'
[185.651s] INFO:colcon.colcon_core.shell:Creating environment hook '/home/jone/ws_moveit/install/moveit_planners_ompl/share/moveit_planners_ompl/hook/cmake_prefix_path.sh'
[185.651s] Level 1:colcon.colcon_core.environment:checking '/home/jone/ws_moveit/install/moveit_planners_ompl/lib'
[185.651s] Level 1:colcon.colcon_core.shell:create_environment_hook('moveit_planners_ompl', 'ld_library_path_lib')
[185.651s] INFO:colcon.colcon_core.shell:Creating environment hook '/home/jone/ws_moveit/install/moveit_planners_ompl/share/moveit_planners_ompl/hook/ld_library_path_lib.ps1'
[185.652s] INFO:colcon.colcon_core.shell:Creating environment descriptor '/home/jone/ws_moveit/install/moveit_planners_ompl/share/moveit_planners_ompl/hook/ld_library_path_lib.dsv'
[185.652s] INFO:colcon.colcon_core.shell:Creating environment hook '/home/jone/ws_moveit/install/moveit_planners_ompl/share/moveit_planners_ompl/hook/ld_library_path_lib.sh'
[185.652s] Level 1:colcon.colcon_core.environment:checking '/home/jone/ws_moveit/install/moveit_planners_ompl/bin'
[185.652s] Level 1:colcon.colcon_core.environment:checking '/home/jone/ws_moveit/install/moveit_planners_ompl/lib/pkgconfig/moveit_planners_ompl.pc'
[185.652s] Level 1:colcon.colcon_core.environment:checking '/home/jone/ws_moveit/install/moveit_planners_ompl/lib/python3.10/site-packages'
[185.653s] Level 1:colcon.colcon_core.environment:checking '/home/jone/ws_moveit/install/moveit_planners_ompl/bin'
[185.653s] INFO:colcon.colcon_core.shell:Creating package script '/home/jone/ws_moveit/install/moveit_planners_ompl/share/moveit_planners_ompl/package.ps1'
[185.653s] INFO:colcon.colcon_core.shell:Creating package descriptor '/home/jone/ws_moveit/install/moveit_planners_ompl/share/moveit_planners_ompl/package.dsv'
[185.654s] INFO:colcon.colcon_core.shell:Creating package script '/home/jone/ws_moveit/install/moveit_planners_ompl/share/moveit_planners_ompl/package.sh'
[185.654s] INFO:colcon.colcon_core.shell:Creating package script '/home/jone/ws_moveit/install/moveit_planners_ompl/share/moveit_planners_ompl/package.bash'
[185.654s] INFO:colcon.colcon_core.shell:Creating package script '/home/jone/ws_moveit/install/moveit_planners_ompl/share/moveit_planners_ompl/package.zsh'
[185.654s] Level 1:colcon.colcon_core.environment:create_file_with_runtime_dependencies(/home/jone/ws_moveit/install/moveit_planners_ompl/share/colcon-core/packages/moveit_planners_ompl)
[185.655s] Level 1:colcon.colcon_core.environment:create_environment_scripts_only(moveit_planners_ompl)
[185.655s] Level 1:colcon.colcon_core.environment:checking '/home/jone/ws_moveit/install/moveit_planners_ompl' for CMake module files
[185.655s] Level 1:colcon.colcon_core.environment:checking '/home/jone/ws_moveit/install/moveit_planners_ompl' for CMake config files
[185.655s] Level 1:colcon.colcon_core.shell:create_environment_hook('moveit_planners_ompl', 'cmake_prefix_path')
[185.656s] INFO:colcon.colcon_core.shell:Creating environment hook '/home/jone/ws_moveit/install/moveit_planners_ompl/share/moveit_planners_ompl/hook/cmake_prefix_path.ps1'
[185.656s] INFO:colcon.colcon_core.shell:Creating environment descriptor '/home/jone/ws_moveit/install/moveit_planners_ompl/share/moveit_planners_ompl/hook/cmake_prefix_path.dsv'
[185.656s] INFO:colcon.colcon_core.shell:Creating environment hook '/home/jone/ws_moveit/install/moveit_planners_ompl/share/moveit_planners_ompl/hook/cmake_prefix_path.sh'
[185.657s] Level 1:colcon.colcon_core.environment:checking '/home/jone/ws_moveit/install/moveit_planners_ompl/lib'
[185.657s] Level 1:colcon.colcon_core.shell:create_environment_hook('moveit_planners_ompl', 'ld_library_path_lib')
[185.657s] INFO:colcon.colcon_core.shell:Creating environment hook '/home/jone/ws_moveit/install/moveit_planners_ompl/share/moveit_planners_ompl/hook/ld_library_path_lib.ps1'
[185.657s] INFO:colcon.colcon_core.shell:Creating environment descriptor '/home/jone/ws_moveit/install/moveit_planners_ompl/share/moveit_planners_ompl/hook/ld_library_path_lib.dsv'
[185.657s] INFO:colcon.colcon_core.shell:Creating environment hook '/home/jone/ws_moveit/install/moveit_planners_ompl/share/moveit_planners_ompl/hook/ld_library_path_lib.sh'
[185.657s] Level 1:colcon.colcon_core.environment:checking '/home/jone/ws_moveit/install/moveit_planners_ompl/bin'
[185.658s] Level 1:colcon.colcon_core.environment:checking '/home/jone/ws_moveit/install/moveit_planners_ompl/lib/pkgconfig/moveit_planners_ompl.pc'
[185.658s] Level 1:colcon.colcon_core.environment:checking '/home/jone/ws_moveit/install/moveit_planners_ompl/lib/python3.10/site-packages'
[185.658s] Level 1:colcon.colcon_core.environment:checking '/home/jone/ws_moveit/install/moveit_planners_ompl/bin'
[185.658s] INFO:colcon.colcon_core.shell:Creating package script '/home/jone/ws_moveit/install/moveit_planners_ompl/share/moveit_planners_ompl/package.ps1'
[185.658s] INFO:colcon.colcon_core.shell:Creating package descriptor '/home/jone/ws_moveit/install/moveit_planners_ompl/share/moveit_planners_ompl/package.dsv'
[185.659s] INFO:colcon.colcon_core.shell:Creating package script '/home/jone/ws_moveit/install/moveit_planners_ompl/share/moveit_planners_ompl/package.sh'
[185.659s] INFO:colcon.colcon_core.shell:Creating package script '/home/jone/ws_moveit/install/moveit_planners_ompl/share/moveit_planners_ompl/package.bash'
[185.659s] INFO:colcon.colcon_core.shell:Creating package script '/home/jone/ws_moveit/install/moveit_planners_ompl/share/moveit_planners_ompl/package.zsh'
[185.660s] Level 1:colcon.colcon_core.environment:create_file_with_runtime_dependencies(/home/jone/ws_moveit/install/moveit_planners_ompl/share/colcon-core/packages/moveit_planners_ompl)
[185.660s] DEBUG:colcon.colcon_core.executor.sequential:run_until_complete 'moveit_planners_ompl' finished with '0'
[185.660s] DEBUG:colcon.colcon_core.executor.sequential:run_until_complete 'moveit_ros_perception'
[185.660s] INFO:colcon.colcon_ros.task.ament_cmake.build:Building ROS package in '/home/jone/ws_moveit/src/moveit2/moveit_ros/perception' with build type 'ament_cmake'
[185.660s] INFO:colcon.colcon_cmake.task.cmake.build:Building CMake package in '/home/jone/ws_moveit/src/moveit2/moveit_ros/perception'
[185.660s] INFO:colcon.colcon_core.shell:Skip shell extension 'powershell' for command environment: Not usable outside of PowerShell
[185.660s] DEBUG:colcon.colcon_core.shell:Skip shell extension 'dsv' for command environment
[185.693s] DEBUG:colcon.colcon_core.event_handler.log_command:Invoking command in '/home/jone/ws_moveit/build/moveit_ros_perception': AMENT_PREFIX_PATH=/home/jone/ws_moveit/install/moveit_configs_utils:/home/jone/ws_moveit/install/launch_param_builder:/home/jone/ws_moveit/install/pilz_industrial_motion_planner_testutils:/home/jone/ws_moveit/install/moveit_runtime:/home/jone/ws_moveit/install/moveit2_tutorials:/home/jone/ws_moveit/install/moveit:/home/jone/ws_moveit/install/moveit_planners:/home/jone/ws_moveit/install/pilz_industrial_motion_planner:/home/jone/ws_moveit/install/moveit_visual_tools:/home/jone/ws_moveit/install/moveit_task_constructor_visualization:/home/jone/ws_moveit/install/moveit_task_constructor_demo:/home/jone/ws_moveit/install/moveit_task_constructor_capabilities:/home/jone/ws_moveit/install/moveit_task_constructor_core:/home/jone/ws_moveit/install/moveit_ros_control_interface:/home/jone/ws_moveit/install/moveit_plugins:/home/jone/ws_moveit/install/moveit_simple_controller_manager:/home/jone/ws_moveit/install/moveit_setup_assistant:/home/jone/ws_moveit/install/moveit_setup_srdf_plugins:/home/jone/ws_moveit/install/moveit_setup_core_plugins:/home/jone/ws_moveit/install/moveit_setup_controllers:/home/jone/ws_moveit/install/moveit_setup_app_plugins:/home/jone/ws_moveit/install/moveit_setup_framework:/home/jone/ws_moveit/install/moveit_servo:/home/jone/ws_moveit/install/moveit_ros:/home/jone/ws_moveit/install/moveit_ros_visualization:/home/jone/ws_moveit/install/moveit_hybrid_planning:/home/jone/ws_moveit/install/moveit_ros_planning_interface:/home/jone/ws_moveit/install/moveit_ros_benchmarks:/home/jone/ws_moveit/install/moveit_ros_warehouse:/home/jone/ws_moveit/install/moveit_ros_robot_interaction:/home/jone/ws_moveit/install/moveit_ros_perception:/home/jone/ws_moveit/install/moveit_resources_prbt_pg70_support:/home/jone/ws_moveit/install/moveit_resources_prbt_moveit_config:/home/jone/ws_moveit/install/moveit_ros_move_group:/home/jone/ws_moveit/install/moveit_planners_ompl:/home/jone/ws_moveit/install/moveit_ros_planning:/home/jone/ws_moveit/install/moveit_ros_occupancy_map_monitor:/home/jone/ws_moveit/install/moveit_resources_prbt_ikfast_manipulator_plugin:/home/jone/ws_moveit/install/moveit_planners_chomp:/home/jone/ws_moveit/install/moveit_kinematics:/home/jone/ws_moveit/install/moveit_chomp_optimizer_adapter:/home/jone/ws_moveit/install/chomp_motion_planner:/home/jone/ws_moveit/install/moveit_core:/home/jone/ws_moveit/install/srdfdom:/home/jone/ws_moveit/install/rviz_marker_tools:/home/jone/ws_moveit/install/rosparam_shortcuts:/home/jone/ws_moveit/install/moveit_task_constructor_msgs:/home/jone/ws_moveit/install/moveit_resources_prbt_support:/home/jone/ws_moveit/install/moveit_resources:/home/jone/ws_moveit/install/moveit_resources_pr2_description:/home/jone/ws_moveit/install/moveit_resources_panda_moveit_config:/home/jone/ws_moveit/install/moveit_resources_panda_description:/home/jone/ws_moveit/install/moveit_resources_fanuc_moveit_config:/home/jone/ws_moveit/install/moveit_resources_fanuc_description:/home/jone/ws_moveit/install/moveit_common:/opt/ros/humble CMAKE_PREFIX_PATH=/home/jone/ws_moveit/install/moveit_ros_planning:/home/jone/ws_moveit/install/moveit_ros_occupancy_map_monitor:/home/jone/ws_moveit/install/moveit_core:/home/jone/ws_moveit/install/moveit_resources_panda_moveit_config:/home/jone/ws_moveit/install/srdfdom:/home/jone/ws_moveit/install/moveit_resources_pr2_description:/home/jone/ws_moveit/install/moveit_resources_panda_description:/home/jone/ws_moveit/install/moveit_common:/home/jone/ws_moveit/install/pilz_industrial_motion_planner_testutils:/home/jone/ws_moveit/install/moveit_runtime:/home/jone/ws_moveit/install/moveit2_tutorials:/home/jone/ws_moveit/install/moveit:/home/jone/ws_moveit/install/moveit_planners:/home/jone/ws_moveit/install/pilz_industrial_motion_planner:/home/jone/ws_moveit/install/moveit_visual_tools:/home/jone/ws_moveit/install/moveit_task_constructor_visualization:/home/jone/ws_moveit/install/moveit_task_constructor_demo:/home/jone/ws_moveit/install/moveit_task_constructor_capabilities:/home/jone/ws_moveit/install/moveit_task_constructor_core:/home/jone/ws_moveit/install/moveit_ros_control_interface:/home/jone/ws_moveit/install/moveit_plugins:/home/jone/ws_moveit/install/moveit_simple_controller_manager:/home/jone/ws_moveit/install/moveit_setup_assistant:/home/jone/ws_moveit/install/moveit_setup_srdf_plugins:/home/jone/ws_moveit/install/moveit_setup_core_plugins:/home/jone/ws_moveit/install/moveit_setup_controllers:/home/jone/ws_moveit/install/moveit_setup_app_plugins:/home/jone/ws_moveit/install/moveit_setup_framework:/home/jone/ws_moveit/install/moveit_servo:/home/jone/ws_moveit/install/moveit_ros:/home/jone/ws_moveit/install/moveit_ros_visualization:/home/jone/ws_moveit/install/moveit_hybrid_planning:/home/jone/ws_moveit/install/moveit_ros_planning_interface:/home/jone/ws_moveit/install/moveit_ros_benchmarks:/home/jone/ws_moveit/install/moveit_ros_warehouse:/home/jone/ws_moveit/install/moveit_ros_robot_interaction:/home/jone/ws_moveit/install/moveit_ros_perception:/home/jone/ws_moveit/install/moveit_resources_prbt_pg70_support:/home/jone/ws_moveit/install/moveit_resources_prbt_moveit_config:/home/jone/ws_moveit/install/moveit_ros_move_group:/home/jone/ws_moveit/install/moveit_planners_ompl:/home/jone/ws_moveit/install/moveit_resources_prbt_ikfast_manipulator_plugin:/home/jone/ws_moveit/install/moveit_planners_chomp:/home/jone/ws_moveit/install/moveit_kinematics:/home/jone/ws_moveit/install/moveit_chomp_optimizer_adapter:/home/jone/ws_moveit/install/chomp_motion_planner:/home/jone/ws_moveit/install/rviz_marker_tools:/home/jone/ws_moveit/install/rosparam_shortcuts:/home/jone/ws_moveit/install/moveit_task_constructor_msgs:/home/jone/ws_moveit/install/moveit_resources_prbt_support:/home/jone/ws_moveit/install/moveit_resources:/home/jone/ws_moveit/install/moveit_resources_fanuc_moveit_config:/home/jone/ws_moveit/install/moveit_resources_fanuc_description:/home/jone/ws_moveit/install/moveit_configs_utils:/home/jone/ws_moveit/install/launch_param_builder:/opt/ros/humble LD_LIBRARY_PATH=/home/jone/ws_moveit/install/moveit_ros_planning/lib:/home/jone/ws_moveit/install/moveit_ros_occupancy_map_monitor/lib:/home/jone/ws_moveit/install/moveit_core/lib:/home/jone/ws_moveit/install/srdfdom/lib:/home/jone/ws_moveit/install/pilz_industrial_motion_planner_testutils/lib:/home/jone/ws_moveit/install/pilz_industrial_motion_planner/lib:/home/jone/ws_moveit/install/moveit_visual_tools/lib:/home/jone/ws_moveit/install/moveit_task_constructor_visualization/lib:/home/jone/ws_moveit/install/moveit_task_constructor_demo/lib:/home/jone/ws_moveit/install/moveit_task_constructor_capabilities/lib:/home/jone/ws_moveit/install/moveit_task_constructor_core/lib:/home/jone/ws_moveit/install/moveit_ros_control_interface/lib:/home/jone/ws_moveit/install/moveit_simple_controller_manager/lib:/home/jone/ws_moveit/install/moveit_setup_assistant/lib:/home/jone/ws_moveit/install/moveit_setup_srdf_plugins/lib:/home/jone/ws_moveit/install/moveit_setup_core_plugins/lib:/home/jone/ws_moveit/install/moveit_setup_controllers/lib:/home/jone/ws_moveit/install/moveit_setup_app_plugins/lib:/home/jone/ws_moveit/install/moveit_setup_framework/lib:/home/jone/ws_moveit/install/moveit_servo/lib:/home/jone/ws_moveit/install/moveit_ros_visualization/lib:/home/jone/ws_moveit/install/moveit_hybrid_planning/lib:/home/jone/ws_moveit/install/moveit_ros_planning_interface/lib:/home/jone/ws_moveit/install/moveit_ros_benchmarks/lib:/home/jone/ws_moveit/install/moveit_ros_warehouse/lib:/home/jone/ws_moveit/install/moveit_ros_robot_interaction/lib:/home/jone/ws_moveit/install/moveit_ros_perception/lib:/home/jone/ws_moveit/install/moveit_ros_move_group/lib:/home/jone/ws_moveit/install/moveit_planners_ompl/lib:/home/jone/ws_moveit/install/moveit_resources_prbt_ikfast_manipulator_plugin/lib:/home/jone/ws_moveit/install/moveit_planners_chomp/lib:/home/jone/ws_moveit/install/moveit_kinematics/lib:/home/jone/ws_moveit/install/moveit_chomp_optimizer_adapter/lib:/home/jone/ws_moveit/install/chomp_motion_planner/lib:/home/jone/ws_moveit/install/rviz_marker_tools/lib:/home/jone/ws_moveit/install/rosparam_shortcuts/lib:/home/jone/ws_moveit/install/moveit_task_constructor_msgs/lib:/opt/ros/humble/opt/rviz_ogre_vendor/lib:/opt/ros/humble/lib/x86_64-linux-gnu:/opt/ros/humble/lib:/usr/lib/x86_64-linux-gnu/gazebo-11/plugins:/usr/lib/x86_64-linux-gnu/gazebo-11/plugins:/usr/lib/x86_64-linux-gnu/gazebo-11/plugins PYTHONPATH=/home/jone/ws_moveit/install/moveit_configs_utils/lib/python3.10/site-packages:/home/jone/ws_moveit/install/launch_param_builder/lib/python3.10/site-packages:/home/jone/ws_moveit/install/moveit_task_constructor_core/local/lib/python3.10/dist-packages:/home/jone/ws_moveit/install/srdfdom/local/lib/python3.10/dist-packages:/home/jone/ws_moveit/install/moveit_task_constructor_msgs/local/lib/python3.10/dist-packages:/opt/ros/humble/lib/python3.10/site-packages:/opt/ros/humble/local/lib/python3.10/dist-packages /usr/bin/cmake --build /home/jone/ws_moveit/build/moveit_ros_perception
[203.134s] DEBUG:colcon.colcon_core.executor.sequential:run_until_complete 'moveit_ros_perception' was interrupted
[203.134s] DEBUG:colcon.colcon_core.executor.sequential:run_until_complete 'moveit_ros_perception' again
[203.163s] DEBUG:colcon.colcon_core.event_handler.log_command:Invoked command in '/home/jone/ws_moveit/build/moveit_ros_perception' returned '-2': AMENT_PREFIX_PATH=/home/jone/ws_moveit/install/moveit_configs_utils:/home/jone/ws_moveit/install/launch_param_builder:/home/jone/ws_moveit/install/pilz_industrial_motion_planner_testutils:/home/jone/ws_moveit/install/moveit_runtime:/home/jone/ws_moveit/install/moveit2_tutorials:/home/jone/ws_moveit/install/moveit:/home/jone/ws_moveit/install/moveit_planners:/home/jone/ws_moveit/install/pilz_industrial_motion_planner:/home/jone/ws_moveit/install/moveit_visual_tools:/home/jone/ws_moveit/install/moveit_task_constructor_visualization:/home/jone/ws_moveit/install/moveit_task_constructor_demo:/home/jone/ws_moveit/install/moveit_task_constructor_capabilities:/home/jone/ws_moveit/install/moveit_task_constructor_core:/home/jone/ws_moveit/install/moveit_ros_control_interface:/home/jone/ws_moveit/install/moveit_plugins:/home/jone/ws_moveit/install/moveit_simple_controller_manager:/home/jone/ws_moveit/install/moveit_setup_assistant:/home/jone/ws_moveit/install/moveit_setup_srdf_plugins:/home/jone/ws_moveit/install/moveit_setup_core_plugins:/home/jone/ws_moveit/install/moveit_setup_controllers:/home/jone/ws_moveit/install/moveit_setup_app_plugins:/home/jone/ws_moveit/install/moveit_setup_framework:/home/jone/ws_moveit/install/moveit_servo:/home/jone/ws_moveit/install/moveit_ros:/home/jone/ws_moveit/install/moveit_ros_visualization:/home/jone/ws_moveit/install/moveit_hybrid_planning:/home/jone/ws_moveit/install/moveit_ros_planning_interface:/home/jone/ws_moveit/install/moveit_ros_benchmarks:/home/jone/ws_moveit/install/moveit_ros_warehouse:/home/jone/ws_moveit/install/moveit_ros_robot_interaction:/home/jone/ws_moveit/install/moveit_ros_perception:/home/jone/ws_moveit/install/moveit_resources_prbt_pg70_support:/home/jone/ws_moveit/install/moveit_resources_prbt_moveit_config:/home/jone/ws_moveit/install/moveit_ros_move_group:/home/jone/ws_moveit/install/moveit_planners_ompl:/home/jone/ws_moveit/install/moveit_ros_planning:/home/jone/ws_moveit/install/moveit_ros_occupancy_map_monitor:/home/jone/ws_moveit/install/moveit_resources_prbt_ikfast_manipulator_plugin:/home/jone/ws_moveit/install/moveit_planners_chomp:/home/jone/ws_moveit/install/moveit_kinematics:/home/jone/ws_moveit/install/moveit_chomp_optimizer_adapter:/home/jone/ws_moveit/install/chomp_motion_planner:/home/jone/ws_moveit/install/moveit_core:/home/jone/ws_moveit/install/srdfdom:/home/jone/ws_moveit/install/rviz_marker_tools:/home/jone/ws_moveit/install/rosparam_shortcuts:/home/jone/ws_moveit/install/moveit_task_constructor_msgs:/home/jone/ws_moveit/install/moveit_resources_prbt_support:/home/jone/ws_moveit/install/moveit_resources:/home/jone/ws_moveit/install/moveit_resources_pr2_description:/home/jone/ws_moveit/install/moveit_resources_panda_moveit_config:/home/jone/ws_moveit/install/moveit_resources_panda_description:/home/jone/ws_moveit/install/moveit_resources_fanuc_moveit_config:/home/jone/ws_moveit/install/moveit_resources_fanuc_description:/home/jone/ws_moveit/install/moveit_common:/opt/ros/humble CMAKE_PREFIX_PATH=/home/jone/ws_moveit/install/moveit_ros_planning:/home/jone/ws_moveit/install/moveit_ros_occupancy_map_monitor:/home/jone/ws_moveit/install/moveit_core:/home/jone/ws_moveit/install/moveit_resources_panda_moveit_config:/home/jone/ws_moveit/install/srdfdom:/home/jone/ws_moveit/install/moveit_resources_pr2_description:/home/jone/ws_moveit/install/moveit_resources_panda_description:/home/jone/ws_moveit/install/moveit_common:/home/jone/ws_moveit/install/pilz_industrial_motion_planner_testutils:/home/jone/ws_moveit/install/moveit_runtime:/home/jone/ws_moveit/install/moveit2_tutorials:/home/jone/ws_moveit/install/moveit:/home/jone/ws_moveit/install/moveit_planners:/home/jone/ws_moveit/install/pilz_industrial_motion_planner:/home/jone/ws_moveit/install/moveit_visual_tools:/home/jone/ws_moveit/install/moveit_task_constructor_visualization:/home/jone/ws_moveit/install/moveit_task_constructor_demo:/home/jone/ws_moveit/install/moveit_task_constructor_capabilities:/home/jone/ws_moveit/install/moveit_task_constructor_core:/home/jone/ws_moveit/install/moveit_ros_control_interface:/home/jone/ws_moveit/install/moveit_plugins:/home/jone/ws_moveit/install/moveit_simple_controller_manager:/home/jone/ws_moveit/install/moveit_setup_assistant:/home/jone/ws_moveit/install/moveit_setup_srdf_plugins:/home/jone/ws_moveit/install/moveit_setup_core_plugins:/home/jone/ws_moveit/install/moveit_setup_controllers:/home/jone/ws_moveit/install/moveit_setup_app_plugins:/home/jone/ws_moveit/install/moveit_setup_framework:/home/jone/ws_moveit/install/moveit_servo:/home/jone/ws_moveit/install/moveit_ros:/home/jone/ws_moveit/install/moveit_ros_visualization:/home/jone/ws_moveit/install/moveit_hybrid_planning:/home/jone/ws_moveit/install/moveit_ros_planning_interface:/home/jone/ws_moveit/install/moveit_ros_benchmarks:/home/jone/ws_moveit/install/moveit_ros_warehouse:/home/jone/ws_moveit/install/moveit_ros_robot_interaction:/home/jone/ws_moveit/install/moveit_ros_perception:/home/jone/ws_moveit/install/moveit_resources_prbt_pg70_support:/home/jone/ws_moveit/install/moveit_resources_prbt_moveit_config:/home/jone/ws_moveit/install/moveit_ros_move_group:/home/jone/ws_moveit/install/moveit_planners_ompl:/home/jone/ws_moveit/install/moveit_resources_prbt_ikfast_manipulator_plugin:/home/jone/ws_moveit/install/moveit_planners_chomp:/home/jone/ws_moveit/install/moveit_kinematics:/home/jone/ws_moveit/install/moveit_chomp_optimizer_adapter:/home/jone/ws_moveit/install/chomp_motion_planner:/home/jone/ws_moveit/install/rviz_marker_tools:/home/jone/ws_moveit/install/rosparam_shortcuts:/home/jone/ws_moveit/install/moveit_task_constructor_msgs:/home/jone/ws_moveit/install/moveit_resources_prbt_support:/home/jone/ws_moveit/install/moveit_resources:/home/jone/ws_moveit/install/moveit_resources_fanuc_moveit_config:/home/jone/ws_moveit/install/moveit_resources_fanuc_description:/home/jone/ws_moveit/install/moveit_configs_utils:/home/jone/ws_moveit/install/launch_param_builder:/opt/ros/humble LD_LIBRARY_PATH=/home/jone/ws_moveit/install/moveit_ros_planning/lib:/home/jone/ws_moveit/install/moveit_ros_occupancy_map_monitor/lib:/home/jone/ws_moveit/install/moveit_core/lib:/home/jone/ws_moveit/install/srdfdom/lib:/home/jone/ws_moveit/install/pilz_industrial_motion_planner_testutils/lib:/home/jone/ws_moveit/install/pilz_industrial_motion_planner/lib:/home/jone/ws_moveit/install/moveit_visual_tools/lib:/home/jone/ws_moveit/install/moveit_task_constructor_visualization/lib:/home/jone/ws_moveit/install/moveit_task_constructor_demo/lib:/home/jone/ws_moveit/install/moveit_task_constructor_capabilities/lib:/home/jone/ws_moveit/install/moveit_task_constructor_core/lib:/home/jone/ws_moveit/install/moveit_ros_control_interface/lib:/home/jone/ws_moveit/install/moveit_simple_controller_manager/lib:/home/jone/ws_moveit/install/moveit_setup_assistant/lib:/home/jone/ws_moveit/install/moveit_setup_srdf_plugins/lib:/home/jone/ws_moveit/install/moveit_setup_core_plugins/lib:/home/jone/ws_moveit/install/moveit_setup_controllers/lib:/home/jone/ws_moveit/install/moveit_setup_app_plugins/lib:/home/jone/ws_moveit/install/moveit_setup_framework/lib:/home/jone/ws_moveit/install/moveit_servo/lib:/home/jone/ws_moveit/install/moveit_ros_visualization/lib:/home/jone/ws_moveit/install/moveit_hybrid_planning/lib:/home/jone/ws_moveit/install/moveit_ros_planning_interface/lib:/home/jone/ws_moveit/install/moveit_ros_benchmarks/lib:/home/jone/ws_moveit/install/moveit_ros_warehouse/lib:/home/jone/ws_moveit/install/moveit_ros_robot_interaction/lib:/home/jone/ws_moveit/install/moveit_ros_perception/lib:/home/jone/ws_moveit/install/moveit_ros_move_group/lib:/home/jone/ws_moveit/install/moveit_planners_ompl/lib:/home/jone/ws_moveit/install/moveit_resources_prbt_ikfast_manipulator_plugin/lib:/home/jone/ws_moveit/install/moveit_planners_chomp/lib:/home/jone/ws_moveit/install/moveit_kinematics/lib:/home/jone/ws_moveit/install/moveit_chomp_optimizer_adapter/lib:/home/jone/ws_moveit/install/chomp_motion_planner/lib:/home/jone/ws_moveit/install/rviz_marker_tools/lib:/home/jone/ws_moveit/install/rosparam_shortcuts/lib:/home/jone/ws_moveit/install/moveit_task_constructor_msgs/lib:/opt/ros/humble/opt/rviz_ogre_vendor/lib:/opt/ros/humble/lib/x86_64-linux-gnu:/opt/ros/humble/lib:/usr/lib/x86_64-linux-gnu/gazebo-11/plugins:/usr/lib/x86_64-linux-gnu/gazebo-11/plugins:/usr/lib/x86_64-linux-gnu/gazebo-11/plugins PYTHONPATH=/home/jone/ws_moveit/install/moveit_configs_utils/lib/python3.10/site-packages:/home/jone/ws_moveit/install/launch_param_builder/lib/python3.10/site-packages:/home/jone/ws_moveit/install/moveit_task_constructor_core/local/lib/python3.10/dist-packages:/home/jone/ws_moveit/install/srdfdom/local/lib/python3.10/dist-packages:/home/jone/ws_moveit/install/moveit_task_constructor_msgs/local/lib/python3.10/dist-packages:/opt/ros/humble/lib/python3.10/site-packages:/opt/ros/humble/local/lib/python3.10/dist-packages /usr/bin/cmake --build /home/jone/ws_moveit/build/moveit_ros_perception
[203.164s] Level 1:colcon.colcon_core.environment:create_environment_scripts_only(moveit_ros_perception)
[203.164s] Level 1:colcon.colcon_core.environment:checking '/home/jone/ws_moveit/install/moveit_ros_perception' for CMake module files
[203.165s] Level 1:colcon.colcon_core.environment:checking '/home/jone/ws_moveit/install/moveit_ros_perception' for CMake config files
[203.167s] Level 1:colcon.colcon_core.shell:create_environment_hook('moveit_ros_perception', 'cmake_prefix_path')
[203.167s] INFO:colcon.colcon_core.shell:Creating environment hook '/home/jone/ws_moveit/install/moveit_ros_perception/share/moveit_ros_perception/hook/cmake_prefix_path.ps1'
[203.168s] INFO:colcon.colcon_core.shell:Creating environment descriptor '/home/jone/ws_moveit/install/moveit_ros_perception/share/moveit_ros_perception/hook/cmake_prefix_path.dsv'
[203.168s] INFO:colcon.colcon_core.shell:Creating environment hook '/home/jone/ws_moveit/install/moveit_ros_perception/share/moveit_ros_perception/hook/cmake_prefix_path.sh'
[203.168s] Level 1:colcon.colcon_core.environment:checking '/home/jone/ws_moveit/install/moveit_ros_perception/lib'
[203.169s] Level 1:colcon.colcon_core.shell:create_environment_hook('moveit_ros_perception', 'ld_library_path_lib')
[203.169s] INFO:colcon.colcon_core.shell:Creating environment hook '/home/jone/ws_moveit/install/moveit_ros_perception/share/moveit_ros_perception/hook/ld_library_path_lib.ps1'
[203.169s] INFO:colcon.colcon_core.shell:Creating environment descriptor '/home/jone/ws_moveit/install/moveit_ros_perception/share/moveit_ros_perception/hook/ld_library_path_lib.dsv'
[203.169s] INFO:colcon.colcon_core.shell:Creating environment hook '/home/jone/ws_moveit/install/moveit_ros_perception/share/moveit_ros_perception/hook/ld_library_path_lib.sh'
[203.170s] Level 1:colcon.colcon_core.environment:checking '/home/jone/ws_moveit/install/moveit_ros_perception/bin'
[203.170s] Level 1:colcon.colcon_core.environment:checking '/home/jone/ws_moveit/install/moveit_ros_perception/lib/pkgconfig/moveit_ros_perception.pc'
[203.170s] Level 1:colcon.colcon_core.environment:checking '/home/jone/ws_moveit/install/moveit_ros_perception/lib/python3.10/site-packages'
[203.170s] Level 1:colcon.colcon_core.environment:checking '/home/jone/ws_moveit/install/moveit_ros_perception/bin'
[203.170s] INFO:colcon.colcon_core.shell:Creating package script '/home/jone/ws_moveit/install/moveit_ros_perception/share/moveit_ros_perception/package.ps1'
[203.171s] INFO:colcon.colcon_core.shell:Creating package descriptor '/home/jone/ws_moveit/install/moveit_ros_perception/share/moveit_ros_perception/package.dsv'
[203.171s] INFO:colcon.colcon_core.shell:Creating package script '/home/jone/ws_moveit/install/moveit_ros_perception/share/moveit_ros_perception/package.sh'
[203.171s] INFO:colcon.colcon_core.shell:Creating package script '/home/jone/ws_moveit/install/moveit_ros_perception/share/moveit_ros_perception/package.bash'
[203.172s] INFO:colcon.colcon_core.shell:Creating package script '/home/jone/ws_moveit/install/moveit_ros_perception/share/moveit_ros_perception/package.zsh'
[203.172s] Level 1:colcon.colcon_core.environment:create_file_with_runtime_dependencies(/home/jone/ws_moveit/install/moveit_ros_perception/share/colcon-core/packages/moveit_ros_perception)
[203.172s] DEBUG:colcon.colcon_core.executor.sequential:run_until_complete 'moveit_ros_perception' finished
[203.172s] DEBUG:colcon.colcon_core.executor.sequential:closing loop
[203.172s] DEBUG:colcon.colcon_core.executor.sequential:loop closed
[203.173s] DEBUG:colcon.colcon_core.event_reactor:joining thread
[203.178s] INFO:colcon.colcon_core.plugin_system:Skipping extension 'colcon_notification.desktop_notification.terminal_notifier': Not used on non-Darwin systems
[203.178s] INFO:colcon.colcon_core.plugin_system:Skipping extension 'colcon_notification.desktop_notification.win32': Not used on non-Windows systems
[203.178s] INFO:colcon.colcon_notification.desktop_notification:Sending desktop notification using 'notify2'
[203.187s] DEBUG:colcon.colcon_core.event_reactor:joined thread
[203.187s] INFO:colcon.colcon_core.shell:Creating prefix script '/home/jone/ws_moveit/install/local_setup.ps1'
[203.188s] INFO:colcon.colcon_core.shell:Creating prefix util module '/home/jone/ws_moveit/install/_local_setup_util_ps1.py'
[203.189s] INFO:colcon.colcon_core.shell:Creating prefix chain script '/home/jone/ws_moveit/install/setup.ps1'
[203.192s] INFO:colcon.colcon_core.shell:Creating prefix script '/home/jone/ws_moveit/install/local_setup.sh'
[203.192s] INFO:colcon.colcon_core.shell:Creating prefix util module '/home/jone/ws_moveit/install/_local_setup_util_sh.py'
[203.193s] INFO:colcon.colcon_core.shell:Creating prefix chain script '/home/jone/ws_moveit/install/setup.sh'
[203.196s] INFO:colcon.colcon_core.shell:Creating prefix script '/home/jone/ws_moveit/install/local_setup.bash'
[203.196s] INFO:colcon.colcon_core.shell:Creating prefix chain script '/home/jone/ws_moveit/install/setup.bash'
[203.199s] INFO:colcon.colcon_core.shell:Creating prefix script '/home/jone/ws_moveit/install/local_setup.zsh'
[203.199s] INFO:colcon.colcon_core.shell:Creating prefix chain script '/home/jone/ws_moveit/install/setup.zsh'
